day,k,order,rep,acf_mean_2_30,tau_int,cost_thr,nfac_thr,cost_mey,nfac_mey,cost_trust,nfac_trust
1,0,real,0,0.0511761242140409,1.4403670185549333,2172.2075624982645,6.25,1090.9233472027836,58.75,1002.1329799867162,53.583333333333336
1,0,phi-0.60,0,0.0028084132358602363,1.0,2164.4695430170086,6.333333333333333,1090.7317799572172,58.083333333333336,996.3590512320233,53.666666666666664
1,0,phi-0.60,1,0.005191824391398035,1.0,2161.3620305793042,6.333333333333333,1057.2753417751337,58.083333333333336,1005.5135805843917,54.25
1,0,phi-0.60,2,0.007061440338443691,1.0,2381.8975083312216,6.333333333333333,1091.3445269748001,58.0,1005.4350041272979,53.25
1,0,phi-0.30,0,-0.0008205913425622429,1.0,2108.267302103573,6.416666666666667,1063.2824289460325,57.5,1005.0708071072122,54.416666666666664
1,0,phi-0.30,1,0.0015789989437112624,1.0,2272.8157961323186,6.25,1065.7970429247255,56.833333333333336,1001.0629214705518,53.166666666666664
1,0,phi-0.30,2,0.007281679354514885,1.0,3019.885719053531,6.416666666666667,1072.5559378535133,57.75,1002.0315481161092,53.833333333333336
1,0,phi+0.00,0,0.0011443425237635094,1.0040141953167625,2219.0501190545665,6.333333333333333,1040.9255345092392,58.166666666666664,988.0263428420017,52.166666666666664
1,0,phi+0.00,1,-0.00839433312127192,1.1877966370203654,2165.1121865819932,6.416666666666667,1065.7079253501686,57.833333333333336,1000.5262385545249,53.5
1,0,phi+0.00,2,-0.0036771662074888624,1.2099126544772014,2700.550728553669,6.166666666666667,1082.9514534485172,58.25,1002.0953173227225,52.916666666666664
1,0,phi+0.30,0,0.0018401569459077305,1.6365284215631528,2349.2183820255673,6.166666666666667,1069.9215232056429,57.166666666666664,1008.3822504321956,54.083333333333336
1,0,phi+0.30,1,0.0012868083146446202,1.598715860482143,2067.200218630425,6.333333333333333,1048.350333912779,57.25,995.4074039147678,54.0
1,0,phi+0.30,2,-0.001139031133883718,1.5691098081009214,2228.120647452356,6.333333333333333,1046.161112967165,56.0,1003.0034731543507,53.5
1,0,phi+0.60,0,0.020176622237391938,3.082064435851213,2376.7719860677184,6.416666666666667,1060.2856737662717,56.666666666666664,986.9903818712502,51.833333333333336
1,0,phi+0.60,1,0.014349044687049048,3.232667072483075,2766.370378637375,6.166666666666667,1071.8987453847742,56.833333333333336,1010.5586446409303,53.25
1,0,phi+0.60,2,0.00012885850470388825,3.1314868687203097,2398.4047002362504,6.083333333333333,1087.9610369683917,57.833333333333336,998.524321052009,52.25
1,0,phi+0.90,0,0.20690713327655824,18.19499397330763,2212.0113792602288,6.166666666666667,1098.970029935046,56.0,1012.9501266208866,53.25
1,0,phi+0.90,1,0.18557033363766753,13.339026575417503,2391.7277291013847,6.25,1098.2164853173538,56.833333333333336,1015.9145965674758,53.833333333333336
1,0,phi+0.90,2,0.1350590954665206,10.962573330067038,2204.6611495569937,6.0,1084.2483915734495,55.916666666666664,1011.3950264294052,53.666666666666664
1,0,phi+0.99,0,0.5805837945786105,58.15155524329241,2546.4440867555963,6.166666666666667,1145.3661515967835,55.166666666666664,1012.2868979336477,52.666666666666664
1,0,phi+0.99,1,0.554309948368643,55.37418284528555,2116.476812503129,6.25,1039.5591163733234,56.583333333333336,972.498527121324,52.583333333333336
1,0,phi+0.99,2,0.5184604445025653,48.781032626065496,3371.5484352695516,6.083333333333333,1210.6711243547566,57.583333333333336,1058.5887548251155,55.0
1,0,sorted,0,0.6666892960548405,76.46540811529256,1733.6558559686134,6.083333333333333,998.6288112319406,56.416666666666664,962.0959225064126,53.166666666666664
1,1,real,0,-0.004467201615139209,2.154137691476996,2208.390943492828,5.916666666666667,1044.7272410251758,56.75,946.08087178806,52.166666666666664
1,1,phi-0.60,0,0.004642007425333345,1.0,2210.780375565037,5.916666666666667,1074.2036843793246,59.5,939.8069125831407,51.5
1,1,phi-0.60,1,0.0024729922651394493,1.0,1927.8512444111027,5.916666666666667,1055.8187843058192,59.0,949.9907613662222,51.75
1,1,phi-0.60,2,0.0051209800889777885,1.0,2367.739622282164,5.916666666666667,1075.6344641499488,58.583333333333336,954.0815984860419,51.25
1,1,phi-0.30,0,0.0060767433084596475,1.0,1990.205681193729,5.916666666666667,1061.1119113222346,58.833333333333336,951.8213152899671,50.916666666666664
1,1,phi-0.30,1,-0.0036216348399127725,1.0,2031.5040500782532,5.916666666666667,1052.513889732455,58.0,930.5989376235422,50.75
1,1,phi-0.30,2,0.010070000595335905,1.0,2164.0840892342126,5.916666666666667,1062.5101655674882,58.0,944.7383580215093,51.416666666666664
1,1,phi+0.00,0,0.004238317481031643,1.0336593687019802,2068.215298284082,5.916666666666667,1061.1524344375382,58.583333333333336,950.1862443498839,52.083333333333336
1,1,phi+0.00,1,0.005992732157888752,1.0,2188.0760072498765,5.916666666666667,1072.9807143533715,59.416666666666664,956.3459610848075,52.25
1,1,phi+0.00,2,8.249316253118694e-05,1.1120646843165982,2385.5580983075406,5.916666666666667,1065.5674166038295,59.166666666666664,954.2743234997789,53.666666666666664
1,1,phi+0.30,0,-0.008512829489384428,1.4995859213250515,2003.0384825683632,5.916666666666667,1071.3613945869627,60.0,942.6727641292847,51.583333333333336
1,1,phi+0.30,1,-0.002573132038631876,1.55943129526836,2212.044116433524,5.916666666666667,1065.2453966790072,57.333333333333336,934.7251895184894,51.083333333333336
1,1,phi+0.30,2,-0.014643461373252651,1.569827971633547,2228.289165006219,5.916666666666667,1077.7177650803517,59.0,950.9428102863964,51.166666666666664
1,1,phi+0.60,0,-0.0015268113451580138,2.4237634386413816,2124.8869673189943,5.916666666666667,1057.0464135935333,59.166666666666664,931.889398753271,51.416666666666664
1,1,phi+0.60,1,0.033604033294221486,3.0748361225177643,2036.432673188058,5.916666666666667,1065.4269712461917,59.833333333333336,937.1361270849065,51.083333333333336
1,1,phi+0.60,2,0.026980245045963087,2.738961914391642,2379.965340330075,5.916666666666667,1105.8952500158402,57.083333333333336,943.1676378300082,49.833333333333336
1,1,phi+0.90,0,0.16470507034095666,12.423804021102884,2621.845249794315,5.916666666666667,1115.3322477898048,56.5,968.1213550303719,51.0
1,1,phi+0.90,1,0.21704401714662364,15.137827668984675,1972.2949248781042,5.916666666666667,1077.010464576678,59.916666666666664,948.1633849690838,52.166666666666664
1,1,phi+0.90,2,0.10993089122263734,9.745414525769862,2201.146885151878,5.916666666666667,1096.9016822911733,57.75,949.4754764357436,51.666666666666664
1,1,phi+0.99,0,0.5556951472057043,48.898495697571235,2267.8939946289415,5.916666666666667,1108.978193556412,59.166666666666664,958.2129342546224,51.833333333333336
1,1,phi+0.99,1,0.7647803530602993,83.82037514702539,1721.8491334100308,5.916666666666667,1052.660421159672,56.583333333333336,922.7756760111985,51.416666666666664
1,1,phi+0.99,2,0.5120704479274363,43.68754806270333,2332.3493316436666,5.916666666666667,1090.258856273471,57.0,948.4709775686783,50.75
1,1,sorted,0,0.9650192938651699,112.99816347165765,1604.2170680929228,5.916666666666667,1029.9491670122063,56.916666666666664,910.0931654531843,50.583333333333336
1,4,real,0,0.019799060971614484,4.034013991989523,1808.135665861346,13.666666666666666,975.1586847455528,57.333333333333336,966.9389826035112,55.916666666666664
1,4,phi-0.60,0,0.006154063521859462,1.0,1770.0119812645082,14.083333333333334,979.3513505293428,57.916666666666664,970.9751440970741,56.25
1,4,phi-0.60,1,-0.003469027657174376,1.0,1775.8453145978417,14.666666666666666,985.435127209767,58.666666666666664,973.0742464382697,56.5
1,4,phi-0.60,2,-0.0006520253984120795,1.0,1770.0119812645082,14.083333333333334,981.269375976277,58.166666666666664,969.0870699664164,56.083333333333336
1,4,phi-0.30,0,0.0017478670420000494,1.0,1767.5119812645082,13.833333333333334,981.4136702536601,58.083333333333336,970.4901479891369,56.25
1,4,phi-0.30,1,-0.0026733744583651016,1.0,1772.5119812645082,14.333333333333334,983.1821263612084,58.416666666666664,977.5411381993346,56.666666666666664
1,4,phi-0.30,2,-0.005992469920849338,1.0,1760.261906420886,13.916666666666666,984.7655218095839,58.083333333333336,971.8608111936666,56.25
1,4,phi+0.00,0,0.01352131900031141,1.0,1768.3453145978417,13.916666666666666,979.4297363324085,57.916666666666664,975.3015465099747,56.416666666666664
1,4,phi+0.00,1,-0.0025342641608296634,1.0,2033.127034106036,14.0,985.4825369887227,58.416666666666664,973.920734152106,56.5
1,4,phi+0.00,2,0.006731875100985979,1.1200944385170808,1910.31546829306,14.166666666666666,984.5869384402773,58.5,971.0514167458218,56.25
1,4,phi+0.30,0,0.000945283854704979,1.0613236638117702,1770.0119812645082,14.083333333333334,982.902087562761,58.166666666666664,967.562701839864,55.75
1,4,phi+0.30,1,0.01641360344796345,1.0,1816.1468831640598,13.333333333333334,972.9312552292122,57.416666666666664,968.0105725067965,55.916666666666664
1,4,phi+0.30,2,0.0018598228994167458,1.0,1766.678647931175,13.75,979.7292719542785,58.083333333333336,974.6152447683716,56.083333333333336
1,4,phi+0.60,0,-0.0017926597748430567,1.2317328266335608,1821.42273157631,14.083333333333334,980.5057539113018,58.083333333333336,973.3149185539993,56.333333333333336
1,4,phi+0.60,1,0.0025248577194845368,1.349802460392122,1765.8673866828058,13.583333333333334,977.0099192475205,57.666666666666664,964.7152539365851,55.583333333333336
1,4,phi+0.60,2,-0.0004898008606030847,1.3498024603921217,1771.678647931175,14.25,982.3344451517451,58.333333333333336,970.0362772657764,56.083333333333336
1,4,phi+0.90,0,0.010693774988194425,2.7130585539553382,1846.2201297142992,13.333333333333334,977.5872056514645,57.666666666666664,970.3912228551917,56.083333333333336
1,4,phi+0.90,1,0.017510779949050755,1.0997822262816763,1762.376145585173,13.5,979.1174661961173,57.583333333333336,964.8443435687676,55.333333333333336
1,4,phi+0.90,2,0.02449445466780506,4.023142718529774,1752.0151280918062,11.5,957.5757990953724,55.75,954.3489571008026,54.583333333333336
1,4,phi+0.99,0,0.046053473151853576,5.448693788509792,1739.178647931175,11.0,956.0574444705995,55.5,950.8088101105158,54.0
1,4,phi+0.99,1,0.021732588735409706,3.1718620351077993,1750.0119812645082,12.083333333333334,962.1429407141408,56.333333333333336,957.927716221218,54.916666666666664
1,4,phi+0.99,2,0.09514284445317554,8.03801412317204,1739.178647931175,11.0,951.2461899608057,55.25,949.7028863468428,54.083333333333336
1,4,sorted,0,0.09380948177485937,8.130962052748608,1740.0119812645082,11.083333333333334,950.6042598758635,55.166666666666664,954.9000839205513,54.666666666666664
1,7,real,0,0.06108032884753327,7.870909932632774,2030.2570127019317,6.0,1090.2612875357465,57.0,957.9814879852333,50.666666666666664
1,7,phi-0.60,0,0.0074941414009257485,1.0,2114.854869269833,6.083333333333333,1077.0010093266849,54.75,953.8367624741314,50.916666666666664
1,7,phi-0.60,1,0.01075963838386569,1.0,2018.158858827847,6.0,1061.2126118026006,55.583333333333336,955.5130735352996,50.5
1,7,phi-0.60,2,0.007781958004380038,1.0,2031.409542453884,6.0,1058.3531466950374,54.916666666666664,959.7831794329704,51.666666666666664
1,7,phi-0.30,0,0.00654658296927532,1.0,2014.9722845325523,6.0,1056.5182246089264,55.5,964.0328747635764,52.083333333333336
1,7,phi-0.30,1,0.008913467406343146,1.0,2021.5208156643687,6.083333333333333,1071.0232594535037,56.333333333333336,935.267829613265,50.25
1,7,phi-0.30,2,0.00798304195388794,1.0,2002.2626607140744,6.0,1073.511181601282,57.0,962.2997024940023,51.416666666666664
1,7,phi+0.00,0,0.0020620448566508014,1.0137233486365955,2073.779236477249,6.0,1094.3808991181147,56.5,946.7084518079441,50.333333333333336
1,7,phi+0.00,1,0.007484395492393714,1.0,2026.574932099493,6.0,1078.80386529906,54.833333333333336,958.9856164721073,50.833333333333336
1,7,phi+0.00,2,0.007306320680322344,1.2652941242992095,2167.758045451853,6.0,1101.8028225855253,56.333333333333336,971.9348619654617,51.333333333333336
1,7,phi+0.30,0,-0.0012117708681224327,1.7249656263264548,1958.3868781818535,6.0,1083.7075522005791,55.333333333333336,938.7801940724011,48.833333333333336
1,7,phi+0.30,1,-0.002744600243654408,1.766887808606921,1820.1936126127011,6.0,1078.4765645279226,55.416666666666664,960.4591669047413,49.916666666666664
1,7,phi+0.30,2,0.02182369064072238,2.242124599602475,2071.426930591733,6.0,1084.309339494261,55.75,949.9384136757529,49.083333333333336
1,7,phi+0.60,0,0.036657444964387574,3.654349806605038,2009.0876912498904,6.083333333333333,1078.5989978039236,55.083333333333336,929.7307590153397,48.75
1,7,phi+0.60,1,0.022814451397304824,4.210361860298104,2028.2417814591715,6.0,1075.2804188774746,55.416666666666664,963.8758171481586,51.75
1,7,phi+0.60,2,0.015957191072827632,3.95849503894263,1822.8694711576745,6.0,1075.5452784789168,55.5,955.2979791967173,50.583333333333336
1,7,phi+0.90,0,0.2202323376602074,16.307241384342678,1754.845155377014,6.0,1049.9780619770852,54.75,941.6992732926359,50.916666666666664
1,7,phi+0.90,1,0.1125931187438658,10.748080909216675,2353.568122069391,6.0,1118.2430072142722,55.833333333333336,964.042399785937,50.833333333333336
1,7,phi+0.90,2,0.11729187841631801,11.441600349888741,1815.5424209927187,6.0,1065.942355740949,55.0,936.325955320986,50.083333333333336
1,7,phi+0.99,0,0.6847619744498764,66.36121612266402,2870.9639141349144,6.0,1302.8396432857958,54.083333333333336,1016.841486534253,50.833333333333336
1,7,phi+0.99,1,0.7945351251167131,82.03752419832101,1798.7471308675895,6.0,1060.3301539141553,55.0,954.0809640957777,50.833333333333336
1,7,phi+0.99,2,0.7406428924142446,75.25754485985648,1975.5019413611328,6.0,1165.1440387096802,54.166666666666664,965.5852333064216,49.5
1,7,sorted,0,0.8947829011452249,101.42573631572769,1518.9527977265107,6.0,967.5528251156597,53.25,924.12348127713,49.916666666666664
1,2,real,0,-0.0024422070317063433,1.40975154215835,2828.2195891221418,7.0,1026.1154122361543,58.0,1006.0439211369243,58.416666666666664
1,2,phi-0.60,0,0.004511454576607118,1.0,2702.846529607245,7.0,1038.665400349093,57.833333333333336,1016.9754085485824,58.25
1,2,phi-0.60,1,-0.00603460638962726,1.0,2818.4753384430164,7.083333333333333,1040.9718020412392,58.083333333333336,1013.9703762093033,58.75
1,2,phi-0.60,2,0.007391259768340692,1.0,2710.0286170056056,7.0,1040.8459007123035,57.75,1011.4311977444022,58.0
1,2,phi-0.30,0,-0.0027670068497802998,1.0,2522.9809157817012,7.0,1036.3794180912018,58.5,1018.931476247924,58.25
1,2,phi-0.30,1,-0.0024001541699240608,1.0,2498.992799722654,7.0,1035.068316100714,57.833333333333336,1024.6684654745538,58.833333333333336
1,2,phi-0.30,2,0.015976904047611727,1.0,2805.213781317348,7.0,1057.9649360371382,59.666666666666664,1024.8317031899726,59.0
1,2,phi+0.00,0,-0.00020163924411688264,1.0,2689.3666585716537,7.0,1044.0050598518753,57.333333333333336,1029.6461323398476,58.333333333333336
1,2,phi+0.00,1,0.007411094224691521,1.0,2769.08747916125,7.0,1046.5352173749434,58.666666666666664,1028.2273647688296,58.25
1,2,phi+0.00,2,0.009824800287510028,1.0,2905.729763538589,7.0,1042.3718303758656,58.5,1016.6190352711836,58.0
1,2,phi+0.30,0,0.00044658829689352787,1.3334623376018362,2824.201085560419,7.083333333333333,1033.559635758524,57.75,1021.7729345123539,58.583333333333336
1,2,phi+0.30,1,0.0035430414834099287,1.6052793373861938,2770.5544931043173,7.083333333333333,1051.9104805180968,59.25,1025.8229165463226,59.166666666666664
1,2,phi+0.30,2,0.006769096737278492,1.365276615709882,2642.2018804931154,7.0,1041.1230771422406,59.5,1003.6772797525226,57.833333333333336
1,2,phi+0.60,0,0.03129327891016978,2.170674802163826,2855.2968612630375,7.083333333333333,1070.1779617680845,57.666666666666664,1003.3542795645253,58.25
1,2,phi+0.60,1,0.02262661214814514,2.8425044999242246,2473.513429575221,7.083333333333333,1040.8959694819132,58.666666666666664,1014.6242386396516,57.666666666666664
1,2,phi+0.60,2,0.0006396193027842631,1.5376784519842746,2424.1266096702752,7.0,1042.144493396261,58.583333333333336,1029.3219253008026,59.0
1,2,phi+0.90,0,0.1776828137212326,12.715462702801869,2526.369562225578,6.916666666666667,1029.8885684213865,56.833333333333336,1012.9685821651013,58.166666666666664
1,2,phi+0.90,1,0.07298204279818962,6.576774490126257,2651.843052587251,6.916666666666667,1057.5094137729413,58.833333333333336,1014.5563382103082,57.666666666666664
1,2,phi+0.90,2,0.04760217123996247,5.790876124968431,2076.8230983468034,6.916666666666667,1009.2604859670687,57.916666666666664,998.531815500664,57.0
1,2,phi+0.99,0,0.5148275147843748,41.954831345406376,1763.151231147275,6.5,1044.063783757359,57.5,992.4628874976578,56.75
1,2,phi+0.99,1,0.6345595826412498,50.07729562551856,1971.2442825823593,6.416666666666667,1029.6287623306998,55.75,1004.2382576370097,54.916666666666664
1,2,phi+0.99,2,0.39004630104904137,30.6962296664207,1941.0344212097968,6.833333333333333,1043.2623512509697,55.583333333333336,992.5570408231783,56.916666666666664
1,2,sorted,0,0.7017340813196706,56.133458975955854,1622.3835282089588,6.416666666666667,971.9237135480231,54.583333333333336,959.4510190242833,54.75
1,5,real,0,0.02476980960637945,3.7550184027951956,2310.331318103767,11.5,1100.5576617024096,62.333333333333336,1053.3019978188954,63.25
1,5,phi-0.60,0,-0.004205613976593232,1.0,2252.494635995891,11.5,1063.0190034843429,62.583333333333336,1060.3988266011058,64.66666666666667
1,5,phi-0.60,1,-0.0001768423030582493,1.0,2389.9797714933334,12.0,1068.1638299825574,62.916666666666664,1073.8143730478084,65.75
1,5,phi-0.60,2,-0.0034418696653293872,1.0,2157.7190250984154,11.166666666666666,1054.7195607982442,62.416666666666664,1057.7624601599398,64.16666666666667
1,5,phi-0.30,0,-0.0018666992128413607,1.0,2214.67096571756,11.083333333333334,1067.8467718181862,64.16666666666667,1074.3557492463342,65.16666666666667
1,5,phi-0.30,1,-0.0024265596978405063,1.0,2336.726918168944,11.416666666666666,1054.5096680462104,62.666666666666664,1064.860055828409,65.08333333333333
1,5,phi-0.30,2,-0.00782168339775963,1.0,2456.681211727346,11.833333333333334,1077.5653505262865,64.08333333333333,1052.2643928178616,64.58333333333333
1,5,phi+0.00,0,-0.0035429903670824905,1.0,2314.2394303811516,11.25,1065.6006583745207,63.666666666666664,1072.1730269512716,64.83333333333333
1,5,phi+0.00,1,0.005601797554758195,1.0,2362.0959591484684,11.583333333333334,1071.828766043029,63.0,1056.8883048617736,65.0
1,5,phi+0.00,2,0.0019417457241416405,1.0,2202.592953713808,11.25,1053.393193906213,62.583333333333336,1056.1374597594788,65.16666666666667
1,5,phi+0.30,0,-0.002519046365701941,1.2364284416302211,2409.7890460323583,11.333333333333334,1057.3382626842938,63.0,1058.0707980014142,64.5
1,5,phi+0.30,1,0.001809385454109535,1.0916045840312196,2315.356364989903,11.583333333333334,1055.4830014649954,62.666666666666664,1052.3044328956887,64.5
1,5,phi+0.30,2,0.0009761722087564117,1.2744674432888479,2434.94419029789,11.25,1077.7881791302968,63.25,1076.218086652571,65.08333333333333
1,5,phi+0.60,0,0.008654309904680812,1.5968563524363866,2200.0341145305965,11.416666666666666,1066.7111959381089,62.75,1060.9249755499711,64.41666666666667
1,5,phi+0.60,1,-0.007702476732262738,1.6069169876548473,2433.83279739769,11.833333333333334,1084.6432336655425,65.08333333333333,1074.759998871362,66.25
1,5,phi+0.60,2,0.004826954853935407,2.7993475381052884,2426.173622576301,11.25,1081.9784538137535,64.41666666666667,1051.0041714493066,64.5
1,5,phi+0.90,0,0.02778367665253497,4.058335214967458,2216.809926557092,10.333333333333334,1034.4785084328726,60.083333333333336,1042.4842408207458,63.25
1,5,phi+0.90,1,0.06084007058835215,5.986905030761186,2104.7138398786606,10.25,1037.742190140207,61.083333333333336,1044.0844479665416,63.833333333333336
1,5,phi+0.90,2,0.05076711829330056,5.570748884085818,2085.446619828821,11.083333333333334,1071.8182746685106,61.75,1063.648719608201,63.583333333333336
1,5,phi+0.99,0,0.09916252584065223,8.08366185723588,2530.624895506446,11.083333333333334,1075.6269208633717,61.333333333333336,1064.5297124424749,63.75
1,5,phi+0.99,1,0.13808388417358944,10.404086167558706,2064.9835723206465,9.916666666666666,1017.1358865712454,58.833333333333336,1017.9027787693341,61.5
1,5,phi+0.99,2,0.3131412148555963,26.192226297300806,2761.8926525884904,9.583333333333334,1248.6961678673422,59.083333333333336,1137.2590376362189,62.083333333333336
1,5,sorted,0,0.27107033466001923,25.067869835917133,1911.4489333112922,9.083333333333334,985.3913593986364,56.166666666666664,996.7381508572339,59.916666666666664
1,8,real,0,-0.002822513796788774,1.4453894955575908,2290.8613213800045,6.0,1081.2415514493105,57.5,980.5991464222471,52.166666666666664
1,8,phi-0.60,0,0.004704091650370669,1.0,2297.204775302849,6.0,1073.1976768422098,58.833333333333336,962.9601463314634,51.583333333333336
1,8,phi-0.60,1,0.0023735782086003496,1.0,2813.742272468018,6.0,1103.6899215461065,57.666666666666664,977.2572619970342,51.75
1,8,phi-0.60,2,0.005701588511287401,1.0,2779.0369297022676,6.0,1081.978408936972,58.166666666666664,987.0864004668227,53.0
1,8,phi-0.30,0,-0.0007636761844059837,1.0,2386.3110110470825,6.0,1082.6785208475496,58.916666666666664,966.6359164322084,52.666666666666664
1,8,phi-0.30,1,0.001726873910239536,1.0,2529.606582248388,6.0,1082.9524092487634,58.666666666666664,979.1468395809053,52.083333333333336
1,8,phi-0.30,2,0.010602468125499066,1.0,2233.699121110602,6.0,1076.1183309095563,58.0,988.1798430071736,53.833333333333336
1,8,phi+0.00,0,-0.002993892931164365,1.0,2415.7860382668564,6.0,1076.1410900559629,57.666666666666664,969.5771725736431,51.333333333333336
1,8,phi+0.00,1,0.0008138692640914368,1.0377558571864427,2092.6129638675047,6.0,1058.8349163824669,58.833333333333336,967.2665711113583,52.0
1,8,phi+0.00,2,-0.00037074775685116084,1.070417375943026,2336.030970487926,6.0,1073.7831785700266,58.583333333333336,990.8499603058026,53.166666666666664
1,8,phi+0.30,0,0.003022238949015687,1.6871939536074247,2192.2395788622593,6.0,1077.131356746746,55.916666666666664,993.0016093941239,53.5
1,8,phi+0.30,1,-0.007171523610587507,1.48909536891895,2407.312355887397,6.0,1066.1106923519264,58.083333333333336,980.245651995015,53.833333333333336
1,8,phi+0.30,2,-0.0035438723398662888,1.5741558542113443,2096.537341655114,6.0,1071.0139225175026,59.083333333333336,982.8914065055181,52.5
1,8,phi+0.60,0,0.02409680428127604,3.629201682060235,2321.372066499602,6.0,1085.9160466968542,57.833333333333336,978.6009492832535,51.5
1,8,phi+0.60,1,0.027075395688917443,2.795775933740679,2593.0876774921726,6.0,1114.749959557247,59.666666666666664,991.9332860134842,52.916666666666664
1,8,phi+0.60,2,0.024192477400694752,3.5786324756329173,2232.030390822746,6.0,1069.8905816413821,58.25,975.9241823565867,51.666666666666664
1,8,phi+0.90,0,0.21313091059839548,16.127065707265658,2387.7907998015194,6.0,1119.2533566449272,57.25,988.5464197380805,53.666666666666664
1,8,phi+0.90,1,0.18311250987574515,19.347079047841355,2083.8836654162674,6.0,1085.261038307694,58.833333333333336,994.4665637943185,53.083333333333336
1,8,phi+0.90,2,0.2138722463831165,15.32988328743934,2518.763734438939,6.0,1124.3022016725688,58.833333333333336,994.0476630065435,52.583333333333336
1,8,phi+0.99,0,0.6621542940567554,64.44329799591078,1814.8958960320826,6.0,1100.3007539861808,59.25,988.7873991752599,52.583333333333336
1,8,phi+0.99,1,0.7231437451516074,73.87370170716508,2287.014102963606,6.0,1103.8257118485847,56.75,984.4740600940264,52.333333333333336
1,8,phi+0.99,2,0.6194007884852691,60.79012350697252,1721.7169877260346,6.0,1078.931058153563,57.083333333333336,969.1802365458922,51.666666666666664
1,8,sorted,0,0.9674129607401435,113.54571476930778,1553.3796117536397,6.0,994.7703565578076,56.416666666666664,938.1415696503058,52.166666666666664
1,6,real,0,-0.006512869942305883,1.3293493959401566,2586.7117767856344,6.0,1098.1614561286406,61.083333333333336,1002.5177228477827,55.5
1,6,phi-0.60,0,0.002084309133176056,1.0,2364.25905013998,6.0,1089.0013424625297,61.0,999.1306883312737,56.166666666666664
1,6,phi-0.60,1,0.0017041612800607017,1.0,2673.0648773532516,6.0,1091.467794811153,60.833333333333336,999.8197658510513,55.0
1,6,phi-0.60,2,0.010979916772426105,1.0,2920.6094834804585,6.0,1111.575512573588,60.75,1018.4466470884386,56.25
1,6,phi-0.30,0,0.002492236615457472,1.0,2211.5044664153143,6.0,1133.604354115723,62.25,1017.4913149904418,55.5
1,6,phi-0.30,1,0.0053827263949658205,1.0,2504.247246657358,6.0,1089.1664616674855,59.75,1013.0491521057169,56.75
1,6,phi-0.30,2,0.002666889150919103,1.0,2046.4180324670122,6.0,1087.9263522139572,60.5,975.4759047322104,54.333333333333336
1,6,phi+0.00,0,0.008938677367194748,1.0912550027233219,2457.8854310413185,6.0,1104.5768884390093,61.666666666666664,991.1988933392258,54.583333333333336
1,6,phi+0.00,1,-0.009260799875814112,1.0207979916376517,2920.8916413244856,6.0,1110.8739240308425,60.666666666666664,1019.599650221133,55.333333333333336
1,6,phi+0.00,2,-0.0052450590717955875,1.0946571446841276,2895.9948826788204,6.0,1112.0444694748664,60.833333333333336,1006.5135658470361,55.416666666666664
1,6,phi+0.30,0,0.017466495391399696,1.7904748034564961,2389.7947023466413,6.0,1096.0436435239515,59.5,971.7836344057488,54.75
1,6,phi+0.30,1,-0.0010997504156455376,1.5109514833975575,2284.5773579843594,6.0,1114.425998289724,61.583333333333336,995.3647572281537,55.5
1,6,phi+0.30,2,-0.0033755850922770987,1.5673265634188822,2303.9747121479995,6.0,1120.9184000371085,62.333333333333336,985.406870210075,54.083333333333336
1,6,phi+0.60,0,0.0038319787690941727,2.5685887832699006,2602.0874159120535,6.0,1125.0711610845563,61.333333333333336,997.6207134934692,55.25
1,6,phi+0.60,1,0.0171249714333356,3.60552323586161,2470.2001842113,6.0,1123.2746740415582,61.083333333333336,1009.5131367282135,54.75
1,6,phi+0.60,2,-0.0012316244347103924,2.885877312538711,2323.643669175333,6.0,1096.6813047743701,60.0,1014.4561703612229,57.166666666666664
1,6,phi+0.90,0,0.15272674210478615,11.021352291777049,2136.0317451960022,6.0,1112.6301394638142,60.333333333333336,1010.4403544932134,54.416666666666664
1,6,phi+0.90,1,0.1723820444385179,12.411742826098632,2249.9716016152893,6.0,1122.6037204468053,62.416666666666664,996.0732398481142,55.833333333333336
1,6,phi+0.90,2,0.18156701441275264,12.976134948521366,1779.8637022983557,6.0,1085.8089272942163,61.583333333333336,993.5254968063442,54.833333333333336
1,6,phi+0.99,0,0.6197276234126412,62.467099166135036,2147.0245218301366,6.0,1158.4488678036823,58.666666666666664,1002.4356018162458,53.916666666666664
1,6,phi+0.99,1,0.5182247313912853,43.605828345628666,2658.3888733178346,6.0,1237.624947004473,59.75,1032.8536426572407,55.416666666666664
1,6,phi+0.99,2,0.6414303970836228,61.18151119901697,2240.666629407659,6.0,1116.7881201432394,60.333333333333336,991.9165692296524,55.0
1,6,sorted,0,0.9725249352458796,113.91487189651728,1599.0805289876744,6.0,1036.6408732729333,59.833333333333336,965.6194587149671,54.5
1,9,real,0,-0.014251146335765822,1.9858859780963312,1768.0583053753346,10.666666666666666,949.7175915868338,55.083333333333336,926.4110311191058,52.166666666666664
1,9,phi-0.60,0,0.0032575411809409437,1.0,1771.7810061910905,11.083333333333334,952.8616501093617,55.583333333333336,926.584888442309,51.583333333333336
1,9,phi-0.60,1,0.0036463531174673928,1.0,1772.6143395244237,11.166666666666666,962.043541080605,56.166666666666664,933.7401558713037,52.25
1,9,phi-0.60,2,-0.0029828904003086046,1.0,1772.6143395244237,11.166666666666666,954.0839294297024,55.916666666666664,926.6808644396207,52.166666666666664
1,9,phi-0.30,0,-0.0013559554534057318,1.0,1767.6768416431848,11.333333333333334,956.285702664632,56.0,940.1181871239475,52.916666666666664
1,9,phi-0.30,1,-0.0020120755962941194,1.0,1771.3685911039283,11.333333333333334,959.9716321012015,56.25,938.4066658124192,53.416666666666664
1,9,phi-0.30,2,0.0017035084721367811,1.0,1775.1143395244237,11.416666666666666,954.9181038273955,55.916666666666664,930.4953032814659,52.833333333333336
1,9,phi+0.00,0,-0.004779930569441797,1.0,1770.4679921107536,11.5,958.0647908272267,56.166666666666664,933.5160570200086,52.583333333333336
1,9,phi+0.00,1,0.0014848017578406522,1.0,1746.1751764976646,11.333333333333334,959.7628097269217,55.5,938.7067144835274,52.583333333333336
1,9,phi+0.00,2,0.004981679111975423,1.0,1796.0563936081764,11.416666666666666,961.6285061180442,56.0,941.983334353417,53.166666666666664
1,9,phi+0.30,0,0.011975433820244965,1.0,1781.8896367379027,11.083333333333334,953.028535536404,55.833333333333336,930.8733778624302,52.583333333333336
1,9,phi+0.30,1,-0.005508952950428893,1.0732009886671554,1772.2137451520348,11.333333333333334,954.1067180997512,55.75,933.0541739998092,52.666666666666664
1,9,phi+0.30,2,0.0014848017578406522,1.1746104319370638,1740.788315658068,11.583333333333334,955.7231482213007,55.666666666666664,933.3262690017842,52.916666666666664
1,9,phi+0.60,0,0.008188162551017003,1.495505305980927,1770.9476728577572,11.0,953.7465544767329,55.666666666666664,926.3331344995944,52.0
1,9,phi+0.60,1,-0.010681366743532343,1.2760198752069722,1773.4476728577572,11.25,959.1051653052332,56.416666666666664,926.2735748492363,51.916666666666664
1,9,phi+0.60,2,0.014015481449707193,1.3774293184768807,1765.9476728577572,10.5,946.3447501948282,55.083333333333336,929.8334683413315,52.0
1,9,phi+0.90,0,0.015472311174379734,3.2359560829622405,1769.2810061910905,10.833333333333334,947.9238472778605,55.166666666666664,930.7121594695453,52.416666666666664
1,9,phi+0.90,1,0.053937962069862226,6.0349061505694825,1752.0368118756144,8.833333333333334,949.1175006604776,54.166666666666664,928.0620594994748,51.333333333333336
1,9,phi+0.90,2,0.06093171677813178,5.905053182241796,1754.2810061910905,9.333333333333334,940.9474645297133,54.5,920.3311802576189,51.583333333333336
1,9,phi+0.99,0,0.11889750132771744,9.223101695886413,1722.537586085887,8.583333333333334,938.6528875096178,53.416666666666664,923.6140618924856,51.083333333333336
1,9,phi+0.99,1,0.28997718347395934,19.585384690351002,1734.2810061910905,7.333333333333333,916.9131752767679,52.0,906.0267048443492,50.083333333333336
1,9,phi+0.99,2,0.16758647607924235,11.602697678336447,1742.6143395244237,8.166666666666666,926.460361095842,53.0,911.7610235939206,50.583333333333336
1,9,sorted,0,0.2946708725702146,19.99627805112881,1733.4476728577572,7.25,912.681807437948,51.833333333333336,914.8904001340389,50.916666666666664
1,10,real,0,0.017668521843517946,1.502713760127759,2324.0752113908015,5.916666666666667,1083.633376479356,57.25,973.6811845405476,54.333333333333336
1,10,phi-0.60,0,0.005638746103205522,1.0,2152.1276299492906,5.916666666666667,1115.7241946618403,58.583333333333336,958.629008543215,51.916666666666664
1,10,phi-0.60,1,0.008434708031813365,1.0,2332.37187340472,5.916666666666667,1080.1554058766794,57.75,960.3366644500938,53.416666666666664
1,10,phi-0.60,2,0.006901270526868816,1.0,2417.594822235021,6.0,1090.809597722515,57.916666666666664,968.5515982221281,52.916666666666664
1,10,phi-0.30,0,0.002366756702004457,1.0,2307.7394792155715,5.916666666666667,1057.494817429057,57.083333333333336,956.6895219449674,53.416666666666664
1,10,phi-0.30,1,-0.0021662134585790785,1.0,2018.0346937952138,5.916666666666667,1048.5622822959558,55.5,967.5500168028578,53.75
1,10,phi-0.30,2,0.0031484297021970326,1.0,2113.240321998444,5.916666666666667,1071.417254251315,57.833333333333336,965.1956722575351,54.25
1,10,phi+0.00,0,-0.008884240408641907,1.0,2350.099443745139,5.916666666666667,1082.7621596494882,58.0,962.0509774391625,52.75
1,10,phi+0.00,1,0.005713613820824545,1.220910127345424,2505.4938126094257,6.0,1077.8046882429896,57.333333333333336,964.5108239476376,52.666666666666664
1,10,phi+0.00,2,-0.0003848248785302253,1.0294673609330327,2368.6805604836777,5.916666666666667,1090.360845326385,57.333333333333336,966.5570556075155,53.5
1,10,phi+0.30,0,0.00425504403349903,1.4934919097142307,2475.0675365662805,5.916666666666667,1077.5979107909216,57.083333333333336,970.9717959223026,52.916666666666664
1,10,phi+0.30,1,-0.00769388229010626,1.6532064566577411,2184.4557414772344,5.916666666666667,1058.111177437476,56.083333333333336,959.1593012780874,52.333333333333336
1,10,phi+0.30,2,5.143310408089179e-06,1.6177966336742544,2528.3744854160504,5.916666666666667,1091.3000857451193,56.416666666666664,957.8517413041417,53.833333333333336
1,10,phi+0.60,0,0.023608927912125342,2.789878023283972,2210.922158483519,5.916666666666667,1076.9024599557558,57.5,974.2786021479782,53.416666666666664
1,10,phi+0.60,1,0.026000835715232522,3.149753663899755,2030.3641290804878,5.916666666666667,1076.0593908649068,56.416666666666664,952.5895834131325,52.166666666666664
1,10,phi+0.60,2,0.06831305956816452,5.893276155784655,2148.334175145201,5.916666666666667,1051.2909646224698,58.083333333333336,948.5944537801407,54.416666666666664
1,10,phi+0.90,0,0.2051490572017272,14.452473036030193,1887.1294047555286,5.916666666666667,1059.3699037255083,56.083333333333336,947.1267247318614,52.5
1,10,phi+0.90,1,0.2105565131773867,17.39444058146187,2299.021023633058,5.916666666666667,1075.96651203097,57.416666666666664,956.8913370128909,53.416666666666664
1,10,phi+0.90,2,0.12291111447398752,10.929834525397316,2457.0757038042116,5.916666666666667,1114.7362746625536,57.916666666666664,966.5611972459386,52.5
1,10,phi+0.99,0,0.6100045374221779,56.71771172374932,2767.9198230013667,5.916666666666667,1174.7371092217759,56.416666666666664,976.8608409836174,51.583333333333336
1,10,phi+0.99,1,0.7107963600150169,72.06857851053881,2472.058662857347,5.916666666666667,1117.723626866158,54.75,970.3921760827088,51.916666666666664
1,10,phi+0.99,2,0.7431967155209004,76.78143650075737,2814.783715628461,5.916666666666667,1197.1928985528748,54.25,1002.7092807549255,52.166666666666664
1,10,sorted,0,0.9332084743835597,105.7214385152393,1614.3693542080746,5.916666666666667,1011.0664937575857,54.75,923.0224160176969,50.833333333333336
1,13,real,0,0.18441568466443806,22.58091552318769,1730.7733132284445,6.5,1062.2434128221048,58.416666666666664,959.3451051741349,53.166666666666664
1,13,phi-0.60,0,0.011240251787426886,1.0,2189.4493803159216,6.416666666666667,1082.214702056058,58.833333333333336,969.0966430273033,53.25
1,13,phi-0.60,1,0.005829414843422904,1.0,2146.1368225581464,6.916666666666667,1103.025306756279,59.333333333333336,962.8051826550573,54.083333333333336
1,13,phi-0.60,2,0.01117012436331116,1.0,1997.801331786505,6.583333333333333,1094.141616123205,57.666666666666664,959.5816765099802,53.333333333333336
1,13,phi-0.30,0,0.0032962532184884936,1.0,1864.2233974585185,6.583333333333333,1095.2525797680698,61.083333333333336,959.4669669509954,53.0
1,13,phi-0.30,1,0.0014931164692230851,1.0,2255.49771792811,6.416666666666667,1094.3399439563718,60.833333333333336,972.0131665521134,53.0
1,13,phi-0.30,2,-0.0005646613297777609,1.0,1897.9371135995987,6.75,1072.3112846296046,58.0,989.2469413875696,55.25
1,13,phi+0.00,0,-0.002792070637404576,1.0534722237894902,2171.490630423619,6.583333333333333,1108.2690805628113,60.166666666666664,978.6316404000394,54.583333333333336
1,13,phi+0.00,1,-0.0012161066047747143,1.1317014138160049,2030.8147045268481,6.416666666666667,1094.6452946832333,60.416666666666664,998.2790997050273,54.833333333333336
1,13,phi+0.00,2,0.0010737084321041012,1.3119415234872303,1903.7988414766196,6.416666666666667,1077.616246434907,58.666666666666664,956.1718458817883,52.416666666666664
1,13,phi+0.30,0,-0.006996939025024443,1.61794449220597,2157.0355421746744,6.416666666666667,1091.8531381126197,58.916666666666664,963.6868841912175,52.25
1,13,phi+0.30,1,0.0008542429944852243,1.8259327850141158,2297.3910037964665,6.5,1121.8865120670102,60.25,967.3547154674121,53.0
1,13,phi+0.30,2,-0.005994782423285321,1.5474086597355634,2117.5296847722843,6.75,1091.3815142745375,61.083333333333336,968.99192980386,53.666666666666664
1,13,phi+0.60,0,0.014506744716163929,3.121893295426675,2085.5544495553772,6.416666666666667,1078.6533948548188,59.25,975.6731294753553,53.916666666666664
1,13,phi+0.60,1,0.014834921947030285,2.776781185310999,2129.997689989626,6.833333333333333,1105.5531370704396,59.25,966.9693172509936,53.166666666666664
1,13,phi+0.60,2,0.006549104265729289,2.800519862442078,1939.1155290698168,6.666666666666667,1112.225258877081,61.916666666666664,980.1396269491902,54.333333333333336
1,13,phi+0.90,0,0.13321250023350598,11.584741595979652,1937.8512443167583,6.75,1110.8731732054073,59.833333333333336,976.1205811743462,52.75
1,13,phi+0.90,1,0.23851226005098358,17.665801419065954,1928.986171442347,6.083333333333333,1098.646757941742,58.75,976.3331611154248,54.0
1,13,phi+0.90,2,0.23320950178458358,21.923705807061246,2152.0931398365356,6.416666666666667,1135.5683884103044,59.75,998.1576305353711,54.0
1,13,phi+0.99,0,0.7633475391588619,76.53245917112146,1830.4937754568289,6.25,1089.9686488874015,56.916666666666664,965.0143245170303,53.166666666666664
1,13,phi+0.99,1,0.7406842219933043,68.30674613935086,2685.338143607732,6.416666666666667,1299.4201690329726,59.166666666666664,1025.0426108731428,53.583333333333336
1,13,phi+0.99,2,0.6816117624731813,64.0213609712736,1887.980888094023,6.416666666666667,1107.6222159523486,56.5,955.0693433321788,52.416666666666664
1,13,sorted,0,0.7978502339507275,89.27177745797478,1624.883767643847,6.166666666666667,1004.9357741362829,56.0,919.8602570161285,51.583333333333336
1,11,real,0,0.12821762648280524,9.408104928374398,2133.526279102176,6.416666666666667,1113.1451418927513,57.916666666666664,992.8608044222175,54.416666666666664
1,11,phi-0.60,0,0.005930987454007982,1.0,2123.8654535934625,6.75,1113.498970956134,61.416666666666664,993.8225443902512,52.416666666666664
1,11,phi-0.60,1,0.01426662883932034,1.0,2676.477416955664,6.833333333333333,1162.250861203325,60.5,1005.2500042863485,53.833333333333336
1,11,phi-0.60,2,0.006710722030792278,1.0,2210.352870397732,6.833333333333333,1092.719253196304,59.083333333333336,985.6966701613306,53.5
1,11,phi-0.30,0,-0.0017902937881600126,1.0,3526.892368411776,7.0,1126.2814338396508,60.333333333333336,1001.271104914028,54.0
1,11,phi-0.30,1,0.0032231116884960656,1.0,2359.677098736652,6.833333333333333,1109.601355144645,60.75,989.578289568907,52.5
1,11,phi-0.30,2,-0.0007532120411492293,1.0,2573.6327243863557,7.0,1152.2992277543644,61.75,990.0811043395075,52.75
1,11,phi+0.00,0,0.0006231840778546407,1.0404710385242975,2032.588865896353,6.416666666666667,1110.4127871074472,60.416666666666664,1000.00106797952,53.833333333333336
1,11,phi+0.00,1,-0.01209640553077768,1.0,2476.7817077556992,6.583333333333333,1112.0699864984565,61.833333333333336,1010.9572795789687,54.833333333333336
1,11,phi+0.00,2,-0.004160404309242288,1.0,2118.4257639723455,6.666666666666667,1123.6596710287201,61.083333333333336,989.2221930135478,52.166666666666664
1,11,phi+0.30,0,0.006197916576263559,1.3290457519504755,2465.07719178858,6.666666666666667,1118.1806592946057,60.75,1002.4724994022882,54.083333333333336
1,11,phi+0.30,1,0.007870682036763504,1.6332679910035321,2062.8596072856194,6.666666666666667,1088.4153032020931,59.666666666666664,977.5703045260701,51.666666666666664
1,11,phi+0.30,2,-0.004893127059951155,1.621592967828382,2032.4501374419758,6.5,1099.445243142833,60.416666666666664,997.5175200003677,53.75
1,11,phi+0.60,0,0.01635082920109108,3.130558937727905,2251.1457952728047,6.75,1158.790322773437,59.833333333333336,990.1779545706605,53.333333333333336
1,11,phi+0.60,1,0.01584051463842896,3.037352383973931,2091.1533406248805,6.583333333333333,1114.8825192913903,59.25,1002.9898838008272,53.833333333333336
1,11,phi+0.60,2,0.026476883635896682,3.1254016066533303,2315.748465571526,6.916666666666667,1123.3006011991083,60.0,996.9148683071348,54.166666666666664
1,11,phi+0.90,0,0.24633327639178446,17.22949220413375,2197.171956001847,6.666666666666667,1123.9838222094704,58.25,1004.6200544466734,52.666666666666664
1,11,phi+0.90,1,0.16197912761200445,12.548050937861241,2496.3402178850497,6.5,1152.0161554995236,58.166666666666664,1010.4698353411304,52.833333333333336
1,11,phi+0.90,2,0.1400693699686583,11.11693594191888,2490.1244089467687,6.25,1151.6534366182307,59.666666666666664,1010.5678129743795,52.25
1,11,phi+0.99,0,0.5206452183636776,56.909944130539124,2824.8998846051504,6.666666666666667,1212.3538825034275,57.416666666666664,1029.9906275568073,53.5
1,11,phi+0.99,1,0.5800830458938231,54.610070205605304,1937.7379664747543,6.166666666666667,1111.2045778059016,58.25,984.6331627276915,51.833333333333336
1,11,phi+0.99,2,0.6103809286047636,63.92600303851299,2334.1271361000354,6.416666666666667,1199.4167119669228,58.166666666666664,1016.9700022060284,53.5
1,11,sorted,0,0.7267708245069734,78.83038891184941,1600.6615635806909,6.333333333333333,1015.8839334655514,56.583333333333336,945.7656097453465,51.583333333333336
1,12,real,0,0.178272889215135,19.948371986664228,2986.495067029762,7.916666666666667,1173.6516582927748,66.08333333333333,1062.913290271537,58.916666666666664
1,12,phi-0.60,0,-0.0032757833852320654,1.0,2646.8002745055187,8.833333333333334,1155.4312684016934,69.5,1050.3585212213602,59.916666666666664
1,12,phi-0.60,1,0.00038936501446496153,1.0,2340.4901429108554,8.166666666666666,1136.784928821016,68.08333333333333,1030.6180407965664,60.833333333333336
1,12,phi-0.60,2,-0.005428121376171761,1.0,2253.812758326985,8.25,1141.7920549093044,67.83333333333333,1046.3309044243865,60.583333333333336
1,12,phi-0.30,0,-0.004514963227699389,1.0,2052.1744448126533,8.166666666666666,1122.5637525975649,66.41666666666667,1046.9894682758625,60.916666666666664
1,12,phi-0.30,1,-0.0032808498967202056,1.0,2365.171253561801,8.416666666666666,1153.8962782151182,67.5,1048.380813673634,61.75
1,12,phi-0.30,2,0.00971925209559037,1.0,2327.4410001158326,7.916666666666667,1132.9413230928171,66.25,1034.8602762812643,59.916666666666664
1,12,phi+0.00,0,-0.0010756127107111057,1.0,2148.242993760868,8.5,1153.229871975286,68.0,1039.5964386234496,62.416666666666664
1,12,phi+0.00,1,-0.0002666136827625794,1.0726559633294965,2297.772191801513,7.916666666666667,1130.7468439861716,66.66666666666667,1025.5701271024266,60.0
1,12,phi+0.00,2,-0.0005759204915475282,1.0,3260.9313860218176,8.083333333333334,1135.1149071868685,66.5,1044.8705287005225,60.416666666666664
1,12,phi+0.30,0,0.003553728938678292,1.4026674587315806,2312.2033692282025,8.0,1160.4677590826998,68.58333333333333,1045.586189670335,59.583333333333336
1,12,phi+0.30,1,0.007352129068890822,1.349956457478835,2216.1235010957803,8.25,1136.184941359057,66.75,1045.9970999429775,60.333333333333336
1,12,phi+0.30,2,-0.007464361548657486,1.4718859371400224,1949.8599419213945,7.916666666666667,1130.5803001040733,66.91666666666667,1045.6258085611607,61.083333333333336
1,12,phi+0.60,0,0.03618702321762273,4.174431103675242,2036.7428739330232,7.5,1117.2080526321754,65.91666666666667,1049.4117847288155,61.916666666666664
1,12,phi+0.60,1,0.008243130523517784,2.743902846020972,2038.283492039267,8.083333333333334,1141.0507881927376,67.0,1014.7758064693545,58.5
1,12,phi+0.60,2,-0.003638210672781741,2.8773500015290856,2479.2754633872223,8.083333333333334,1153.2218614225878,66.58333333333333,1029.9837577190738,59.25
1,12,phi+0.90,0,0.08706857479629761,6.897750726477546,2630.7740230993372,8.083333333333334,1160.7319430299676,65.91666666666667,1059.4098348086884,59.833333333333336
1,12,phi+0.90,1,0.11330918846859715,8.210781938053636,2331.538069963678,7.5,1162.7932304009826,67.91666666666667,1044.4871727912785,60.5
1,12,phi+0.90,2,0.1572824418764785,11.97799519023674,2632.86900841953,8.166666666666666,1155.6614543884793,65.83333333333333,1031.4752472372677,59.583333333333336
1,12,phi+0.99,0,0.5323560218031455,56.38954988565173,1648.2826509280087,7.166666666666667,1061.5679267856833,63.666666666666664,994.1923132368998,58.583333333333336
1,12,phi+0.99,1,0.5888668429422926,59.35746190166831,1724.307566677415,6.583333333333333,1056.6637276800554,62.0,993.670841753406,56.916666666666664
1,12,phi+0.99,2,0.4421611982915681,36.617813736158475,1704.0750946275773,7.5,1111.5191428074045,65.33333333333333,992.0137246366954,57.916666666666664
1,12,sorted,0,0.5833539385109782,60.869894740252235,1641.5106258468597,7.25,1035.034651815102,60.666666666666664,979.3627563948609,57.25
1,16,real,0,-0.0014682063902736583,1.0,1581.6455012373347,7.333333333333333,905.5616825633357,50.0,885.7781006475421,49.166666666666664
1,16,phi-0.60,0,-0.0007425169853389707,1.0,2240.9094946232963,7.833333333333333,1596.7586827944222,50.0,1230.5426463063352,49.166666666666664
1,16,phi-0.60,1,0.017224551729940543,1.0,2239.875135492621,7.166666666666667,1596.6569296648256,49.5,1233.0965344579447,48.75
1,16,phi-0.60,2,-0.0014682063902736583,1.0,1588.3121679040014,8.0,910.586311736744,50.5,892.4447673142089,49.833333333333336
1,16,phi-0.30,0,-0.0014682063902736583,1.0,1584.9788345706681,7.666666666666667,907.3042894590784,50.166666666666664,889.1114339808755,49.5
1,16,phi-0.30,1,-0.0014682063902736583,1.0,1584.9788345706681,7.666666666666667,908.8950158966691,50.333333333333336,889.1114339808755,49.5
1,16,phi-0.30,2,-0.0012429924370180657,1.0,1588.3121679040014,8.0,911.3950158966691,50.583333333333336,892.6021045420765,49.833333333333336
1,16,phi+0.00,0,-0.0014682063902736583,1.0,1600.9994633682138,7.666666666666667,912.081811048661,50.166666666666664,892.0283370756566,49.416666666666664
1,16,phi+0.00,1,-0.0014682063902736583,1.0,1583.3121679040014,7.5,906.3950158966691,50.083333333333336,887.5535934439482,49.333333333333336
1,16,phi+0.00,2,-0.0014682063902736583,1.0,1587.4788345706681,7.916666666666667,910.6706236391256,50.5,891.3974490948518,49.833333333333336
1,16,phi+0.30,0,-0.0014682063902736583,1.0,1589.5455876576223,8.0,911.865141449913,50.583333333333336,894.5351461734396,49.833333333333336
1,16,phi+0.30,1,-0.0014682063902736583,1.0,1586.6455012373347,7.833333333333333,908.8950158966691,50.333333333333336,891.6114339808755,49.75
1,16,phi+0.30,2,-0.0014682063902736583,1.0,1586.6455012373347,7.833333333333333,910.609760147745,50.5,891.1575571986104,49.583333333333336
1,16,phi+0.60,0,0.01579819669265512,1.0,1578.3121679040014,7.0,900.9454034170818,49.5,884.1371344512299,49.0
1,16,phi+0.60,1,-0.0014682063902736583,1.0,1584.9788345706681,7.666666666666667,909.7283492300024,50.416666666666664,888.5044479188813,49.416666666666664
1,16,phi+0.60,2,-0.0013931350725217941,1.0,1584.1455012373347,7.583333333333333,907.5505138994095,50.083333333333336,888.3188050576376,49.416666666666664
1,16,phi+0.90,0,-0.0014682063902736583,1.0,1586.6455012373347,7.833333333333333,910.5616825633357,50.5,890.0356008246569,49.583333333333336
1,16,phi+0.90,1,-0.0014682063902736583,1.99854651774258,1579.1455012373347,7.083333333333333,904.7283492300024,49.916666666666664,883.3908841432981,48.916666666666664
1,16,phi+0.90,2,-0.0014682063902736583,1.99854651774258,1578.3121679040014,7.0,904.2582979835379,49.666666666666664,883.2781006475421,48.916666666666664
1,16,phi+0.99,0,0.016999337776684952,1.0,2234.2428279566298,7.166666666666667,1592.1208636715098,49.333333333333336,1224.709312973002,48.583333333333336
1,16,phi+0.99,1,-0.0014682063902736583,1.99854651774258,1579.1455012373347,7.083333333333333,904.5006101022653,49.833333333333336,883.2781006475421,48.916666666666664
1,16,phi+0.99,2,-0.0010428022563464278,1.99854651774258,1578.3121679040014,7.0,903.0616825633357,49.75,882.4447673142089,48.833333333333336
1,16,sorted,0,-1.682758040428262e-05,1.9999978965524494,1579.1455012373347,7.083333333333333,902.2841112193086,49.666666666666664,884.9447673142089,49.083333333333336
1,14,real,0,0.03688342274628798,3.4276461557922246,2268.5382506278943,5.916666666666667,1105.1739797386488,57.25,967.2947862555233,51.583333333333336
1,14,phi-0.60,0,0.011891039919221635,1.0,2370.7011639013535,5.916666666666667,1113.0636032632472,57.416666666666664,966.672537519201,51.25
1,14,phi-0.60,1,0.007668779089326894,1.0,2175.3367185304764,5.916666666666667,1085.3171316951823,57.583333333333336,968.4322971422943,51.75
1,14,phi-0.60,2,0.005381445323438412,1.0,2342.0394376303225,5.916666666666667,1089.356812197034,56.583333333333336,983.6689328238673,52.333333333333336
1,14,phi-0.30,0,0.0015874452994096193,1.0,2613.3124980187795,5.916666666666667,1081.9816291899199,55.916666666666664,969.0842649740147,52.0
1,14,phi-0.30,1,0.0005109025638124987,1.0,2242.5612959050945,5.916666666666667,1072.2197640685024,56.416666666666664,968.6688303167375,51.083333333333336
1,14,phi-0.30,2,0.00413705592642992,1.0,2276.243436310766,5.916666666666667,1075.9153091153798,56.666666666666664,969.5716292599114,50.75
1,14,phi+0.00,0,-0.004996351704225947,1.0,2299.1114378155567,5.916666666666667,1099.412006609881,57.583333333333336,986.7042318481049,53.0
1,14,phi+0.00,1,-0.002022159606204682,1.0,2510.245456202077,5.916666666666667,1105.3778774481004,57.083333333333336,982.5828227061573,52.583333333333336
1,14,phi+0.00,2,-0.0010628739626996982,1.0,2241.4280719017484,5.916666666666667,1113.2851127885006,56.416666666666664,964.2965366877262,51.5
1,14,phi+0.30,0,-0.0020535392818702733,1.755957612381868,2345.4918142323486,5.916666666666667,1080.831219670953,54.166666666666664,966.9486182022911,51.916666666666664
1,14,phi+0.30,1,-0.012139898728851236,1.9271708199269113,2360.847419216659,5.916666666666667,1100.3107090781762,57.0,962.2291088998232,50.5
1,14,phi+0.30,2,-3.014813137929832e-05,1.7924081582396505,2209.5873710166716,5.916666666666667,1080.0029391738058,55.083333333333336,969.5872423576748,51.666666666666664
1,14,phi+0.60,0,0.03783019190913026,4.029036223898519,2406.1548304944195,5.916666666666667,1097.3241224840801,55.833333333333336,968.7350204195237,51.166666666666664
1,14,phi+0.60,1,0.02474881558543153,3.560416927272001,2368.9614957670287,5.916666666666667,1102.76089150721,56.416666666666664,971.2779391244663,51.416666666666664
1,14,phi+0.60,2,0.030856142475210745,4.291469212916562,2030.7524094570026,5.916666666666667,1108.9291216145898,57.666666666666664,968.1080847295962,51.083333333333336
1,14,phi+0.90,0,0.22378472924506976,18.45928977782998,2111.7970242472907,5.916666666666667,1091.2340581068472,55.666666666666664,968.4406261622463,52.166666666666664
1,14,phi+0.90,1,0.2680651391173379,18.391848827874306,2144.1052514887956,5.916666666666667,1097.297080775213,55.916666666666664,961.1978497000426,51.333333333333336
1,14,phi+0.90,2,0.16280966816689887,12.51803089483067,2298.601270441729,5.916666666666667,1124.448197316213,56.75,948.9518687741129,50.416666666666664
1,14,phi+0.99,0,0.742476552841629,67.28026274948314,2176.9117898898216,5.916666666666667,1112.5354825151828,54.166666666666664,958.8160326547262,51.333333333333336
1,14,phi+0.99,1,0.8639750889171209,93.26225045450434,2160.4802549052533,5.916666666666667,1062.7088956574296,53.416666666666664,964.1086134789034,50.916666666666664
1,14,phi+0.99,2,0.8317250234608701,92.9325660551235,1819.8931875684464,5.916666666666667,1057.2169732886161,54.833333333333336,950.1392957902257,51.333333333333336
1,14,sorted,0,0.9153954624366796,104.89426956217474,1705.2207337452494,5.916666666666667,1023.7213696684956,55.25,927.6928409612328,50.166666666666664
1,15,real,0,0.02447725513585763,4.554605574162117,1900.5337463983233,9.416666666666666,1112.558284862753,67.75,1053.7269184162778,63.25
1,15,phi-0.60,0,-0.001452386601838608,1.0,2499.2619261938407,9.666666666666666,1119.7266925473034,67.91666666666667,1047.1077131536222,63.75
1,15,phi-0.60,1,0.0031249611531482227,1.0,2726.1586472471167,9.083333333333334,1106.5160335912851,66.0,1044.929316814008,61.583333333333336
1,15,phi-0.60,2,-0.0021233525840639476,1.0,2759.976636256231,9.666666666666666,1130.979417182845,68.16666666666667,1049.72725715907,61.25
1,15,phi-0.30,0,0.0027342540723526232,1.0,2137.382185873787,9.333333333333334,1117.22098773406,67.25,1035.853971975752,61.583333333333336
1,15,phi-0.30,1,0.008195241610944603,1.0,2181.496676730462,9.25,1129.3821495792467,68.08333333333333,1025.1420776210794,59.833333333333336
1,15,phi-0.30,2,-0.005830065796486976,1.0,2506.005912241058,9.416666666666666,1135.8671674692853,69.0,1059.3647834305143,62.25
1,15,phi+0.00,0,-0.0004944002123733382,1.0,2533.9160810801964,10.333333333333334,1106.7067246979916,66.16666666666667,1047.5994968846903,61.416666666666664
1,15,phi+0.00,1,-0.0015445089371163491,1.0,3431.391621675007,9.5,1164.2616710542763,68.75,1053.0319364179065,61.916666666666664
1,15,phi+0.00,2,-0.00860215512787499,1.000237047547854,2286.696317990031,9.5,1115.2530830808896,67.58333333333333,1048.0776225845466,62.25
1,15,phi+0.30,0,-0.0017060570693872474,1.4026802020820048,2183.9819791855166,9.416666666666666,1122.0508645574014,68.0,1049.7940884605769,62.416666666666664
1,15,phi+0.30,1,-0.0029832830881598113,1.203452060102237,2210.878197302016,9.583333333333334,1118.6423417968142,67.41666666666667,1038.812692806797,61.833333333333336
1,15,phi+0.30,2,0.0036765898982791248,1.4570627313714775,2284.4576123162965,9.916666666666666,1114.9391492492884,67.41666666666667,1060.39676681982,63.25
1,15,phi+0.60,0,-0.0028939656749128,2.013651010428038,2130.739924698583,9.5,1127.5508252105533,68.75,1030.179256107199,60.833333333333336
1,15,phi+0.60,1,-0.003626448793535954,1.7114424636682128,2419.8705005344877,9.583333333333334,1117.8269405516164,67.0,1040.7239990303292,61.0
1,15,phi+0.60,2,0.021618716145627746,2.9974024638565826,1976.3383154142211,8.916666666666666,1103.516431869259,66.66666666666667,1017.8504392326072,59.833333333333336
1,15,phi+0.90,0,0.06443577087985873,6.916143541162276,1838.154585332887,9.0,1083.3174518532762,67.16666666666667,1021.7845599473417,59.166666666666664
1,15,phi+0.90,1,0.10205482311115864,8.41369345668104,2465.6315074165377,9.416666666666666,1114.1374831056437,67.66666666666667,1040.1350804318954,59.916666666666664
1,15,phi+0.90,2,0.09180045473765075,7.617837887159193,2403.6855359137576,9.416666666666666,1112.4773584333407,66.5,1027.9340686687249,59.833333333333336
1,15,phi+0.99,0,0.36327684438307534,25.716746622683207,1834.010488042273,8.833333333333334,1098.217356221764,64.16666666666667,1007.5017839408855,58.166666666666664
1,15,phi+0.99,1,0.40120609660034795,31.137897991186094,1664.939551555666,9.25,1107.0682211741885,65.25,1019.481142562381,59.083333333333336
1,15,phi+0.99,2,0.17864551877215687,13.065169505811062,2331.866411045447,10.833333333333334,1126.7968884777108,66.0,1063.2861781163376,63.5
1,15,sorted,0,0.5095294804537044,44.885738653754956,1607.033671777619,8.083333333333334,1032.5821226780542,60.916666666666664,984.3240002183892,57.166666666666664
1,18,real,0,0.020077458558221208,2.9291397657796345,3523.1204175501384,10.416666666666666,1191.1953497884517,66.16666666666667,1097.9614848001274,61.75
1,18,phi-0.60,0,-0.00564906969056366,1.0,2068.7490376005176,9.833333333333334,1082.0766963302704,63.5,1055.0762421961215,59.5
1,18,phi-0.60,1,0.004045254218966554,1.0,3030.6379747454034,9.166666666666666,1102.172554180252,64.25,1071.9546020255293,62.166666666666664
1,18,phi-0.60,2,0.01795819184634679,1.0,2678.5356032829836,10.25,1130.6004741260128,67.16666666666667,1043.1383445448007,60.416666666666664
1,18,phi-0.30,0,-0.0013918453178631857,1.0,2219.2715998740546,9.333333333333334,1105.6995120242432,65.25,1035.2469957891215,59.5
1,18,phi-0.30,1,0.0073237659843853956,1.0,2625.863136637358,10.25,1113.0938513536635,64.91666666666667,1045.7530669522378,60.25
1,18,phi-0.30,2,0.0037149132370772713,1.0,2843.5791923110696,9.916666666666666,1099.777293316229,64.58333333333333,1060.841736464021,61.916666666666664
1,18,phi+0.00,0,0.0006037701729628755,1.0,2518.3112065848227,9.75,1100.9226818782063,65.16666666666667,1053.4681201079604,58.833333333333336
1,18,phi+0.00,1,-0.0020126071685124362,1.0,2530.1584593701004,9.833333333333334,1090.0160822247624,65.0,1083.6025911788622,62.25
1,18,phi+0.00,2,0.0006485632341608925,1.046217603585943,2402.9720552376457,9.416666666666666,1107.1323386027013,64.58333333333333,1080.7291618142033,61.916666666666664
1,18,phi+0.30,0,0.0007264284982632152,1.0887779471244283,2661.242333966577,9.666666666666666,1096.0082783954651,64.41666666666667,1045.5601981543225,60.75
1,18,phi+0.30,1,-0.007365561880244462,1.13692576519174,2262.206721761362,10.25,1092.8405093345752,63.416666666666664,1053.455026164832,60.916666666666664
1,18,phi+0.30,2,-0.0029163128385599887,1.1180884527204973,2653.4261834443937,10.166666666666666,1126.8987783792434,65.25,1052.2532706030129,60.333333333333336
1,18,phi+0.60,0,0.02522242003882129,1.5243388588389115,2467.7004589917447,9.5,1114.6081108722738,65.58333333333333,1039.0893604996206,59.0
1,18,phi+0.60,1,0.00528139925113144,1.434561794872836,3243.274255703447,9.916666666666666,1115.3512686945146,65.58333333333333,1045.6617645126266,58.75
1,18,phi+0.60,2,-0.003405827478067942,1.4857725026194986,2084.700397648314,9.75,1133.3084453108613,65.0,1059.7641394591071,60.166666666666664
1,18,phi+0.90,0,0.030718491263845144,3.837360120266493,2546.247216206658,9.416666666666666,1094.8368251032143,63.75,1039.5888662994864,58.916666666666664
1,18,phi+0.90,1,0.08236972549742602,6.914256914633723,2072.6800772959796,9.75,1103.1670800700872,64.83333333333333,1054.8522611370945,60.5
1,18,phi+0.90,2,0.16636893412422396,12.284712695657653,2683.8684752160043,9.25,1104.7470325091153,63.25,1055.954144582586,59.166666666666664
1,18,phi+0.99,0,0.19760183484819208,13.90552258836787,2841.389839114718,9.333333333333334,1162.276710171351,62.75,1047.9375508060577,58.416666666666664
1,18,phi+0.99,1,0.17434457029099693,19.19913322562267,3680.0319826439822,9.333333333333334,1266.9170105403934,63.333333333333336,1129.635317832432,60.416666666666664
1,18,phi+0.99,2,0.3047318897237307,25.58494031227041,1911.8952389408105,9.333333333333334,1090.0260966572191,63.416666666666664,1031.2930379573502,58.416666666666664
1,18,sorted,0,0.3187406150268552,27.864978941897526,1805.8132110880758,9.416666666666666,1044.9792948597922,60.666666666666664,999.3631220177625,56.583333333333336
1,20,real,0,0.22605505017407673,26.242679949673267,2653.337417031028,6.333333333333333,1130.523055035108,60.5,1005.0413681708498,55.0
1,20,phi-0.60,0,0.007304664615033313,1.0,2153.107708199636,6.166666666666667,1148.5037702694651,62.416666666666664,1000.4316612608478,55.333333333333336
1,20,phi-0.60,1,0.007267170752421161,1.0,2376.8965815896545,6.0,1132.1692865590642,60.75,1010.5164735891786,56.75
1,20,phi-0.60,2,0.007125348776229677,1.0,2658.5223830179975,6.5,1177.0396491808226,62.916666666666664,1003.598445126031,53.916666666666664
1,20,phi-0.30,0,0.0038202396497410045,1.0,2148.764546407599,6.083333333333333,1094.8239233862732,59.916666666666664,996.5254162611608,54.666666666666664
1,20,phi-0.30,1,0.002597078896575826,1.0,2278.6340071831087,6.416666666666667,1129.679228880477,61.333333333333336,998.5452614297132,54.083333333333336
1,20,phi-0.30,2,-0.001986574230510929,1.0,2182.953822693074,6.25,1156.062654585345,61.916666666666664,977.9413756539717,53.0
1,20,phi+0.00,0,-0.005911657191171449,1.068619601429897,2483.1425106666798,6.25,1158.0421428627042,61.25,996.6637312989118,53.916666666666664
1,20,phi+0.00,1,0.006584499088489306,1.2289531139531202,2586.4004657463734,6.166666666666667,1129.301630848244,60.0,1001.46727316198,54.333333333333336
1,20,phi+0.00,2,0.0006612979546981224,1.083067396787773,2398.155037163263,6.5,1143.1588773989276,61.583333333333336,990.517859047644,53.916666666666664
1,20,phi+0.30,0,0.02749772998204963,1.8342644019617276,2271.0645228101944,6.083333333333333,1150.8204408718523,60.833333333333336,987.873393421996,54.083333333333336
1,20,phi+0.30,1,0.0040990748268453885,1.7081614312372064,2327.1289507634806,6.416666666666667,1158.2511186819027,61.333333333333336,1005.6598288547979,54.666666666666664
1,20,phi+0.30,2,-0.0007861715550333383,1.7593697051870965,3212.682876440778,6.5,1186.9741476273,63.166666666666664,999.0970629096379,53.083333333333336
1,20,phi+0.60,0,0.034499542936034716,3.5335322595857255,3027.27884509791,6.5,1140.0832060863515,61.25,1002.766981420739,53.833333333333336
1,20,phi+0.60,1,-0.009857050743516692,3.2435337276135057,2338.6676990413434,6.166666666666667,1156.867337165719,63.083333333333336,997.2072425019186,53.75
1,20,phi+0.60,2,0.006432009951459919,3.6415472598699488,2331.2159191318465,6.333333333333333,1130.237957155717,60.333333333333336,984.9464635266122,53.0
1,20,phi+0.90,0,0.2513320726856031,17.76935396183393,2239.4088448760594,6.0,1181.3652248826913,60.25,998.9524074222277,53.75
1,20,phi+0.90,1,0.11297509363225998,10.192677379875686,2761.5548772539496,6.166666666666667,1131.9693964532337,60.166666666666664,991.9110011375046,53.833333333333336
1,20,phi+0.90,2,0.24750047314570722,17.709959449883407,1983.0346355216298,6.0,1122.5736949698278,60.333333333333336,979.878543789327,53.916666666666664
1,20,phi+0.99,0,0.5981267266036012,48.73308057993485,2296.1472142083326,6.166666666666667,1153.781049105871,58.666666666666664,968.0157006870119,51.0
1,20,phi+0.99,1,0.6116030991937319,49.339034480439146,1984.2409064294607,6.166666666666667,1124.2224357794407,58.0,973.0968056850188,52.5
1,20,phi+0.99,2,0.7282114244739655,77.62238175626149,3322.716853641387,6.0,1353.9863297838076,60.083333333333336,1036.5150446828877,50.916666666666664
1,20,sorted,0,0.8573569687982238,95.04858546923488,1638.691296136469,6.166666666666667,1052.4687997692774,56.166666666666664,938.4865683247789,50.5
1,22,real,0,0.02353602711415032,1.2311485881427053,1914.9099273054678,5.916666666666667,1062.843807239797,58.0,954.0025811005999,53.583333333333336
1,22,phi-0.60,0,0.006422697645867,1.0,2205.898016365783,5.916666666666667,1099.216294402973,58.75,976.1067197072161,53.25
1,22,phi-0.60,1,0.00559274208980066,1.0,2034.9843693597522,5.916666666666667,1095.7939064703937,58.75,981.4846980636274,54.75
1,22,phi-0.60,2,0.006927442323489676,1.0,1968.7940365386091,6.083333333333333,1093.0356879593999,60.5,975.0247866547828,54.25
1,22,phi-0.30,0,0.00972667865255774,1.0,1951.0677696887844,5.916666666666667,1109.0701747923274,58.833333333333336,963.8141447413045,53.666666666666664
1,22,phi-0.30,1,-0.00017051029232243264,1.0,2179.7084180293896,5.916666666666667,1115.3805227705886,57.5,963.6264209599443,52.583333333333336
1,22,phi-0.30,2,0.0007315072731029612,1.0,2176.298955904945,5.916666666666667,1093.4442633225274,58.416666666666664,979.2994955188941,54.333333333333336
1,22,phi+0.00,0,0.003541149107832781,1.0,1870.80960144599,5.916666666666667,1097.3980349047529,59.166666666666664,977.0390504402652,54.666666666666664
1,22,phi+0.00,1,-0.0036384944927268796,1.0084284809687432,2102.0671647935937,5.916666666666667,1092.0606628789485,59.5,987.8753635228522,54.916666666666664
1,22,phi+0.00,2,-0.003993368827609289,1.0,2098.0523239132913,5.916666666666667,1086.9378622261004,59.166666666666664,970.7386890284656,53.5
1,22,phi+0.30,0,-0.002923931335267819,1.7032545200797462,1991.3758830185725,5.916666666666667,1097.8850696503353,58.083333333333336,959.5814621487017,53.0
1,22,phi+0.30,1,-0.004405706402713354,1.895635117932024,2217.0548816195346,6.083333333333333,1110.0842670554855,59.166666666666664,970.2210294912919,53.333333333333336
1,22,phi+0.30,2,0.0008827753703351111,1.523999586426729,1997.613234261037,5.916666666666667,1116.1110534517238,57.916666666666664,962.7958813333934,53.0
1,22,phi+0.60,0,0.002466741821742406,2.5930831306426136,2047.0376573740525,5.916666666666667,1099.2110744972974,57.083333333333336,963.5061740363811,53.583333333333336
1,22,phi+0.60,1,0.02947244574721165,3.7484754544328878,2329.815035391461,5.916666666666667,1099.4941082897967,58.5,977.5179559881482,54.0
1,22,phi+0.60,2,0.03385595913979631,3.8051261806436623,2022.313681752374,5.916666666666667,1117.0574434529476,58.916666666666664,987.1327925480913,54.166666666666664
1,22,phi+0.90,0,0.18756608877531325,14.428175619033224,1872.750968398938,5.916666666666667,1083.0441049143872,57.666666666666664,958.5457474916585,52.333333333333336
1,22,phi+0.90,1,0.2932086838835763,21.694458548972698,2273.081795114851,5.916666666666667,1132.9183442786505,58.25,975.1334659706163,53.833333333333336
1,22,phi+0.90,2,0.1549418777106576,12.099865183990827,1831.8570342838686,5.916666666666667,1076.8900188796254,57.25,955.6324007209979,53.083333333333336
1,22,phi+0.99,0,0.6992855613124659,64.15595942047263,1835.6115330834598,5.916666666666667,1080.6206354682702,57.416666666666664,959.5395369964434,53.0
1,22,phi+0.99,1,0.6245993455479386,57.179023767343125,2612.686014346053,5.916666666666667,1281.4555144091503,58.0,1008.6878945890394,52.916666666666664
1,22,phi+0.99,2,0.7329927214962177,78.65584457164522,1594.2861841787264,5.916666666666667,1026.3697528038012,56.25,946.5061816660206,53.833333333333336
1,22,sorted,0,0.897499106827002,102.0101689677881,1579.2654423643344,5.916666666666667,1026.6697737765182,55.666666666666664,940.9425726374797,53.416666666666664
1,21,real,0,0.005974377597121957,3.0194623880572315,2379.4996673198207,6.0,1100.6959150087694,60.75,1009.0105236713234,53.916666666666664
1,21,phi-0.60,0,0.005944201342185506,1.0,2346.0354440382034,6.0,1099.8559081694445,61.0,984.6956696313799,52.166666666666664
1,21,phi-0.60,1,0.004328593170467311,1.0,2165.128973953472,6.083333333333333,1088.3120003591966,59.25,995.2110866460785,51.666666666666664
1,21,phi-0.60,2,0.007929170366274364,1.0,2365.2156689651247,6.083333333333333,1082.4246870911745,59.083333333333336,990.386188923257,51.75
1,21,phi-0.30,0,-0.001507907748147944,1.0,2280.5550074933344,6.083333333333333,1073.8022005348564,57.833333333333336,988.3299680495919,53.0
1,21,phi-0.30,1,0.0015169053394887902,1.0,2250.483930709783,6.0,1109.7286710854617,58.333333333333336,992.8442949788879,53.166666666666664
1,21,phi-0.30,2,-0.0006056173558484791,1.0,2139.1291359889215,6.0,1093.9818637244625,60.166666666666664,981.4861943904626,52.833333333333336
1,21,phi+0.00,0,0.007514908876134228,1.0375781403515405,2391.6966016189012,6.0,1104.8681285651253,59.416666666666664,1000.8510564732547,52.0
1,21,phi+0.00,1,0.004134411734410471,1.1414826392848665,2229.9637485572202,6.083333333333333,1102.7722866614306,60.0,991.4384719183039,52.25
1,21,phi+0.00,2,-0.006730029428119708,1.0010573623691768,2213.4239725540424,6.0,1102.5126023143184,59.666666666666664,980.1129225052468,52.75
1,21,phi+0.30,0,-0.007153922876200025,1.598092559144472,1968.6316593101976,6.0,1095.8334947222359,59.75,974.9028217180918,52.25
1,21,phi+0.30,1,-0.0034547563344675134,1.7432723560086925,2188.690303270769,6.0,1114.1604322894325,59.333333333333336,966.8545957467659,51.583333333333336
1,21,phi+0.30,2,0.013891235932961734,1.909282328420853,2172.693962738494,6.0,1096.1755543670554,59.0,984.5025511987532,52.833333333333336
1,21,phi+0.60,0,0.03184380875405571,3.2554859223933286,2334.7563772562066,6.0,1116.6191296271843,59.75,991.5905573053038,52.833333333333336
1,21,phi+0.60,1,0.011225016856493648,3.3420805998257497,2632.3877549050435,6.0,1076.1983392858776,58.833333333333336,986.5976355386359,52.166666666666664
1,21,phi+0.60,2,0.042304697068506134,3.697278885697424,2365.66166263984,6.0,1103.8020289467368,60.25,981.6420009273876,51.583333333333336
1,21,phi+0.90,0,0.2243383717902444,15.643502275078621,2292.0663704774147,6.083333333333333,1151.0949265401841,59.25,998.8832807106527,52.583333333333336
1,21,phi+0.90,1,0.13266622664437872,11.089326490985925,2308.3254117677675,6.0,1153.761915858767,59.5,998.9375781585904,51.833333333333336
1,21,phi+0.90,2,0.18762548026133893,13.520478659729317,2467.5686859333587,6.083333333333333,1186.7139777996297,57.583333333333336,1017.8757368139442,52.166666666666664
1,21,phi+0.99,0,0.6769322318739207,68.75334659296685,1977.079926127701,6.0,1118.078453112288,57.5,1006.8781937084023,52.416666666666664
1,21,phi+0.99,1,0.6941022590366244,72.32366943058938,2478.7706308134625,6.0,1217.8700422507936,58.083333333333336,1006.2831833516267,51.0
1,21,phi+0.99,2,0.6267386149695376,61.32665679252939,2586.7992688033896,6.0,1219.3607739260349,59.083333333333336,1018.4447375228268,51.75
1,21,sorted,0,0.9602155352851354,111.89930369647472,1726.5484472518895,6.0,1038.4872939793415,58.083333333333336,935.7912819784384,50.333333333333336
1,23,real,0,0.121046088115565,10.063705966363061,2058.343343857216,11.666666666666666,1036.1054590684282,61.166666666666664,1000.6462924812686,58.916666666666664
1,23,phi-0.60,0,0.0007864872973379417,1.0,2233.5252022798213,11.75,1032.1366826968322,61.416666666666664,1024.1723407009274,60.416666666666664
1,23,phi-0.60,1,0.006880039658025975,1.0,1866.7291508446333,11.666666666666666,1028.424542716389,60.916666666666664,1020.394393372515,60.0
1,23,phi-0.60,2,0.0016832825593452254,1.0,2473.8677970267363,11.916666666666666,1023.3707937232199,60.0,1009.8386931765837,59.333333333333336
1,23,phi-0.30,0,0.0030277012953684305,1.0,2319.41841177012,11.333333333333334,1033.3986534265628,61.333333333333336,1012.9589943879951,59.666666666666664
1,23,phi-0.30,1,0.0029746795869722738,1.0,2380.0589790073236,11.916666666666666,1057.3282053300911,62.583333333333336,1014.8080580502278,59.666666666666664
1,23,phi-0.30,2,-0.0017936542585789193,1.0,2342.361263171879,12.5,1045.1582077150229,61.75,1017.4266127474776,60.083333333333336
1,23,phi+0.00,0,-0.0045533019500975085,1.0,2489.562471614852,12.0,1053.3779386596416,62.166666666666664,1016.6894252432348,61.0
1,23,phi+0.00,1,-0.004091733520938378,1.0,2068.9210913429183,11.916666666666666,1042.0974174903693,62.333333333333336,1013.9187121424029,60.0
1,23,phi+0.00,2,0.014300392728393459,1.0,2552.3069216413605,12.0,1055.3188099522974,62.583333333333336,1019.2453587583444,60.833333333333336
1,23,phi+0.30,0,0.005080120067990858,1.5356003799764402,2497.5125516860367,11.666666666666666,1038.83700883616,61.166666666666664,1024.6510513823284,60.416666666666664
1,23,phi+0.30,1,-0.003953296657647923,1.0266625299798422,2133.3570577119035,11.916666666666666,1027.3885731671157,60.75,1005.2660568671132,59.25
1,23,phi+0.30,2,-0.001410543590058703,1.0,2897.204402012891,12.583333333333334,1049.2644308240876,62.333333333333336,1006.6419577837333,59.75
1,23,phi+0.60,0,0.014564548414921835,3.216699177726323,2575.282672067955,12.916666666666666,1049.2566597362247,62.5,1012.9358595376583,59.166666666666664
1,23,phi+0.60,1,0.010451745356870367,1.3486250686786865,2458.4117497101583,11.833333333333334,1036.7995301448686,59.833333333333336,1010.2837525152312,59.083333333333336
1,23,phi+0.60,2,-0.00026864723285921943,2.4751824463626657,2254.638719886669,12.166666666666666,1039.0074142131152,60.916666666666664,997.227389139084,58.416666666666664
1,23,phi+0.90,0,0.02013977872483201,3.019883346052325,2623.185392669264,11.75,1042.8007165321135,62.416666666666664,1008.5276734747,59.083333333333336
1,23,phi+0.90,1,0.03100758804220071,3.6473013662629863,2413.4308179518725,11.583333333333334,1046.7659217846947,61.666666666666664,1006.7466473955,59.0
1,23,phi+0.90,2,0.038058353737175726,4.776978623985901,2044.4029452469474,11.833333333333334,1042.15547190501,61.25,1017.4141666307886,60.25
1,23,phi+0.99,0,0.27428416196146466,21.70997699737628,2552.4789168281573,11.333333333333334,1062.587046042286,60.916666666666664,1015.3318649358042,57.083333333333336
1,23,phi+0.99,1,0.0429745392339049,5.242677163538894,2122.8172116819637,12.083333333333334,1024.8292098196443,60.666666666666664,1008.3758479868542,59.75
1,23,phi+0.99,2,0.12343735920408447,9.217529599672854,1835.018936426796,11.666666666666666,1012.8293925136609,59.166666666666664,998.881183267399,59.0
1,23,sorted,0,0.3421441563370529,23.159920837085778,1826.5661361230684,11.25,1000.3261210533551,58.25,978.2607064505729,57.333333333333336
1,24,real,0,0.03825209946379687,3.4117279518876336,1861.2240600015475,6.166666666666667,1085.4518471018912,58.666666666666664,974.542555756239,52.666666666666664
1,24,phi-0.60,0,0.0065917333499444395,1.0,1965.2610728112459,6.25,1128.2658356913992,59.25,1000.9842695668434,54.833333333333336
1,24,phi-0.60,1,0.003964289752222569,1.0,1912.723955151483,6.5,1136.4942043377685,59.75,986.0060206313716,53.333333333333336
1,24,phi-0.60,2,0.0037780257924996553,1.0,1983.7977780624717,6.166666666666667,1118.62573213276,59.583333333333336,985.6920023105312,53.916666666666664
1,24,phi-0.30,0,0.0013725618978477738,1.0,2274.766488657359,6.416666666666667,1128.1888285750058,59.833333333333336,969.5025898535582,52.416666666666664
1,24,phi-0.30,1,-0.001639621261861635,1.0,2141.911860324213,6.5,1122.2427513075727,58.5,1004.4869155581833,54.833333333333336
1,24,phi-0.30,2,0.003957184004541014,1.0,2177.4292281530834,6.416666666666667,1123.956701227183,60.75,997.9071964113913,53.75
1,24,phi+0.00,0,0.0044387551641066865,1.0,2211.179548347396,6.25,1095.9086058915498,59.666666666666664,990.1926552284722,53.75
1,24,phi+0.00,1,-0.0010659182688510167,1.0,2301.1366149320856,6.25,1124.862647185503,60.166666666666664,993.1520226232163,54.083333333333336
1,24,phi+0.00,2,-0.004141639546769868,1.0,1857.7176635309677,6.5,1126.7571217137868,60.5,995.7788196904503,54.5
1,24,phi+0.30,0,-0.00563730065112818,1.479826233384389,2103.6515750427416,6.666666666666667,1108.2839699603085,58.916666666666664,977.0592976849899,53.5
1,24,phi+0.30,1,-0.003596055936466377,1.8491682296108287,2088.410984147031,6.25,1138.0837614447998,59.25,996.5326322312632,53.916666666666664
1,24,phi+0.30,2,-0.008239583944299982,1.5323347395526596,2002.2306094867702,6.416666666666667,1099.239763962352,58.75,977.4747121176746,52.666666666666664
1,24,phi+0.60,0,0.02590117124317612,4.6300922335381784,1906.9084812909605,6.5,1124.3081987686119,59.583333333333336,972.2342769216634,52.75
1,24,phi+0.60,1,0.005281272257207362,3.453381929871125,2320.568685866339,6.666666666666667,1115.4652373468768,59.666666666666664,991.4882334037093,54.333333333333336
1,24,phi+0.60,2,0.052403971492098064,3.929131113503043,1971.5834818349633,6.5,1132.7151430413567,61.0,1004.6440941230525,54.0
1,24,phi+0.90,0,0.1281375393755625,10.548292175412822,1990.7233806520314,6.416666666666667,1101.2815456430133,58.75,984.4747183517887,54.166666666666664
1,24,phi+0.90,1,0.2522768130615082,17.934222989330568,2502.2251993863742,6.25,1187.6006066458697,60.583333333333336,1006.5578178726122,53.833333333333336
1,24,phi+0.90,2,0.23312117243046823,16.269839518383563,2308.0940603448767,6.25,1144.7681928740105,60.333333333333336,989.2548698965592,52.75
1,24,phi+0.99,0,0.7759364412547505,84.75048436303607,2822.1859453010275,6.333333333333333,1294.1611937725231,56.75,1057.3023621050986,53.083333333333336
1,24,phi+0.99,1,0.7285853390271334,66.08908837910204,2654.764646464231,6.25,1248.1359418954319,56.916666666666664,1037.9915077709927,51.416666666666664
1,24,phi+0.99,2,0.4789182051790072,36.7395908122686,2756.558845048025,6.25,1156.1115858140531,56.583333333333336,1021.0472805426675,52.25
1,24,sorted,0,0.8023894506685647,88.06118573291948,1564.7937517999565,6.25,1023.5926398086312,56.166666666666664,948.4469305805219,51.333333333333336
1,26,real,0,0.21998580875368548,20.986003880015698,1612.5442612696258,8.083333333333334,996.8719748539115,58.583333333333336,983.3493436376981,58.25
1,26,phi-0.60,0,-0.0024874969233299286,1.0,1857.6135226240174,8.5,1077.1236157045032,62.083333333333336,1051.3541111596633,61.333333333333336
1,26,phi-0.60,1,0.011865917204571044,1.0,2439.2753504227408,8.916666666666666,1043.6269109012835,62.333333333333336,1034.0091841405876,62.166666666666664
1,26,phi-0.60,2,0.008555566700937477,1.0,1786.84002728664,8.75,1017.6784482395674,61.416666666666664,1023.4863567257521,61.25
1,26,phi-0.30,0,-0.0059012744098728845,1.0,1906.2882797056225,8.916666666666666,1030.2318188469487,62.166666666666664,1036.7333627885484,62.583333333333336
1,26,phi-0.30,1,-0.004470304056530646,1.0,2311.717398384596,8.666666666666666,1025.5627301891866,61.333333333333336,1036.5701018710804,62.416666666666664
1,26,phi-0.30,2,0.004287343718045413,1.0,2202.864068114371,8.916666666666666,1025.4572665293795,62.0,1026.0443533944615,60.416666666666664
1,26,phi+0.00,0,0.000938513975878403,1.0702854650575548,2081.5982033323285,9.083333333333334,1011.9488689459018,61.333333333333336,1038.1325785901693,62.166666666666664
1,26,phi+0.00,1,-0.0025241973608523156,1.0,2065.7489053913864,9.166666666666666,1023.9912067440888,62.416666666666664,1021.5849729726065,60.916666666666664
1,26,phi+0.00,2,0.008995635399978687,1.0971565621302717,2052.0555158817783,8.75,1033.894122344035,61.416666666666664,1022.42770553341,60.833333333333336
1,26,phi+0.30,0,-0.00116840631480688,1.879217433495747,2205.38682589902,9.416666666666666,1035.295019524963,62.416666666666664,1030.2952572206616,61.75
1,26,phi+0.30,1,-0.0027663064690159242,1.364651459115188,2104.381585111458,8.916666666666666,1017.1276153801491,61.166666666666664,1051.6149415722523,62.583333333333336
1,26,phi+0.30,2,-0.004223745976561591,1.4073801989050443,1782.57016708701,8.75,1028.392744096217,62.333333333333336,1029.4280069305194,60.75
1,26,phi+0.60,0,-0.007398083480376779,1.9144594277417133,1827.9515712899956,8.666666666666666,1025.1986171654264,61.583333333333336,1023.8735627812827,60.083333333333336
1,26,phi+0.60,1,0.0037399560341493973,1.7983009966289858,2019.5511004878308,9.333333333333334,1017.8033435374722,61.25,1025.4800854934074,61.0
1,26,phi+0.60,2,0.00018938705911689777,2.858068794762513,2383.8878941107628,8.916666666666666,1025.2930081050786,61.583333333333336,1037.9522020058375,61.5
1,26,phi+0.90,0,0.17984567328835285,16.094536922648714,1556.3914589390752,8.583333333333334,1020.8852018872049,61.333333333333336,1012.4649658453072,60.666666666666664
1,26,phi+0.90,1,0.10624782001381419,9.365889389052885,1975.9666203974375,8.333333333333334,1014.9967721936047,60.5,1026.885435858717,61.416666666666664
1,26,phi+0.90,2,0.07831847804799616,8.464364081822207,1791.3637200685835,7.916666666666667,1016.1511542256386,59.5,1011.327752612468,59.416666666666664
1,26,phi+0.99,0,0.6919981947968118,55.817480474950656,1650.1391136088776,7.583333333333333,1009.4884111322217,59.083333333333336,981.9280567417609,56.833333333333336
1,26,phi+0.99,1,0.3194614679474721,21.235670889023037,1656.8522544822788,8.25,1002.1834179736987,59.25,985.7192375366226,58.0
1,26,phi+0.99,2,0.12863677970748702,10.863491519596858,1685.9775214750944,7.916666666666667,999.8811007976437,59.5,999.8947441181854,59.5
1,26,sorted,0,0.6054502066215646,55.877165021577305,1606.617525313335,7.333333333333333,980.9335211002785,57.5,966.2010080424693,56.333333333333336
1,27,real,0,-0.003113146805329761,1.3497465262958424,1870.9307071731218,6.0,1080.9195730958697,57.166666666666664,956.0945768777577,51.25
1,27,phi-0.60,0,0.007026910812351776,1.0,2265.8552626771625,6.0,1091.6397710901344,55.75,946.8677711850845,50.5
1,27,phi-0.60,1,0.0047986514903743645,1.0,2005.3604407445657,6.0,1080.2936163508837,57.083333333333336,960.0502122076076,51.916666666666664
1,27,phi-0.60,2,0.004297868410948601,1.0,2013.792471130847,6.0,1109.1917069297988,56.583333333333336,964.9898918476079,52.5
1,27,phi-0.30,0,0.0007576344867967365,1.0,1959.9428433047212,6.0,1094.640702983291,56.333333333333336,971.5161271070752,52.333333333333336
1,27,phi-0.30,1,0.0029335834972690988,1.0,2035.030391806167,6.0,1117.5415413106919,57.083333333333336,960.2476266105891,52.25
1,27,phi-0.30,2,0.0017911902732538545,1.0,1957.6738040427363,6.0,1079.0897675317074,55.666666666666664,950.7445848991592,51.666666666666664
1,27,phi+0.00,0,0.0026812289576804206,1.0,1929.5610424124327,6.0,1087.8634119956773,56.25,953.0016820507527,50.666666666666664
1,27,phi+0.00,1,-0.004857914410984891,1.0674005718022994,2126.3386075238714,6.083333333333333,1086.5694276053234,56.0,966.7023861375941,52.916666666666664
1,27,phi+0.00,2,0.0014485740912280275,1.1462909713148308,2516.9653289280736,6.0,1126.7756170413693,57.25,955.4424749227295,50.916666666666664
1,27,phi+0.30,0,0.026380393168072808,3.0046286963289752,1835.224717884412,6.0,1078.615409473904,55.666666666666664,954.9932362122628,52.0
1,27,phi+0.30,1,0.022203868586649213,2.3284785014923868,2072.3736677915026,6.0,1089.4384130150268,56.166666666666664,936.5001587925373,49.833333333333336
1,27,phi+0.30,2,-0.00133321484387484,1.7031972350414406,1908.2794091032592,6.0,1069.699732080726,55.5,949.9609511766581,52.333333333333336
1,27,phi+0.60,0,0.028179664313489294,3.494498947353127,2261.134612186003,6.0,1129.6997978699465,56.75,982.3006852738039,53.083333333333336
1,27,phi+0.60,1,0.0067173505788517334,3.8756934890105006,2029.4970900815397,6.0,1092.5562381821564,57.25,977.5684340314087,53.5
1,27,phi+0.60,2,0.021940523671212697,4.1391408635959515,2083.9234764410326,6.0,1125.1959646654084,57.166666666666664,953.6266233620371,51.75
1,27,phi+0.90,0,0.3026642405266565,20.241652780803964,1939.6920164804894,6.0,1118.0551321968956,57.25,974.6492624405537,51.25
1,27,phi+0.90,1,0.21949200849280084,17.137794984742804,1910.6723719151657,6.0,1065.4490355877108,53.75,947.9585838326011,52.0
1,27,phi+0.90,2,0.30704061545963285,23.09621515864,2185.670137514148,6.0,1110.3365309613014,56.583333333333336,964.2306972959001,51.666666666666664
1,27,phi+0.99,0,0.7634616062292923,74.2879579329526,2457.7883608312645,6.0,1193.2895694985375,54.666666666666664,1003.5766977911045,51.583333333333336
1,27,phi+0.99,1,0.7001111168425178,71.21488686205738,3040.038312354716,6.0,1223.3621518201398,54.833333333333336,1015.7544247176369,53.416666666666664
1,27,phi+0.99,2,0.6056494301772849,50.7254173021874,2874.975704734256,6.0,1253.6525256849372,55.0,1000.145337663726,51.666666666666664
1,27,sorted,0,0.9122622920675204,104.1288842265483,1701.6232630872944,6.0,1023.1916532127098,53.666666666666664,936.7934859355469,51.833333333333336
1,28,real,0,-0.02671199346597228,1.833694742384252,1838.2758621229334,6.25,1121.3134709296012,64.33333333333333,970.6844734729594,55.166666666666664
1,28,phi-0.60,0,0.007219903272091858,1.0,1830.5505368563465,6.333333333333333,1141.8304461193482,66.58333333333333,966.7052008889646,54.25
1,28,phi-0.60,1,0.004908931057257195,1.0,2176.814872979706,6.166666666666667,1136.9413026820287,66.91666666666667,970.3727036649385,54.5
1,28,phi-0.60,2,0.006805904963540321,1.0,1975.241108215775,6.333333333333333,1133.183503326445,65.58333333333333,978.6387757243814,54.666666666666664
1,28,phi-0.30,0,-0.0019854251219918752,1.0,2128.113271197187,6.666666666666667,1140.7334829575934,66.58333333333333,971.8656182449772,53.416666666666664
1,28,phi-0.30,1,-0.0027458244723739954,1.0,2198.5078868715445,6.083333333333333,1127.0336530851291,65.16666666666667,989.4757103180947,54.583333333333336
1,28,phi-0.30,2,0.0016834441302621785,1.0,3445.06487218374,7.083333333333333,1139.3712468645836,66.16666666666667,991.3650330649231,54.833333333333336
1,28,phi+0.00,0,0.001800139292035858,1.0415454917435678,3261.5004850124865,6.416666666666667,1156.842125782942,65.25,970.0100244387812,53.5
1,28,phi+0.00,1,-0.0035506168476265856,1.0,2301.617894395863,6.25,1122.4604716191554,65.5,974.9504325658086,53.25
1,28,phi+0.00,2,-0.00486412929069698,1.0300274051279483,2860.8741899174424,6.583333333333333,1148.3526921989062,65.08333333333333,988.1633647820339,55.416666666666664
1,28,phi+0.30,0,-0.006871433465048793,1.6573420643125314,2397.8658147300785,6.333333333333333,1142.3155592581952,65.66666666666667,968.0701776522077,53.333333333333336
1,28,phi+0.30,1,0.008573103835147769,1.7723464920076881,2980.1469222941664,6.416666666666667,1172.2387042721934,67.5,992.9626618382936,54.5
1,28,phi+0.30,2,0.011396620518469836,1.8424565181984005,3232.335417634227,6.5,1170.4818534252288,65.83333333333333,972.3981523685011,53.083333333333336
1,28,phi+0.60,0,0.02056679595974502,2.9159286815117285,2357.900753301747,6.333333333333333,1122.1024803404812,64.41666666666667,998.6085360645242,55.333333333333336
1,28,phi+0.60,1,0.04227657667087036,3.368069794265841,3085.566570149625,6.5,1189.4992218911545,68.25,993.6675972051038,53.416666666666664
1,28,phi+0.60,2,0.01402758593624522,2.7492564315442647,1980.8777437267165,6.416666666666667,1137.36420233424,65.0,974.0083542508502,54.25
1,28,phi+0.90,0,0.15514835282494052,11.72276569497423,2150.385498948005,6.416666666666667,1167.5621185352536,65.33333333333333,976.5990701593182,53.416666666666664
1,28,phi+0.90,1,0.22946191451100814,23.515634630426394,2485.224115256129,6.166666666666667,1157.2277400784196,65.08333333333333,984.8729324859414,53.25
1,28,phi+0.90,2,0.20186702352224398,14.383124213710847,1698.492271335299,6.666666666666667,1102.6682899669975,65.5,963.8647191242525,53.916666666666664
1,28,phi+0.99,0,0.7428288856324122,73.39749585801097,2441.3262653949237,6.25,1177.2757121515353,61.083333333333336,1001.5228270611668,52.0
1,28,phi+0.99,1,0.6306477512764189,55.93452489408279,2364.3953385821947,6.166666666666667,1193.7391936277593,62.75,1006.3886771601088,53.083333333333336
1,28,phi+0.99,2,0.5919192498963188,50.68481679086352,2256.1972224017586,6.0,1180.74960190754,64.91666666666667,994.4445972211246,53.75
1,28,sorted,0,0.9501351436889721,109.81795481528334,1536.4100262035201,6.25,1050.2261962192645,60.166666666666664,926.4133025557395,50.666666666666664
1,29,real,0,0.004128106588178932,1.0,2123.546614058945,6.0,1099.7937135172729,52.0,961.8634496796536,50.833333333333336
1,29,phi-0.60,0,0.007224654266885732,1.0,2043.4108867825323,6.0,1128.7395789542052,54.083333333333336,973.5148205112531,51.75
1,29,phi-0.60,1,0.004513830846116383,1.0,1957.0455193448427,6.0,1101.0965500215186,52.666666666666664,953.9073969844452,51.0
1,29,phi-0.60,2,0.0029559666520272243,1.0,2238.5717915740674,6.0,1133.2380093141367,53.25,967.9768668898337,51.166666666666664
1,29,phi-0.30,0,-0.0026054994040804426,1.0,2059.125317057965,6.0,1127.6801233936858,52.5,961.0561983374337,51.333333333333336
1,29,phi-0.30,1,0.0021734128916090553,1.0,2274.2325270153583,6.0,1103.1039491721478,53.166666666666664,948.717277394035,50.0
1,29,phi-0.30,2,-0.004736919007773932,1.0,2184.680554396689,6.0,1115.1638300181764,54.25,956.1623999531403,50.833333333333336
1,29,phi+0.00,0,-0.002032224184966182,1.0,1997.4786612324442,6.0,1115.1814536374436,52.666666666666664,964.4802861676266,51.416666666666664
1,29,phi+0.00,1,-0.0009442667122581167,1.0,2090.2575459145132,6.0,1090.399703482929,52.666666666666664,973.071766394759,52.75
1,29,phi+0.00,2,-0.0038524595701001627,1.0,2167.854614345977,6.0,1117.0609168106002,53.916666666666664,964.6850654923229,50.25
1,29,phi+0.30,0,0.0029067022013719644,1.3424010312647627,2054.066047852831,6.0,1102.7987091408038,53.666666666666664,963.8435090632775,51.166666666666664
1,29,phi+0.30,1,0.0031468608789120786,1.6659396518647254,2246.258628184212,6.0,1123.3213158168244,54.25,960.3562943716769,51.0
1,29,phi+0.30,2,0.0023075229686986237,1.7328343027543358,2075.5520887425846,6.0,1105.0440242205595,53.25,960.5305875141502,50.5
1,29,phi+0.60,0,0.013115093056429827,3.2739697784120128,2045.7547253007378,6.0,1105.7286240827227,54.083333333333336,962.1607369653167,50.583333333333336
1,29,phi+0.60,1,0.02940722261195243,2.771452611392813,2014.683107231667,6.0,1099.9414386958013,53.5,962.6463466997948,51.416666666666664
1,29,phi+0.60,2,0.036958200212227704,2.940118748687312,2205.1881739901332,6.0,1131.036898761061,53.5,966.3144544154569,50.833333333333336
1,29,phi+0.90,0,0.11930239977031153,10.596361027616613,2059.0625366657237,6.0,1112.845170666097,53.583333333333336,957.4523094175511,51.5
1,29,phi+0.90,1,0.13682992581200237,10.871991090550228,2215.1920496511043,6.0,1104.7250082153005,53.083333333333336,980.0003805027568,51.833333333333336
1,29,phi+0.90,2,0.15318316195372145,11.461263150056826,2095.3810521817923,6.0,1130.1398727052826,53.416666666666664,951.9018318272961,50.833333333333336
1,29,phi+0.99,0,0.5846975102545405,50.395281658217314,2026.336361976534,6.0,1116.0833275040975,53.75,968.3698224195385,51.583333333333336
1,29,phi+0.99,1,0.5687065377790923,51.20987607816948,2454.6713074435474,6.0,1170.1235675154996,53.916666666666664,968.9279917735586,51.166666666666664
1,29,phi+0.99,2,0.5927833634266976,59.06976410575306,2148.602653723996,6.0,1118.8584250076333,53.25,970.0898318487444,51.5
1,29,sorted,0,0.9239819681254604,105.93704726888869,1791.1570611145205,6.0,1041.9299652790053,53.25,930.6865930721266,50.083333333333336
1,30,real,0,-0.016639168443008733,1.348102262817401,2463.726059809058,6.0,1104.4168184832242,62.25,992.2144251277396,54.75
1,30,phi-0.60,0,0.004564959457115087,1.0,2393.474377331164,6.0,1085.4341881371245,60.833333333333336,1013.9305952114211,57.416666666666664
1,30,phi-0.60,1,0.005069837009476178,1.0,2804.6154820423194,6.0,1101.480123596163,60.25,1007.6819882920441,55.5
1,30,phi-0.60,2,0.009033540832510432,1.0,2202.7277999734756,6.0,1112.7904630599458,62.916666666666664,997.7788198937516,53.916666666666664
1,30,phi-0.30,0,0.003923909954705328,1.0,2840.5660178557587,6.0,1127.3740864683978,61.583333333333336,1001.4132185566599,54.75
1,30,phi-0.30,1,0.0015509902002878765,1.0,2788.311546801267,6.0,1110.4244355987448,62.5,991.1926414808268,55.083333333333336
1,30,phi-0.30,2,0.0008794872380054875,1.0,2521.970347838244,6.083333333333333,1126.2158599597642,61.333333333333336,982.6631225589166,55.166666666666664
1,30,phi+0.00,0,-0.006091349594638653,1.0,2424.8640794664702,6.0,1099.8375354715056,61.666666666666664,986.0399796192575,54.916666666666664
1,30,phi+0.00,1,-0.004389352305427204,1.0,2438.2436845578354,6.083333333333333,1118.3684814557357,61.416666666666664,987.8547909882773,55.0
1,30,phi+0.00,2,0.007282824572905468,1.0854478675907122,2927.156289110779,6.0,1122.8407304193063,62.583333333333336,1000.7794450335756,55.833333333333336
1,30,phi+0.30,0,0.014201116834787322,1.4446756073742661,2810.7942763496953,6.0,1123.0466618354187,62.916666666666664,989.3152913039681,56.416666666666664
1,30,phi+0.30,1,0.008536572083919433,1.6202140432634842,2328.407783550226,6.0,1097.0227129766974,61.833333333333336,976.8830763676533,54.666666666666664
1,30,phi+0.30,2,-0.0010765051891245979,1.3844555308501008,2402.567234435138,6.0,1093.1838192760022,60.083333333333336,982.765284326911,54.166666666666664
1,30,phi+0.60,0,0.018997487679787397,2.9832097050714026,2234.9060685108557,6.083333333333333,1101.0108329156092,61.916666666666664,992.0488216543002,55.333333333333336
1,30,phi+0.60,1,0.020254476335491295,2.759952599861096,3006.340319613224,6.0,1163.3023412316916,63.25,1006.1444047599911,55.583333333333336
1,30,phi+0.60,2,0.010175330905660045,3.7588430544899167,2593.7054386316927,6.166666666666667,1131.6188867966503,63.083333333333336,997.0099192553977,55.833333333333336
1,30,phi+0.90,0,0.1734978960792477,12.637661539847606,2709.8535766451414,6.083333333333333,1173.6720753306442,61.75,996.1763411143639,54.5
1,30,phi+0.90,1,0.24871755500697823,17.785415098217225,2570.247288412203,6.0,1126.5685487247194,62.0,999.9259137995554,55.5
1,30,phi+0.90,2,0.2270333480037622,17.4339681705151,2614.379557931797,6.0,1074.6412109333976,61.166666666666664,969.0409282421542,55.0
1,30,phi+0.99,0,0.7709375369045022,75.66744757218086,3637.174456117715,6.0,1376.7721816593203,58.916666666666664,1072.738239728084,54.666666666666664
1,30,phi+0.99,1,0.5618883728566056,47.372793269170764,3474.051240514982,6.0,1307.4285192775599,60.333333333333336,1044.8370697735843,55.083333333333336
1,30,phi+0.99,2,0.6616730527914451,61.774564312014085,2158.241728404759,6.0,1085.8243672316355,60.5,975.1322258244768,53.583333333333336
1,30,sorted,0,0.9827473379384308,116.55691289612442,1721.1702969245978,6.0,1002.613646124612,58.833333333333336,954.1551197801786,53.25
1,31,real,0,0.11052511142265808,8.269281261782156,2269.2327694400465,6.083333333333333,1055.7853726241658,57.416666666666664,962.7605855810929,50.583333333333336
1,31,phi-0.60,0,0.005788183498321167,1.0,2439.765207731837,6.083333333333333,1092.8538840951794,59.083333333333336,957.8045993777463,51.333333333333336
1,31,phi-0.60,1,0.008429601087144287,1.0,2257.3712057518032,6.333333333333333,1090.6061989352759,60.0,955.7533908634991,50.833333333333336
1,31,phi-0.60,2,0.0033470214647018113,1.0,2331.697933452387,6.25,1077.1116447008337,58.333333333333336,975.3045460614377,52.0
1,31,phi-0.30,0,0.0009491558236150929,1.0,2251.036184719563,6.166666666666667,1090.1222027285053,58.25,945.0682170457954,49.5
1,31,phi-0.30,1,0.0063129672027122,1.0,2187.482386567824,6.083333333333333,1076.9437618903355,59.166666666666664,977.7581466803654,51.333333333333336
1,31,phi-0.30,2,0.0019362005923706702,1.0,2059.1101804224872,6.25,1090.2046001153278,58.083333333333336,965.3759734884452,50.916666666666664
1,31,phi+0.00,0,0.00035988854480271373,1.1100173790958514,2138.8591460489947,6.083333333333333,1083.300922873539,58.5,959.6652379701708,51.5
1,31,phi+0.00,1,-0.0006510185878636914,1.0,2197.360068837881,6.083333333333333,1087.2824107214396,58.333333333333336,966.1707389006143,53.166666666666664
1,31,phi+0.00,2,-0.004918732571842677,1.0,2364.402875506727,6.25,1089.4738676979161,59.25,964.004991223362,52.083333333333336
1,31,phi+0.30,0,0.00038216657761306575,1.6258664110829306,1985.482766379354,6.083333333333333,1065.1511886318035,58.583333333333336,968.5714827345058,52.333333333333336
1,31,phi+0.30,1,-0.00934010069992665,1.6797681341936435,2665.8907694410163,6.333333333333333,1098.991702898779,58.5,962.4767975733379,51.416666666666664
1,31,phi+0.30,2,0.02034776425626153,1.9252912035851584,2261.251023665773,6.0,1090.4164793637094,58.666666666666664,988.0094123681355,51.75
1,31,phi+0.60,0,0.04360553053693233,4.422376752560272,2119.18132127102,6.0,1093.807713732366,57.916666666666664,964.0991889270222,52.0
1,31,phi+0.60,1,0.028755341898939447,3.2721314839338906,2161.2847162713474,6.083333333333333,1110.2051762647907,58.916666666666664,983.1013298388361,51.0
1,31,phi+0.60,2,0.0071411308333632715,3.106879225714106,2932.5020130318558,6.083333333333333,1094.6635985246978,59.166666666666664,956.6254449391139,50.916666666666664
1,31,phi+0.90,0,0.26485860241857984,18.247339384507743,1850.2596905260727,6.083333333333333,1092.281751074641,58.083333333333336,972.9728996052794,51.25
1,31,phi+0.90,1,0.21822568001311737,15.77897918958966,2030.7816179120048,6.083333333333333,1060.1039826288063,56.833333333333336,975.8160116288623,51.333333333333336
1,31,phi+0.90,2,0.28003630605947394,19.761427576681264,2018.6607460225732,6.0,1070.187931933215,57.75,958.3173688851836,50.916666666666664
1,31,phi+0.99,0,0.6699625393437095,64.2619985891458,2042.8909152105068,6.166666666666667,1071.13863665946,55.666666666666664,969.4075542680074,50.916666666666664
1,31,phi+0.99,1,0.7253486118734005,74.31241258914736,1968.8768319428027,6.083333333333333,1094.3650507619961,54.333333333333336,970.1374453055486,50.666666666666664
1,31,phi+0.99,2,0.7384951900571664,72.65053342909319,1952.6748606509107,6.166666666666667,1046.3504146489838,53.833333333333336,949.2789647615376,50.083333333333336
1,31,sorted,0,0.8358696923986385,92.48561884648637,1576.6786391624194,6.083333333333333,987.505160080629,54.583333333333336,938.2515666010099,51.333333333333336
1,32,real,0,0.02001036644010941,4.2341465408443,2251.533193112748,10.833333333333334,1089.6291972659658,66.41666666666667,1023.8115603733178,62.0
1,32,phi-0.60,0,-0.0016823951539890539,1.0,2269.4068450138197,10.666666666666666,1115.2701184234677,68.83333333333333,1030.2382815729256,61.0
1,32,phi-0.60,1,0.008541047349092933,1.0,2345.806042504149,10.666666666666666,1094.3157981829568,66.83333333333333,1030.313958804133,61.916666666666664
1,32,phi-0.60,2,-0.001543186274853704,1.0,2297.930823523771,11.166666666666666,1109.1870226009346,68.16666666666667,1035.905905349697,62.5
1,32,phi-0.30,0,-0.004033653895887847,1.0,2719.1240725370176,11.083333333333334,1120.5336137128882,69.0,1039.7092780850805,61.083333333333336
1,32,phi-0.30,1,0.004604736769702669,1.0,2302.5008781357033,11.25,1111.8890406055464,68.25,1045.7712396742775,62.916666666666664
1,32,phi-0.30,2,-0.004661744744851697,1.0,2940.800238633239,10.833333333333334,1109.6821352880904,67.25,1035.444605118592,62.0
1,32,phi+0.00,0,-0.009964793815874461,1.0,2783.5387577316505,10.583333333333334,1136.8145839006906,68.66666666666667,1042.7192766862977,61.25
1,32,phi+0.00,1,-0.0031908648884924717,1.0,2715.7070562308804,10.75,1113.959772404819,67.91666666666667,1034.1439360366733,61.916666666666664
1,32,phi+0.00,2,0.002582497980689682,1.0,2395.3565788624423,10.416666666666666,1116.243797518279,68.16666666666667,1024.6840069858208,61.25
1,32,phi+0.30,0,-0.00029201799148619186,1.269525737691537,2356.2256863038024,10.25,1090.0326065810998,66.16666666666667,1016.17410962656,61.0
1,32,phi+0.30,1,0.007049955294744513,1.395719863622391,2227.92616158368,10.666666666666666,1101.5550445138554,66.58333333333333,1026.701504215807,61.166666666666664
1,32,phi+0.30,2,0.005204424970452845,1.1040543328801595,2251.245319632698,11.166666666666666,1111.176780454699,67.75,1040.8559476523922,62.583333333333336
1,32,phi+0.60,0,-0.0012105556361247923,2.037462855232893,2480.4789809500853,10.916666666666666,1112.0776906217768,68.0,1030.3025129636792,61.5
1,32,phi+0.60,1,-0.00025563461895979534,2.0436665491980124,2543.544767026339,11.25,1106.3953491565069,66.91666666666667,1043.0354733878464,62.5
1,32,phi+0.60,2,0.008398210946295663,1.5868164230406494,2127.127954937493,10.666666666666666,1101.920917334041,67.66666666666667,1045.5530935580346,62.833333333333336
1,32,phi+0.90,0,0.04590634059048361,5.851455701945415,2361.953353047932,10.416666666666666,1111.0788324537775,67.5,1035.5076326253834,61.75
1,32,phi+0.90,1,0.064413962067885,5.734605080797746,2276.05529994378,11.083333333333334,1111.6113924110323,66.5,1046.2460784308723,62.666666666666664
1,32,phi+0.90,2,0.03831534752989264,5.080304944715252,2077.2596148640146,10.916666666666666,1108.4044494536752,67.33333333333333,1024.6389380463625,61.333333333333336
1,32,phi+0.99,0,0.27732531055675347,21.05545863117038,1853.23094755647,10.5,1106.370741704168,65.08333333333333,1030.8151325276012,59.833333333333336
1,32,phi+0.99,1,0.33202232125718945,23.60098371420336,2524.1228865251,9.416666666666666,1098.8963124934742,64.83333333333333,1004.1616731119633,58.5
1,32,phi+0.99,2,0.28813403056591075,28.921257390452283,3779.019642347013,9.583333333333334,1624.3565127413603,65.0,1300.28165342535,59.666666666666664
1,32,sorted,0,0.3657155265927343,35.79256033056367,1649.8788579630266,10.75,1031.5317736775473,61.666666666666664,980.5139233022436,58.0
1,35,real,0,0.11504826510470116,13.717139624457875,1818.5385349595745,6.166666666666667,1059.8180864360017,55.166666666666664,945.5549377978814,50.583333333333336
1,35,phi-0.60,0,0.008438442752349014,1.0,2267.7906511044553,6.166666666666667,1102.1625677391362,57.916666666666664,956.1343580636567,51.0
1,35,phi-0.60,1,0.009113666613251767,1.0,1999.2748420155021,6.0,1087.0477286219807,57.25,942.4637161365386,50.5
1,35,phi-0.60,2,0.003375841461034011,1.0,2254.620622396077,6.166666666666667,1083.1327501157728,55.75,955.5662208097982,50.916666666666664
1,35,phi-0.30,0,0.00041638106388383015,1.0,2035.6727961277159,6.0,1083.871745129036,54.5,965.0348037384324,51.75
1,35,phi-0.30,1,0.005880144487685175,1.0,2181.325433031477,6.25,1103.472262577654,57.833333333333336,962.6550265552079,51.916666666666664
1,35,phi-0.30,2,0.004330084059919895,1.0,2196.643316336271,6.166666666666667,1090.1748610958505,55.833333333333336,964.4551064888628,50.5
1,35,phi+0.00,0,-0.001758128856329426,1.013821756119961,1965.7986296058928,6.166666666666667,1102.8783946986832,56.333333333333336,955.0533906090353,50.833333333333336
1,35,phi+0.00,1,-0.0027568329546648167,1.0,1832.8842986628476,6.166666666666667,1096.344838764861,57.416666666666664,959.8025283023534,51.083333333333336
1,35,phi+0.00,2,-0.005624542285557527,1.0,2194.35534559651,6.0,1091.710202212683,56.666666666666664,970.7881431470515,52.083333333333336
1,35,phi+0.30,0,0.022281622588231707,2.196058611611483,2180.0667925297203,6.166666666666667,1094.8190029926634,56.666666666666664,948.139495277545,51.083333333333336
1,35,phi+0.30,1,0.0031878703761251902,1.8268834715981708,2420.9408933069335,6.0,1073.0822678180693,54.583333333333336,976.0557309614055,52.416666666666664
1,35,phi+0.30,2,0.006044908974391798,1.5799263516841877,2187.974021463779,6.083333333333333,1073.597915131938,55.583333333333336,957.0523753225242,51.25
1,35,phi+0.60,0,0.023274219616694774,3.372370047572323,1957.3203644009507,6.166666666666667,1076.6513670241727,56.583333333333336,962.9756368992918,51.666666666666664
1,35,phi+0.60,1,-0.0024358810614318505,3.310420922149525,2042.5606490851267,6.083333333333333,1102.426078779283,57.166666666666664,955.9533993910281,50.416666666666664
1,35,phi+0.60,2,0.018980671858415392,3.5072992529348577,2036.2328243720774,6.083333333333333,1069.2862854695402,57.666666666666664,960.0833117359995,51.25
1,35,phi+0.90,0,0.1116988640630356,10.807151046174935,2008.95417559798,6.166666666666667,1090.19572654622,57.166666666666664,965.8661394305919,51.166666666666664
1,35,phi+0.90,1,0.27100044490980996,22.448900475808408,2455.518051963566,6.166666666666667,1108.0332052404053,54.833333333333336,969.9224323842315,50.916666666666664
1,35,phi+0.90,2,0.23825036556057066,16.677312567068178,2080.285198436414,6.0,1108.645054489476,57.583333333333336,965.0720575886826,49.916666666666664
1,35,phi+0.99,0,0.7711490545921765,80.31277218950447,1718.1034343800832,6.0,1018.2744929469312,54.5,935.3807943964706,50.833333333333336
1,35,phi+0.99,1,0.8033437279637001,84.6850935953561,2866.8778406935253,6.0,1270.3448095718516,54.25,1042.570226562091,52.083333333333336
1,35,phi+0.99,2,0.7128201411565552,67.9536310420273,1758.9555203528641,6.333333333333333,1016.9862917606256,52.833333333333336,941.2408801153089,50.166666666666664
1,35,sorted,0,0.8645453354852672,98.0825952887184,1642.7524415361513,6.083333333333333,988.9125653956606,53.0,931.477108942816,51.5
1,33,real,0,0.036679951599024437,2.222768338809192,1776.90881514832,8.166666666666666,1061.3078348928184,63.083333333333336,1003.6244850931167,62.5
1,33,phi-0.60,0,0.0044553893306262145,1.0,2556.3836925353085,8.666666666666666,1088.0930693108594,65.16666666666667,1045.8625124827495,64.0
1,33,phi-0.60,1,0.017836388960341613,1.0,3099.4963688061707,8.583333333333334,1097.7721265065768,65.58333333333333,1032.5128342911214,62.75
1,33,phi-0.60,2,0.002225528036746246,1.0,2482.3755123291253,8.25,1102.4225686866143,65.16666666666667,1041.4978304573144,64.08333333333333
1,33,phi-0.30,0,-0.002544954986069663,1.0,2315.9505105400744,8.5,1091.131792301518,65.66666666666667,1032.2026041136253,63.75
1,33,phi-0.30,1,0.008885428262727518,1.0,2156.8944299640802,8.583333333333334,1099.1530997760326,67.08333333333333,1020.3634104100871,63.0
1,33,phi-0.30,2,-0.00221326760401648,1.0,2868.641288244066,8.666666666666666,1117.9077882393476,66.41666666666667,1042.3134860266434,62.916666666666664
1,33,phi+0.00,0,-0.003928301848386496,1.0,2042.3466811178744,8.583333333333334,1083.571797259863,65.0,1033.590694788045,63.25
1,33,phi+0.00,1,-0.0018693400235071953,1.0,2295.064145327464,8.583333333333334,1073.8389714233538,64.16666666666667,1031.0803591677382,63.5
1,33,phi+0.00,2,0.0019345465575489784,1.0,2299.620660223904,8.416666666666666,1085.065709677832,65.91666666666667,1018.7818467333067,61.25
1,33,phi+0.30,0,0.004071485488976893,1.3687767925034549,1927.2709203516097,8.25,1087.029851412736,66.33333333333333,1047.3874381193066,65.08333333333333
1,33,phi+0.30,1,0.006494763733117387,1.282290660574461,2162.83373732632,8.25,1067.2965145756143,64.66666666666667,1018.3870248257708,62.666666666666664
1,33,phi+0.30,2,0.008032083747602966,1.157990897677811,2484.660798258827,8.75,1082.744524018041,65.08333333333333,1023.0908306862781,62.25
1,33,phi+0.60,0,0.021874895171852708,2.4799440615865693,2103.9766877007,8.333333333333334,1086.5919619029253,65.5,1032.2861077044608,62.833333333333336
1,33,phi+0.60,1,-0.003273017458078056,2.333112192043527,2380.4059236026415,8.583333333333334,1094.9965111062609,65.75,1034.1864227521835,63.166666666666664
1,33,phi+0.60,2,0.018450984786613576,2.4199569720689498,2192.121652336702,8.25,1088.7505363540397,65.33333333333333,1028.9996366937373,63.416666666666664
1,33,phi+0.90,0,0.07219833492104788,7.134257308546311,1905.9149612013225,8.166666666666666,1063.1306279046983,64.16666666666667,1009.3750249877781,61.833333333333336
1,33,phi+0.90,1,0.13255939809390746,10.395180674921642,1968.5392960837883,8.083333333333334,1063.8261170704557,63.75,1013.4734813609903,63.166666666666664
1,33,phi+0.90,2,0.25562920381808085,18.37236459067019,3413.788849941379,7.833333333333333,1469.0374507690224,65.25,1208.35938592328,60.75
1,33,phi+0.99,0,0.6333129558886079,53.32216028753301,1810.2362907490442,7.833333333333333,1053.0139598568287,63.0,1001.983864790361,61.833333333333336
1,33,phi+0.99,1,0.3473578004466967,33.27257385587699,1986.4933573436901,7.833333333333333,1066.9495457682688,62.333333333333336,1019.955278128779,60.5
1,33,phi+0.99,2,0.24661521751986115,17.855228503942016,2137.4601217738855,7.833333333333333,1097.7346109913922,63.833333333333336,1025.480592197701,61.0
1,33,sorted,0,0.7235284606803118,70.58708381708925,1750.50940524895,7.416666666666667,1026.361254187882,59.416666666666664,952.5582795503389,57.0
1,36,real,0,0.014343635295291661,1.0,2225.5002581941376,6.0,1106.3815225003584,54.916666666666664,969.5897790238254,50.833333333333336
1,36,phi-0.60,0,-0.0021306788061537267,1.0,2149.8883808647493,6.0,1148.7006984483587,55.083333333333336,971.9440309550823,51.416666666666664
1,36,phi-0.60,1,0.007673841028904924,1.0,2176.3009572693813,6.0,1102.8602073325906,53.833333333333336,965.3472654868291,50.916666666666664
1,36,phi-0.60,2,0.004647266407472087,1.0,2182.8212003170465,6.0,1113.0473729323787,55.166666666666664,979.5951712821012,51.833333333333336
1,36,phi-0.30,0,0.0002303739485762683,1.0,2141.977249127745,6.0,1111.7361253231957,54.416666666666664,979.4923207484517,51.166666666666664
1,36,phi-0.30,1,0.0018582740555805866,1.0,2170.3214547821603,6.0,1107.7573396798598,53.916666666666664,971.7750310268997,51.583333333333336
1,36,phi-0.30,2,0.004735108686271821,1.0,2153.0843127506732,6.0,1095.0504807896452,54.833333333333336,976.6688345384538,51.5
1,36,phi+0.00,0,-0.002288872644523155,1.0,2221.0173871724564,6.0,1093.839286355527,54.25,976.2671061586725,51.75
1,36,phi+0.00,1,-0.006934893525332453,1.0,2196.875162262291,6.0,1121.831227300008,55.0,983.8167297891746,51.583333333333336
1,36,phi+0.00,2,0.0036769201728546895,1.0852306891502173,2189.066804394332,6.0,1118.1603015035553,53.5,977.1170657691958,51.916666666666664
1,36,phi+0.30,0,0.0024577198718588465,1.407852058222661,2189.2313915960412,6.0,1121.017662962928,53.833333333333336,964.3144408400657,51.333333333333336
1,36,phi+0.30,1,0.007286518768622011,1.418728339536725,2152.9917761955953,6.0,1086.3914469884737,55.166666666666664,973.4468446015086,52.166666666666664
1,36,phi+0.30,2,-0.0017522962468106296,1.3411906517278518,2114.8291175187946,6.0,1117.456573346958,55.416666666666664,974.3879625598792,51.25
1,36,phi+0.60,0,0.02316128988312676,2.9686272368455877,2270.7531766057978,6.0,1120.8924634143295,56.0,976.53000347256,51.25
1,36,phi+0.60,1,0.03354689027927211,2.894996816755276,1985.7100790896172,6.0,1113.9967941108714,54.416666666666664,974.497648892166,51.166666666666664
1,36,phi+0.60,2,0.03173057625789534,3.5477747510857878,2229.877194688112,6.0,1111.6332671882546,54.833333333333336,985.807374678276,51.333333333333336
1,36,phi+0.90,0,0.16522858795180156,12.430467136551508,2201.5213336972524,6.0,1111.6519394723093,54.333333333333336,981.056771397477,51.916666666666664
1,36,phi+0.90,1,0.1767766409821075,12.748527364025762,2180.336371929635,6.0,1132.9142923269612,55.25,996.9387307420898,51.666666666666664
1,36,phi+0.90,2,0.1539024727143922,14.336167139300128,2303.4768887038776,6.0,1121.5689327288524,55.166666666666664,970.0760357492019,50.0
1,36,phi+0.99,0,0.5096184203246353,49.122188984042396,2120.623417181411,6.0,1108.4974690441334,54.583333333333336,946.7404834101445,49.916666666666664
1,36,phi+0.99,1,0.6585305170226594,62.00700249216374,2321.315940978748,6.0,1216.3408042010044,54.5,997.9936787082955,51.416666666666664
1,36,phi+0.99,2,0.5180814991654126,46.872090355820085,2052.332479405013,6.0,1087.059073725034,55.083333333333336,956.3754176298144,49.75
1,36,sorted,0,0.9462383699280432,108.70202712103983,1843.119907941805,6.0,1039.3656992633744,53.583333333333336,952.4695501306533,51.0
1,37,real,0,0.1223404874041486,1.5563008229500124,1572.5699760340021,8.166666666666666,1009.4864285752016,60.25,972.4744444635394,57.666666666666664
1,37,phi-0.60,0,0.004215503480998408,1.0,2336.5671380981853,8.75,1052.0782982118492,63.5,1004.0565742327607,60.0
1,37,phi-0.60,1,0.00114399775864533,1.0,2269.5129403557025,9.0,1046.2967768127585,63.583333333333336,1009.5788994582508,60.666666666666664
1,37,phi-0.60,2,0.01144625258972299,1.0,2188.476001329725,8.166666666666666,1025.7016992322863,60.916666666666664,1012.0392947589415,59.333333333333336
1,37,phi-0.30,0,0.0065293968202013815,1.0,2212.7359547403325,8.833333333333334,1045.1038695236882,62.666666666666664,1004.928258395527,60.083333333333336
1,37,phi-0.30,1,-0.004478102805056155,1.0,1823.8851229267127,8.25,1017.6069425987004,60.416666666666664,1022.444954115516,61.0
1,37,phi-0.30,2,0.013653818776280812,1.0,2129.155782074979,8.5,1043.558492620307,62.583333333333336,996.898782005393,59.75
1,37,phi+0.00,0,0.00826804266808417,1.1536562837505695,2529.0976437280083,8.333333333333334,1052.9606284964905,61.916666666666664,1017.5334862335861,60.25
1,37,phi+0.00,1,-0.0065799283559652855,1.0,2457.746463096382,8.333333333333334,1045.795370286293,63.083333333333336,1011.3255486247104,60.166666666666664
1,37,phi+0.00,2,-0.006748300628022369,1.0274474963554798,2361.4876994751435,8.583333333333334,1038.767312154194,62.333333333333336,1009.2984935040485,60.25
1,37,phi+0.30,0,-0.0015063887602447471,1.5943765100103204,1966.713121022036,8.0,1035.370993164578,63.083333333333336,993.9740586858029,58.5
1,37,phi+0.30,1,-0.008464993982608842,1.373274181479193,1874.7259663742416,8.083333333333334,1028.8418492050519,61.583333333333336,992.0085138492976,59.0
1,37,phi+0.30,2,-0.0011410305655172493,1.5253295069790223,2082.9515935282766,8.0,1046.2689868390123,61.416666666666664,1015.9015284747196,60.583333333333336
1,37,phi+0.60,0,-0.007166319670218329,2.5212030302207546,2523.1080608650614,8.75,1037.5229994065905,62.25,999.4855632200325,58.833333333333336
1,37,phi+0.60,1,0.0005103080380343807,2.586811205778071,2123.378941705942,8.333333333333334,1043.1438360892373,62.583333333333336,983.3058030085858,58.166666666666664
1,37,phi+0.60,2,0.014483153809284537,2.7693347085614715,2320.6984677927553,8.5,1026.2241502562324,61.75,995.9235443785451,59.083333333333336
1,37,phi+0.90,0,0.33658442133116556,22.662479091352132,2628.1142378814443,7.75,1034.2916332660727,60.0,1012.7371326367675,59.333333333333336
1,37,phi+0.90,1,0.07469662253531852,8.033985710966924,1952.5334235240778,8.083333333333334,1047.4570268917275,62.75,1008.7840790864757,59.416666666666664
1,37,phi+0.90,2,0.09193431516739983,7.852547508705487,2116.1151946787336,7.916666666666667,1056.7465718147062,63.0,989.5397080794884,58.25
1,37,phi+0.99,0,0.4202345646130784,38.81380551283646,1701.4699103422147,7.5,1004.9302962269925,58.25,976.5876633506488,56.666666666666664
1,37,phi+0.99,1,0.2849750731551539,20.446948422923008,2356.798479267826,7.833333333333333,1067.3203899162734,61.333333333333336,1004.6124217721652,56.833333333333336
1,37,phi+0.99,2,0.2632528715680892,19.053777998413402,1795.544113599182,7.5,1006.8401998499727,60.25,968.1953846613336,57.833333333333336
1,37,sorted,0,0.7240793175859446,69.46649402714952,1573.135294251144,6.75,959.9676485643586,56.25,935.0278741181097,53.916666666666664
1,38,real,0,0.13837395724694584,13.885924902781694,2267.2989038241344,13.25,1100.9302103429882,63.666666666666664,1023.6748233849079,58.0
1,38,phi-0.60,0,-0.004879723726932332,1.0,2090.8105515339917,13.25,1060.2312055294763,66.0,966.880619105859,57.916666666666664
1,38,phi-0.60,1,-0.004878452177824215,1.0,2273.996344663423,13.416666666666666,1048.7829107683858,65.83333333333333,965.1368272978539,59.083333333333336
1,38,phi-0.60,2,-0.0027990765662245834,1.0,2140.0213680456327,13.0,1042.2127610023292,64.83333333333333,977.3457721899307,58.166666666666664
1,38,phi-0.30,0,-0.0010005667107307208,1.0,2223.92584903544,13.5,1041.2354893500958,63.916666666666664,953.4519391337041,57.166666666666664
1,38,phi-0.30,1,0.0006325978513118984,1.0,2079.948048014518,13.25,1048.2079682173314,66.5,962.6691617575657,57.916666666666664
1,38,phi-0.30,2,-0.0057078721629028354,1.0,2336.555903889453,13.0,1046.9610964267465,65.33333333333333,962.5403788362615,58.416666666666664
1,38,phi+0.00,0,0.0007977545678857239,1.0,1988.8677979006673,13.083333333333334,1042.5193499553131,65.25,959.4668796854647,57.583333333333336
1,38,phi+0.00,1,-0.004365025051746896,1.0,1833.6574065947386,13.583333333333334,1048.3924405290795,65.0,969.800400707757,58.5
1,38,phi+0.00,2,-0.0042579518824318145,1.0,1980.028222348431,12.416666666666666,1035.0238210144964,65.66666666666667,971.5482635268322,58.333333333333336
1,38,phi+0.30,0,-0.0035674177202304814,1.0,2219.719150199559,13.25,1056.9912622791205,66.08333333333333,962.228617528167,58.0
1,38,phi+0.30,1,0.005112871304957544,1.0,2395.6414005046718,13.333333333333334,1043.438035075197,65.58333333333333,971.6955008814156,58.666666666666664
1,38,phi+0.30,2,0.001057529197205174,1.293485611456374,2320.109358906981,13.083333333333334,1036.247002592528,63.666666666666664,960.7339103177748,57.916666666666664
1,38,phi+0.60,0,-0.0003401431891211604,1.660686474133965,1840.7805730011696,13.166666666666666,1038.6066590158882,64.25,967.1783537361675,58.083333333333336
1,38,phi+0.60,1,-0.005543405905214899,1.3646604048029394,1931.0224979105005,13.083333333333334,1043.7655242336893,65.33333333333333,971.1437815212794,58.583333333333336
1,38,phi+0.60,2,0.009411922733344414,1.1886960569750047,1936.196904561181,13.416666666666666,1036.8202723041002,64.66666666666667,961.0444466127227,58.416666666666664
1,38,phi+0.90,0,0.09426783091172393,8.088085887948282,1891.6743018602517,13.416666666666666,1040.8318421058568,66.0,973.8569035558791,58.166666666666664
1,38,phi+0.90,1,0.04865563189787283,4.897841508128186,1925.3334330416455,14.166666666666666,1034.417626799056,64.91666666666667,956.3342790672556,58.25
1,38,phi+0.90,2,0.033047902039835056,4.805270403535205,2045.307946052083,13.5,1052.0480744913934,65.75,970.945953395402,59.083333333333336
1,38,phi+0.99,0,0.14327547164875246,11.298675435738616,1908.9009087265338,13.083333333333334,1044.4524970702143,64.66666666666667,960.1884912984707,57.166666666666664
1,38,phi+0.99,1,0.1404680513866649,10.833591378966887,1889.1929504555872,14.0,1039.3701721459768,65.41666666666667,959.5424698455618,58.25
1,38,phi+0.99,2,0.14859977183849915,11.177724653217767,1852.0965093211962,13.583333333333334,1034.488153197756,64.75,947.4336417545675,57.5
1,38,sorted,0,0.18150987987666245,14.888291066845326,1854.468356352473,13.916666666666666,1020.8646678392669,64.0,936.5177220636243,56.416666666666664
1,40,real,0,-0.0236517791800409,1.7539809281317398,3072.508055572594,7.583333333333333,1039.1054509909663,61.5,1005.0774983194798,59.583333333333336
1,40,phi-0.60,0,0.01132820382719736,1.0,2726.0828125508247,7.833333333333333,1028.2853975468518,60.25,997.7721955635016,59.416666666666664
1,40,phi-0.60,1,-0.0017313877711487543,1.0,2416.844649387925,7.75,1027.763433547,61.0,1006.4520248711237,59.0
1,40,phi-0.60,2,0.007140517771820854,1.0,2562.2456360722176,7.333333333333333,1044.0998954186414,61.916666666666664,1011.945453076869,60.333333333333336
1,40,phi-0.30,0,-0.004810184460682582,1.0,2396.7412670098834,7.916666666666667,1039.1359243298987,61.25,988.9312292173435,58.0
1,40,phi-0.30,1,0.006120891685448637,1.0,2577.1156365401653,7.333333333333333,1024.895065510447,60.5,1005.2673761937689,59.25
1,40,phi-0.30,2,-0.00012873447988598471,1.0,2760.5196454056804,7.75,1045.4197074659348,61.5,1011.4441067527415,59.916666666666664
1,40,phi+0.00,0,-0.003464474201191657,1.005992843219701,2517.5818456147686,7.833333333333333,1030.4229452641168,60.75,1006.996895478178,60.0
1,40,phi+0.00,1,0.010248178701338321,1.0,2830.4770692030793,7.75,1030.1132754237603,60.666666666666664,995.8436612968234,58.166666666666664
1,40,phi+0.00,2,-0.00526926718687654,1.0439223442587893,2207.362749161472,7.833333333333333,1045.6670674080212,61.416666666666664,1010.6306079615264,59.833333333333336
1,40,phi+0.30,0,0.0036356629580202044,1.8789318226033749,2583.916808718051,7.75,1043.1804606803387,61.5,1005.8480677016973,58.75
1,40,phi+0.30,1,0.004159468664733032,1.2030543330293113,2746.2835284437083,7.75,1035.079895186699,61.75,1022.06875902273,60.833333333333336
1,40,phi+0.30,2,-0.008016940923154352,1.4568795800098522,2194.2597094577895,7.666666666666667,1016.5219661952433,59.166666666666664,1027.6020726005556,59.833333333333336
1,40,phi+0.60,0,-0.0015050894531532144,2.1479640776397577,2185.788504778126,7.083333333333333,1029.595402436041,60.833333333333336,996.1400791058012,58.416666666666664
1,40,phi+0.60,1,-0.008956979413216864,2.4428574379200567,1806.1716259299083,7.333333333333333,1032.0823971146729,60.833333333333336,985.3019029131202,58.083333333333336
1,40,phi+0.60,2,0.009843552474803022,2.0232827364920674,2565.880160546251,8.0,1017.576015149774,59.583333333333336,1004.0762814770225,60.75
1,40,phi+0.90,0,0.040029612749954965,5.041434636977876,2109.702727046025,7.5,1040.659621925099,61.25,1008.7415685236782,59.583333333333336
1,40,phi+0.90,1,0.11483498993517759,9.09594959797246,2405.4896570667443,7.666666666666667,1052.9669839975293,60.833333333333336,1014.7764102421398,59.75
1,40,phi+0.90,2,0.06928090552520097,6.347199121432956,1926.7936384298318,7.25,1025.5461771188423,61.916666666666664,981.1215762438096,58.0
1,40,phi+0.99,0,0.5922837834421796,48.48358274648993,1780.2831246411606,6.666666666666667,997.1800166285665,57.833333333333336,959.6111328667589,55.833333333333336
1,40,phi+0.99,1,0.4585001308479625,38.56948724309593,1874.989641405143,6.916666666666667,983.0172081984647,57.833333333333336,958.568486875628,56.5
1,40,phi+0.99,2,0.2665826176281816,27.251134845062264,1733.1260661944632,7.083333333333333,1018.8105483338765,60.583333333333336,976.3838083445938,58.0
1,40,sorted,0,0.8453348045110455,81.5727635906477,1686.6912634479195,6.416666666666667,956.3117599703431,55.333333333333336,926.0316109524929,54.25
1,39,real,0,0.018690892922911186,1.0,2000.3920042084721,6.0,1097.4135887998652,51.083333333333336,951.4791527616084,50.083333333333336
1,39,phi-0.60,0,0.009329848994175733,1.0,2030.9409899856337,6.0,1104.8688913996762,51.5,945.3360460042018,50.083333333333336
1,39,phi-0.60,1,-0.000501022183731286,1.0,2013.1252485752975,6.0,1093.3209296512707,51.166666666666664,954.6280741509718,50.666666666666664
1,39,phi-0.60,2,0.003326800397276282,1.0,2045.9255596452629,6.0,1116.5333393685585,51.0,940.5039064837765,49.0
1,39,phi-0.30,0,0.001172695262026254,1.0,2039.5789781986548,6.0,1073.72181812479,51.166666666666664,947.9826441324514,50.083333333333336
1,39,phi-0.30,1,0.0009077854931246307,1.0,2038.955022533614,6.0,1093.020565235359,51.166666666666664,953.3760172863718,50.666666666666664
1,39,phi-0.30,2,-0.006133556608519825,1.0,1920.319112051302,6.0,1090.626641741131,51.083333333333336,943.6830947047248,50.0
1,39,phi+0.00,0,0.0024145581057236415,1.0,2023.0931402275864,6.0,1093.8090040649406,51.083333333333336,952.8510007312258,49.833333333333336
1,39,phi+0.00,1,-0.0018669140286447028,1.167056251089361,2066.779455542868,6.0,1087.5641983885614,51.416666666666664,951.8818663936281,50.0
1,39,phi+0.00,2,0.00193484448688993,1.0683093421670773,2024.810995916867,6.0,1110.53645415972,51.333333333333336,939.9843423747205,49.333333333333336
1,39,phi+0.30,0,-0.0032390971997067588,1.4020635857057564,2043.4984668516336,6.0,1090.267013736706,50.916666666666664,955.3014792170262,50.666666666666664
1,39,phi+0.30,1,-0.0020077947963302954,1.124568627490402,2022.0877889351998,6.0,1098.8289269597378,51.75,949.0721309642017,50.166666666666664
1,39,phi+0.30,2,0.0015115281131743762,1.2567765347627526,1986.2834862728948,6.0,1100.5607216913816,50.5,950.3894906311543,49.25
1,39,phi+0.60,0,0.04189667411238526,2.3172469869786356,1915.4919592159595,6.0,1055.0557264055476,49.75,936.0051944155708,49.583333333333336
1,39,phi+0.60,1,-0.008537741958178253,1.7365958660508447,2028.1044865491324,6.0,1099.544581581327,51.416666666666664,951.6427243128611,50.333333333333336
1,39,phi+0.60,2,0.02197069605832839,2.2592297537952875,2024.9020957729797,6.0,1114.5821000317194,51.583333333333336,945.1119047794178,49.583333333333336
1,39,phi+0.90,0,0.0954432744145487,6.285647015429945,2080.269778884856,6.0,1110.5993343025518,53.25,951.8350000029509,50.166666666666664
1,39,phi+0.90,1,0.08597033475645528,7.192912311191974,2020.1133202262433,6.0,1085.7502542438708,51.333333333333336,945.5890984254924,49.5
1,39,phi+0.90,2,0.06751360604832518,7.6357164311545604,2029.5730868199198,6.0,1093.1733469097774,51.583333333333336,950.430089663716,50.083333333333336
1,39,phi+0.99,0,0.17324226294905615,12.08560926147715,2078.9257649060078,6.0,1098.392116457076,50.666666666666664,954.154319395619,50.0
1,39,phi+0.99,1,0.4176791578021223,31.906075314498988,2036.8054760888954,6.0,1107.9394589912908,51.0,954.2090057972969,50.083333333333336
1,39,phi+0.99,2,0.45489662108549345,38.245286094596466,2067.053910520401,6.0,1102.9699878240842,52.25,954.4350780712256,50.75
1,39,sorted,0,0.8610940716603859,89.22526889231327,1672.4780257093807,6.0,1033.2751018001109,51.25,931.1004482355402,49.416666666666664
1,43,real,0,0.05162140768081583,2.109181448202802,2450.9274881329084,9.416666666666666,1084.2263047178344,60.083333333333336,998.9120218443737,54.916666666666664
1,43,phi-0.60,0,0.0011161594841701428,1.0,1953.0621037748097,8.833333333333334,1018.8472469671627,58.416666666666664,1006.3720047388086,56.916666666666664
1,43,phi-0.60,1,0.0033249444839557776,1.0,1966.5248249704503,8.833333333333334,1035.9526829311578,59.583333333333336,980.4928707392877,55.583333333333336
1,43,phi-0.60,2,-0.004233343171701385,1.0,2121.8455382900897,9.166666666666666,1028.6306688784912,60.166666666666664,1002.915489084627,57.333333333333336
1,43,phi-0.30,0,-9.336845865500698e-05,1.0,1905.4914873724392,8.666666666666666,1030.7003142619935,59.25,984.0214811552663,55.833333333333336
1,43,phi-0.30,1,0.00010243688300390317,1.0,2209.911550328269,9.166666666666666,1038.606750320976,58.416666666666664,992.5349592405445,55.583333333333336
1,43,phi-0.30,2,-0.005905598260624569,1.0,1964.891758595304,8.666666666666666,1042.4006825643085,59.416666666666664,1009.2742105910755,58.083333333333336
1,43,phi+0.00,0,-0.008725660835673875,1.0072696927666813,1956.6615670349966,9.166666666666666,1042.4876834523773,61.333333333333336,1009.5127791551369,58.25
1,43,phi+0.00,1,-0.00707604896269613,1.0,1908.8913807777287,9.25,1032.5776965587754,59.25,991.0212199400203,56.75
1,43,phi+0.00,2,-0.003766081938647317,1.0,1993.818801591851,9.0,1053.2428923801967,60.666666666666664,986.8888881318062,55.833333333333336
1,43,phi+0.30,0,-0.0005482298841784473,1.0629869738691027,2330.2311606642966,9.083333333333334,1041.4205308148219,57.916666666666664,998.0219630527632,56.5
1,43,phi+0.30,1,0.004714676511318569,1.1633735029267862,2276.022814444561,8.75,1029.9077588529342,57.916666666666664,995.9182815600489,56.0
1,43,phi+0.30,2,0.009707666186248262,1.1350706492529241,1775.596555583258,8.5,1044.9510535520637,59.583333333333336,981.8808652035636,55.666666666666664
1,43,phi+0.60,0,0.007394468771469121,2.1504176752686828,1811.390367408606,8.666666666666666,1055.0594253583056,59.75,992.2876787134902,56.25
1,43,phi+0.60,1,0.008158005814541708,1.5562431009229054,2292.2227531403655,8.583333333333334,1060.7735452156373,59.5,1005.385155584133,55.333333333333336
1,43,phi+0.60,2,-0.0002973289572124544,1.7638775200496177,2132.145583617666,9.0,1051.051889976992,60.583333333333336,994.8031548292703,56.166666666666664
1,43,phi+0.90,0,0.10448022163851872,8.685568514999224,2160.3979175955265,8.333333333333334,1053.0435841294238,59.25,1008.5231935891117,56.0
1,43,phi+0.90,1,0.11021509997491358,8.92801473180445,1818.6951492675082,8.833333333333334,1067.0410727757737,57.75,1024.1834389818675,57.416666666666664
1,43,phi+0.90,2,0.049444608470514156,4.992511944940535,2825.69656691182,8.75,1098.3530295624214,59.583333333333336,1003.2881738659694,56.333333333333336
1,43,phi+0.99,0,0.24347270347142547,27.38752604170418,1623.0818901144974,9.166666666666666,1012.8441512061894,58.0,957.4823908454717,54.25
1,43,phi+0.99,1,0.2892055913945462,22.107299743212117,1756.2998117673715,9.166666666666666,1042.2531239915145,58.5,991.9223524203935,55.333333333333336
1,43,phi+0.99,2,0.3058087531572747,26.853859226193475,1799.8902535669756,8.083333333333334,1033.2242037495353,56.666666666666664,973.539980519195,55.666666666666664
1,43,sorted,0,0.35487628754654094,29.92090271360328,1536.0423658581649,8.25,971.156696906356,56.916666666666664,943.5429986263476,53.666666666666664
1,41,real,0,0.013563094729699288,1.0,2046.9624207654308,6.0,1074.904675702023,54.333333333333336,965.5114777743302,48.916666666666664
1,41,phi-0.60,0,0.007185261979701632,1.0,2562.7288269137334,6.083333333333333,1113.834004042633,56.25,973.3660068853911,50.333333333333336
1,41,phi-0.60,1,0.012089475703289977,1.0,2199.4829018335645,6.0,1090.3556505539214,55.75,982.0842712622124,51.416666666666664
1,41,phi-0.60,2,0.004510373657962883,1.0,2214.8797380974493,6.0,1092.8411930002067,54.75,985.4174357481817,50.583333333333336
1,41,phi-0.30,0,-0.0006780590768692536,1.0,2284.2514281496783,6.0,1095.832543505492,57.083333333333336,969.8558492804774,52.166666666666664
1,41,phi-0.30,1,0.005002907700738967,1.0,2380.3670396787015,6.0,1085.6900034158753,55.166666666666664,974.1086632681378,50.5
1,41,phi-0.30,2,-0.0003367422298098395,1.0,2426.2684700350665,6.0,1102.241105166758,55.583333333333336,972.315725714075,51.416666666666664
1,41,phi+0.00,0,-0.0022243723481758346,1.0,2135.647820875365,6.0,1091.5890467177492,57.0,969.6253238467528,51.0
1,41,phi+0.00,1,-0.005102932267894643,1.0,2055.8652916241494,6.166666666666667,1087.6007489137594,55.25,970.7265922563587,51.0
1,41,phi+0.00,2,-0.003563492465914229,1.0,1971.7981884788815,6.0,1112.2509353150388,57.0,970.9941168093947,50.666666666666664
1,41,phi+0.30,0,-0.0003455481889185665,1.721549298585811,2709.812015410601,6.0,1088.5375602013723,56.416666666666664,970.4256070641012,50.0
1,41,phi+0.30,1,0.01862426605119835,1.9739399740107078,2134.2107769031095,6.0,1062.7385233916098,57.0,972.428764450689,50.916666666666664
1,41,phi+0.30,2,0.002668510651068274,2.026069055538073,2418.446411262232,6.0,1090.3086425361655,56.25,971.533478382034,50.25
1,41,phi+0.60,0,0.038377322992687195,4.433091543004352,2670.565713469852,6.0,1148.7202548042421,56.916666666666664,983.3782352506436,51.583333333333336
1,41,phi+0.60,1,0.02414284311792629,4.019551293106958,2447.197366737478,6.0,1110.026264884468,57.166666666666664,972.8730419475056,50.0
1,41,phi+0.60,2,0.025234370930456444,3.717042137840526,2326.55478893058,6.0,1123.4597300554894,57.0,978.9648292545357,50.0
1,41,phi+0.90,0,0.2399097600994018,16.68153073912228,2183.318490268983,6.0,1082.2781684372674,55.166666666666664,977.4374835103746,50.833333333333336
1,41,phi+0.90,1,0.17332055666959975,12.994085557790113,2208.712466672168,6.0,1133.2374213051464,57.416666666666664,968.9489647534951,49.833333333333336
1,41,phi+0.90,2,0.20457436366513204,15.073826578824946,2136.3476539673543,6.0,1102.3014767549655,56.083333333333336,986.1870106923355,51.333333333333336
1,41,phi+0.99,0,0.7545259305731697,79.53613251514457,2520.9796010738974,6.0,1164.20986906927,54.916666666666664,983.2713719467607,50.0
1,41,phi+0.99,1,0.7815386518007822,80.37868462494788,2912.2230878324062,6.0,1252.6198935716493,54.666666666666664,1035.1756057911052,51.25
1,41,phi+0.99,2,0.7289963694395292,68.94901052494973,2249.663164581458,6.0,1144.8631417537183,53.5,989.6241136802118,50.916666666666664
1,41,sorted,0,0.9318584388227092,109.08337112114106,1674.872329601666,6.0,1027.305671175471,52.583333333333336,942.7337636383603,50.083333333333336
1,44,real,0,0.014818450952899893,1.0542638682703884,2175.1888453338283,6.583333333333333,1087.9666981532291,60.083333333333336,999.2503177260254,54.916666666666664
1,44,phi-0.60,0,0.008028600292808462,1.0,2382.3824567106567,6.583333333333333,1108.362135536294,61.166666666666664,986.8082618453992,55.25
1,44,phi-0.60,1,0.014617953561780129,1.0,2536.7634033992936,6.916666666666667,1126.997288192855,61.083333333333336,992.263396174552,53.083333333333336
1,44,phi-0.60,2,0.009401920400145763,1.0,2115.6583643027893,6.833333333333333,1097.9745428183805,59.666666666666664,975.0065946705263,54.833333333333336
1,44,phi-0.30,0,-0.0020370674516362462,1.0,2008.8056407069,6.5,1095.3980279103348,59.333333333333336,982.7660530358888,54.583333333333336
1,44,phi-0.30,1,-0.006288207630406338,1.0,2621.199061274257,6.416666666666667,1100.3087316358724,59.666666666666664,1001.365651671594,55.25
1,44,phi-0.30,2,-0.00026855319016739717,1.0,2284.1186758514227,6.583333333333333,1106.3039430901215,59.75,985.7227549152009,54.083333333333336
1,44,phi+0.00,0,-0.003561341831087239,1.0,2227.302855964269,6.666666666666667,1077.780929323844,59.833333333333336,982.6995246279458,54.333333333333336
1,44,phi+0.00,1,0.0005758978413718843,1.1514500536467187,2098.696322511222,6.5,1084.3196934275913,58.75,977.0615535620235,54.166666666666664
1,44,phi+0.00,2,0.003649497006781018,1.0,2026.1465352093908,6.5,1107.6767418524735,60.916666666666664,981.2031375241532,53.833333333333336
1,44,phi+0.30,0,0.0016569699337313185,1.4877774298376911,2053.5100413653176,6.666666666666667,1088.361865411763,59.75,970.8087069603095,53.833333333333336
1,44,phi+0.30,1,-0.004001904123669107,1.7184569594192536,2392.0840044630954,6.583333333333333,1094.9351210519671,61.083333333333336,978.5195429373845,53.666666666666664
1,44,phi+0.30,2,-0.0020393001770008827,1.5214257491407597,2018.4110654800288,6.75,1088.4961483072316,60.166666666666664,977.3853197692993,54.166666666666664
1,44,phi+0.60,0,0.03683062068994071,4.306587020935332,1912.0241093684633,6.583333333333333,1091.9625944012814,60.416666666666664,983.1294151373271,54.75
1,44,phi+0.60,1,0.0194850498362759,2.791158178617886,2282.0033065144667,6.583333333333333,1116.7733269041712,60.916666666666664,995.6770380256362,54.833333333333336
1,44,phi+0.60,2,0.013404218836759171,3.190519817642667,1816.8982309739533,6.333333333333333,1095.300606269397,60.583333333333336,972.7542293634829,53.75
1,44,phi+0.90,0,0.13998312389852213,10.741196743810073,2362.9981061966632,6.5,1095.5315780336039,58.833333333333336,990.3881492039048,53.166666666666664
1,44,phi+0.90,1,0.09425020783446568,8.420617969305509,2306.3042175109445,6.5,1083.967387082086,60.166666666666664,984.7954936343098,53.75
1,44,phi+0.90,2,0.21176537459376565,21.115405628844965,1919.251434606529,6.083333333333333,1062.7295513372676,57.833333333333336,973.8090574647754,53.166666666666664
1,44,phi+0.99,0,0.465842208626605,34.074794350080325,1751.8820365155743,6.25,1065.902946612023,59.25,953.9198793921029,53.166666666666664
1,44,phi+0.99,1,0.613634656467283,58.338732105664256,1709.1830798274266,6.083333333333333,1022.3565298347612,55.75,947.472029814989,51.333333333333336
1,44,phi+0.99,2,0.5374852870952476,45.91123320952992,3663.743042226779,6.25,1245.4277360804265,57.416666666666664,1050.4505542790675,53.166666666666664
1,44,sorted,0,0.7004001450403508,75.87435666023299,1686.1217916986586,6.083333333333333,1007.0567549838456,55.333333333333336,932.6953254854762,51.083333333333336
1,45,real,0,0.46304959448849153,55.95370647017529,2256.544426508684,6.083333333333333,1134.224743771628,58.833333333333336,998.9242168073184,53.0
1,45,phi-0.60,0,0.008737918111880336,1.0,2783.1552015085867,6.0,1114.5256742226677,60.5,1001.3457977262841,54.166666666666664
1,45,phi-0.60,1,0.008458283703700257,1.0,2588.816849721718,5.916666666666667,1130.285688300222,61.416666666666664,1002.6451147430462,55.333333333333336
1,45,phi-0.60,2,0.0037422870029154313,1.0,2057.070970765107,6.0,1100.2312282248151,59.083333333333336,974.1601508752393,52.833333333333336
1,45,phi-0.30,0,0.013476010015785612,1.0,2179.3431204356616,5.916666666666667,1108.2219169460898,60.75,979.0637968197775,54.083333333333336
1,45,phi-0.30,1,-0.004152800041869827,1.0,2828.0859550576065,6.0,1116.2673938981186,60.666666666666664,990.8135996832247,54.0
1,45,phi-0.30,2,0.004537028044851244,1.0,2327.65205616516,6.083333333333333,1104.977335817474,61.5,970.1551300216533,53.5
1,45,phi+0.00,0,-0.003048276165301531,1.0,2097.882162489245,6.0,1124.435910626113,60.916666666666664,991.2493297056911,54.416666666666664
1,45,phi+0.00,1,0.005359963259025965,1.0432429201252336,2001.5532679774606,6.083333333333333,1121.4878817483448,60.833333333333336,990.3963564022882,53.333333333333336
1,45,phi+0.00,2,-0.002186295365352773,1.0,2275.7101449422166,6.0,1109.3827629067976,60.5,995.147591587185,55.083333333333336
1,45,phi+0.30,0,0.0036563398633408894,1.5738184355974543,2125.9965027701596,5.916666666666667,1107.612610514061,59.416666666666664,997.4221313507106,55.083333333333336
1,45,phi+0.30,1,-0.006368367071905806,1.6201396164167208,3231.707659290021,6.083333333333333,1113.566827638188,60.166666666666664,982.0895080684164,52.166666666666664
1,45,phi+0.30,2,0.008976481874686236,2.2802774833317203,2573.4268180590084,6.083333333333333,1120.963184949495,60.75,994.8409694356982,54.25
1,45,phi+0.60,0,0.025139530649278163,3.3389713271389625,2072.9565993584492,6.083333333333333,1112.6176595081026,60.0,1001.7732871088656,54.833333333333336
1,45,phi+0.60,1,0.006483708654388886,2.691485376013291,2830.6725821932955,6.0,1131.1753360597374,61.25,989.0320169955661,52.916666666666664
1,45,phi+0.60,2,0.030531644210721832,3.893575029216452,2261.3169503728327,6.083333333333333,1122.145207467205,61.75,988.7508630896667,53.416666666666664
1,45,phi+0.90,0,0.18967900280948385,17.18391798103213,2629.951872494872,6.166666666666667,1137.4918290458047,59.25,1011.7944550305042,54.833333333333336
1,45,phi+0.90,1,0.17309117900145077,18.053426085627716,2410.8332119102574,5.916666666666667,1120.3901663794602,60.75,995.8042911949178,53.416666666666664
1,45,phi+0.90,2,0.17349006969454905,13.58253102815042,2161.1913109407146,5.916666666666667,1107.2482859407278,58.833333333333336,985.8008611814589,53.583333333333336
1,45,phi+0.99,0,0.6604582368612939,57.988516576274165,2790.3563942827473,6.0,1219.1448209555062,58.583333333333336,1017.3842657338354,52.5
1,45,phi+0.99,1,0.7337755376915799,77.12174302030951,2032.1126862443673,6.083333333333333,1141.6178030646615,58.25,985.415007113262,51.833333333333336
1,45,phi+0.99,2,0.5953294585503037,51.00426185456726,3471.382200187611,5.916666666666667,1244.146226017259,58.5,1045.668240015687,53.666666666666664
1,45,sorted,0,0.9537915100995052,110.12993147474178,1637.412738623805,5.916666666666667,1004.9307607987575,56.5,943.0631815872124,52.25
1,47,real,0,0.4600484140656342,53.594178900253674,2161.6941622075938,6.0,1119.7710050479443,53.916666666666664,996.6341382684259,52.5
1,47,phi-0.60,0,0.004937565590845778,1.0,2082.3249115618696,6.0,1106.4831230163225,54.25,987.0934462381696,52.333333333333336
1,47,phi-0.60,1,0.00822115245810389,1.0,2027.713644975456,6.0,1093.1583190751433,56.416666666666664,953.5210618333427,49.916666666666664
1,47,phi-0.60,2,0.008254414417570683,1.0,2149.8426193444975,6.083333333333333,1087.5940531236754,55.666666666666664,964.9030957464973,51.416666666666664
1,47,phi-0.30,0,0.002064656125785758,1.0,2170.737204612748,6.0,1115.9956823732712,54.166666666666664,979.9235968976697,52.25
1,47,phi-0.30,1,0.006671472256880492,1.0,2016.212147718183,6.0,1101.9242083030938,54.083333333333336,969.9015651579326,50.916666666666664
1,47,phi-0.30,2,0.0020866935087637084,1.0,1939.530446459581,6.0,1090.7748104446925,54.333333333333336,971.280070700769,51.833333333333336
1,47,phi+0.00,0,-0.008006355402441913,1.0456375660714319,2101.6509580232037,6.0,1113.7426175792243,55.583333333333336,971.5163991672939,50.833333333333336
1,47,phi+0.00,1,-0.004187566916741292,1.1148610211313263,2029.6223237361403,6.0,1085.213854791011,53.166666666666664,970.5065300175601,52.333333333333336
1,47,phi+0.00,2,-0.0068903278573176855,1.0726474833122057,2074.3698194053936,6.0,1101.3201517240793,53.583333333333336,966.9186485765294,52.166666666666664
1,47,phi+0.30,0,-0.0032185398075286168,1.6600876493416206,2176.4818113881047,6.0,1111.455999413718,52.5,977.577676750766,51.0
1,47,phi+0.30,1,0.0024416696225912876,1.556849561752272,2175.142203174078,6.0,1100.400497882603,54.416666666666664,964.418302980973,51.166666666666664
1,47,phi+0.30,2,0.0031589716538816255,1.9876738549728308,2151.0614473007845,6.083333333333333,1072.329304397788,55.25,975.4064443213753,52.416666666666664
1,47,phi+0.60,0,0.007987354501111883,3.578241428338474,2228.4688872576244,6.0,1099.1394260079874,53.416666666666664,992.5727601415178,52.833333333333336
1,47,phi+0.60,1,0.0041786837242711004,3.6286595281533156,2002.4004054338739,6.0,1073.3662635713588,54.25,984.299214505821,52.583333333333336
1,47,phi+0.60,2,0.01071681437759388,3.92334916851869,2008.3016186694647,6.0,1103.2821509278726,55.166666666666664,971.8711149336787,51.583333333333336
1,47,phi+0.90,0,0.18978645615936418,13.660792879434563,2076.7236545887135,6.0,1088.948145310602,53.75,986.9288481089219,52.75
1,47,phi+0.90,1,0.18373766714980863,14.12342024425965,2053.788595130816,6.0,1123.3808830970006,53.833333333333336,983.496613681234,52.416666666666664
1,47,phi+0.90,2,0.1938409052928459,13.697221066002813,2080.7462978183507,6.0,1153.7482393320035,55.416666666666664,973.7590119241468,51.0
1,47,phi+0.99,0,0.7256577064893317,76.71789847230848,1907.2872957141979,6.0,1086.0831744511559,53.666666666666664,972.0523757448173,51.166666666666664
1,47,phi+0.99,1,0.768682311205453,77.52724009452989,3057.1516566225023,6.0,1291.5318983633358,52.416666666666664,1030.9059940747304,50.5
1,47,phi+0.99,2,0.7868754177585532,81.99422942739174,1925.5257018405,6.0,1058.2714806641548,53.333333333333336,944.8403092242252,49.916666666666664
1,47,sorted,0,0.9052691723173267,100.29981915570248,1791.1390730467072,6.0,1018.8349852821831,51.75,938.2303787202237,50.25
1,49,real,0,0.3353630309668264,32.955341814234814,1608.0473688990867,7.833333333333333,1025.83599825315,61.583333333333336,977.3558319685894,56.916666666666664
1,49,phi-0.60,0,0.003546120832605148,1.0,2106.060712486205,8.25,1076.562912972049,65.66666666666667,1004.8669923925482,60.416666666666664
1,49,phi-0.60,1,0.013140000610905473,1.0,2009.6900088690008,8.666666666666666,1076.5887609761533,65.5,1013.6906425547915,60.333333333333336
1,49,phi-0.60,2,0.006577873533478708,1.0,2091.113973678204,8.333333333333334,1082.9753401417422,66.41666666666667,1021.7415753863428,61.0
1,49,phi-0.30,0,-0.007118454807124836,1.0,1929.8788790965684,8.916666666666666,1096.4155318084017,66.33333333333333,1005.2566024875086,59.916666666666664
1,49,phi-0.30,1,-0.003611733780055731,1.0,1985.2491027145613,8.916666666666666,1087.4272547012217,65.66666666666667,1012.7611622431059,60.083333333333336
1,49,phi-0.30,2,0.0042306367494497395,1.0,2054.0238004699836,9.0,1092.006313790126,65.58333333333333,1025.714055741501,60.75
1,49,phi+0.00,0,0.007929790556783198,1.0950791983628014,2135.900118752134,8.583333333333334,1082.4145672645768,66.66666666666667,1017.79488599701,60.75
1,49,phi+0.00,1,-0.008618004282169441,1.2010788842291844,2044.6077701719441,8.75,1100.8988228211865,67.58333333333333,1022.6175263451765,61.666666666666664
1,49,phi+0.00,2,-0.006697754547307126,1.0061232028126195,2226.7795081981203,8.75,1072.927593809757,64.08333333333333,1015.9693400767092,60.166666666666664
1,49,phi+0.30,0,0.00881679255332007,1.1652874970243292,1846.0402904951334,8.416666666666666,1063.824086294344,64.66666666666667,1014.6210432201897,60.916666666666664
1,49,phi+0.30,1,0.006743732110800362,1.6542616822912208,2114.184100926663,8.833333333333334,1072.4312844551548,65.5,1029.62000570029,61.333333333333336
1,49,phi+0.30,2,-0.0018278364390530084,1.3077144726820464,2606.589472833311,9.416666666666666,1105.543280832647,66.66666666666667,1028.482935627186,60.25
1,49,phi+0.60,0,-0.0016173986835403993,3.077546895504786,2295.722671741661,8.583333333333334,1101.8144772402563,66.33333333333333,1018.0073387504434,60.833333333333336
1,49,phi+0.60,1,0.008021453892726484,2.2160598947394585,2028.4052068493668,8.75,1087.8547603438394,66.75,1023.4655420589678,60.5
1,49,phi+0.60,2,0.011319599556083478,2.3139144524882935,2057.126412011366,8.666666666666666,1090.336227737503,65.25,1031.8989775330183,61.666666666666664
1,49,phi+0.90,0,0.04546043611649858,5.891440110425252,1946.3019597086013,8.083333333333334,1073.5045237634051,65.08333333333333,1002.7607588006357,59.833333333333336
1,49,phi+0.90,1,0.15239714429033815,11.295320120068059,2500.948441476611,8.916666666666666,1136.2555760695848,65.08333333333333,1071.8600652886046,61.666666666666664
1,49,phi+0.90,2,0.07266213713476179,6.22338697945305,2262.5511252964784,8.416666666666666,1123.7990101384037,65.58333333333333,1021.8601758031724,59.333333333333336
1,49,phi+0.99,0,0.28853446458270815,19.538445785050776,2446.8778775791848,7.916666666666667,1138.238740470967,64.33333333333333,1018.8415022692124,57.833333333333336
1,49,phi+0.99,1,0.15523187847101735,12.999821796988865,1738.7905544515827,7.916666666666667,1052.8566553982453,63.666666666666664,999.4682987321615,59.25
1,49,phi+0.99,2,0.23465692743933422,18.845841693163145,1897.4042740664543,8.583333333333334,1071.567472140696,64.66666666666667,1009.0721538297108,59.75
1,49,sorted,0,0.6001955511350204,55.96877558427629,1599.4292509102152,6.75,978.0861689817999,56.666666666666664,962.1033365727945,55.583333333333336
1,48,real,0,0.017858784269124843,1.4882133679310514,2474.1326671912393,6.0,1123.1397888186668,57.333333333333336,987.6122239452878,53.5
1,48,phi-0.60,0,0.004967384781901053,1.0,2274.5183926387767,6.0,1086.293312202852,55.416666666666664,1001.8653888919594,55.0
1,48,phi-0.60,1,0.006969852430550345,1.0,2098.034398154714,6.0,1105.4198657518752,57.166666666666664,988.6166315910713,54.416666666666664
1,48,phi-0.60,2,0.007967934983052243,1.0,2231.243962658744,6.0,1104.5045350450655,56.25,996.6502752450482,53.166666666666664
1,48,phi-0.30,0,-0.0020944589695088035,1.0,2080.386385972677,6.0,1094.4988629804686,57.416666666666664,997.3022096193343,54.5
1,48,phi-0.30,1,-0.0017640331867409312,1.0,2390.984945968893,6.0,1080.5903125285251,55.583333333333336,990.0207145838125,52.75
1,48,phi-0.30,2,0.0047136792234540184,1.0,2113.85542956465,6.0,1110.6444047910143,57.083333333333336,1000.6631311446591,54.666666666666664
1,48,phi+0.00,0,-0.004616458845815735,1.0,2291.2832576629266,6.0,1118.8761104122343,58.583333333333336,997.8117398790299,54.083333333333336
1,48,phi+0.00,1,-0.0052871605089701516,1.0,2284.9347605097423,6.083333333333333,1124.5249571716242,58.083333333333336,992.1115404288399,54.333333333333336
1,48,phi+0.00,2,-0.006956718604901956,1.0,2466.1240602561898,6.0,1144.461073360748,55.083333333333336,989.2611986552018,52.666666666666664
1,48,phi+0.30,0,0.005294844626323366,2.093900873716289,2099.0168727674227,6.0,1107.5695278014332,55.583333333333336,988.4406315725595,54.333333333333336
1,48,phi+0.30,1,-0.006354827796243396,1.7402162149859572,2253.8405016980437,6.0,1112.7029754724977,57.083333333333336,1001.1278436003721,54.75
1,48,phi+0.30,2,0.003676442186359379,2.000307561757424,2957.630375149851,6.0,1114.8675938317024,55.583333333333336,1003.9248438238837,54.083333333333336
1,48,phi+0.60,0,0.0595447981938082,5.611013039250508,2085.622375789864,6.0,1106.9235736244589,56.75,988.2875334601255,53.5
1,48,phi+0.60,1,0.013981943033314086,3.610383972522173,2010.4531729325554,6.0,1072.430461519761,55.0,968.801350725629,53.25
1,48,phi+0.60,2,0.021247428798619964,3.146372973038177,2050.650443768334,6.0,1129.2707043335095,56.916666666666664,1000.4613625802955,54.833333333333336
1,48,phi+0.90,0,0.23240274734499697,18.076569297998414,2161.8579164494454,6.0,1106.3256444486708,55.083333333333336,991.464302443425,53.25
1,48,phi+0.90,1,0.2283286600590624,16.090108835940477,2079.6852982896708,6.0,1121.9802284381021,56.166666666666664,991.7457756102917,52.916666666666664
1,48,phi+0.90,2,0.23006541374536357,16.610835980988412,2067.7972302006788,6.0,1111.3522004114702,57.166666666666664,993.7033011326927,53.833333333333336
1,48,phi+0.99,0,0.6780273618882804,59.359171010489995,2187.1490305920042,6.0,1157.5852008468748,55.916666666666664,977.9311192463452,52.0
1,48,phi+0.99,1,0.6966837885148887,63.10955713907806,2147.208479561801,6.0,1202.8226438873205,55.916666666666664,1026.8174466117919,53.25
1,48,phi+0.99,2,0.7829671587823414,78.50693922168385,2209.193333403474,6.0,1174.5373288088176,55.583333333333336,1006.5869399732827,52.666666666666664
1,48,sorted,0,0.9189828299398887,105.15835481559826,1664.9087257651308,6.0,1034.0917741730973,55.5,947.1966107633463,52.5
1,50,real,0,-0.008119022781963582,1.3804077000501769,2142.57381021257,6.0,1061.405344381034,57.75,975.3824819468836,54.916666666666664
1,50,phi-0.60,0,0.0018530708211740414,1.0,2793.1969584269405,6.0,1103.1453227771776,60.5,956.715249556141,52.25
1,50,phi-0.60,1,0.003285796590872308,1.0,2158.46862451415,6.0,1058.2460296109043,59.083333333333336,970.9453069304069,53.333333333333336
1,50,phi-0.60,2,0.006346917506708574,1.0,2263.055415925412,6.0,1065.6824797085237,59.75,972.8235295926469,54.0
1,50,phi-0.30,0,0.0008098516864363652,1.0,2154.4997098485146,6.0,1054.4425311611483,59.166666666666664,973.3221441248226,53.75
1,50,phi-0.30,1,0.0027363960314134616,1.0,2836.3018183649856,6.0,1087.869760527763,58.833333333333336,987.4017040569443,53.75
1,50,phi-0.30,2,-0.00250944862122609,1.0,2237.071016775117,6.0,1076.8347537288216,60.583333333333336,968.3087076899888,54.583333333333336
1,50,phi+0.00,0,0.0021941949497748807,1.0,2446.5498858148458,6.0,1090.388720438085,59.916666666666664,983.7197113591013,53.166666666666664
1,50,phi+0.00,1,-0.0016157952906735865,1.151822216556536,2005.4355082681961,6.0,1051.618910613629,58.5,963.6508291541354,52.916666666666664
1,50,phi+0.00,2,-0.004919125654948119,1.0,2109.728578187241,6.0,1070.307782239365,59.583333333333336,959.0738632863395,53.5
1,50,phi+0.30,0,0.0027570735301020687,1.547730441530508,2410.452283832776,6.0,1076.032026277902,59.416666666666664,966.3107027079986,52.833333333333336
1,50,phi+0.30,1,0.011993052549286499,1.84640786163778,2195.528488643145,6.0,1066.9870510113296,60.666666666666664,972.1149518602671,53.166666666666664
1,50,phi+0.30,2,-0.0012313814468405953,1.8046924919923417,2183.2880146034886,6.0,1079.3760128808376,59.166666666666664,967.5378423818137,52.25
1,50,phi+0.60,0,0.02379969339115029,2.8822154230251043,2372.7899932943405,6.0,1074.8194752386264,59.333333333333336,987.801075076189,52.5
1,50,phi+0.60,1,0.016518689410070224,2.931288564824195,2684.943004546229,6.0,1093.40617021093,58.166666666666664,969.6513993323853,52.833333333333336
1,50,phi+0.60,2,0.026660732608818176,3.6690571642778482,2108.172236471351,6.0,1056.7111524569434,58.583333333333336,961.3920075408893,53.833333333333336
1,50,phi+0.90,0,0.192668226617446,16.138333955257103,2139.0500051940994,6.0,1067.4665304025368,58.083333333333336,947.7843405687131,51.833333333333336
1,50,phi+0.90,1,0.1568490640380052,12.572557880031512,2475.3398866380135,6.0,1090.8846648996405,59.25,997.7638086805438,53.166666666666664
1,50,phi+0.90,2,0.22019126278459508,15.288669161217246,2207.5625653348666,6.0,1060.4262434093,57.916666666666664,967.1874556914845,52.75
1,50,phi+0.99,0,0.6911253784711276,68.98829437890458,2174.2859971969174,6.0,1074.0495964648942,57.25,962.0968305466068,51.583333333333336
1,50,phi+0.99,1,0.5604839002637325,48.299871728725826,2493.74460534497,6.0,1152.4771621886382,60.25,991.6984540677573,52.833333333333336
1,50,phi+0.99,2,0.7417589235939784,77.94492714743602,1923.2147042531117,6.0,1116.6532120776642,58.75,978.2175854321458,52.166666666666664
1,50,sorted,0,0.967933021223338,113.66467860483857,1620.556654756828,6.0,981.4962723087842,56.0,920.6442862198386,51.333333333333336
1,52,real,0,0.005884513034992455,1.0,2714.638890201158,11.833333333333334,1014.2000815155789,59.833333333333336,986.4922859524681,57.083333333333336
1,52,phi-0.60,0,0.001359820272404858,1.0,2277.7276100295394,12.0,1002.3318085950132,59.583333333333336,980.6121658250922,56.916666666666664
1,52,phi-0.60,1,-0.0024512638013744472,1.0,2165.4338021248723,11.75,1010.7723537015505,60.5,981.4164947048806,57.333333333333336
1,52,phi-0.60,2,0.0019065775222639116,1.0,2168.1930565374482,11.666666666666666,997.1889133191354,59.0,967.6304037260496,55.916666666666664
1,52,phi-0.30,0,0.005177269433480838,1.0,1920.1987867096423,11.583333333333334,986.2801321051652,58.583333333333336,954.3593354344824,55.416666666666664
1,52,phi-0.30,1,-0.002591679435444325,1.0,2834.9416418389974,12.083333333333334,1017.6759298642843,60.916666666666664,983.2292356726821,57.333333333333336
1,52,phi-0.30,2,-0.0009988992201062545,1.0,3089.058092149578,12.083333333333334,1010.7715103350698,60.083333333333336,964.0135117871902,57.0
1,52,phi+0.00,0,-0.002207233749359048,1.0,2316.5771264036175,12.166666666666666,1010.3391679043515,59.916666666666664,982.6798410077703,57.083333333333336
1,52,phi+0.00,1,0.0008746747741173696,1.0423371296647517,2161.624715579376,12.083333333333334,1003.0597009142599,60.166666666666664,965.2483159353145,56.416666666666664
1,52,phi+0.00,2,-0.0005506247708676157,1.0,2280.0918446741775,11.666666666666666,1013.4602797747192,60.333333333333336,980.0644582807859,57.0
1,52,phi+0.30,0,-0.005699363658892788,1.0,2310.5552047491706,11.916666666666666,1011.3632634587767,60.666666666666664,986.8897481769668,56.916666666666664
1,52,phi+0.30,1,-0.004487955745878891,1.0,2784.596863480638,12.5,1013.7872756445857,61.083333333333336,990.3261454166367,58.166666666666664
1,52,phi+0.30,2,0.005773098646922781,1.0871352807176264,2474.463440136023,12.583333333333334,1012.7263884481567,60.0,987.4646975236618,57.5
1,52,phi+0.60,0,-0.008206744216147852,1.6033474016497284,2188.8625859336234,11.916666666666666,1003.4911574544773,59.666666666666664,971.2689457178736,56.666666666666664
1,52,phi+0.60,1,0.007145357512963434,2.716094964104349,2101.617431010203,11.083333333333334,1006.3835641657148,60.666666666666664,968.547165190823,56.666666666666664
1,52,phi+0.60,2,0.005981231635415154,1.3674207141372086,4161.121084052006,12.083333333333334,1039.9146464225678,61.333333333333336,980.139306230627,57.0
1,52,phi+0.90,0,0.015126325021316438,3.179857398367198,1807.884103436664,10.833333333333334,991.5127032421688,58.333333333333336,961.2869866690494,55.916666666666664
1,52,phi+0.90,1,0.033804796819884554,4.622876916905652,2525.218304109376,10.75,1003.7938948021605,60.166666666666664,968.6856364029532,55.833333333333336
1,52,phi+0.90,2,0.0618599221013052,6.306838974116744,2795.2000750851416,9.916666666666666,986.969296805523,57.666666666666664,968.3784725068649,55.333333333333336
1,52,phi+0.99,0,0.12986899878782845,10.433866848334576,2412.465070691302,9.5,988.2228853555611,56.416666666666664,965.5467104871941,55.25
1,52,phi+0.99,1,0.3235461734949553,22.32845820333778,1664.6680243443116,8.5,941.130769957875,54.666666666666664,929.2717999899947,52.75
1,52,phi+0.99,2,0.1432806831824749,11.118166713602369,1835.6865336633048,8.666666666666666,957.1942527759203,55.333333333333336,936.0274480380252,53.333333333333336
1,52,sorted,0,0.31182618581548266,22.968251122518293,1660.5625125654897,8.083333333333334,941.3776318683022,54.583333333333336,924.4003140654686,52.333333333333336
1,51,real,0,-0.028654486834764778,1.7559274512995497,2714.7229676727375,6.666666666666667,1116.1104746672786,65.08333333333333,1031.7671590611874,60.916666666666664
1,51,phi-0.60,0,0.00044597516322163227,1.0,3706.2293119473675,6.833333333333333,1118.4393536406926,64.5,1039.744918062743,59.75
1,51,phi-0.60,1,0.0016915963071173973,1.0,1985.2440920328065,6.416666666666667,1113.560647092361,65.08333333333333,1016.0163086502407,60.0
1,51,phi-0.60,2,0.002100497393638081,1.0,2819.869802303605,6.666666666666667,1101.2731959735222,63.75,1017.8023459663069,58.166666666666664
1,51,phi-0.30,0,0.002189908176578551,1.0,2413.671632613251,6.333333333333333,1107.9727403337233,64.75,1031.7755245767391,59.583333333333336
1,51,phi-0.30,1,0.0048274205868163115,1.0,2053.868239344141,6.166666666666667,1105.9773678305417,64.41666666666667,1030.59906554893,60.416666666666664
1,51,phi-0.30,2,0.0017704384395920527,1.0,1888.3088712362926,6.5,1103.7002807712536,65.58333333333333,1028.225623054572,59.916666666666664
1,51,phi+0.00,0,0.006069131330039749,1.0,2366.407836059095,6.5,1121.836582239028,63.666666666666664,1039.8161961654266,59.833333333333336
1,51,phi+0.00,1,-0.004751581449339886,1.0649037917085877,2264.885587726723,6.583333333333333,1112.960326454266,65.0,1021.1744953552079,59.583333333333336
1,51,phi+0.00,2,-0.004190597482616764,1.0,2120.594442488825,6.5,1103.470959333574,64.91666666666667,1033.8026469539602,60.0
1,51,phi+0.30,0,0.0005699454331851223,1.1737541858845917,2398.3777660446863,6.333333333333333,1112.402256752376,65.33333333333333,1023.7563095714214,59.166666666666664
1,51,phi+0.30,1,0.007523694693643812,1.4530193019852264,2177.493925688294,6.666666666666667,1111.5057534054072,65.5,1030.4634567530459,59.916666666666664
1,51,phi+0.30,2,0.004400130048485192,1.6023100175914682,2460.702763585676,6.5,1126.5607941707199,65.33333333333333,1018.5221391970199,59.333333333333336
1,51,phi+0.60,0,0.019474196207814407,3.0030380933468774,2083.9983063424993,6.333333333333333,1126.2716991682594,65.08333333333333,1024.546607089824,59.583333333333336
1,51,phi+0.60,1,0.014793869349047726,2.5710479495137175,3111.9128439810015,6.666666666666667,1144.8449324673009,66.16666666666667,1029.6358248576566,60.083333333333336
1,51,phi+0.60,2,0.022582119250283635,2.5597106373539056,2407.4067163666673,6.75,1112.3102101808092,64.33333333333333,1039.90565136829,58.666666666666664
1,51,phi+0.90,0,0.1554911424047172,11.233688910870468,3193.0725070064395,6.833333333333333,1146.2431177839444,63.583333333333336,1046.1956718627355,58.666666666666664
1,51,phi+0.90,1,0.11733841990978862,9.552634655738537,2013.1879282461643,6.333333333333333,1119.9112766985124,65.83333333333333,1021.5371475144603,59.75
1,51,phi+0.90,2,0.16749205638160952,12.20994053340307,2151.4614258003685,6.416666666666667,1148.2209773541315,64.5,1029.2918941162604,58.666666666666664
1,51,phi+0.99,0,0.6009619789535624,59.311143514089125,1831.9214192323177,6.5,1107.94389256828,63.25,1018.0621862656664,58.5
1,51,phi+0.99,1,0.39974512567623455,41.49200377264482,3283.5102603754663,6.416666666666667,1252.8638717407541,64.66666666666667,1075.032876690171,58.833333333333336
1,51,phi+0.99,2,0.711269520340926,70.10097046934757,4531.8868344679495,6.75,1456.7283448092578,62.25,1135.9193002568193,57.25
1,51,sorted,0,0.940552376108651,107.40135603485386,1586.7154470935084,6.166666666666667,1024.7076576722986,59.583333333333336,983.5907975686081,56.75
1,53,real,0,0.16858871725926566,19.434314180090023,2214.124269363464,6.25,1161.6661476401484,60.75,971.8553384101243,52.333333333333336
1,53,phi-0.60,0,0.004390567869529525,1.0,2244.5914174951936,6.333333333333333,1125.321037740284,60.583333333333336,969.5551023095131,53.083333333333336
1,53,phi-0.60,1,0.01106633771124961,1.0,2068.5674237016524,6.083333333333333,1100.586618874344,59.0,956.6206146598101,49.916666666666664
1,53,phi-0.60,2,0.011402158618620189,1.0,2142.064848671929,6.166666666666667,1132.198417920935,60.083333333333336,968.298544667803,52.666666666666664
1,53,phi-0.30,0,0.0022183126157637838,1.0,2220.9629983863574,6.166666666666667,1140.4811371007438,59.333333333333336,956.5354805085012,51.75
1,53,phi-0.30,1,-0.005391433364671914,1.0,2243.1797249197175,6.083333333333333,1124.432365298378,60.833333333333336,954.6193130874314,50.166666666666664
1,53,phi-0.30,2,0.002923794859077698,1.0,2146.6653343228954,6.0,1121.3636567554834,60.0,970.5545814911205,52.0
1,53,phi+0.00,0,0.0014101989957754225,1.0,2093.5347902563744,6.083333333333333,1126.0370225426243,60.166666666666664,952.9855200409025,50.333333333333336
1,53,phi+0.00,1,-0.004391067541937793,1.1418605224147493,2258.1412507761465,6.083333333333333,1122.200119212411,59.25,968.7023478517508,52.416666666666664
1,53,phi+0.00,2,-0.004808081062590196,1.0456073153013234,2085.206064045754,6.0,1144.7204594689842,60.416666666666664,966.5152432411788,50.333333333333336
1,53,phi+0.30,0,0.003111204021145255,1.5756925700399507,1981.9052781131616,6.25,1122.0530292172323,60.333333333333336,966.8254806081289,51.666666666666664
1,53,phi+0.30,1,-0.001400761133063463,1.7216157703447346,2318.783555440802,6.0,1124.7603290488073,60.25,955.0325802354511,50.333333333333336
1,53,phi+0.30,2,0.005895101213169497,1.3958533909252484,2195.228402919019,6.416666666666667,1148.1749193677283,60.166666666666664,958.4316523493266,50.5
1,53,phi+0.60,0,0.012068705324334317,4.351262011376111,1900.9584141154855,6.0,1134.703053971729,61.5,965.9216057642749,51.0
1,53,phi+0.60,1,0.032461987706821696,4.213327334621294,2152.0545429089825,6.333333333333333,1115.7945695019807,61.166666666666664,952.8928888469005,50.166666666666664
1,53,phi+0.60,2,0.008175123323054378,3.1153090728341724,1954.0359285454635,6.083333333333333,1120.4609898118804,60.0,944.2419284959229,49.916666666666664
1,53,phi+0.90,0,0.19749890754991625,15.269730610433308,2203.7431460061794,6.0,1137.9926985117972,60.0,939.7272534403661,50.25
1,53,phi+0.90,1,0.22048162715797803,15.512001376468964,2310.4632812518316,6.0,1129.96250204974,58.75,961.979142814007,50.416666666666664
1,53,phi+0.90,2,0.07484676593455265,10.641119746734894,2188.312417458661,6.083333333333333,1139.3172975010586,59.416666666666664,963.5072758782688,50.75
1,53,phi+0.99,0,0.7441689291086807,71.43732887064606,2400.686169981446,6.0,1271.79263128166,58.5,988.3687218986798,50.0
1,53,phi+0.99,1,0.6828360863548668,63.653200551320076,1866.7774305584765,6.083333333333333,1131.384450137177,56.75,944.897707059697,50.25
1,53,phi+0.99,2,0.7691978090234758,77.31539572661129,1875.213561120303,6.083333333333333,1118.7386114285339,58.083333333333336,944.0215500031217,49.833333333333336
1,53,sorted,0,0.8581604248342707,96.29239857805376,1705.4230547332384,6.166666666666667,1038.1813440876506,57.25,922.9728275584433,50.25
1,56,real,0,0.08009206837217972,6.373802610984593,2074.7936175228074,6.25,1098.8390536724962,59.25,975.7177062637958,53.916666666666664
1,56,phi-0.60,0,0.006629456239473817,1.0,2176.919623459837,6.75,1066.74491369561,57.916666666666664,975.8967562600184,52.833333333333336
1,56,phi-0.60,1,0.009817156641790618,1.0,2186.6946155844867,6.416666666666667,1095.709558051072,59.083333333333336,985.5053584725362,55.833333333333336
1,56,phi-0.60,2,0.005591704906982106,1.0,2071.335619886689,6.25,1108.1597826671139,59.916666666666664,980.1437613809854,54.666666666666664
1,56,phi-0.30,0,-0.00021382709135567667,1.0,2501.184130552967,6.333333333333333,1093.6673035391009,59.333333333333336,986.5404382169245,53.583333333333336
1,56,phi-0.30,1,0.0005731071742166427,1.0,2038.0637357663493,6.333333333333333,1083.1002523029535,59.333333333333336,984.579134795205,54.333333333333336
1,56,phi-0.30,2,-0.0008431209808998447,1.0,2214.4368835644677,6.583333333333333,1120.3426629532719,60.0,976.4304330927221,52.833333333333336
1,56,phi+0.00,0,-0.0005504486569017676,1.0,2324.3331018634885,6.166666666666667,1089.6669116376395,59.333333333333336,988.6825277618973,54.083333333333336
1,56,phi+0.00,1,-0.0014589064496018725,1.0,2136.6927583441734,6.083333333333333,1100.8039563975196,59.0,981.7583996421355,54.5
1,56,phi+0.00,2,-0.0055912569427855625,1.0,1991.753766331055,6.083333333333333,1079.9139646466901,59.25,990.306924998141,55.083333333333336
1,56,phi+0.30,0,0.0018952965919883371,1.69401749047912,2300.050040201414,6.25,1090.2141763550435,58.583333333333336,1021.9087753734324,56.75
1,56,phi+0.30,1,0.00030605279669236666,1.8690343754383585,2481.2349348211505,6.416666666666667,1101.4022789994594,60.666666666666664,988.0014035840849,54.583333333333336
1,56,phi+0.30,2,-0.003680183294635139,1.6302106664318083,2396.1764607025243,6.083333333333333,1131.6983434940569,60.5,999.8391242501517,55.5
1,56,phi+0.60,0,0.019869231886069816,3.012881480496545,2158.3419044480474,6.25,1113.9692708466946,59.166666666666664,984.390375815492,54.25
1,56,phi+0.60,1,0.016079528369266176,3.5365525536962914,2469.43986533024,6.333333333333333,1137.147971023581,59.833333333333336,1005.2152843565838,55.166666666666664
1,56,phi+0.60,2,0.027327770159693537,3.8317065723450545,2177.884538290172,6.083333333333333,1113.8460275484158,59.583333333333336,990.1511963325635,54.0
1,56,phi+0.90,0,0.18936030446067767,13.966048960803436,2041.997306054418,6.416666666666667,1093.220358051882,58.833333333333336,990.2539880478688,53.583333333333336
1,56,phi+0.90,1,0.1831103225558539,13.220413538596455,2103.1149808892596,6.166666666666667,1109.9379191675164,58.0,996.5815746974891,54.25
1,56,phi+0.90,2,0.25941708083292386,18.560473797488477,1878.9968401048145,6.166666666666667,1053.1834206979395,58.916666666666664,965.3600491334996,52.916666666666664
1,56,phi+0.99,0,0.7362647822902183,72.38458823404673,2277.885871780483,6.25,1137.5748998391211,56.583333333333336,1004.2702618900931,53.75
1,56,phi+0.99,1,0.7765973202723937,84.65415278325956,1956.976172804695,6.25,1103.0748345857342,56.916666666666664,980.1928313190082,53.666666666666664
1,56,phi+0.99,2,0.7030872453064035,66.9088314898463,2704.532957229564,6.0,1213.3379315632135,56.0,1017.5570347147964,54.5
1,56,sorted,0,0.8482032287725961,95.95739067585325,1780.1423949199627,6.166666666666667,1004.4444666562446,56.75,955.5853423991466,53.583333333333336
1,57,real,0,0.0011909141006973439,1.0,2211.6158074151062,6.0,1123.572421613186,56.583333333333336,1003.1744691950553,51.833333333333336
1,57,phi-0.60,0,0.010729138115817232,1.0,1943.2847742804142,6.0,1086.916700466029,57.5,969.028649625459,50.75
1,57,phi-0.60,1,0.005497234282370866,1.0,1968.7014795935418,6.0,1110.7562128748907,57.25,1010.2051348238493,53.833333333333336
1,57,phi-0.60,2,0.0030906318796199584,1.0,1936.488715351434,6.0,1091.095411287108,55.583333333333336,986.6413233657805,52.25
1,57,phi-0.30,0,-0.0010792069552176026,1.0,1981.0613827033067,6.0,1108.077071144952,56.75,999.1660390801293,52.916666666666664
1,57,phi-0.30,1,-0.0007070885337645596,1.0,1975.0869044470403,6.0,1103.822576528097,58.166666666666664,983.3971140932578,52.833333333333336
1,57,phi-0.30,2,0.0019770616023058315,1.0,2077.912326119382,6.0,1105.3036155315813,56.833333333333336,970.5174071116413,51.5
1,57,phi+0.00,0,-0.0023966926254403546,1.0,1864.142598930227,6.0,1088.7480510442235,56.916666666666664,980.8143201946392,51.083333333333336
1,57,phi+0.00,1,0.002032506618782086,1.0106049007118183,2434.579626945381,6.0,1110.6517286696233,56.083333333333336,992.998617763842,52.333333333333336
1,57,phi+0.00,2,0.0027565523056115146,1.0795111374607198,2021.3475245883847,6.0,1122.0661729014066,56.583333333333336,987.7821940393645,51.666666666666664
1,57,phi+0.30,0,0.008486934856866144,1.8091528963933616,2086.9322082902427,6.0,1106.850317148906,56.333333333333336,985.910205682127,52.0
1,57,phi+0.30,1,0.006698192019037707,1.7028617069688425,1934.2635981682351,6.0,1103.4761554543197,56.75,984.5874332234697,51.75
1,57,phi+0.30,2,0.02200111845625404,2.1231606113143524,2203.096811961637,6.0,1116.694036645921,56.916666666666664,1003.5487869961335,53.5
1,57,phi+0.60,0,0.044171347460983904,3.4870357767833386,2095.1974940897776,6.0,1070.158000344587,55.416666666666664,986.238663467289,53.5
1,57,phi+0.60,1,0.0055560076979985235,3.040556033644604,2372.120277511664,6.0,1121.0487304857936,58.833333333333336,997.9830211719354,52.666666666666664
1,57,phi+0.60,2,0.00795396645193283,3.0533640513236286,2020.9996810679277,6.0,1091.0327611314156,55.5,1000.4720286825682,51.666666666666664
1,57,phi+0.90,0,0.19175163184484154,18.794431663066305,1973.1178892650798,6.0,1106.1758183382567,56.666666666666664,983.1454457731619,51.916666666666664
1,57,phi+0.90,1,0.2137898626526127,15.362414789002429,2073.761835159659,6.0,1102.3165330189252,56.416666666666664,995.1711924060786,53.0
1,57,phi+0.90,2,0.09335311487082099,9.773692012124995,2228.449414954928,6.0,1156.1750802138192,57.666666666666664,986.851678814921,51.5
1,57,phi+0.99,0,0.5752682580816475,57.42506745794783,2471.5153734176824,6.0,1221.4192010878935,56.5,1026.4450377633605,51.25
1,57,phi+0.99,1,0.46656720796492246,38.64532637751411,2074.3960626214634,6.0,1124.351675382839,55.0,993.2436824114899,51.916666666666664
1,57,phi+0.99,2,0.7014780632466707,73.07302726474305,2770.87227370843,6.0,1276.2761199112763,55.5,1033.6539521188367,51.416666666666664
1,57,sorted,0,0.9344042586446224,107.17001080451867,1591.0330494687378,6.0,1021.5486299880977,56.083333333333336,958.7075443719228,51.166666666666664
1,58,real,0,0.3349052312066259,39.8587893827225,1952.9603218584446,7.416666666666667,1049.1751794908155,62.333333333333336,1005.3048512271343,60.5
1,58,phi-0.60,0,-0.0006633488415399752,1.0,2413.0670393588844,8.416666666666666,1084.2974486160306,64.08333333333333,1021.2106977885381,61.666666666666664
1,58,phi-0.60,1,-0.001106328195810938,1.0,2489.895979930851,7.75,1083.982426463176,65.41666666666667,1034.5363677256075,62.583333333333336
1,58,phi-0.60,2,0.013572475187060555,1.0,2527.040344827645,8.25,1085.767984425993,64.66666666666667,1042.6736261978335,62.5
1,58,phi-0.30,0,-0.00012422158136148246,1.0,2912.083648369116,8.25,1087.5622624648638,65.25,1049.2731424712085,63.75
1,58,phi-0.30,1,0.003354592580783358,1.0,2604.9049540143537,8.0,1078.9646443005136,64.33333333333333,1028.437697900221,61.666666666666664
1,58,phi-0.30,2,0.0008982626919493727,1.0,2389.390146014541,7.75,1061.5451774887063,63.0,1041.5651086663795,62.083333333333336
1,58,phi+0.00,0,0.003025919924858149,1.0,2752.2944893020635,8.083333333333334,1089.283455399125,64.75,1023.5276576036923,61.916666666666664
1,58,phi+0.00,1,-0.004130860233616799,1.0042066555233855,2283.3520730621813,7.583333333333333,1077.0684038826296,64.25,1041.6902138113849,62.583333333333336
1,58,phi+0.00,2,-0.010089100602905663,1.0410411090916325,2415.421534668257,7.75,1046.363420642537,63.25,1044.1217306794251,62.25
1,58,phi+0.30,0,0.009082271312750568,1.8691744612317063,2173.3774608731774,7.75,1064.9065032966212,63.166666666666664,1040.508748613929,63.0
1,58,phi+0.30,1,0.0003003164112195576,1.3543757867993709,3352.1495952674923,8.0,1087.2321344121572,64.5,1036.1606344045174,61.916666666666664
1,58,phi+0.30,2,0.0007970731557088707,1.3150890488028537,2493.327283568817,8.0,1072.2438220014656,63.416666666666664,1047.72272443414,63.25
1,58,phi+0.60,0,0.0007636258795470714,2.6707157226061806,2483.365670255749,7.916666666666667,1070.5363786627015,63.833333333333336,1030.028848001668,62.083333333333336
1,58,phi+0.60,1,0.028146861795395803,2.8303775223099708,2386.979653406041,7.666666666666667,1053.2261723073284,63.166666666666664,1029.8123885823309,62.75
1,58,phi+0.60,2,-0.0024416166307541414,2.7745866470618523,2300.2475026678135,8.25,1086.0834123259435,66.0,1022.3258183409098,61.75
1,58,phi+0.90,0,0.11243533620906238,10.817800414705873,2968.635261392143,8.25,1150.7254107565063,64.5,1085.3106974251245,62.5
1,58,phi+0.90,1,0.10385355931426228,8.705846108484266,2444.0269318645082,7.583333333333333,1037.1626400756243,61.166666666666664,1009.5554413413323,60.583333333333336
1,58,phi+0.90,2,0.13465890220505936,10.56603281426155,2450.4688239506936,7.333333333333333,1068.8261272781112,62.333333333333336,1025.521118642675,61.25
1,58,phi+0.99,0,0.3533774078170483,28.015822039131937,2800.346106591818,7.75,1116.2898876047882,62.666666666666664,1067.2487239873751,60.833333333333336
1,58,phi+0.99,1,0.5503199519997996,39.2761805445571,2319.8776548479386,7.416666666666667,1039.7538102912674,60.5,983.5152878687727,57.333333333333336
1,58,phi+0.99,2,0.6862879630189298,62.9744958399088,2300.607137955471,7.166666666666667,1153.8978886659736,61.583333333333336,1070.2821683969905,60.25
1,58,sorted,0,0.7627076273760338,78.78466358580658,1690.1286051897303,6.5,991.6804743703934,56.583333333333336,958.9367769138597,56.333333333333336
1,59,real,0,0.013653885096928524,2.3289796370850153,1909.2316974997266,6.083333333333333,1093.6987608639815,57.75,996.6410933258575,54.666666666666664
1,59,phi-0.60,0,0.007223048561856702,1.0,2123.180934043064,6.0,1101.6700573869475,57.916666666666664,974.340795845289,54.083333333333336
1,59,phi-0.60,1,0.008853712888241936,1.0,2005.874793027806,6.083333333333333,1100.0151694344302,58.166666666666664,975.1813118461649,54.25
1,59,phi-0.60,2,0.005435724205010096,1.0,1958.4602285667343,6.0,1112.353340352555,58.0,981.1920822762227,53.25
1,59,phi-0.30,0,-0.002853669082353607,1.0,2167.0541454956715,6.083333333333333,1111.316979319902,58.75,994.8987127551463,54.416666666666664
1,59,phi-0.30,1,0.005117718171824297,1.0,1984.1058682374612,6.083333333333333,1095.8679075293483,59.0,991.6544598982265,55.083333333333336
1,59,phi-0.30,2,0.0013293072891042003,1.0,1984.0230320674143,6.083333333333333,1089.7332665924052,58.166666666666664,991.1987432271048,55.416666666666664
1,59,phi+0.00,0,-0.00830186721538084,1.0567557518480608,2147.8599004792536,6.25,1113.331112861704,58.833333333333336,992.7419906022141,54.833333333333336
1,59,phi+0.00,1,-0.00372463318652821,1.0879712216881403,2139.5275155536856,6.083333333333333,1127.3099539851357,60.583333333333336,985.1247751095061,54.25
1,59,phi+0.00,2,-0.0024849557097793486,1.0,1979.9526593294456,6.166666666666667,1083.2347974711956,57.5,988.2542766960156,53.833333333333336
1,59,phi+0.30,0,0.0032236635266594304,1.7365351154912387,1969.1183072030424,6.166666666666667,1090.4717863401618,57.75,991.8982607724975,55.083333333333336
1,59,phi+0.30,1,0.019103290217171314,2.064432537904872,2150.322717511005,6.083333333333333,1109.3861821545756,57.833333333333336,1009.6869516161822,56.416666666666664
1,59,phi+0.30,2,0.0078081486077282,1.4927918344476891,1950.6272935664836,6.0,1104.5299596616235,59.5,1003.602287085719,55.5
1,59,phi+0.60,0,0.029571144010981223,3.559302347847412,2022.5880949404793,6.166666666666667,1105.550122155498,59.083333333333336,997.7224324750317,55.333333333333336
1,59,phi+0.60,1,0.03012872313222893,3.453251763845609,2021.121168241157,6.25,1115.557004634533,58.416666666666664,1001.019770012147,55.083333333333336
1,59,phi+0.60,2,0.03677924460893117,3.133680521411725,2037.7813771102867,6.25,1077.2188439666438,57.666666666666664,987.2591218069142,54.583333333333336
1,59,phi+0.90,0,0.13041898591430462,12.219097168104247,1951.2155825692996,6.0,1106.6957439080677,58.583333333333336,999.203864559514,54.083333333333336
1,59,phi+0.90,1,0.2528956978095645,17.37929986512654,2608.7629807632306,6.083333333333333,1122.2149566658716,57.666666666666664,1017.582533617495,55.666666666666664
1,59,phi+0.90,2,0.26992654530816734,23.021265255674606,2286.537161225196,6.0,1143.121434371193,57.416666666666664,1011.4284809724953,55.083333333333336
1,59,phi+0.99,0,0.7466672547417722,74.14741504578024,2461.3439007700813,6.083333333333333,1228.2034990953332,56.083333333333336,1041.0299605626722,55.833333333333336
1,59,phi+0.99,1,0.571774317177312,44.57163204571511,2143.459008720273,6.0,1142.1469746570444,57.083333333333336,1005.9034914757698,53.916666666666664
1,59,phi+0.99,2,0.5933995008055463,58.45360664191911,2466.622312425422,6.166666666666667,1233.8909356403717,58.166666666666664,1030.1595582093503,54.333333333333336
1,59,sorted,0,0.8347852992653639,93.3945477003518,1683.7728111036888,6.0,1024.1941808569377,55.583333333333336,956.8708247715261,54.0
1,61,real,0,-0.0010499144521446213,1.4281300154416559,2167.2716471834287,6.0,1030.5294774199754,55.666666666666664,935.4174819511072,51.0
1,61,phi-0.60,0,0.003751054978793435,1.0,1988.6943092193005,6.0,1034.0245765567008,56.583333333333336,928.97978805166,51.166666666666664
1,61,phi-0.60,1,0.00818854407426615,1.0,2204.118898277245,6.0,1070.5627386316878,57.833333333333336,937.4678526487287,52.0
1,61,phi-0.60,2,0.006130979048351532,1.0,2326.950709989872,6.0,1039.0789936724311,56.916666666666664,939.9474079101869,50.416666666666664
1,61,phi-0.30,0,-0.004106581514707269,1.0,1897.6796984792281,6.0,1032.9201498526634,56.833333333333336,945.6833331730218,51.916666666666664
1,61,phi-0.30,1,-0.0004545231596086431,1.0,2156.5026724859686,6.0,1040.5655225805424,56.5,943.2266822250434,52.0
1,61,phi-0.30,2,-0.0006997504757185172,1.0,2182.576406908281,6.0,1044.249252518881,57.75,945.2101123751944,51.666666666666664
1,61,phi+0.00,0,-0.001968508782911069,1.0,2109.65963828542,6.0,1053.2685373518705,56.666666666666664,937.3643645961578,51.333333333333336
1,61,phi+0.00,1,0.0036312077474403123,1.0,2318.9473962315483,6.0,1075.4492840218593,58.0,940.5409455893185,51.166666666666664
1,61,phi+0.00,2,0.002907716832033935,1.0,2215.0887175652665,6.0,1063.2311579925074,57.166666666666664,930.5689165677686,50.75
1,61,phi+0.30,0,0.008298779145045176,2.0279610789164444,2263.490258557458,6.0,1059.3355100877773,58.75,927.1157798077911,51.083333333333336
1,61,phi+0.30,1,0.004532500189173386,1.6399066027843223,2565.9691006097687,6.0,1063.1254340062949,57.333333333333336,938.2946919396276,50.583333333333336
1,61,phi+0.30,2,-0.0008938692307270926,1.5746750462336263,2299.031936514719,6.0,1080.9854161026162,57.166666666666664,941.0227563553558,51.416666666666664
1,61,phi+0.60,0,0.013126287516885358,3.97109582665002,2169.525819590584,6.0,1079.2112704313151,56.916666666666664,936.5872654146096,51.25
1,61,phi+0.60,1,0.009815484306461253,2.9949870340108395,1930.3353413143439,6.0,1074.490041201325,58.583333333333336,929.4001142517724,50.583333333333336
1,61,phi+0.60,2,0.013305308146504397,2.973344569361238,1995.6591462107597,6.0,1044.226668274745,56.333333333333336,936.337388951957,51.833333333333336
1,61,phi+0.90,0,0.25017196698902866,17.20422320029688,1921.1439903788516,6.0,1038.4832952283352,56.916666666666664,933.4447718667155,52.333333333333336
1,61,phi+0.90,1,0.27700096069756475,20.118346216948087,1718.4478180075596,6.0,1041.4339726802457,56.416666666666664,922.1799946119285,51.333333333333336
1,61,phi+0.90,2,0.182074076183079,13.249032194227205,2235.270841863648,6.0,1078.663483383886,56.583333333333336,950.3111444896904,51.166666666666664
1,61,phi+0.99,0,0.6331865571703427,64.38668852308211,2672.3397033926535,6.0,1205.263150777737,55.0,981.3629552654178,51.75
1,61,phi+0.99,1,0.5788003899790474,53.21070313244087,1820.0157838417344,6.0,1042.7768913221962,55.916666666666664,914.6618486336289,49.166666666666664
1,61,phi+0.99,2,0.5718617229250185,46.46810474856776,1684.3679210562634,6.0,1027.476339812111,55.583333333333336,909.4428935102487,50.666666666666664
1,61,sorted,0,0.9367742703159008,106.53711433476226,1511.0177558469102,6.0,996.6774110122469,55.916666666666664,905.0595192774973,50.0
1,60,real,0,0.0005865382379649594,1.1750346447086812,2138.6813108550064,6.0,1123.4057103625807,58.166666666666664,992.1754062908631,52.083333333333336
1,60,phi-0.60,0,0.008273019747382005,1.0,2287.6689371020157,6.0,1107.3129766327916,57.083333333333336,1016.6190928643965,53.5
1,60,phi-0.60,1,0.006663682067603011,1.0,2425.520583551019,6.0,1106.5877113098647,57.416666666666664,1006.2274779331955,53.166666666666664
1,60,phi-0.60,2,0.010189257042734372,1.0,2219.8195697621786,6.0,1097.2646875921318,57.0,1007.8306925928391,51.5
1,60,phi-0.30,0,0.00017140336491974103,1.0,2244.731511534334,6.0,1106.1624778582523,56.333333333333336,1000.2892587835499,52.5
1,60,phi-0.30,1,0.006267515568627883,1.0,2410.0967886787885,6.0,1085.625469618429,56.083333333333336,998.5201088266075,52.666666666666664
1,60,phi-0.30,2,-0.002477142340035128,1.0,2218.2056255971543,6.0,1093.819527362884,57.5,1006.3682111751192,52.916666666666664
1,60,phi+0.00,0,0.003946154008406614,1.0120938659608618,2448.7911385736156,6.083333333333333,1117.9120970773156,57.583333333333336,1000.7368906967155,51.333333333333336
1,60,phi+0.00,1,0.007426200020530286,1.0,2617.963861348429,6.0,1124.2503373297309,58.416666666666664,1004.1640325883112,52.333333333333336
1,60,phi+0.00,2,-0.007392862548293653,1.0,2171.873410118876,6.166666666666667,1103.2008430238739,56.916666666666664,992.946881343369,51.083333333333336
1,60,phi+0.30,0,-0.005962781617834503,1.7252483222775132,2408.8442335386467,6.0,1126.4638318850004,58.25,1003.0733043751952,53.666666666666664
1,60,phi+0.30,1,-0.009371153432651994,1.8798066979105932,2151.2833261197825,6.083333333333333,1117.7677666117245,58.0,989.2148983419038,52.166666666666664
1,60,phi+0.30,2,0.01557064012679736,2.919846208621653,2220.5710354631633,6.0,1125.3984781059044,56.833333333333336,1020.0554750354212,53.75
1,60,phi+0.60,0,0.01914825921046288,3.54838328070516,2434.2664558953534,6.0,1140.6462214184592,56.416666666666664,1005.5037274235327,52.916666666666664
1,60,phi+0.60,1,0.047042696872430435,4.4773624856779275,2025.4037671230778,6.0,1115.8608342732014,56.916666666666664,984.7641246226145,53.166666666666664
1,60,phi+0.60,2,0.03719460665471417,4.364733602247192,2350.2584001389996,6.0,1102.6393380889026,56.833333333333336,996.4099972328585,51.75
1,60,phi+0.90,0,0.23195890930016336,19.06098921094614,2975.7135514546694,6.166666666666667,1189.8456643487766,58.083333333333336,1028.7137721963009,54.583333333333336
1,60,phi+0.90,1,0.2203774751356215,15.617262923374303,2429.0037883305545,6.0,1158.4061864552689,54.75,1022.4436852498146,52.5
1,60,phi+0.90,2,0.38247476730142194,30.145837555969145,2124.9316075211987,6.0,1100.0993666640993,55.5,997.9041145229021,52.916666666666664
1,60,phi+0.99,0,0.846707528418645,95.14109264537142,2193.5317715917904,6.0,1111.1344098474653,54.916666666666664,1006.9907385797223,52.833333333333336
1,60,phi+0.99,1,0.768335607920375,79.11886755043827,3138.4068261309144,6.0,1341.48304971035,55.583333333333336,1038.3671333485436,50.25
1,60,phi+0.99,2,0.6577970715062517,61.369260237603264,2309.737979666806,6.0,1207.819960067756,55.333333333333336,1015.2492400678789,52.0
1,60,sorted,0,0.8945799515089781,102.26410199624897,1781.4702950404496,6.0,1029.6045349794429,55.083333333333336,966.0323130327348,51.25
1,62,real,0,0.2998416122143672,19.949760546994035,1735.1157789407878,8.333333333333334,1024.836422394588,60.5,991.8488673502981,59.583333333333336
1,62,phi-0.60,0,-0.003203172027703195,1.0,2249.6857873292206,9.25,1046.6363088795551,62.0,1035.2975454467526,63.166666666666664
1,62,phi-0.60,1,0.00030006200029525365,1.0,3170.0419704181836,9.5,1041.7805724091002,61.583333333333336,1029.3436518885358,63.416666666666664
1,62,phi-0.60,2,0.00322560816161425,1.0,2918.601128814504,9.5,1067.3118500308708,63.583333333333336,1035.4554532693783,63.0
1,62,phi-0.30,0,0.00017219031948271374,1.0,2411.068075439927,9.166666666666666,1057.0814965154134,62.666666666666664,1040.4985210969598,64.5
1,62,phi-0.30,1,0.0025667434170323117,1.0,3293.3825597305563,9.416666666666666,1058.178988016766,62.083333333333336,1045.491597491956,63.75
1,62,phi-0.30,2,-0.008892849705951628,1.0,2485.6006830334254,9.333333333333334,1049.0453229141253,62.666666666666664,1022.7040560731875,62.416666666666664
1,62,phi+0.00,0,0.006028999052169159,1.0,2783.7942888798775,9.083333333333334,1040.1111042018877,61.666666666666664,1043.5977878108445,63.666666666666664
1,62,phi+0.00,1,-0.0015298807488145617,1.0972090965221852,2501.870546523661,8.75,1061.6226214569162,62.75,1033.078485206427,62.5
1,62,phi+0.00,2,-0.007624095675687584,1.3409064548608667,2594.9049590650893,9.166666666666666,1059.7937760931695,63.25,1023.697425420402,63.333333333333336
1,62,phi+0.30,0,-0.005551898514917936,1.2084684687477014,2542.8438823873316,9.166666666666666,1053.2256095303285,62.0,1048.0752076663373,65.0
1,62,phi+0.30,1,0.01914972638636118,1.4890726213390235,2600.6646790754608,9.333333333333334,1073.902930318613,63.333333333333336,1043.7877313634162,63.916666666666664
1,62,phi+0.30,2,0.002949433887421311,1.3788328321744474,2109.3597267085615,8.916666666666666,1034.4289042889106,61.583333333333336,1048.4180402835893,64.83333333333333
1,62,phi+0.60,0,0.025160884553368255,2.4298026397919203,2268.71324917584,9.0,1035.7219546977776,61.916666666666664,1042.7760988572707,64.33333333333333
1,62,phi+0.60,1,-0.001578671448742241,2.171193411011286,2615.1628602965457,9.166666666666666,1059.9890450895432,61.916666666666664,1036.8785820401151,63.083333333333336
1,62,phi+0.60,2,0.03191718746529769,2.3572800499096283,2157.036768195617,8.75,1036.2175215794687,60.666666666666664,1020.9739182725774,62.0
1,62,phi+0.90,0,0.07425442729669927,6.713657594012242,2322.0972769620525,8.833333333333334,1031.6550008845632,60.333333333333336,1025.6602770775,62.666666666666664
1,62,phi+0.90,1,0.08460502167975074,7.00467882786207,2411.119680413585,8.833333333333334,1044.7451244583442,61.25,1031.0030403621101,62.25
1,62,phi+0.90,2,0.13200535575801856,10.925423196793727,1851.7594313784687,8.666666666666666,1040.2014394344521,61.166666666666664,1029.5760641992538,62.583333333333336
1,62,phi+0.99,0,0.5356371839848622,35.200310903280126,2227.9983890082553,8.333333333333334,1061.1954447717922,60.25,1052.1994610695367,61.0
1,62,phi+0.99,1,0.29616219762542767,20.157211540833316,1709.0345526985586,7.916666666666667,1021.1616494165415,59.75,1008.327637818968,60.25
1,62,phi+0.99,2,0.17954843692078423,10.847577390249144,1841.6393471206745,8.166666666666666,1036.167437481489,60.833333333333336,1011.7687838348214,61.416666666666664
1,62,sorted,0,0.691975077496328,63.693118828480934,1701.9100498701243,8.666666666666666,991.7409433316219,57.5,980.3987717375543,58.583333333333336
1,63,real,0,-0.013402092857823723,2.1663522591489306,2105.095844722454,6.5,1095.525778113933,56.416666666666664,991.351603573513,54.333333333333336
1,63,phi-0.60,0,0.006677447964874534,1.0,2223.153986351697,6.583333333333333,1112.2639520082673,57.416666666666664,996.9308061281989,53.333333333333336
1,63,phi-0.60,1,0.0020019257970088395,1.0,2134.1310910674088,6.5,1096.0405527500088,56.75,985.6338408162419,54.583333333333336
1,63,phi-0.60,2,0.0064639569501871615,1.0,2208.495994326853,6.583333333333333,1084.3533815413084,56.5,988.9101448542225,52.916666666666664
1,63,phi-0.30,0,-0.0017076413023953132,1.0,2024.5287331336056,6.333333333333333,1069.0367083778458,55.25,978.6369513855822,52.75
1,63,phi-0.30,1,0.0003213152868705988,1.0,2182.8045196125713,6.416666666666667,1083.0327633683028,56.166666666666664,984.8337418876732,53.333333333333336
1,63,phi-0.30,2,-0.0025742951910306317,1.0,1896.6167067398376,6.5,1064.9266805757707,56.083333333333336,990.9604227039744,54.833333333333336
1,63,phi+0.00,0,0.0009310234129568967,1.0,2086.0705764218856,6.833333333333333,1101.953189425424,56.916666666666664,986.2983945255822,52.916666666666664
1,63,phi+0.00,1,-0.004156349885799972,1.074593086852309,2113.622471115018,6.583333333333333,1078.573188293183,57.5,999.9109485146555,54.666666666666664
1,63,phi+0.00,2,-0.007541236227596289,1.135221327029803,2023.042042575097,6.333333333333333,1066.1764553509668,55.75,982.7296846190497,53.25
1,63,phi+0.30,0,0.013233375585662609,1.491384493366593,2144.3923890119154,6.416666666666667,1096.5534670395054,56.916666666666664,992.8642228897642,53.333333333333336
1,63,phi+0.30,1,0.005402557962966025,1.5317817496460568,2007.1580219063842,6.583333333333333,1082.5067498687974,57.083333333333336,973.5147562698344,53.0
1,63,phi+0.30,2,-0.004920143479325381,1.5379767717966115,2198.8597820771374,6.416666666666667,1098.0528424979782,56.083333333333336,976.0896754325859,52.5
1,63,phi+0.60,0,0.030194572396501515,4.360591112695909,2222.162519490055,6.583333333333333,1117.9183008253306,57.333333333333336,993.4079480022283,53.083333333333336
1,63,phi+0.60,1,0.02151113237107863,3.962433545108506,2048.5297624751242,6.333333333333333,1095.9523726347893,56.0,982.881375702978,53.916666666666664
1,63,phi+0.60,2,-0.007877861450632644,2.8522905204220264,1957.10105255934,6.5,1091.2995243903458,57.083333333333336,990.2795502567996,54.333333333333336
1,63,phi+0.90,0,0.1665067684485221,12.317974116206008,2069.0953836855865,6.333333333333333,1096.398074246375,56.5,979.9420872290165,52.416666666666664
1,63,phi+0.90,1,0.1562553611165732,13.255992341827625,2160.0552544994607,6.333333333333333,1137.4379732551363,57.416666666666664,994.7618238824551,53.25
1,63,phi+0.90,2,0.0970186016496713,8.467914115238688,1991.3633761504143,6.333333333333333,1098.1834795119137,57.0,975.7457835846826,53.333333333333336
1,63,phi+0.99,0,0.5837585120516461,58.0780108253009,2486.902431402987,6.166666666666667,1234.7694376497213,55.75,1035.7292881206524,53.666666666666664
1,63,phi+0.99,1,0.48346815905411983,44.923296307528034,2029.5050037800913,6.25,1119.7361912304127,57.0,983.5656381346529,52.666666666666664
1,63,phi+0.99,2,0.5393763630980871,50.29076098498589,2052.135231577503,6.25,1108.0084022985636,54.416666666666664,990.4698429534974,51.166666666666664
1,63,sorted,0,0.639031311529861,73.20684610277455,1750.7667490100494,6.333333333333333,1015.644147327284,54.333333333333336,958.6444590952168,53.25
1,64,real,0,0.723153983246095,61.80496967336324,1711.983447336269,6.416666666666667,1041.5527697902116,59.333333333333336,996.3220473591085,56.166666666666664
1,64,phi-0.60,0,0.00541198290833594,1.0,2362.0595798945014,7.583333333333333,1074.6742133207497,63.75,1006.0837984700244,59.416666666666664
1,64,phi-0.60,1,-0.0010441232511634218,1.0,2071.4437840194173,7.666666666666667,1084.2345231965705,65.58333333333333,1008.7723841351203,59.083333333333336
1,64,phi-0.60,2,0.0013020265313868574,1.0,2800.112772752993,7.666666666666667,1103.2730363545043,64.58333333333333,1050.7003782975914,61.75
1,64,phi-0.30,0,-0.0006479912300803789,1.0,2739.5208672213976,8.166666666666666,1080.5203846224538,64.58333333333333,1022.4516714207379,59.916666666666664
1,64,phi-0.30,1,-0.0014288857147635072,1.0,2504.664012273804,7.583333333333333,1072.097250339488,64.83333333333333,1021.5870676377184,60.333333333333336
1,64,phi-0.30,2,-0.0012568171679787489,1.0,2580.536348902715,7.75,1090.6143687926944,65.25,1023.2246055604037,60.25
1,64,phi+0.00,0,-0.002027867279719315,1.0272489735236765,2716.203211405255,7.916666666666667,1075.0206207709268,64.5,1029.6869633291315,61.0
1,64,phi+0.00,1,0.003265493647437595,1.0848993383628895,2580.31588247911,7.666666666666667,1066.5290340249846,63.583333333333336,1021.2139132207895,61.0
1,64,phi+0.00,2,-0.008676562650728772,1.0,2379.0433139864535,7.583333333333333,1064.0651688119258,63.666666666666664,1010.4381085154969,59.916666666666664
1,64,phi+0.30,0,0.01195807495571871,1.5725314481296855,2430.123637541699,8.166666666666666,1080.5961164261494,63.666666666666664,1025.8474647122528,60.916666666666664
1,64,phi+0.30,1,0.015708226434274195,1.2923879389949815,2437.123533845151,8.083333333333334,1086.0292821410442,65.0,1018.7181391466697,59.583333333333336
1,64,phi+0.30,2,0.0013225471961122027,1.16412180724168,2119.23893381353,7.416666666666667,1068.5342616247447,63.333333333333336,1018.4334693092679,60.333333333333336
1,64,phi+0.60,0,0.00276481715876736,2.23516645122581,2575.455571161195,7.583333333333333,1088.5895087075462,64.41666666666667,1012.703362520508,59.5
1,64,phi+0.60,1,0.004851824222590234,1.7084198156171255,2313.9805092324104,8.0,1060.9340990782805,63.75,1007.4122627134576,59.166666666666664
1,64,phi+0.60,2,0.0007149691364741547,2.5694298690187196,2696.3217266757565,7.333333333333333,1074.8933364423174,64.83333333333333,1009.4678355070497,58.833333333333336
1,64,phi+0.90,0,0.06670637652407983,7.027317014839372,2383.7406357991454,7.583333333333333,1074.9483726739265,63.25,1017.0685504639163,59.666666666666664
1,64,phi+0.90,1,0.24608222109501912,16.964994036769582,2272.689536361796,7.583333333333333,1069.8249049643857,61.333333333333336,1008.862648067125,57.5
1,64,phi+0.90,2,0.24023743662993868,16.603147382874354,2400.464358353814,7.333333333333333,1081.0005645322308,63.583333333333336,1025.466258268518,59.416666666666664
1,64,phi+0.99,0,0.777470380283244,68.50315783732114,1775.9057894844361,6.583333333333333,1014.5370226285195,58.833333333333336,991.1498613663002,56.25
1,64,phi+0.99,1,0.4576273966451462,37.22375292261228,2122.5625201664384,6.916666666666667,1105.8040030504997,61.5,1022.1883068520893,56.25
1,64,phi+0.99,2,0.4565112388678557,40.46007747479305,2316.2593507755914,7.0,1068.7033178245185,62.166666666666664,991.6799331752317,56.5
1,64,sorted,0,0.7943960463937265,73.86353870085841,1674.231911111271,6.416666666666667,991.8320529983206,58.25,951.3626955962312,54.5
1,65,real,0,0.35147274538290163,40.242925251953864,2312.3812146812174,6.666666666666667,1124.5485256845907,63.916666666666664,1012.6257090373496,55.25
1,65,phi-0.60,0,0.018021102594934064,1.0,2343.081714189233,7.166666666666667,1146.2880460240276,66.25,1010.3028428209841,56.083333333333336
1,65,phi-0.60,1,0.008036450516208098,1.0,2447.4673344538087,7.583333333333333,1151.8969146782902,67.16666666666667,1020.2130536831478,57.25
1,65,phi-0.60,2,0.00433716703705798,1.0,2584.1057364220583,7.25,1134.3136036686803,65.91666666666667,1016.8831224771822,57.0
1,65,phi-0.30,0,0.0007437071522894634,1.0,2368.192210055808,7.0,1137.2791314180856,66.16666666666667,1008.556137652437,54.916666666666664
1,65,phi-0.30,1,-0.002297439297796425,1.0,2366.5200514708445,6.75,1146.4298691558079,67.16666666666667,998.8980051250868,55.083333333333336
1,65,phi-0.30,2,-0.005250648424808715,1.0,2159.211567093822,7.0,1161.471007202552,67.91666666666667,1013.5225089539608,56.583333333333336
1,65,phi+0.00,0,-0.0012656048487024272,1.0,2030.600628172214,6.916666666666667,1136.4875781780195,65.25,1025.3882670979629,56.583333333333336
1,65,phi+0.00,1,-0.005016213814764739,1.0,2358.3925342684406,7.416666666666667,1159.0065123210518,68.25,1005.3644366102794,55.75
1,65,phi+0.00,2,-0.008145395754585978,1.187160403848957,3063.4293207176593,7.083333333333333,1144.1085043893147,67.16666666666667,1001.6052782883736,55.083333333333336
1,65,phi+0.30,0,0.008230198636087193,1.7144372609821414,2338.5983925850483,7.416666666666667,1121.5763321857157,65.5,1017.7738859198344,56.75
1,65,phi+0.30,1,0.002244168079884455,1.7299075922780551,2441.685044416845,7.333333333333333,1157.5769018523245,66.41666666666667,1006.2077149333289,56.0
1,65,phi+0.30,2,0.0015647207442760535,1.4479394641157106,2932.1548083067864,7.583333333333333,1118.6498281907009,66.33333333333333,1013.1770969040311,55.583333333333336
1,65,phi+0.60,0,0.005923206045651858,2.665139067388263,2180.9345474931674,7.083333333333333,1169.388662374528,68.25,1037.5642394115955,56.583333333333336
1,65,phi+0.60,1,0.02255605762751283,3.4797743235191243,2245.2419104055884,6.833333333333333,1144.9137372336734,65.5,1009.5742789582101,55.75
1,65,phi+0.60,2,0.005443346716080857,3.0743347033251025,2485.927840461297,6.75,1139.2470099120142,65.16666666666667,1025.5488600778024,56.583333333333336
1,65,phi+0.90,0,0.26245211991999584,25.556606750257238,1941.692816019071,7.0,1137.27700586448,65.25,1004.1620243376843,56.083333333333336
1,65,phi+0.90,1,0.1843816531701144,13.400877125978754,2020.995375142562,6.833333333333333,1150.9579543457737,65.75,1007.7918832027141,54.75
1,65,phi+0.90,2,0.1725158058645706,12.813669229119174,1952.938043169286,6.916666666666667,1129.1410544954472,64.66666666666667,1010.7519619110086,55.916666666666664
1,65,phi+0.99,0,0.5442472264375646,50.568060450999944,2391.330522593198,6.333333333333333,1201.213058667355,63.083333333333336,1027.2678499856138,55.416666666666664
1,65,phi+0.99,1,0.6916414627173105,62.887156956725775,1712.548151370748,6.25,1087.6482149778863,62.166666666666664,967.4404493280389,52.083333333333336
1,65,phi+0.99,2,0.7182025801055046,67.20078456955989,3024.7441404493634,6.416666666666667,1340.4563284017006,64.08333333333333,1071.6347792131921,53.75
1,65,sorted,0,0.8393411081008705,91.79210409663608,1576.1603377642875,6.333333333333333,1020.7183363609237,58.583333333333336,953.7540727825104,51.833333333333336
1,67,real,0,0.011281300813183112,2.106511050184989,2565.7428082706983,7.833333333333333,1075.4077020082316,60.666666666666664,1005.1548776209571,58.916666666666664
1,67,phi-0.60,0,-0.0009144550217085446,1.0,2210.3614810134563,7.583333333333333,1064.6087229848642,61.333333333333336,1018.5704237583441,59.25
1,67,phi-0.60,1,0.0016956062757481005,1.0,2309.3603051425325,7.5,1048.2972797123437,60.583333333333336,1011.2059130582664,59.583333333333336
1,67,phi-0.60,2,0.010056713020943499,1.0,3913.396259656731,8.0,1093.3033189182254,63.583333333333336,1020.1743354062029,59.583333333333336
1,67,phi-0.30,0,-0.0027881547866916608,1.0,2679.0689359993285,8.25,1059.9688169163517,60.666666666666664,1024.1428846549477,60.416666666666664
1,67,phi-0.30,1,0.0025445878073058334,1.0,3791.558079579306,7.833333333333333,1067.016972615717,62.333333333333336,1029.0597663168394,59.666666666666664
1,67,phi-0.30,2,-0.0015722300713046577,1.0,2439.7150397028267,7.5,1056.0208526597646,61.166666666666664,1020.3832974412786,60.0
1,67,phi+0.00,0,0.00377226955556423,1.0,3685.488631389178,7.833333333333333,1067.8593455802672,60.25,1018.9165979592457,59.666666666666664
1,67,phi+0.00,1,0.001201810895148182,1.0,2371.162473604758,7.583333333333333,1062.1479800918091,61.833333333333336,1012.538729334875,60.666666666666664
1,67,phi+0.00,2,0.010905694552501231,1.0,3895.387910369656,7.666666666666667,1090.3313841470576,61.166666666666664,1028.0109632055,60.166666666666664
1,67,phi+0.30,0,0.00413735636578222,1.377284820605166,2532.8847841158117,7.666666666666667,1069.7368419230381,61.333333333333336,1039.3197143290897,60.416666666666664
1,67,phi+0.30,1,0.007022779748911732,1.6508888989449932,2858.121240351695,8.083333333333334,1075.6371059040014,62.833333333333336,1011.928533603164,60.583333333333336
1,67,phi+0.30,2,0.004650953064902423,1.6359945946705075,2619.759711342985,7.583333333333333,1077.0963421950594,62.083333333333336,1020.2412431728684,60.25
1,67,phi+0.60,0,0.03256338668407604,3.1997890298650695,2964.9393508657868,7.5,1079.4401253724188,61.583333333333336,1035.2485907783619,59.916666666666664
1,67,phi+0.60,1,0.01975007722783262,3.1552105098080823,2175.7386700978764,7.583333333333333,1061.8738220894877,61.583333333333336,998.7917348436571,59.0
1,67,phi+0.60,2,0.02179085061783073,2.3828990916737016,2793.820830975221,7.583333333333333,1070.4856224183304,62.0,1012.1906497922924,58.333333333333336
1,67,phi+0.90,0,0.14414319775474568,11.640672139614793,1913.1283518512207,7.333333333333333,1047.7676683564348,61.5,992.9293341232975,59.0
1,67,phi+0.90,1,0.22534036072083471,16.663149977607826,1906.4651754539289,7.333333333333333,1051.4217651927931,61.416666666666664,990.9811256943917,58.75
1,67,phi+0.90,2,0.09729389692692686,8.405341976034919,2736.267781886659,7.666666666666667,1112.040892334446,61.5,1038.2874167581942,58.75
1,67,phi+0.99,0,0.58799098996961,64.65802396508383,1847.640890311587,7.0,1033.4930297917288,57.75,986.7961147493339,57.25
1,67,phi+0.99,1,0.5024740456100772,40.189302004060245,2145.429749783882,7.333333333333333,1061.0888040112434,57.833333333333336,999.1870171777869,57.083333333333336
1,67,phi+0.99,2,0.43452643989888196,29.092352488651766,2469.4295591094115,7.416666666666667,1073.3300366061383,58.75,996.3063193881103,56.833333333333336
1,67,sorted,0,0.7557347658582868,83.93746264720706,1611.9344110157442,6.583333333333333,986.3154290130719,57.166666666666664,954.5992824409296,55.916666666666664
1,70,real,0,-0.00464648274294028,1.629881082042481,2383.336760731219,6.166666666666667,1126.976659281149,65.0,978.7468601795354,55.083333333333336
1,70,phi-0.60,0,0.010088254360926856,1.0,2352.269243288815,6.166666666666667,1135.0963558534258,66.41666666666667,964.5122961822649,53.75
1,70,phi-0.60,1,0.0025694184157920947,1.0,2521.706417225691,6.083333333333333,1129.4324884252737,65.08333333333333,980.1285029197392,54.333333333333336
1,70,phi-0.60,2,0.004337128785050783,1.0,2639.6385184535784,6.333333333333333,1142.4891174706595,65.16666666666667,974.1782815345401,54.25
1,70,phi-0.30,0,-0.0017292016630854718,1.0,2554.41259266702,6.333333333333333,1109.1003958943186,64.41666666666667,984.5248755103399,55.916666666666664
1,70,phi-0.30,1,0.004634882868535359,1.0,2434.046468546988,6.5,1113.02841941134,64.41666666666667,992.007217889056,55.5
1,70,phi-0.30,2,0.004515454032851986,1.0,2770.695523287363,6.083333333333333,1158.5574792565578,66.58333333333333,978.2023184319678,54.25
1,70,phi+0.00,0,-0.006598244400067143,1.0,2363.734112550468,6.25,1114.393018946517,64.5,984.2534006891725,53.916666666666664
1,70,phi+0.00,1,-0.004992771832707136,1.0,2536.1370194738956,6.416666666666667,1111.1363835220995,63.916666666666664,997.5479639343813,56.0
1,70,phi+0.00,2,0.0014236650652406483,1.000705980827906,2777.556615649282,6.333333333333333,1126.9259704655653,64.5,983.5376442667953,55.166666666666664
1,70,phi+0.30,0,0.008457150947552531,1.5730934254532654,2457.401236689676,6.333333333333333,1107.5098833797717,63.75,984.5862282274549,55.25
1,70,phi+0.30,1,0.005296922167711677,1.7734945707181833,2242.0305292418207,6.25,1120.65275338509,66.25,983.6313934256236,54.5
1,70,phi+0.30,2,-0.0038789207053861463,1.36985451321657,2568.7559644958196,6.166666666666667,1121.3095026275864,65.0,986.8215037092929,54.25
1,70,phi+0.60,0,0.023386573413698,2.9616271618113004,2443.923441455927,6.416666666666667,1106.2100815331396,63.25,969.1592144564187,53.166666666666664
1,70,phi+0.60,1,-0.0013676431331398774,2.2882149196150916,2389.239858990673,6.333333333333333,1125.7721552524893,64.25,1004.8490854454153,55.833333333333336
1,70,phi+0.60,2,0.02307218654716167,2.981393158114769,2681.1131708782673,6.166666666666667,1163.887061468225,66.41666666666667,991.6781570464128,54.083333333333336
1,70,phi+0.90,0,0.07388179407892209,9.130770330927652,2597.742611010149,6.25,1166.3661729816752,65.91666666666667,991.5401948615282,54.416666666666664
1,70,phi+0.90,1,0.20598971848210515,14.610112381182892,1975.7517109264988,6.166666666666667,1124.7129910738556,65.66666666666667,969.3655843778903,53.75
1,70,phi+0.90,2,0.14151287131611318,10.567368476060551,2238.1608434633677,6.416666666666667,1140.374222141779,64.66666666666667,980.2637792893926,53.5
1,70,phi+0.99,0,0.8034319236510288,94.88782991000703,1633.6869344293048,6.083333333333333,1036.7349741123696,63.0,951.2929475733903,53.083333333333336
1,70,phi+0.99,1,0.7052483326277146,76.48860167114063,3054.2001365465726,6.166666666666667,1366.8882244828792,62.0,1051.8003770968376,54.0
1,70,phi+0.99,2,0.522581655781421,46.63295895859003,3079.626926446976,6.083333333333333,1251.446862939517,63.0,1027.5253218653654,53.75
1,70,sorted,0,0.8942736406341363,101.48437912559407,1646.21998213135,6.0,1029.5012436202812,61.833333333333336,954.465658692186,53.083333333333336
1,68,real,0,-0.03117090483886643,5.883813666824221,3120.0991599459485,7.083333333333333,1144.5160480343295,63.583333333333336,1031.9295081051266,58.083333333333336
1,68,phi-0.60,0,0.008774464436510167,1.0,2348.949424782329,6.833333333333333,1161.102204761257,64.75,1013.6519244614984,58.0
1,68,phi-0.60,1,0.006154158015242887,1.0,2846.959441309869,7.0,1160.8209825053862,63.25,1037.136687644296,58.916666666666664
1,68,phi-0.60,2,0.012324002435294641,1.0,2364.370843310513,7.333333333333333,1146.2279404153394,64.41666666666667,1012.9407949897474,57.166666666666664
1,68,phi-0.30,0,0.001031492178447766,1.0,2117.333676755831,6.75,1152.5445433716413,64.66666666666667,1000.5304344136533,56.75
1,68,phi-0.30,1,0.0008516126525477156,1.0,2580.33390126296,7.083333333333333,1145.2774343445788,62.666666666666664,1018.5093227544013,57.166666666666664
1,68,phi-0.30,2,0.0031976197558355704,1.0,2432.1848246038176,7.083333333333333,1152.6792174063658,63.916666666666664,1003.9697147281686,56.083333333333336
1,68,phi+0.00,0,-0.0010821568452963357,1.0,2632.6348162729614,6.916666666666667,1137.2355101304015,63.583333333333336,1021.6893109104254,58.583333333333336
1,68,phi+0.00,1,-0.004129270940143436,1.0,2114.000924555897,7.083333333333333,1151.5520571605257,63.25,1024.2004451104494,57.416666666666664
1,68,phi+0.00,2,1.0035856907705307e-05,1.156796464489438,2273.1508359721133,6.833333333333333,1164.0821165830214,66.41666666666667,1018.8794051434446,57.916666666666664
1,68,phi+0.30,0,0.0002598194835782666,1.6593572691222718,2405.449802041385,7.0,1161.2733125259438,66.0,1028.992483928793,58.0
1,68,phi+0.30,1,0.0006488654473854035,1.6909637935783257,3072.921834782728,7.083333333333333,1170.7333128111227,64.33333333333333,1027.2867057977676,57.333333333333336
1,68,phi+0.30,2,-0.002054204523329634,1.7053611895297751,2688.7145003213195,6.916666666666667,1172.6879609130735,65.41666666666667,1020.6427814014545,56.75
1,68,phi+0.60,0,0.003367601831480923,2.937371396053562,2402.1781453539365,6.916666666666667,1148.9760362098293,63.916666666666664,1010.4542980069991,57.75
1,68,phi+0.60,1,0.029015133985158995,3.5985999152731125,3141.348269357328,7.416666666666667,1189.4264008396333,63.916666666666664,1025.938187249896,57.25
1,68,phi+0.60,2,0.03353396609285092,3.4059455362223146,2878.308305082874,6.666666666666667,1129.0658580515267,62.0,1013.4286853026341,56.833333333333336
1,68,phi+0.90,0,0.3261318534364022,22.500840887680983,2106.0566547770063,6.333333333333333,1147.0488812009587,64.16666666666667,1002.9859691009568,56.833333333333336
1,68,phi+0.90,1,0.1321014391758179,11.673039821872644,3309.668138301713,6.833333333333333,1230.6811378961863,63.083333333333336,1052.3420812950337,57.583333333333336
1,68,phi+0.90,2,0.11397481097549124,10.199419706465267,1959.8430220097596,6.5,1115.5892287777272,62.333333333333336,1001.8391716213596,56.833333333333336
1,68,phi+0.99,0,0.6681158295992614,67.01119809386608,1958.60130865299,6.416666666666667,1095.346171854924,61.0,995.6754842882043,54.666666666666664
1,68,phi+0.99,1,0.6922924676971157,74.13684989464215,1666.6493574647664,6.5,1068.0167871810734,59.083333333333336,979.5053697274453,55.416666666666664
1,68,phi+0.99,2,0.5861225574572608,64.37663466645,3553.9719154282757,6.916666666666667,1318.0698667327786,61.0,1075.8020396185723,54.833333333333336
1,68,sorted,0,0.7711796856141622,82.1806235606468,1620.2361689191582,6.166666666666667,1022.4928832293352,56.916666666666664,960.1603924209581,53.666666666666664
1,69,real,0,0.018470578789229208,2.8155185087296504,1782.7218358220234,12.5,983.807501498904,58.083333333333336,925.3078006981644,52.75
1,69,phi-0.60,0,-0.003815455572513015,1.0,1800.2354437309314,13.5,988.1159426890939,58.416666666666664,927.995122695056,53.333333333333336
1,69,phi-0.60,1,-3.196428396497012e-05,1.0,1779.8136098820862,12.5,980.9693309262169,58.083333333333336,928.7084291870975,52.833333333333336
1,69,phi-0.60,2,0.0010563189082401887,1.0,1811.327071966114,13.416666666666666,992.2195384468773,58.75,933.3783910053504,53.25
1,69,phi-0.30,0,-0.006199478641696361,1.0,1797.7218358220234,14.0,993.8182967412462,59.166666666666664,929.407560900643,53.0
1,69,phi-0.30,1,0.0097634488487347,1.0,1793.5551691553567,13.583333333333334,986.1306720605866,58.5,935.1052237018858,53.75
1,69,phi-0.30,2,-0.003711727230126502,1.0,1797.7218358220234,14.0,989.0597853236409,58.833333333333336,929.3586529336129,53.25
1,69,phi+0.00,0,0.001056318908240191,1.2283331081480804,1793.5551691553567,13.583333333333334,991.6942637850854,58.916666666666664,937.0944681665375,53.916666666666664
1,69,phi+0.00,1,-0.003711727230126504,1.0,1817.5735390760203,14.25,998.7940660708317,59.416666666666664,934.6634543782234,53.333333333333336
1,69,phi+0.00,2,-0.001431432503329669,1.0,1802.9375386498468,14.0,998.1451010598163,59.583333333333336,927.7679105319284,52.416666666666664
1,69,phi+0.30,0,-0.0026753082091145984,1.2685110813790703,1798.5551691553567,14.083333333333334,992.8834441487523,58.916666666666664,929.09868449869,53.5
1,69,phi+0.30,1,-0.003919183914899529,1.1762842719122033,1796.0551691553567,13.833333333333334,992.0257749838523,59.0,932.7632290349596,53.75
1,69,phi+0.30,2,-0.006406935326469388,1.2685110813790703,1772.0206348197053,13.416666666666666,991.3003455281615,58.583333333333336,924.199084931242,52.833333333333336
1,69,phi+0.60,0,-0.006406935326469388,1.1242214995080184,1815.0295676058952,13.833333333333334,996.547820165952,59.25,939.7888054996088,53.583333333333336
1,69,phi+0.60,1,0.013253907570040847,1.396729473957726,1884.2914912885078,13.166666666666666,1133.648259292159,58.166666666666664,1002.1105771814463,53.5
1,69,phi+0.60,2,-0.0026753082091145975,1.3726226900191323,1791.8885024886902,13.416666666666666,988.6523056151692,58.666666666666664,930.0221029486323,52.916666666666664
1,69,phi+0.90,0,0.042104217199142875,4.1778911469584985,1773.5551691553567,11.583333333333334,968.2095135690084,56.666666666666664,921.2664658493178,52.5
1,69,phi+0.90,1,0.023446081612368927,4.1980428463313775,1772.190151369435,11.333333333333334,970.5232454879211,56.75,927.7697607541592,53.0
1,69,phi+0.90,2,-0.002675308209114599,2.382649763116495,1779.3885024886902,12.166666666666666,979.4489716214539,57.583333333333336,924.4645158664839,52.583333333333336
1,69,phi+0.99,0,0.19510092901068923,14.055573397722142,1739.3885024886902,8.166666666666666,943.7606723069076,53.75,912.5366803223625,51.083333333333336
1,69,phi+0.99,1,0.0647541651620911,5.753118653164099,1808.3738163771684,11.583333333333334,1117.0938871449791,57.083333333333336,1002.5514605641107,52.666666666666664
1,69,phi+0.99,2,0.198832556128044,12.231634690941428,1750.0073500880596,9.5,968.6291816320169,55.333333333333336,920.4580533642592,51.916666666666664
1,69,sorted,0,0.19828538912195517,14.290917652784131,1741.8885024886902,8.416666666666666,941.2713648267495,54.083333333333336,910.2535176262705,51.416666666666664
1,71,real,0,0.07955850124824473,7.76849786227904,2215.862299251675,6.25,1145.799317011448,58.583333333333336,1002.1792155329814,51.5
1,71,phi-0.60,0,0.008245657524678807,1.0,2077.571445953194,6.5,1122.1617320725836,57.0,987.2303142739532,52.25
1,71,phi-0.60,1,0.0063646575082053295,1.0,1956.2269069546094,6.083333333333333,1108.9407176164596,58.083333333333336,1004.8361704053092,51.916666666666664
1,71,phi-0.60,2,0.00913937254958345,1.0,1857.1444306856126,6.166666666666667,1134.7634825694256,58.666666666666664,1007.2000506181383,52.0
1,71,phi-0.30,0,0.003864777599323041,1.0,2182.573507389951,6.416666666666667,1117.514014464834,59.0,994.1154837555279,51.416666666666664
1,71,phi-0.30,1,-0.004936199372981006,1.0,2071.6819136845293,6.333333333333333,1083.3529911688722,58.666666666666664,1006.7450757797473,52.416666666666664
1,71,phi-0.30,2,-0.005462189083948971,1.0,2101.2572161164603,6.5,1104.3583620544493,57.916666666666664,989.6962066338805,51.333333333333336
1,71,phi+0.00,0,-0.002102229022541406,1.1602025831689795,2141.79809670656,6.083333333333333,1119.813036386662,57.833333333333336,997.2544664652218,51.75
1,71,phi+0.00,1,-0.0011546823603444953,1.1183079016375217,2309.3038725255215,6.166666666666667,1127.1351068846627,58.833333333333336,1001.5033868576405,52.583333333333336
1,71,phi+0.00,2,0.008536762836086427,1.1099129937857815,1865.8461847553256,6.0,1111.726367730587,58.666666666666664,986.8427643415017,51.333333333333336
1,71,phi+0.30,0,0.0022920355585236796,1.6009508810912547,3013.4759145571466,6.5,1124.06060212113,59.75,999.5849434570678,52.333333333333336
1,71,phi+0.30,1,-0.009199280860278287,1.6964821919621602,1960.5353042530676,6.25,1120.4195265149347,60.166666666666664,995.5942680849054,51.916666666666664
1,71,phi+0.30,2,-0.007288492593520581,1.6543652953257095,2099.0191024522105,6.25,1124.4990649234262,58.166666666666664,984.1118739033245,50.333333333333336
1,71,phi+0.60,0,0.029327355270090165,3.9772509288087408,1871.6533438053941,6.25,1113.2570221526582,58.583333333333336,997.2590856318184,52.666666666666664
1,71,phi+0.60,1,0.0434432638288628,4.110735061322583,2259.4398573566345,6.166666666666667,1135.7460832517402,56.916666666666664,1004.2893136790362,51.666666666666664
1,71,phi+0.60,2,0.035556996554018824,3.696776133949365,2099.1250819843403,6.083333333333333,1124.5891386036649,58.666666666666664,994.4552697372334,52.0
1,71,phi+0.90,0,0.1944523033514713,14.251808818140901,1886.505036877975,6.166666666666667,1100.7540099626701,57.75,987.6206786493855,51.666666666666664
1,71,phi+0.90,1,0.2222071530697553,15.592734572662192,1968.845902821345,6.166666666666667,1128.488156778079,57.333333333333336,993.7870159738994,51.416666666666664
1,71,phi+0.90,2,0.1959778046355673,14.061286707184468,2353.3523862009465,6.25,1127.3116997677628,57.166666666666664,1011.7937469744924,51.833333333333336
1,71,phi+0.99,0,0.6485656127318147,64.39410241182938,2773.7783576800816,6.416666666666667,1148.18806212892,57.583333333333336,1011.6183773206412,50.0
1,71,phi+0.99,1,0.6570362305130504,60.30800782064386,2358.2428753276795,6.25,1226.0504638718758,56.833333333333336,1023.1684191096283,50.25
1,71,phi+0.99,2,0.6146336158539328,48.90554471983766,1881.4654284931241,6.083333333333333,1134.5590091781198,57.0,997.9505278663178,50.75
1,71,sorted,0,0.8159371821840607,89.94899515482297,1525.3473477565246,6.083333333333333,1034.3652168061365,56.833333333333336,944.9621328463795,49.916666666666664
1,72,real,0,0.08309807067139423,7.014001411317372,2078.8900613624173,10.0,1072.487737014939,64.33333333333333,1020.3307553367978,59.583333333333336
1,72,phi-0.60,0,-0.0009928553028797354,1.0,2852.749834216904,10.916666666666666,1086.102941698202,65.91666666666667,1025.2639552152002,61.5
1,72,phi-0.60,1,0.0023262569812233956,1.0,2642.884719573079,9.75,1080.9704188402545,66.66666666666667,1021.9345607622148,61.916666666666664
1,72,phi-0.60,2,0.008740480275864734,1.0,2496.718434984973,10.416666666666666,1101.8935542943684,67.58333333333333,1037.7458426158883,62.833333333333336
1,72,phi-0.30,0,0.007573606664981775,1.0,2120.604493912302,10.416666666666666,1088.9445849881376,66.83333333333333,1030.0377927687834,61.666666666666664
1,72,phi-0.30,1,-0.0014518428853191833,1.0,3286.931152405625,10.5,1100.7836006050766,66.75,1027.5867976918878,61.5
1,72,phi-0.30,2,0.0006774435179802551,1.0,2367.3430985752975,10.5,1081.5522029347926,65.08333333333333,1020.7933670295121,61.416666666666664
1,72,phi+0.00,0,0.002216662766343667,1.0,2114.935143385199,9.916666666666666,1080.9420438215432,66.16666666666667,1026.7980215200955,60.916666666666664
1,72,phi+0.00,1,0.005773463247749057,1.0,2283.0346472058377,10.083333333333334,1075.1592281817632,65.66666666666667,1030.7883128984467,62.0
1,72,phi+0.00,2,-0.00948198638692289,1.0,2250.6508964972463,10.583333333333334,1081.007635652958,66.33333333333333,1030.8558608645574,62.166666666666664
1,72,phi+0.30,0,0.0009548035585294212,1.4975367407323399,2827.760082033281,10.583333333333334,1075.865247811392,64.41666666666667,1045.0931892529122,62.5
1,72,phi+0.30,1,0.004266198082206963,1.2693384616517362,2011.1664244281976,10.25,1080.470845507749,65.91666666666667,1007.4559417604077,59.333333333333336
1,72,phi+0.30,2,0.0021626021403102695,1.2734535828669866,2067.56604928357,10.083333333333334,1073.154470224534,66.5,1028.0813720478072,62.0
1,72,phi+0.60,0,0.003724462393518023,1.3895816168200996,2198.496031113487,9.5,1076.4165936938616,64.58333333333333,1028.0714941097954,61.166666666666664
1,72,phi+0.60,1,0.011544760123605688,2.3425903571296116,2478.680673191659,10.333333333333334,1061.0741371427255,64.25,1027.1441904948972,61.583333333333336
1,72,phi+0.60,2,-0.004365609383334631,1.8522426601954245,2384.8141899630245,10.5,1063.5130819965207,65.16666666666667,1029.0999388967393,61.833333333333336
1,72,phi+0.90,0,0.11729034704197489,9.346496564912828,1625.7485827045139,9.833333333333334,1047.822776561352,63.666666666666664,985.3245596623725,58.666666666666664
1,72,phi+0.90,1,0.07619560625536233,6.771378988195518,2330.385593987539,10.333333333333334,1080.4598418904145,64.41666666666667,1025.6495705937805,60.75
1,72,phi+0.90,2,0.060188858862131704,6.106219651657358,3598.669224021403,10.833333333333334,1162.8726872136242,65.25,1067.3648528735064,61.75
1,72,phi+0.99,0,0.40841358875144135,38.82607575079877,1982.3273417705723,9.5,1113.2707361667542,64.41666666666667,1030.431731666844,58.75
1,72,phi+0.99,1,0.3515473430186889,27.90833592813146,1824.4852356445106,9.25,1066.6467900892496,62.5,998.0880689927325,58.583333333333336
1,72,phi+0.99,2,0.30957182626908153,30.72896048897125,2934.4572563622387,10.166666666666666,1440.6403766010571,64.58333333333333,1210.0580892228666,59.666666666666664
1,72,sorted,0,0.4960113393469712,44.33513825232193,1642.9367886849413,9.5,1028.9891585086168,60.833333333333336,959.4729827773303,55.166666666666664
1,73,real,0,0.3350126888160057,22.087755416707193,2252.586680998043,7.916666666666667,1037.6840295026232,62.25,971.0325083638936,55.166666666666664
1,73,phi-0.60,0,-0.006229953631463769,1.0,2339.857825283134,8.083333333333334,1043.6807481822977,63.75,962.7092965455658,55.416666666666664
1,73,phi-0.60,1,0.0010103662107766374,1.0,2387.9208275987526,8.5,1043.6699857795318,64.0,959.1400544599411,55.5
1,73,phi-0.60,2,0.001459910405421066,1.0,2279.1725018535144,8.416666666666666,1033.4183283560164,63.75,957.0614901672169,55.5
1,73,phi-0.30,0,-0.0022377360865140773,1.0,2112.913104277728,8.25,1033.6494461864754,63.333333333333336,962.9581202539426,55.583333333333336
1,73,phi-0.30,1,0.009046214234767652,1.0,2615.0214349764406,8.416666666666666,1039.5878586332499,64.41666666666667,975.5542824763867,56.416666666666664
1,73,phi-0.30,2,-0.003366323882722937,1.0,2211.3648141751537,8.333333333333334,1047.4497460402597,64.66666666666667,977.7631490051666,57.416666666666664
1,73,phi+0.00,0,0.005493214237282763,1.0,2517.654281572577,8.416666666666666,1039.852155087984,63.666666666666664,954.4095061125604,54.833333333333336
1,73,phi+0.00,1,-0.006040145266681284,1.0,2310.14712089382,8.416666666666666,1052.9310678518098,63.916666666666664,966.8387394652112,55.75
1,73,phi+0.00,2,-0.00021072998567779096,1.0718217023588439,2461.7115071094695,8.416666666666666,1036.4122070246176,63.083333333333336,966.0911149612344,55.083333333333336
1,73,phi+0.30,0,-0.003628134221262743,1.1325084612968417,2431.7773037195616,8.5,1055.2840138920785,64.83333333333333,974.2210165561982,57.916666666666664
1,73,phi+0.30,1,0.0025663211531090583,1.231620371475242,2162.125632953453,8.083333333333334,1044.013031198154,63.5,976.5599140638997,56.0
1,73,phi+0.30,2,-0.005086908529203435,1.1714849356343613,2290.330992433133,8.583333333333334,1053.7896491990093,62.75,978.4654429545348,55.916666666666664
1,73,phi+0.60,0,0.01009119749541026,2.030068531946258,2239.2545091886045,8.25,1049.6792724257614,65.0,967.2421040825012,54.75
1,73,phi+0.60,1,0.019061189433649237,2.921025587809779,2200.9307419639786,8.583333333333334,1035.5072968076254,62.416666666666664,968.4611801413806,55.833333333333336
1,73,phi+0.60,2,0.008489309626422869,1.9084676809644399,2304.0405533615344,8.833333333333334,1037.9974726405978,63.75,957.8474343127585,55.0
1,73,phi+0.90,0,0.02209455254505537,4.338663848300959,2152.7416901192464,8.0,1051.3236538871572,64.0,958.120781216643,55.75
1,73,phi+0.90,1,0.10008663339273413,8.503960930032292,2376.7048240994486,8.416666666666666,1064.1541601760598,64.83333333333333,961.8034628378551,54.666666666666664
1,73,phi+0.90,2,0.15090975529367287,12.769533535197848,2092.087949587867,8.25,1017.8442276796195,61.833333333333336,946.0261363447281,54.333333333333336
1,73,phi+0.99,0,0.41708708146825,27.52498783031403,2113.2153205680083,7.0,1008.3536976512701,59.416666666666664,941.3806809555981,53.5
1,73,phi+0.99,1,0.752833524296287,59.29882958750674,2422.8600608085353,7.583333333333333,1135.4090600740744,62.083333333333336,992.876635055983,52.5
1,73,phi+0.99,2,0.36295561390518516,31.79152112097235,3199.416359664174,7.583333333333333,1187.50117212447,62.75,1061.026358997193,53.583333333333336
1,73,sorted,0,0.7564675770000797,66.7782644597663,1689.5771185851784,7.083333333333333,970.3644231295331,58.0,936.717357329149,53.25
1,74,real,0,0.5960502597949625,62.50977258239002,1732.3431759614857,7.5,1028.3012098640797,62.833333333333336,1002.0186314626784,60.583333333333336
1,74,phi-0.60,0,0.004164593387113783,1.0,2805.6687932511873,8.083333333333334,1081.5626321908028,64.58333333333333,1056.0257468150076,64.0
1,74,phi-0.60,1,0.006531517118422362,1.0,2966.825189887502,8.25,1068.324899106509,64.58333333333333,1064.9949534877826,65.25
1,74,phi-0.60,2,-1.760755091780282e-05,1.0,2773.9592282633002,8.666666666666666,1090.9088915093146,65.5,1034.737025339969,62.333333333333336
1,74,phi-0.30,0,-0.004218589697389049,1.0,2420.5252626455294,8.25,1066.2833502984652,63.333333333333336,1061.6588352653207,64.0
1,74,phi-0.30,1,0.000768857668617889,1.0,2166.1876023420523,8.75,1090.2894287476183,65.0,1064.0342504238695,64.75
1,74,phi-0.30,2,-0.0034135998451903684,1.0,2817.2924314502434,8.0,1079.0044467277462,65.0,1066.5695543502864,64.41666666666667
1,74,phi+0.00,0,0.0032330401754455005,1.294936267700976,2456.260710549585,8.25,1076.7656064397213,65.33333333333333,1056.1997980014153,63.0
1,74,phi+0.00,1,0.006698213936893653,1.0413702868612529,2409.5462129948246,8.666666666666666,1090.749644948972,65.08333333333333,1064.307224769017,64.33333333333333
1,74,phi+0.00,2,0.0017114168922072377,1.2776629565141104,3034.5166132540558,8.5,1092.3280456694858,65.16666666666667,1054.6032382672768,64.0
1,74,phi+0.30,0,0.007389112925536527,1.8679639279385234,2406.433074711809,8.25,1082.287990979639,65.58333333333333,1059.5417431404196,64.16666666666667
1,74,phi+0.30,1,0.0015031979010775582,1.3215435445829058,2324.142892925562,8.75,1068.8844711645197,64.58333333333333,1074.683659327927,64.83333333333333
1,74,phi+0.30,2,-0.003676396631455378,1.2819214298610198,2299.302178695262,8.25,1068.7313103912722,64.0,1051.534786600389,63.666666666666664
1,74,phi+0.60,0,-0.0038631383848971453,2.619213966022208,2206.311726419044,8.5,1065.2686268657615,64.08333333333333,1044.4838165485644,62.166666666666664
1,74,phi+0.60,1,0.0038391864413915393,2.7361273998810036,2485.510355799717,8.25,1070.4363350250153,64.91666666666667,1061.1957848600525,64.16666666666667
1,74,phi+0.60,2,0.007426641714028992,2.660255339672588,2379.868052396238,8.25,1064.7911201065049,64.08333333333333,1045.2233499954234,63.25
1,74,phi+0.90,0,0.06487726453064598,6.3516708010297735,1831.483047956722,8.0,1066.02684444904,64.33333333333333,1033.9898013181912,62.75
1,74,phi+0.90,1,0.08751835728641176,6.971801902367885,2331.4933459296876,7.666666666666667,1069.4653823158758,63.0,1048.372567364547,62.583333333333336
1,74,phi+0.90,2,0.18279325945212876,13.180144286556445,2793.1625835759946,7.916666666666667,1133.5091028918623,64.91666666666667,1070.1978236699595,62.0
1,74,phi+0.99,0,0.48231439244908614,32.72496051760728,1811.0202851080167,6.75,1013.602996584896,59.0,1003.8351021823602,60.0
1,74,phi+0.99,1,0.34841026464739977,23.220226165396824,2255.4406926245647,8.333333333333334,1111.1429422371434,63.833333333333336,1058.2825724371598,61.583333333333336
1,74,phi+0.99,2,0.6642789336987234,54.53964236820318,1874.7813425321267,7.333333333333333,1075.148799451426,60.333333333333336,1053.2548408135979,59.416666666666664
1,74,sorted,0,0.7514257422197836,74.47459186307724,1726.5428676088388,6.916666666666667,989.3659573299323,58.666666666666664,974.9865278533842,57.916666666666664
1,75,real,0,0.08224841465825365,6.547606800571469,1916.4754983420244,11.833333333333334,1022.2568678316175,60.666666666666664,1036.420811083099,60.75
1,75,phi-0.60,0,0.0007297795723145254,1.0,1796.4228138710002,12.416666666666666,1020.1967973682025,61.583333333333336,1035.61106813132,59.916666666666664
1,75,phi-0.60,1,-0.0026259542686990593,1.0,1756.2775313977736,12.25,1024.3035380323875,60.833333333333336,1027.4171377855853,59.833333333333336
1,75,phi-0.60,2,-0.003513725729838208,1.0,1832.754799893345,12.666666666666666,1044.8930507534938,62.416666666666664,1037.343257606757,60.416666666666664
1,75,phi-0.30,0,-0.0012474788531156346,1.0,1675.873087929029,12.0,1016.8650455449189,60.416666666666664,1027.8595569416957,60.083333333333336
1,75,phi-0.30,1,-0.0035906971750337582,1.0,1842.4166762333598,12.166666666666666,1013.3377107606635,59.833333333333336,1040.794818529098,60.75
1,75,phi-0.30,2,-0.003656808445167617,1.0,1774.4014968453682,12.5,1019.9502206243527,60.5,1041.6866429338895,60.416666666666664
1,75,phi+0.00,0,-0.0014618833766268278,1.0,1762.5041607271157,12.083333333333334,1014.2162546946201,60.5,1021.3283693141924,59.833333333333336
1,75,phi+0.00,1,-0.0011357071506302848,1.0,1788.5597301877424,12.0,1020.7852469059098,61.166666666666664,1039.8035089965977,60.583333333333336
1,75,phi+0.00,2,-0.005914669205116404,1.0,1889.2299695771346,12.083333333333334,1016.7131907277567,60.416666666666664,1035.2528928407194,59.916666666666664
1,75,phi+0.30,0,0.00011883037337824672,2.0417202367870995,1773.0771295502136,11.916666666666666,1024.8147732035663,60.666666666666664,1044.8661285298713,60.666666666666664
1,75,phi+0.30,1,-0.0004040171161420624,1.0708870198135598,2018.8825773295564,12.0,1030.6987680736672,61.083333333333336,1052.5646188232995,60.416666666666664
1,75,phi+0.30,2,-0.003912689079335757,1.0277144274302588,1827.9270426187716,11.75,1026.1792831202804,60.916666666666664,1041.428922758735,61.166666666666664
1,75,phi+0.60,0,0.009197715508796568,1.6694868708449437,1768.2918905887784,12.0,1034.231258198433,61.083333333333336,1047.2803382099873,61.0
1,75,phi+0.60,1,-0.0014667274983808513,1.289417045926966,1849.2572852006876,12.333333333333334,1016.1421878454294,60.0,1024.073567909391,58.833333333333336
1,75,phi+0.60,2,0.003766397911918948,2.9593153408629957,1864.7506221619649,12.333333333333334,1024.011696331094,61.0,1044.0602135440784,61.916666666666664
1,75,phi+0.90,0,0.044750280503783504,5.400396875963215,1832.5106417608577,12.0,1028.5616382969692,61.333333333333336,1019.7638615731679,59.166666666666664
1,75,phi+0.90,1,0.018619004124633978,1.731074751286382,1887.5390017511309,12.0,1022.8523444057683,60.583333333333336,1030.738364395187,60.083333333333336
1,75,phi+0.90,2,0.029389921007071208,3.774170945610287,1797.8724502120856,12.0,1029.258732154246,60.666666666666664,1032.9634414694235,60.25
1,75,phi+0.99,0,0.1178689785639876,9.428501973216013,1878.4916644835787,12.166666666666666,1011.2130336131403,59.75,1018.3024765284969,59.166666666666664
1,75,phi+0.99,1,0.10197444555914763,8.845641116654914,1941.5087988778396,12.0,1068.6975559761852,61.75,1058.1975601118208,59.25
1,75,phi+0.99,2,0.043477903334280185,4.297025782024407,1728.974341454665,12.25,1019.656737736224,61.166666666666664,1018.7934793532705,59.5
1,75,sorted,0,0.15095059989702617,14.15734851110909,1693.9110599291873,11.75,1004.1400579960517,59.333333333333336,987.6212881141047,56.75
1,76,real,0,-0.011832433509477507,1.0794468932463326,3321.9849728456325,8.333333333333334,1092.3229986976398,64.75,990.180212118301,57.25
1,76,phi-0.60,0,0.014956532467920154,1.0,2510.7936621593417,7.916666666666667,1092.9657500452324,64.91666666666667,990.5014928604056,58.083333333333336
1,76,phi-0.60,1,-0.0024285952209036213,1.0,2292.4145808161397,8.583333333333334,1093.3482380736775,64.75,981.0169138098266,58.666666666666664
1,76,phi-0.60,2,0.0007960305665968303,1.0,2139.775013869244,8.0,1071.0390710879126,63.166666666666664,992.0073509343974,58.25
1,76,phi-0.30,0,0.005003029442544038,1.0,2287.376056662743,8.166666666666666,1079.4753737109017,63.166666666666664,984.4962989457982,57.166666666666664
1,76,phi-0.30,1,0.006920549054939073,1.0,2000.6217701348496,8.0,1088.3723182040746,64.5,978.5251360379158,57.333333333333336
1,76,phi-0.30,2,0.005389974445897829,1.0,2383.0280370420724,8.0,1070.8245481280871,63.083333333333336,958.2455524189089,55.5
1,76,phi+0.00,0,0.00034445177144537336,1.0,2082.718035514135,8.25,1078.1825914129133,63.333333333333336,962.9526759505839,57.25
1,76,phi+0.00,1,-0.01018833350500713,1.0,2237.179074916911,8.166666666666666,1078.470768603002,63.25,986.0290150571306,57.083333333333336
1,76,phi+0.00,2,-0.0018096043092926653,1.0,2189.7827870473607,7.833333333333333,1056.6801246606544,62.416666666666664,968.5618145080552,56.833333333333336
1,76,phi+0.30,0,-0.0026663930825291684,1.3126352918333832,2104.0983296345926,7.833333333333333,1062.79093068361,63.5,979.9301647353601,58.083333333333336
1,76,phi+0.30,1,0.004858524228095588,1.213644516584538,2533.956964599287,8.083333333333334,1062.7518928294355,61.75,971.692224128416,57.083333333333336
1,76,phi+0.30,2,0.00797542702926659,1.2013454633532836,2137.4545414550353,8.0,1066.641425801926,62.75,983.6534379676978,57.75
1,76,phi+0.60,0,-0.00041490698464728524,2.2840869893486766,2134.3514594178796,8.0,1068.614603462921,62.416666666666664,972.8472815060396,56.916666666666664
1,76,phi+0.60,1,0.05271285893547302,3.707714652651345,2299.5661285915317,7.833333333333333,1076.6533477975602,63.916666666666664,975.9719174115016,56.916666666666664
1,76,phi+0.60,2,0.008081283153537846,1.9031390737807476,2182.0967163852433,8.166666666666666,1085.9467565309583,64.08333333333333,961.8443898278283,56.5
1,76,phi+0.90,0,0.06299765429257698,6.9666982170010705,2781.533205775037,7.833333333333333,1073.3721085481768,62.916666666666664,1004.0555732480633,58.25
1,76,phi+0.90,1,0.05907351024630788,6.315193184618824,3914.1326149382107,8.0,1149.8683985552236,63.166666666666664,1025.6085396765586,58.5
1,76,phi+0.90,2,0.23923134990142475,17.326568863598858,1668.1741534154141,7.333333333333333,1034.5442472633986,60.916666666666664,952.1291165222274,54.75
1,76,phi+0.99,0,0.34099889489809826,22.89939173466063,2298.017870947978,7.416666666666667,1111.9091290606723,62.166666666666664,1002.4840477028794,56.583333333333336
1,76,phi+0.99,1,0.5765911346855304,61.92829744360863,1835.8155361647825,7.333333333333333,1039.2827841363153,59.166666666666664,964.753053740931,55.75
1,76,phi+0.99,2,0.3494190987049428,23.62438864600207,1744.708753051286,7.25,1060.2573455232834,60.416666666666664,968.4521251448881,55.166666666666664
1,76,sorted,0,0.7029474730404535,61.056088894328944,1604.3454924945324,6.916666666666667,998.4795842130611,57.833333333333336,932.5411936275619,53.5
1,77,real,0,0.43454399264326043,52.26951045735227,1619.19426125404,6.333333333333333,1045.4146348964175,61.0,920.9861765310044,51.583333333333336
1,77,phi-0.60,0,0.0001762355371320472,1.0,2377.4423382086575,6.5,1103.1131561666405,63.333333333333336,961.2482102366856,53.75
1,77,phi-0.60,1,0.007541859832571266,1.0,2300.4838870315825,6.333333333333333,1106.1895219575092,62.666666666666664,949.5110096136955,53.333333333333336
1,77,phi-0.60,2,0.0055644930626523505,1.0,2183.7517515152463,6.5,1092.9220017364773,63.25,978.3048814729132,53.333333333333336
1,77,phi-0.30,0,-0.0015433477854417208,1.0,3139.4257799670936,6.416666666666667,1135.2069900524252,63.666666666666664,979.1867813796415,53.916666666666664
1,77,phi-0.30,1,0.001355699567359435,1.0,2032.2867176529935,6.416666666666667,1089.9816036524728,63.333333333333336,949.5770006333347,53.25
1,77,phi-0.30,2,-0.0017837489993242429,1.0,2672.598530419598,6.25,1115.9214267463985,63.416666666666664,962.3052895748929,52.666666666666664
1,77,phi+0.00,0,-0.0008646694496764576,1.0,2078.81128894919,6.166666666666667,1105.1104905806176,62.833333333333336,931.387155614675,52.333333333333336
1,77,phi+0.00,1,-0.008864249245248867,1.0363736344041041,2287.997781769607,6.333333333333333,1115.8738047157838,63.166666666666664,968.8023998034341,54.083333333333336
1,77,phi+0.00,2,-0.011962451533600043,1.014442949797181,2260.9047311446907,6.5,1105.4435913498837,62.5,960.1241787455086,52.666666666666664
1,77,phi+0.30,0,0.011714021671354909,1.988509599543566,2614.813306366531,6.333333333333333,1122.5854885665165,63.583333333333336,963.9115997077248,52.083333333333336
1,77,phi+0.30,1,0.00014265557821298668,1.5185971903796138,1937.341964158955,6.416666666666667,1092.715177690921,62.416666666666664,947.3992913843657,51.916666666666664
1,77,phi+0.30,2,-0.0013225992373797366,1.7260060908777302,2662.972539436319,6.333333333333333,1123.8787087029239,62.416666666666664,968.6733965746001,54.083333333333336
1,77,phi+0.60,0,0.0945686330971654,7.760579350906852,2331.3647420567954,6.5,1097.5692656337644,61.25,985.6819117520796,54.416666666666664
1,77,phi+0.60,1,-0.00469304817860408,3.2933464565930106,2574.50317548953,6.416666666666667,1104.2962145156032,63.166666666666664,965.486085781789,52.666666666666664
1,77,phi+0.60,2,0.03172815425533919,3.696035967015914,2397.2470584288294,6.416666666666667,1117.2929723284487,62.916666666666664,965.432324867932,52.75
1,77,phi+0.90,0,0.21606837217846042,15.425477573119258,2165.6372480065406,6.25,1092.9529199102537,61.333333333333336,954.3166656859775,53.0
1,77,phi+0.90,1,0.1840271970702913,13.345646179947662,2424.1698519949628,6.333333333333333,1095.6321428301098,62.083333333333336,951.6007232328985,52.833333333333336
1,77,phi+0.90,2,0.3225582180618094,21.540400921792465,2187.938059902204,6.083333333333333,1124.5577286092457,62.666666666666664,954.4409261873956,52.166666666666664
1,77,phi+0.99,0,0.8217776519008884,83.81884693222247,1687.6817602074918,6.083333333333333,1057.7434059704165,59.166666666666664,929.3093113519099,50.75
1,77,phi+0.99,1,0.8204076206927206,82.53843728671701,2283.892936810513,6.25,1193.9404926926181,58.583333333333336,976.4918111945029,51.833333333333336
1,77,phi+0.99,2,0.7187564883825153,65.98711469606454,1764.3468156341644,6.25,1061.7973704305496,59.833333333333336,938.9304397837122,52.166666666666664
1,77,sorted,0,0.8806972414803057,99.37828085983475,1579.0987450113282,6.166666666666667,1011.0854872705308,58.333333333333336,929.5927475935472,52.583333333333336
1,79,real,0,0.08426712690535934,11.530427455834758,2495.2506744362795,6.166666666666667,1072.8892692103348,56.833333333333336,947.4035687151182,50.583333333333336
1,79,phi-0.60,0,0.008448333868687714,1.0,2011.3136543626404,6.0,1056.0339888192345,55.833333333333336,958.2552036479225,51.5
1,79,phi-0.60,1,0.012163537110726054,1.0,2188.8305613246753,6.166666666666667,1064.6816153596612,57.5,943.5640636370582,50.0
1,79,phi-0.60,2,0.006030430484774514,1.0,2144.711238108448,6.25,1045.9411679195698,56.416666666666664,946.3203140722127,51.25
1,79,phi-0.30,0,0.0019866785784577704,1.0,2085.1715346075357,6.0,1063.0136348694216,55.25,966.1023433734264,51.833333333333336
1,79,phi-0.30,1,-0.0002507820987879744,1.0,1854.2052338526562,6.0,1071.9597552551245,56.166666666666664,932.8009304473707,50.166666666666664
1,79,phi-0.30,2,0.0021602528653360733,1.0,2326.3449039113316,6.083333333333333,1075.2299644210384,56.666666666666664,931.7428753121179,48.416666666666664
1,79,phi+0.00,0,9.478363852477638e-05,1.0338234936500055,2128.7020886684454,6.166666666666667,1077.0397424788694,56.333333333333336,962.6869848505676,50.583333333333336
1,79,phi+0.00,1,-0.005863589704268134,1.0933856809285776,2105.8434444620993,6.166666666666667,1088.1130920141986,57.416666666666664,949.3964393117902,51.5
1,79,phi+0.00,2,-0.0064856696343480605,1.032144745786782,2022.9615375199494,6.083333333333333,1055.2337327704158,56.416666666666664,943.5894026424103,51.083333333333336
1,79,phi+0.30,0,-0.0072470974545235465,1.7747207384422348,2454.646501956863,6.083333333333333,1060.1881654287322,54.833333333333336,940.3890240942447,49.583333333333336
1,79,phi+0.30,1,-0.011399995283921617,1.6719027717725956,1971.975555408684,6.166666666666667,1074.5798354611131,57.583333333333336,951.5514590268521,51.666666666666664
1,79,phi+0.30,2,-0.013520208881171334,1.6519284842490145,2036.6224724391147,6.083333333333333,1047.7295491117823,55.916666666666664,935.9104546223625,49.333333333333336
1,79,phi+0.60,0,0.028778920404727883,4.335543609957301,2175.4127989570734,6.083333333333333,1069.4418437253332,56.583333333333336,934.0552488749295,50.5
1,79,phi+0.60,1,0.02786481744053559,4.678259053475628,2148.1415675124645,6.083333333333333,1079.7475422381087,55.75,957.8380809722563,50.666666666666664
1,79,phi+0.60,2,0.009619005885687077,3.8038134432579187,2007.3308533695433,6.083333333333333,1062.6376918757583,55.833333333333336,956.6169866912857,50.5
1,79,phi+0.90,0,0.24369623800825904,19.199032851422363,2026.4447722151763,6.083333333333333,1100.906545332831,57.25,967.6250643300987,51.666666666666664
1,79,phi+0.90,1,0.24769339612901625,17.114477406612934,1919.9190131389817,6.0,1072.5747948824471,56.25,942.5317997393628,50.25
1,79,phi+0.90,2,0.2296787351267723,19.416192128858558,2528.1760217919978,6.083333333333333,1146.127885299127,54.916666666666664,963.042705418935,51.0
1,79,phi+0.99,0,0.5531645923059061,40.93543627134345,1987.0679018659728,6.083333333333333,1074.6041781213032,55.25,965.254568539111,51.416666666666664
1,79,phi+0.99,1,0.7613992949897053,73.7294382263639,1837.9642722074796,6.166666666666667,1014.3632951302393,54.666666666666664,929.9485190828158,50.083333333333336
1,79,phi+0.99,2,0.6965396349658376,65.08278358603901,2065.9195656910874,6.0,1076.5892648138315,53.5,944.83973628902,48.666666666666664
1,79,sorted,0,0.8831355431949356,100.05527997572015,1673.8676336187589,6.0,992.6623593569444,54.083333333333336,916.4579776019418,49.75
1,78,real,0,0.06834173587735358,9.713204966241982,2025.1925762117107,7.25,1112.5663420032847,66.0,1016.851326435563,58.666666666666664
1,78,phi-0.60,0,0.006354030475843004,1.0,2461.7703831786557,7.5,1119.7244628471865,65.08333333333333,1018.503217090255,57.166666666666664
1,78,phi-0.60,1,0.004820531764123661,1.0,2437.734073936419,7.25,1150.4644918459833,68.75,1012.4033523754943,58.416666666666664
1,78,phi-0.60,2,0.000623043362211307,1.0,2801.2730015747056,7.416666666666667,1151.4999255994023,66.91666666666667,1045.8421606871868,60.75
1,78,phi-0.30,0,-0.0023265701032867668,1.0,2525.0653644277095,7.25,1139.5004804037887,67.25,1022.0710170476596,57.75
1,78,phi-0.30,1,-0.0020922292832912127,1.0,2591.16609770004,7.0,1130.4901021246249,65.83333333333333,1036.4199863341369,58.0
1,78,phi-0.30,2,-0.0012861385265710015,1.0,2236.412421747849,7.416666666666667,1113.3809814010958,64.58333333333333,1034.5699275700165,59.333333333333336
1,78,phi+0.00,0,0.001079380077488555,1.0539357215960625,2620.2804029787053,7.583333333333333,1150.8897780251302,68.58333333333333,1051.7152538911698,60.083333333333336
1,78,phi+0.00,1,-0.001699538185845985,1.0,2093.093010093085,7.0,1143.5793251671557,66.75,1033.262077746245,60.0
1,78,phi+0.00,2,0.003596448192912118,1.109432315533395,2579.939950877395,7.583333333333333,1140.8210963850568,66.58333333333333,1049.8581151537344,61.666666666666664
1,78,phi+0.30,0,0.01332621050939896,1.543361737280045,2657.297974691491,7.416666666666667,1159.382076202032,67.0,1019.1704329060909,58.333333333333336
1,78,phi+0.30,1,0.006114605951292986,1.6399531746781153,2218.366292530129,7.166666666666667,1146.1400378079732,65.58333333333333,1026.36921356699,57.333333333333336
1,78,phi+0.30,2,-0.00799196519567321,1.558323454868662,2855.1945279351653,7.333333333333333,1150.1948071707404,68.75,1028.4847832992748,58.916666666666664
1,78,phi+0.60,0,0.03839065857389202,3.6507779068542505,2368.049556188232,7.25,1141.8475716969658,66.66666666666667,1041.372067305038,59.25
1,78,phi+0.60,1,0.03713972322331528,4.452108288065868,2564.9040931549907,7.25,1139.2143826355164,67.25,1019.2072795274189,59.0
1,78,phi+0.60,2,0.03945415836166668,3.1752884497764056,2313.48999187294,6.916666666666667,1141.8846103787573,66.33333333333333,1020.1659180564615,57.333333333333336
1,78,phi+0.90,0,0.26218902272714273,17.935794140125704,2570.4059281498626,7.333333333333333,1160.445615437258,65.33333333333333,1024.2685936827659,58.5
1,78,phi+0.90,1,0.17273584053610647,17.503382451240146,3099.041964300259,7.0,1172.907195035222,66.16666666666667,1035.9460512950116,57.333333333333336
1,78,phi+0.90,2,0.20550807364360194,14.96475888731721,2139.5084003733286,7.083333333333333,1124.7011189976058,63.166666666666664,1038.3582407037704,59.166666666666664
1,78,phi+0.99,0,0.5271943292748071,42.12271462168079,1826.7753952741534,6.5,1087.454446811679,61.5,994.7328294689763,55.583333333333336
1,78,phi+0.99,1,0.7113097857392963,63.99032701638924,1765.4946022170177,6.75,1111.0029838318444,64.5,995.0391218789265,56.5
1,78,phi+0.99,2,0.6216116564906295,57.722496194250795,1916.92381229272,6.75,1127.2743048683753,63.916666666666664,1010.913423151078,56.5
1,78,sorted,0,0.8448249894621863,91.42300216466617,1652.8531850739425,6.166666666666667,1020.5106702677589,58.25,962.6661568323835,54.666666666666664
1,80,real,0,0.04507209150688996,2.82873689750298,2418.440307413501,6.833333333333333,1151.0863869099842,61.5,1034.0062979454297,56.416666666666664
1,80,phi-0.60,0,-1.583897046101094e-05,1.0,2407.0293924783996,6.583333333333333,1126.8916627591707,60.25,1014.2323894251211,56.0
1,80,phi-0.60,1,0.00571618285890449,1.0,2665.481686702318,6.416666666666667,1141.6145114325827,61.333333333333336,1020.9346428200142,56.333333333333336
1,80,phi-0.60,2,0.010776554408741501,1.0,2180.8492131105363,6.5,1118.805288564916,60.416666666666664,1014.0318504086954,56.083333333333336
1,80,phi-0.30,0,0.002973724283646484,1.0,2750.141020438233,6.666666666666667,1131.3952517809018,60.25,1015.5347107915196,56.583333333333336
1,80,phi-0.30,1,0.003513540310802994,1.0,2363.9582391290824,6.666666666666667,1126.1257457564468,59.333333333333336,994.1483393424032,55.25
1,80,phi-0.30,2,-0.004272445031299743,1.0,2151.9501901961644,6.583333333333333,1115.6366946170044,60.833333333333336,981.3864033695346,54.5
1,80,phi+0.00,0,-0.008002104184332443,1.0,2168.6625774295608,6.583333333333333,1118.89184013872,60.333333333333336,997.0458774142902,55.083333333333336
1,80,phi+0.00,1,-0.0030006147087160095,1.0,2069.202231839126,6.75,1123.241101487212,62.916666666666664,1013.9276123574073,56.083333333333336
1,80,phi+0.00,2,-0.005586739990221688,1.0445399837279747,2202.693676854375,6.25,1122.9988259856489,61.25,1015.1511464322039,55.583333333333336
1,80,phi+0.30,0,-0.0022312134308667035,1.5300544594513048,2160.641817279683,6.75,1126.2693036837297,61.083333333333336,1010.5896479919303,56.833333333333336
1,80,phi+0.30,1,-0.0034945663121925753,1.6820595316733384,2511.166470407277,6.416666666666667,1132.4495625244626,61.166666666666664,1001.9120593802836,55.916666666666664
1,80,phi+0.30,2,0.004047955667849511,2.074179146251038,2452.8116643945787,6.75,1146.7285006880356,60.416666666666664,997.2491405080378,55.083333333333336
1,80,phi+0.60,0,0.005560569545796837,3.132647149896176,2449.9442171720416,6.333333333333333,1125.8690642497652,61.333333333333336,1018.6032890762685,56.0
1,80,phi+0.60,1,0.02096478596225186,3.8887321703219038,2059.3576282108784,6.583333333333333,1119.4223092881628,61.0,991.0895140908439,54.25
1,80,phi+0.60,2,0.012243681791599143,3.4921375704513897,2184.472851584203,6.5,1131.6525196558584,60.25,998.0309402903008,55.666666666666664
1,80,phi+0.90,0,0.34737566276745563,25.450569047458846,2345.834250606636,6.333333333333333,1137.2376126753338,61.083333333333336,1013.859032866064,55.083333333333336
1,80,phi+0.90,1,0.13507857432569445,10.860414396797808,2375.8145641637084,6.833333333333333,1126.8837829717597,60.333333333333336,1006.616195885752,55.166666666666664
1,80,phi+0.90,2,0.22639485815630087,16.221290355846463,2524.030648205737,6.333333333333333,1166.0160473850308,61.25,1026.126797735171,54.666666666666664
1,80,phi+0.99,0,0.41359418621894933,27.078311142976318,3631.0761878447497,6.5,1269.4674082425206,59.666666666666664,1080.1679789244934,56.416666666666664
1,80,phi+0.99,1,0.7000478337956391,70.97399848636927,1890.8585315681491,6.25,1063.5462824288504,57.25,984.0192513286823,54.416666666666664
1,80,phi+0.99,2,0.7597426781939047,78.70437577117069,2018.625930252746,6.166666666666667,1064.2731267067275,56.916666666666664,991.2870641105242,54.75
1,80,sorted,0,0.7610710740816625,80.76228148044251,1730.6378871353381,6.166666666666667,1040.3531147127271,56.583333333333336,964.1388619319437,53.416666666666664
1,81,real,0,0.048385262824702846,1.9036880786140493,1865.898343545405,7.083333333333333,1138.3531879425734,70.58333333333333,1023.271676885196,59.0
1,81,phi-0.60,0,0.0015348432548133017,1.0,2052.8021891263784,7.083333333333333,1153.4174742699659,69.66666666666667,1046.105336953857,60.666666666666664
1,81,phi-0.60,1,0.004412148151392405,1.0,2585.40102014022,7.083333333333333,1155.431039402937,69.41666666666667,1051.1695308326496,61.333333333333336
1,81,phi-0.60,2,0.00612098366161325,1.0,2508.875234405103,7.25,1174.3665163105793,71.33333333333333,1060.2526476379417,61.333333333333336
1,81,phi-0.30,0,-0.005186077745583681,1.0,2458.508896622555,7.333333333333333,1188.6550953642093,71.5,1059.019590418661,62.083333333333336
1,81,phi-0.30,1,0.0018296666365211886,1.0,2405.232976142748,7.333333333333333,1157.6725508668853,70.33333333333333,1064.569430131246,61.083333333333336
1,81,phi-0.30,2,0.001017836545215116,1.0,2256.9195543498777,7.25,1136.076362844859,68.91666666666667,1049.8651928967695,61.75
1,81,phi+0.00,0,-0.0020010817447466927,1.0,2352.514672353611,7.25,1146.6391354079913,70.08333333333333,1052.770060333159,61.0
1,81,phi+0.00,1,0.0029074850686537303,1.0,2140.8296409862137,7.166666666666667,1161.2651196887732,70.66666666666667,1048.315028626272,60.583333333333336
1,81,phi+0.00,2,-0.0027592311393966128,1.100661934452534,2392.0196778224868,7.25,1144.5761274026167,69.58333333333333,1050.817959006957,61.583333333333336
1,81,phi+0.30,0,0.011958255860879109,1.4664880497024362,2212.0613332292214,7.25,1164.5344489483834,70.41666666666667,1049.881873012196,61.75
1,81,phi+0.30,1,-0.00034643538222501035,1.4832004639257674,2257.219031947563,7.25,1165.7360951033015,70.33333333333333,1051.2758574162983,60.666666666666664
1,81,phi+0.30,2,0.006578012703945709,1.7042519015710917,2532.2113098816553,7.333333333333333,1149.823072353079,69.58333333333333,1070.926993486294,61.916666666666664
1,81,phi+0.60,0,0.026117972066973884,3.819252045616819,2129.8310896656835,7.25,1156.7175052416821,70.0,1042.1890105247282,60.166666666666664
1,81,phi+0.60,1,-0.0008898326565363015,2.899099384733604,2260.4312933301885,7.166666666666667,1164.7280087374895,70.91666666666667,1040.1770673202825,60.166666666666664
1,81,phi+0.60,2,0.008211675683038589,3.0465538653971307,2309.495805516797,7.25,1177.243905276033,70.66666666666667,1052.81754297315,60.5
1,81,phi+0.90,0,0.1057947047605715,11.062389065971642,2176.861938393563,7.166666666666667,1157.829840381328,70.75,1054.8303455501027,60.583333333333336
1,81,phi+0.90,1,0.1353799847117602,10.566775190966998,2791.572455735092,7.083333333333333,1211.3620229292017,69.25,1087.5935474795995,61.083333333333336
1,81,phi+0.90,2,0.08381033767456311,9.022218349518146,2435.665924378993,7.416666666666667,1183.379190320594,70.33333333333333,1075.1597397144985,61.0
1,81,phi+0.99,0,0.7941513225442335,78.65032002625377,3146.320574899088,7.0,1416.06078576418,67.41666666666667,1148.6796641908586,58.5
1,81,phi+0.99,1,0.45510276155846424,37.305458119601454,3329.3897638344074,7.083333333333333,1284.5895667016073,66.83333333333333,1105.7271909115807,58.833333333333336
1,81,phi+0.99,2,0.7376861328626606,74.7230325539008,1848.9697219231546,6.5,1133.0911151009607,66.66666666666667,1032.5564202583512,57.916666666666664
1,81,sorted,0,0.8899834222319271,99.35071133799877,1634.7668191511793,6.333333333333333,1043.4080008630729,61.833333333333336,985.7119265610373,56.416666666666664
1,82,real,0,0.6328123935003729,51.012275647313146,1576.6675611556639,8.166666666666666,977.1678688385247,57.916666666666664,948.0477280198947,53.5
1,82,phi-0.60,0,0.004076893248978813,1.0,1940.4077379385926,9.0,1008.0182296883563,59.833333333333336,984.5205410627626,56.5
1,82,phi-0.60,1,0.014238144594987333,1.0,1756.2584126479817,8.666666666666666,1004.6451453623384,60.333333333333336,983.5311980354827,56.666666666666664
1,82,phi-0.60,2,0.010705975701785761,1.0,1710.7807025355487,9.416666666666666,1010.0299692876056,60.416666666666664,987.692194437048,56.75
1,82,phi-0.30,0,0.0036630659295199455,1.0,2036.4952525077388,9.75,1021.6921731038218,61.833333333333336,1004.8211405020533,57.25
1,82,phi-0.30,1,0.003698495137245564,1.0,1866.1751407999038,9.25,994.9834030711949,59.666666666666664,984.9412717296883,56.0
1,82,phi-0.30,2,0.009258813821717343,1.0,1923.3405749462208,9.25,1006.5005413938034,59.833333333333336,1001.3767873302155,57.416666666666664
1,82,phi+0.00,0,-0.008178505812377113,1.0,2296.699712778776,9.25,1017.2620262543687,61.166666666666664,1003.0098725048093,58.0
1,82,phi+0.00,1,-0.007394885736092585,1.0094597656943503,2017.362635357263,9.083333333333334,1009.4098341970815,60.5,991.4483973457949,57.083333333333336
1,82,phi+0.00,2,0.001932363831707862,1.0170637001868865,2325.812597707145,9.166666666666666,1018.1972963940556,60.916666666666664,997.4656168701966,57.0
1,82,phi+0.30,0,0.0058334229657720895,1.7104697895981427,1688.2745055617636,9.25,994.2801904402969,59.416666666666664,973.9756542660465,55.833333333333336
1,82,phi+0.30,1,0.006537566433632884,1.1352329524357603,1895.5771942295723,9.5,1005.7211178446579,60.416666666666664,994.8125472792248,57.166666666666664
1,82,phi+0.30,2,0.011054651125644833,1.364325011596416,2657.634779985448,9.333333333333334,1017.0862527765572,60.75,996.4627645963582,56.916666666666664
1,82,phi+0.60,0,0.04350053648995956,2.8603085220437974,1985.4483873593938,8.666666666666666,1001.5696372309262,61.0,994.4825283741517,57.083333333333336
1,82,phi+0.60,1,0.023500395040160393,2.7252160889637844,1898.4280517290078,9.5,1005.6580162721228,60.666666666666664,996.6217197520194,57.75
1,82,phi+0.60,2,-0.0126183425840333,1.9611311133889886,2059.889998668076,9.583333333333334,1010.791523283824,60.5,1007.8260229669185,58.083333333333336
1,82,phi+0.90,0,0.03212026594774333,4.135097864130343,1821.6000155438342,8.666666666666666,1002.770451837539,59.5,976.1552262138393,56.166666666666664
1,82,phi+0.90,1,0.08551758181725498,7.220989160684878,2094.433078473024,9.666666666666666,1012.5064638071549,60.416666666666664,1001.6701179843279,57.083333333333336
1,82,phi+0.90,2,0.047819315444762645,5.836637388867417,2593.740957834499,9.5,1221.282553237416,60.5,1112.7968629930836,58.416666666666664
1,82,phi+0.99,0,0.3223805212664795,29.390602022937106,1578.3342278223306,8.333333333333334,977.965420064951,57.5,959.1476358914803,54.333333333333336
1,82,phi+0.99,1,0.49697910010732954,40.492521408084286,1578.3342278223306,8.333333333333334,965.5051699362542,56.833333333333336,946.049498940833,53.333333333333336
1,82,phi+0.99,2,0.335642122922069,22.23783577716866,1685.4837829358864,8.916666666666666,992.315646096671,59.0,969.8486169178829,55.583333333333336
1,82,sorted,0,0.6458158768743492,51.63668756075445,1574.1675611556639,7.916666666666667,959.6813235664275,56.166666666666664,935.8047040302455,52.25
1,83,real,0,0.12305122937109801,10.484572266494348,2157.1720086987593,6.583333333333333,1102.4890404197802,59.916666666666664,969.7968430906086,51.083333333333336
1,83,phi-0.60,0,0.0012768356459475255,1.0,2351.620231429865,7.333333333333333,1116.1242225870376,60.416666666666664,983.1030447227612,53.25
1,83,phi-0.60,1,0.009949032158806997,1.0,2294.811255525964,7.166666666666667,1124.8204307116139,61.25,1014.9720990805243,55.416666666666664
1,83,phi-0.60,2,0.0004926003718244232,1.0,2301.293398124991,7.333333333333333,1113.6925381610001,62.333333333333336,1002.7521595270528,54.583333333333336
1,83,phi-0.30,0,-0.0038869853430180813,1.0,2365.663986460642,7.083333333333333,1128.9618524280895,59.75,979.4321971871606,52.25
1,83,phi-0.30,1,0.00022737595128882127,1.0,2299.2708419200494,7.416666666666667,1118.7390040996954,60.166666666666664,1001.1078740741082,54.083333333333336
1,83,phi-0.30,2,0.0008157242664114015,1.0,3222.3973299228687,7.166666666666667,1127.0819591337383,61.166666666666664,994.0373880309631,54.416666666666664
1,83,phi+0.00,0,0.00014642284112266355,1.0,2566.642920349138,6.75,1119.5926112908467,61.083333333333336,996.7554523402127,54.25
1,83,phi+0.00,1,0.0019228897360418452,1.0,2350.6828235268817,7.0,1116.67537608371,61.0,993.3357073527255,53.25
1,83,phi+0.00,2,0.0023188087383205444,1.0,2256.638860590742,7.333333333333333,1114.96695456907,60.5,990.6784290047766,53.333333333333336
1,83,phi+0.30,0,0.004452490047008456,1.476704289143011,2290.317004251757,6.75,1119.244697569324,59.333333333333336,984.1893726864505,52.666666666666664
1,83,phi+0.30,1,-0.0044683042551294065,1.2337735285917049,2313.543505494062,7.25,1125.038335880593,62.166666666666664,990.3651762329923,54.083333333333336
1,83,phi+0.30,2,-0.006316054157428989,1.4280378138958483,2129.6698793676137,6.833333333333333,1099.0427039222593,59.916666666666664,1010.6884750174208,55.5
1,83,phi+0.60,0,0.01478857143121631,2.7654408052241357,2195.4441845116653,7.083333333333333,1133.3684144632655,61.25,984.077893429489,53.083333333333336
1,83,phi+0.60,1,0.02997566925972486,3.4371118704878922,2560.648244685319,7.333333333333333,1129.0088686534154,61.0,983.1544722561217,51.75
1,83,phi+0.60,2,0.04379464531641421,2.4342172322847855,2267.211125419936,7.333333333333333,1114.035928053059,60.416666666666664,1011.4345699479122,54.666666666666664
1,83,phi+0.90,0,0.1037479858859787,8.114105115640823,2416.6112879089037,7.333333333333333,1151.0858951746698,61.166666666666664,1010.4755256231202,53.666666666666664
1,83,phi+0.90,1,0.16193699949387624,12.93521034440105,2117.1931196561577,7.5,1124.2409418608204,60.666666666666664,1005.0524247640757,53.166666666666664
1,83,phi+0.90,2,0.10007236403742335,8.369460414806877,2214.8335161630034,7.25,1148.9628356387955,60.583333333333336,997.5884492675654,52.916666666666664
1,83,phi+0.99,0,0.42295173671731107,35.029173602687486,2700.515611433784,7.166666666666667,1209.85951254861,58.833333333333336,1019.1146658173644,53.583333333333336
1,83,phi+0.99,1,0.4883946410317464,46.49506283402398,2381.2068084166663,7.416666666666667,1210.9099474490736,59.083333333333336,1009.4780473307183,52.083333333333336
1,83,phi+0.99,2,0.48319304790942985,42.152935208596354,1985.4617017543544,7.25,1138.5568513138685,58.416666666666664,975.6047898661858,50.583333333333336
1,83,sorted,0,0.4747269546469633,47.67102075441876,1756.0269016955583,6.166666666666667,1031.2874304070722,56.666666666666664,944.7873264022315,51.666666666666664
1,85,real,0,0.40320729465775595,28.29304839105871,1877.1188342409562,6.583333333333333,1038.4587984978086,60.583333333333336,1042.252503496757,59.583333333333336
1,85,phi-0.60,0,0.004528159648989072,1.0,2615.700245539387,7.166666666666667,1077.5980039319006,62.0,1066.4733730390487,60.916666666666664
1,85,phi-0.60,1,0.009732718386569436,1.0,2924.2965502592137,7.333333333333333,1078.5124069216786,62.5,1046.5119185870224,59.833333333333336
1,85,phi-0.60,2,0.00961290541170094,1.0,2582.405497657909,7.333333333333333,1071.5842468854846,62.5,1038.9958857979525,59.333333333333336
1,85,phi-0.30,0,0.004496014704512161,1.0,2592.471071594528,7.166666666666667,1081.832974739553,62.833333333333336,1055.0827320327335,60.083333333333336
1,85,phi-0.30,1,-0.0008254347402569817,1.0,2504.1881181571807,7.25,1072.0420524699105,61.916666666666664,1054.0317441170957,61.333333333333336
1,85,phi-0.30,2,-0.0009481699828051987,1.0,2653.190030024077,7.166666666666667,1079.7605870036418,63.083333333333336,1056.9726419073183,61.583333333333336
1,85,phi+0.00,0,-0.0015150899126707724,1.0,2411.048375796869,7.25,1080.4172860336228,62.333333333333336,1059.3861130620883,60.833333333333336
1,85,phi+0.00,1,-0.002117077054692983,1.0,2575.14942530242,6.916666666666667,1088.015533105885,63.75,1053.9232160788463,61.75
1,85,phi+0.00,2,0.0067344717471772685,1.070093343158929,2966.133241289202,7.166666666666667,1076.0507754944738,61.75,1049.0897802418774,59.833333333333336
1,85,phi+0.30,0,-0.008662956657264553,1.3666617538688286,2812.43251828181,7.333333333333333,1068.7212827479832,62.75,1060.9373365271565,61.166666666666664
1,85,phi+0.30,1,-0.010524441169245878,1.330449521002211,3511.288262455367,7.083333333333333,1085.1488528545103,62.833333333333336,1072.4198824741732,61.166666666666664
1,85,phi+0.30,2,-0.007572950812729221,1.3036698599852616,2568.83336562775,7.0,1087.7157741472945,64.16666666666667,1060.9931228536827,62.0
1,85,phi+0.60,0,0.0037274583047459445,2.9973839351510683,2536.6081212082877,6.916666666666667,1072.23713345224,62.166666666666664,1061.2565761470134,61.333333333333336
1,85,phi+0.60,1,0.030381461811467156,3.6754826823876208,2098.7670075250917,6.833333333333333,1055.592086450394,62.0,1051.6582748826079,60.666666666666664
1,85,phi+0.60,2,0.012076377065704445,2.356072218128224,2404.6224922763436,7.083333333333333,1076.2845337451379,62.25,1046.3856805276819,60.25
1,85,phi+0.90,0,0.08159712516623047,8.710277573077867,2643.2204949574084,6.916666666666667,1057.8490675311493,61.416666666666664,1048.1957969017478,58.833333333333336
1,85,phi+0.90,1,0.19242997145495053,13.692365512159174,2530.940561113531,7.333333333333333,1055.4875068924514,60.916666666666664,1047.477117343811,60.166666666666664
1,85,phi+0.90,2,0.0324007487781533,5.818833210513388,2779.5384774835507,7.416666666666667,1092.5761971364993,63.416666666666664,1062.3400717848667,61.0
1,85,phi+0.99,0,0.4995895272702631,39.419801031687534,3379.0656507277768,6.916666666666667,1250.4513954035551,60.5,1134.169223741815,58.333333333333336
1,85,phi+0.99,1,0.6295866050025836,58.81285187914519,1900.3063361427905,6.583333333333333,1060.758379971776,60.75,1059.1602040460766,59.166666666666664
1,85,phi+0.99,2,0.3386573238804327,26.346919675755338,2075.925926074612,6.75,1029.6580501379221,59.666666666666664,1041.2344855314561,59.416666666666664
1,85,sorted,0,0.9180348808646523,102.25047899778924,1618.1596815974117,6.583333333333333,997.9619545700481,59.333333333333336,1015.642902337151,57.916666666666664
1,84,real,0,0.3271585115475216,33.858793865525534,1715.398704305946,8.583333333333334,965.4373149062675,57.75,942.6591134868487,54.666666666666664
1,84,phi-0.60,0,0.005885579179862022,1.0,2961.6733163872505,10.5,1051.8681496889646,62.833333333333336,1004.8020952071801,58.666666666666664
1,84,phi-0.60,1,-0.0027970021003625428,1.0,2543.3111796663266,10.166666666666666,1029.029390796679,63.166666666666664,992.7979060608164,59.416666666666664
1,84,phi-0.60,2,0.003402023612032251,1.0,2756.061649581446,10.25,1028.0579255218186,62.5,991.7287775652386,58.0
1,84,phi-0.30,0,0.01864971997780206,1.0,2761.1269487802897,10.333333333333334,1025.2812774504007,62.0,980.0602191205754,58.0
1,84,phi-0.30,1,0.0028988356590850107,1.0,2756.6957603387928,10.333333333333334,1032.6073707941846,62.416666666666664,991.7151640978532,58.166666666666664
1,84,phi-0.30,2,-0.0023008827792273677,1.0,2592.0937066317106,10.25,1036.5039930763803,62.75,986.7076758199174,59.083333333333336
1,84,phi+0.00,0,-0.0006136168043660582,1.0759447783892515,3060.2573075101905,10.333333333333334,1027.8924575947306,62.666666666666664,1000.9157963698791,58.833333333333336
1,84,phi+0.00,1,-0.00030456964607111005,1.0105524447616228,2841.6069722777333,10.25,1026.9344415787198,62.166666666666664,995.7075642130952,59.083333333333336
1,84,phi+0.00,2,-0.0003359675222595864,1.0,2901.8327392875344,10.583333333333334,1041.9928787176934,63.333333333333336,996.2122948645309,59.166666666666664
1,84,phi+0.30,0,0.0005903520186936018,1.2477686625986373,2707.104907283182,10.083333333333334,1028.2800165697242,63.0,985.721713924995,58.166666666666664
1,84,phi+0.30,1,0.009341482588816565,1.1065927944846474,2555.6697013293983,9.75,1016.5121270262347,62.083333333333336,984.2424866546693,58.833333333333336
1,84,phi+0.30,2,-0.006731271057528937,1.2784973006454785,2585.5925104274593,10.083333333333334,1032.0100960830193,63.333333333333336,996.6822711688504,59.333333333333336
1,84,phi+0.60,0,-0.0009116500479770775,1.9304423115185427,2210.387809227104,10.0,1028.305023680525,62.166666666666664,979.7812866878938,57.666666666666664
1,84,phi+0.60,1,-0.00845125000286935,1.9407932014015523,2573.486451104792,10.333333333333334,1030.1034745658883,62.333333333333336,995.6281441558373,58.833333333333336
1,84,phi+0.60,2,-0.00021481446073651594,2.3808874440102974,2379.4653955626504,9.916666666666666,1018.7927460184675,62.166666666666664,978.375154774801,57.833333333333336
1,84,phi+0.90,0,0.05796166922042281,6.063186798497341,2119.3061603071233,9.833333333333334,1006.4787283914457,60.5,987.664292083774,57.916666666666664
1,84,phi+0.90,1,0.14619578362113272,9.844980843242405,2240.730579367987,9.666666666666666,1018.6321571736986,60.833333333333336,999.8258369629572,57.666666666666664
1,84,phi+0.90,2,0.13980886381196606,10.460449708423573,2339.8103631089766,9.833333333333334,1002.3366005078669,60.5,975.3799494860251,57.25
1,84,phi+0.99,0,0.5155896599503231,34.83557951403899,1714.7372042786199,8.5,971.0300641691788,58.416666666666664,947.6873331711028,55.0
1,84,phi+0.99,1,0.20296840414705866,14.354365538536449,2755.6678620563785,9.666666666666666,1005.1704564759817,60.0,978.0463431013105,56.75
1,84,phi+0.99,2,0.16015238616708954,11.789789174193292,1716.566042718852,9.083333333333334,991.0345689591485,59.75,968.2407023547548,56.833333333333336
1,84,sorted,0,0.5212467024281976,40.56500463864441,1709.7372042786199,8.0,960.2157933074795,57.416666666666664,938.8743136490621,54.333333333333336
1,86,real,0,0.10089910713975711,9.674884630392231,2184.879601578776,6.083333333333333,1113.6107903601064,61.416666666666664,982.7552485441512,54.0
1,86,phi-0.60,0,0.004732331925172823,1.0,1978.4531305068824,6.166666666666667,1130.754726936905,59.25,993.9170718960864,53.666666666666664
1,86,phi-0.60,1,0.008442498934495342,1.0,2191.3920627179346,6.333333333333333,1124.9988211996995,59.25,988.4664764599074,53.916666666666664
1,86,phi-0.60,2,0.010220696333029092,1.0,2233.9178281383824,6.0,1126.6880461572473,59.083333333333336,1002.4475664393694,54.916666666666664
1,86,phi-0.30,0,0.00219562210145019,1.0,2300.579694159164,6.25,1120.7613518873568,58.833333333333336,989.6689651590165,53.083333333333336
1,86,phi-0.30,1,-0.0018049243787379623,1.0,2137.1267780847425,6.166666666666667,1133.887529881882,60.416666666666664,973.502949256383,53.916666666666664
1,86,phi-0.30,2,-0.0008969694037105508,1.0,2192.788200937692,6.333333333333333,1125.721211188302,59.75,985.9156394936954,53.833333333333336
1,86,phi+0.00,0,-0.005114913043006895,1.020026470165193,2802.685691166192,6.333333333333333,1150.9275437099766,59.75,1001.5505850156204,53.5
1,86,phi+0.00,1,-0.004869587221795203,1.0,3359.510674082148,6.25,1147.1264802178948,56.666666666666664,989.3962027798343,54.083333333333336
1,86,phi+0.00,2,0.004471116622129869,1.0,2018.6021786934914,6.416666666666667,1124.408351827591,60.0,986.572732861317,54.166666666666664
1,86,phi+0.30,0,-0.0016652932736674294,1.962586677601843,2329.0240999301327,6.166666666666667,1130.5061710324746,60.25,1008.2174067847242,54.916666666666664
1,86,phi+0.30,1,0.002811213870860586,1.9111062898651188,2086.206315522713,6.083333333333333,1134.9200515547707,59.333333333333336,985.0802718512233,55.0
1,86,phi+0.30,2,0.00059288997922841,1.884661123726626,2338.34532492725,6.25,1139.5916926793627,59.416666666666664,986.1031413089817,53.5
1,86,phi+0.60,0,0.046976186111840804,4.5300153373659455,2185.7626168124375,6.333333333333333,1136.0850314045633,59.416666666666664,988.0971096371271,53.583333333333336
1,86,phi+0.60,1,0.03977425154908188,4.678613495458059,2286.2246986709833,6.416666666666667,1150.5095481227893,59.0,1007.9743770810092,54.083333333333336
1,86,phi+0.60,2,0.022479854144610203,4.075861137854968,3698.8027167792975,6.25,1193.1925836818327,59.833333333333336,1021.3478550668982,54.333333333333336
1,86,phi+0.90,0,0.3262560832190504,21.80130696175567,2210.561676956705,6.25,1171.7224803936842,60.083333333333336,993.004035907719,53.25
1,86,phi+0.90,1,0.29483655141115045,22.269916461512473,2133.502038562456,6.083333333333333,1118.407989678655,57.916666666666664,992.9269232617286,53.083333333333336
1,86,phi+0.90,2,0.11046588225034018,11.485201123723309,2273.638397177706,6.25,1152.8725739471195,59.166666666666664,995.3392512371394,53.0
1,86,phi+0.99,0,0.7475223924584368,76.7289559991583,4159.803909751097,6.333333333333333,1463.4020555417349,57.916666666666664,1101.059168631048,52.25
1,86,phi+0.99,1,0.7203993668599726,69.84012659896227,1913.6790429924442,6.25,1096.8875109924736,56.666666666666664,989.0807695032881,54.083333333333336
1,86,phi+0.99,2,0.7677186272135744,74.50546062930778,2136.24322815177,6.0,1123.7709130234412,57.416666666666664,984.0804564103055,53.25
1,86,sorted,0,0.8649420207024705,96.55589881363987,1739.205679468415,6.333333333333333,1024.2852361655334,56.916666666666664,962.1512044642328,52.833333333333336
1,87,real,0,0.16100339877395656,16.409936148751683,2592.573205342202,7.583333333333333,1244.5781065748395,63.75,1073.062948776097,56.583333333333336
1,87,phi-0.60,0,-0.0006189873300412812,1.0,2274.765487300323,8.666666666666666,1112.351014751024,64.0,1034.711889847563,58.833333333333336
1,87,phi-0.60,1,0.0013485712101918865,1.0,2322.2837312450138,8.25,1136.4944726518122,64.75,1024.8300948609328,57.833333333333336
1,87,phi-0.60,2,0.006477452479614639,1.0,2087.1444496381923,8.083333333333334,1100.9311612489269,64.16666666666667,1006.2115001686174,56.75
1,87,phi-0.30,0,-0.0010540713044032584,1.0,2362.0296702166656,8.166666666666666,1125.1984746601863,65.58333333333333,1028.3083156613654,57.833333333333336
1,87,phi-0.30,1,0.0010696736153635955,1.0,2885.307204425484,8.583333333333334,1129.8747663771906,64.83333333333333,1037.6984853554322,58.0
1,87,phi-0.30,2,0.006412785186599612,1.0,2385.7306375460325,8.583333333333334,1137.2521090085202,64.41666666666667,1055.0126769898698,59.333333333333336
1,87,phi+0.00,0,-0.005588317086570486,1.0,1994.813949056171,8.25,1123.7702086696443,64.33333333333333,1031.0367035838487,57.916666666666664
1,87,phi+0.00,1,0.004072562760612544,1.0,2112.2577987933555,8.0,1143.0649988419448,64.91666666666667,1028.2483288821513,57.5
1,87,phi+0.00,2,0.00844439532286573,1.0,2000.4575982865272,8.0,1133.7980205338918,64.16666666666667,1027.8244394290198,56.25
1,87,phi+0.30,0,-0.0013789210344178633,1.4124337234663267,2250.4438398599455,8.333333333333334,1149.2110217781687,65.58333333333333,1050.6350045213796,59.833333333333336
1,87,phi+0.30,1,-0.0027192211051093123,1.1889112876805956,2419.946066431979,8.25,1128.935353225728,64.91666666666667,1047.797106048518,57.583333333333336
1,87,phi+0.30,2,0.005704176484284005,1.206498627793279,2229.7943225631434,8.166666666666666,1096.9991813598933,64.75,1026.2858090930936,57.333333333333336
1,87,phi+0.60,0,-0.0062452717382925045,1.9861670576948802,2425.564441631062,8.333333333333334,1126.4990233255214,64.33333333333333,1016.4683178006211,57.75
1,87,phi+0.60,1,0.00959797080202289,2.1233093944957266,2122.886364672239,7.583333333333333,1126.9870759527855,65.0,1031.0526977453621,57.833333333333336
1,87,phi+0.60,2,0.00014116374940947556,1.9021320835702227,2087.657335073048,8.25,1141.9204792875335,65.25,1043.3381389372878,58.0
1,87,phi+0.90,0,0.10347599251575998,8.307968983420235,2239.595876067779,7.333333333333333,1109.6079236727408,64.08333333333333,1020.1246082177485,56.916666666666664
1,87,phi+0.90,1,0.176684314686077,13.225064174542558,2289.9371423967546,7.75,1158.8270091849524,63.5,1036.5485377697987,55.666666666666664
1,87,phi+0.90,2,0.10190600223688077,8.343072819199266,2264.9260767786195,7.666666666666667,1146.9999441822881,63.333333333333336,1036.8865427758014,56.916666666666664
1,87,phi+0.99,0,0.28521493265024533,24.12836679091485,2409.890522207576,7.333333333333333,1193.7412714347045,62.083333333333336,1041.661429202113,56.583333333333336
1,87,phi+0.99,1,0.26279983308677013,24.431940559318214,2186.1570414293537,7.5,1104.3215280593092,62.666666666666664,998.9363202419394,55.416666666666664
1,87,phi+0.99,2,0.34347830760807474,31.951870492070054,1837.5803165927516,7.833333333333333,1095.0472457934904,62.916666666666664,1012.6661767968848,56.333333333333336
1,87,sorted,0,0.33154586599913133,34.28411626804807,1714.350401108216,7.333333333333333,1027.3737934275282,60.083333333333336,973.1030385473679,54.666666666666664
1,88,real,0,0.007253377980789455,2.361697653508136,1861.985755701684,7.916666666666667,969.4804642205648,56.25,1033.1077291878964,63.166666666666664
1,88,phi-0.60,0,0.0008755628856685706,1.0,2045.9559321371732,7.833333333333333,988.1848036676353,56.833333333333336,1047.1463980901997,62.416666666666664
1,88,phi-0.60,1,0.006215329626714321,1.0,2065.485568623892,8.0,967.3507227262563,55.416666666666664,1030.3069568053004,62.083333333333336
1,88,phi-0.60,2,0.00017969667601157977,1.0,2149.2129404334955,7.916666666666667,997.5083486164817,57.833333333333336,1041.2414324455692,62.25
1,88,phi-0.30,0,0.004354893933953654,1.0,2013.642791415297,7.916666666666667,967.3687944120496,56.0,1042.585713936546,63.0
1,88,phi-0.30,1,-0.004193908716088901,1.0,2406.6837544682376,7.916666666666667,968.7364580726058,55.833333333333336,1038.2524627561754,61.916666666666664
1,88,phi-0.30,2,-0.004872522044514769,1.0,2216.9555416178805,7.916666666666667,979.3701768015281,56.416666666666664,1034.4441475099295,62.083333333333336
1,88,phi+0.00,0,0.0016289386994294672,1.213620674652667,2375.712370218241,8.0,958.5668806682656,55.083333333333336,1038.9318467105559,62.666666666666664
1,88,phi+0.00,1,-0.0027245383312346524,1.0,2346.4443190223537,7.833333333333333,972.7479001157291,56.75,1041.8565453181743,62.333333333333336
1,88,phi+0.00,2,0.0014880401693749708,1.0320696889713916,2409.6714059388687,8.083333333333334,983.202867732698,57.666666666666664,1040.7462185216098,62.25
1,88,phi+0.30,0,0.00910231175272937,1.2914841778577022,2108.025522802881,7.833333333333333,980.5840929071164,56.333333333333336,1038.3475726169788,62.25
1,88,phi+0.30,1,-0.006850852425688404,1.2481436899962295,2190.270581027536,8.166666666666666,968.9827776816729,55.5,1034.9289474766917,62.833333333333336
1,88,phi+0.30,2,-0.0011228958569414248,1.5676683006062013,1936.1289479189088,7.833333333333333,965.5506378640026,56.583333333333336,1037.0770168628874,63.083333333333336
1,88,phi+0.60,0,0.009378357852428042,1.9244061258230127,2112.232350643872,7.916666666666667,970.2394781659253,56.75,1027.2644704613224,62.166666666666664
1,88,phi+0.60,1,0.021705541492095866,2.108528874322012,2109.0793390180806,7.75,969.7214668763854,56.583333333333336,1026.4303114607758,62.0
1,88,phi+0.60,2,0.020914784435667425,2.3962206688516985,1984.7768471805018,7.75,968.6817699757561,55.083333333333336,1035.1975172660843,61.666666666666664
1,88,phi+0.90,0,0.14297029270554848,13.075289323316992,1694.2630562420106,7.416666666666667,961.2984772440714,55.333333333333336,1014.5332604365088,60.75
1,88,phi+0.90,1,0.08251332139133903,7.921549148707835,2009.972607640174,7.75,962.2650766880744,55.166666666666664,1033.2556794255993,61.833333333333336
1,88,phi+0.90,2,0.13677075738314964,10.33688400962961,1896.195336974124,7.416666666666667,953.8461928642215,55.333333333333336,1018.3416610036321,61.5
1,88,phi+0.99,0,0.42472997157191916,27.868709574498933,2093.4662334066575,7.25,1031.5513843652132,55.083333333333336,1081.6197532245878,61.333333333333336
1,88,phi+0.99,1,0.42763708205937057,37.37565623459117,1718.658456575073,7.5,928.6925589347258,53.25,993.2770093015669,59.25
1,88,phi+0.99,2,0.3764822892089646,27.758911738260288,2192.0747869410106,7.166666666666667,1004.6202050124431,54.416666666666664,1074.7256377843125,61.5
1,88,sorted,0,0.7494579511445078,76.42969225860716,1652.8819457209017,6.833333333333333,920.9159282509435,52.333333333333336,972.1378431330571,58.0
1,89,real,0,-0.002525324149985887,1.016920194462256,1982.2741072727842,6.0,1117.1107477223647,49.5,965.2519416877584,49.333333333333336
1,89,phi-0.60,0,0.0021798619689403897,1.0,1981.0169171292237,6.0,1114.3683252739008,49.416666666666664,966.4072797774662,49.666666666666664
1,89,phi-0.60,1,-0.0009569290263002112,1.0,1983.2212617427792,6.0,1113.0366214457065,49.333333333333336,965.6193351097345,49.583333333333336
1,89,phi-0.60,2,-1.5891503367255864e-05,1.0,1981.576642714762,6.0,1113.925153382516,49.583333333333336,965.0176896829043,49.5
1,89,phi-0.30,0,-0.0006432498519892261,1.0,1983.0912846278304,6.0,1112.0077526149428,49.583333333333336,964.9772926180626,49.5
1,89,phi-0.30,1,-0.004721078370162786,1.0,1981.0169171292237,6.0,1114.1716838343114,49.666666666666664,965.0406447588007,49.5
1,89,phi-0.30,2,-0.0006432498519892264,1.0,1980.3577424312007,6.0,1112.491697123726,49.416666666666664,966.6501608834865,49.666666666666664
1,89,phi+0.00,0,-0.004449076838445904,1.0,1983.6964285548647,6.0,1114.1505787206522,49.583333333333336,965.6859255670116,49.5
1,89,phi+0.00,1,0.005630332138491974,1.0,1981.0169171292237,6.0,1112.8110836989144,49.583333333333336,965.2037302513119,49.5
1,89,phi+0.00,2,-0.0009327998647983662,1.0,1981.0169171292237,6.0,1114.5444567696825,49.5,965.6863673991783,49.5
1,89,phi+0.30,0,-0.003466361672918839,1.18066072345259,1981.6826528559177,6.0,1112.2959854872622,49.5,965.1513712066006,49.583333333333336
1,89,phi+0.30,1,-0.0006432498519892264,1.0169202378386726,1982.9176626897772,6.0,1113.5621555090606,49.583333333333336,965.0044545085161,49.583333333333336
1,89,phi+0.30,2,-0.001623771457379747,1.0,1982.5843366909276,6.0,1112.317306718414,49.5,964.0314030763124,49.5
1,89,phi+0.60,0,-0.007544190191092399,1.1988541155626273,1981.0169171292237,6.0,1112.5696820283347,49.75,965.3722766027942,49.5
1,89,phi+0.60,1,-0.0006761532540372048,1.0169202378386726,1981.0169171292237,6.0,1112.8929705427006,49.583333333333336,965.2873143900987,49.5
1,89,phi+0.60,2,-0.0044359154776267085,1.0351136299487098,1982.2741072727842,6.0,1114.6907801115428,49.5,963.9181706250343,49.333333333333336
1,89,phi+0.90,0,0.0034345786661843297,1.4522875177598586,1977.5808633607091,6.0,1111.0281066396808,49.333333333333336,964.9176797631702,49.5
1,89,phi+0.90,1,0.0040619370148062975,1.705720030261582,1982.2459133796028,6.0,1118.591473573783,50.166666666666664,964.6624718864127,49.416666666666664
1,89,phi+0.90,2,-0.0003295706776782411,1.2521602479258667,1981.0169171292237,6.0,1113.426116104096,49.583333333333336,965.1814852233664,49.5
1,89,phi+0.99,0,0.012844952399775383,1.500484128822995,1981.0169171292237,6.0,1114.92771978687,49.5,964.3508873696259,49.416666666666664
1,89,phi+0.99,1,0.011590235702531442,2.1021444307693815,1981.0169171292237,6.0,1112.1072847376004,49.416666666666664,965.1169792873171,49.5
1,89,phi+0.99,2,0.013472310748397352,2.156724607099493,1981.0834907018932,6.0,1111.5969213654694,49.416666666666664,964.9645056857079,49.5
1,89,sorted,0,0.016295422268087213,2.272887752948307,1954.3181841648332,6.0,1108.9152730484914,49.333333333333336,971.9663282841216,50.0
1,90,real,0,0.0006032892548482317,1.3222208072025325,2453.19593002349,6.0,1098.1692489417626,60.916666666666664,975.692826856021,54.416666666666664
1,90,phi-0.60,0,0.006631644674865946,1.0,1870.1652997602796,6.0,1102.8960624288031,61.583333333333336,979.5220593655553,55.416666666666664
1,90,phi-0.60,1,0.006047976681198141,1.0,2186.839711896612,6.0,1082.1349395109485,61.083333333333336,991.6359232368436,56.5
1,90,phi-0.60,2,0.008174806922151466,1.0,2146.661343574612,6.0,1109.912696224391,61.0,978.1450908557405,53.916666666666664
1,90,phi-0.30,0,-0.0002739162961910921,1.0,2165.5032918795137,6.0,1108.0689028461998,62.333333333333336,977.0435154971686,54.416666666666664
1,90,phi-0.30,1,0.0030593017812622623,1.0,2299.3526069826585,6.0,1114.6942511546097,61.416666666666664,980.362860951462,54.416666666666664
1,90,phi-0.30,2,-0.0019726577007131356,1.0,2918.1208593651913,6.0,1096.2683394143614,62.0,992.8040755583226,54.75
1,90,phi+0.00,0,-0.00414394952894228,1.0,2163.300989992366,6.0,1121.9506813283913,62.833333333333336,982.4367970911611,55.166666666666664
1,90,phi+0.00,1,-0.004141102151965237,1.0,2179.4504155532177,6.0,1102.0677197798336,62.0,970.0387994094152,54.25
1,90,phi+0.00,2,0.004697523392340014,1.0,2337.3205570055748,6.0,1101.3207206786312,60.75,983.4879991019743,54.416666666666664
1,90,phi+0.30,0,0.007863301827849944,1.405679759129769,2283.207495978589,6.0,1098.227686423673,59.0,963.3251381619594,54.0
1,90,phi+0.30,1,-0.0035715749572086336,1.555172968255186,2167.3381942472597,6.0,1113.7310376019175,62.416666666666664,976.2225986280064,55.166666666666664
1,90,phi+0.30,2,-0.00519998712320628,1.6136151159670198,2077.1356201654908,6.0,1096.422694609885,62.333333333333336,976.5378903005221,54.75
1,90,phi+0.60,0,0.006808014925059682,3.250388360224381,3141.2655571797873,6.0,1108.9146832995189,61.75,990.8797761010223,54.916666666666664
1,90,phi+0.60,1,0.033203599747126306,3.0447318397152885,2658.95636095077,6.0,1103.3010367094603,60.833333333333336,989.7133590813552,54.583333333333336
1,90,phi+0.60,2,0.04620270984098022,4.650589766159282,2882.908683436101,6.0,1109.617210469988,61.833333333333336,982.9858553357498,54.583333333333336
1,90,phi+0.90,0,0.2995654956942732,20.19420487048372,2058.409815512608,6.0,1127.1498334234586,61.5,991.6053068869305,55.166666666666664
1,90,phi+0.90,1,0.19891445507683922,14.229306296513519,2151.65145934632,6.0,1114.4630454773808,60.416666666666664,992.3204168642636,55.166666666666664
1,90,phi+0.90,2,0.17103560721999728,12.376006407154131,3037.9529712030076,6.0,1151.2792413263562,62.166666666666664,976.3877640963829,53.5
1,90,phi+0.99,0,0.7369729095034485,63.73480410303908,2243.0498119059594,6.0,1188.25962369989,59.916666666666664,1009.0096373062061,54.75
1,90,phi+0.99,1,0.7139084858814095,70.26082249927616,1957.4700620611231,6.0,1094.5448485080499,60.416666666666664,990.4483606437589,54.333333333333336
1,90,phi+0.99,2,0.7533469099643502,77.64051143128407,2194.7103354436367,6.0,1098.8024883994033,60.0,968.4997978453715,53.833333333333336
1,90,sorted,0,0.9758749806316482,115.38920804218705,1731.039050835401,6.0,1029.4701130011565,60.333333333333336,947.790815430651,54.0
1,94,real,0,-0.002940680822379508,1.0,1762.3300015148995,8.916666666666666,934.6424437120298,53.0,915.1922345083717,51.5
1,94,phi-0.60,0,0.005705068977139338,1.0,1760.6633348482328,8.75,935.0361864174498,52.666666666666664,914.2725132426426,51.333333333333336
1,94,phi-0.60,1,-0.002940680822379508,1.0,1763.996668181566,9.083333333333334,935.6161676459702,53.083333333333336,917.1878363028662,51.583333333333336
1,94,phi-0.60,2,-0.002940680822379508,1.0,1763.1633348482328,9.0,935.4934219284074,53.083333333333336,915.0927025063023,51.5
1,94,phi-0.30,0,-0.002940680822379508,1.0,1765.6633348482328,9.25,937.9757770453631,53.333333333333336,918.5358947530085,51.833333333333336
1,94,phi-0.30,1,0.005705068977139339,1.0,1757.3300015148995,8.416666666666666,929.6424437120298,52.5,912.6102772511375,51.166666666666664
1,94,phi-0.30,2,-0.002940680822379508,1.0,1761.496668181566,8.833333333333334,933.2732575378509,52.833333333333336,914.259369172969,51.416666666666664
1,94,phi+0.00,0,-0.002940680822379508,1.0,1766.496668181566,9.333333333333334,936.9697271219678,53.166666666666664,920.0927025063023,52.0
1,94,phi+0.00,1,-0.002940680822379508,1.0,1765.9652481980281,9.25,937.1458368892686,53.166666666666664,916.0725283941925,51.416666666666664
1,94,phi+0.00,2,-0.0022389967806794274,1.0,1761.9437055117949,9.0,935.523623182734,53.083333333333336,917.7118529538328,51.333333333333336
1,94,phi+0.30,0,-0.002940680822379508,1.0,1764.8300015148995,9.166666666666666,938.0210405456506,53.333333333333336,918.3907215400881,51.75
1,94,phi+0.30,1,-0.002213936636332996,1.0,1763.996668181566,9.083333333333334,935.4757770453631,53.083333333333336,915.9260358396356,51.583333333333336
1,94,phi+0.30,2,0.005705068977139338,1.0,1759.8300015148995,8.666666666666666,930.7363917515704,52.583333333333336,912.7012215579839,51.25
1,94,phi+0.60,0,0.005705068977139338,1.0,1760.6633348482328,8.75,933.1892593362768,52.75,917.8024726571521,51.583333333333336
1,94,phi+0.60,1,-0.002940680822379508,1.4956353218739467,1757.3300015148995,8.416666666666666,930.5210405456506,52.583333333333336,913.4260358396356,51.333333333333336
1,94,phi+0.60,2,-0.0021136960589472702,1.4956353218739467,1757.3300015148995,8.416666666666666,932.6951792877225,52.583333333333336,910.2584564544504,51.083333333333336
1,94,phi+0.90,0,0.03164231837569588,2.492719919110212,1745.6633348482328,7.25,917.2788253627665,51.25,899.6794697806254,49.916666666666664
1,94,phi+0.90,1,0.02299656857617703,1.0,1753.996668181566,8.083333333333334,925.6897750218196,52.083333333333336,909.259369172969,50.916666666666664
1,94,phi+0.90,2,-0.002940680822379508,1.9970888102460398,1753.996668181566,8.083333333333334,928.7201665581148,52.333333333333336,909.549622068927,50.75
1,94,phi+0.99,0,0.048933817974733555,1.0,1743.996668181566,7.083333333333333,917.2539292701218,51.25,898.5534430316711,49.833333333333336
1,94,phi+0.99,1,0.014350818776658184,1.4956353218739467,1753.996668181566,8.083333333333334,923.2659816836407,51.833333333333336,906.0239479931448,50.583333333333336
1,94,phi+0.99,2,0.03312086689213532,2.492719919110212,1744.8300015148995,7.166666666666667,917.305181295932,51.25,897.6517813766703,49.75
1,94,sorted,0,0.025828364887323783,3.9999747219413546,1743.1633348482328,7.0,918.0012380216937,51.333333333333336,896.7657509148839,49.666666666666664
1,92,real,0,0.14893319485128495,16.268639169280718,1763.8368905774016,7.583333333333333,1098.281511371884,64.25,975.911789885584,55.083333333333336
1,92,phi-0.60,0,0.006701480850009337,1.0,2993.218683756102,8.083333333333334,1119.7110461184677,64.0,1007.7653147066118,56.25
1,92,phi-0.60,1,0.004232065977304496,1.0,2071.4108872171455,7.25,1117.036463130903,62.5,1002.9274992580143,57.25
1,92,phi-0.60,2,0.0024257601634824085,1.0,2125.256250832828,7.666666666666667,1108.8286797458316,64.58333333333333,994.161332160954,57.083333333333336
1,92,phi-0.30,0,-0.006035445989949844,1.0,2845.0033535904354,7.666666666666667,1134.4441008356955,64.75,1005.5934324676397,57.333333333333336
1,92,phi-0.30,1,-0.004305335639538784,1.0,2314.186108790815,7.583333333333333,1121.8216739739908,64.83333333333333,1011.928616750397,57.5
1,92,phi-0.30,2,0.0050863584308797494,1.0,2318.2798196079625,7.833333333333333,1145.3384089259087,65.66666666666667,1008.7729412378222,57.75
1,92,phi+0.00,0,-0.008241713361982041,1.0054440490566536,2807.588290860085,7.583333333333333,1140.9619115830212,65.16666666666667,996.689906864253,57.0
1,92,phi+0.00,1,-0.005138876087125554,1.0782163461104792,2294.4019571829335,7.666666666666667,1129.151258656585,65.41666666666667,989.9917060565641,55.416666666666664
1,92,phi+0.00,2,-0.004885069275927061,1.0,2276.133850815738,7.833333333333333,1102.0766723916056,63.5,988.0894231421443,54.916666666666664
1,92,phi+0.30,0,-0.003821943813998563,1.5120632893189088,2210.8651763870007,7.75,1102.9597094031112,63.5,1010.335713978092,57.083333333333336
1,92,phi+0.30,1,-0.003411479525759363,1.5395290480269943,2630.9298071190065,7.666666666666667,1134.4733831025999,65.5,1016.9971521988996,57.833333333333336
1,92,phi+0.30,2,-0.001381510222319996,1.2183162633067082,2355.7973447988024,7.583333333333333,1102.7995334951952,63.25,999.5020658411901,56.916666666666664
1,92,phi+0.60,0,0.0011341751085878443,2.3762434529020866,2300.6535236868935,7.666666666666667,1123.520498598202,63.583333333333336,985.79862688593,56.416666666666664
1,92,phi+0.60,1,0.00550163126641041,2.921361027698902,2252.9864226608656,7.583333333333333,1146.3830535318214,65.16666666666667,999.3955208708688,55.833333333333336
1,92,phi+0.60,2,0.001657119566883282,2.009336808528585,2219.495613727969,7.25,1127.439858968238,65.75,1000.6528334863857,57.0
1,92,phi+0.90,0,0.22739377142706776,15.821625157081925,1971.7047295872273,7.166666666666667,1128.9972152041512,63.333333333333336,1010.0181849704072,56.916666666666664
1,92,phi+0.90,1,0.1198904395889177,9.465660877916129,2261.4463440766,7.666666666666667,1126.5976526569127,63.333333333333336,1003.6677625587653,56.416666666666664
1,92,phi+0.90,2,0.2796058198715912,28.510201922957908,2101.19859502794,6.833333333333333,1133.0173799271022,63.333333333333336,994.5861496310417,56.166666666666664
1,92,phi+0.99,0,0.5380665517949275,55.97790311110685,2266.3631566079525,6.833333333333333,1156.6145671620309,58.666666666666664,1002.8459465308241,55.166666666666664
1,92,phi+0.99,1,0.4597876515960873,33.87590286735565,3124.881561666554,7.0,1179.169949133544,61.333333333333336,1022.9790566000064,54.5
1,92,phi+0.99,2,0.3892123460056335,32.31066618560125,2675.0292892911934,7.333333333333333,1172.839024738413,61.916666666666664,1023.4478814870484,56.0
1,92,sorted,0,0.5485776572436195,57.167115056746105,1653.5305276665752,7.5,1008.7863154110115,57.916666666666664,961.2438508294262,54.5
1,95,real,0,0.013278896238039843,1.0,2142.323212098065,6.0,1084.3169341195364,50.416666666666664,947.8072483964391,49.166666666666664
1,95,phi-0.60,0,0.0024414120507421167,1.0,2058.1876944977953,6.0,1068.8939916689844,49.25,948.2304390901476,49.5
1,95,phi-0.60,1,0.001591118789250881,1.0,2049.9369509911726,6.0,1074.9730980275697,49.916666666666664,941.2858461774077,49.25
1,95,phi-0.60,2,0.006170797865909781,1.0,2070.2285499064706,6.0,1075.2770819101288,50.333333333333336,950.7069769939767,50.416666666666664
1,95,phi-0.30,0,-0.004085076364591817,1.0,2056.6268268429208,6.0,1069.2748205242713,49.583333333333336,948.1131208959733,50.25
1,95,phi-0.30,1,0.0020313976920581915,1.0,2070.9418341820106,6.0,1075.005605446238,50.333333333333336,943.1141501998703,49.416666666666664
1,95,phi-0.30,2,-0.0016345543545273635,1.0,2096.071520613368,6.0,1079.2977374813745,50.5,938.91260576042,49.5
1,95,phi+0.00,0,-0.004205862199897181,1.0,2070.2032474137686,6.0,1066.6181619029837,48.833333333333336,937.3207806324343,48.833333333333336
1,95,phi+0.00,1,-0.0010184251471432213,1.0,2064.1076448011004,6.0,1084.3306929901296,50.583333333333336,941.6692964156717,49.0
1,95,phi+0.00,2,-0.0008245138381355308,1.0,2047.1690772246632,6.0,1071.2110024352185,49.833333333333336,940.8384637179315,49.25
1,95,phi+0.30,0,-0.004691021420620272,1.2751347287873318,2048.219684058668,6.0,1066.6644049224244,49.5,946.2928143247265,49.416666666666664
1,95,phi+0.30,1,-0.0037208026369751003,1.1881908547182003,2046.7416601098982,6.0,1062.765131570082,50.25,944.522816950081,49.166666666666664
1,95,phi+0.30,2,0.0039056963414421837,1.4873049555547198,2093.9345443793914,6.0,1059.2083644983088,50.0,944.0031304307644,49.083333333333336
1,95,phi+0.60,0,0.011708124060148482,1.7409639242584314,2051.8661075821806,6.0,1073.9501326630023,50.166666666666664,944.3723979111506,49.25
1,95,phi+0.60,1,0.02801495215713176,3.1366766285790653,2050.374265697829,6.0,1055.4733521829205,49.25,939.0933265903715,48.5
1,95,phi+0.60,2,0.018883198463776004,1.8678022917437909,2055.2348731055404,6.0,1073.1406232411514,50.166666666666664,943.8858040522218,49.416666666666664
1,95,phi+0.90,0,0.04446035570392759,5.070570339708352,2102.596684757664,6.0,1080.217569584279,49.916666666666664,941.702983485858,49.0
1,95,phi+0.90,1,0.060980136285950545,6.097202480557103,2032.316118687528,6.0,1074.3063800087225,50.666666666666664,947.2420211914579,50.083333333333336
1,95,phi+0.90,2,0.0966155158025542,7.866274539672949,2029.6812908780541,6.0,1068.5872531367033,49.833333333333336,939.8032609978659,49.25
1,95,phi+0.99,0,0.27869219123479755,23.04463076080997,2057.262859817982,6.0,1073.8693266647385,51.416666666666664,953.1551758299389,50.833333333333336
1,95,phi+0.99,1,0.26917197648689495,30.847459783706658,2115.687299740545,6.0,1059.1571867994328,49.0,938.4784711094695,48.916666666666664
1,95,phi+0.99,2,0.30612902157737193,23.83441001189569,2043.6632220591953,6.0,1058.2210250579492,49.583333333333336,945.9891216782063,49.666666666666664
1,95,sorted,0,0.38393152714887663,41.88799658000669,1990.426898996145,6.0,1045.229648843737,48.75,937.0625736760907,49.833333333333336
1,97,real,0,0.7004224378927962,54.58765668896961,1808.2759819991488,6.75,1007.8729101347366,59.833333333333336,973.1453206935822,55.666666666666664
1,97,phi-0.60,0,0.00024902847115107317,1.0,2726.232515980108,7.333333333333333,1062.5252222161387,63.666666666666664,1014.9152630431836,59.75
1,97,phi-0.60,1,0.0051911123359514,1.0,2642.6682205004377,7.333333333333333,1091.998929163424,64.5,1003.9738360283383,57.916666666666664
1,97,phi-0.60,2,0.010117376040169398,1.0,3065.3552697343052,7.333333333333333,1078.1155971634241,61.833333333333336,995.9710092892078,56.416666666666664
1,97,phi-0.30,0,-0.003696898732310039,1.0,2915.8301813604025,7.166666666666667,1076.3071869538874,63.416666666666664,1023.124012161632,59.25
1,97,phi-0.30,1,0.0029170704023474673,1.0,2701.215610309949,7.333333333333333,1074.6247719154153,63.25,999.4978579679984,57.583333333333336
1,97,phi-0.30,2,-0.003279999885034132,1.0,2725.7557475545527,7.166666666666667,1072.999876673274,63.916666666666664,1015.793248519947,58.583333333333336
1,97,phi+0.00,0,-0.0011136573342090893,1.0,2957.5787413449016,7.25,1076.7548199963396,64.08333333333333,986.3208248278034,56.75
1,97,phi+0.00,1,-0.0032509060170603076,1.0,2566.571225037643,7.0,1083.05344559764,63.5,1020.9950716376317,58.416666666666664
1,97,phi+0.00,2,-0.002708105327884415,1.0577171936381398,2760.822744863415,6.833333333333333,1075.2157243837166,63.333333333333336,1000.6037610076642,57.083333333333336
1,97,phi+0.30,0,-0.007434387974753827,1.3829207889026947,2627.868100416444,7.333333333333333,1057.2299888852494,62.416666666666664,1008.8217099293738,58.166666666666664
1,97,phi+0.30,1,0.009091485435785189,1.5522934458817528,2598.085125427765,7.0,1056.6882875593042,62.5,1003.9832854004579,58.0
1,97,phi+0.30,2,0.0028438158242099533,1.351084783999775,2819.679153229807,7.5,1054.7821923147455,61.666666666666664,1005.3561524345558,57.833333333333336
1,97,phi+0.60,0,0.017635238390866736,2.6040173791893815,2613.693656964892,7.25,1085.6900613274013,63.083333333333336,992.9893259258616,57.75
1,97,phi+0.60,1,0.014529098758927729,2.4830008676422475,2714.2061683547986,7.25,1063.5431483292334,63.416666666666664,1001.5807680622511,57.166666666666664
1,97,phi+0.60,2,0.018605969262970087,3.071750822500028,2566.278468394336,7.083333333333333,1077.3988023064555,65.25,990.9196794624768,57.166666666666664
1,97,phi+0.90,0,0.2904283274607254,19.633310782490316,2575.950245334903,7.083333333333333,1092.2857355083436,63.0,1035.8680168073533,56.75
1,97,phi+0.90,1,0.09599902853625523,8.086299505609684,2520.683551737157,7.25,1067.3142536053056,64.75,1015.9571347028026,57.166666666666664
1,97,phi+0.90,2,0.08243130086818004,7.430940483611083,2479.677179505243,6.833333333333333,1070.2428738845877,64.08333333333333,1005.4739074162973,57.166666666666664
1,97,phi+0.99,0,0.39818802305749323,34.977703517886546,2737.9029425377635,6.833333333333333,1215.665963983591,60.666666666666664,1086.269283895926,57.5
1,97,phi+0.99,1,0.5538165181588754,41.09163411265234,1795.8067276268046,6.583333333333333,1024.951438175405,60.833333333333336,969.8368418873432,55.416666666666664
1,97,phi+0.99,2,0.5049101402415681,39.69422353306746,1856.942947765865,6.5,1036.3236070919313,59.583333333333336,983.1994687995075,55.083333333333336
1,97,sorted,0,0.8989409020227462,96.93424168275027,1734.1214625831997,6.5,989.0150459995456,59.25,953.5472166925568,54.833333333333336
1,98,real,0,0.34983975176656534,38.528274183473314,1727.9940245232071,7.166666666666667,1080.558292917169,65.08333333333333,1006.2593715157335,57.833333333333336
1,98,phi-0.60,0,0.007417618894934293,1.0,2283.1786594524624,7.666666666666667,1117.4240173034357,66.83333333333333,1037.6674318209286,59.166666666666664
1,98,phi-0.60,1,0.0068192909053333105,1.0,2317.7505450012914,7.833333333333333,1141.067838792651,67.41666666666667,1033.55634374867,59.083333333333336
1,98,phi-0.60,2,0.007606725904535171,1.0,2596.47732019131,7.416666666666667,1120.807058137828,66.33333333333333,1035.5740055958363,58.666666666666664
1,98,phi-0.30,0,0.0004105322858639485,1.0,1935.265452002164,7.166666666666667,1133.954136255518,66.25,1035.0564018544744,58.5
1,98,phi-0.30,1,0.0026207195136454704,1.0,3831.3362048543695,7.5,1151.5354946405375,68.16666666666667,1065.4440279303467,60.166666666666664
1,98,phi-0.30,2,-0.005505315147291344,1.0,2350.5267521426263,7.0,1164.233945674885,68.16666666666667,1036.6086629627234,58.916666666666664
1,98,phi+0.00,0,0.0019950527643648954,1.0,2065.1565354956397,7.25,1138.1106093213173,67.91666666666667,1035.7804410704523,59.083333333333336
1,98,phi+0.00,1,-0.0036876605226964705,1.0,2494.1944141667605,7.416666666666667,1140.137179530824,67.5,1016.6178255251525,58.083333333333336
1,98,phi+0.00,2,-0.000785107013865403,1.002025325462479,2619.6672555543664,7.666666666666667,1162.872686878087,67.5,1061.2056987583612,60.916666666666664
1,98,phi+0.30,0,-0.005955368345372312,1.5701211365660341,2381.84072884003,7.333333333333333,1146.7062124874356,68.5,1037.323910958028,58.416666666666664
1,98,phi+0.30,1,0.0033454470832076076,1.4283295170444448,2204.338735814736,7.5,1144.655330285051,68.0,1046.0804290428166,59.666666666666664
1,98,phi+0.30,2,0.000137720198095889,1.440420758980828,2201.528563077389,7.5,1117.2676538650292,67.5,1045.1319943444387,59.5
1,98,phi+0.60,0,0.012681645098796853,2.8176128441067787,2264.8573534981592,7.583333333333333,1137.9143816271708,67.25,1047.3689619128118,59.916666666666664
1,98,phi+0.60,1,0.01378915402677532,2.790603440499592,1974.7623095952129,7.25,1112.0466501362607,66.25,1030.9235534760273,59.083333333333336
1,98,phi+0.60,2,0.011904191578208705,2.4618560931425852,2379.5202552579794,7.166666666666667,1124.766529118042,67.0,1043.353994438751,59.666666666666664
1,98,phi+0.90,0,0.20682360695852142,15.294457103600157,3202.432227801863,7.0,1192.9912710589017,68.16666666666667,1043.5633882957243,57.25
1,98,phi+0.90,1,0.11304056920825625,9.323273026231174,2678.37581200824,7.083333333333333,1168.0834418384281,66.91666666666667,1048.915950427065,59.583333333333336
1,98,phi+0.90,2,0.12081341529628561,10.958568983386762,2461.6291422704144,7.333333333333333,1141.0923400777922,67.41666666666667,1023.0702349078914,58.083333333333336
1,98,phi+0.99,0,0.5327240645139605,44.359500913864174,2046.5794910201637,6.833333333333333,1133.3442212882053,64.16666666666667,1002.3802255286791,56.166666666666664
1,98,phi+0.99,1,0.5608958849637096,52.820904008375656,1831.0647019308926,6.583333333333333,1090.1129827214993,64.58333333333333,1008.1284781074631,57.166666666666664
1,98,phi+0.99,2,0.6157482677608662,62.42456718116926,1853.8410784088303,6.666666666666667,1072.0288339626748,61.5,1000.123718643648,56.666666666666664
1,98,sorted,0,0.7067059780661584,75.67816673879295,1659.947202743313,6.75,1013.2982736610853,58.75,981.4224756568834,56.083333333333336
1,99,real,0,2.8742656761542364e-05,1.2241077351237981,2094.9320858525507,6.083333333333333,1076.4087156876226,57.75,988.5047433613586,54.916666666666664
1,99,phi-0.60,0,0.004113221166305658,1.0,2192.745809838347,6.0,1096.0804606356721,57.583333333333336,996.9213718082287,54.416666666666664
1,99,phi-0.60,1,0.005230899985903599,1.0,2502.4362878615957,6.0,1096.3064890655994,58.833333333333336,1013.1064395509824,55.25
1,99,phi-0.60,2,0.0008905326425035318,1.0,2672.8408705001443,6.0,1086.295945109925,57.833333333333336,1020.0070230714199,56.5
1,99,phi-0.30,0,0.0006092781090821837,1.0,2379.513532023046,6.0,1099.647785602425,58.166666666666664,999.4846721791517,56.416666666666664
1,99,phi-0.30,1,-0.0034734406818795567,1.0,2129.603559209121,6.0,1095.927106960181,57.916666666666664,1005.4494194631717,55.583333333333336
1,99,phi-0.30,2,0.0010198934182904895,1.0,2735.5334780972025,6.0,1099.542016550867,58.583333333333336,997.556988168824,54.25
1,99,phi+0.00,0,-0.0025493309063423933,1.0357529518224116,2191.1080657867137,6.083333333333333,1095.81435532589,57.083333333333336,1004.677570606657,54.583333333333336
1,99,phi+0.00,1,0.0023926885123667636,1.0,2055.90746668539,6.083333333333333,1067.7463734182468,57.833333333333336,995.1112823334958,55.833333333333336
1,99,phi+0.00,2,0.0021551265037467178,1.1792217837888268,2284.9276899538113,6.0,1082.5850188708046,58.25,1007.9687725612777,55.333333333333336
1,99,phi+0.30,0,-0.0007330008895778541,1.4972173527315966,2261.0148990224,6.083333333333333,1086.0850758525075,58.083333333333336,992.2622520554919,53.833333333333336
1,99,phi+0.30,1,-0.004664512642351987,1.7727046445590342,2164.697386648389,6.0,1062.443402303223,57.0,1003.5318866411194,55.166666666666664
1,99,phi+0.30,2,0.005384381782258665,1.682103780487132,2235.3638116813804,6.0,1078.4530475505562,59.083333333333336,999.2900753569094,55.583333333333336
1,99,phi+0.60,0,0.015879128807690462,3.0557757681118223,2314.210092990606,6.0,1085.3551163907607,58.0,986.9086427945036,54.333333333333336
1,99,phi+0.60,1,0.019796691571701896,2.865454959409193,2173.2238475590743,6.083333333333333,1086.179916595834,58.833333333333336,991.1017470474288,54.333333333333336
1,99,phi+0.60,2,0.008888839879067224,3.1093793386988486,2084.4997267424496,6.0,1075.4527519141966,59.166666666666664,1007.7354527219346,55.916666666666664
1,99,phi+0.90,0,0.2778057717195868,19.678357744755143,2178.5789438062834,6.083333333333333,1111.8699738275398,58.166666666666664,1000.7157914507279,55.666666666666664
1,99,phi+0.90,1,0.1534246990809791,12.125958637664846,2225.71924833426,6.0,1134.7611389204542,58.583333333333336,1008.1218543021787,55.416666666666664
1,99,phi+0.90,2,0.24968486789378697,20.0108035369089,2248.453491338021,6.0,1145.7696115221763,56.0,1032.8889051852225,56.416666666666664
1,99,phi+0.99,0,0.5467628766477431,52.96196869916893,2336.3135392047557,6.0,1168.2032082116211,58.25,1026.8931076932647,54.916666666666664
1,99,phi+0.99,1,0.5700374725777286,51.73498654786577,1822.979973814586,6.0,1027.9577647508916,55.333333333333336,983.7873901149202,55.0
1,99,phi+0.99,2,0.509388342436668,39.01238566663303,1806.6657569619583,6.0,1059.9514794486145,55.833333333333336,981.9795178851896,54.5
1,99,sorted,0,0.9248041210177165,105.20431516801463,1686.86083080137,6.0,1019.3560405172988,55.833333333333336,967.5276450895603,53.5
1,100,real,0,0.03745627186406796,3.959056914691342,1699.133781004779,7.916666666666667,909.104318369301,53.5,914.0630218921661,52.333333333333336
1,100,phi-0.60,0,-0.0058985084717116665,1.0,1722.4671143381122,10.25,935.6986463416971,56.166666666666664,939.8700611061627,54.833333333333336
1,100,phi-0.60,1,-0.001537897232141946,1.0,1720.8004476714457,10.083333333333334,930.8042140035533,55.666666666666664,939.7212212109284,55.0
1,100,phi-0.60,2,0.012021467400410582,1.0,1708.2089223492687,10.0,937.5261849224712,56.166666666666664,936.7687279503485,54.583333333333336
1,100,phi-0.30,0,-0.0058985084717116665,1.0,1724.133781004779,10.416666666666666,934.327559428209,56.0,937.4013264797053,54.75
1,100,phi-0.30,1,-0.001563030438133703,1.0,1720.8004476714457,10.083333333333334,933.5191181729587,55.916666666666664,938.9286821516507,54.75
1,100,phi-0.30,2,-0.0015630304381337027,1.0,1715.4052541362498,10.0,932.6718565422863,55.833333333333336,937.2087138556684,54.666666666666664
1,100,phi+0.00,0,-0.0058985084717116665,1.0,1728.3004476714457,10.833333333333334,940.818822008534,56.75,940.721005816527,55.0
1,100,phi+0.00,1,-0.0007839010523892564,1.0,1729.0039223720507,10.5,942.073787018271,56.166666666666664,943.9969045917607,54.916666666666664
1,100,phi+0.00,2,0.007107925629022223,1.0,1719.9671143381122,10.0,934.7779053953695,56.166666666666664,939.6132215321114,55.0
1,100,phi+0.30,0,0.0027724475954442607,1.0,1730.3045467245104,10.25,939.8832079035793,56.25,938.020437507168,54.666666666666664
1,100,phi+0.30,1,0.011443403662600186,1.2397874677821439,1714.9671143381122,9.5,930.410375486344,55.666666666666664,930.0378331788988,54.0
1,100,phi+0.30,2,0.0027724475954442607,1.2397874677821439,1722.4671143381122,10.25,933.9863753693586,56.083333333333336,941.2289297957856,54.916666666666664
1,100,phi+0.60,0,0.0027724475954442607,1.0,1717.4671143381122,9.75,929.8652124554936,55.666666666666664,936.1563380313609,54.5
1,100,phi+0.60,1,-0.0015630304381337027,1.0,1718.3004476714457,9.833333333333334,928.6755427114132,55.5,933.4783477777627,54.25
1,100,phi+0.60,2,-0.0058985084717116665,1.2397874677821439,1724.07082130826,10.166666666666666,934.624880946427,56.0,936.5977154431861,54.5
1,100,phi+0.90,0,0.01577888169617815,3.2163877973549666,1704.9671143381122,8.5,917.6556481305817,54.416666666666664,922.1574596517335,53.166666666666664
1,100,phi+0.90,1,0.00277244759544426,1.9824819368741284,1706.633781004779,8.666666666666666,916.7765234076586,54.333333333333336,927.9179539675291,53.833333333333336
1,100,phi+0.90,2,0.01608048016807923,2.713472345459923,1713.9311500197073,9.166666666666666,931.6781737916881,55.333333333333336,930.9659811346952,53.833333333333336
1,100,phi+0.99,0,0.0678046180991137,3.467845523302489,1701.633781004779,8.166666666666666,911.3388014195584,53.75,925.1159304852504,53.333333333333336
1,100,phi+0.99,1,0.08514653023342555,7.958947057083703,1690.8004476714457,7.083333333333333,903.217814721394,53.0,908.8443992811613,51.916666666666664
1,100,phi+0.99,2,0.08948200826700353,7.947217644821904,1691.633781004779,7.166666666666667,906.3172056260199,53.333333333333336,910.6344974430313,52.083333333333336
1,100,sorted,0,0.09044963669768613,7.999763383614316,1690.8004476714457,7.083333333333333,902.9664053573161,53.0,906.3242233910468,51.666666666666664
1,101,real,0,0.017842069608028935,1.1384059467326815,2363.1884969482458,6.0,1069.9577890946327,56.5,983.8477249437132,52.916666666666664
1,101,phi-0.60,0,0.0063203364453952,1.0,1998.02083018947,6.0,1049.6339431873641,54.75,978.3064878363035,53.75
1,101,phi-0.60,1,0.0017258109256999116,1.0,2417.586047831654,6.0,1066.1774004786178,56.666666666666664,976.3405306630572,53.916666666666664
1,101,phi-0.60,2,0.008366509418549325,1.0,2496.7714425274694,6.0,1069.5186234260732,56.833333333333336,983.8869372856574,52.833333333333336
1,101,phi-0.30,0,-0.00027411394706375233,1.0,2200.3632493278415,6.0,1041.0746012323655,56.083333333333336,970.2470032492369,53.583333333333336
1,101,phi-0.30,1,0.0008939261708742451,1.0,2120.9927010003803,6.0,1060.4155190034455,55.833333333333336,985.0716429088847,54.0
1,101,phi-0.30,2,0.0033851674260193527,1.0,2335.5268676647884,6.0,1051.5242912998388,56.5,984.3158396707821,54.0
1,101,phi+0.00,0,-0.0038097005759444827,1.0449598785155283,1985.6279813845376,6.0,1044.1609459810775,56.5,968.2578483767257,54.333333333333336
1,101,phi+0.00,1,-0.005289952663577202,1.0,2456.1714068298256,6.0,1042.884795822961,55.666666666666664,963.2947983504482,53.416666666666664
1,101,phi+0.00,2,-5.7126382831920876e-05,1.1509131344445314,2230.607942244646,6.0,1056.2445809631554,56.583333333333336,973.6553995668713,52.25
1,101,phi+0.30,0,-0.00013471255219704213,1.6342868123351666,2567.502701804006,6.0,1065.8869800994955,57.0,984.8911083846577,54.083333333333336
1,101,phi+0.30,1,-0.006413827291000112,1.6005118165217742,2278.051718612342,6.0,1050.5237839653307,55.833333333333336,967.5782300415857,53.083333333333336
1,101,phi+0.30,2,0.007745507292017761,1.8324206162712053,2259.501810180911,6.0,1075.6125736859133,57.0,962.4906399625321,51.916666666666664
1,101,phi+0.60,0,0.025986344187670034,3.1577973176624883,2382.6421506719375,6.0,1069.3923413678092,57.416666666666664,969.8220711793668,52.916666666666664
1,101,phi+0.60,1,0.01650040269552035,3.5902613208203893,2518.1288417194023,6.0,1093.7137995011985,55.416666666666664,975.5904511588564,53.166666666666664
1,101,phi+0.60,2,0.07634307432618669,6.326880747964392,2307.091693589094,6.0,1070.4661799847474,56.166666666666664,992.2064389995077,54.083333333333336
1,101,phi+0.90,0,0.14841219999055455,11.774924262740937,2298.1506028600757,6.0,1101.820637408582,56.583333333333336,973.4843338944501,53.0
1,101,phi+0.90,1,0.21294969874258296,15.01537015353185,2015.596363157266,6.0,1064.0709156420928,55.583333333333336,980.507391485398,53.0
1,101,phi+0.90,2,0.16722317942881534,12.410585215029633,2359.6323637291425,6.0,1055.8711298593494,56.083333333333336,988.1840657613042,54.5
1,101,phi+0.99,0,0.6158019072998184,59.77122216198134,2973.3044468806347,6.0,1267.1704877102022,55.416666666666664,1036.9714375249366,53.333333333333336
1,101,phi+0.99,1,0.6434394471406758,61.687477105857766,2501.612172189109,6.0,1170.9352705955318,56.833333333333336,1009.5505413019729,54.5
1,101,phi+0.99,2,0.6791195310265362,64.50557184525067,2305.8596873871497,6.0,1130.6349759718025,54.833333333333336,989.9328549635817,53.5
1,101,sorted,0,0.9682632798556686,113.74022526698421,1682.3143709223539,6.0,975.2003402835327,55.0,953.7565389906121,53.833333333333336
1,103,real,0,0.2293176373465765,25.125173261175334,1767.0774588695888,6.083333333333333,1062.2501365022656,56.583333333333336,947.9805673810375,53.166666666666664
1,103,phi-0.60,0,0.008362375617317997,1.0,2039.3301485041177,6.0,1085.499142640466,57.416666666666664,967.9144329777068,53.333333333333336
1,103,phi-0.60,1,0.0035017668669244163,1.0,2284.7030511135604,6.083333333333333,1076.0083707075166,59.916666666666664,953.0520216643803,52.833333333333336
1,103,phi-0.60,2,0.006200617229136307,1.0,2095.957680436772,6.0,1082.0199987225096,58.583333333333336,952.3774884688733,52.666666666666664
1,103,phi-0.30,0,-0.0011154941671106533,1.0,2024.0259594084762,6.083333333333333,1093.728710642881,57.833333333333336,956.9860601460241,51.916666666666664
1,103,phi-0.30,1,0.0012406913684408051,1.0,2168.705406693452,6.0,1080.5472092950833,58.25,974.3177206473162,53.5
1,103,phi-0.30,2,0.000224394245185587,1.0,2295.5056414298747,6.0,1116.737990602333,58.916666666666664,959.96316061155,54.083333333333336
1,103,phi+0.00,0,-0.008217265672159007,1.0,2319.045702334531,6.0,1091.7450745242654,59.0,973.0830187515002,53.416666666666664
1,103,phi+0.00,1,0.0030352823170843295,1.0,2387.6047435114656,6.0,1087.8638194314462,57.916666666666664,949.8135537118515,52.583333333333336
1,103,phi+0.00,2,0.00551529125654444,1.065713307859359,2100.400591007618,6.0,1088.1039004256386,56.75,955.7938977309523,52.166666666666664
1,103,phi+0.30,0,0.0028422244008983475,1.876237399573816,2434.2535888497537,6.0,1094.9302920175558,58.75,971.0036077109836,53.833333333333336
1,103,phi+0.30,1,0.00213620905066103,2.1268714700269697,2123.2558026815636,6.0,1085.547576058576,58.833333333333336,959.3079264919144,51.916666666666664
1,103,phi+0.30,2,0.017531417516679273,1.7838143677755265,2216.6662288751563,6.0,1084.832444759726,58.416666666666664,967.8693382646514,53.333333333333336
1,103,phi+0.60,0,0.009010522546395072,3.6241390767387287,2037.0612381670974,6.0,1093.5106455064563,58.833333333333336,962.5603006890084,52.666666666666664
1,103,phi+0.60,1,0.0279774147240881,4.546859942726323,2420.174343486679,6.0,1096.9811202572753,58.0,958.9925569480852,53.5
1,103,phi+0.60,2,0.03924584505891765,3.1135756444166476,2095.7839543822543,6.0,1080.2303602629997,59.666666666666664,940.6579665130281,52.333333333333336
1,103,phi+0.90,0,0.25557243917500516,17.81596970247706,1942.4132076077667,6.0,1078.0506583521503,58.083333333333336,953.4599910678429,53.666666666666664
1,103,phi+0.90,1,0.27999950877097607,19.904029620381902,2333.1960108806657,6.0,1098.0746587043288,57.916666666666664,964.040965941086,52.25
1,103,phi+0.90,2,0.2286255903628513,16.006800754052215,2861.052803233333,6.0,1166.6518549267876,57.0,961.0793006529634,51.916666666666664
1,103,phi+0.99,0,0.7422107028093612,70.30412232846592,2423.836391752958,6.0,1182.60298455637,55.916666666666664,976.506790726809,51.416666666666664
1,103,phi+0.99,1,0.7144961054603717,70.98624667783862,4270.477313733129,6.333333333333333,1382.8291959042592,54.416666666666664,1074.4953332246537,53.0
1,103,phi+0.99,2,0.7537299012101905,75.14065286139561,2165.239942508428,6.0,1177.2326442234055,56.583333333333336,979.3847844900087,52.416666666666664
1,103,sorted,0,0.8955876514806863,101.37942190548276,1557.6410026074557,6.083333333333333,1008.3288847368552,56.416666666666664,942.0648086835495,54.25
1,102,real,0,0.113914788573345,15.258466183188382,1924.958684279396,10.083333333333334,1057.1608882616727,63.333333333333336,1003.1512567690789,60.5
1,102,phi-0.60,0,0.007246974505587935,1.0,2070.9852295568567,11.25,1090.378344594217,66.08333333333333,1010.1360796769686,60.083333333333336
1,102,phi-0.60,1,-0.00209922658179047,1.0,3299.8512768288615,11.416666666666666,1095.7741789659883,66.16666666666667,1035.4849773395188,60.833333333333336
1,102,phi-0.60,2,0.0020716264039311325,1.0,3525.874769736112,11.166666666666666,1096.3109251962476,65.58333333333333,1022.8648311538044,62.333333333333336
1,102,phi-0.30,0,0.0050069023757962705,1.0,1979.255704117077,10.166666666666666,1084.665788712337,66.33333333333333,1007.5828472547356,60.25
1,102,phi-0.30,1,-0.003671779939583562,1.0,2458.8780968704127,11.0,1102.5339395484955,67.08333333333333,1009.4767108642254,60.333333333333336
1,102,phi-0.30,2,0.0007416080719331462,1.0,2332.29484847351,11.0,1086.8777950630986,66.66666666666667,1028.2995284861347,61.166666666666664
1,102,phi+0.00,0,-0.0021844511988850573,1.0343719309959531,2564.4154195008377,11.333333333333334,1103.3139977971002,66.58333333333333,1035.5708388012038,61.5
1,102,phi+0.00,1,-0.001962905075284407,1.0,3371.4805881709776,10.416666666666666,1081.2725593371185,65.0,1017.2262267441114,61.333333333333336
1,102,phi+0.00,2,-0.006426846531778429,1.0,2327.167198225406,10.833333333333334,1084.9841340762744,66.25,1007.3611021364908,61.333333333333336
1,102,phi+0.30,0,-0.0020810190078126714,1.1127147494500842,2721.9364843153394,10.75,1084.3835757632846,65.75,1013.1874435023901,60.25
1,102,phi+0.30,1,-0.0002720003012022712,1.3756442425953284,2282.2101582802347,10.75,1076.861417249246,65.08333333333333,1015.2557218472128,61.25
1,102,phi+0.30,2,0.011892633290785359,1.2450160142973357,2542.993850031566,10.833333333333334,1083.6867420519557,65.16666666666667,1004.9228213624721,59.583333333333336
1,102,phi+0.60,0,0.0171740681565951,1.6135509575754194,2481.914024593567,10.5,1095.5643745477075,66.16666666666667,1010.2896762091026,60.083333333333336
1,102,phi+0.60,1,0.0006762315608079507,1.8514133787263256,2321.322714879099,11.083333333333334,1102.2227986160747,67.08333333333333,1026.70044315345,62.166666666666664
1,102,phi+0.60,2,-0.00022221467181960248,1.6507109362915027,2946.537203026175,11.25,1109.8847887390461,67.75,1040.0565635004666,61.083333333333336
1,102,phi+0.90,0,0.11814623634195338,9.38149532104482,2487.4367754936898,10.916666666666666,1126.5947140918404,65.75,1039.4404744609644,58.916666666666664
1,102,phi+0.90,1,0.11128172161423042,13.234498815030621,2069.3767678897557,10.916666666666666,1087.2452122594857,64.58333333333333,1009.3476149614113,60.5
1,102,phi+0.90,2,0.1276564629463354,13.51448231996224,1964.1487990208107,10.75,1076.816524791889,65.08333333333333,1005.6158379501582,59.75
1,102,phi+0.99,0,0.17542843546838613,19.809663596707587,1711.3314076670622,10.083333333333334,1050.9974968342938,63.5,977.695874349151,57.666666666666664
1,102,phi+0.99,1,0.18650801449913532,13.567271197683338,1732.4010853462862,9.833333333333334,1050.463045608921,62.916666666666664,1001.3720886528057,59.25
1,102,phi+0.99,2,0.15040739702970168,11.112410035505434,1741.509050676893,10.166666666666666,1057.8053917681325,64.0,993.9940473532007,58.666666666666664
1,102,sorted,0,0.37315201521059593,30.10449993047582,1694.8710091230723,9.583333333333334,1025.9201131762688,61.75,971.3254059770267,57.25
1,104,real,0,0.07410369495604086,6.468363714339433,1926.3294241778697,10.583333333333334,1069.6070749479934,61.416666666666664,992.7761351561276,54.75
1,104,phi-0.60,0,-0.0009285526482528566,1.0,1985.9135412369153,10.666666666666666,1043.4107837325862,60.833333333333336,1010.0387916148738,57.166666666666664
1,104,phi-0.60,1,0.0014983784091809967,1.0,2122.6610779912776,10.833333333333334,1043.1119644009377,60.25,1003.8122744559261,56.5
1,104,phi-0.60,2,0.02481300098038992,1.0,2095.2072317807156,10.833333333333334,1043.0440244136064,60.333333333333336,998.0343091290716,56.916666666666664
1,104,phi-0.30,0,-0.0017709157655437465,1.0,2315.4507103543206,10.25,1046.983228685228,60.916666666666664,1017.3921808759768,57.583333333333336
1,104,phi-0.30,1,-0.004412966256743302,1.0,2180.4879143525923,10.5,1050.8859101126047,61.083333333333336,1004.264215833571,56.5
1,104,phi-0.30,2,-0.003602571569656857,1.0,2298.948171307608,11.083333333333334,1059.6723824525393,62.166666666666664,1014.2489030799006,57.333333333333336
1,104,phi+0.00,0,-0.003678812215734661,1.0,2572.717268147809,11.25,1048.3728453882293,60.5,1011.3402110727229,57.416666666666664
1,104,phi+0.00,1,0.005041211330530142,1.0,2051.514867974236,11.0,1049.1402192287474,60.5,1004.1984821300094,56.083333333333336
1,104,phi+0.00,2,-0.0005917045141472357,1.0,1975.5588875099018,11.083333333333334,1060.002708296159,62.583333333333336,1006.1750931071992,56.0
1,104,phi+0.30,0,-0.001194858623413272,1.0581673751799243,2263.094827248313,10.833333333333334,1060.252833476751,61.5,1020.9481533970066,58.5
1,104,phi+0.30,1,-0.0007835186134714222,1.0281670960119986,2017.7192316252028,10.583333333333334,1056.7980916340023,60.833333333333336,990.6124330115518,55.583333333333336
1,104,phi+0.30,2,-0.002260520400312592,1.022810208768926,2094.2406124688746,10.916666666666666,1043.204570193777,59.833333333333336,1011.124914964145,56.25
1,104,phi+0.60,0,-0.0017690375718924954,1.4067166009731158,1967.9136929478034,11.333333333333334,1047.9809601248737,61.166666666666664,1001.1992857303294,57.5
1,104,phi+0.60,1,-0.006058427684885218,1.2981415464073196,2072.0913050429012,11.0,1061.7733395984949,62.0,1023.1200455587281,56.916666666666664
1,104,phi+0.60,2,0.0019097303418557786,1.4833150543826483,2174.1751073276323,11.0,1055.0946843106963,61.416666666666664,1011.0530249858193,56.75
1,104,phi+0.90,0,0.016890922035681207,3.6004570606079467,1974.9118265431482,10.75,1069.9325418718608,61.083333333333336,1006.517504369623,57.083333333333336
1,104,phi+0.90,1,0.08690194741966624,6.926765719999288,1992.8534936231645,10.333333333333334,1040.4392440780903,60.666666666666664,1002.080119655775,56.0
1,104,phi+0.90,2,0.02295542874513914,3.114254285703632,2096.7072237406455,10.333333333333334,1043.9885308538935,60.166666666666664,1023.7972403175195,58.666666666666664
1,104,phi+0.99,0,0.11115031340685559,11.32282343781636,2238.594126801005,10.0,1058.7922358204398,59.5,1015.81078849706,55.916666666666664
1,104,phi+0.99,1,0.10096408742253836,8.27901353163968,1749.510754391246,9.5,1025.9601617372512,59.083333333333336,997.0635485465033,56.416666666666664
1,104,phi+0.99,2,0.07842564234898139,10.461378358810608,2059.5763482413986,10.666666666666666,1052.2209786853703,59.5,1010.4598079694732,56.166666666666664
1,104,sorted,0,0.14676701730557443,11.839214746231997,1720.2565015854923,9.333333333333334,990.1361091340232,56.5,991.8691616877796,56.166666666666664
1,105,real,0,0.3070857735053622,36.906778777048864,1909.0799755774406,6.083333333333333,1064.1389279796688,60.583333333333336,968.6292459621905,53.833333333333336
1,105,phi-0.60,0,0.0030360648829396543,1.0,2083.628670306144,6.166666666666667,1089.5939020860878,61.75,973.1871747077809,53.583333333333336
1,105,phi-0.60,1,0.011168368227033112,1.0,2345.4721958301843,6.5,1106.5489725181776,63.0,991.1133580489719,56.0
1,105,phi-0.60,2,0.005841311338025141,1.0,2299.035951937183,6.166666666666667,1104.5060647982443,63.416666666666664,971.5476906275702,52.916666666666664
1,105,phi-0.30,0,-0.004297816174410146,1.0,2255.088131019177,6.25,1107.752890909821,61.833333333333336,987.8420696069235,53.916666666666664
1,105,phi-0.30,1,0.00463725254993638,1.0,2127.8456725129768,6.333333333333333,1106.196846333981,63.083333333333336,966.9217974959903,53.083333333333336
1,105,phi-0.30,2,0.0012455404350311234,1.0,2601.8535063950826,6.166666666666667,1113.8707446756212,62.25,991.7340728522108,54.583333333333336
1,105,phi+0.00,0,-0.002725101945578198,1.0949674716478983,2039.4018145038751,6.0,1101.5206788957937,62.333333333333336,987.8652071880288,55.166666666666664
1,105,phi+0.00,1,-0.006327763245869336,1.0480586862745398,2583.2622971999167,6.166666666666667,1100.502518232058,61.75,995.8369882215278,53.916666666666664
1,105,phi+0.00,2,0.0009908997679796848,1.0458536458950056,2357.4793738955236,6.25,1107.408613002068,62.416666666666664,1001.842875790666,55.5
1,105,phi+0.30,0,0.007131458398630228,1.704033756808073,2355.5719477193034,6.25,1129.292170926565,62.666666666666664,991.7322951184101,53.666666666666664
1,105,phi+0.30,1,0.0067072568804905485,1.9781139321337973,2219.6117524437227,6.333333333333333,1081.3435529114113,60.25,988.84193967482,52.666666666666664
1,105,phi+0.30,2,0.00843825576713765,1.757258911068678,2275.8783095976164,6.25,1104.111922161852,63.5,979.067073359144,54.083333333333336
1,105,phi+0.60,0,0.020132519789002244,3.4462373858581814,2359.006148768736,6.083333333333333,1118.0045205595006,62.75,970.9651688955629,52.5
1,105,phi+0.60,1,0.013989349290233466,3.2972013407372183,3019.6036027832893,6.25,1105.5326539694413,61.5,983.5866979663606,53.75
1,105,phi+0.60,2,0.015225640976306831,3.673454645091589,2285.7498306867014,6.25,1133.6010629492484,63.25,978.3206451382631,53.25
1,105,phi+0.90,0,0.13535883043171645,12.077033082229649,2063.947569177443,6.166666666666667,1084.5415870782792,61.25,977.9903436767313,54.666666666666664
1,105,phi+0.90,1,0.18864594399004875,18.404076741976333,2391.5507545432756,6.083333333333333,1101.390558179103,60.333333333333336,986.234062493896,53.333333333333336
1,105,phi+0.90,2,0.17500921025646154,13.625547330889507,2053.397985921629,6.25,1070.0514059716418,59.583333333333336,969.3410266846686,53.333333333333336
1,105,phi+0.99,0,0.7863664198496211,84.31585533029128,3244.666641214702,6.0,1359.630585618337,59.25,1066.7747218381492,52.583333333333336
1,105,phi+0.99,1,0.6769461536012882,63.61031025073273,3814.08057961437,6.166666666666667,1387.007329795433,60.75,1088.8838051009614,54.0
1,105,phi+0.99,2,0.6994558447079227,69.67514569350013,2711.7053214407692,6.25,1216.478383295083,60.333333333333336,1025.339895693916,55.25
1,105,sorted,0,0.8920616722213702,101.25894660197737,1713.295479911776,6.083333333333333,1029.877192980027,58.583333333333336,953.9753022485238,52.833333333333336
1,107,real,0,0.07716635662977363,6.115871384670168,1712.8208345278338,9.166666666666666,1063.527342670013,63.333333333333336,1044.562510942959,61.0
1,107,phi-0.60,0,0.004569203831471895,1.0,2217.425841035662,9.25,1076.49794795883,65.25,1069.9477775035498,64.16666666666667
1,107,phi-0.60,1,0.0013038857519290486,1.0,2212.89301735036,9.5,1072.3731113076788,63.583333333333336,1029.865446261677,59.583333333333336
1,107,phi-0.60,2,0.005284608773725234,1.0,2201.5610952874335,9.666666666666666,1091.3145666440146,65.16666666666667,1057.3560168316917,61.333333333333336
1,107,phi-0.30,0,-0.0052737117711745395,1.0,2294.4792590183497,9.916666666666666,1097.199902396412,66.66666666666667,1085.6794645598857,63.666666666666664
1,107,phi-0.30,1,-0.0022937919079518664,1.0,2405.210295372253,10.25,1115.868241621117,67.08333333333333,1051.6012213282108,60.333333333333336
1,107,phi-0.30,2,-9.485022674335333e-05,1.0,2291.216978666552,9.583333333333334,1087.1450755836433,64.58333333333333,1065.9856471855726,62.583333333333336
1,107,phi+0.00,0,0.0032791874289140426,1.0,2019.2558025147364,9.666666666666666,1094.267500869884,66.33333333333333,1054.6850629538537,61.333333333333336
1,107,phi+0.00,1,-0.004397546104984495,1.0831429431052277,2082.4107212801227,9.666666666666666,1071.9020449038355,64.08333333333333,1062.7065500144165,63.416666666666664
1,107,phi+0.00,2,-0.005431783094428711,1.0,2158.272153271964,9.416666666666666,1077.8086612464606,64.91666666666667,1051.9553038833367,62.083333333333336
1,107,phi+0.30,0,-0.008315683216107775,1.431505875158678,2518.1527441595085,10.083333333333334,1091.9137708640299,66.08333333333333,1063.8956919019815,62.0
1,107,phi+0.30,1,-0.0023066983263484485,1.154228923929014,2090.3508076969138,9.833333333333334,1095.354152191779,67.25,1054.500927431922,62.166666666666664
1,107,phi+0.30,2,-0.008052519070338597,1.235726617312668,2117.6711165760375,9.5,1080.725973548211,64.16666666666667,1057.2344238417263,62.083333333333336
1,107,phi+0.60,0,0.011401465317108447,2.431361158514565,2130.112305366206,8.666666666666666,1089.4961338019596,66.0,1050.3365361495041,61.083333333333336
1,107,phi+0.60,1,0.02012659119786929,2.1634803970491725,2707.79859127366,9.833333333333334,1111.4142610988597,66.83333333333333,1050.983161630815,61.0
1,107,phi+0.60,2,0.0034519411429772997,1.738746824943532,2243.952906743214,9.75,1100.0960204163105,66.66666666666667,1040.419116646609,61.833333333333336
1,107,phi+0.90,0,0.06557157861054257,6.00108379477568,2285.2452335436965,9.25,1102.9084402458695,65.66666666666667,1075.1387131222216,62.75
1,107,phi+0.90,1,0.10983534637610633,9.290037701839253,2111.5076792538584,8.666666666666666,1118.4470314628823,65.0,1043.4562695149307,59.916666666666664
1,107,phi+0.90,2,0.015699433674344242,3.208376190770095,1938.5589426015697,9.583333333333334,1075.364553827485,65.25,1061.1879423236976,61.666666666666664
1,107,phi+0.99,0,0.3522920274848775,32.68576053725736,1990.9999631785188,8.5,1140.80606115689,63.0,1047.0006781676127,57.666666666666664
1,107,phi+0.99,1,0.12251278315505354,9.180186917657739,2098.327135271976,9.416666666666666,1081.0701359043567,63.75,1039.6012525302979,60.5
1,107,phi+0.99,2,0.2044895402277967,18.126863161849595,1687.7860514960933,8.25,1043.9312415982288,61.416666666666664,1014.6995207447966,58.833333333333336
1,107,sorted,0,0.32817559339009483,32.303679846408926,1665.7034060613817,8.166666666666666,990.2929712006371,57.75,974.8427202135404,55.083333333333336
1,108,real,0,-0.0019422195528468447,1.346609568537744,2276.808412100498,6.0,1083.575189165653,57.833333333333336,955.8798054453682,51.333333333333336
1,108,phi-0.60,0,0.006433753816350333,1.0,2311.260938670473,6.0,1071.4926838561037,58.666666666666664,970.0302308826413,52.083333333333336
1,108,phi-0.60,1,0.007559318983064235,1.0,2068.860940272898,6.0,1076.5470443759368,56.083333333333336,962.6799238383229,51.083333333333336
1,108,phi-0.60,2,0.007385065419243858,1.0,2186.0046257789404,6.0,1086.297464364678,59.583333333333336,967.0808785071641,52.75
1,108,phi-0.30,0,0.001110257818158486,1.0,2286.0014768686283,6.0,1094.0599475490544,58.666666666666664,958.4197583003956,51.333333333333336
1,108,phi-0.30,1,0.011341633906355975,1.0,2109.0035473086054,6.0,1065.97534147953,57.083333333333336,958.2704251607196,52.25
1,108,phi-0.30,2,0.0012473004276036162,1.0,2017.7299624039445,6.0,1094.6108703168975,57.833333333333336,957.157237858075,52.583333333333336
1,108,phi+0.00,0,0.0054148549338569685,1.0088114757588678,2205.6883732867286,6.0,1087.6179710831846,58.25,956.5698686066925,51.416666666666664
1,108,phi+0.00,1,-0.005441613508345812,1.0,2129.5473209060397,6.0,1082.6051572587992,57.5,958.7822832256052,52.25
1,108,phi+0.00,2,-0.001652300526378148,1.0328953754462777,2344.4928894049995,6.0,1083.7921056604737,58.25,959.9783673145466,51.75
1,108,phi+0.30,0,-0.010111541856195191,1.593835248488375,2360.846059499673,6.0,1083.642004396668,59.833333333333336,967.1027044647218,52.166666666666664
1,108,phi+0.30,1,0.016755386329848937,1.7432325226225953,2469.2797274713403,6.0,1080.544635834539,57.583333333333336,964.169081603132,51.583333333333336
1,108,phi+0.30,2,0.009039825474501512,1.6820851879421674,2075.2698369177606,6.0,1080.4606623830653,59.583333333333336,957.8956046771959,52.583333333333336
1,108,phi+0.60,0,0.02005048204663329,2.94798584663872,2104.9038583923125,6.0,1099.7911369691371,60.083333333333336,955.7276103681528,52.083333333333336
1,108,phi+0.60,1,0.026306543142240034,3.4621193381031166,2288.681022442719,6.083333333333333,1107.340410632637,57.666666666666664,975.5628509927665,52.333333333333336
1,108,phi+0.60,2,0.024443118448628162,3.4640830087713637,2207.4954338334765,6.083333333333333,1095.0594529775892,59.75,960.8377776492398,51.916666666666664
1,108,phi+0.90,0,0.23141066822610099,16.391559554542035,1988.4790313514698,6.0,1069.9142333019004,56.166666666666664,948.7290255078924,50.5
1,108,phi+0.90,1,0.2176573872175473,20.087434665361336,2447.2271468929425,6.0,1089.093906006483,57.583333333333336,967.6088752857216,51.916666666666664
1,108,phi+0.90,2,0.20604301190478114,20.145635211778863,2064.697949727202,6.0,1085.1933707784672,60.166666666666664,955.8761797533272,51.916666666666664
1,108,phi+0.99,0,0.804388229988023,79.40098291580408,2363.5028678697413,6.0,1107.7688765215678,56.25,971.7670680462155,51.916666666666664
1,108,phi+0.99,1,0.8604392523303216,92.09382820243135,2242.393284512516,6.0,1149.0156768933996,56.833333333333336,1001.7838036841495,51.5
1,108,phi+0.99,2,0.6885386054549593,68.14462576397594,1808.2322629784192,6.0,1096.2191858851627,56.916666666666664,959.0520613891914,50.25
1,108,sorted,0,0.9717682055380392,114.50168210126608,1672.4099719885437,6.0,985.8927680031275,54.916666666666664,939.5904117817394,52.333333333333336
1,109,real,0,0.018159894009470465,1.547410507375638,1739.9734340381635,12.75,989.3231445222118,58.916666666666664,960.4148901442009,56.333333333333336
1,109,phi-0.60,0,0.002516826852360477,1.0,1820.5130887683936,12.75,993.9851841874987,58.833333333333336,963.7921331745197,56.333333333333336
1,109,phi-0.60,1,-0.0036667203323061982,1.0,1889.3388671803114,12.416666666666666,986.4728313291863,58.333333333333336,962.2850478874789,56.583333333333336
1,109,phi-0.60,2,0.0019575738352728776,1.0,1769.8427527746933,12.333333333333334,985.7449426413663,58.5,966.3391542318503,57.166666666666664
1,109,phi-0.30,0,-0.0017059393956250558,1.0,1706.3199153893045,12.583333333333334,986.5515146422357,58.25,962.732671854841,56.083333333333336
1,109,phi-0.30,1,-0.00027591983530175725,1.0,1881.6032179043043,12.833333333333334,998.0900930318454,59.25,969.0884991082579,56.416666666666664
1,109,phi-0.30,2,-0.0002395302527116759,1.0,1844.8403188309894,12.333333333333334,985.5404292560835,58.416666666666664,955.2745676739936,56.083333333333336
1,109,phi+0.00,0,-0.00026809570598218497,1.0,1762.493563919589,12.166666666666666,987.2754055177205,58.583333333333336,957.6719661365233,56.25
1,109,phi+0.00,1,0.0025388968020449293,1.0,1871.8676600670767,12.083333333333334,973.0629810083288,57.166666666666664,958.4910832614956,55.5
1,109,phi+0.00,2,-0.007937833794483422,1.0,1727.5054941778678,12.5,973.9829450911775,57.833333333333336,951.7822134685051,55.75
1,109,phi+0.30,0,-0.003310501010643447,1.0906270610681101,1800.5025117726902,12.666666666666666,989.1286960223866,59.083333333333336,959.9781786322555,56.5
1,109,phi+0.30,1,0.00197039261318324,1.2517173215033583,1874.1724482930942,12.333333333333334,981.1180612988595,58.083333333333336,975.8527846981119,56.916666666666664
1,109,phi+0.30,2,0.005174545798809477,1.2284648435682266,1944.6120703490922,12.333333333333334,998.6877321784226,59.333333333333336,980.7902049833242,56.833333333333336
1,109,phi+0.60,0,0.0062927565828216825,1.6264295087561464,1757.227441507515,12.583333333333334,996.9391712762264,58.083333333333336,963.7999943085257,56.583333333333336
1,109,phi+0.60,1,-0.0032615386919455005,1.7522142425041494,1750.5212848195804,11.833333333333334,981.4089564105739,58.0,959.6257605346801,56.25
1,109,phi+0.60,2,-0.0019051348389308737,1.640577579922133,1855.8049999339557,13.083333333333334,985.0811721843432,58.25,966.4427752810993,56.666666666666664
1,109,phi+0.90,0,0.04507224161732904,5.003804619274379,1718.9631413761335,12.166666666666666,993.371288420171,59.416666666666664,954.7438095991529,55.583333333333336
1,109,phi+0.90,1,0.011850988526428902,2.8657065566396254,1715.601689656257,12.333333333333334,978.9300079225328,57.833333333333336,965.7740561104921,56.666666666666664
1,109,phi+0.90,2,0.032028556895294776,3.865537048814159,1882.9041054769823,12.333333333333334,986.7118585454773,58.0,961.9699851250107,56.666666666666664
1,109,phi+0.99,0,0.06381469736055981,5.333621430454947,1778.9106716551712,11.666666666666666,1016.4964877888366,58.916666666666664,973.669271076039,56.5
1,109,phi+0.99,1,0.1815635378885655,13.013483379608804,1819.062412765339,11.583333333333334,989.4651019557069,57.083333333333336,953.5586239046723,55.666666666666664
1,109,phi+0.99,2,0.18547670973646255,13.787246149312072,1695.3263509901196,11.25,962.9265549539359,56.583333333333336,946.2743718209605,55.416666666666664
1,109,sorted,0,0.27636900493741723,18.900017310645435,1699.3298862691693,11.833333333333334,964.8085455850455,56.75,947.9258735557654,55.5
1,110,real,0,0.14055630141945372,17.31584156077597,1763.307533303506,6.0,1085.4447315664802,56.083333333333336,941.4267564830711,50.166666666666664
1,110,phi-0.60,0,0.011374244694844072,1.0,1932.1732607935403,6.0,1076.8804436191795,55.833333333333336,954.2374946110181,51.916666666666664
1,110,phi-0.60,1,0.00984793820798888,1.0,2058.428788000793,6.0,1105.3315473471,56.25,950.4723781933957,51.083333333333336
1,110,phi-0.60,2,0.008200160369368685,1.0,2097.048362668724,6.0,1110.2332793796538,58.666666666666664,958.0593122303218,52.083333333333336
1,110,phi-0.30,0,0.0016256836556130124,1.0,1932.6085017910802,6.0,1103.3779667397114,57.833333333333336,954.4973226181447,50.75
1,110,phi-0.30,1,0.00026196854224295313,1.0,2053.288617461751,6.0,1087.0912284235776,58.083333333333336,953.1565697206252,51.25
1,110,phi-0.30,2,0.0075740488096163,1.0,2208.8121452974456,6.0,1119.188323042492,56.916666666666664,952.4546636118924,50.083333333333336
1,110,phi+0.00,0,0.005195479746503717,1.0,2100.860324764855,6.0,1128.5825234542633,56.916666666666664,952.4222192888884,51.0
1,110,phi+0.00,1,0.00630958511809562,1.0,1961.8257647050239,6.0,1109.2466626189587,56.833333333333336,945.0513784002565,50.75
1,110,phi+0.00,2,0.0016629505256098855,1.0,2208.8070030167205,6.0,1115.7203982944127,57.916666666666664,963.4939505306488,51.916666666666664
1,110,phi+0.30,0,0.010731083795661895,1.53448845454036,1940.300939452776,6.0,1113.9817937682485,58.25,947.793755547802,51.166666666666664
1,110,phi+0.30,1,-0.008086974899375824,1.7836627716531548,2071.112564220028,6.0,1124.7876273658092,59.5,968.6246580442456,51.666666666666664
1,110,phi+0.30,2,-0.0022424076765452843,1.6415476557798128,2185.8011822234766,6.0,1118.9128392638243,57.333333333333336,966.6940021595939,52.416666666666664
1,110,phi+0.60,0,0.007607531346851336,3.8303516800457458,2115.3173116105622,6.0,1114.9461980447252,57.0,949.3481842574212,50.5
1,110,phi+0.60,1,0.016168442827019323,3.423700185677418,2081.9321375065806,6.083333333333333,1124.8479444658976,57.333333333333336,962.2061467657946,50.916666666666664
1,110,phi+0.60,2,0.00543942446409094,3.7774570517284953,2026.830004060489,6.0,1115.936802251772,56.166666666666664,947.3653562229391,50.583333333333336
1,110,phi+0.90,0,0.17969134085859956,14.861912937287265,2424.243112432604,6.0,1134.7040362559064,55.75,960.3893450987822,51.5
1,110,phi+0.90,1,0.2461403527135602,18.601149388984282,2049.555716942003,6.0,1146.8279296314597,56.75,972.8056999738196,52.5
1,110,phi+0.90,2,0.26692571498401296,18.28155675794799,1976.27395613115,6.0,1113.5264416751654,56.083333333333336,966.4156939506015,50.5
1,110,phi+0.99,0,0.703553467877715,66.43477709797163,1863.7303759616952,6.0,1093.4344719660228,55.0,958.6115609521208,51.0
1,110,phi+0.99,1,0.6489874779403406,52.829881045025395,1988.0371319912301,6.0,1130.4889545727053,55.583333333333336,971.1899241073834,51.666666666666664
1,110,phi+0.99,2,0.7935121621236109,84.12488997987919,2864.418277345336,6.0,1323.2526501068946,53.416666666666664,1017.4576093320566,50.75
1,110,sorted,0,0.8993352851751518,102.25082572763647,1586.1307518195292,6.0,1023.1958957675893,53.416666666666664,927.8251881374563,50.583333333333336
1,112,real,0,0.05364236544426479,4.692041108446239,1989.8884041481758,9.333333333333334,1019.2694211090669,58.666666666666664,997.0627102225118,56.916666666666664
1,112,phi-0.60,0,-0.0056865355495266555,1.0,1854.0050934101619,9.416666666666666,999.9254330552794,59.75,967.1369497980836,55.25
1,112,phi-0.60,1,0.007407425157909862,1.0,2455.753138235245,9.416666666666666,992.7798918907383,59.25,969.440486203091,56.833333333333336
1,112,phi-0.60,2,-0.006754396906121248,1.0,2035.9784328668072,9.333333333333334,1010.1926020885861,60.0,976.8372724782524,57.583333333333336
1,112,phi-0.30,0,0.01185125058720527,1.0,2244.33275605287,9.583333333333334,1009.2339420481626,59.583333333333336,973.2050106119774,56.75
1,112,phi-0.30,1,0.003106451577454583,1.0,2858.3792576409487,8.75,1002.9962852805884,58.833333333333336,974.0757477552884,57.166666666666664
1,112,phi-0.30,2,-0.0022186497484797006,1.0,2036.5358065681319,9.75,1008.4332810072605,59.75,973.1674213262686,56.75
1,112,phi+0.00,0,-0.004890284733470504,1.0,2174.265763540862,9.833333333333334,1019.1675127604452,60.916666666666664,977.8271958872355,57.833333333333336
1,112,phi+0.00,1,-0.009258513417918056,1.1004616144535082,2033.022967177959,9.333333333333334,991.6620604788727,59.583333333333336,974.696375206026,57.083333333333336
1,112,phi+0.00,2,0.0015147733085378095,1.0,1941.6406281022792,9.166666666666666,1008.7394871736878,59.833333333333336,979.2985494434032,57.0
1,112,phi+0.30,0,-0.0006165446966807239,1.180018617867692,2030.9658299384948,9.25,996.5248480260483,59.083333333333336,979.4970829476782,57.333333333333336
1,112,phi+0.30,1,-0.002063863226689267,1.3320782928327788,2486.644728199118,9.5,1007.3306137792324,59.333333333333336,981.8445426902454,56.833333333333336
1,112,phi+0.30,2,-0.0003678424881944836,1.2174674075628276,1933.79283544466,9.333333333333334,1005.7585602429377,60.416666666666664,978.0019115066084,57.25
1,112,phi+0.60,0,0.0010820833868301553,1.7380086227949776,2577.799589154933,8.833333333333334,1006.7031159623847,60.166666666666664,965.535045815407,56.083333333333336
1,112,phi+0.60,1,-0.012884985531131843,2.0044518648740177,2358.4489383995065,9.416666666666666,1008.6686367882403,59.75,980.6343865120713,57.0
1,112,phi+0.60,2,-0.0010538220889362861,2.0685586346388547,1787.461921197693,9.833333333333334,1004.8139295567233,60.666666666666664,967.380728891428,56.75
1,112,phi+0.90,0,0.10125367449567536,8.400894479771747,2454.7115819181076,8.333333333333334,1000.7263420981017,58.583333333333336,970.8961833685358,55.25
1,112,phi+0.90,1,0.15980134203216717,12.351127927332596,2175.8991420949465,9.166666666666666,1033.915852504527,60.666666666666664,982.7126153128046,56.416666666666664
1,112,phi+0.90,2,0.10389800496617592,8.541038602865303,2055.7424009702167,8.916666666666666,984.2985303261698,59.0,961.06270732065,56.083333333333336
1,112,phi+0.99,0,0.5278265761611421,41.31693305635336,1637.8339869245283,8.25,980.7136312677768,58.166666666666664,957.5174203705064,55.083333333333336
1,112,phi+0.99,1,0.5374154141381317,45.392305259448904,1620.599472089709,9.25,975.0479567721926,57.5,943.4070495939885,54.416666666666664
1,112,phi+0.99,2,0.20295245516363628,14.783099870158294,1762.0140080486965,8.583333333333334,1004.3920382813695,58.25,971.1943244491549,56.166666666666664
1,112,sorted,0,0.6166505056982065,50.51147283786926,1612.1503640574026,8.25,956.9007143137005,55.583333333333336,916.8622408941792,52.083333333333336
1,111,real,0,0.0038805741859841087,2.662326907287638,1719.023468094366,8.0,920.6135593937415,51.416666666666664,926.0079215585756,52.666666666666664
1,111,phi-0.60,0,-0.0012370225041832231,1.0,1726.523468094366,8.75,926.8453664472349,52.0,931.1059118560144,53.25
1,111,phi-0.60,1,0.009638370618471045,1.0,1724.8568014276996,8.583333333333334,925.3953038570094,51.916666666666664,930.1308403580865,53.166666666666664
1,111,phi-0.60,2,-0.001877222246502827,1.0,1725.6901347610328,8.666666666666666,926.2286371903427,52.0,930.9641736914199,53.25
1,111,phi-0.30,0,0.0038805741859841087,1.0,1725.6901347610328,8.666666666666666,924.8088149694344,51.833333333333336,933.0409317427044,53.333333333333336
1,111,phi-0.30,1,-0.001877222246502827,1.0,1728.1901347610328,8.916666666666666,928.7286371903427,52.25,933.4641736914199,53.5
1,111,phi-0.30,2,-0.001397072439763124,1.0,1726.523468094366,8.75,929.1106045560691,52.166666666666664,931.7149911862415,53.25
1,111,phi+0.00,0,0.009638370618471045,1.0,1728.1901347610328,8.916666666666666,928.7286371903427,52.25,933.6085187282048,53.5
1,111,phi+0.00,1,-0.001877222246502827,1.0,1724.8568014276996,8.583333333333334,924.7025395790242,51.833333333333336,929.3414103089622,53.083333333333336
1,111,phi+0.00,2,-0.001877222246502827,1.0,1726.523468094366,8.75,927.420261649112,52.083333333333336,931.7975070247531,53.333333333333336
1,111,phi+0.30,0,-0.001877222246502827,1.0,1728.1901347610328,8.916666666666666,928.7286371903427,52.25,933.2323233715136,53.333333333333336
1,111,phi+0.30,1,-0.001877222246502827,1.0,1728.1901347610328,8.916666666666666,928.1387109384269,52.083333333333336,932.5632719428668,53.333333333333336
1,111,phi+0.30,2,-0.001877222246502827,1.0,1727.3568014276996,8.833333333333334,927.4122276208906,52.083333333333336,932.5718845936991,53.333333333333336
1,111,phi+0.60,0,-0.001877222246502827,1.0,1726.0017584746302,8.916666666666666,929.6615566632494,52.083333333333336,935.0318254983114,53.416666666666664
1,111,phi+0.60,1,-0.0011730025299512628,1.664188647288809,1725.6901347610328,8.666666666666666,927.6994316522884,52.083333333333336,935.6691304380629,53.083333333333336
1,111,phi+0.60,2,-0.001877222246502827,1.0,1726.523468094366,8.75,927.061970523676,52.083333333333336,932.3606050348184,53.333333333333336
1,111,phi+0.90,0,-0.001877222246502827,1.664188647288809,1737.8006183673854,8.833333333333334,932.7362580531912,52.416666666666664,937.5010672418225,53.666666666666664
1,111,phi+0.90,1,-0.001877222246502827,1.0,1728.1901347610328,8.916666666666666,927.8953038570094,52.166666666666664,933.9683386625802,53.416666666666664
1,111,phi+0.90,2,0.015396167050957981,1.664188647288809,1719.8568014276996,8.083333333333334,923.1213845685138,51.583333333333336,925.1308403580865,52.666666666666664
1,111,phi+0.99,0,0.009638370618471045,2.662326907287638,1719.023468094366,8.0,920.2286957529359,51.416666666666664,926.9386027920272,52.75
1,111,phi+0.99,1,0.021153963483444917,1.3302364542045666,1719.023468094366,8.0,920.3953038570094,51.416666666666664,923.6833531929582,52.5
1,111,phi+0.99,2,0.01539616705095798,1.664188647288809,1721.523468094366,8.25,922.6129149492966,51.583333333333336,929.1230266552076,52.916666666666664
1,111,sorted,0,0.011478944877639908,2.6669683554194554,1719.023468094366,8.0,921.2368781956292,51.5,925.9641736914199,52.75
1,113,real,0,0.38413433274247016,44.8386189455179,1879.3336210606979,6.416666666666667,1057.342382772921,61.5,997.3487878256682,57.416666666666664
1,113,phi-0.60,0,0.009627757015237246,1.0,2282.2098306877265,6.25,1082.1517133201655,62.166666666666664,983.6388900992036,55.416666666666664
1,113,phi-0.60,1,0.0032361436267797955,1.0,2540.776774206834,6.333333333333333,1107.9364066539408,63.75,1001.9761566090605,55.0
1,113,phi-0.60,2,0.00123719325576104,1.0,2857.1353653153787,6.583333333333333,1111.1447102775116,62.5,994.9568725457284,56.5
1,113,phi-0.30,0,0.007812668715276885,1.0,2538.7388262566938,6.416666666666667,1102.6721664301538,63.166666666666664,1010.117199051875,57.5
1,113,phi-0.30,1,-0.0029245789197387267,1.0,2365.9508344101723,6.416666666666667,1095.8040078780748,64.0,1001.2319251399159,56.5
1,113,phi-0.30,2,0.006887422801338409,1.0,2282.073418639325,6.583333333333333,1088.6170688213112,63.416666666666664,973.133494266617,54.083333333333336
1,113,phi+0.00,0,-0.0026394065178183407,1.0,2645.7237826004853,6.916666666666667,1098.917644742037,62.5,999.7969269890422,55.583333333333336
1,113,phi+0.00,1,-0.003294510244365155,1.0,2146.963110501392,6.416666666666667,1100.3743494753412,62.75,1003.419046719738,57.75
1,113,phi+0.00,2,0.0019446884364727522,1.0326557933435048,2674.5533520504,6.333333333333333,1118.2669963425517,61.166666666666664,1014.8557348200326,57.666666666666664
1,113,phi+0.30,0,0.0035742645428725917,1.7709575961971797,2362.6562283409826,6.416666666666667,1106.0816158884904,63.333333333333336,990.7260434606223,55.916666666666664
1,113,phi+0.30,1,0.00931599741654379,1.7015064250198222,2494.13598827903,6.666666666666667,1079.0769933894092,62.416666666666664,978.6942049874546,55.166666666666664
1,113,phi+0.30,2,-0.0010004485006355616,1.8243863619340297,2336.160315525758,6.25,1090.370795033914,62.166666666666664,981.3349126865677,56.333333333333336
1,113,phi+0.60,0,0.028336886109736194,3.334311316507836,2377.6639347960536,6.583333333333333,1117.2739064821108,63.5,997.8687348216672,54.833333333333336
1,113,phi+0.60,1,0.03066818482192453,3.3367588155111023,2367.686997714882,6.5,1098.2810020116676,62.166666666666664,989.7403003042019,54.833333333333336
1,113,phi+0.60,2,0.03102867109344228,3.6488426448552946,2533.671058050807,6.166666666666667,1099.106590828102,61.916666666666664,978.8604270158403,54.75
1,113,phi+0.90,0,0.28273200440461677,19.892573695174278,2194.656237914763,6.166666666666667,1106.2619736075123,61.083333333333336,986.2463563651667,56.0
1,113,phi+0.90,1,0.2160120180627182,17.643204654591933,2980.8890576136723,6.166666666666667,1116.0214810045575,62.583333333333336,992.167610708776,55.333333333333336
1,113,phi+0.90,2,0.31912699495863456,30.019194149487785,2016.342376420098,6.25,1071.705364786839,59.916666666666664,951.0652292574365,54.25
1,113,phi+0.99,0,0.5953299283305925,49.74399658374594,1910.4769575282062,6.083333333333333,1074.1726759799847,59.0,984.8074586855888,54.333333333333336
1,113,phi+0.99,1,0.6660947453115802,63.776686327118625,2620.1092632914238,6.5,1211.0828508613893,61.75,1014.987695923156,55.083333333333336
1,113,phi+0.99,2,0.7891206183631376,79.27062523091998,2812.9034967656567,6.083333333333333,1196.7705878539768,58.666666666666664,1027.3058347848778,56.25
1,113,sorted,0,0.8624167011661044,96.85382414579578,1842.54712334153,6.166666666666667,1007.1570161925688,56.5,943.401488484005,53.333333333333336
1,115,real,0,0.22633071599671475,27.077300385825165,1719.6438300580865,6.833333333333333,1088.3112149754347,64.16666666666667,991.8528300521731,56.75
1,115,phi-0.60,0,0.007357890679992668,1.0,2039.171489413403,7.416666666666667,1121.5072808488337,66.75,1012.3636662687555,57.916666666666664
1,115,phi-0.60,1,0.006322880974111481,1.0,2182.764378961603,6.916666666666667,1100.4372966481703,65.91666666666667,1006.9387817817409,57.416666666666664
1,115,phi-0.60,2,0.005650250854145479,1.0,2235.8142148141474,7.583333333333333,1124.6532917577626,65.25,1051.3147720007003,60.333333333333336
1,115,phi-0.30,0,-2.2484445273186434e-06,1.0,2438.9371035055597,7.333333333333333,1116.393039392211,65.33333333333333,1001.1239080258539,58.75
1,115,phi-0.30,1,-0.0060319653981351145,1.0,2049.3468384421217,6.75,1099.5633404333437,64.41666666666667,1004.1932946817782,57.916666666666664
1,115,phi-0.30,2,-0.0005863070410626868,1.0,2599.972038027797,7.083333333333333,1096.7822348560603,65.33333333333333,999.442470998838,57.0
1,115,phi+0.00,0,0.000693639587142786,1.0,3103.9310605232968,7.416666666666667,1140.2690931347931,65.41666666666667,1026.394209715766,58.583333333333336
1,115,phi+0.00,1,-0.004569131954415541,1.0,2285.6121158218084,7.5,1104.1831962108165,65.91666666666667,1014.0729035780981,58.333333333333336
1,115,phi+0.00,2,-0.005449408013861287,1.0844316802282197,2060.7095993951893,7.5,1103.0881330247732,66.25,1019.819199465991,58.666666666666664
1,115,phi+0.30,0,0.0017876534619121756,1.706970509682462,2931.7048156646597,7.416666666666667,1101.258747207293,65.08333333333333,1024.1845367193052,58.916666666666664
1,115,phi+0.30,1,0.001999085067094915,1.4209559091196633,2413.4886150059597,7.5,1117.1762706393854,65.08333333333333,1035.6458071980871,59.333333333333336
1,115,phi+0.30,2,0.002428627584189263,1.3195404670015498,2399.717712856711,7.25,1112.5263368969552,66.08333333333333,1029.244822770702,59.25
1,115,phi+0.60,0,0.022854252154848004,3.3374124667677534,2621.0538736002386,7.083333333333333,1121.1987700377028,64.83333333333333,1034.4719307944636,59.416666666666664
1,115,phi+0.60,1,-0.01193516714448446,2.99345200535765,2208.210947700351,6.916666666666667,1102.2702435795884,63.75,1031.4538316104374,59.333333333333336
1,115,phi+0.60,2,0.02513596425218642,3.208127996173807,2313.7993088750577,7.0,1114.6411992826488,66.25,1012.5286309977251,57.583333333333336
1,115,phi+0.90,0,0.1683075566863726,12.866318136701931,2671.012602075429,7.0,1149.3779940634183,63.75,1040.1903177114827,57.75
1,115,phi+0.90,1,0.19272525276764726,14.209059675935679,2685.6770546406087,7.0,1140.9422505446382,64.41666666666667,1030.457905178798,58.5
1,115,phi+0.90,2,0.19273615287406792,13.720238207253564,2897.730900749668,7.583333333333333,1167.2559292804335,63.916666666666664,1033.6835736209773,56.0
1,115,phi+0.99,0,0.6647177012783512,61.84844553708146,2166.4573478784055,7.25,1127.746125798819,62.0,1010.6403757589027,55.25
1,115,phi+0.99,1,0.5401354679818722,47.838262096340365,3008.1087969169967,6.916666666666667,1180.7630003169288,62.416666666666664,1047.8195563367096,56.5
1,115,phi+0.99,2,0.6576283242783936,59.57641264721781,1600.7087172519286,6.5,1051.8009196628475,61.416666666666664,996.1823417863512,57.166666666666664
1,115,sorted,0,0.7630827853960603,82.7849965180105,1577.4413867546245,6.5,1006.6190675233001,59.083333333333336,962.0359239730291,54.75
1,114,real,0,0.0005721312010049892,1.3757060131303211,2167.4831313347654,6.166666666666667,1128.02755067589,63.083333333333336,975.7275683929985,55.0
1,114,phi-0.60,0,0.00817090546905857,1.0,2604.2833880034627,6.0,1134.3969205605845,63.75,986.1639870348118,55.583333333333336
1,114,phi-0.60,1,0.006903523490898959,1.0,2457.851356321769,6.083333333333333,1137.9577897603033,63.083333333333336,992.5823610632932,56.5
1,114,phi-0.60,2,0.01115344249546929,1.0,2578.563744210845,6.083333333333333,1125.980171551919,63.416666666666664,989.3468105064557,55.083333333333336
1,114,phi-0.30,0,-0.0001707597272793299,1.0,2278.716388506576,6.0,1134.4226133293057,64.75,987.7884752677145,55.583333333333336
1,114,phi-0.30,1,9.113826973251895e-05,1.0,2571.9225331777197,6.0,1116.130927720393,64.41666666666667,997.9040704174212,56.75
1,114,phi-0.30,2,0.00040099035984782487,1.0,2889.57919352986,6.166666666666667,1162.819041486629,64.16666666666667,990.3368744559504,54.666666666666664
1,114,phi+0.00,0,0.001884130052049101,1.0101588119874132,2270.1406368271782,6.083333333333333,1103.1974389529616,62.333333333333336,995.0083893882801,56.833333333333336
1,114,phi+0.00,1,-0.001248953215422929,1.0,3289.7269050070577,6.333333333333333,1127.662870980911,62.333333333333336,1007.0020850058121,56.833333333333336
1,114,phi+0.00,2,0.001173040309303461,1.0,2174.119771643124,6.0,1138.3458082564855,62.666666666666664,980.9628037256076,55.166666666666664
1,114,phi+0.30,0,-0.01007902368523146,1.73657570457014,2224.521626757386,6.25,1130.2896922072553,64.33333333333333,994.8954120815691,56.333333333333336
1,114,phi+0.30,1,-0.006211975720445921,1.7343392030163216,2698.4814615037635,6.25,1139.7430228701912,63.583333333333336,987.785946324277,55.666666666666664
1,114,phi+0.30,2,-0.0043994652464065045,1.5082562478098587,2279.9672632468723,6.083333333333333,1155.6477162984252,63.083333333333336,995.5838332171442,57.166666666666664
1,114,phi+0.60,0,0.02073432562600771,3.391903650096805,2730.706618926451,6.25,1140.3958827741249,62.166666666666664,985.7092902111693,55.583333333333336
1,114,phi+0.60,1,0.03674397551485448,4.1771968333878515,2233.1130348407996,6.083333333333333,1123.8977682275533,63.0,1000.2755917123401,55.5
1,114,phi+0.60,2,0.032386803679595386,4.717184367522016,2463.2922604806085,6.083333333333333,1144.598872711914,63.166666666666664,997.158438244894,56.166666666666664
1,114,phi+0.90,0,0.22186442740855838,15.594697349450907,2232.662296504975,6.083333333333333,1133.5036198770997,62.416666666666664,987.7538283426776,54.833333333333336
1,114,phi+0.90,1,0.2923848369571747,19.861804576307378,2600.7269774571664,6.0,1183.9140412281379,61.416666666666664,1016.5047656329692,55.0
1,114,phi+0.90,2,0.2193193328275956,15.44210193356834,3619.35215738286,6.333333333333333,1179.129568307395,63.416666666666664,1021.8958346110112,56.083333333333336
1,114,phi+0.99,0,0.7115316366662912,63.65406102809464,2594.0525632007952,6.083333333333333,1175.5791051564217,60.666666666666664,977.5940353808201,53.75
1,114,phi+0.99,1,0.6519439986402196,62.055867503008315,2558.297836467505,6.166666666666667,1176.5265519503512,62.666666666666664,978.9528617886472,53.833333333333336
1,114,phi+0.99,2,0.737588547401439,73.25499115945227,2359.2003185896224,6.0,1210.2358137829247,61.5,1010.9054113496237,55.75
1,114,sorted,0,0.9180231612552103,104.49938161360853,1791.5930965871569,6.083333333333333,1028.9709785189063,59.75,950.8824892177078,55.25
1,116,real,0,0.03370312816334661,1.7391575831687907,1789.3254948315898,5.916666666666667,1022.6544813834589,54.333333333333336,941.292417708975,51.25
1,116,phi-0.60,0,0.00544617078644048,1.0,2003.331216542967,5.916666666666667,1039.3020124993243,53.0,937.3885060277984,48.75
1,116,phi-0.60,1,0.006357459569946498,1.0,1987.4727267570497,5.916666666666667,1050.27596290345,53.333333333333336,925.383231700718,48.75
1,116,phi-0.60,2,0.006962289053890082,1.0,2037.756360645593,5.916666666666667,1049.0485661059377,53.666666666666664,942.9632149577584,50.166666666666664
1,116,phi-0.30,0,0.002533873443460276,1.0,1995.0352701420807,5.916666666666667,1041.2629879094047,52.916666666666664,938.3709247499318,51.166666666666664
1,116,phi-0.30,1,0.004672837631626655,1.0,2204.817596598626,5.916666666666667,1050.3601760559386,53.0,944.4366307463342,50.0
1,116,phi-0.30,2,0.005305014002788278,1.0,1897.428678880605,5.916666666666667,1067.0059542485078,54.916666666666664,931.8720599034001,49.5
1,116,phi+0.00,0,0.0018268641424070253,1.1265738319014744,1871.2923279724312,5.916666666666667,1029.7052749336983,54.416666666666664,935.9187532322418,50.5
1,116,phi+0.00,1,0.0019823724930193385,1.0637253066153955,1927.4774709163264,5.916666666666667,1023.3804535929539,53.833333333333336,926.2988154563577,50.083333333333336
1,116,phi+0.00,2,-0.003936337848666375,1.0,1888.7203233605014,5.916666666666667,1042.6603233105725,53.75,924.9669665074761,48.083333333333336
1,116,phi+0.30,0,-0.011583139360271368,1.833702802151321,1932.0300897276236,5.916666666666667,1034.2689596794369,54.166666666666664,919.9197299723666,50.083333333333336
1,116,phi+0.30,1,-0.00927476603835885,1.8481063308191064,2104.6768275485215,5.916666666666667,1061.1875562994599,56.0,954.721002932242,51.166666666666664
1,116,phi+0.30,2,0.005458481775585349,2.1816925291503098,2048.0513393010806,5.916666666666667,1053.7728115081165,53.0,929.8882614116043,49.666666666666664
1,116,phi+0.60,0,0.034618256607066654,4.166487409596636,2235.8615822595534,6.0,1075.56628544245,54.166666666666664,934.5316228775192,50.0
1,116,phi+0.60,1,0.005071790714230429,3.3598192520673233,1843.8924724181932,5.916666666666667,1056.4670656579012,55.083333333333336,946.8019261103341,51.416666666666664
1,116,phi+0.60,2,0.01454744621305859,4.002392865481021,2063.902036813665,6.0,1055.9929092788145,54.083333333333336,926.2022315235072,50.0
1,116,phi+0.90,0,0.29655555382537613,23.291128930469277,2005.1163612751923,6.083333333333333,1078.7782736029667,53.833333333333336,950.5374907345116,51.583333333333336
1,116,phi+0.90,1,0.21403750626649057,15.511967681725904,1758.7911662657737,5.916666666666667,1075.8995831313757,54.25,945.2395616514144,50.0
1,116,phi+0.90,2,0.27955228007279626,21.993904390237773,1761.2602309026126,5.916666666666667,1013.5860014571953,53.583333333333336,934.0561779106566,50.333333333333336
1,116,phi+0.99,0,0.6940562581512821,64.76245811564493,2069.2429618875353,5.916666666666667,1096.7446923843293,52.083333333333336,937.5000995700633,49.5
1,116,phi+0.99,1,0.8107723036901118,83.0307102287355,1940.5170209894588,5.916666666666667,1054.3787563836734,53.25,944.0046603188752,51.916666666666664
1,116,phi+0.99,2,0.6437873334678345,54.434599107302304,1965.8812824727768,5.916666666666667,1058.8072347754471,52.583333333333336,929.5287840134529,50.0
1,116,sorted,0,0.8770235955557607,100.0516356816355,1580.0886947490574,5.916666666666667,981.7673995022395,53.416666666666664,903.1084353685801,48.666666666666664
1,117,real,0,0.037717178941512275,3.551161190474341,3012.7795122818716,9.166666666666666,1131.7815742932373,63.083333333333336,1032.0649507813864,56.75
1,117,phi-0.60,0,0.011433824810352015,1.0,2426.140505435187,9.166666666666666,1045.4352498672476,62.083333333333336,981.6751063434066,56.416666666666664
1,117,phi-0.60,1,-0.0017346933385706078,1.0,1892.9603815683204,9.583333333333334,1050.5330782587473,62.833333333333336,983.9255368591948,56.75
1,117,phi-0.60,2,0.0021601968188790454,1.0,2178.556007038334,9.416666666666666,1042.2040741543049,61.916666666666664,992.2354220707558,57.916666666666664
1,117,phi-0.30,0,0.0037982403220036616,1.0,2527.9621950076003,10.25,1088.9755457931387,64.91666666666667,997.4498622349471,58.5
1,117,phi-0.30,1,-0.00404975216010982,1.0,2182.8360366455954,10.0,1065.5194332732387,63.916666666666664,995.3504208564427,56.916666666666664
1,117,phi-0.30,2,-0.0027283066629215564,1.0,2413.5685066747096,9.666666666666666,1039.7202110413425,62.166666666666664,995.9557953772014,56.833333333333336
1,117,phi+0.00,0,0.008220310023572734,1.1144963557309104,2565.672368615046,9.75,1059.3031335654102,62.916666666666664,978.8052746332568,56.666666666666664
1,117,phi+0.00,1,-0.0046575711832483255,1.0,2293.2837710442373,9.583333333333334,1054.7634513398489,62.333333333333336,996.7654315500986,57.916666666666664
1,117,phi+0.00,2,0.006176013963288205,1.1790787902623032,2854.3241752573526,9.5,1061.2624680243234,63.75,980.3411384080282,56.333333333333336
1,117,phi+0.30,0,-0.0015999106837570676,1.0611832424654848,2837.943780717856,10.0,1047.6108860128963,62.833333333333336,1001.7332844501884,58.333333333333336
1,117,phi+0.30,1,0.009980212299017981,1.4850795558908885,2448.424209386068,9.416666666666666,1039.956522112569,60.833333333333336,984.6663323602742,56.583333333333336
1,117,phi+0.30,2,0.00745233526374334,1.2322091012282725,2343.4243106283284,9.25,1052.0715491233304,62.916666666666664,994.4016679656071,57.75
1,117,phi+0.60,0,0.00803782659992687,2.7853283907514887,1835.7691439594435,9.083333333333334,1038.109291377317,61.75,982.4575807275625,57.166666666666664
1,117,phi+0.60,1,0.0020560439218479908,2.322466223899673,2217.7749901207026,9.583333333333334,1069.553676699224,64.41666666666667,998.6522358892585,58.416666666666664
1,117,phi+0.60,2,-0.0045887518996592085,2.2365370552150603,2900.168202642417,9.083333333333334,1045.8848475462648,62.583333333333336,989.0765623961569,57.666666666666664
1,117,phi+0.90,0,0.057122079862938595,4.819336846743761,3361.875708470643,9.333333333333334,1091.1079293495945,65.33333333333333,999.6132394501365,57.583333333333336
1,117,phi+0.90,1,0.06590288716294751,6.133711783901136,2367.7546040006932,9.416666666666666,1047.2104624888627,61.833333333333336,984.1143209376932,55.5
1,117,phi+0.90,2,0.03436183743700083,5.375707222487115,2080.7060759367937,9.333333333333334,1046.8900348275765,62.666666666666664,967.9760911854604,55.833333333333336
1,117,phi+0.99,0,0.6053265636570717,44.83471746310357,1936.996048773018,8.833333333333334,1032.565768802714,60.5,968.5999522675911,55.583333333333336
1,117,phi+0.99,1,0.4270449899587197,27.69575844213315,2081.302998533182,7.833333333333333,1050.3598640961163,60.333333333333336,972.7568709920112,54.916666666666664
1,117,phi+0.99,2,0.3412031755065646,22.75776425392554,1737.5573772884393,7.916666666666667,1012.0148241026378,59.583333333333336,952.6350082822088,54.083333333333336
1,117,sorted,0,0.6440621117784429,52.23438506341326,1685.4668711927861,7.666666666666667,999.6328596198663,58.083333333333336,929.8699989916623,52.416666666666664
1,118,real,0,0.006862761865583825,1.4635294255317426,2133.7373885527463,5.916666666666667,1086.4533694773106,57.25,932.9648435560861,51.416666666666664
1,118,phi-0.60,0,0.0054192278200975545,1.0,2186.424481134044,5.916666666666667,1055.3834710047047,57.166666666666664,931.9798238800753,51.75
1,118,phi-0.60,1,0.005701223837885436,1.0,2037.581167365647,5.916666666666667,1056.1366316376138,58.666666666666664,933.6159990987663,51.083333333333336
1,118,phi-0.60,2,0.0034823792219746794,1.0,2401.5632093246677,5.916666666666667,1085.999173036579,58.083333333333336,945.3447416270723,50.833333333333336
1,118,phi-0.30,0,-0.0016042578077434173,1.0,2079.061091508787,5.916666666666667,1073.0652662439174,58.583333333333336,934.9026715204599,50.833333333333336
1,118,phi-0.30,1,-0.003017093552559154,1.0,2424.113853888992,5.916666666666667,1083.1170128882347,59.083333333333336,912.7161768269083,49.083333333333336
1,118,phi-0.30,2,-0.002243210810072921,1.0,1967.476229703035,5.916666666666667,1049.6656226099547,58.083333333333336,929.91643818513,50.416666666666664
1,118,phi+0.00,0,-0.005732108376982721,1.1476326442066642,2588.188588450902,5.916666666666667,1087.2207009661295,58.833333333333336,953.675568293123,51.5
1,118,phi+0.00,1,-0.004957511720527403,1.0390661639015484,2033.7242732626617,5.916666666666667,1067.8228069833915,58.75,931.3621134688359,50.75
1,118,phi+0.00,2,-7.077060215261422e-05,1.0282175272273595,2449.7289127100717,5.916666666666667,1094.667202000402,59.666666666666664,944.1986344736312,50.833333333333336
1,118,phi+0.30,0,-0.008114439291813498,1.4142937899386365,2131.5447484968054,5.916666666666667,1080.5663790010583,59.416666666666664,948.6350911745936,51.916666666666664
1,118,phi+0.30,1,0.005894694523506993,1.457415140383267,2047.50174929482,5.916666666666667,1063.9271559670897,57.416666666666664,922.5990202855432,50.5
1,118,phi+0.30,2,-0.0016035438937743365,1.5212647501221956,2868.540456494535,5.916666666666667,1094.0447366116841,58.75,953.0860908291489,51.333333333333336
1,118,phi+0.60,0,0.01521912487370317,2.7858848002966905,2165.1488188427616,5.916666666666667,1065.2060750813675,57.583333333333336,936.0488990579106,50.583333333333336
1,118,phi+0.60,1,0.04262842388871612,3.2006205650616657,2415.663921930783,5.916666666666667,1111.8285789137892,58.583333333333336,957.1117260141954,51.833333333333336
1,118,phi+0.60,2,0.04719390372100345,4.462848910320519,2106.3871217643973,5.916666666666667,1087.1178084099743,57.75,930.7234563907717,50.0
1,118,phi+0.90,0,0.22760924458993667,16.919625842655158,2106.5320135966426,5.916666666666667,1085.2062943681942,57.333333333333336,929.486958654821,50.666666666666664
1,118,phi+0.90,1,0.23832080978206155,16.423788597409533,2345.98622270608,5.916666666666667,1103.5095146648957,58.083333333333336,926.8943891227841,49.666666666666664
1,118,phi+0.90,2,0.25408688587529593,17.826093257588504,2093.8141194173054,5.916666666666667,1094.6008150952728,57.916666666666664,940.3090392641394,50.333333333333336
1,118,phi+0.99,0,0.5585711936892984,53.553211158649134,2053.3674537525562,5.916666666666667,1091.9205165861983,56.5,930.3623646553202,49.416666666666664
1,118,phi+0.99,1,0.5476368873388197,47.578428027865115,2187.577264469179,5.916666666666667,1075.638761004805,56.666666666666664,925.896360041596,49.916666666666664
1,118,phi+0.99,2,0.6437825372111361,68.31137351553618,2024.6033103326236,5.916666666666667,1103.7432570004214,57.75,938.9887550522109,48.833333333333336
1,118,sorted,0,0.9335723537994983,105.80467593163523,1607.3034421196337,5.916666666666667,1017.0166517927983,55.916666666666664,907.3316644236305,49.333333333333336
1,121,real,0,0.29930464638239485,33.3868040827366,1660.9916930783972,7.416666666666667,1063.5963658703272,62.666666666666664,979.2368121511939,56.416666666666664
1,121,phi-0.60,0,0.0006226059550910173,1.0,2180.595592232517,7.75,1098.7019691780927,63.833333333333336,1020.686875352386,60.0
1,121,phi-0.60,1,7.795957147667901e-05,1.0,2202.666431767991,7.75,1122.2388259642285,66.08333333333333,1014.3308265307425,58.416666666666664
1,121,phi-0.60,2,0.005792557067380643,1.0,2177.4772974836774,8.083333333333334,1118.6297006901439,65.75,1009.1224130689402,56.833333333333336
1,121,phi-0.30,0,0.001578152472108129,1.0,1965.0275751903466,7.666666666666667,1104.7151919703883,64.58333333333333,1012.401503560212,58.416666666666664
1,121,phi-0.30,1,0.00028429310109779287,1.0,2222.575716198491,7.666666666666667,1139.262024712476,66.83333333333333,1018.8185177011704,58.833333333333336
1,121,phi-0.30,2,0.00040103221752656686,1.0,2101.967962361286,7.666666666666667,1097.8352015232965,63.833333333333336,1017.4497958540538,58.75
1,121,phi+0.00,0,0.009252011235751013,1.0,2474.5838226533574,7.583333333333333,1116.7487913707937,66.0,1049.9069924592375,60.083333333333336
1,121,phi+0.00,1,0.00012790143303484069,1.0,1905.828459495727,7.5,1102.8260754720795,65.0,1027.6352935935683,59.416666666666664
1,121,phi+0.00,2,0.009614767022114277,1.0464179388583879,2202.9580360346768,7.916666666666667,1114.234309424267,65.66666666666667,1025.5335841404856,60.583333333333336
1,121,phi+0.30,0,0.005474067911506831,1.5852641608963243,2153.5337770266433,8.25,1134.7320279686248,66.16666666666667,1024.7797404322719,59.75
1,121,phi+0.30,1,-0.0018604546521620888,1.3508008235615232,2071.20239388938,7.833333333333333,1107.1181574173506,65.91666666666667,1030.2372381391344,60.0
1,121,phi+0.30,2,0.008176408449078217,1.5044289419683057,1813.2479260935077,7.666666666666667,1097.3156883903807,63.833333333333336,1011.712497951395,58.833333333333336
1,121,phi+0.60,0,0.015197264385548002,2.882062467915037,2108.414649931575,7.5,1086.676827032848,63.416666666666664,998.792650197407,57.166666666666664
1,121,phi+0.60,1,-0.0002866196782286054,2.5986135765347242,2530.1938955842165,7.666666666666667,1117.019990389731,65.83333333333333,1017.4506533885047,58.583333333333336
1,121,phi+0.60,2,0.01972234186992887,2.9257167331695912,2011.4584137748154,7.5,1102.1189573676,66.25,1019.6184279264577,59.083333333333336
1,121,phi+0.90,0,0.13505686206624026,10.764538262690765,2324.954868549196,7.416666666666667,1126.5980946355685,65.58333333333333,1021.7740858798929,58.916666666666664
1,121,phi+0.90,1,0.18849105941997363,16.906507292103974,1980.6495636159334,7.333333333333333,1102.838575099785,64.25,1011.1833729260992,58.416666666666664
1,121,phi+0.90,2,0.1276744309289467,8.390173949575345,1816.491642705356,7.583333333333333,1091.9645493263072,63.5,1014.474919814682,57.833333333333336
1,121,phi+0.99,0,0.24333038074680385,20.106748361226156,2373.032886858468,7.25,1143.5200642407979,62.5,1018.3132705386705,56.666666666666664
1,121,phi+0.99,1,0.6903060936905624,61.54303054512389,1861.2698748113683,6.666666666666667,1119.2596591213276,60.416666666666664,989.5198602456309,55.25
1,121,phi+0.99,2,0.6037363598972282,57.11807046658955,2320.2531156028263,6.75,1177.6996180940616,59.416666666666664,1056.6977316850675,56.083333333333336
1,121,sorted,0,0.6715887714283229,66.20419899855396,1583.4138841127549,6.916666666666667,1013.2049824387318,58.916666666666664,952.2021222353151,54.5
1,120,real,0,0.2818220703739857,33.575677514398926,1610.2806265360368,6.916666666666667,1089.9938791621723,65.91666666666667,1000.9346591371412,59.0
1,120,phi-0.60,0,-0.0023750748221750832,1.0,2485.635440358472,7.166666666666667,1141.2055358241462,66.91666666666667,1017.7561524259291,58.0
1,120,phi-0.60,1,0.002441231047538574,1.0,2287.5725556163593,7.25,1149.8029074290303,68.0,1024.6056817100032,58.75
1,120,phi-0.60,2,0.005520364121539801,1.0,2532.2319767699796,7.416666666666667,1159.9040738579831,69.25,1026.782391139583,59.5
1,120,phi-0.30,0,-0.00029063413040357727,1.0,2273.607835553774,7.25,1148.1406867032422,69.58333333333333,1014.0377895914729,57.25
1,120,phi-0.30,1,0.0015771445529344408,1.0,2064.740325400467,7.166666666666667,1140.9616376988643,67.16666666666667,1019.3583465293327,57.916666666666664
1,120,phi-0.30,2,-0.0027906890748744463,1.0,2359.4925897321486,7.333333333333333,1157.0712888791124,68.33333333333333,995.8154254373526,56.333333333333336
1,120,phi+0.00,0,-0.003363450311232503,1.0,2228.2990276678333,7.25,1176.3510274450086,68.33333333333333,1043.978645434297,60.916666666666664
1,120,phi+0.00,1,-0.0017117050266546715,1.0,2279.0000653305783,6.833333333333333,1132.3162360935112,67.83333333333333,1016.0416650915155,58.333333333333336
1,120,phi+0.00,2,-0.006486281721081828,1.0,2120.9713611805405,6.916666666666667,1127.5095075077281,67.58333333333333,1020.9136205473077,59.0
1,120,phi+0.30,0,0.018159753606549936,2.3939747939692193,2218.1522672816955,7.0,1123.576006714376,66.91666666666667,1020.7127972846198,58.833333333333336
1,120,phi+0.30,1,0.004916795576524388,1.7703273660190575,2259.102968346571,7.083333333333333,1130.6223566949097,68.41666666666667,1022.689875935874,58.75
1,120,phi+0.30,2,-0.003931829395430022,1.5742862282683359,2308.4962343102143,7.25,1142.25923326085,68.08333333333333,1007.8025299682189,59.166666666666664
1,120,phi+0.60,0,0.004285088143741439,3.17188448684145,2223.2720867496887,7.166666666666667,1142.4097175398758,67.41666666666667,1018.5052535566396,58.5
1,120,phi+0.60,1,-0.0019725309406366546,3.102193706305921,2447.9392111973402,7.25,1152.9920318970355,67.25,1035.3698430325996,57.083333333333336
1,120,phi+0.60,2,0.02339906306284589,3.3972266210093442,2152.7579761396883,7.083333333333333,1148.756357773567,67.91666666666667,1010.9900370347324,58.333333333333336
1,120,phi+0.90,0,0.2994770168795925,24.005614595204566,2154.133364910517,6.916666666666667,1184.772086321544,66.58333333333333,1028.3837681156053,56.833333333333336
1,120,phi+0.90,1,0.2761002332485564,18.764065332374688,2282.5672500389983,6.916666666666667,1169.5566209984233,67.08333333333333,1041.4954538163609,58.75
1,120,phi+0.90,2,0.15282415180024964,12.221573581060799,2430.069760369925,6.916666666666667,1154.9823729384686,67.25,1031.5892983463607,60.0
1,120,phi+0.99,0,0.5757603032382111,51.913560807879136,2403.256634703045,6.583333333333333,1122.0751774224354,63.916666666666664,1001.9400369378595,55.666666666666664
1,120,phi+0.99,1,0.6412687245172985,55.4193005830247,2277.591327930194,6.666666666666667,1237.716372817905,64.5,1041.5349625573738,57.166666666666664
1,120,phi+0.99,2,0.6807204650729924,64.60744444010567,2000.6125868385952,6.333333333333333,1156.6273905206508,63.583333333333336,1009.0229172356879,55.166666666666664
1,120,sorted,0,0.8577803611837768,95.08295677818462,1605.273630511442,6.416666666666667,1032.6992705764148,60.75,961.7142699372108,55.5
1,122,real,0,0.038034745192505305,1.0,2141.922013854872,6.0,1094.6069127345656,55.333333333333336,955.8875832370323,50.25
1,122,phi-0.60,0,0.005248278261328469,1.0,2143.4782857929818,6.0,1064.5943053187682,55.75,951.7618347872904,49.75
1,122,phi-0.60,1,0.007848078286819646,1.0,2136.958266528968,6.0,1084.3279214109887,54.583333333333336,947.3995337928731,49.833333333333336
1,122,phi-0.60,2,0.005130285910508128,1.0,2212.578237347876,6.0,1098.842655033064,55.166666666666664,954.2772052804061,49.666666666666664
1,122,phi-0.30,0,0.0017993482366385639,1.0,2036.704603134612,6.0,1093.7495305114207,54.916666666666664,945.7510571940196,49.916666666666664
1,122,phi-0.30,1,0.0019729062173497276,1.0,2210.6668202688693,6.0,1087.4608907694733,56.833333333333336,970.6560378416906,52.083333333333336
1,122,phi-0.30,2,0.004116709829264734,1.0,2294.212064969129,6.0,1107.3820578001807,54.75,949.4354324074028,50.25
1,122,phi+0.00,0,-0.0029288709024509023,1.0791400948264676,2113.0594015237207,6.0,1084.8115351951856,55.0,943.7897000460333,51.333333333333336
1,122,phi+0.00,1,0.005382418315523888,1.1833620853211795,2140.9870931165947,6.0,1087.3494061536016,54.416666666666664,945.312714457778,49.333333333333336
1,122,phi+0.00,2,0.0062293815278782385,1.162949437886286,2027.603107530943,6.0,1087.1622987482451,56.083333333333336,956.9737916152898,50.333333333333336
1,122,phi+0.30,0,-0.007407169224744988,1.724051291324868,2249.059152181539,6.0,1071.848134737726,53.666666666666664,947.8872046966347,50.0
1,122,phi+0.30,1,0.0011275689079712394,1.6310080094255839,2159.8477551574,6.0,1081.9823370821605,55.583333333333336,958.7717566747502,51.0
1,122,phi+0.30,2,0.007963004570016556,1.6491079880244097,2251.374274429538,6.0,1092.7491078947587,55.166666666666664,948.4085347400019,50.0
1,122,phi+0.60,0,0.02158083874861216,3.0591599164603216,2225.196190223526,6.0,1110.4089659561866,56.5,963.3452703714038,50.5
1,122,phi+0.60,1,0.015858097455566402,3.8168561136217676,2216.9250014782488,6.0,1081.5210014473796,55.416666666666664,960.9459841449813,49.25
1,122,phi+0.60,2,0.029374356788802715,3.583463531244069,2445.9022102480844,6.0,1110.6885499034386,56.75,955.4265536305369,50.0
1,122,phi+0.90,0,0.30597490431697544,22.014703220693878,2206.2865075636237,6.0,1090.5349961426766,54.916666666666664,961.1480316287626,51.583333333333336
1,122,phi+0.90,1,0.23786439817406074,16.608701404507762,1981.647854177688,6.0,1079.6555629926636,56.583333333333336,952.424520889053,50.25
1,122,phi+0.90,2,0.2443884364244055,17.02158011510457,2078.8901393560077,6.0,1092.7602974196534,54.583333333333336,937.5544356736706,48.5
1,122,phi+0.99,0,0.7639378966220661,75.69579000760274,1824.0015331808445,6.0,1052.5424941142116,54.166666666666664,942.1635487768718,50.416666666666664
1,122,phi+0.99,1,0.6149094263440682,52.95994425722242,2175.3694976832217,6.0,1129.9709672197207,54.75,963.8761847044461,50.083333333333336
1,122,phi+0.99,2,0.7869385751210062,81.10664766146613,2982.2278810075973,6.0,1296.245832567912,55.333333333333336,1005.9835809535612,50.0
1,122,sorted,0,0.9619286230580159,112.24625383241484,1762.683609702289,6.0,1032.4629948843283,54.166666666666664,917.5669519647837,49.5
1,124,real,0,0.03152434563042014,4.091532113026735,1830.653173617543,7.833333333333333,1040.5271142245558,63.0,989.9868441847916,59.333333333333336
1,124,phi-0.60,0,-0.001258069505213977,1.0,1719.4076573516886,7.666666666666667,1049.8257069104448,63.25,1014.3562327442241,59.666666666666664
1,124,phi-0.60,1,0.00841197540612569,1.0,2555.332499204443,8.166666666666666,1060.406996809019,63.5,998.9209066821362,59.166666666666664
1,124,phi-0.60,2,0.01042344707907637,1.0,1920.0395287982449,7.583333333333333,1051.0858539466942,62.583333333333336,1014.0541252445788,60.75
1,124,phi-0.30,0,-0.0032232551068894577,1.0,2394.738133047177,7.833333333333333,1053.1667588352216,63.666666666666664,1017.2258830894125,59.166666666666664
1,124,phi-0.30,1,0.002696385009685096,1.0,1832.6644250107568,7.666666666666667,1067.3516868697368,64.66666666666667,1001.2575283241873,59.833333333333336
1,124,phi-0.30,2,-0.004327079700609746,1.0,2039.1779634359361,8.0,1063.6005643659944,64.91666666666667,1013.7340275489669,60.333333333333336
1,124,phi+0.00,0,-0.0027344238005655355,1.0941796448548753,2219.640308550212,8.0,1071.0674223507428,64.58333333333333,1015.1911984015487,60.916666666666664
1,124,phi+0.00,1,-0.002520461461961465,1.0,3033.400662767664,8.166666666666666,1055.4098684548508,63.5,1005.6195605074403,59.833333333333336
1,124,phi+0.00,2,0.00021442597076724748,1.0160015047567614,1898.5435431337758,7.833333333333333,1063.9594056065582,63.333333333333336,1013.2558789098458,59.083333333333336
1,124,phi+0.30,0,-0.0058628458089750235,1.1580043129758484,1798.2495167063316,7.833333333333333,1062.9445648990973,64.66666666666667,1002.0228049079759,59.083333333333336
1,124,phi+0.30,1,0.002868276931002798,1.3223282282135798,1967.0072428690291,8.083333333333334,1054.1692784041772,63.0,1009.2415077206505,60.833333333333336
1,124,phi+0.30,2,0.0016636651416772293,1.1335208083645822,2171.4586596250674,7.75,1051.7682319074877,63.166666666666664,989.2806870281078,58.583333333333336
1,124,phi+0.60,0,0.012809780299388568,2.3423061568295735,2977.952143695869,8.0,1094.1878242203181,65.16666666666667,1029.807283837381,59.833333333333336
1,124,phi+0.60,1,0.022589356400121136,2.987799739968197,1977.9291620494243,7.75,1051.6548653771401,63.416666666666664,1011.8841241421725,61.0
1,124,phi+0.60,2,0.01203570993912154,2.8702196770168333,2295.2877900990293,7.916666666666667,1064.3716711246504,63.916666666666664,1010.8507256946963,60.416666666666664
1,124,phi+0.90,0,0.15155611352284332,11.315340298494759,1905.5395192377052,7.5,1046.048955876128,63.333333333333336,1005.5253293903298,61.5
1,124,phi+0.90,1,0.23315440881890806,23.896212699331002,1739.710922856623,7.25,1036.263025723573,62.25,1007.8720121054188,59.0
1,124,phi+0.90,2,0.2060425654024545,14.753621041539452,1991.845428292918,8.166666666666666,1061.8469865459253,65.16666666666667,1008.5577143422488,60.083333333333336
1,124,phi+0.99,0,0.5357540864125571,51.963161245435,1591.5416331093822,7.25,1014.5635167886375,60.333333333333336,970.3884714451632,57.833333333333336
1,124,phi+0.99,1,0.6398907932740007,50.763654731717764,1875.478692960818,6.833333333333333,1076.7047840084833,58.083333333333336,1040.016198591472,57.75
1,124,phi+0.99,2,0.6095749924889229,47.26863914690793,1732.2229597015046,6.666666666666667,1030.3435017554402,59.25,970.114817182454,56.333333333333336
1,124,sorted,0,0.7039908350833137,67.10324954037989,1573.9182858349886,6.833333333333333,976.9341021825525,57.416666666666664,943.3163036668174,56.0
1,123,real,0,-0.006843269726595439,1.332491397963401,2191.057237891057,6.0,1096.3653213828627,60.666666666666664,1000.3315675329981,54.25
1,123,phi-0.60,0,0.0170533469234641,1.0,2503.1999092910532,6.0,1117.7313553415004,60.833333333333336,1003.02449377231,55.25
1,123,phi-0.60,1,0.002169070684567455,1.0,2497.680652940258,6.0,1118.2276787866003,61.083333333333336,993.4530310382651,55.583333333333336
1,123,phi-0.60,2,0.010884167220232248,1.0,2231.2658962631754,6.0,1092.7576413637341,60.0,996.748740692436,53.916666666666664
1,123,phi-0.30,0,-0.0014266151878962676,1.0,1999.7803655428534,6.0,1082.4230751432149,60.166666666666664,996.3548515991494,54.416666666666664
1,123,phi-0.30,1,0.001146982969473387,1.0,2877.623649763827,6.0,1117.0858139712998,60.833333333333336,997.1354620064732,53.416666666666664
1,123,phi-0.30,2,-0.0018921204838797038,1.0,2718.311056578339,6.0,1106.067427804471,60.0,995.4783172364574,54.0
1,123,phi+0.00,0,0.002730765107152576,1.1229290929172173,2563.9050435178137,6.0,1099.355740953616,60.25,987.765155209634,53.833333333333336
1,123,phi+0.00,1,0.0007009519724404009,1.190962169153949,2191.445108436644,6.0,1111.5032908252617,61.833333333333336,989.7845485514994,54.25
1,123,phi+0.00,2,0.0015393205422572756,1.0,2196.669092259619,6.0,1123.1423953003803,60.833333333333336,999.4198218019234,55.083333333333336
1,123,phi+0.30,0,-0.006049048696988624,1.7057883251688044,2787.6079084346043,6.0,1131.7182066568146,60.25,1011.6636882804738,54.166666666666664
1,123,phi+0.30,1,0.008680198212048905,1.6402384608611984,2095.798096410433,6.0,1079.6880845942749,59.416666666666664,989.7514129467763,53.833333333333336
1,123,phi+0.30,2,0.015396501389186888,2.0976878425636394,2631.2090573466157,6.0,1134.3812632663398,60.666666666666664,998.7126659773504,54.333333333333336
1,123,phi+0.60,0,0.02786363459746044,3.8131015548043536,2405.0898281291998,6.0,1104.8667037156908,60.333333333333336,971.8310902062813,52.916666666666664
1,123,phi+0.60,1,-0.00013665153563199167,2.3890345753490716,2598.2371921458443,6.0,1107.2184664135557,59.25,998.0487130250964,54.333333333333336
1,123,phi+0.60,2,0.022086896793614003,2.5864001965136567,2688.3061614297103,6.0,1123.0694354591235,60.833333333333336,1001.7060107968674,55.083333333333336
1,123,phi+0.90,0,0.1558549521203755,11.689944963534728,2245.3804880709326,6.0,1102.5003373442,60.416666666666664,991.6412333534709,54.666666666666664
1,123,phi+0.90,1,0.19457684831617209,14.94996740378652,2469.823061099325,6.0,1136.1181457701612,60.75,984.9914696409325,53.666666666666664
1,123,phi+0.90,2,0.19001822791167627,14.231492615972515,2706.6181594883647,6.0,1141.700963991893,60.75,1023.4889747562238,55.75
1,123,phi+0.99,0,0.5651495272866313,46.67947729698668,2413.880246296348,6.0,1119.487930195422,60.583333333333336,1005.9468344532738,53.833333333333336
1,123,phi+0.99,1,0.5202415852536904,47.79850236906852,2761.6744184114245,6.0,1167.3138274198423,59.583333333333336,1041.5124797080255,53.916666666666664
1,123,phi+0.99,2,0.7904571160140584,85.04693492273786,1825.7571023529142,6.0,1062.5783321637505,57.833333333333336,988.6270350114231,53.25
1,123,sorted,0,0.966147216487183,113.0969046175989,1744.5271719352584,6.0,1022.2143710712886,57.75,971.7318221274555,54.333333333333336
1,125,real,0,0.04898871334493304,4.2162415539633304,2249.162425931861,6.25,1092.7715837495407,57.666666666666664,1012.0524969171502,53.916666666666664
1,125,phi-0.60,0,0.010474254566040756,1.0,2305.9398422084046,6.25,1084.7874328716923,58.75,982.6043055891728,52.166666666666664
1,125,phi-0.60,1,0.009311477505136606,1.0,2137.532524282797,6.166666666666667,1091.2745939747392,55.916666666666664,983.0053604225632,51.25
1,125,phi-0.60,2,0.007049663766421172,1.0,2247.4673173640854,6.333333333333333,1096.297563897859,55.833333333333336,985.8571977722812,52.083333333333336
1,125,phi-0.30,0,-0.001221067620520806,1.0,2077.4033764535484,6.5,1085.8052636271693,57.0,985.5121325580812,52.333333333333336
1,125,phi-0.30,1,0.007968831183998087,1.0,2380.7863153780268,6.333333333333333,1084.3220892987365,56.75,991.4887365961166,51.916666666666664
1,125,phi-0.30,2,0.0009986978133256065,1.0,2671.3918299622123,6.333333333333333,1092.6053461526653,57.333333333333336,992.9640660829978,53.25
1,125,phi+0.00,0,-0.005050584284476712,1.0,2630.3449864037498,6.416666666666667,1105.8422739680138,57.5,1018.8388883578722,53.083333333333336
1,125,phi+0.00,1,0.004894440786137247,1.0,2289.9841378456827,6.333333333333333,1089.2298610340397,57.166666666666664,992.4458425765397,53.083333333333336
1,125,phi+0.00,2,-0.0034524373606295206,1.0032668736568817,2306.7533438010933,6.583333333333333,1100.1214285654175,56.75,1000.8519432261837,52.5
1,125,phi+0.30,0,-0.0007600620152815616,1.6226011470666146,2386.894370475668,6.5,1104.137144110018,57.583333333333336,1007.3498587297728,54.25
1,125,phi+0.30,1,0.0055464906782619495,1.5659326045200925,2116.1151216431936,6.25,1096.99279974571,57.0,990.6398472344272,53.5
1,125,phi+0.30,2,-0.004503793323815523,1.9325940697878035,2008.7615259176603,6.5,1097.5278510478443,57.333333333333336,976.5191038629417,52.25
1,125,phi+0.60,0,0.03987561707468522,3.966091064996658,2399.1221426214597,6.333333333333333,1071.9841030140026,56.5,987.8288166989502,52.833333333333336
1,125,phi+0.60,1,0.014285948161845653,3.51560097990708,2066.880724138985,6.166666666666667,1081.6249999712027,55.75,985.2868340370229,52.083333333333336
1,125,phi+0.60,2,0.017734221368570623,2.8525809862853793,2202.7634314972133,6.416666666666667,1093.3340080961416,57.416666666666664,985.122195465388,53.5
1,125,phi+0.90,0,0.23136142715706387,16.053337714204936,2046.9841687869682,6.25,1076.2144831893554,57.083333333333336,974.8296954700545,52.416666666666664
1,125,phi+0.90,1,0.21442964746348397,15.236288813029184,2797.058295004863,6.166666666666667,1159.5577371387878,56.75,1032.830027344181,53.25
1,125,phi+0.90,2,0.2369210789461713,19.123947685086552,2421.680206628828,6.166666666666667,1113.0024080851501,56.666666666666664,1002.8236005260696,52.583333333333336
1,125,phi+0.99,0,0.6266392570497136,56.68238491550204,2082.1759079657636,6.166666666666667,1089.904667169498,55.583333333333336,984.198434417366,53.0
1,125,phi+0.99,1,0.5906013085427861,59.98489160410741,2777.34634800729,6.333333333333333,1165.7844082247252,54.083333333333336,1024.5246526022866,52.166666666666664
1,125,phi+0.99,2,0.6262906514841071,58.76572496895903,2360.2298497103425,6.083333333333333,1134.500721066104,55.416666666666664,1025.81905410297,52.583333333333336
1,125,sorted,0,0.7221986380090473,81.81558532711372,1636.6922921600699,6.25,996.952527906224,54.833333333333336,947.2338187650201,51.833333333333336
1,126,real,0,-0.011929122805519407,1.746349682849225,2647.20639887513,6.583333333333333,1108.22796593402,63.0,1012.8594489123444,58.916666666666664
1,126,phi-0.60,0,0.012082126663589305,1.0,3015.2939151161277,6.583333333333333,1123.5753345787105,64.16666666666667,1018.2397791290092,58.333333333333336
1,126,phi-0.60,1,0.006211748828727862,1.0,2526.3557648744686,6.5,1114.4114869725208,63.666666666666664,1010.5567167697603,58.416666666666664
1,126,phi-0.60,2,0.0013180785245055521,1.0,2131.0976429333887,6.5,1107.6787854514714,64.25,1007.1182798961612,58.0
1,126,phi-0.30,0,-0.002752038061506677,1.0,2342.8512247573,6.583333333333333,1094.5378822864059,62.5,1006.5707109846562,56.75
1,126,phi-0.30,1,0.0035087133409649795,1.0,2548.075687032005,6.416666666666667,1093.1086604008062,63.5,1002.4913245894842,57.0
1,126,phi-0.30,2,0.00364188614830445,1.0,2929.8296902056386,7.083333333333333,1116.5069923097324,65.0,1003.9736130819051,57.25
1,126,phi+0.00,0,-0.0027074780788744345,1.0,2760.6035704936926,6.583333333333333,1126.289044813684,64.25,1001.5385734104381,57.5
1,126,phi+0.00,1,-0.002815169015121612,1.0611741968273105,3291.7677401680035,6.916666666666667,1119.813724816904,63.5,1011.6437563822404,56.583333333333336
1,126,phi+0.00,2,-0.000537929210712344,1.0,2984.9836668367666,7.0,1118.810302602532,63.75,1004.7869900995571,57.0
1,126,phi+0.30,0,0.003336155595264752,1.559144667168123,2278.2799409359573,6.583333333333333,1101.4430528470298,63.833333333333336,998.0991671665903,57.0
1,126,phi+0.30,1,0.017331395690955733,1.996158464959541,2352.3924442472185,6.666666666666667,1109.5365388416094,63.333333333333336,988.4463933540959,57.083333333333336
1,126,phi+0.30,2,0.000760355480726007,1.2414206609861358,3195.6510961645563,7.0,1136.9192729282863,64.08333333333333,1004.8227419576292,57.416666666666664
1,126,phi+0.60,0,0.015025339620628684,3.052247646664804,2639.339008074196,6.75,1125.6071788240072,65.16666666666667,1012.833056782276,58.5
1,126,phi+0.60,1,0.015111490080301989,2.6707225182512158,2245.617628836455,6.583333333333333,1123.1387710046195,65.5,998.4885139050257,57.583333333333336
1,126,phi+0.60,2,0.015852919892077443,2.5882465860736623,2713.5615248047557,6.666666666666667,1108.5947774468284,62.916666666666664,1003.6087155210985,57.0
1,126,phi+0.90,0,0.11717558607418413,9.164115253200698,2822.582252426016,7.0,1130.070489743911,63.0,1024.4022065848148,58.083333333333336
1,126,phi+0.90,1,0.15361632063451264,11.584358101741293,2120.614229206491,6.5,1080.886026228119,62.166666666666664,980.8799625577732,56.0
1,126,phi+0.90,2,0.1840881434901554,14.914235628781201,3502.6765931231876,7.083333333333333,1150.3583347178023,62.5,1031.57554545101,57.333333333333336
1,126,phi+0.99,0,0.579731598392057,63.025757019623164,4526.586281527743,6.666666666666667,1430.8385259352108,62.75,1121.42872740857,56.333333333333336
1,126,phi+0.99,1,0.5228761312836664,43.451760866723106,2389.7636285036738,6.416666666666667,1178.3908570115746,61.916666666666664,1040.9666419004245,57.166666666666664
1,126,phi+0.99,2,0.5204762762833588,41.16272591487196,2310.209076435227,6.25,1202.474208636056,62.25,1024.9021231333231,55.416666666666664
1,126,sorted,0,0.9629100637497365,110.94454432464848,1768.2223049275315,6.166666666666667,1050.4918019333784,59.5,964.9912480451854,55.0
1,127,real,0,-0.014247513600392005,1.8364937241661372,2088.8300710559884,11.75,1065.7224797341567,65.16666666666667,979.5231790254484,56.083333333333336
1,127,phi-0.60,0,0.0004958919964592574,1.0,2612.402088618931,11.75,1044.914674200965,64.16666666666667,970.873805812239,57.083333333333336
1,127,phi-0.60,1,0.0060067367735846065,1.0,2441.9591879831096,12.25,1044.890463080439,65.16666666666667,968.5521364343713,54.666666666666664
1,127,phi-0.60,2,-0.00041098100259546246,1.0,2024.6114069050188,11.833333333333334,1055.1568484522438,65.75,985.6250838201919,57.666666666666664
1,127,phi-0.30,0,0.0023651397001010267,1.0,1679.4976946527033,11.916666666666666,1046.812971625363,65.25,948.9003477430775,54.416666666666664
1,127,phi-0.30,1,-0.00139569243885188,1.0,2456.9938280002048,11.25,1051.834015296354,65.16666666666667,972.840779781565,56.166666666666664
1,127,phi-0.30,2,0.0026670486424696677,1.0,1946.9423923973757,11.083333333333334,1062.0245832156918,66.5,970.9963183941312,56.0
1,127,phi+0.00,0,-0.00153593822149021,1.0,1888.9625648089923,11.5,1042.4386577967377,64.16666666666667,981.2545078286427,57.083333333333336
1,127,phi+0.00,1,-0.0072525818009637685,1.0,1908.9033475609401,11.75,1046.8854703568497,64.33333333333333,955.212127422199,55.333333333333336
1,127,phi+0.00,2,-0.0005873626433426663,1.0470944976045478,1947.8929224051283,12.0,1044.6406722569948,65.41666666666667,973.0636810494965,57.083333333333336
1,127,phi+0.30,0,0.007314730900072169,1.3137007182274174,2067.9736564231875,12.166666666666666,1041.3292841374503,64.41666666666667,959.0665741425313,55.0
1,127,phi+0.30,1,-0.0004630808572207262,1.0472019743537015,1878.4768341927538,11.75,1058.355234016368,65.16666666666667,957.6090660591348,55.5
1,127,phi+0.30,2,-0.0021519133671250444,1.2617182791052197,2011.6240815108501,12.0,1050.4069081350287,65.66666666666667,976.835855544116,55.583333333333336
1,127,phi+0.60,0,0.0300673697724705,2.2970468259534433,2290.8611887218763,10.833333333333334,1053.4523844596376,64.83333333333333,958.4473455646627,54.583333333333336
1,127,phi+0.60,1,0.038738175108209795,3.6132317029827843,2232.2132976048283,11.75,1059.9191813735135,65.75,967.2108254811437,56.833333333333336
1,127,phi+0.60,2,0.006192442301575275,1.6672257327414832,1837.4352582018118,11.5,1042.0593504961491,65.25,957.8599073315249,55.083333333333336
1,127,phi+0.90,0,0.1478599232564884,11.006675352377313,1830.0789926422176,11.083333333333334,1046.874606405256,64.16666666666667,951.1036705259629,55.833333333333336
1,127,phi+0.90,1,0.011450026707245573,3.1421807151963463,1998.252408559117,11.166666666666666,1044.1086693550214,65.0,962.7839285994609,55.083333333333336
1,127,phi+0.90,2,0.0667712257590167,6.821800433160087,1774.372099481483,11.666666666666666,1038.2036419884648,65.08333333333333,957.649312455051,55.25
1,127,phi+0.99,0,0.17396376953729942,12.844197792050673,1665.666125685915,12.333333333333334,1049.189534016397,66.33333333333333,949.0971103759447,55.25
1,127,phi+0.99,1,0.24454408048615528,20.199503869991062,2081.737743692978,11.166666666666666,1023.365204343702,64.0,938.75751908345,53.083333333333336
1,127,phi+0.99,2,0.3586962771548329,24.164716630938376,1631.6793412438858,10.916666666666666,1028.214191066247,63.083333333333336,942.8482507808038,54.166666666666664
1,127,sorted,0,0.3691115934760795,27.472254674811126,1660.7108443482275,11.833333333333334,1014.9048123966517,62.833333333333336,937.9216633543302,54.083333333333336
1,128,real,0,0.014191212923308811,4.373320804767859,1850.010638839213,8.916666666666666,1056.4592273432245,65.91666666666667,1019.3316536648496,61.666666666666664
1,128,phi-0.60,0,0.009281976868535413,1.0,2982.8080573879774,9.583333333333334,1082.0089653869147,66.16666666666667,1054.5239905517149,63.833333333333336
1,128,phi-0.60,1,0.009148464956909252,1.0,3042.992288842646,9.916666666666666,1094.204866771159,67.33333333333333,1052.16043840703,63.5
1,128,phi-0.60,2,0.017166194418835087,1.0,2567.484716370311,9.666666666666666,1109.6417212667725,68.83333333333333,1064.2539361875365,64.83333333333333
1,128,phi-0.30,0,0.006787226496567578,1.0,2473.3370368062115,9.25,1092.047156419246,67.41666666666667,1047.1469331629387,63.416666666666664
1,128,phi-0.30,1,-0.003020652119806753,1.0,2684.8157729411373,9.583333333333334,1099.133774173544,67.83333333333333,1045.81556449726,62.166666666666664
1,128,phi-0.30,2,-0.00042119917410318687,1.0,3037.944851096517,9.666666666666666,1102.2489065145617,68.25,1048.4401330419316,62.5
1,128,phi+0.00,0,-0.007302163297623825,1.0,2510.987469468671,9.583333333333334,1099.4051754914565,67.58333333333333,1037.8977450022232,61.833333333333336
1,128,phi+0.00,1,-0.0026754272306715276,1.0,2660.182993031099,10.0,1087.8727495142339,67.58333333333333,1020.4157016858471,60.75
1,128,phi+0.00,2,-0.0038785463414636743,1.1041265380485243,2730.929132783918,9.5,1093.4509135478274,66.5,1037.683236281104,61.416666666666664
1,128,phi+0.30,0,-0.0007378374852616161,1.1128877776763682,2790.8833862696642,9.583333333333334,1090.8101337775095,67.41666666666667,1046.0658497376414,62.666666666666664
1,128,phi+0.30,1,0.011776332541353409,1.4600371532611627,2531.9484614120297,9.333333333333334,1106.6831161663536,66.83333333333333,1035.4870037914927,62.083333333333336
1,128,phi+0.30,2,0.0013974849867141883,1.1419157702202383,2399.195465037759,9.666666666666666,1085.6232494611368,67.08333333333333,1046.0529778660004,63.0
1,128,phi+0.60,0,-0.0007762660481049302,2.0117820549739314,2600.4818201388975,8.916666666666666,1077.7766024550901,65.83333333333333,1036.9872462674928,62.25
1,128,phi+0.60,1,0.0024085234649143363,2.7091059395452963,2534.3476422912845,9.833333333333334,1101.3071840928267,67.66666666666667,1058.7885577529028,62.75
1,128,phi+0.60,2,0.017786982481660184,2.812545756079353,2566.509878405525,9.0,1092.0658146632288,66.5,1046.554048819695,62.5
1,128,phi+0.90,0,0.0332601990256516,4.154991371479061,2623.3314470522046,9.75,1092.8882420153332,67.66666666666667,1031.704232836598,61.083333333333336
1,128,phi+0.90,1,0.11193194650941193,9.660170675845439,2422.308362528618,9.5,1076.0656929847908,65.16666666666667,1015.97911170448,60.416666666666664
1,128,phi+0.90,2,0.09866232266039195,8.738752347999785,2422.180075511278,9.0,1088.4771940061091,66.66666666666667,1027.8558708995934,62.083333333333336
1,128,phi+0.99,0,0.2747166887173879,21.225027450423482,3183.6468752263777,9.833333333333334,1130.6008684501057,66.83333333333333,1036.6864323357925,61.25
1,128,phi+0.99,1,0.5322904977632217,47.0458795771668,1788.3038106076929,8.5,1038.2647187073962,62.416666666666664,1005.0053084352749,60.083333333333336
1,128,phi+0.99,2,0.45870269088370114,39.256201443236925,2060.2971266712243,8.0,1061.7728835222094,64.41666666666667,1000.1530231518377,58.5
1,128,sorted,0,0.4784934249999093,46.900301873717254,1769.931668814869,7.75,993.3282655565991,59.583333333333336,971.4201066427308,57.5
1,129,real,0,0.015858112152081442,1.0,1713.573316891782,7.0,917.3568021204688,50.333333333333336,902.9580489735494,50.0
1,129,phi-0.60,0,-0.0014072635108177943,1.0,1721.9066502251153,7.833333333333333,924.5057830277409,51.0,911.8659338793578,50.916666666666664
1,129,phi-0.60,1,0.015858112152081445,1.0,1713.573316891782,7.0,916.2838031403589,50.166666666666664,903.5326005460246,50.083333333333336
1,129,phi-0.60,2,-0.0013832671582633825,1.0,1723.573316891782,8.0,926.5234687871356,51.25,913.0732013691401,51.0
1,129,phi-0.30,0,-0.0014072635108177943,1.0,1721.073316891782,7.75,923.351407616919,50.916666666666664,910.8483839890474,50.666666666666664
1,129,phi-0.30,1,-0.0013352744531545592,1.0,1723.573316891782,8.0,926.6590562053157,51.25,912.6992672126912,51.0
1,129,phi-0.30,2,-0.0014072635108177943,1.0,1721.9066502251153,7.833333333333333,924.9979920016596,51.083333333333336,911.0326005460246,50.833333333333336
1,129,phi+0.00,0,-0.0014072635108177943,1.0,1720.2399835584486,7.666666666666667,923.1901354538022,50.916666666666664,908.1401621484603,50.5
1,129,phi+0.00,1,-0.0014072635108177943,1.0,1721.3453881244648,8.0,926.2837236832075,51.25,913.7467606160991,50.916666666666664
1,129,phi+0.00,2,-0.0014072635108177943,1.0,1750.7042423449127,7.916666666666667,927.214516994446,51.083333333333336,913.6494487385829,50.916666666666664
1,129,phi+0.30,0,-0.0014072635108177943,1.0,1721.9066502251153,7.833333333333333,924.8798028138261,51.083333333333336,911.8659338793578,50.916666666666664
1,129,phi+0.30,1,0.015858112152081445,1.0,1719.4066502251153,7.583333333333333,923.1901354538022,50.916666666666664,907.7791378053786,50.5
1,129,phi+0.30,2,-0.0014072635108177943,1.0,1720.2399835584486,7.666666666666667,923.1901354538022,50.916666666666664,908.1131165124684,50.5
1,129,phi+0.60,0,-0.0014072635108177943,1.0,1723.573316891782,8.0,926.5234687871356,51.25,912.6992672126912,51.0
1,129,phi+0.60,1,-0.0014072635108177943,1.0,1716.9066502251153,7.333333333333333,921.8150547452766,50.75,908.7512888330053,50.416666666666664
1,129,phi+0.60,2,-0.0014072635108177943,1.0,1721.073316891782,7.75,923.234420746688,50.916666666666664,911.2871669904104,50.666666666666664
1,129,phi+0.90,0,-0.0014072635108177943,1.0,1718.573316891782,7.5,921.2405206445846,50.666666666666664,907.6992672126912,50.5
1,129,phi+0.90,1,-0.0014072635108177943,1.9986062771690114,1713.573316891782,7.0,918.1901354538022,50.416666666666664,902.6992672126912,50.0
1,129,phi+0.90,2,-0.0014072635108177943,1.9986062771690114,1713.573316891782,7.0,918.2326165302815,50.416666666666664,902.6992672126912,50.0
1,129,phi+0.99,0,-0.0014072635108177943,1.9986062771690114,1713.573316891782,7.0,916.5234687871356,50.25,905.7790628536226,50.166666666666664
1,129,phi+0.99,1,0.015858112152081442,1.0,1713.573316891782,7.0,917.3568021204688,50.333333333333336,903.875854283236,50.083333333333336
1,129,phi+0.99,2,0.015858112152081442,1.0,1717.7399835584486,7.416666666666667,921.5234687871356,50.75,908.5326005460246,50.583333333333336
1,129,sorted,0,-1.547506266191389e-05,1.9999980656171674,1713.573316891782,7.0,916.5234687871356,50.25,904.3659338793578,50.166666666666664
1,130,real,0,0.009538652551992141,1.5567724295141698,1703.9069089562151,10.083333333333334,947.0242907487818,55.083333333333336,930.7588438913594,51.916666666666664
1,130,phi-0.60,0,-0.00041453859976517155,1.0,1714.7402422895484,11.166666666666666,954.4117527367371,55.5,942.4573696834144,52.666666666666664
1,130,phi-0.60,1,0.0020737591881741587,1.0,1716.6124874743637,11.083333333333334,953.7200088374851,55.666666666666664,933.5698661578061,51.916666666666664
1,130,phi-0.60,2,-0.004734800556216355,1.0,1712.627644601623,10.833333333333334,955.1986365563985,55.416666666666664,937.1215277587049,52.5
1,130,phi-0.30,0,-0.005391134175643831,1.0,1718.6313653667669,11.333333333333334,953.4639866739544,55.583333333333336,939.0134422258519,52.583333333333336
1,130,phi-0.30,1,-0.00041453859976517285,1.0,1699.9119511456204,11.333333333333334,960.8698185372909,56.416666666666664,941.5869685280142,52.75
1,130,phi-0.30,2,-0.00041453859976517285,1.0,1721.1746725751389,11.166666666666666,962.5668913713744,55.833333333333336,939.7967862439964,52.333333333333336
1,130,phi+0.00,0,-0.0027261311824740286,1.1238086144127266,1720.7859376211034,11.25,956.1593474945139,55.833333333333336,937.565984883881,52.75
1,130,phi+0.00,1,0.003386426427029104,1.0,1708.9069089562151,10.583333333333334,949.8942361756348,55.416666666666664,929.2699370398791,51.583333333333336
1,130,phi+0.00,2,0.0045620569761134835,1.1238086144127266,1715.5735756228817,11.25,956.345954104711,56.083333333333336,932.8564600057847,52.166666666666664
1,130,phi+0.30,0,-0.007425047150133367,1.1238086144127266,1714.7402422895484,11.166666666666666,957.046931511904,55.5,938.0320260219183,52.5
1,130,phi+0.30,1,-0.0002125897937874889,1.0,1711.4069089562151,10.833333333333334,952.8187148263518,55.666666666666664,937.1137342917744,52.666666666666664
1,130,phi+0.30,2,-0.009686152531347803,1.1238086144127266,1713.0735756228817,11.0,950.384541603989,55.25,929.5741497353362,51.666666666666664
1,130,phi+0.60,0,0.0006709362323648827,1.1238086144127266,1710.9232267775642,11.166666666666666,955.7736785257031,55.666666666666664,936.4017538806914,52.583333333333336
1,130,phi+0.60,1,-0.00041453859976517177,1.2681298861132078,1714.7402422895484,11.166666666666666,946.9745511169723,55.0,938.4746461778315,52.5
1,130,phi+0.60,2,-0.007879431963583162,1.824887462146358,1713.0735756228817,11.0,953.5672091724931,55.583333333333336,936.3704866726076,52.666666666666664
1,130,phi+0.90,0,0.11155886185750465,8.174721194098623,1695.0258428123104,8.916666666666666,941.1565386557123,53.916666666666664,925.107081541542,50.916666666666664
1,130,phi+0.90,1,0.021980141491688795,3.1858416012658806,1703.0735756228817,10.0,945.9072322905625,55.0,929.5572861984302,52.0
1,130,phi+0.90,2,0.03690992821932476,4.196090503169248,1699.7402422895484,9.666666666666666,939.049508672639,54.333333333333336,921.5823959718902,51.083333333333336
1,130,phi+0.99,0,0.1911843910715631,13.74095529102213,1677.2402422895484,7.416666666666667,918.8627708967484,52.25,912.6204736338183,50.166666666666664
1,130,phi+0.99,1,0.12364333415806215,4.671603175613615,2273.37642434527,8.583333333333334,1520.23720515727,53.0,1215.7688637804824,50.5
1,130,phi+0.99,2,0.029445034855506768,2.9383580537696012,1693.9069089562151,9.083333333333334,935.8139183055504,54.0,925.047918111523,51.5
1,130,sorted,0,0.1919993987528302,13.998648333227237,1675.5735756228817,7.25,919.3480266747389,52.416666666666664,908.4293023352494,49.833333333333336
1,132,real,0,0.30748263651657726,36.37065867585828,1809.062129540289,6.25,1066.8945032880026,58.916666666666664,985.4987874316906,53.75
1,132,phi-0.60,0,0.00877579171660245,1.0,2790.308761767866,6.5,1135.258164469675,63.666666666666664,985.0810862087992,53.166666666666664
1,132,phi-0.60,1,0.009244175358279063,1.0,2951.0011448575474,6.583333333333333,1127.6569615864278,60.666666666666664,996.4754495833657,53.166666666666664
1,132,phi-0.60,2,0.004763663818752575,1.0,2612.772989249892,6.166666666666667,1113.2592460571084,60.333333333333336,987.1192940209535,52.166666666666664
1,132,phi-0.30,0,-0.001608447128053154,1.0,2385.444390831359,6.75,1115.2764603263713,59.916666666666664,979.6366667404167,51.5
1,132,phi-0.30,1,0.00014103591350703474,1.0,2100.7291318659395,6.083333333333333,1128.0400318905624,62.0,975.889970802434,52.416666666666664
1,132,phi-0.30,2,0.006333778215848557,1.0,2053.9974403478905,6.166666666666667,1125.5550253976453,61.75,988.1551180636915,52.0
1,132,phi+0.00,0,0.000922669189376244,1.0,1929.5715755187528,6.333333333333333,1111.7187139519147,61.583333333333336,981.5560551553077,53.083333333333336
1,132,phi+0.00,1,-0.0044234279649079935,1.003526525509376,2063.661571201386,6.25,1131.6892327254159,60.916666666666664,998.0037570209706,55.166666666666664
1,132,phi+0.00,2,-0.0004406402779212894,1.1202522567878535,2314.426528343433,6.583333333333333,1132.9332033361036,62.25,989.1823809517236,53.666666666666664
1,132,phi+0.30,0,0.014094475037504434,2.7040260177400652,2366.949129528978,6.5,1140.0630580921527,62.083333333333336,969.757291122383,52.0
1,132,phi+0.30,1,0.020281505563259188,3.1420150463911978,2067.5070931903624,6.416666666666667,1119.99328942961,61.666666666666664,984.8737659841396,53.416666666666664
1,132,phi+0.30,2,-0.004743395223136594,1.705203428614713,2400.336616410197,6.25,1104.2610282306994,61.166666666666664,993.8045501375867,52.166666666666664
1,132,phi+0.60,0,0.017628111424890885,3.174651813701038,2317.995547723283,6.333333333333333,1125.4004368159854,59.25,994.1943982135323,53.75
1,132,phi+0.60,1,0.0032512913517896576,3.9583086705477175,2369.082115164838,6.583333333333333,1106.9759514296793,60.5,992.1715808345242,54.333333333333336
1,132,phi+0.60,2,0.0448171064695026,4.212488899896996,2473.030225915926,6.166666666666667,1128.7195592304267,62.333333333333336,994.0174654615012,53.0
1,132,phi+0.90,0,0.25922273598932194,19.235704702445027,2550.1165264413034,6.25,1163.0821735922855,59.083333333333336,999.8450123841834,53.0
1,132,phi+0.90,1,0.14370278196517183,11.104305243347326,2282.946455156704,6.166666666666667,1107.7462279660283,59.333333333333336,984.6863855482869,52.5
1,132,phi+0.90,2,0.27400189504212,18.709916862196273,2335.183652115032,6.166666666666667,1126.3219286800825,58.583333333333336,991.311128091937,52.583333333333336
1,132,phi+0.99,0,0.7940317439244073,75.4151717093197,2719.7472802830766,6.166666666666667,1314.3872003899105,59.166666666666664,1021.6099104230576,51.0
1,132,phi+0.99,1,0.6933293822044755,67.51546530631124,1834.1100359754698,6.25,1106.8186622424626,58.583333333333336,966.9939398551304,52.166666666666664
1,132,phi+0.99,2,0.8027247894852646,81.46492979717067,1925.4203384328748,6.25,1176.6923639033007,57.75,991.0196388958879,51.333333333333336
1,132,sorted,0,0.8633233443357381,97.50432851844936,1668.3274483957875,6.25,1037.6356618077832,56.75,953.7566410831201,51.583333333333336
1,131,real,0,0.005386586365937569,1.0,2364.2371161929223,6.0,1096.460535857196,56.666666666666664,946.7981603511475,49.0
1,131,phi-0.60,0,0.002297050970104875,1.0,1887.243404775585,6.0,1079.5084406919482,57.75,947.0592077160521,49.5
1,131,phi-0.60,1,0.0008570973436364702,1.0,1989.7284836409237,6.0,1092.8514401473483,55.5,942.5805286129195,48.416666666666664
1,131,phi-0.60,2,0.003941468395223311,1.0,1921.956275332709,6.0,1078.7986646249058,56.0,950.4137740128559,50.166666666666664
1,131,phi-0.30,0,-0.002812414992241133,1.0,2100.360326803174,6.0,1088.935348041481,57.166666666666664,945.1054963379415,49.333333333333336
1,131,phi-0.30,1,-0.0024286966731264866,1.0,2519.4617143685873,6.083333333333333,1077.395113995424,55.666666666666664,948.6734909664698,48.25
1,131,phi-0.30,2,0.0012371378584573197,1.0,1999.705023918634,6.0,1087.930401168147,54.833333333333336,930.1388939974381,47.916666666666664
1,131,phi+0.00,0,-0.006512531411898608,1.0,2129.49801949685,6.0,1102.330598592757,57.666666666666664,942.826485820534,48.5
1,131,phi+0.00,1,0.005559109191219449,1.0476248976139348,2000.892979515009,6.0,1097.4106602340762,56.583333333333336,948.248004743809,49.166666666666664
1,131,phi+0.00,2,-0.003033239638457908,1.0,2174.335174789638,6.0,1077.367941654764,55.75,943.3146117623642,48.333333333333336
1,131,phi+0.30,0,-0.004694379056124079,1.6006733880875244,1992.6117293547643,6.0,1072.4061411942646,55.833333333333336,931.2237323171258,48.333333333333336
1,131,phi+0.30,1,-0.0030027202370340876,1.539809497256384,1905.9729521695333,6.0,1085.5537212229312,58.0,941.2083446991023,48.833333333333336
1,131,phi+0.30,2,0.004609366379621946,1.3574108419530868,2070.899998968268,6.0,1083.9255376475228,57.583333333333336,942.8763906891305,47.75
1,131,phi+0.60,0,0.02377375091214341,2.686125138215023,2104.7016280331304,6.083333333333333,1092.136236535836,56.75,945.3157249710233,48.166666666666664
1,131,phi+0.60,1,0.027874951350258935,3.3086467951447207,1967.1262084536202,6.0,1091.2639539039378,54.666666666666664,948.3313282234327,49.25
1,131,phi+0.60,2,0.01572680560018848,2.7534087990423135,1967.7577500959412,6.0,1077.5241736378073,57.25,934.2192871879698,48.25
1,131,phi+0.90,0,0.10055022681161271,9.365547082119848,1874.2884294964815,6.0,1088.2657249260776,56.916666666666664,942.7405331982435,48.583333333333336
1,131,phi+0.90,1,0.19479581679214827,13.868416619738618,2270.25452046753,6.0,1113.4305778960922,56.583333333333336,945.9964490493502,47.5
1,131,phi+0.90,2,0.24848511113329644,20.626705164179462,2110.7332915789425,6.0,1083.347779480383,55.833333333333336,946.4262537600957,48.416666666666664
1,131,phi+0.99,0,0.7204949109945324,69.35334784817452,2214.6357155591304,6.0,1106.7488288407003,55.0,948.4174502278148,48.916666666666664
1,131,phi+0.99,1,0.7690836952186199,79.98394350723534,1856.12485950286,6.0,1049.8837444541846,53.833333333333336,929.0869365576162,48.166666666666664
1,131,phi+0.99,2,0.6827504674522744,65.52755689491013,1820.828111862963,6.0,1048.5940629913628,55.833333333333336,929.3295301586094,47.666666666666664
1,131,sorted,0,0.9173159822865063,102.68454012206888,1750.430545307254,6.0,1036.2353619754715,55.25,918.4067821670678,47.666666666666664
1,133,real,0,0.027455783057353886,1.3632283315672418,2133.5041511939,6.083333333333333,1047.495243399276,57.0,950.4027776509014,52.083333333333336
1,133,phi-0.60,0,0.007853188999360702,1.0,1890.0138244319462,6.166666666666667,1045.5105327008525,59.583333333333336,948.5190757275285,50.833333333333336
1,133,phi-0.60,1,0.008098033407879564,1.0,2297.659706468835,6.166666666666667,1057.9348403812435,58.083333333333336,962.1255749853217,51.25
1,133,phi-0.60,2,0.0055314027335487985,1.0,2087.780452911615,6.5,1069.5445265907597,58.166666666666664,965.4358974421697,51.25
1,133,phi-0.30,0,-0.003765042432550506,1.0,2211.296787020115,6.083333333333333,1060.6708066353565,58.833333333333336,952.14598779088,51.833333333333336
1,133,phi-0.30,1,-0.0012983403367757367,1.0,2051.514828106468,6.083333333333333,1054.2488281358983,56.416666666666664,951.1277477026564,51.5
1,133,phi-0.30,2,0.003783295175205408,1.0,2377.802663167315,6.166666666666667,1071.1211256856807,59.5,957.6941895852557,51.75
1,133,phi+0.00,0,-0.000814674153800599,1.0058902227585493,2237.4304813640997,6.333333333333333,1076.5330761388966,59.333333333333336,958.8829746367586,51.416666666666664
1,133,phi+0.00,1,-0.0033578986821154264,1.0313838806587297,1895.5528807344745,6.416666666666667,1055.5316995855653,58.75,967.5265614336155,53.166666666666664
1,133,phi+0.00,2,-0.002845374044257114,1.0,2093.578913138425,6.25,1080.4831292398833,58.75,946.7598050637334,50.083333333333336
1,133,phi+0.30,0,-0.010835014079479786,1.4948830223118166,2415.6341419739633,6.25,1059.768253417569,58.583333333333336,968.2480546126812,52.666666666666664
1,133,phi+0.30,1,-0.003049725363908248,1.6748020364382543,1998.5170099455875,6.166666666666667,1037.278103090771,58.333333333333336,938.6821820116942,51.0
1,133,phi+0.30,2,0.02814098695568327,1.7448201043999547,1851.4037986186784,6.25,1045.7247369884635,58.583333333333336,937.877198412116,49.5
1,133,phi+0.60,0,0.0193953922805678,3.7352135620186555,1987.8465876382468,6.166666666666667,1048.923037087083,57.333333333333336,944.532045593923,50.583333333333336
1,133,phi+0.60,1,0.008346375810929714,3.401038436543823,2053.4574956402525,6.166666666666667,1076.9262804107905,59.166666666666664,951.9614969074668,50.666666666666664
1,133,phi+0.60,2,0.016876440792565773,3.539624454632648,2142.186902246916,6.333333333333333,1067.7786989070466,58.75,940.1756280543499,50.083333333333336
1,133,phi+0.90,0,0.23680647451429768,16.427196935451562,2199.1766581893257,6.416666666666667,1092.235386145673,57.666666666666664,943.3642390570907,49.416666666666664
1,133,phi+0.90,1,0.12613258906166455,12.930219095009525,2018.50210484729,6.416666666666667,1067.4449623482828,57.75,953.0026033633517,50.5
1,133,phi+0.90,2,0.15221883765279018,11.529298148828296,2297.9689462502265,6.333333333333333,1047.7821058722495,56.75,960.8262443609791,50.916666666666664
1,133,phi+0.99,0,0.8157336262079179,86.32381240607643,1901.4891078219514,6.166666666666667,1057.9913414428338,55.75,957.9948954240496,52.166666666666664
1,133,phi+0.99,1,0.6002474295300727,44.28429770039399,2679.853523755059,6.166666666666667,1219.4487782631875,56.5,1014.1838311869147,51.333333333333336
1,133,phi+0.99,2,0.8154744096044768,90.6138460979993,2658.2417253423187,6.166666666666667,1307.0607268522485,55.416666666666664,1025.3399892634523,50.083333333333336
1,133,sorted,0,0.8633821746671798,96.92412669936417,1658.6933995453767,6.166666666666667,977.5447026015531,55.5,925.5619845745006,50.0
1,134,real,0,0.08080086240760279,6.6990526820709775,1681.4968383100015,11.083333333333334,988.5361120698194,57.666666666666664,993.8292765979191,58.5
1,134,phi-0.60,0,0.004053902468491861,1.0,2725.5172033382173,12.166666666666666,1015.8124299068886,60.0,1029.2494770619085,60.583333333333336
1,134,phi-0.60,1,-0.001130488434145411,1.0,2297.190880240946,12.666666666666666,1034.6887969130346,60.416666666666664,1025.555129903697,60.833333333333336
1,134,phi-0.60,2,-0.004996956761435613,1.0,2282.2628949012897,12.25,1027.0023800263,60.416666666666664,1027.5846426844744,61.416666666666664
1,134,phi-0.30,0,0.0013830346473387345,1.0,2274.255313097928,12.083333333333334,1024.9811896306378,60.416666666666664,1024.0899549549038,60.583333333333336
1,134,phi-0.30,1,-0.004906771817533377,1.0,1836.9214626927812,12.083333333333334,1010.5631591384828,59.583333333333336,1019.7440521481835,60.666666666666664
1,134,phi-0.30,2,-0.0062400625163532295,1.0,2329.731142187867,12.25,1015.3716345137751,59.75,1015.5186443572171,59.916666666666664
1,134,phi+0.00,0,0.0022866978677334045,1.0,2417.8463393353964,12.75,1019.2762826427914,60.083333333333336,1024.3446038861,60.916666666666664
1,134,phi+0.00,1,-0.0012034986059156752,1.0,2259.7842179365366,12.666666666666666,1030.7637957427748,60.583333333333336,1027.9847238350608,60.833333333333336
1,134,phi+0.00,2,0.006193545834488642,1.0,2341.5696980698012,12.333333333333334,1021.7506460081349,59.666666666666664,1018.8313397315578,60.0
1,134,phi+0.30,0,-0.0017767563884483772,1.241811844251898,2516.1890567953074,11.666666666666666,1027.6585945698337,60.0,1019.8547668873125,60.416666666666664
1,134,phi+0.30,1,0.0042446934771121205,1.1691065244635,2399.4760486459895,12.25,1033.0554624835106,61.083333333333336,1018.1924727057998,60.333333333333336
1,134,phi+0.30,2,-0.005293546735070313,1.0106727726283284,2386.22633441147,12.416666666666666,1014.7981555059608,59.166666666666664,1031.0512578329306,61.583333333333336
1,134,phi+0.60,0,0.0026037546616879815,1.4487770556116937,2206.256072055747,11.75,1025.8604943766893,60.416666666666664,1007.464231870546,59.5
1,134,phi+0.60,1,-0.003916856875721358,1.280755511175122,2462.47373557935,13.166666666666666,1085.4648640421713,61.333333333333336,1069.492573429084,61.0
1,134,phi+0.60,2,-0.0012286286034091252,1.0068835805656693,1868.5211814611782,12.416666666666666,1013.4961751099933,60.166666666666664,1009.2962836265777,59.666666666666664
1,134,phi+0.90,0,0.07080529861981648,7.118533869440516,1852.3145312242314,10.75,996.6927644817638,57.583333333333336,999.4060808801046,58.666666666666664
1,134,phi+0.90,1,0.06845342275283955,6.224292402285715,1908.846891861197,11.166666666666666,1006.0221253305376,58.833333333333336,1003.3406059534119,58.333333333333336
1,134,phi+0.90,2,0.043626960825248876,5.080823803823023,2222.7531156547525,12.083333333333334,1027.9968827077907,60.916666666666664,1011.9810470631807,59.75
1,134,phi+0.99,0,0.18075634327954798,12.92684473074651,1756.284134854246,10.666666666666666,985.700962012313,56.916666666666664,988.5862335877702,58.0
1,134,phi+0.99,1,0.07041331946441207,6.402382242987316,1775.9454677336741,11.833333333333334,998.7851902359015,58.0,1003.0789684530322,59.083333333333336
1,134,phi+0.99,2,0.09308293471693468,7.545959313527445,2465.4892554593985,11.333333333333334,1012.6628995518025,58.166666666666664,1019.5202316855163,59.25
1,134,sorted,0,0.2243211699117609,16.500960366230355,1678.1635049766683,10.75,972.3282164875781,56.25,981.7165471705908,57.333333333333336
1,135,real,0,-0.004400022726093375,2.7168078510155698,2348.093695665138,10.75,1034.7607773296124,59.75,1010.2415768394725,58.5
1,135,phi-0.60,0,0.013437652313905337,1.0,1766.2637801823018,10.583333333333334,1030.736001540222,61.166666666666664,1007.7587434845,59.583333333333336
1,135,phi-0.60,1,0.003978825362873748,1.0,1856.3327584504013,10.333333333333334,1032.552094705659,60.583333333333336,1009.1544211875722,59.5
1,135,phi-0.60,2,0.00186958681032555,1.0,2116.3027257853605,10.416666666666666,1025.7269109462743,60.083333333333336,1012.4889291238763,59.333333333333336
1,135,phi-0.30,0,0.017355908772692434,1.0,2482.2006385236205,10.333333333333334,1028.9803027480045,59.916666666666664,1019.0293700379096,60.0
1,135,phi-0.30,1,0.003178492871664041,1.0,2173.9900106852892,10.333333333333334,1077.67840606376,60.5,1049.081625901899,60.416666666666664
1,135,phi-0.30,2,-0.004514648395064406,1.0,1945.082124232654,10.416666666666666,1023.1123786702683,60.0,1019.5153419210723,60.583333333333336
1,135,phi+0.00,0,0.0005679653390526278,1.0022912666411665,1970.7622908157493,10.583333333333334,1035.7034642970996,60.666666666666664,1014.2544325863846,59.083333333333336
1,135,phi+0.00,1,0.0016761272053052334,1.0,1819.4142776444235,9.916666666666666,1021.4175781973985,59.416666666666664,997.6823836675018,59.333333333333336
1,135,phi+0.00,2,-0.0009240961296490178,1.0435830868415155,1726.3206633135121,10.583333333333334,1033.519432473686,60.833333333333336,1014.8557591374912,59.666666666666664
1,135,phi+0.30,0,-0.0008701185114581652,1.2329559174155302,1883.035724070307,10.25,1034.0212046212823,61.0,1005.5330083784037,59.5
1,135,phi+0.30,1,-0.003995685327628968,1.446728415887591,2713.4781038832593,11.083333333333334,1032.0703946430326,61.083333333333336,1018.4412402406506,60.75
1,135,phi+0.30,2,0.007658396342486314,1.2579899287770133,2527.6625318570086,10.75,1024.9136603267598,59.416666666666664,1018.8450630405863,60.666666666666664
1,135,phi+0.60,0,0.019535485416201724,2.5920241470854286,1934.0778014140922,10.416666666666666,1022.4850129743185,59.916666666666664,1004.1472220046003,59.416666666666664
1,135,phi+0.60,1,0.0034066353141628753,1.647492093413426,2188.8577885813907,10.166666666666666,1025.7068325597727,60.25,1014.303493977171,58.916666666666664
1,135,phi+0.60,2,-0.005843446334661609,1.4509999834945237,2091.354249632706,10.666666666666666,1035.0003982861565,60.0,1023.448815000986,60.833333333333336
1,135,phi+0.90,0,0.08065602801477845,6.945702944070605,2076.561732422555,10.833333333333334,1026.805892631178,60.583333333333336,1025.7086296797775,59.583333333333336
1,135,phi+0.90,1,0.030546407729238886,3.2664545378330367,1902.3432667401487,10.333333333333334,1013.8944882538823,60.0,995.0193298361727,58.25
1,135,phi+0.90,2,0.06563407734417989,6.96239362628314,2276.511972054431,9.75,1029.8258069540948,60.416666666666664,1009.3933122333657,59.416666666666664
1,135,phi+0.99,0,0.24266351978063272,16.99708999459786,1842.4593804049834,9.083333333333334,1020.005557013549,58.083333333333336,1000.4467144644381,57.833333333333336
1,135,phi+0.99,1,0.14483480188622655,11.50933367216363,1748.7049883102761,10.166666666666666,1011.7400941346923,59.416666666666664,1008.4750217363834,59.583333333333336
1,135,phi+0.99,2,0.31118044616539736,21.03226174386982,1667.3401919276446,9.166666666666666,1004.630842247385,58.25,975.2897138842844,56.416666666666664
1,135,sorted,0,0.5470339599172703,39.27239837615267,1671.5290285282529,9.583333333333334,985.2137294957665,56.75,974.2992912370241,56.666666666666664
1,136,real,0,0.19995735884520627,1.7683711297599205,1795.8268867472216,7.583333333333333,1010.2876095675198,59.25,996.6377251111093,59.0
1,136,phi-0.60,0,0.012244749224347033,1.0,2024.9583633709324,8.083333333333334,1031.130018794194,61.916666666666664,1007.6603478034275,60.0
1,136,phi-0.60,1,0.00032720039577126655,1.0,1881.4824312407688,8.166666666666666,1036.2588639621645,62.333333333333336,1002.6144694855788,59.5
1,136,phi-0.60,2,0.005414272123041778,1.0,1789.172603534782,7.916666666666667,1027.0611405130855,61.0,1009.882118805781,60.666666666666664
1,136,phi-0.30,0,-0.008311252648977452,1.0,2164.3404556929363,8.083333333333334,1033.1235291945059,61.666666666666664,1021.2575945065573,62.083333333333336
1,136,phi-0.30,1,0.0010299563921469977,1.0,2067.075950131624,8.25,1047.1153618794872,62.416666666666664,1018.4087075972653,61.416666666666664
1,136,phi-0.30,2,0.004523509448668807,1.0,2289.3753592056223,8.25,1041.979612023399,62.333333333333336,1010.4549375166501,60.916666666666664
1,136,phi+0.00,0,0.0006199721743351681,1.3189969140747357,2082.2238132825905,7.916666666666667,1033.1033464822979,61.333333333333336,1013.9529191073121,61.583333333333336
1,136,phi+0.00,1,0.0013323229942776742,1.0,1878.340454729615,7.916666666666667,1024.2344301896408,60.916666666666664,1006.1911813351309,60.0
1,136,phi+0.00,2,-0.0026731268655082433,1.0373177888322072,1960.6756361898597,8.166666666666666,1037.6742788706313,63.166666666666664,999.2352592199151,59.5
1,136,phi+0.30,0,0.001441755846849855,1.2430271756296263,1723.7527401884615,7.916666666666667,1031.9819013975855,60.75,1002.6733337733343,60.75
1,136,phi+0.30,1,-0.007971544030803197,1.318659155990612,2017.7264471578935,7.75,1020.1494212758222,60.833333333333336,1000.3467426794814,59.833333333333336
1,136,phi+0.30,2,-0.001762655904890067,1.2633099899882356,1861.8199148875165,8.083333333333334,1015.3730688983186,60.333333333333336,1016.3140590830999,61.083333333333336
1,136,phi+0.60,0,0.010346270755909064,2.08928839308894,2928.5915502921866,8.416666666666666,1039.2648190981342,61.0,1016.5815826552807,60.25
1,136,phi+0.60,1,0.01400215785439811,2.1805370909383397,1913.1442918456999,8.166666666666666,1044.181240514073,61.166666666666664,1001.9177958254801,59.916666666666664
1,136,phi+0.60,2,0.004050251259227575,2.6134435564716476,1752.7706210771687,8.166666666666666,1014.8407696531459,60.333333333333336,993.4739128306932,59.083333333333336
1,136,phi+0.90,0,0.11001496409134462,10.92619544454915,1767.827259197492,7.833333333333333,1025.63523238838,60.25,1002.2215080864356,59.583333333333336
1,136,phi+0.90,1,0.08699257392225268,8.275106673354253,2102.824131958004,8.25,1056.8417873135238,61.583333333333336,1004.1139621148146,58.916666666666664
1,136,phi+0.90,2,0.09683375106707179,9.351590732676739,1742.4520065649874,7.583333333333333,1025.464858811784,60.916666666666664,1000.2489365356408,59.916666666666664
1,136,phi+0.99,0,0.6836661263875259,61.39880107324023,1598.6417484275582,7.083333333333333,985.103936653997,58.583333333333336,955.8894349214706,56.0
1,136,phi+0.99,1,0.5890775031513527,53.75870601706381,1761.7882168923009,6.916666666666667,996.3810372449681,58.166666666666664,968.5763709605095,56.333333333333336
1,136,phi+0.99,2,0.6431085478513019,44.35526363113811,2579.0910319607997,7.583333333333333,1144.5904807246725,57.916666666666664,1106.5381550040167,58.5
1,136,sorted,0,0.7352240404832553,71.05338016388951,1592.808415094225,6.5,946.5931111527011,55.25,934.7143773040962,54.25
1,137,real,0,0.00304583351477061,1.2237996576501091,2640.1186468661795,6.0,1091.8897267400303,57.416666666666664,969.1306793372966,52.083333333333336
1,137,phi-0.60,0,0.005500845467047634,1.0,2300.5235014506275,6.0,1062.5205116845514,57.0,957.0792397261375,52.333333333333336
1,137,phi-0.60,1,0.008210107595139795,1.0,2705.8796559854045,6.0,1095.905934270738,57.333333333333336,968.9077935172721,53.166666666666664
1,137,phi-0.60,2,0.007036964985909053,1.0,2496.109019841868,6.0,1078.396708148799,58.5,963.9462145627464,52.75
1,137,phi-0.30,0,0.0015071512984234136,1.0,2372.311528154446,6.0,1092.7299743524602,58.0,980.28384808088,53.333333333333336
1,137,phi-0.30,1,-0.0015461370411528914,1.0,2519.8696448702353,6.0,1081.1045449336941,57.916666666666664,983.2940775423245,53.0
1,137,phi-0.30,2,0.004585513435479982,1.0,2220.7284600190005,6.0,1068.0166488348088,57.416666666666664,973.5864536790988,53.416666666666664
1,137,phi+0.00,0,0.005801682665393124,1.0,2189.1260046394113,6.0,1072.2781580160265,58.083333333333336,969.2110729119594,51.833333333333336
1,137,phi+0.00,1,0.001835794823744237,1.0618515454578958,2606.815895835276,6.0,1084.4492928368552,58.25,987.0019972427011,53.166666666666664
1,137,phi+0.00,2,-0.003478122416098488,1.0481562338869617,2714.8108096036435,6.0,1064.5374397455073,57.416666666666664,969.848577937315,52.916666666666664
1,137,phi+0.30,0,-0.0034954025084708994,1.5465578483551632,2647.2413913738715,6.0,1110.0138557740233,58.083333333333336,976.5431175170919,53.333333333333336
1,137,phi+0.30,1,0.00728538196802728,1.5498228639599299,2879.916621380665,6.0,1110.5833792889568,58.5,985.6736883393587,53.583333333333336
1,137,phi+0.30,2,-0.0026042529202013245,1.664948109428881,2042.2308266408963,6.0,1084.2213361382023,59.25,969.3777936575026,53.25
1,137,phi+0.60,0,0.00886265888863274,3.70630833747665,2239.2093027134483,6.0,1083.0154108070744,57.75,959.7134611895814,52.333333333333336
1,137,phi+0.60,1,0.00037706373109532167,2.554319594982265,2850.613786717244,6.083333333333333,1093.9110653580974,56.916666666666664,978.9561352306331,52.416666666666664
1,137,phi+0.60,2,0.013391407021199245,3.204220023923798,2115.3522572180573,6.166666666666667,1081.0071991565112,58.75,969.0112709811409,53.5
1,137,phi+0.90,0,0.1974402626651589,14.85638971322867,2614.305378121528,6.0,1148.826916246698,56.916666666666664,987.8738365566904,52.416666666666664
1,137,phi+0.90,1,0.17191849065594472,13.098047939074602,2313.991675231822,6.0,1093.3792047719414,57.083333333333336,962.7946914147591,51.833333333333336
1,137,phi+0.90,2,0.15943255292618014,12.233223596487314,1909.9061861292055,6.0,1088.804776465204,57.666666666666664,969.3312767672006,53.083333333333336
1,137,phi+0.99,0,0.5229776039767103,42.21281077233283,2598.085525301994,6.083333333333333,1169.3492693860699,58.333333333333336,985.2479817137818,52.333333333333336
1,137,phi+0.99,1,0.7548486257255743,81.12864362944998,1652.13041534138,6.0,1022.1449325334519,57.166666666666664,940.0719418224782,52.166666666666664
1,137,phi+0.99,2,0.6601098771610528,59.44185537545241,2578.860394975438,6.0,1136.14066705681,56.416666666666664,978.5749366470726,51.75
1,137,sorted,0,0.9476905291700164,111.39153055840313,1617.970371842728,6.0,996.6516377571749,56.75,948.0776947794093,54.25
1,138,real,0,0.0038426409944468426,1.9005356084764133,1954.7719463644132,12.833333333333334,1012.3460312034299,60.0,937.1262695994739,51.666666666666664
1,138,phi-0.60,0,0.0062599048455389125,1.0,1919.3779725107954,12.916666666666666,1011.8600718102942,60.416666666666664,957.0395034858275,52.583333333333336
1,138,phi-0.60,1,0.003555197388144841,1.0,1845.664258461311,12.5,1009.3161945063156,59.833333333333336,943.6799899791978,51.833333333333336
1,138,phi-0.60,2,0.004393366280724011,1.0,1904.9290920578824,13.75,1020.166991758029,60.5,942.1887878022386,51.666666666666664
1,138,phi-0.30,0,-0.008547904289049923,1.0,1879.163405657675,13.25,1014.1325171775399,60.5,951.4897528318035,51.833333333333336
1,138,phi-0.30,1,-0.007256133912571403,1.0,1917.3666167560807,13.333333333333334,1012.2943951123424,60.416666666666664,938.5299526878721,51.333333333333336
1,138,phi-0.30,2,0.002787371837729017,1.0,1916.7889133669653,13.5,1020.6710642401999,60.583333333333336,939.6539123273678,51.25
1,138,phi+0.00,0,-0.0021369001622405133,1.0,1897.1422550668633,13.416666666666666,1016.8396928174849,60.416666666666664,953.9287845156322,52.416666666666664
1,138,phi+0.00,1,0.0005165078358093945,1.0,1895.5651630615357,14.0,1016.8863343517634,60.5,949.951301900919,52.916666666666664
1,138,phi+0.00,2,0.0006815944949981627,1.0,1873.8115119890856,12.916666666666666,1009.4834637095397,59.583333333333336,943.7291495014215,52.0
1,138,phi+0.30,0,-0.007293031435533565,1.1621909254741705,1863.3963012683878,13.416666666666666,1012.5612195077247,60.5,946.2892365223737,52.5
1,138,phi+0.30,1,0.005424473511115,1.2977713881573336,1876.4376140853228,13.583333333333334,1010.6667173904261,60.333333333333336,954.6051554651868,52.333333333333336
1,138,phi+0.30,2,-0.004875767584441493,1.1586953402200717,1866.6913659127129,13.5,1012.9437112077162,60.75,944.0742151496529,52.5
1,138,phi+0.60,0,-0.004509529912975133,1.5925815023296195,1971.5654407431146,12.833333333333334,1009.8862693644578,60.25,946.4448799822686,52.833333333333336
1,138,phi+0.60,1,0.0159666909427427,1.1654193550937437,2001.552182182855,13.75,1013.6237191422243,60.666666666666664,950.6036132245749,52.416666666666664
1,138,phi+0.60,2,-0.0005945837024221563,1.4003029698794975,1943.250778112816,13.333333333333334,1014.1802611245266,60.416666666666664,936.6811087266356,51.583333333333336
1,138,phi+0.90,0,0.058691284974770705,6.203427118227363,1793.1169567786912,11.666666666666666,1001.5946132790751,58.833333333333336,941.3479248843113,51.583333333333336
1,138,phi+0.90,1,0.050470040761730596,5.487266278637914,1884.9712989501086,12.666666666666666,1009.8402335643785,59.666666666666664,948.0800776954025,52.583333333333336
1,138,phi+0.90,2,0.0737635660320109,7.299995019376171,1874.903164126166,12.333333333333334,999.4639901427064,59.583333333333336,950.1674679268157,52.0
1,138,phi+0.99,0,0.2510341443756882,18.04532830149924,1933.3165450297981,10.666666666666666,1026.128421482141,57.583333333333336,966.4672568117112,50.666666666666664
1,138,phi+0.99,1,0.20102157541302762,17.727195684651665,1852.4008455196117,11.0,996.4544777934879,57.916666666666664,938.8111791290586,51.083333333333336
1,138,phi+0.99,2,0.11709637407157646,9.427053702811255,1806.1640602691614,12.0,998.9741315829827,59.333333333333336,935.4305740221295,51.5
1,138,sorted,0,0.27670529841594316,18.83346209139839,1786.9973936024946,10.083333333333334,971.2625179251572,56.666666666666664,921.3423184763711,50.166666666666664
1,139,real,0,0.7461433986343047,76.43059647879286,2819.4564727867123,6.916666666666667,1356.232020796263,62.083333333333336,1131.1386451569158,56.333333333333336
1,139,phi-0.60,0,0.006248052817062325,1.0,2354.2431296197606,7.166666666666667,1139.7391446459087,67.25,1020.7974274703728,58.5
1,139,phi-0.60,1,0.007214977160582819,1.0,1913.3021855002637,6.916666666666667,1121.8107530534373,67.41666666666667,1001.4997698010706,56.75
1,139,phi-0.60,2,0.01295120257094303,1.0,2026.7119057185348,7.25,1141.1636286304797,67.83333333333333,1007.6773734897896,58.0
1,139,phi-0.30,0,-0.004175629597944154,1.0,2158.77254224319,7.666666666666667,1124.3004143644812,68.25,998.6009894739964,56.5
1,139,phi-0.30,1,0.008513925434306574,1.0,2226.322872313443,7.166666666666667,1132.9250214150627,66.58333333333333,1026.1109284849551,58.416666666666664
1,139,phi-0.30,2,0.0033292074672661765,1.0,2279.2067359646912,7.5,1133.6237186121327,68.16666666666667,1021.0950958395096,59.0
1,139,phi+0.00,0,-0.0012885368956983116,1.0,2274.28670754233,7.333333333333333,1114.3829054115304,66.16666666666667,1034.623250910664,58.833333333333336
1,139,phi+0.00,1,0.0021504550915827847,1.0,1938.263116076964,7.083333333333333,1120.08226823519,66.41666666666667,1009.4528254706329,57.083333333333336
1,139,phi+0.00,2,-0.004376700971091632,1.1557220519796807,2264.8239745588585,7.583333333333333,1129.3945244141653,66.91666666666667,1035.0327048652064,58.5
1,139,phi+0.30,0,0.0013167727479922518,1.2763325909041352,2295.492420752596,7.25,1129.30475313897,67.58333333333333,1003.3006889924991,58.25
1,139,phi+0.30,1,0.006620600390193387,1.7592323523091864,2336.2401605064983,7.333333333333333,1104.3764643579977,65.08333333333333,1016.7401408707545,58.5
1,139,phi+0.30,2,-0.000313099138299674,1.583826136245721,2138.561678311347,7.25,1127.1269362262062,68.08333333333333,1016.6751553280069,58.333333333333336
1,139,phi+0.60,0,0.006335111118509663,2.3249653075827483,2501.636705727344,7.5,1133.052635067547,68.91666666666667,1023.3760475496257,58.0
1,139,phi+0.60,1,0.021784744023733746,2.477461403140018,1911.1880495858513,7.25,1137.6111069411809,66.91666666666667,1002.7969460298999,58.666666666666664
1,139,phi+0.60,2,0.007272009356276436,2.543016486176572,2457.100785647732,7.416666666666667,1138.626197317243,66.0,1013.1323769979772,57.916666666666664
1,139,phi+0.90,0,0.1016362004582331,8.014604118603835,2014.9601379282533,6.916666666666667,1121.7792367311347,66.58333333333333,1020.7133030016672,57.583333333333336
1,139,phi+0.90,1,0.2192147967915189,15.704119116627131,3025.5871634760515,7.583333333333333,1157.9134432990893,64.5,1026.4973798497738,57.083333333333336
1,139,phi+0.90,2,0.27738392948459023,22.84655838000718,2647.2206400758555,7.166666666666667,1190.2269147432282,65.83333333333333,1041.735843189999,56.583333333333336
1,139,phi+0.99,0,0.7456323260450929,69.86259098502191,1775.0399577168612,6.916666666666667,1041.5249719259566,60.916666666666664,985.0311636986174,55.083333333333336
1,139,phi+0.99,1,0.684499172131981,62.42679417246814,2160.38075355969,6.666666666666667,1144.3634520136586,61.0,1037.9066379650692,55.666666666666664
1,139,phi+0.99,2,0.31716987450185424,23.961415907270915,2406.6553135220615,7.083333333333333,1186.074729822346,66.66666666666667,1024.8032604049379,57.166666666666664
1,139,sorted,0,0.8187632570731082,87.53107242818004,1638.9696073438117,6.333333333333333,992.5708651416084,56.666666666666664,954.7120378225491,54.0
1,140,real,0,-0.007437583056648841,1.5695386624553584,2237.1537843801457,6.0,1103.259587500699,60.5,955.8374283464397,53.0
1,140,phi-0.60,0,0.006629371729462503,1.0,2688.159709483743,6.0,1091.5549054519258,61.5,968.5917746910296,52.416666666666664
1,140,phi-0.60,1,0.006867370850406639,1.0,2511.248491353647,6.0,1099.9051563810935,61.583333333333336,970.6909750570163,53.25
1,140,phi-0.60,2,0.0068999462354005035,1.0,2626.4975558625524,6.0,1101.5279875700292,61.333333333333336,954.9052441501805,52.083333333333336
1,140,phi-0.30,0,-0.00038433108598595253,1.0,2441.9693230112775,6.0,1098.7440996537198,62.583333333333336,961.8518222952895,52.083333333333336
1,140,phi-0.30,1,0.006198329077974107,1.0,2180.0267119683654,6.0,1079.1418661826806,59.5,967.2169694646327,52.333333333333336
1,140,phi-0.30,2,0.00017524016228641573,1.0,2844.142621872133,6.0,1098.9680143903054,61.416666666666664,973.4404188441339,52.0
1,140,phi+0.00,0,-0.006412466450664128,1.0829630405814619,2797.278218048044,6.0,1095.9594035803523,60.083333333333336,961.5004956413281,51.666666666666664
1,140,phi+0.00,1,0.00012829395333668986,1.0,2802.7699551476603,6.0,1106.4663699831115,60.916666666666664,988.2953291614416,52.833333333333336
1,140,phi+0.00,2,0.003419108958843547,1.0517733737319086,2658.7510187256607,6.166666666666667,1093.3198840784787,61.916666666666664,985.6450142596426,53.083333333333336
1,140,phi+0.30,0,0.012387300983573298,1.563041411450126,2114.269616889547,6.0,1089.2979070745002,61.083333333333336,947.3153921704729,50.583333333333336
1,140,phi+0.30,1,0.010146534205478105,1.6817917120185268,2795.248735520497,6.0,1096.6337291722132,61.5,978.298265567345,52.75
1,140,phi+0.30,2,-0.0038655655717720473,1.480258789388639,2084.52400082929,6.0,1086.796351598686,61.5,970.4060974535396,53.166666666666664
1,140,phi+0.60,0,0.02307440966462423,3.3097139167962175,2930.5625194781,6.0,1111.9945080362725,62.25,988.335634830944,53.0
1,140,phi+0.60,1,0.04508325948361594,4.045732757999274,2176.2481858650804,6.0,1099.6665199207457,60.666666666666664,968.4846635755534,52.75
1,140,phi+0.60,2,0.06293125494894047,5.589384180742773,2075.230648148203,6.0,1095.828095911689,60.416666666666664,978.3491103053524,53.5
1,140,phi+0.90,0,0.16264349197095748,12.611202059499393,2624.258825984358,6.0,1116.2820030217329,59.75,990.9308863248526,53.083333333333336
1,140,phi+0.90,1,0.18940730046360219,13.53651073643437,2718.6952933318657,6.0,1129.53820635619,60.916666666666664,975.670783339472,52.5
1,140,phi+0.90,2,0.13172567306947763,9.496380489358392,3321.6113605139876,6.0,1187.3234605614346,61.666666666666664,1017.24287224126,54.0
1,140,phi+0.99,0,0.6405958786674596,59.534223999410095,2128.564839316977,6.0,1135.2624308934467,60.666666666666664,993.1559112647811,54.583333333333336
1,140,phi+0.99,1,0.5982844834787042,52.18838355583219,3307.8518090098655,6.083333333333333,1294.5195928438118,61.166666666666664,1010.4303634684047,53.083333333333336
1,140,phi+0.99,2,0.6721069608905021,65.36645955783668,2755.1562415577723,6.0,1244.259063300164,59.083333333333336,1006.5504108182436,52.25
1,140,sorted,0,0.9666312630535271,113.16054109292712,1788.0869286886855,6.0,1024.2114841243713,59.166666666666664,931.3365857806674,51.166666666666664
1,141,real,0,-0.005297206462242767,1.0,2074.4394403183323,6.0,1109.5859096132951,55.0,1001.7687015743576,53.333333333333336
1,141,phi-0.60,0,-0.0062052330755154655,1.0,2042.8317826116856,6.0,1096.1458798086362,54.75,988.3344873207956,51.833333333333336
1,141,phi-0.60,1,0.0003109383010683377,1.0,2079.224858620751,6.0,1110.4947898229648,53.833333333333336,980.1691664652549,50.75
1,141,phi-0.60,2,-0.00016316098056818397,1.0,2065.504240045963,6.0,1082.5362980419134,54.25,988.1247833465245,52.5
1,141,phi-0.30,0,-0.0003845166234271298,1.0,1882.1979723087577,6.0,1087.454668759268,52.916666666666664,991.8093925995457,52.416666666666664
1,141,phi-0.30,1,0.005728061342949297,1.0,2120.2030646645408,6.0,1100.9542919036187,55.083333333333336,998.7106245985927,52.833333333333336
1,141,phi-0.30,2,-0.0015302955938446717,1.0,2074.360806763555,6.0,1111.2439190389505,55.5,990.9094660962596,52.0
1,141,phi+0.00,0,-0.0017945169326223304,1.0366111675452025,2148.3748733526013,6.0,1113.0480108854426,55.416666666666664,1000.2953259706936,52.833333333333336
1,141,phi+0.00,1,0.0002896225724967384,1.025158296855313,2076.9169224689917,6.0,1119.1938765356406,55.666666666666664,996.7673416319582,52.5
1,141,phi+0.00,2,0.005610941955193237,1.0648358773740327,2017.9479005336113,6.0,1091.3107796487157,54.333333333333336,994.8589467513224,53.416666666666664
1,141,phi+0.30,0,-0.0007152617744502651,1.2879847403064495,2096.1211234101397,6.0,1124.5473974263116,53.083333333333336,995.0840645970238,52.666666666666664
1,141,phi+0.30,1,0.0014404376765877647,1.454450854413948,2111.8950673132563,6.0,1105.2429170691705,53.916666666666664,996.9968720671205,53.25
1,141,phi+0.30,2,-0.00644169711939497,1.317309795329138,2043.7620072406617,6.0,1115.2579263260036,54.833333333333336,982.6249604921517,52.0
1,141,phi+0.60,0,0.004845098278656376,2.662049745468789,2063.4796501271517,6.0,1124.3479589413403,54.416666666666664,988.4454063911181,52.0
1,141,phi+0.60,1,0.013205197296071561,2.3280212695293274,1989.9571793527705,6.0,1084.7725060013934,55.333333333333336,995.2571304197326,52.75
1,141,phi+0.60,2,0.02445673975840829,3.31008213311311,2120.2506543518098,6.0,1112.2442790141922,53.0,972.9880432591925,51.25
1,141,phi+0.90,0,0.10901201870399649,9.287859267107741,2069.0716595458143,6.0,1123.0033325555876,54.083333333333336,991.6325836650927,51.333333333333336
1,141,phi+0.90,1,0.22041352083041615,15.164838366067427,1989.1165562259873,6.0,1121.8949280003578,54.75,1001.285450306229,53.083333333333336
1,141,phi+0.90,2,0.16167955330340608,13.1276074798794,1857.3345314859544,6.0,1089.840436418742,53.75,998.2105968598872,52.916666666666664
1,141,phi+0.99,0,0.6527052802165979,58.66552217139744,2125.1320496940157,6.0,1186.3361374910176,53.583333333333336,1011.6156295878392,52.833333333333336
1,141,phi+0.99,1,0.49681059115920295,45.85047312648262,2043.4055323086347,6.0,1094.1032515830138,52.916666666666664,988.2428737890145,52.833333333333336
1,141,phi+0.99,2,0.48057128533049903,33.89170078250526,1915.9731179982361,6.0,1092.7166207139364,55.083333333333336,980.1129971526702,52.416666666666664
1,141,sorted,0,0.9329186857954163,105.65514937570146,1642.3904216606898,6.0,1057.0873484406948,53.416666666666664,978.9266989622118,52.833333333333336
1,142,real,0,-0.002386012770567418,1.0,1794.4737543925767,9.333333333333334,933.3814188517885,54.666666666666664,934.549373122214,53.166666666666664
1,142,phi-0.60,0,0.004144857946670085,1.0,1803.07781894201,10.083333333333334,934.3096105704932,55.0,936.129652331622,53.5
1,142,phi-0.60,1,-0.0020811296781603037,1.0,1815.0553823462951,9.833333333333334,933.12818205846,54.75,940.6234503384743,53.833333333333336
1,142,phi-0.60,2,-0.0024995676615995463,1.0,1967.512750519367,9.916666666666666,943.683762856855,55.583333333333336,942.4741698644622,53.666666666666664
1,142,phi-0.30,0,-0.0015094215107303278,1.0,1955.1582679953897,9.583333333333334,943.0835979841272,55.166666666666664,942.0501921983797,53.166666666666664
1,142,phi-0.30,1,-0.002373648085913108,1.0,1886.511917852093,9.833333333333334,944.204483926188,55.75,939.883429474591,53.833333333333336
1,142,phi-0.30,2,-0.002425238666712119,1.0,1836.2718979479748,9.75,929.7934687812871,54.416666666666664,942.3002280247188,53.75
1,142,phi+0.00,0,-0.002800869259141274,1.0,1821.7061609931,9.833333333333334,936.993794731215,54.916666666666664,936.1676947480901,53.5
1,142,phi+0.00,1,0.0004301507515603527,1.0,1855.2746828148993,9.083333333333334,929.5219647709561,54.416666666666664,929.9142484666542,53.0
1,142,phi+0.00,2,-0.0028324983820156068,1.0,1826.529175941594,9.916666666666666,936.709890971811,54.833333333333336,939.7903125478092,53.666666666666664
1,142,phi+0.30,0,0.004408594631193088,1.0,1790.873579667238,9.666666666666666,931.972982884931,54.583333333333336,941.857746238763,53.666666666666664
1,142,phi+0.30,1,-0.002450998735371229,1.0,1818.4430199733342,10.166666666666666,942.546322109195,55.416666666666664,938.7538273440533,53.75
1,142,phi+0.30,2,-0.0027667597842328377,1.0,1786.7394581713818,9.833333333333334,931.2935412214788,54.666666666666664,940.5297132294235,53.75
1,142,phi+0.60,0,-0.0026456711483078886,1.0012198656623994,1819.943273433623,9.833333333333334,936.2725557720688,54.5,930.5241801119929,52.916666666666664
1,142,phi+0.60,1,-0.0026917189394342774,1.0144253488732005,1824.2748564045166,9.666666666666666,942.6508762809309,54.916666666666664,933.0891150114626,53.083333333333336
1,142,phi+0.60,2,0.004779334963034827,1.0159872951065403,1850.7350068366286,9.916666666666666,945.1870583252494,55.75,938.9614622485291,53.583333333333336
1,142,phi+0.90,0,0.026500022424078187,2.6719767151624403,1920.899859519369,9.333333333333334,928.1048804247457,54.166666666666664,930.0583585572746,52.833333333333336
1,142,phi+0.90,1,0.011813761633814602,1.4319922251984831,1882.5787756663092,10.333333333333334,940.2818656996077,55.666666666666664,939.1594029899125,53.75
1,142,phi+0.90,2,0.011028817342484213,2.5936215467621198,1838.4709163669038,9.0,926.4674841824625,54.083333333333336,930.2796056778242,52.666666666666664
1,142,phi+0.99,0,0.0047241072740961225,1.4353598735157738,1800.57781894201,9.833333333333334,928.3948085596007,54.25,935.4146751178964,53.333333333333336
1,142,phi+0.99,1,0.0209843127084933,3.78231192639141,1783.9111522753435,8.166666666666666,917.5069891600234,53.166666666666664,921.3470209519364,51.916666666666664
1,142,phi+0.99,2,0.0140266138184994,2.163589828564512,1788.162416900975,8.333333333333334,922.3377048798335,53.666666666666664,929.2464660307078,52.666666666666664
1,142,sorted,0,0.026246511166924485,3.9203675152648696,1785.57781894201,8.333333333333334,918.4425536045068,53.25,918.1230468747989,51.583333333333336
1,144,real,0,0.3129898281249144,36.9613171333863,1814.1269949358068,6.0,1051.0123743052693,56.75,962.7274163656601,53.5
1,144,phi-0.60,0,0.006620777366430695,1.0,1909.3215410063513,6.083333333333333,1112.5958683423448,56.083333333333336,966.121432185388,53.333333333333336
1,144,phi-0.60,1,0.009369681345057767,1.0,1998.6775550124223,6.0,1117.7223195896756,58.833333333333336,970.2809074086845,53.25
1,144,phi-0.60,2,0.006616916287365401,1.0,1926.0778534316876,6.0,1102.4327604344662,57.083333333333336,956.1319600055461,53.083333333333336
1,144,phi-0.30,0,0.007150277486772215,1.0,1990.0996744086553,6.0,1090.9125214648886,57.583333333333336,958.404549836037,52.666666666666664
1,144,phi-0.30,1,0.0037245672689309992,1.0,1960.7087821430923,6.0,1100.7994782598648,57.166666666666664,979.664771703695,53.916666666666664
1,144,phi-0.30,2,0.0012038304776034521,1.0,2058.3840621633485,6.0,1100.172184949718,57.833333333333336,969.4772342078286,53.5
1,144,phi+0.00,0,0.00673479645646733,1.0,2460.5827680249918,6.0,1118.6404057820907,57.416666666666664,983.8430376809879,53.583333333333336
1,144,phi+0.00,1,-0.0003318993231104263,1.0,2002.738017024277,6.0,1107.2109300328414,55.916666666666664,961.6724567441078,53.25
1,144,phi+0.00,2,0.0115739685699476,1.0,2470.924264690473,6.0,1136.419694427086,58.5,973.1808099673082,52.75
1,144,phi+0.30,0,-0.014465482838634185,1.4484246862691879,2379.4917999497616,6.0,1111.9142661379185,57.333333333333336,956.6507476871262,51.0
1,144,phi+0.30,1,0.013919757796019028,1.8243711882730622,2318.0118426189097,6.0,1132.4399292538935,57.333333333333336,985.6100848385464,53.0
1,144,phi+0.30,2,-0.008291998020973402,1.7503420826359672,1921.620218083305,6.0,1097.9824068717464,56.583333333333336,972.71969972739,53.416666666666664
1,144,phi+0.60,0,0.0015675893967509165,3.3073796075251805,2038.0692032570266,6.0,1118.1248542312374,57.083333333333336,977.7818638374602,52.916666666666664
1,144,phi+0.60,1,0.05419374760782859,5.31183791265443,2140.4055838038935,6.0,1082.3335114927293,57.75,968.3440017677445,52.916666666666664
1,144,phi+0.60,2,-0.003389006277279896,3.048239008533037,2131.104218064262,6.0,1099.0211599434913,57.333333333333336,973.5967138438549,53.416666666666664
1,144,phi+0.90,0,0.2714939493656912,18.541219623863896,2687.644365948482,6.0,1165.9438682689777,56.916666666666664,986.8913390548292,51.5
1,144,phi+0.90,1,0.24961585538730072,17.673010368273683,2011.0589824878423,6.0,1124.6329847798659,57.25,971.8573530630719,53.416666666666664
1,144,phi+0.90,2,0.2111272541039064,15.205051667869398,1960.9609975628011,6.0,1094.6955460233876,56.75,961.7007663175386,51.333333333333336
1,144,phi+0.99,0,0.8055467372672657,84.70659610909026,1783.860915652007,6.0,1055.965783091401,54.5,954.0186514828898,53.75
1,144,phi+0.99,1,0.6538432608820295,55.0111250076244,3489.9252065579035,6.0,1272.9285042489225,56.916666666666664,1043.7900312456422,53.666666666666664
1,144,phi+0.99,2,0.725812231057184,69.22055609668615,2072.357607342769,6.0,1188.5285788959482,55.416666666666664,992.5268388207423,52.916666666666664
1,144,sorted,0,0.9369302884810071,108.19605524491129,1661.146492443614,6.0,1008.5791440905997,54.833333333333336,945.9228185817072,52.75
1,145,real,0,0.03429553640860543,1.905693117566777,1711.1658707582712,8.833333333333334,957.3526528746912,53.333333333333336,955.9293946750207,54.333333333333336
1,145,phi-0.60,0,0.00945881959724814,1.0,2333.046766485292,9.0,961.5642703667687,54.25,960.6600154145826,55.5
1,145,phi-0.60,1,0.008943382248657865,1.0,2255.155810667448,8.833333333333334,964.547492275858,54.416666666666664,955.9322737615457,54.916666666666664
1,145,phi-0.60,2,-0.00041916901894984793,1.0,1737.5591027057435,9.0,955.907468417236,54.166666666666664,962.4216705475293,55.25
1,145,phi-0.30,0,-0.0047562061378023344,1.0,2257.9529341118164,9.0,1010.7638594792528,55.0,981.2397337511396,55.666666666666664
1,145,phi-0.30,1,-0.002422011287757785,1.0,2326.226945605745,8.916666666666666,971.3516003939257,55.25,963.7388603068439,55.416666666666664
1,145,phi-0.30,2,0.004691024122788064,1.0,2307.8166677885715,9.083333333333334,969.8244874511361,55.0,966.1785241415296,55.25
1,145,phi+0.00,0,0.00245255335176742,1.0354018698530298,2128.3230293768547,9.0,966.5704993008648,54.666666666666664,964.645585537814,55.666666666666664
1,145,phi+0.00,1,-0.00324302935015516,1.0354018698530298,2189.1103930891936,9.0,958.5785926686304,54.0,963.1876820747825,55.75
1,145,phi+0.00,2,0.00029876157372947065,1.2886759695104402,2080.454681617739,9.0,965.2782648810168,54.583333333333336,952.4202143866329,54.416666666666664
1,145,phi+0.30,0,-0.0025471889295582842,1.1198720626874263,2014.063006013211,8.916666666666666,957.5694526431563,53.916666666666664,952.8766506491514,54.666666666666664
1,145,phi+0.30,1,-0.0019065739391675074,1.0845156857829894,2288.5443029929243,9.083333333333334,964.2068479692786,54.25,961.5694768074746,54.916666666666664
1,145,phi+0.30,2,0.0022500601076783843,1.070758246757467,1729.75628514724,9.0,962.233939565187,54.583333333333336,950.6556258849508,54.25
1,145,phi+0.60,0,0.004326536283427792,1.4498658422230268,2137.5499335302893,9.0,962.9553867611479,54.416666666666664,953.613108674714,54.833333333333336
1,145,phi+0.60,1,0.008262268609449282,1.7520225793573423,1710.7771264273754,8.916666666666666,953.2630072307844,54.25,947.7767230631379,54.666666666666664
1,145,phi+0.60,2,0.011590521203203651,1.941004001522621,2157.9191813241673,8.833333333333334,956.3560429282606,54.5,948.9480734472498,54.166666666666664
1,145,phi+0.90,0,0.032601956548951656,4.509377117975285,1703.9833165557704,9.0,945.1177395017531,53.333333333333336,944.5614556840479,54.166666666666664
1,145,phi+0.90,1,0.06311216589014909,6.831505259541913,2290.2346839466077,8.5,1211.878223973389,53.083333333333336,1073.5088534615807,53.75
1,145,phi+0.90,2,0.09949836100527569,9.011830951916737,1590.37743393256,8.333333333333334,951.6561569320361,53.75,943.4231655873114,53.5
1,145,phi+0.99,0,0.5161190064801041,39.50223843875628,1542.3704489883823,7.083333333333333,953.3310602457565,51.833333333333336,944.0524133694271,51.5
1,145,phi+0.99,1,0.10373231065441015,8.641550845333258,1604.214560296412,8.416666666666666,941.5556453786379,52.833333333333336,933.2562289728902,53.083333333333336
1,145,phi+0.99,2,0.3029562092752471,20.453392938380265,3070.854524845098,7.0,1687.4504699983274,51.75,1298.5509130424591,51.166666666666664
1,145,sorted,0,0.6186836754588753,41.96083057126145,1459.4536863966334,6.75,908.54427597558,50.5,900.6571000642992,50.583333333333336
1,146,real,0,0.4172547662436457,43.597149805520154,2359.7321199987296,6.833333333333333,1167.0027212184834,63.916666666666664,1022.8129306581069,57.166666666666664
1,146,phi-0.60,0,0.011628218871192844,1.0,2765.200792840728,6.833333333333333,1117.828680369282,65.75,1030.2024663065374,59.166666666666664
1,146,phi-0.60,1,0.007680998233372964,1.0,2189.9448279903604,7.166666666666667,1105.8644072773495,65.58333333333333,1025.8499047553476,58.25
1,146,phi-0.60,2,0.0053755439896976225,1.0,3351.516718552817,7.083333333333333,1144.4265452904258,68.0,1034.5809189100044,57.833333333333336
1,146,phi-0.30,0,-0.0076927018151644625,1.0,2510.6015563511155,6.666666666666667,1144.5630305173545,66.91666666666667,1032.4077902746144,58.583333333333336
1,146,phi-0.30,1,0.007451527003999309,1.0,2156.820844204549,7.0,1117.0450834670794,67.0,1003.1951460539154,57.416666666666664
1,146,phi-0.30,2,0.0037081205225766396,1.0,2115.9617738109228,7.0,1115.2683570236416,66.33333333333333,1020.072774384385,57.833333333333336
1,146,phi+0.00,0,0.0039485612823570455,1.0399503076446925,2401.921466307262,6.75,1155.0008723386898,68.75,1018.4399999855358,59.75
1,146,phi+0.00,1,-0.00095885964336766,1.0,2640.6851830759533,7.166666666666667,1120.2126821716208,66.33333333333333,1037.1207998299876,59.0
1,146,phi+0.00,2,0.0015279196341660547,1.0,2275.3947121083515,6.833333333333333,1132.6384837962025,65.5,1035.814374807421,59.583333333333336
1,146,phi+0.30,0,0.0036969293661818312,1.714080157260758,2463.2919348276364,7.0,1122.6282784597825,67.08333333333333,1037.4776837913603,59.083333333333336
1,146,phi+0.30,1,-0.003799216329008558,1.6647656567474836,2239.501027106924,7.0,1141.7915237699995,67.75,1029.3146061842692,58.833333333333336
1,146,phi+0.30,2,0.0063674923729999545,1.5654234639514706,3244.350661977256,7.333333333333333,1148.7004551787952,68.75,1018.5269754392488,59.25
1,146,phi+0.60,0,0.002086710849396617,3.387958140424067,2665.7583887359247,7.166666666666667,1139.3209471126584,67.0,1037.8580567309666,58.666666666666664
1,146,phi+0.60,1,-0.012012940180152174,3.0032054276021984,2346.072439851393,7.0,1113.4318119228708,66.08333333333333,1012.0598752882711,58.0
1,146,phi+0.60,2,0.0414134211261596,4.048455946319188,2227.4688326756022,7.0,1133.6440077083173,68.33333333333333,1029.9530949298162,59.75
1,146,phi+0.90,0,0.2802306321284435,19.099334630344405,2864.9818013394884,6.833333333333333,1174.13003255511,63.5,1028.2558885928083,57.916666666666664
1,146,phi+0.90,1,0.15752086406237223,12.05866056959031,2494.380142270423,6.5,1164.209039647451,66.33333333333333,1050.8421368960041,58.75
1,146,phi+0.90,2,0.309319180617028,21.337119161901583,2375.7745828026664,6.833333333333333,1150.8264513906322,66.0,1041.6629162396346,57.916666666666664
1,146,phi+0.99,0,0.7452676396207619,65.24520754541687,2915.122878951981,6.333333333333333,1183.4928504703905,62.666666666666664,1013.340739256409,56.5
1,146,phi+0.99,1,0.6192974759527735,51.52301689419131,2296.9627908269317,6.0,1183.7164802852603,64.33333333333333,1044.1382190758184,57.333333333333336
1,146,phi+0.99,2,0.6591632760199908,64.87763708376234,2867.029689234067,6.916666666666667,1210.0385713984508,62.416666666666664,1040.2124324241652,55.25
1,146,sorted,0,0.8393794996142581,93.1873965421731,1762.6091039068451,5.916666666666667,1012.0352921818791,59.083333333333336,961.2251306818927,54.666666666666664
1,148,real,0,0.14968764249596883,19.838900196280587,1832.542301022551,6.916666666666667,1074.854198101256,62.5,992.1018875435857,56.666666666666664
1,148,phi-0.60,0,0.002771604696444905,1.0,2404.7573230699686,7.166666666666667,1130.4453827133173,64.0,988.9147953752134,55.916666666666664
1,148,phi-0.60,1,0.005048550803051349,1.0,2420.1416805786375,7.5,1113.9850783403756,64.16666666666667,986.9062309459263,57.5
1,148,phi-0.60,2,0.008920052160154481,1.0,2384.832330809479,7.166666666666667,1097.7836331775588,62.833333333333336,1003.2922031466361,57.333333333333336
1,148,phi-0.30,0,-0.003933736454434678,1.0,2430.862281819133,7.333333333333333,1084.6971381205408,62.75,1016.4836883025733,57.083333333333336
1,148,phi-0.30,1,0.004051528593986921,1.0,2845.184993621558,7.916666666666667,1136.6025104678272,64.58333333333333,998.7516085454648,57.416666666666664
1,148,phi-0.30,2,-0.002828655700027153,1.0,2303.847610018954,7.083333333333333,1112.536015784406,63.333333333333336,994.3975225788953,57.666666666666664
1,148,phi+0.00,0,0.0023965600623259056,1.0,3074.702289150118,7.25,1136.755016038569,64.91666666666667,1009.7760794160093,58.0
1,148,phi+0.00,1,-0.004230193055576905,1.0447156251887328,2966.643506676377,7.083333333333333,1102.5368909686808,62.666666666666664,988.9658825891883,56.166666666666664
1,148,phi+0.00,2,0.004378597975416608,1.0,2292.0952557955197,7.25,1124.177571202994,64.08333333333333,1001.1301875742606,58.166666666666664
1,148,phi+0.30,0,0.0006916363469121356,1.383053011974747,2136.5964731945064,7.083333333333333,1105.9877662942174,65.16666666666667,1000.2960570145383,57.666666666666664
1,148,phi+0.30,1,-0.0023680425067463384,1.4022972673288343,2384.7421234749618,7.333333333333333,1096.6091324451404,63.75,990.6292399758223,56.0
1,148,phi+0.30,2,0.016918846737509128,2.280887361170352,2416.5027802125455,6.916666666666667,1093.8537943825786,62.75,1001.3090393826334,57.5
1,148,phi+0.60,0,0.01860150892032576,2.4308711647493246,2414.2149190388755,7.166666666666667,1098.8129836537153,62.833333333333336,999.124513921647,57.0
1,148,phi+0.60,1,0.021044134642965694,4.141141718433284,2242.3683456523218,7.083333333333333,1095.120313863774,61.5,995.3024526156732,57.083333333333336
1,148,phi+0.60,2,0.01787819948890637,3.238496883366491,2490.6555926729075,7.0,1105.7035064238958,63.416666666666664,999.3518853097166,57.666666666666664
1,148,phi+0.90,0,0.21497503164743403,15.691600245764405,2403.7470424059543,6.916666666666667,1086.8698762492154,61.0,1002.0167802715913,57.0
1,148,phi+0.90,1,0.04500010747435164,7.578247065560891,2667.6001849156028,6.833333333333333,1137.9280479674726,62.5,996.8691102957855,56.666666666666664
1,148,phi+0.90,2,0.10128086636974404,10.040167953093402,2322.0296110866925,6.416666666666667,1111.6866518198892,61.166666666666664,994.8513172095035,56.083333333333336
1,148,phi+0.99,0,0.6295683572338218,52.69986397950849,2061.1688770818487,6.333333333333333,1080.240598964118,58.5,986.749229282032,55.416666666666664
1,148,phi+0.99,1,0.6565543861041104,71.10140867095667,1937.984053289985,6.416666666666667,1106.1717094725557,59.0,989.4336967426235,54.666666666666664
1,148,phi+0.99,2,0.4777985945836423,38.895141128101145,2233.8892160064875,6.666666666666667,1130.097928039049,60.75,1000.8435493281386,54.833333333333336
1,148,sorted,0,0.7760973946616517,81.58791433656745,1750.1202309064738,6.333333333333333,1023.8215394635575,57.416666666666664,973.7008564377066,55.916666666666664
1,147,real,0,0.2598351955829413,31.613185251370563,1854.7770452542602,7.333333333333333,1119.9084846426388,69.08333333333333,1023.9348255759616,57.833333333333336
1,147,phi-0.60,0,0.011618628449511283,1.0,2152.2110911004934,7.75,1145.7771581588277,67.91666666666667,1035.1494694476298,58.083333333333336
1,147,phi-0.60,1,0.005932015135185984,1.0,2463.9195116700653,8.0,1134.0318265733238,68.08333333333333,1042.8153437084636,58.5
1,147,phi-0.60,2,0.004952259710534076,1.0,2943.0843189794887,7.833333333333333,1157.635134038692,69.75,1027.5587342573194,57.25
1,147,phi-0.30,0,0.0017281221098757711,1.0,2336.219045532986,7.583333333333333,1128.2991092087102,68.41666666666667,1038.1972127357021,57.916666666666664
1,147,phi-0.30,1,0.001259211004739835,1.0,2311.104352423308,8.0,1121.8739188065815,68.5,1050.1056565606068,58.833333333333336
1,147,phi-0.30,2,0.005114775238170721,1.0,3028.5784047185475,7.916666666666667,1155.3628025472271,69.75,1049.2691070551286,59.833333333333336
1,147,phi+0.00,0,-0.003305231839580067,1.0,2176.1601020893427,7.75,1153.3568852183041,69.25,1031.9349977116394,58.083333333333336
1,147,phi+0.00,1,-0.0034127146262452105,1.0,2650.8012124610595,7.75,1136.1850687272756,69.75,1039.6740241910668,59.0
1,147,phi+0.00,2,-0.005727785626428572,1.0,2784.8048538387816,7.833333333333333,1163.9265288072431,68.58333333333333,1056.5968171823085,58.5
1,147,phi+0.30,0,0.000437765674621208,1.938999204440595,2209.2228519917467,7.583333333333333,1152.815055736034,71.08333333333333,1030.3215049968687,57.583333333333336
1,147,phi+0.30,1,-0.009231775104106938,1.3097553317937503,2606.9839245756825,8.083333333333334,1138.6975765456375,68.33333333333333,1029.9008852575714,58.833333333333336
1,147,phi+0.30,2,-0.010319430595156902,1.3819796859749456,2436.041917518354,7.75,1143.2865146537888,68.83333333333333,1056.87560573784,60.416666666666664
1,147,phi+0.60,0,0.008448089944200876,3.2855245802166086,2318.3272212713023,7.916666666666667,1148.9398629944892,69.66666666666667,1031.3481477600858,58.333333333333336
1,147,phi+0.60,1,0.008172414131842881,2.221275201658692,2363.032484257165,7.583333333333333,1163.394687771291,70.41666666666667,1043.7650268748732,58.166666666666664
1,147,phi+0.60,2,0.021269920159535004,3.3385648402947075,2273.691651472363,8.0,1147.031127191757,69.75,1038.82991193968,58.833333333333336
1,147,phi+0.90,0,0.15783751378934188,15.306209269572351,2238.405497440105,7.666666666666667,1185.7486289760004,69.5,1062.5159149688366,58.416666666666664
1,147,phi+0.90,1,0.10844223669367468,10.070626285309517,1869.4515226504145,7.083333333333333,1130.4227094585183,67.16666666666667,1035.0311200903927,58.083333333333336
1,147,phi+0.90,2,0.1315563107667809,9.92714007050811,1829.053451730177,7.083333333333333,1098.0491595738797,67.16666666666667,1017.0674895563083,56.166666666666664
1,147,phi+0.99,0,0.7288576572855754,73.46351529480381,1769.0210936076649,7.166666666666667,1097.5964300701887,64.75,1012.0323140360357,55.75
1,147,phi+0.99,1,0.5474675418375274,59.98127865917537,1778.8023575768445,7.25,1091.8659581730615,65.83333333333333,1011.9499323332028,57.75
1,147,phi+0.99,2,0.4260434708425262,30.038081313987796,2347.6543076058874,7.083333333333333,1155.0207741576755,66.33333333333333,1040.680462474798,56.666666666666664
1,147,sorted,0,0.7042313685584034,76.39200065980187,1712.0326564592324,6.916666666666667,1040.109096872917,62.583333333333336,978.4089569596712,53.75
1,149,real,0,0.5583464686717342,62.48887032016461,2250.488238808735,6.0,1157.651099763301,58.166666666666664,977.2281942461847,52.25
1,149,phi-0.60,0,0.007310480520504877,1.0,2264.436780000993,6.0,1108.262563376764,59.0,970.9956411212501,52.833333333333336
1,149,phi-0.60,1,0.006220778037006952,1.0,2303.276203443605,6.083333333333333,1129.3070863388355,59.333333333333336,996.1842826817195,53.083333333333336
1,149,phi-0.60,2,0.003851200976454387,1.0,2386.506757880907,6.083333333333333,1125.6533701946287,59.5,973.4701923925862,52.833333333333336
1,149,phi-0.30,0,-0.0001427183424038536,1.0,2020.4257708097887,6.0,1120.9610973392173,59.416666666666664,987.6717596088615,53.833333333333336
1,149,phi-0.30,1,-0.0016002824423462165,1.0,2422.423628791393,6.0,1120.6360956234748,58.333333333333336,1002.1370405526013,54.916666666666664
1,149,phi-0.30,2,0.0005318742044167609,1.0,2288.3972109763204,6.083333333333333,1090.7801465447537,58.333333333333336,994.7978681029728,54.833333333333336
1,149,phi+0.00,0,0.00289298164616223,1.0,2273.9421249061193,6.083333333333333,1127.7713876515295,60.333333333333336,1000.7390444346923,54.5
1,149,phi+0.00,1,0.002087982128207993,1.0518825040491655,2267.3670278243058,6.083333333333333,1129.4909670326904,60.166666666666664,1003.0585146329363,52.75
1,149,phi+0.00,2,-0.0017451010937406721,1.0,2213.659597818965,6.0,1134.8820544731668,59.083333333333336,993.5327427754308,55.416666666666664
1,149,phi+0.30,0,0.003406737662594229,1.7673598748966703,2043.6616964995999,6.0,1120.7345858053852,60.083333333333336,1003.8263075198843,54.666666666666664
1,149,phi+0.30,1,0.008292196722639682,1.957848221605563,2270.6542901268263,6.0,1107.0658845211972,58.75,993.8067477123774,53.75
1,149,phi+0.30,2,0.0127618784780879,1.7062276806688073,2272.563102808476,6.0,1122.1319882709442,59.0,998.4809510778115,54.0
1,149,phi+0.60,0,0.04447612083889301,4.275563406095012,2784.7928533427857,6.0,1105.1635930676266,59.416666666666664,990.3983393880936,53.583333333333336
1,149,phi+0.60,1,0.05089104927049547,4.128872046008357,1866.0918282643154,6.0,1091.1352205950036,59.75,970.0423063947043,52.916666666666664
1,149,phi+0.60,2,0.01524716066911539,3.288388346547017,2234.1943112094764,6.0,1121.2810959015844,59.416666666666664,997.0668225319059,53.833333333333336
1,149,phi+0.90,0,0.1906077584637572,14.07617849564853,2124.732429729657,6.0,1127.5777382160857,58.333333333333336,978.3500921432486,53.333333333333336
1,149,phi+0.90,1,0.3013487051057782,23.327713096784404,2442.593143543987,6.083333333333333,1153.9319844281763,58.583333333333336,991.474667318756,53.416666666666664
1,149,phi+0.90,2,0.2533795448804938,23.637844797326096,2104.9682853020954,6.0,1109.0138573326583,59.166666666666664,990.919689684712,53.583333333333336
1,149,phi+0.99,0,0.7122757729579757,72.75095758852916,2999.12361140201,6.0,1381.5042245861941,58.5,1043.6246026878773,54.333333333333336
1,149,phi+0.99,1,0.6934689100236124,64.66026229787805,2173.9277931409633,6.0,1169.4853080798355,58.916666666666664,1005.3416776900425,53.916666666666664
1,149,phi+0.99,2,0.7274002942507064,71.8387882215929,3046.9670735371005,6.083333333333333,1253.572126964614,56.75,1034.4475257886445,53.833333333333336
1,149,sorted,0,0.9049145124267469,103.5292022691678,1678.034431167908,6.0,1030.6716546906189,57.083333333333336,953.7869893252283,52.583333333333336
1,150,real,0,0.0031248682913740315,2.5670735900428117,1854.4921275657814,8.916666666666666,916.7719914925791,51.5,917.0089268066671,51.25
1,150,phi-0.60,0,-0.0018100585763706145,1.0,1854.4921275657814,8.916666666666666,917.3786178073132,51.583333333333336,916.2305732643157,51.166666666666664
1,150,phi-0.60,1,-0.0018100585763706145,1.0,1854.4921275657814,8.916666666666666,917.3786178073132,51.583333333333336,917.0089268066671,51.25
1,150,phi-0.60,2,-0.0018100585763706145,1.0,1854.4921275657814,8.916666666666666,916.6159790428214,51.5,916.4660365754129,51.083333333333336
1,150,phi-0.30,0,-0.0013470876749491227,1.0,1854.4921275657814,8.916666666666666,917.4389172775547,51.583333333333336,916.4670173631126,51.166666666666664
1,150,phi-0.30,1,-0.0018100585763706145,1.0,1861.5677568564706,8.916666666666666,921.5896337062551,51.583333333333336,918.7819703257998,51.25
1,150,phi-0.30,2,-0.0018100585763706149,1.0,1854.4921275657814,8.916666666666666,917.469903706762,51.5,917.7358530328474,51.333333333333336
1,150,phi+0.00,0,-0.00153227603551772,1.0,1854.4921275657814,8.916666666666666,917.3786178073132,51.583333333333336,916.3103414715624,51.166666666666664
1,150,phi+0.00,1,-0.0018100585763706145,1.0,1854.4921275657814,8.916666666666666,917.31998426695,51.5,916.1822504615044,51.083333333333336
1,150,phi+0.00,2,-0.001810058576370615,1.0,1854.4921275657814,8.916666666666666,917.3786178073132,51.583333333333336,916.2291831847482,51.166666666666664
1,150,phi+0.30,0,-0.001810058576370615,1.0,1854.4921275657814,8.916666666666666,917.3786178073132,51.583333333333336,916.4674757373896,51.166666666666664
1,150,phi+0.30,1,-0.0013985288862181776,1.0,1854.4921275657814,8.916666666666666,917.3786178073132,51.583333333333336,916.2803996276376,51.166666666666664
1,150,phi+0.30,2,-0.0018100585763706145,1.0,1854.4921275657814,8.916666666666666,917.0617280728674,51.5,917.0089268066671,51.25
1,150,phi+0.60,0,-0.0018100585763706145,1.2826429619718374,1854.4921275657814,8.916666666666666,915.9877867666264,51.416666666666664,915.9914874864393,51.083333333333336
1,150,phi+0.60,1,-0.0018100585763706145,1.0,1854.4921275657814,8.916666666666666,917.3786178073132,51.583333333333336,917.0089268066671,51.25
1,150,phi+0.60,2,-0.0018100585763706145,1.2826429619718374,1854.4921275657814,8.916666666666666,916.560130247628,51.5,917.0089268066671,51.25
1,150,phi+0.90,0,-0.0018100585763706145,1.425755841136432,1851.2038289687562,8.916666666666666,918.8551059198995,51.416666666666664,917.6564299957577,51.25
1,150,phi+0.90,1,0.012994722026863319,1.0,1854.4921275657814,8.916666666666666,917.3786178073132,51.583333333333336,917.0089268066671,51.25
1,150,phi+0.90,2,-0.0009149815002890633,1.2826429619718374,1851.8219005859808,8.916666666666666,921.2834867657388,51.583333333333336,924.5135008650877,51.25
1,150,phi+0.99,0,0.0055923317252463516,2.5670735900428117,1874.5473625910427,8.916666666666666,929.4457110339928,51.583333333333336,928.2300725965102,51.166666666666664
1,150,phi+0.99,1,-0.0018100585763706149,1.8550944786302161,1854.4921275657814,8.916666666666666,916.585417778863,51.5,917.805410502671,51.166666666666664
1,150,phi+0.99,2,0.010527258592990998,2.5634858175794077,1854.4921275657814,8.916666666666666,917.429389867183,51.583333333333336,920.1279787650786,51.25
1,150,sorted,0,0.007372197635155642,2.57184733444858,1854.4921275657814,8.916666666666666,916.5648777688913,51.5,916.2067509472159,51.166666666666664
1,151,real,0,0.36832133095233366,37.09526249172184,2550.581870284958,6.416666666666667,1138.0421050276946,62.416666666666664,980.3663073672177,54.583333333333336
1,151,phi-0.60,0,0.01034480771600119,1.0,2844.0285005655023,6.333333333333333,1110.5907700210785,64.75,989.1758702777583,56.833333333333336
1,151,phi-0.60,1,-0.00013670051238287478,1.0,2901.8031428237323,6.583333333333333,1130.5762593946868,65.33333333333333,997.5025774073961,57.0
1,151,phi-0.60,2,-0.0005177261581384594,1.0,2300.3920916735833,6.916666666666667,1106.6838655392585,65.5,972.4870780172838,57.166666666666664
1,151,phi-0.30,0,-0.0012022511324563086,1.0,2237.5350872204485,7.166666666666667,1105.2843626867493,62.916666666666664,988.1213196084195,57.333333333333336
1,151,phi-0.30,1,0.003240056698873347,1.0,2805.863374818724,6.666666666666667,1111.6095820807052,63.75,986.4246113304447,57.166666666666664
1,151,phi-0.30,2,0.001255532547182016,1.0,1985.3441721246797,6.583333333333333,1093.1507509496005,63.583333333333336,978.8908075867649,56.0
1,151,phi+0.00,0,0.006435462155280251,1.0,2565.5458994938135,6.833333333333333,1103.4909778307513,65.0,990.1232098753612,57.333333333333336
1,151,phi+0.00,1,-0.0030900543482280042,1.0,2918.364733485683,7.0,1104.3893666043207,64.25,1001.1931646470374,55.833333333333336
1,151,phi+0.00,2,0.01193895819333646,1.0,2175.6571973414434,6.833333333333333,1110.664315942441,64.58333333333333,980.4816555769448,57.0
1,151,phi+0.30,0,-0.0032427388153691847,1.5190224816890545,2915.667028249596,7.166666666666667,1126.2318921836045,64.25,1007.9672261306624,57.75
1,151,phi+0.30,1,0.0076409839235982106,2.2645805667458836,2283.9108512843495,6.583333333333333,1101.425933055459,63.916666666666664,984.7503062574142,57.583333333333336
1,151,phi+0.30,2,0.00032521674086220044,1.2836243796426938,2416.4836498279305,7.333333333333333,1107.32299267658,64.66666666666667,986.4120374429485,57.75
1,151,phi+0.60,0,0.016271707129468474,3.4363237255939194,2065.469457937707,6.666666666666667,1089.5791489113788,63.75,979.8087567514308,56.916666666666664
1,151,phi+0.60,1,0.021149633093580512,3.383442121445187,2085.9432712448765,6.666666666666667,1105.909746028361,65.33333333333333,984.4238002442052,57.0
1,151,phi+0.60,2,0.025122669889166054,3.8316583620586964,2479.477235217289,6.916666666666667,1108.9219401715736,64.08333333333333,976.9731969271974,55.916666666666664
1,151,phi+0.90,0,0.19175825955408538,13.776233158063308,2147.9730974623994,6.666666666666667,1084.1946878342808,63.166666666666664,976.0163144098427,56.416666666666664
1,151,phi+0.90,1,0.19105229643417707,13.555700477154812,2137.3239589998207,7.083333333333333,1096.8779924313105,64.0,982.5737790052221,57.0
1,151,phi+0.90,2,0.15315339424172783,12.674964349328492,2053.7452659576684,6.75,1114.2614898989018,64.25,980.1961474837258,57.166666666666664
1,151,phi+0.99,0,0.6627531964125146,72.15581378609974,2556.5249389837063,6.333333333333333,1231.0675639848826,60.416666666666664,1017.7269793554366,54.416666666666664
1,151,phi+0.99,1,0.6513831269055594,51.53494614446275,2199.949435679686,6.666666666666667,1136.016760859695,61.833333333333336,975.686600433674,55.166666666666664
1,151,phi+0.99,2,0.7627638905572335,79.38076300137635,1681.8880700004122,6.333333333333333,1018.3258882729415,60.0,951.267586741224,55.0
1,151,sorted,0,0.8875204367323817,97.0952986374325,1581.2849562347828,6.25,992.8018238102945,58.0,946.5829048396255,54.833333333333336
1,154,real,0,0.041421404093667395,3.691680025755712,2430.6579229856657,6.166666666666667,1112.0393508684117,61.583333333333336,971.3024897241811,54.083333333333336
1,154,phi-0.60,0,0.0007114875195749556,1.0,2314.6428339968566,6.166666666666667,1074.332101414174,61.5,962.8909852512633,53.666666666666664
1,154,phi-0.60,1,0.008078380670152686,1.0,2231.945262302875,6.166666666666667,1076.213933978636,60.583333333333336,944.5467989143264,53.166666666666664
1,154,phi-0.60,2,0.006990565628306796,1.0,2268.833618724009,6.083333333333333,1084.4827058449166,60.416666666666664,965.1587287103425,53.5
1,154,phi-0.30,0,0.00021134843877239796,1.0,2561.103977700317,6.0,1078.7056964331955,62.166666666666664,959.9308905658951,53.5
1,154,phi-0.30,1,0.007979556799622993,1.0,2311.437124961602,6.083333333333333,1062.4150927536127,60.916666666666664,954.9927387830795,53.25
1,154,phi-0.30,2,0.0054618054991735976,1.0,2404.7299801190857,6.166666666666667,1117.5624711561734,61.666666666666664,962.272108696597,53.416666666666664
1,154,phi+0.00,0,0.0043388753764288315,1.0113882478599365,2004.4072503431917,6.083333333333333,1069.6256847000884,60.666666666666664,944.6864684124454,52.583333333333336
1,154,phi+0.00,1,0.00021812063294575072,1.0838851699194954,2786.259421393866,6.166666666666667,1115.3649324568858,61.083333333333336,943.3797242974629,51.666666666666664
1,154,phi+0.00,2,0.0011506768528173263,1.0255431369702734,2287.5001399203343,6.083333333333333,1066.9860656238282,60.916666666666664,961.8268814129939,54.0
1,154,phi+0.30,0,0.006826778858114181,1.8335386347806897,2360.7770363884806,6.0,1092.8771321226143,59.583333333333336,952.6091876827472,53.5
1,154,phi+0.30,1,-0.0022093347451922533,1.527781950571423,2328.555051155975,6.0,1059.431574019348,60.916666666666664,943.0027402487716,51.75
1,154,phi+0.30,2,-0.009011878381323765,1.4358406358979094,2615.776515133552,6.0,1081.1557479097974,59.75,949.8807583163558,52.75
1,154,phi+0.60,0,-0.0033340206219819616,2.7837391449824587,2345.6454114795915,6.0,1050.8864690019511,59.75,952.2399716062047,52.5
1,154,phi+0.60,1,0.026033473999767166,3.5441077641265046,2432.387639786481,6.0,1119.0900701836551,61.833333333333336,981.9115745193745,54.0
1,154,phi+0.60,2,0.01963475379397273,3.5166211946362083,2663.401469272421,6.083333333333333,1093.3231792416166,61.333333333333336,946.7405700032426,52.833333333333336
1,154,phi+0.90,0,0.3156681793378363,24.918390698089222,2778.1754317515893,6.0,1137.9252106000297,59.75,966.6312027912896,52.666666666666664
1,154,phi+0.90,1,0.19240295839249327,14.826577887890334,2517.08757404988,6.166666666666667,1102.7758018038078,60.833333333333336,958.3933204243331,53.333333333333336
1,154,phi+0.90,2,0.15563094731920327,11.694856426557266,2341.125013039815,6.166666666666667,1112.927649712664,61.166666666666664,970.6255169129275,53.583333333333336
1,154,phi+0.99,0,0.6093498977495011,54.48706506005501,2035.3429853029954,6.0,1084.1557418538107,59.333333333333336,953.0398900985095,53.25
1,154,phi+0.99,1,0.5979786312664194,60.78862384357833,2155.5857010988366,6.083333333333333,1095.58840062694,59.5,939.6884349132497,50.583333333333336
1,154,phi+0.99,2,0.5339287237068698,51.39297796311659,1875.3881973175382,6.0,1033.6085842154382,59.583333333333336,943.127792945582,51.5
1,154,sorted,0,0.9235531202604752,104.05304968316109,1807.9962910490242,6.0,997.3657344993875,57.166666666666664,942.1169327248473,53.833333333333336
1,152,real,0,0.06174169258802105,4.639943757233804,2085.6376613520624,7.083333333333333,1109.584899797126,58.75,995.1020742261416,53.25
1,152,phi-0.60,0,0.0012684684466256046,1.0,2453.96817208087,7.5,1104.6721226346824,60.0,977.3495185666844,53.083333333333336
1,152,phi-0.60,1,0.003521200929724462,1.0,2155.0454196842716,7.0,1111.9547248355395,58.583333333333336,998.8003074235129,53.833333333333336
1,152,phi-0.60,2,0.006113736459299921,1.0,2211.9170833704893,6.833333333333333,1107.5371560182714,59.166666666666664,1007.2362263609663,54.333333333333336
1,152,phi-0.30,0,0.0026992991368404566,1.0,2124.6044890442286,6.916666666666667,1112.9347076490105,59.5,994.8869885205796,54.166666666666664
1,152,phi-0.30,1,0.001008995989978271,1.0,2153.0816050159187,7.083333333333333,1101.9384584940444,59.75,996.5664320679736,53.25
1,152,phi-0.30,2,-0.004563624428703895,1.0,2108.0814354876293,7.166666666666667,1117.4080520486984,60.333333333333336,1013.3163199993752,54.333333333333336
1,152,phi+0.00,0,-0.005015432765513456,1.0,2416.770598921489,7.083333333333333,1117.0809040833026,59.833333333333336,995.4379054976472,52.833333333333336
1,152,phi+0.00,1,0.0038158691482989638,1.0,2195.3022756339356,6.916666666666667,1102.1634247079476,60.333333333333336,964.2609310305694,51.833333333333336
1,152,phi+0.00,2,0.006581954974515586,1.0,3099.2190323675118,7.083333333333333,1109.9914459141985,58.583333333333336,994.5046157433172,52.666666666666664
1,152,phi+0.30,0,0.010332335642214693,1.2222190099364316,2207.517953150724,7.333333333333333,1112.0570629213678,58.833333333333336,994.0704913118217,53.166666666666664
1,152,phi+0.30,1,-0.00013528841537368178,1.32291283796711,2425.769282690012,7.0,1114.29188691445,58.583333333333336,988.40168901885,53.416666666666664
1,152,phi+0.30,2,0.0026702686642962104,1.9922309305303672,1995.829959068412,7.166666666666667,1088.3239257397963,57.916666666666664,974.5730467041736,52.916666666666664
1,152,phi+0.60,0,-0.0008369925255174126,2.225989217030513,2415.2258373406107,7.25,1135.597739182561,58.916666666666664,994.0225989479126,53.583333333333336
1,152,phi+0.60,1,0.010821275423345225,2.2347246130919514,2068.6953063796295,6.833333333333333,1108.437572912833,58.833333333333336,969.8998387736638,51.5
1,152,phi+0.60,2,0.06158379034701195,5.258882828252388,2103.341984794172,6.75,1096.4790284004364,58.5,957.8983753987055,50.833333333333336
1,152,phi+0.90,0,0.11753182762615444,9.399215236531207,2124.204843510989,6.833333333333333,1121.737236772304,59.416666666666664,1006.5470126823183,54.583333333333336
1,152,phi+0.90,1,0.15291137413870293,11.176282574380433,2134.2820228544265,7.0,1108.9784592394255,57.083333333333336,991.7233515067368,53.583333333333336
1,152,phi+0.90,2,0.20784428168727737,14.980527988480945,2052.185993936672,7.083333333333333,1115.417573112622,57.666666666666664,1000.3803871288178,52.75
1,152,phi+0.99,0,0.29947770666944107,34.39633968756051,3753.826542041386,6.833333333333333,1255.4542231103248,57.416666666666664,1073.3941331635358,54.416666666666664
1,152,phi+0.99,1,0.4542564450242321,43.60772009919995,2104.7581595666543,6.583333333333333,1098.8512996417187,55.25,1001.5740381403094,52.583333333333336
1,152,phi+0.99,2,0.45738647090205764,46.39939571663802,2008.5893554031063,7.0,1083.7933191891477,55.5,964.5436940485898,50.916666666666664
1,152,sorted,0,0.46119208603853185,46.58243234032103,1696.1726196184773,6.5,1005.4642816871186,53.083333333333336,957.2986367563743,51.833333333333336
1,155,real,0,0.43861051935331435,41.69185516838744,1799.3690787019268,9.416666666666666,1063.8612225042473,61.5,1021.0173145880922,58.083333333333336
1,155,phi-0.60,0,0.005437916785010731,1.0,2208.3219934453236,9.416666666666666,1048.5684694297909,63.833333333333336,1026.6788605543636,60.333333333333336
1,155,phi-0.60,1,0.016712268957775438,1.0,2174.1087558819586,9.5,1049.8095179953855,63.916666666666664,1053.2099862373555,62.083333333333336
1,155,phi-0.60,2,0.009978194086646705,1.0,2075.9313559438933,9.75,1056.7797848061039,65.08333333333333,1049.4201109852072,61.583333333333336
1,155,phi-0.30,0,0.0018029178480302257,1.0,3313.415391042217,9.5,1059.6876214647561,64.41666666666667,1047.7991847008814,61.0
1,155,phi-0.30,1,-0.0010524694699760304,1.0,2218.075191042791,9.916666666666666,1057.9987034965352,63.916666666666664,1039.6420626984636,61.0
1,155,phi-0.30,2,0.0032855891788336434,1.0,2144.983377988927,9.5,1061.2402474986459,64.41666666666667,1045.1282041235881,61.916666666666664
1,155,phi+0.00,0,-0.0030351413581494427,1.0,2168.7123173337914,9.916666666666666,1057.994623696636,64.41666666666667,1052.2936485973748,61.666666666666664
1,155,phi+0.00,1,0.001840099189499667,1.0,1982.9580783301983,9.416666666666666,1055.272595043284,63.75,1041.7970897829005,61.083333333333336
1,155,phi+0.00,2,-0.0002555867076615058,1.0,2024.9696782987824,9.833333333333334,1037.4389628386157,62.833333333333336,1035.4321546160472,60.416666666666664
1,155,phi+0.30,0,0.004382832331760569,1.4943036133174301,2966.59880870966,10.0,1062.5337734129378,65.0,1049.291743385256,61.583333333333336
1,155,phi+0.30,1,-0.0004388552277291868,1.332444398330179,2882.901460665133,9.5,1079.5848288733916,64.25,1055.3406039991182,62.0
1,155,phi+0.30,2,0.00018039599815532095,1.2097265978062197,2318.287199001764,10.0,1044.1143706020043,62.666666666666664,1038.4135981513145,61.833333333333336
1,155,phi+0.60,0,0.0019753021460789237,1.826492900054295,1764.007558430565,9.916666666666666,1043.3514162188355,63.666666666666664,1038.4329609917904,61.083333333333336
1,155,phi+0.60,1,-0.0041028495062651795,1.7198919836207498,2765.999382864005,9.833333333333334,1064.4152323426758,65.08333333333333,1054.8941609680428,62.083333333333336
1,155,phi+0.60,2,-0.006350349892754145,1.4721009759198398,2321.854858031399,9.416666666666666,1041.7466033846824,62.833333333333336,1049.878820248921,61.166666666666664
1,155,phi+0.90,0,0.07647750002635538,5.971122858134191,1970.9363433604856,9.666666666666666,1053.319085072884,64.0,1029.8340365955798,60.5
1,155,phi+0.90,1,0.049679853880136134,4.826395120812057,1995.933621103976,9.416666666666666,1052.6966770567128,64.33333333333333,1027.4019417209195,60.333333333333336
1,155,phi+0.90,2,0.08179595125719458,7.674517437615176,1743.5693511708785,9.75,1049.0010570070838,63.5,1033.6494680820583,60.916666666666664
1,155,phi+0.99,0,0.18202308293881947,13.288814385359284,2590.17409204109,9.0,1065.4555270094577,63.083333333333336,1045.799501075856,59.25
1,155,phi+0.99,1,0.45035926360202194,36.32872389145561,1629.7190612841666,8.5,1015.8409669044622,61.0,1022.2291315778856,59.75
1,155,phi+0.99,2,0.2917916411321594,21.81973059242595,1760.1317906110987,8.916666666666666,1024.8088957608104,61.166666666666664,1035.4245122444474,60.0
1,155,sorted,0,0.5716276323716528,46.650982042455645,1632.2190612841666,8.75,994.3907931808875,59.083333333333336,993.0415447231316,57.083333333333336
1,156,real,0,0.16755426031517934,19.84539898184073,1892.639625810144,6.333333333333333,1114.0285833251128,61.5,975.9868075498424,55.833333333333336
1,156,phi-0.60,0,0.00509679529433494,1.0,2216.803775662589,6.416666666666667,1111.759310929578,60.166666666666664,1002.9072897609558,56.416666666666664
1,156,phi-0.60,1,0.004167028860859582,1.0,3130.647098634908,6.5,1130.828807638534,61.5,993.4519876900049,54.75
1,156,phi-0.60,2,0.013735596791960996,1.0,2296.7146571068365,6.5,1124.9420216551382,61.166666666666664,997.614565624477,56.916666666666664
1,156,phi-0.30,0,0.00029657238591009435,1.0,2178.7095888093595,6.25,1119.1772623481013,60.416666666666664,1005.3390263986703,56.916666666666664
1,156,phi-0.30,1,-0.0011034561483797356,1.0,1992.3564639575734,6.333333333333333,1083.5698602731543,60.833333333333336,978.3355636967761,55.166666666666664
1,156,phi-0.30,2,0.010803677147046505,1.0,2419.4051013940316,6.416666666666667,1117.3010449649712,61.0,998.2271651475718,55.083333333333336
1,156,phi+0.00,0,-0.0006889058318962566,1.041724285070534,2261.853339643467,6.5,1098.6920386903673,59.75,1006.6049796343976,57.083333333333336
1,156,phi+0.00,1,0.005446293950848236,1.0,2260.070322505962,6.416666666666667,1117.9209087516222,58.583333333333336,1017.9200907079875,58.083333333333336
1,156,phi+0.00,2,0.005976472026718493,1.4077969609777443,2054.06790469626,6.666666666666667,1103.0985809008778,60.083333333333336,1001.4328632521796,56.416666666666664
1,156,phi+0.30,0,0.004389920536320129,1.7718982743835032,2261.3924367982945,6.666666666666667,1134.4912343282986,61.666666666666664,993.7085040567544,55.333333333333336
1,156,phi+0.30,1,0.005885775916780501,1.552927865324789,2041.7090011944629,6.5,1079.6835594968813,58.583333333333336,992.7710537294947,56.333333333333336
1,156,phi+0.30,2,0.007033784643959845,2.0025230116012183,2305.2590794561197,6.416666666666667,1117.6764578590758,61.0,994.6885398988649,56.75
1,156,phi+0.60,0,0.018470365674515203,3.6330497645005133,2432.8111869171676,6.333333333333333,1130.510824711738,60.0,996.8632792239742,55.5
1,156,phi+0.60,1,0.015350074835991531,3.8248244561990425,2137.3665578207947,6.5,1127.501122218756,60.333333333333336,1008.9503263453506,56.75
1,156,phi+0.60,2,0.013817009840934006,3.6426486110623526,1989.9838926729435,6.666666666666667,1110.1386622348566,60.75,992.614321379831,55.583333333333336
1,156,phi+0.90,0,0.14264052499948737,11.999180309813832,2034.6603388125388,6.583333333333333,1132.0405327820556,59.75,997.1099890731313,56.333333333333336
1,156,phi+0.90,1,0.20017280718540456,16.667079829816473,2315.713682543587,6.166666666666667,1137.2134059217917,61.0,1004.3106695023956,58.083333333333336
1,156,phi+0.90,2,0.164164866914997,14.490501842173312,2014.0715941752812,6.416666666666667,1111.9232763723724,61.083333333333336,977.0747397435058,54.75
1,156,phi+0.99,0,0.5119179978177604,41.961428134712,2235.557148540082,6.416666666666667,1179.6017030552914,59.0,1006.1064366581064,54.75
1,156,phi+0.99,1,0.625081161856431,56.05672782331079,2156.7645415283555,6.583333333333333,1079.6335607202734,58.833333333333336,991.0446239252495,56.083333333333336
1,156,phi+0.99,2,0.48201298906948525,48.947861596954766,2491.6186100388927,6.583333333333333,1118.2919658690157,58.25,989.245185462506,54.833333333333336
1,156,sorted,0,0.8019364578190149,88.4159816956655,1757.299505031978,6.083333333333333,1001.2934501239315,55.083333333333336,950.3899089027337,54.416666666666664
1,158,real,0,0.09377985259343528,12.929153255054258,1833.891714209128,10.916666666666666,1069.8716280474575,64.5,1013.2679483760039,61.583333333333336
1,158,phi-0.60,0,0.011040700493151808,1.0,2381.9386078790335,10.416666666666666,1090.5580317994934,65.41666666666667,1062.8169466122765,64.75
1,158,phi-0.60,1,0.00482941148195159,1.0,2403.294384693358,10.916666666666666,1077.0528612488354,66.33333333333333,1053.58008148926,66.16666666666667
1,158,phi-0.60,2,0.0001944867496439173,1.0,2299.468946787367,10.916666666666666,1113.9396744243834,67.5,1049.638229294423,64.25
1,158,phi-0.30,0,0.0009452490895076523,1.0,2384.397099961025,10.916666666666666,1093.4029194323227,66.5,1040.7124139454563,63.666666666666664
1,158,phi-0.30,1,-0.0038612712534592977,1.0,2425.8684645907024,10.666666666666666,1078.8163739676954,66.5,1038.3758886358157,64.25
1,158,phi-0.30,2,0.008281958071362906,1.0,2110.301032637002,11.25,1116.0971591503876,68.75,1052.7702944677405,64.25
1,158,phi+0.00,0,0.0015899796102078806,1.0,2657.2889613744915,11.416666666666666,1093.5199668453752,67.91666666666667,1050.045580994729,64.33333333333333
1,158,phi+0.00,1,-0.005186715440495604,1.0,2398.1756934781356,10.666666666666666,1106.1668292896354,67.58333333333333,1040.7268903339439,62.833333333333336
1,158,phi+0.00,2,-0.0030719533631235665,1.1150591000479417,1984.68682668086,10.416666666666666,1096.5215297922084,65.41666666666667,1045.3744905170322,64.08333333333333
1,158,phi+0.30,0,-0.006457416388702904,1.1942981398733943,2000.0869663229169,10.833333333333334,1098.993970741383,67.58333333333333,1038.9924497873142,65.0
1,158,phi+0.30,1,-0.0015448844817423594,1.1251124190917732,2281.3088280913316,11.416666666666666,1084.3866478462962,65.41666666666667,1018.5833713967,61.5
1,158,phi+0.30,2,-0.008893494871960218,1.3438253916258398,2744.5169426329926,10.666666666666666,1088.1135223679487,66.66666666666667,1067.0874904799255,64.91666666666667
1,158,phi+0.60,0,0.009377625205270463,2.1786797504142714,2279.2045109971873,10.583333333333334,1090.2900399536795,68.0,1045.1722246465538,64.5
1,158,phi+0.60,1,0.004995665812207031,2.037908621519442,2218.596819113151,10.75,1088.83138064399,63.833333333333336,1056.4681224278527,63.583333333333336
1,158,phi+0.60,2,0.00883611070559857,2.403922073741521,2500.8549836709603,10.5,1119.3510808420592,67.83333333333333,1056.5232942458103,63.916666666666664
1,158,phi+0.90,0,0.05269171565989557,5.080064105120703,1946.9771654566812,10.833333333333334,1072.7543736310417,65.58333333333333,1053.52351773835,64.83333333333333
1,158,phi+0.90,1,0.048438591761651786,5.78509282014159,2900.3992331793593,10.916666666666666,1109.8400214047447,66.66666666666667,1060.2332796551052,64.16666666666667
1,158,phi+0.90,2,0.08930998011822625,7.811538016648642,3121.7272089956637,10.0,1237.1345124407926,66.08333333333333,1152.8369893085137,62.666666666666664
1,158,phi+0.99,0,0.18427804857497507,15.562894305158913,1732.8437169056133,10.25,1066.809086766628,66.0,1006.4335669395055,61.083333333333336
1,158,phi+0.99,1,0.2230475394912253,16.97005848056788,2134.0781230016014,10.416666666666666,1059.2357267667255,63.666666666666664,1016.3701646762264,60.166666666666664
1,158,phi+0.99,2,0.27321962292567503,18.859160444823452,1740.2295228837545,9.083333333333334,1054.7326128799255,62.75,1014.3893220436103,61.5
1,158,sorted,0,0.2805302963971663,26.301071952270185,1658.4886736843036,9.416666666666666,1012.5409942983797,60.833333333333336,978.2886574996081,59.083333333333336
1,159,real,0,0.05339869801000775,2.6703196843576187,1669.206862513307,12.416666666666666,975.2288818546348,57.666666666666664,986.1602666797544,57.083333333333336
1,159,phi-0.60,0,0.006178049159456817,1.0,1741.138734546058,13.75,992.4860383948429,59.166666666666664,1003.7864932261804,57.666666666666664
1,159,phi-0.60,1,-0.0018644561301632565,1.0,1746.9428756083407,14.0,999.6839341020915,59.666666666666664,1012.1036971812806,59.166666666666664
1,159,phi-0.60,2,1.8834091993647515e-05,1.0,1688.6563882165026,13.666666666666666,988.9116166832067,58.833333333333336,1005.0676437085573,58.583333333333336
1,159,phi-0.30,0,-0.002426827515946228,1.0,1856.3703826592698,13.583333333333334,1005.7840164698132,60.083333333333336,1002.4142631868659,57.916666666666664
1,159,phi-0.30,1,0.003415414588621089,1.1497555056221214,1698.2007884199593,14.0,1000.722094830865,59.25,1016.7200367894194,58.75
1,159,phi-0.30,2,-0.004292283550393317,1.0,1748.1614250912862,13.666666666666666,988.656070899142,59.0,1004.1690138059361,58.166666666666664
1,159,phi+0.00,0,0.00011870554316863497,1.0550398464798487,1830.8712785643456,13.666666666666666,997.3668868686036,59.416666666666664,1016.7258197523257,58.75
1,159,phi+0.00,1,-0.00032334452286541404,1.0947325658035,1819.2170879939968,13.583333333333334,993.2261880438781,58.916666666666664,1009.0138892141727,57.916666666666664
1,159,phi+0.00,2,-0.004771666516033259,1.0,1786.166420052066,13.5,996.2211269960744,59.25,1005.6097916547493,58.166666666666664
1,159,phi+0.30,0,-0.004159834983001727,1.0351934868180228,1877.94153100042,13.5,997.030725030344,59.416666666666664,998.436378428531,57.833333333333336
1,159,phi+0.30,1,0.002916057332746146,1.0,1786.367256936377,13.333333333333334,995.2037180620196,59.5,1000.5856185462459,57.333333333333336
1,159,phi+0.30,2,0.0003610127068527125,1.0,1832.42066664349,13.5,998.123927366593,59.5,1004.2873417684063,58.25
1,159,phi+0.60,0,-0.0003233445228654183,1.0748862061416744,1826.7581280777133,13.916666666666666,993.5091609920322,59.0,1017.0226939909716,58.5
1,159,phi+0.60,1,-0.003937502109552646,1.6062217778441137,1712.608315610067,13.0,996.6229754649968,58.833333333333336,1020.0363839271367,58.666666666666664
1,159,phi+0.60,2,0.00240623735341478,1.61073791701097,1855.2393976900341,13.0,993.5674969671146,58.916666666666664,1006.3568595178882,57.5
1,159,phi+0.90,0,0.06161098476662529,4.30233875576155,1681.2956797091013,12.166666666666666,979.9903189861374,57.916666666666664,988.6619506970263,57.083333333333336
1,159,phi+0.90,1,0.028419659125296017,2.9527862987573994,1708.637464340908,12.833333333333334,982.6625070550617,58.166666666666664,987.6124754801881,56.833333333333336
1,159,phi+0.90,2,0.013363800071497173,1.8443780937860228,1695.506860394801,13.25,983.60996959181,58.583333333333336,1000.6304471795426,58.25
1,159,phi+0.99,0,0.22038186206123134,15.677544425918361,1634.9699110368845,9.666666666666666,946.6855464022739,54.833333333333336,969.1076291523265,55.583333333333336
1,159,phi+0.99,1,0.1793204282781436,13.384727609103962,1948.164982056043,10.333333333333334,1024.582882120533,57.166666666666664,1041.3512289848902,56.416666666666664
1,159,phi+0.99,2,0.15993323950255328,11.912826130237859,3069.1467140384993,10.25,2091.579833587393,56.083333333333336,1533.5404918697095,55.166666666666664
1,159,sorted,0,0.2519314912765794,17.30094831705545,1608.3112688442116,9.583333333333334,947.2251607545126,55.0,965.5237543521172,55.416666666666664
1,160,real,0,0.027454742513104195,1.3298809305662296,2649.8687162668266,6.416666666666667,1135.1687496549282,66.5,991.3426201759539,55.416666666666664
1,160,phi-0.60,0,0.00025713493614228913,1.0,2132.607906197631,6.583333333333333,1114.8683565682106,65.25,998.1503763807565,53.916666666666664
1,160,phi-0.60,1,0.006229489423739126,1.0,2513.583699158272,6.583333333333333,1118.2260402906197,64.83333333333333,987.9548434461271,55.25
1,160,phi-0.60,2,0.003471313529543228,1.0,3034.0068423993985,7.0,1145.9999250976678,66.41666666666667,1001.3429373723021,55.416666666666664
1,160,phi-0.30,0,0.000362517516933812,1.0,3099.868327149016,6.833333333333333,1136.097584268088,65.5,993.2126303674527,55.0
1,160,phi-0.30,1,0.000738031289382746,1.0,2269.9695383547028,6.583333333333333,1114.0189893850254,65.83333333333333,987.425320604706,54.5
1,160,phi-0.30,2,0.0051434655493085325,1.0,3219.239872375434,6.75,1136.0120726625134,66.58333333333333,988.5714970300038,54.0
1,160,phi+0.00,0,-0.0018669328891711373,1.0,2281.0548796315165,6.583333333333333,1102.8497823626146,65.16666666666667,992.7800550430387,55.333333333333336
1,160,phi+0.00,1,0.004623446288621063,1.0,3198.767207222076,6.583333333333333,1122.922883012414,65.33333333333333,1014.8256668454839,54.0
1,160,phi+0.00,2,-0.0004971517244606037,1.0178731802684522,2428.294174385746,6.5,1121.2918034967076,64.83333333333333,979.8963937000543,54.333333333333336
1,160,phi+0.30,0,0.0049090265622548385,1.5785232592063791,2209.3136445943187,6.5,1128.2842655920451,66.0,982.4559029471102,52.666666666666664
1,160,phi+0.30,1,0.007402063930555886,1.7054954539489273,2662.2998419795294,6.416666666666667,1118.9747364439293,64.75,1003.9073712507978,55.083333333333336
1,160,phi+0.30,2,-0.0015525259763084433,1.6597789454481529,2278.5576373651315,6.5,1110.12000503142,65.91666666666667,981.8611888436271,55.416666666666664
1,160,phi+0.60,0,0.02792439106945071,3.8397870678976798,2502.8225976667786,6.583333333333333,1108.9929486664141,64.5,996.8312156200055,54.916666666666664
1,160,phi+0.60,1,0.03009084923729259,3.0912443501835307,3396.536886686296,7.0,1132.483884433701,65.0,1009.4549691503568,55.75
1,160,phi+0.60,2,0.016110970173238735,3.312459105187458,2250.8390182372123,6.75,1126.8522681740712,67.5,998.8198627195885,55.5
1,160,phi+0.90,0,0.15940799515508652,11.979064147791572,2840.8188978396643,6.75,1128.8086410024928,64.41666666666667,999.7147882823356,54.25
1,160,phi+0.90,1,0.24841220194759608,17.454360122577416,2852.479877325621,6.333333333333333,1122.5276272843485,64.41666666666667,1001.8756871516329,54.333333333333336
1,160,phi+0.90,2,0.19791567327811402,14.444330562992686,1913.104188911944,6.5,1109.0390042592508,64.83333333333333,972.9095450258068,52.833333333333336
1,160,phi+0.99,0,0.8317281973538693,90.34040766592321,4961.510879679922,6.333333333333333,1567.7502732402463,62.583333333333336,1135.3666392905682,53.333333333333336
1,160,phi+0.99,1,0.6622076036236028,56.04997482274569,2121.864005405448,6.5,1123.866842171771,63.0,968.993306377862,52.666666666666664
1,160,phi+0.99,2,0.775927670018549,82.98711234179629,1874.5730580826155,6.25,1094.87472627373,62.25,966.4191068675265,52.166666666666664
1,160,sorted,0,0.8816920623504566,99.98266329112575,1766.4840351610055,6.25,1021.1913738943875,60.333333333333336,944.7138404775278,52.416666666666664
1,161,real,0,0.03828516001117812,1.0,1941.7094848169716,6.0,1087.622685879862,57.583333333333336,963.0027526027624,51.416666666666664
1,161,phi-0.60,0,0.005217993455868141,1.0,2562.9736332732764,6.0,1105.292808825687,58.583333333333336,964.7015499895004,51.75
1,161,phi-0.60,1,0.009932981020598504,1.0,2239.239095816211,6.0,1114.1567960110324,57.666666666666664,976.8132216571499,51.583333333333336
1,161,phi-0.60,2,0.008674071856309497,1.0,2052.281366073204,6.083333333333333,1098.1361666403022,58.25,945.0920651218001,49.75
1,161,phi-0.30,0,0.0018943323826581772,1.0,2643.5517146240204,6.0,1107.0198091086343,56.916666666666664,975.1538894292966,52.583333333333336
1,161,phi-0.30,1,0.0008519136021860485,1.0,2149.822868412573,6.0,1107.6348819430088,57.916666666666664,956.8215894198183,50.583333333333336
1,161,phi-0.30,2,-0.0009775495324373105,1.0,2195.445905665802,6.0,1090.0957197191974,57.5,964.2403716675999,51.0
1,161,phi+0.00,0,-0.005376405734695269,1.0899464793087412,2485.769714114033,6.0,1108.0674723482791,57.333333333333336,968.4027115014793,50.833333333333336
1,161,phi+0.00,1,0.001205879351863398,1.1600508446708107,2186.246616292684,6.0,1095.9203299855974,58.666666666666664,960.9104756154343,50.666666666666664
1,161,phi+0.00,2,0.005359285832185547,1.0,2131.0797257147346,6.0,1107.7255805578604,57.5,970.0732381838465,51.75
1,161,phi+0.30,0,-0.0018185181084999023,2.1964774674062673,2273.3288677689648,6.0,1129.7069607882756,58.0,971.7157650408002,51.416666666666664
1,161,phi+0.30,1,0.003313818725056422,1.9324887777920576,2264.794397052399,6.083333333333333,1122.157926135969,58.583333333333336,962.2316635395196,50.916666666666664
1,161,phi+0.30,2,0.0004892215084778607,2.048984285402451,2593.6342055699383,6.0,1117.269088159593,57.5,961.6990518690928,51.25
1,161,phi+0.60,0,0.005183936181627063,3.33740859933893,2022.2022180542501,6.0,1148.7926367646064,59.166666666666664,963.519063311269,50.5
1,161,phi+0.60,1,0.014574753388906996,4.143376353794416,1869.1948296425578,6.0,1095.7454511567457,57.25,945.6572773345042,49.75
1,161,phi+0.60,2,-0.007178182306629847,3.120725840611178,2106.198254678767,6.083333333333333,1117.4827502825958,58.083333333333336,971.2003570198477,52.0
1,161,phi+0.90,0,0.34554017872506787,24.298292615008464,2472.9517657144806,6.0,1137.1867628943662,56.166666666666664,986.6765280081723,51.083333333333336
1,161,phi+0.90,1,0.28516001399982466,23.25989984906364,2062.468088791155,6.0,1099.4653954337614,56.25,965.1316648550159,51.583333333333336
1,161,phi+0.90,2,0.2511983843826331,18.821562981677932,1842.4421475628424,6.083333333333333,1087.9819870372883,57.083333333333336,979.0039444573725,53.166666666666664
1,161,phi+0.99,0,0.8127162253065698,83.97160658422767,1765.413702227056,6.083333333333333,1103.778350516913,56.583333333333336,949.8654675775252,50.166666666666664
1,161,phi+0.99,1,0.8429814810679787,93.92700369241248,2040.2669213449315,6.083333333333333,1177.7277742553476,56.833333333333336,967.7041447092332,50.5
1,161,phi+0.99,2,0.8212932823272139,89.18331366340782,2068.1124443542617,6.166666666666667,1141.1878537224954,57.666666666666664,963.5222499904163,51.25
1,161,sorted,0,0.9014309318929451,103.28328208252643,1700.1020249615506,6.083333333333333,1018.9741619638424,55.5,944.1504408263877,51.166666666666664
1,163,real,0,0.20924142084386552,25.741863046996215,1632.4652461797402,6.916666666666667,1096.8915984197831,63.25,999.7179995948418,56.916666666666664
1,163,phi-0.60,0,0.006392089435595196,1.0,2207.814191933173,7.333333333333333,1084.770685646292,63.666666666666664,998.286340519699,58.083333333333336
1,163,phi-0.60,1,0.0052359920533153114,1.0,1911.3747656554206,7.25,1075.5042904143506,63.083333333333336,989.2405488414635,57.25
1,163,phi-0.60,2,0.0057748118175828,1.0,2540.6971353703707,7.166666666666667,1080.6072390596262,62.833333333333336,1013.3311478227688,57.75
1,163,phi-0.30,0,0.00010362241568948178,1.0,2474.709084097721,7.416666666666667,1065.4956271729316,63.25,1002.7882811891604,57.666666666666664
1,163,phi-0.30,1,0.0037531818014806626,1.0,1945.9662459882568,7.416666666666667,1072.056722019664,62.083333333333336,979.968123087117,55.583333333333336
1,163,phi-0.30,2,0.0006940627922812833,1.0,2220.7205094951933,7.25,1088.4812238206205,63.083333333333336,973.8093120434523,54.916666666666664
1,163,phi+0.00,0,-0.0005659077748062712,1.1269143020012728,2976.100514180606,7.166666666666667,1091.770120754829,63.666666666666664,996.3857784686115,57.333333333333336
1,163,phi+0.00,1,-0.0027223454255011197,1.0704032721226462,2075.180894172878,7.083333333333333,1087.5273009344683,63.666666666666664,1012.7842722618198,59.166666666666664
1,163,phi+0.00,2,0.0041281448291781925,1.077081515865908,2413.2337130923083,7.5,1070.4540093802805,61.75,1002.6568450003609,57.583333333333336
1,163,phi+0.30,0,0.011693150305007647,1.5948447834456216,2948.8940148930674,7.416666666666667,1091.6529625328083,63.833333333333336,998.0934553657368,56.583333333333336
1,163,phi+0.30,1,-0.0002658320259550737,1.3173464487316218,2188.1065607614723,7.083333333333333,1083.5785132622643,63.25,991.3365374109362,57.583333333333336
1,163,phi+0.30,2,0.01929241855412643,1.7188671067110275,1947.893842074595,7.166666666666667,1098.4517179865147,64.41666666666667,1001.4224462271736,57.583333333333336
1,163,phi+0.60,0,0.025519122001155223,3.020910154131685,2082.4928136967096,7.416666666666667,1076.9867539397535,64.33333333333333,980.6405728463363,56.666666666666664
1,163,phi+0.60,1,0.01219535851072803,2.9361405481994813,2365.365153130119,7.166666666666667,1100.3634198701764,64.66666666666667,1011.538843084746,57.833333333333336
1,163,phi+0.60,2,0.04019168859169245,3.813708070735991,1699.6004621803895,7.083333333333333,1050.4279519108964,62.833333333333336,987.6939093019572,57.416666666666664
1,163,phi+0.90,0,0.22154710705074737,16.889011712686383,2145.726334162657,7.083333333333333,1082.4021248585796,62.25,982.3955024756041,55.166666666666664
1,163,phi+0.90,1,0.15396103244452225,11.51748703953438,2380.3148466177913,6.75,1095.4081058597565,61.833333333333336,989.5063717677367,54.5
1,163,phi+0.90,2,0.1376746713265198,10.356086954662494,1609.8971963431804,7.0,1043.9038756395764,61.333333333333336,986.6912060761152,57.083333333333336
1,163,phi+0.99,0,0.6104518288822133,59.490448061868435,1793.8581202637167,6.416666666666667,1060.3325463197968,59.75,953.4647305295658,54.166666666666664
1,163,phi+0.99,1,0.5317764333852203,48.420427908448325,1518.3738171833113,6.666666666666667,1028.7841092136894,59.416666666666664,963.6098651753163,54.75
1,163,phi+0.99,2,0.5731690022541845,40.98350399388425,2368.593709563826,6.333333333333333,1129.7387804459754,59.666666666666664,1005.0055696534822,54.333333333333336
1,163,sorted,0,0.7328372859453972,76.3444802425858,1448.876999214068,6.916666666666667,994.3994982076083,58.333333333333336,923.7426520322148,52.0
1,162,real,0,0.2787336666738093,31.88387707164127,1711.8743268258806,6.666666666666667,1084.61006062699,65.58333333333333,996.6325988121399,55.916666666666664
1,162,phi-0.60,0,0.0021125437906504385,1.0,2012.6624835219375,7.25,1124.95881502003,67.0,1016.4370075096831,57.416666666666664
1,162,phi-0.60,1,0.008256428289972624,1.0,3532.880449765426,6.916666666666667,1163.412680595813,67.91666666666667,1007.9724489587202,56.583333333333336
1,162,phi-0.60,2,0.0035655213053939904,1.0,2473.694438124228,6.833333333333333,1123.9522907268863,66.08333333333333,1010.7187569608667,57.583333333333336
1,162,phi-0.30,0,0.00337759513134783,1.0,2514.2419130356734,7.25,1152.0251907258655,67.5,1020.11519892074,57.75
1,162,phi-0.30,1,0.00356401111089951,1.0,2540.048541384277,7.083333333333333,1135.6233651540986,66.83333333333333,1035.6425527700785,58.416666666666664
1,162,phi-0.30,2,-0.0032101435607682634,1.0,2478.6408130468662,7.5,1141.326582076195,66.58333333333333,1014.4484751324284,57.666666666666664
1,162,phi+0.00,0,0.0058515836079723,1.0569636246688714,2120.290499688904,6.916666666666667,1137.6214635316517,66.83333333333333,1011.4658921673395,57.083333333333336
1,162,phi+0.00,1,-0.005289170146514202,1.0629939037590037,2219.5319142992616,7.25,1127.541384353032,68.08333333333333,1019.2235654827637,58.25
1,162,phi+0.00,2,-0.003033991419285438,1.0,2054.927115783208,6.833333333333333,1102.24588202186,64.66666666666667,1033.4353318462515,58.166666666666664
1,162,phi+0.30,0,-0.0004003591269881296,1.5916789901489286,2404.7396410292226,7.083333333333333,1118.2936433708928,65.41666666666667,1016.5230911356698,56.416666666666664
1,162,phi+0.30,1,-0.0063928324273175045,1.5884294204185188,2255.1004769633983,7.25,1136.5249277691353,66.33333333333333,1016.5159583459772,57.25
1,162,phi+0.30,2,0.0011833491282881277,1.5785126332712383,2183.3567762294715,7.25,1129.6405716623183,66.41666666666667,1011.5485202700398,58.083333333333336
1,162,phi+0.60,0,0.033881837438093886,3.153136613761383,2485.008128878166,7.333333333333333,1136.1491155914584,66.0,1027.4507300162327,57.25
1,162,phi+0.60,1,0.05186090856341255,3.5000514012944066,2141.16589300437,7.333333333333333,1114.319187233875,65.75,1026.3072694122143,57.416666666666664
1,162,phi+0.60,2,0.0061039016546664444,2.9998706177871735,2438.0074858213625,7.333333333333333,1142.8322872054055,67.25,1013.3446366897001,57.166666666666664
1,162,phi+0.90,0,0.2544177528522217,17.963947332744027,2472.324688060504,7.333333333333333,1154.9857792539572,63.916666666666664,1041.146210430322,56.916666666666664
1,162,phi+0.90,1,0.18753429433806362,14.556297915730164,2975.9546815296803,6.666666666666667,1113.7282951232905,65.0,986.199356901296,55.666666666666664
1,162,phi+0.90,2,0.16141407417513298,16.375996469349538,2128.99705451231,6.75,1123.1387584221077,65.33333333333333,1004.5575351176349,57.0
1,162,phi+0.99,0,0.690748117499671,66.11354652191567,2010.6946946030014,6.416666666666667,1158.146073357211,62.333333333333336,1007.3307014871192,55.25
1,162,phi+0.99,1,0.7937260686522166,83.66663320002036,1849.422085406226,6.333333333333333,1058.5070260266693,61.333333333333336,972.7433439761552,54.833333333333336
1,162,phi+0.99,2,0.5461975969417008,50.365529368111964,2820.365129547212,6.666666666666667,1277.5487026210212,65.25,1088.2867118916024,56.666666666666664
1,162,sorted,0,0.8505748743336065,93.62879603891393,1681.040334597457,6.333333333333333,1020.8493687878413,59.833333333333336,953.1761340503452,53.166666666666664
1,164,real,0,0.3751314533175438,37.753600352780026,2028.38490641244,10.333333333333334,1064.7511183876659,62.583333333333336,1030.5803938306672,59.5
1,164,phi-0.60,0,0.0020642925709828167,1.0,3117.9195883916714,10.666666666666666,1066.6441515234242,65.33333333333333,1042.9570843306085,61.25
1,164,phi-0.60,1,0.005251488451009985,1.0,2763.8328323427245,11.166666666666666,1068.596723405879,64.25,1043.0309086062482,61.833333333333336
1,164,phi-0.60,2,-0.001786940872281624,1.0,2715.9581926323067,10.75,1055.7446252639943,63.083333333333336,1031.704991837943,61.25
1,164,phi-0.30,0,-0.004556488397919707,1.0,2631.906824081704,10.416666666666666,1061.2572675100582,63.333333333333336,1032.750279676569,61.5
1,164,phi-0.30,1,-0.0049833602898574185,1.0,2577.731277268245,10.25,1057.1411421120083,63.333333333333336,1053.7716775930676,61.5
1,164,phi-0.30,2,0.004627358340462888,1.0,3257.0890928413974,10.916666666666666,1066.6446311749896,64.08333333333333,1056.533791770426,62.75
1,164,phi+0.00,0,-0.0037573900628512227,1.0,2936.0125372024336,10.916666666666666,1075.0889149461939,65.08333333333333,1039.566280092536,61.166666666666664
1,164,phi+0.00,1,0.004721240860666143,1.0635561603645822,2295.9283966122666,10.5,1060.1302377368308,64.08333333333333,1050.4340800920213,63.083333333333336
1,164,phi+0.00,2,-0.0006697018690911313,1.0,2686.2381147872175,10.666666666666666,1062.3594390098363,62.75,1031.687656312071,61.333333333333336
1,164,phi+0.30,0,-0.0015449833746026332,1.1813465325717971,2365.0534934356433,10.166666666666666,1061.5262804483698,63.0,1031.1664762675207,60.166666666666664
1,164,phi+0.30,1,-0.005557009048817689,1.1049500717983847,2457.0877307875257,9.833333333333334,1056.3365155064862,62.916666666666664,1047.5167530259052,62.0
1,164,phi+0.30,2,-0.0015799901463959083,1.1131471714389236,2583.6213551124292,10.5,1058.7137052219023,64.16666666666667,1038.3315132829587,62.0
1,164,phi+0.60,0,0.01177014387494062,2.9748309054482123,2911.568663741644,10.416666666666666,1077.0658735478091,64.66666666666667,1050.9789400552577,62.666666666666664
1,164,phi+0.60,1,-0.003363842827276361,1.9877962133423115,2901.6918742240196,11.333333333333334,1061.4349224933344,63.333333333333336,1058.486757624883,63.416666666666664
1,164,phi+0.60,2,-0.0008728269445883068,2.022877052520703,2552.9397675367454,10.666666666666666,1067.8985719738837,63.666666666666664,1049.979033233459,62.583333333333336
1,164,phi+0.90,0,0.09434691597608552,8.015877308086889,2460.618053731436,10.333333333333334,1067.6045222376138,63.5,1047.1716357031366,62.25
1,164,phi+0.90,1,0.04870520959281801,6.3388650600698,2294.225899659933,10.166666666666666,1069.3076658148057,63.916666666666664,1043.3069899664522,60.166666666666664
1,164,phi+0.90,2,0.08893414237484616,7.179081259029168,2586.3096882892296,11.166666666666666,1083.7194305507446,65.16666666666667,1030.4504690059016,60.5
1,164,phi+0.99,0,0.29242719647649984,22.17870281016819,1948.875338805911,10.083333333333334,1042.0569324365922,62.166666666666664,1014.4105784471009,59.583333333333336
1,164,phi+0.99,1,0.4475927639128441,29.185326401715642,2400.38126012241,10.083333333333334,1063.3857973096867,61.416666666666664,1050.0068901203983,60.833333333333336
1,164,phi+0.99,2,0.1462356952162988,11.048656130551382,1864.135473599896,10.5,1054.5812221550907,63.166666666666664,1021.1165907188789,60.083333333333336
1,164,sorted,0,0.548642491064549,44.18344631400893,1849.0790245594515,9.0,1006.0323243207991,58.916666666666664,988.569036579804,57.166666666666664
1,166,real,0,0.04521901247034356,1.4716749928792696,2012.882466217776,6.0,1052.6883609048762,55.333333333333336,953.2475456425105,52.333333333333336
1,166,phi-0.60,0,0.008264034308148066,1.0,2137.008532930948,6.083333333333333,1072.3622754062524,56.083333333333336,958.615244031182,52.333333333333336
1,166,phi-0.60,1,0.004804652193204815,1.0,1942.4371440724283,6.0,1065.451318083458,57.25,959.7458233398698,52.5
1,166,phi-0.60,2,0.012448288121609382,1.0,1875.4572256757874,6.0,1065.4065318839582,57.166666666666664,968.3683524783113,52.416666666666664
1,166,phi-0.30,0,0.0023944335779388956,1.0,1987.9470558221076,6.0,1054.6274283036762,56.083333333333336,958.1118497676371,51.083333333333336
1,166,phi-0.30,1,0.0024230079178581645,1.0,1966.672845490755,6.0,1063.8474546587283,55.583333333333336,957.0104100600923,52.166666666666664
1,166,phi-0.30,2,-0.0004729744760353342,1.0,2191.668130135419,6.0,1087.7383594044493,56.666666666666664,949.584654151092,51.416666666666664
1,166,phi+0.00,0,-0.004941623842466742,1.0706524628209513,1880.8752492361043,6.083333333333333,1079.4000349145429,56.166666666666664,958.4282752770324,52.0
1,166,phi+0.00,1,-0.005094739173354901,1.045417546702813,1914.6270025301867,6.083333333333333,1068.8966265848383,57.25,952.3672026054911,52.0
1,166,phi+0.00,2,-0.003299408004842315,1.0,1919.1931837872653,6.0,1062.1534097942165,56.75,951.3763436784515,51.25
1,166,phi+0.30,0,-0.011467356113841018,1.7336513812857013,2233.4615897668677,6.0,1073.6303176685767,56.75,952.0557546196816,51.666666666666664
1,166,phi+0.30,1,0.0057613534420113,1.7673563974747406,2051.3547620997356,6.0,1081.453354187418,55.583333333333336,969.2468389152565,52.5
1,166,phi+0.30,2,-0.0026559462181697095,1.6590966903389874,2027.4713880175193,6.0,1064.0583481651158,56.083333333333336,960.7541484135098,52.25
1,166,phi+0.60,0,0.03055309772215628,3.692611503157254,1913.222186400394,6.0,1073.9686500352793,55.333333333333336,952.0850560537543,51.333333333333336
1,166,phi+0.60,1,0.02892732560844766,3.63748637884188,2202.2317952876024,6.0,1079.4586994196886,55.166666666666664,951.8159598272997,51.583333333333336
1,166,phi+0.60,2,-0.004625958257132169,2.6382239437356945,1926.908553151153,6.083333333333333,1069.9396591974446,55.25,955.6950272377758,53.0
1,166,phi+0.90,0,0.2707737994540308,18.4752140807596,1833.4923753378425,6.0,1047.7681043097468,54.833333333333336,948.2817365005086,51.833333333333336
1,166,phi+0.90,1,0.22166906587201088,17.12903986725191,2177.6438869902427,6.0,1155.9908745754446,56.75,985.9601396853549,52.916666666666664
1,166,phi+0.90,2,0.1979073456751822,15.817939617567502,2204.9563798013082,6.0,1083.4656095119053,55.5,971.7418305239379,51.166666666666664
1,166,phi+0.99,0,0.6755853948133423,59.017173365817904,1804.043169560102,6.0,1044.998336904652,55.5,964.8826216777238,52.833333333333336
1,166,phi+0.99,1,0.7530234734100295,79.66385327013163,1810.3784510373177,6.0,1036.7648060095923,54.666666666666664,953.3057250528447,52.166666666666664
1,166,phi+0.99,2,0.7128571168378506,69.7009238934997,2237.650742330569,6.0,1075.1785197920967,54.833333333333336,951.3765464473537,50.75
1,166,sorted,0,0.9376145179962435,107.31445756350708,1657.2213950492917,6.0,989.9229532080122,53.5,937.9609757927738,52.666666666666664
1,165,real,0,0.03137208789720833,2.6968283933962844,1802.9185786372318,12.25,992.8904214852255,59.166666666666664,966.2879315700139,57.166666666666664
1,165,phi-0.60,0,-0.003696721623014026,1.0,1968.696169018366,13.25,1034.2024004334426,62.416666666666664,985.1508909272811,58.416666666666664
1,165,phi-0.60,1,0.002277262719948978,1.0,2218.168275312448,13.916666666666666,1063.3184173137922,64.66666666666667,985.45252837121,58.583333333333336
1,165,phi-0.60,2,0.0005971063895744438,1.0,2253.5746309852366,14.083333333333334,1058.8083061666914,63.916666666666664,998.5115485233455,59.833333333333336
1,165,phi-0.30,0,0.0015093994488822348,1.0,3499.385720354863,14.25,1065.401090699602,65.0,1000.5315387461338,59.25
1,165,phi-0.30,1,0.001359543640131139,1.0,2073.147168072854,12.75,1042.3003147762718,63.25,999.6932663001786,59.416666666666664
1,165,phi-0.30,2,-0.006307945814524336,1.0460861348584498,1872.5772827173403,13.583333333333334,1027.6821453995374,62.666666666666664,976.5245166184694,58.0
1,165,phi+0.00,0,-0.00509831582467001,1.0,2226.6476566796805,13.916666666666666,1037.6593683657038,62.333333333333336,985.1537282399862,58.333333333333336
1,165,phi+0.00,1,0.002476119733653494,1.006768599247503,2062.296328219935,13.166666666666666,1054.2195529864769,63.0,985.3100667945392,58.083333333333336
1,165,phi+0.00,2,-0.001595721086244841,1.0338997692358673,2439.2360139047405,13.5,1041.2695815588343,63.083333333333336,975.0663493074934,58.0
1,165,phi+0.30,0,0.003853555938705544,1.0,2241.5323760461138,13.25,1044.375953661963,63.25,987.0913824318527,59.0
1,165,phi+0.30,1,-0.00601212705625153,1.1181087114548662,2394.5768697108783,13.75,1049.5357377503635,62.916666666666664,977.0336448883864,57.833333333333336
1,165,phi+0.30,2,0.0004819865337491641,1.0139172420858569,1810.3154312533436,12.916666666666666,1030.2582141426506,62.083333333333336,982.8318135213204,58.083333333333336
1,165,phi+0.60,0,0.001512530010044706,1.5509253625198194,2592.3575054332455,14.0,1040.0472439520054,62.333333333333336,1000.9227258119712,58.833333333333336
1,165,phi+0.60,1,-0.0038045589627561686,1.2060033455692396,1999.8067781351956,13.666666666666666,1038.8995433191417,62.666666666666664,978.934948479754,58.25
1,165,phi+0.60,2,0.0076796155880496314,2.0459241449300043,2317.1076127709116,13.75,1049.0875786876275,63.833333333333336,991.9981349073192,58.916666666666664
1,165,phi+0.90,0,0.01858156357737756,3.4700803555871422,2152.3001854974113,13.666666666666666,1035.5231643719794,62.166666666666664,986.2233185596832,58.25
1,165,phi+0.90,1,0.03614878248559697,4.395337047255845,2202.8599036876813,12.916666666666666,1041.4673319288243,62.25,984.7795759807294,57.916666666666664
1,165,phi+0.90,2,0.06800580113220424,6.45558479780281,2340.889278264714,12.833333333333334,1038.6406650385325,61.5,981.9630836323612,58.0
1,165,phi+0.99,0,0.1228254152430472,9.699767681009378,1927.5289214048237,11.666666666666666,1004.3759794394033,59.083333333333336,966.2127859885967,56.583333333333336
1,165,phi+0.99,1,0.114398028103867,9.334729541117616,2047.5009390482012,11.333333333333334,1010.1065494071898,59.916666666666664,959.8950754909347,56.416666666666664
1,165,phi+0.99,2,0.04204621797014886,4.676902043645507,1815.7532209740102,12.75,1006.2683858933907,60.5,968.1033047547062,57.25
1,165,sorted,0,0.12999933811223846,11.31771948320947,1794.5170389818998,11.416666666666666,979.837014100697,58.166666666666664,956.3604102133114,56.166666666666664
1,167,real,0,0.0017228499322670399,1.9894481657232022,1688.9551669077337,8.666666666666666,927.5578564420838,52.333333333333336,946.5336718470925,52.75
1,167,phi-0.60,0,-0.0015440140364867702,1.0,1695.1271281433449,8.666666666666666,927.0124117077893,52.25,942.4207634236885,52.333333333333336
1,167,phi-0.60,1,0.00016720044099835613,1.0,1697.6271281433449,8.916666666666666,929.4408014961664,52.416666666666664,949.9993107773477,52.666666666666664
1,167,phi-0.60,2,1.1635454781913659e-05,1.0,1695.9604614766783,8.75,928.5634079804281,52.25,947.98869291722,52.833333333333336
1,167,phi-0.30,0,-0.0012807503334867857,1.0,1699.7827603982876,8.666666666666666,928.9504048354471,52.416666666666664,945.2012476020909,52.666666666666664
1,167,phi-0.30,1,-0.00154401403648677,1.0,1695.9604614766783,8.75,928.6427932619946,52.416666666666664,950.0003725101615,52.833333333333336
1,167,phi-0.30,2,-0.0015440140364867702,1.0,1696.7937948100116,8.833333333333334,929.2757421802595,52.416666666666664,947.9331209934529,52.666666666666664
1,167,phi+0.00,0,-0.00154401403648677,1.0,1695.1271281433449,8.666666666666666,926.6710595175914,52.166666666666664,944.8829147378407,52.5
1,167,phi+0.00,1,0.015568126658512222,1.0,1697.6271281433449,8.916666666666666,930.560876041032,52.5,946.8094616040357,52.75
1,167,phi+0.00,2,-0.0015440140364867702,1.0,1789.0088804325658,8.75,928.8013587381773,52.416666666666664,947.4466739613425,52.75
1,167,phi+0.30,0,-0.0015440140364867702,1.0,1695.1271281433449,8.666666666666666,927.9689990568554,52.333333333333336,944.1550558061166,52.583333333333336
1,167,phi+0.30,1,1.1635454781913777e-05,1.0,1695.9604614766783,8.75,927.842146475205,52.333333333333336,944.3632442487373,52.583333333333336
1,167,phi+0.30,2,-0.00154401403648677,1.0,1693.4604614766783,8.5,926.1427932619946,52.166666666666664,942.8198076187008,52.416666666666664
1,167,phi+0.60,0,0.00016720044099835613,1.0,1696.7937948100116,8.833333333333334,927.8751408732151,52.333333333333336,943.8185459652062,52.416666666666664
1,167,phi+0.60,1,-0.0015440140364867702,1.0871716759068444,1694.2937948100116,8.583333333333334,926.976126595328,52.25,946.2624573016642,52.75
1,167,phi+0.60,2,-0.00154401403648677,1.0,1696.7937948100116,8.833333333333334,928.6427932619946,52.416666666666664,945.3360276675817,52.583333333333336
1,167,phi+0.90,0,0.0001672004409983559,1.0,1697.1572923410633,8.5,925.8572324767996,52.0,941.7688861356364,52.333333333333336
1,167,phi+0.90,1,-0.0015440140364867702,1.0,1696.7937948100116,8.833333333333334,929.476126595328,52.5,944.7163680850884,52.583333333333336
1,167,phi+0.90,2,-0.00154401403648677,1.0,1694.2937948100116,8.583333333333334,927.2334247937911,52.25,946.0754465651461,52.833333333333336
1,167,phi+0.99,0,1.1635454781913688e-05,2.175868145758435,1695.1271281433449,8.666666666666666,926.976126595328,52.25,947.4073910994584,52.833333333333336
1,167,phi+0.99,1,0.01556812665851222,1.0,1694.2937948100116,8.583333333333334,927.4147002619005,52.25,943.4019988838189,52.5
1,167,phi+0.99,2,0.018834990627266037,1.0,1806.2266906882548,8.75,938.2462289352144,52.5,950.6495364103098,52.583333333333336
1,167,sorted,0,0.001691736644532054,2.1803101224861523,1694.2937948100116,8.583333333333334,927.0373799454356,52.25,944.3632442487373,52.583333333333336
