day,k,order,rep,acf_mean_2_30,tau_int,cost_thr,nfac_thr,cost_mey,nfac_mey,cost_trust,nfac_trust
10,1,real,0,0.09658241786774197,1.789080222774361,2235.0397295685734,6.0,1077.4536069197677,55.25,973.7675399957197,54.333333333333336
10,1,phi-0.60,0,0.006614057727429797,1.0,2352.3680885816325,6.0,1065.3762332527251,55.833333333333336,970.4664954473815,54.833333333333336
10,1,phi-0.60,1,0.005752407879946144,1.0,2179.244035853057,6.0,1084.5121833519981,57.916666666666664,974.2235510359151,55.166666666666664
10,1,phi-0.60,2,0.008789720750847836,1.0,2008.571997627708,6.0,1088.5026336305243,58.166666666666664,978.7319916717943,54.333333333333336
10,1,phi-0.30,0,-0.001299743190083512,1.0,2107.58647780187,6.0,1073.441050858812,56.833333333333336,971.818992866965,54.0
10,1,phi-0.30,1,0.0026156432722619295,1.0,2354.847387196356,6.0,1103.246533586577,57.416666666666664,971.9100044767073,54.25
10,1,phi-0.30,2,-0.0004454811859036975,1.0,2042.6476691097944,6.0,1091.3307418374468,57.916666666666664,972.2420223732992,53.166666666666664
10,1,phi+0.00,0,-0.0003417672318305091,1.0,2076.8357322592433,6.0,1077.923697533772,56.333333333333336,982.1756466869195,54.166666666666664
10,1,phi+0.00,1,-0.0004090534354593611,1.0146798797873529,2107.712618771902,6.0,1050.5901246241376,56.583333333333336,966.4841668580319,53.916666666666664
10,1,phi+0.00,2,0.0009421831048136192,1.0,2525.163402516356,6.0,1089.3791828695616,57.25,974.601339412694,53.666666666666664
10,1,phi+0.30,0,-0.006539542638552596,2.171993379108723,2151.7537336009987,6.0,1117.067526848843,58.583333333333336,982.3864643049968,54.75
10,1,phi+0.30,1,-0.002210493780755791,1.9469194762760351,2529.2127566210706,6.0,1105.7359026374413,57.166666666666664,979.1744924628898,55.5
10,1,phi+0.30,2,-0.012063433076836398,1.6965750143757177,2061.1767399077094,6.0,1056.5587010562328,56.0,960.5796536572744,53.333333333333336
10,1,phi+0.60,0,0.026450189679994157,3.128618945852359,2038.1540712108847,6.0,1108.5926349892477,58.25,965.6328101010446,52.416666666666664
10,1,phi+0.60,1,0.011703145172500483,3.4971762567482276,2443.4568456068196,6.0,1089.9236094823893,57.416666666666664,978.5255223520518,53.5
10,1,phi+0.60,2,0.035621117380002246,3.2584430157299904,2468.686624887372,6.0,1114.3508906562085,58.333333333333336,987.0125840626646,54.916666666666664
10,1,phi+0.90,0,0.16234189526307258,12.466118687596996,2410.414304715971,6.0,1133.4197006381673,56.583333333333336,979.0805152907163,54.583333333333336
10,1,phi+0.90,1,0.13115309182374738,11.501375686018802,2385.4015613373576,6.0,1118.406528499052,55.75,956.1806110494025,52.083333333333336
10,1,phi+0.90,2,0.13536262810871352,12.28480684588693,2523.169976162117,6.0,1113.2199968492773,56.583333333333336,976.8268953318174,54.166666666666664
10,1,phi+0.99,0,0.6759240757850237,64.83581529576358,2442.5204404083997,6.0,1150.7494872528005,55.166666666666664,991.9177745875685,53.333333333333336
10,1,phi+0.99,1,0.6600270282229408,60.304732110068706,2263.315785344015,6.0,1142.297324732307,55.416666666666664,986.8877754292994,52.916666666666664
10,1,phi+0.99,2,0.8017048926815898,82.09497066637051,2427.2952414385977,6.0,1164.9223378468944,54.666666666666664,982.8868769259598,52.333333333333336
10,1,sorted,0,0.966065766095157,113.94285826885917,1669.0013677319128,6.0,1008.7440322961547,54.416666666666664,927.7460968231973,52.5
10,2,real,0,0.31016907874956445,36.725648063931594,1695.0554781997553,7.0,1056.9500756478335,61.583333333333336,1005.4737466686191,58.25
10,2,phi-0.60,0,0.008086518417148735,1.0,1797.7317170963086,7.0,1090.6294557335566,62.083333333333336,1022.6031460649807,58.166666666666664
10,2,phi-0.60,1,-0.002038371922114067,1.0,1890.7190370236067,7.0,1117.51595954501,64.58333333333333,1039.1660790441272,59.416666666666664
10,2,phi-0.60,2,0.011092926886173844,1.0,2108.472964989435,7.416666666666667,1089.1532750426084,63.5,1024.8918098154807,58.083333333333336
10,2,phi-0.30,0,-0.002344054321323604,1.0,1872.5768928227471,7.083333333333333,1115.2684273637435,63.5,1011.4049540190072,56.583333333333336
10,2,phi-0.30,1,0.0007070052304168282,1.0,2409.781334545377,7.833333333333333,1118.3780563569542,64.75,1024.1802296305646,57.75
10,2,phi-0.30,2,-0.0040443952074613225,1.0,2385.735384412836,7.833333333333333,1118.9650393958134,63.833333333333336,1011.4194503147837,57.666666666666664
10,2,phi+0.00,0,0.0005177685166894233,1.0,2164.1332146810278,7.333333333333333,1110.2670769605475,64.08333333333333,1017.1092635140743,58.083333333333336
10,2,phi+0.00,1,-0.0023264189558096274,1.0556412877419896,2424.475010034784,7.166666666666667,1121.2280912264844,64.25,1020.8376793160784,57.916666666666664
10,2,phi+0.00,2,-0.004914139617193997,1.1185353576218502,2288.6811441580485,7.166666666666667,1098.8020559933768,62.75,1040.2984302044936,58.75
10,2,phi+0.30,0,0.006119410200174527,1.3029031157436222,2826.8232480958904,7.166666666666667,1124.5187276437719,62.0,1033.6120464405647,58.166666666666664
10,2,phi+0.30,1,-0.007552911724821363,1.320685946703857,1940.0506592560312,7.416666666666667,1095.622397765975,63.916666666666664,1023.6236669416693,58.916666666666664
10,2,phi+0.30,2,-0.000584812578415135,1.6840229510544737,2309.577943456575,7.416666666666667,1083.3276804814996,62.25,1026.7880072003923,59.083333333333336
10,2,phi+0.60,0,0.026927937055018985,3.2731519710658543,2059.711941770974,6.833333333333333,1107.7987819886455,64.16666666666667,994.3141469900858,56.916666666666664
10,2,phi+0.60,1,0.02681760668804515,4.054457102538139,2306.3437085177416,7.166666666666667,1131.086784259981,64.08333333333333,1023.185346314243,58.833333333333336
10,2,phi+0.60,2,0.01764348634077527,3.129071756495597,2149.0926355003435,7.25,1118.2544074256605,64.91666666666667,1025.7087469900434,58.916666666666664
10,2,phi+0.90,0,0.13794464372712256,10.60096696013278,2123.7177296919317,7.0,1089.918665656914,60.25,1010.435999294043,55.833333333333336
10,2,phi+0.90,1,0.197036611424779,15.148320449439998,1754.0964837440054,6.833333333333333,1078.3324171212491,62.75,995.779848354263,56.5
10,2,phi+0.90,2,0.1426227808224155,10.901022076318746,2076.4733826049037,6.833333333333333,1106.736907562398,61.75,997.5849860032007,56.333333333333336
10,2,phi+0.99,0,0.5284433039319433,45.085467306090614,2385.943956706545,7.083333333333333,1184.645408078232,59.666666666666664,1047.9601998370938,54.583333333333336
10,2,phi+0.99,1,0.5483140322339658,50.03352984795709,2034.712391464375,6.666666666666667,1120.3315330270252,60.833333333333336,1013.5681096466292,56.75
10,2,phi+0.99,2,0.553006777744198,56.171482644772226,2064.4835555658615,6.916666666666667,1095.67717480747,59.583333333333336,994.9480878511995,55.0
10,2,sorted,0,0.7249929106020345,75.45556571707857,1638.8036045035703,6.166666666666667,1013.5841779047026,57.333333333333336,962.3639680588085,54.25
10,4,real,0,0.025351091513154764,1.1205067510787443,2367.9549184222174,6.083333333333333,1073.4254160006153,55.5,924.0512017977957,47.583333333333336
10,4,phi-0.60,0,0.005125220251098746,1.0,2149.9627158149856,6.083333333333333,1065.0796119409224,54.583333333333336,931.7469672519491,48.5
10,4,phi-0.60,1,0.006161977847774296,1.0,2680.548859640376,6.166666666666667,1043.4343155547842,54.75,924.3265518515474,49.75
10,4,phi-0.60,2,0.0061491730766062925,1.0,2064.5332083919207,6.0,1063.365196890313,56.25,921.6100668173267,47.083333333333336
10,4,phi-0.30,0,0.004929564572988398,1.0,2392.507356562717,6.0,1046.9926360109419,54.083333333333336,934.8781755478171,49.583333333333336
10,4,phi-0.30,1,0.002938238855818583,1.0,2410.571895331051,6.0,1083.1980238536303,56.666666666666664,934.1154677129934,48.0
10,4,phi-0.30,2,-0.003761811707710818,1.0,2384.08697945975,6.083333333333333,1055.1327622049496,53.583333333333336,931.0089036430323,48.5
10,4,phi+0.00,0,-0.010679451480824978,1.1280017245179188,2132.321975404954,6.0,1081.3322529838208,54.916666666666664,920.2454460996208,47.916666666666664
10,4,phi+0.00,1,-0.001435356333655571,1.0,2319.433399258802,6.0,1020.3109713404593,52.666666666666664,940.1967277575591,48.75
10,4,phi+0.00,2,-0.009555541793304893,1.0,2446.7793194144742,6.0,1060.8963223953137,55.666666666666664,918.4348431928757,48.166666666666664
10,4,phi+0.30,0,-0.0010824899243627628,1.6713743286664078,2420.094969806503,6.0,1058.2863290772925,55.416666666666664,938.9015143100804,49.0
10,4,phi+0.30,1,0.00368728733572376,1.5495045255462951,2193.4233391477965,6.0,1049.1056810007365,55.833333333333336,925.8472857589376,48.166666666666664
10,4,phi+0.30,2,-0.0029098961905276426,1.593638711951047,2440.941080930776,6.0,1066.9300887119005,54.416666666666664,932.610738884674,49.0
10,4,phi+0.60,0,0.028096918459674484,3.3624521448981297,2023.4665150615847,6.083333333333333,1038.0527865708061,54.583333333333336,920.4590916826247,48.416666666666664
10,4,phi+0.60,1,0.010992960688707011,3.6262274888187145,2554.6927064297597,6.0,1077.0087572176426,55.166666666666664,922.9944400875792,48.25
10,4,phi+0.60,2,0.007650884780430588,3.507526403687212,2321.6193982394893,6.083333333333333,1070.7492623040175,54.833333333333336,939.3554711512021,48.583333333333336
10,4,phi+0.90,0,0.16613406712263887,14.987375214048718,2877.1390776576186,6.0,1103.4077939388133,55.5,942.6847772368968,47.916666666666664
10,4,phi+0.90,1,0.22127854935987867,15.551184122878619,2356.68784000361,6.0,1067.6184738787404,53.75,915.6933365559458,47.0
10,4,phi+0.90,2,0.16935299666705067,13.155527877916736,2114.7561616430053,6.0,1110.3119132356676,56.583333333333336,914.9287996819758,47.333333333333336
10,4,phi+0.99,0,0.8350619910262733,92.49283422017051,1981.11049214397,6.0,1046.2968982288255,54.083333333333336,912.3072360114433,47.25
10,4,phi+0.99,1,0.5850734326100799,51.094585373718026,1783.130048397669,6.0,982.7339059420729,52.916666666666664,906.8276036181313,47.083333333333336
10,4,phi+0.99,2,0.657023319269475,57.28688001383076,2881.9409106408452,6.0,1149.4827085609318,54.083333333333336,949.747207954476,48.166666666666664
10,4,sorted,0,0.8966334881202944,101.1179654767333,1738.1097184039654,6.0,965.6890834806132,53.916666666666664,891.6107023915829,46.416666666666664
10,7,real,0,-0.021876287444514832,1.6480941154742705,2209.693222823255,7.666666666666667,1033.576362478352,62.0,1033.9208554227719,61.0
10,7,phi-0.60,0,-0.005043936284290554,1.0,2271.4968874511947,8.166666666666666,1046.0903220301816,63.833333333333336,1049.8280582847176,62.166666666666664
10,7,phi-0.60,1,-0.002318527600747203,1.0,2307.3721444822672,7.916666666666667,1045.8148608077197,63.833333333333336,1038.7247992785067,61.916666666666664
10,7,phi-0.60,2,0.005299297213626869,1.0,2321.265425278663,8.083333333333334,1037.279341566217,63.166666666666664,1040.544696331594,61.833333333333336
10,7,phi-0.30,0,-0.0011247436976918525,1.0,2509.246281731003,8.0,1065.6360078328764,64.75,1028.7501918697299,60.583333333333336
10,7,phi-0.30,1,-0.002788551300357933,1.0,2570.186496526127,8.166666666666666,1033.9228058697022,62.833333333333336,1053.0062660232659,60.916666666666664
10,7,phi-0.30,2,0.003951679081210639,1.0,2774.897345593821,7.75,1049.1224818482272,63.25,1040.5626962593158,60.916666666666664
10,7,phi+0.00,0,0.006150203062542268,1.0,2549.6111316779306,8.166666666666666,1032.9633871502685,62.916666666666664,1036.8194912765975,61.166666666666664
10,7,phi+0.00,1,0.0003155042477295784,1.005701827267753,3134.5249956614193,8.666666666666666,1071.3425692227995,63.083333333333336,1063.2277873958417,61.416666666666664
10,7,phi+0.00,2,-0.0035130103395905267,1.0,2106.7254211374266,7.666666666666667,1053.357382587638,63.583333333333336,1048.6100922351532,61.5
10,7,phi+0.30,0,-0.005966672180029093,1.1876170227818748,3532.042005711219,8.166666666666666,1056.6828716197813,64.08333333333333,1033.4410714870817,59.583333333333336
10,7,phi+0.30,1,0.0068392071622078495,1.34691522039022,2121.8019029910215,8.166666666666666,1037.9679132963686,62.833333333333336,1029.4862605994574,61.333333333333336
10,7,phi+0.30,2,-0.0013998847389881863,1.2279465621558323,2274.9649312619554,8.083333333333334,1050.8587731931223,63.25,1024.306753482293,60.333333333333336
10,7,phi+0.60,0,0.010421649307728632,3.0131776682234848,2913.631560204782,8.416666666666666,1051.6295040279135,63.166666666666664,1049.9435377632421,62.666666666666664
10,7,phi+0.60,1,0.001479313758699591,2.2327240880522834,2138.938932079825,7.916666666666667,1036.5530762372705,63.5,1026.397189940931,61.083333333333336
10,7,phi+0.60,2,0.01280201847514965,2.542096131134653,2167.0680461339134,7.916666666666667,1039.7859512044115,63.833333333333336,1015.6578963252309,60.083333333333336
10,7,phi+0.90,0,0.15306173681636867,13.11000063739582,2173.7439625679444,7.833333333333333,1032.1005243093834,63.25,1024.081583427468,59.75
10,7,phi+0.90,1,0.09124483181008546,8.490976238866933,2656.012199897246,7.916666666666667,1096.865363694825,65.75,1055.8148256825014,59.666666666666664
10,7,phi+0.90,2,0.17428881045973052,13.046431082757751,2097.3091444847532,7.583333333333333,1047.4526706378715,62.833333333333336,1024.8524447124885,60.5
10,7,phi+0.99,0,0.28739427855359234,23.898112270005022,1844.180226309768,7.583333333333333,1029.0542864081087,62.333333333333336,1000.5965549133031,58.333333333333336
10,7,phi+0.99,1,0.6951039067379474,60.601706064583134,1887.5352469177851,6.833333333333333,1011.4503947568983,59.25,1009.4296406697193,56.333333333333336
10,7,phi+0.99,2,0.3935602907271463,27.58272148788317,2138.935140540035,7.166666666666667,1086.0553075563405,61.583333333333336,1068.5417876146669,58.666666666666664
10,7,sorted,0,0.8179434142934634,80.43100310362145,1793.9142650431186,6.833333333333333,1012.4437612059738,56.916666666666664,980.9682083789213,55.416666666666664
10,10,real,0,0.11827248405421839,14.595667538888465,1716.1622198096456,6.083333333333333,1048.8168879251568,60.416666666666664,969.3841561245641,55.166666666666664
10,10,phi-0.60,0,0.008324811812068221,1.0,2095.692482047058,6.166666666666667,1082.3239871324006,61.666666666666664,957.5373580147285,52.75
10,10,phi-0.60,1,0.004641879644440009,1.0,2215.513234191443,6.166666666666667,1139.6201696553728,63.416666666666664,972.8706179389627,53.583333333333336
10,10,phi-0.60,2,0.011113739099560855,1.0,2451.688705309081,6.333333333333333,1090.9109476846963,62.833333333333336,977.9692314374257,55.5
10,10,phi-0.30,0,0.0009938314794155404,1.0,2077.38499904693,6.5,1094.0076202015155,61.25,966.8717476806014,55.583333333333336
10,10,phi-0.30,1,0.0009398099960538195,1.0,2202.713927212588,6.333333333333333,1089.881585911818,62.833333333333336,979.9307390878142,55.916666666666664
10,10,phi-0.30,2,-0.002800495637309214,1.0,2687.5463128051465,6.25,1110.6881735993288,62.083333333333336,988.3243565744484,56.083333333333336
10,10,phi+0.00,0,-0.0038333154618839767,1.0229065442140621,2314.41355117836,6.416666666666667,1088.6063699787665,61.916666666666664,967.5837346352318,54.333333333333336
10,10,phi+0.00,1,0.006191489402559597,1.0,2502.350129266422,6.5,1077.526384100616,62.666666666666664,963.1485259826304,53.666666666666664
10,10,phi+0.00,2,-0.00014749903035337074,1.2770569628430928,2348.6787795440596,6.583333333333333,1100.1050986317666,62.0,973.488724212957,54.916666666666664
10,10,phi+0.30,0,0.0014625438518299806,1.7850169563098455,2362.833965261251,6.333333333333333,1105.839376945922,62.583333333333336,960.750698057087,54.833333333333336
10,10,phi+0.30,1,0.008000604958819414,1.558165196034816,2904.0373110025425,6.333333333333333,1091.1517819123444,61.0,976.7921013989321,54.75
10,10,phi+0.30,2,0.011947408296980709,2.0667799541809373,2440.4818753760346,6.416666666666667,1104.6386658272672,62.166666666666664,961.0578869580218,54.333333333333336
10,10,phi+0.60,0,0.039530520456318205,3.726461886002695,2611.9020234271907,6.25,1100.3530158728965,60.666666666666664,965.5159697407456,55.333333333333336
10,10,phi+0.60,1,0.011653037984506379,3.320870826260952,1960.39828826998,6.166666666666667,1070.7088962902483,61.083333333333336,961.9753473993543,55.0
10,10,phi+0.60,2,0.01923301993797898,2.887308058518024,2257.2910659338236,6.5,1122.9834909112735,62.333333333333336,951.9315429841135,53.5
10,10,phi+0.90,0,0.17039062607611347,12.962166068051847,2364.154563716724,6.25,1101.0110900800782,59.416666666666664,968.8391459443442,54.833333333333336
10,10,phi+0.90,1,0.16530095265488406,12.451325426321555,2192.3802213441218,6.166666666666667,1099.3675787049863,60.083333333333336,969.8550148358285,55.25
10,10,phi+0.90,2,0.12855420277694393,11.065827670534333,2311.9766282516975,6.5,1121.093276080763,61.25,975.2513661414758,53.583333333333336
10,10,phi+0.99,0,0.6731834997382022,69.29663187108713,1731.7291187850326,6.166666666666667,1069.5563756402669,58.0,948.156022761157,53.333333333333336
10,10,phi+0.99,1,0.5074931596505532,48.15017013890623,2793.592663027634,6.916666666666667,1181.6811178385371,59.25,997.5279760130385,54.25
10,10,phi+0.99,2,0.591142113630349,55.40713644012169,1726.2365437139404,6.5,1041.8577692832362,58.916666666666664,951.4949073561611,55.083333333333336
10,10,sorted,0,0.8420444643619452,91.99699939451722,1622.782663448226,6.083333333333333,1011.7483158179748,55.833333333333336,927.71576045254,53.666666666666664
10,5,real,0,0.028117122893614722,3.4117595526991074,1934.6430800264643,10.75,984.8560830066157,57.833333333333336,1021.3180461629863,60.5
10,5,phi-0.60,0,0.019294590825965952,1.0,2189.694654461019,9.583333333333334,980.5493292429945,57.083333333333336,1024.335151570747,60.833333333333336
10,5,phi-0.60,1,0.0004252176139853629,1.0,2220.9384099232257,10.75,991.639483264867,58.75,1052.426891508425,62.666666666666664
10,5,phi-0.60,2,0.006386538033621962,1.0,2261.3952723698044,10.083333333333334,988.5442295804296,57.916666666666664,1035.552086729136,61.333333333333336
10,5,phi-0.30,0,0.003424972471786781,1.0,2151.4387471725245,10.416666666666666,987.1983377256611,58.833333333333336,1023.2274310063211,60.833333333333336
10,5,phi-0.30,1,-0.0048762022613770915,1.0,2271.158638846384,11.083333333333334,1008.9206279249457,59.833333333333336,1026.8311995214992,61.583333333333336
10,5,phi-0.30,2,0.00411240735942839,1.0,2182.531695504666,10.416666666666666,982.2356962781688,58.25,1034.3661868445347,61.75
10,5,phi+0.00,0,-0.0029857562593512132,1.0,2164.5125312732703,10.5,986.9745213867967,57.916666666666664,1029.5898491089483,61.666666666666664
10,5,phi+0.00,1,0.00045985434854526827,1.018423719480203,2262.1900444382277,10.166666666666666,995.9852549348265,58.083333333333336,1040.6642759853396,61.583333333333336
10,5,phi+0.00,2,-0.0021153607580954355,1.0,2297.000544525271,10.583333333333334,998.9340402698684,58.666666666666664,1061.466411156587,63.416666666666664
10,5,phi+0.30,0,-0.004077747506189038,1.0628796218731504,2257.110267855244,10.666666666666666,998.1276956160973,58.083333333333336,1046.7844516930145,62.166666666666664
10,5,phi+0.30,1,-0.0045400341927190275,1.0,2357.551293337942,10.583333333333334,977.5691675789855,57.166666666666664,1051.00902210473,62.25
10,5,phi+0.30,2,-0.0008928112269699743,1.0036909465644615,2412.081362924548,10.333333333333334,1002.3375115720704,58.833333333333336,1034.5739366442501,61.25
10,5,phi+0.60,0,-0.0008674973430713679,1.1952170647204625,2321.7774085016886,10.416666666666666,987.9966676900648,57.75,1036.3395873799534,61.75
10,5,phi+0.60,1,-0.0012400800270550361,1.2135945005047153,2308.2683640789583,10.333333333333334,991.2709002305106,57.416666666666664,1044.0295755683887,61.5
10,5,phi+0.60,2,0.0012600856292765816,2.1749362865689594,2210.9048612328356,9.583333333333334,977.4321947147561,56.583333333333336,1033.8084787452801,61.416666666666664
10,5,phi+0.90,0,0.015490610837961563,2.225598340130162,2272.1194201933804,10.5,1001.961016235735,58.833333333333336,1042.0872687102058,62.333333333333336
10,5,phi+0.90,1,0.027810259805001875,3.449000154609467,2161.4396755892863,9.5,994.5389344372203,57.75,1035.6974567680206,60.416666666666664
10,5,phi+0.90,2,0.013395001767931852,3.161302053093318,2242.2022246295824,9.166666666666666,994.1016349636416,56.166666666666664,1049.9973888134266,61.333333333333336
10,5,phi+0.99,0,0.17163292562267912,16.205882775736374,2266.1745596038895,8.083333333333334,1115.74692134649,55.833333333333336,1094.8787666973071,57.416666666666664
10,5,phi+0.99,1,0.16724496960329596,12.232460072326804,2158.2485315968656,8.083333333333334,996.070811051661,55.5,1030.8870455594135,58.583333333333336
10,5,phi+0.99,2,0.15926220233293667,14.942624336911646,1734.156979889014,7.5,939.556247104485,54.25,973.455621212673,56.583333333333336
10,5,sorted,0,0.18357955372038975,17.97068060985427,1734.9903132223474,7.583333333333333,939.2876079792835,54.333333333333336,969.6293408058096,56.75
10,9,real,0,-0.00755253558524707,1.5997711653620905,2483.983580848679,6.333333333333333,1143.4128530548442,63.0,987.6109152070544,54.083333333333336
10,9,phi-0.60,0,0.009132045185573477,1.0,2241.1970890042817,6.166666666666667,1127.0885755874103,63.583333333333336,1029.5014117068367,57.5
10,9,phi-0.60,1,0.0031027683465138954,1.0,2569.199116228176,6.166666666666667,1140.3022700544461,62.5,1010.0813995099962,55.75
10,9,phi-0.60,2,0.009980477968932071,1.0,2155.1261573517886,6.166666666666667,1121.1388428640314,63.0,1008.6559661310248,55.666666666666664
10,9,phi-0.30,0,-0.0014158621913319814,1.0,2342.4938964599337,6.25,1161.800210491812,64.58333333333333,1001.5416718604424,54.75
10,9,phi-0.30,1,-0.0009594879929652964,1.0,3038.712464341412,6.5,1133.181184323664,63.0,1006.0301543531506,55.25
10,9,phi-0.30,2,-5.268432580595661e-05,1.0,3049.3604245748443,6.25,1138.5099208196434,62.75,1012.0892277134179,54.916666666666664
10,9,phi+0.00,0,0.006923981803307109,1.1131089578552502,2549.5103883901006,6.25,1113.848437709792,63.166666666666664,998.0673827424895,55.666666666666664
10,9,phi+0.00,1,0.0023153974768043606,1.1293866549130054,2207.792325945459,6.416666666666667,1123.175059121407,62.083333333333336,1017.0797741833699,56.583333333333336
10,9,phi+0.00,2,0.002054147406348305,1.0,2258.02068052169,6.416666666666667,1128.926285475239,63.5,1017.2579977742511,56.166666666666664
10,9,phi+0.30,0,-0.005862250809704401,1.6395766380134429,2422.4760764990415,6.333333333333333,1134.4351172066747,64.08333333333333,991.1292187544119,55.583333333333336
10,9,phi+0.30,1,-0.004366576420010399,1.692720367581187,2613.7286096044563,6.5,1131.4979528555984,62.416666666666664,1013.2889391831246,56.25
10,9,phi+0.30,2,0.0034197716626455116,1.9072104154113765,2575.895308553259,6.25,1175.8671293708057,64.33333333333333,1010.6547288201587,55.416666666666664
10,9,phi+0.60,0,-0.0010000980797671563,2.8335512490622397,2634.022282637568,6.416666666666667,1124.5426046729751,61.666666666666664,993.9166780339078,54.5
10,9,phi+0.60,1,0.014812368845029624,3.3963955345826538,2757.0916059846754,6.333333333333333,1130.9094647856796,62.583333333333336,1014.9715800050458,55.666666666666664
10,9,phi+0.60,2,0.0103696987406294,2.904545365587026,2647.4123305861453,6.5,1140.524571349182,63.75,1014.0700519022262,55.083333333333336
10,9,phi+0.90,0,0.35019859914864826,32.069113730950725,2943.0392217316453,6.25,1134.2057389339918,61.5,1011.6128146790861,55.083333333333336
10,9,phi+0.90,1,0.2455768874892673,18.84402547495726,2277.7251295075325,6.083333333333333,1119.009112534905,61.833333333333336,1003.3249472131406,54.666666666666664
10,9,phi+0.90,2,0.229423540474412,16.629220172495828,2495.437414209918,6.166666666666667,1134.3989301353051,62.5,1023.4162286170243,56.666666666666664
10,9,phi+0.99,0,0.7093377181504896,68.00388801128125,2024.5543045269194,6.333333333333333,1091.1517613838848,60.666666666666664,986.7738473564797,54.583333333333336
10,9,phi+0.99,1,0.6730328632195052,65.43043688977747,2042.3215624213738,6.25,1103.304956811433,61.5,1000.6189787532106,54.25
10,9,phi+0.99,2,0.7048084947406043,72.02035300401647,1957.0176861821026,6.166666666666667,1074.531717224506,58.916666666666664,989.7992979378727,54.166666666666664
10,9,sorted,0,0.8737487799075694,96.88784415003903,1811.693883729742,6.166666666666667,1038.700619531915,58.916666666666664,962.0731877161958,54.0
10,6,real,0,0.113028168456702,13.217375585724985,1923.3683016622651,7.416666666666667,1056.4702411965966,63.25,1020.3744392493958,59.75
10,6,phi-0.60,0,0.006701227981973218,1.0,2830.3829566480376,7.916666666666667,1094.2573711899915,65.33333333333333,1025.9483469933264,60.416666666666664
10,6,phi-0.60,1,0.0022280588231015394,1.0,2883.310238882075,7.833333333333333,1067.5453989103848,62.916666666666664,1046.0460420493375,61.416666666666664
10,6,phi-0.60,2,0.0044581217337275455,1.0,2721.9027944682493,7.75,1107.3190907042895,65.66666666666667,1055.0216758225379,61.416666666666664
10,6,phi-0.30,0,0.008152777547873549,1.0,3115.717480770449,8.166666666666666,1097.3814210086055,64.16666666666667,1044.760564144043,61.833333333333336
10,6,phi-0.30,1,0.0013016340297688756,1.0,2701.275320898003,7.833333333333333,1083.6769757399784,65.0,1048.041643191368,60.916666666666664
10,6,phi-0.30,2,0.005637500321297556,1.0,2140.4698958139793,7.75,1079.4950347383922,64.25,1033.6988512373748,60.25
10,6,phi+0.00,0,-0.004735518265284638,1.0,2262.103018578178,7.833333333333333,1101.609226211461,65.83333333333333,1050.7333735702293,62.5
10,6,phi+0.00,1,-0.0031403180743997407,1.0,2775.1399830988817,7.666666666666667,1077.9803679460817,63.5,1052.9619398634827,62.083333333333336
10,6,phi+0.00,2,0.0008600735735511872,1.0475724865308513,2686.2361113045667,8.166666666666666,1095.9755300963775,65.33333333333333,1053.619781584816,60.833333333333336
10,6,phi+0.30,0,0.008503556374258378,1.5286001212622753,2548.1081361373554,7.583333333333333,1088.1859733031981,65.16666666666667,1038.4943979970806,60.416666666666664
10,6,phi+0.30,1,-0.0054987274272032425,1.4371527594773068,2487.186122263201,8.0,1083.1817709196278,64.16666666666667,1051.472516835964,61.583333333333336
10,6,phi+0.30,2,-0.003322576978738509,1.4905862723357348,2551.359198677295,7.833333333333333,1079.5223666250033,64.16666666666667,1030.0555903080174,59.75
10,6,phi+0.60,0,0.01086379179432863,2.1919314036032307,2437.434353950193,7.833333333333333,1072.0344217340087,62.666666666666664,1029.2223618838996,59.916666666666664
10,6,phi+0.60,1,0.021810108547087127,2.818669379213261,2866.311961517187,8.083333333333334,1077.3066692417844,63.583333333333336,1044.4246170221015,61.583333333333336
10,6,phi+0.60,2,0.016687207263587918,2.5782123555669774,2605.5282528068706,7.833333333333333,1086.1298479584018,64.75,1041.1570291166774,60.416666666666664
10,6,phi+0.90,0,0.07793115558971031,4.87284008713214,2492.066461872288,8.0,1090.7637206369227,65.16666666666667,1041.704622898375,61.333333333333336
10,6,phi+0.90,1,0.108855256929835,8.732467574306789,2223.3723365361543,7.416666666666667,1069.8103424702344,64.08333333333333,1017.9472578889222,59.333333333333336
10,6,phi+0.90,2,0.15328851695381385,11.373673776665317,2512.8430947545075,7.583333333333333,1107.7806865500327,63.416666666666664,1042.8201412517026,59.5
10,6,phi+0.99,0,0.5707661893684766,49.37640987092054,3184.960292229185,7.416666666666667,1159.1610957278765,62.75,1059.196557970941,59.0
10,6,phi+0.99,1,0.7012758256123987,75.48159047592962,2894.7807021591107,7.333333333333333,1110.1076000232529,61.166666666666664,1026.1180320347823,57.5
10,6,phi+0.99,2,0.3479805046228164,31.87185061573336,2117.0946700221493,7.166666666666667,1056.7865150030173,62.416666666666664,1011.8041784972994,58.333333333333336
10,6,sorted,0,0.7165974864918815,76.89942301408317,1876.1744732400612,6.833333333333333,1005.0048663633621,59.25,973.0609748460441,55.666666666666664
10,11,real,0,-0.0267813580366107,3.767656254785247,2610.869443750646,7.25,1137.9580315881751,62.916666666666664,1028.3404290432834,56.833333333333336
10,11,phi-0.60,0,0.006151411926973043,1.0,2386.6170880518725,6.916666666666667,1112.9669000567756,63.416666666666664,1001.9014997873106,56.833333333333336
10,11,phi-0.60,1,0.004301672579930619,1.0,2344.7501159226736,7.083333333333333,1122.1874316972817,63.25,1000.6688840427823,57.166666666666664
10,11,phi-0.60,2,0.006018443237469064,1.0,2417.328615458926,6.833333333333333,1115.7433143801397,64.83333333333333,1009.628299161745,56.916666666666664
10,11,phi-0.30,0,0.00044436670194202596,1.0,2267.8845061962516,6.75,1125.2703903497184,63.833333333333336,993.4681434189365,55.583333333333336
10,11,phi-0.30,1,-0.00371253140100496,1.0,2504.0975897844955,6.833333333333333,1104.5972173846983,63.416666666666664,1007.3001312648177,55.583333333333336
10,11,phi-0.30,2,-0.003125028545830719,1.0,2388.757307698467,7.083333333333333,1107.6331671550545,63.333333333333336,1004.2726391289552,56.583333333333336
10,11,phi+0.00,0,1.1922297594251324e-05,1.0,2377.2365053944864,7.0,1116.8588679602833,63.083333333333336,1024.249373314828,57.0
10,11,phi+0.00,1,-0.0069563192080945736,1.154518708910782,2634.1934924502166,6.666666666666667,1115.5644813894246,64.16666666666667,1016.8916547715498,57.083333333333336
10,11,phi+0.00,2,0.0004018654088996125,1.1858864474189665,2244.157042121548,7.083333333333333,1095.8784895421904,64.41666666666667,1005.9212172636691,56.416666666666664
10,11,phi+0.30,0,0.007574768573112277,1.5642485771180215,2605.9700793514553,6.916666666666667,1121.1684750998168,62.5,1032.6012006386075,57.416666666666664
10,11,phi+0.30,1,0.01429974958436584,1.4520011967691864,2481.506062697809,6.833333333333333,1129.4740477033793,63.416666666666664,1006.5956512993298,56.916666666666664
10,11,phi+0.30,2,0.0019461374994164209,1.4002443806641653,2285.129664983992,6.916666666666667,1113.885869817,63.583333333333336,1009.7379191193035,56.0
10,11,phi+0.60,0,0.012410884104113742,3.2222525465648566,2449.408023098292,6.666666666666667,1127.1397966521602,63.5,1039.8451412080483,57.416666666666664
10,11,phi+0.60,1,0.032983679699528194,3.322162147902954,2460.1665774457742,6.833333333333333,1132.9936292279926,62.416666666666664,1032.987822615006,57.75
10,11,phi+0.60,2,0.01344304425388149,2.1367592717877137,2440.9888561592584,6.916666666666667,1115.647694653631,62.416666666666664,1004.9461162204484,55.666666666666664
10,11,phi+0.90,0,0.2615456175931902,19.09951356548946,2559.557175586023,6.5,1141.240617812532,62.833333333333336,1001.8922018250137,55.083333333333336
10,11,phi+0.90,1,0.1060584150850473,9.86015911226323,2117.9623667638075,6.666666666666667,1142.5203843646684,63.833333333333336,1003.3826590896145,55.583333333333336
10,11,phi+0.90,2,0.07660028351676276,8.053988334737745,2798.881283447719,7.083333333333333,1178.1827107093002,62.75,1040.140423920314,55.75
10,11,phi+0.99,0,0.6705365652632448,71.94858643922935,2270.2816776009777,6.333333333333333,1098.1063058855293,59.333333333333336,989.4030604395952,54.0
10,11,phi+0.99,1,0.669710452637162,64.07221548812473,1835.2840180756375,6.333333333333333,1055.6400921481998,60.5,975.5106119408425,55.833333333333336
10,11,phi+0.99,2,0.46274992646502416,45.14299073380489,2605.6230672270312,6.416666666666667,1217.455009209177,60.833333333333336,1051.9310871814098,55.75
10,11,sorted,0,0.8198979173792683,82.53642367299847,1770.1713510736824,6.333333333333333,1023.9748478469168,58.75,960.8034454084418,54.25
10,13,real,0,0.48359548823781745,57.08504818530514,1940.6771453330086,6.5,1052.9023395441957,63.0,969.6185642989104,57.0
10,13,phi-0.60,0,-0.000233837495581368,1.0,2903.4878743068766,6.75,1115.5063856467643,66.0,973.966362766027,55.583333333333336
10,13,phi-0.60,1,0.0022737841699784845,1.0,2398.713829875298,7.0,1104.5950597777764,65.33333333333333,983.3783510362045,56.833333333333336
10,13,phi-0.60,2,0.001856932105892629,1.0,2231.013956014216,6.833333333333333,1111.1192417395428,65.08333333333333,980.3641739259475,56.583333333333336
10,13,phi-0.30,0,0.003352518282852227,1.0,3201.117520140681,7.583333333333333,1146.212908590924,66.41666666666667,991.3666285094572,57.333333333333336
10,13,phi-0.30,1,0.002647078534033626,1.0,2511.5825296665034,7.583333333333333,1118.7724295077805,66.0,980.1679875832865,56.416666666666664
10,13,phi-0.30,2,0.002644841864775959,1.0,2112.4462561755827,7.083333333333333,1114.8204310255444,66.5,970.9450395642024,56.416666666666664
10,13,phi+0.00,0,-0.002485876685582494,1.0,2407.876636874745,7.0,1123.705809357554,65.91666666666667,985.678520636062,56.166666666666664
10,13,phi+0.00,1,0.002092269857144787,1.108782582639411,2410.3757395446687,7.083333333333333,1119.0502066752651,66.33333333333333,975.9689652028002,55.833333333333336
10,13,phi+0.00,2,-0.005131627015426689,1.071597554777251,2374.122563416005,7.083333333333333,1094.4318404642374,64.16666666666667,985.8444856540397,57.666666666666664
10,13,phi+0.30,0,0.005938050594220787,1.403007980910923,2430.059864169318,7.083333333333333,1118.0622312594244,66.83333333333333,979.7534752561473,57.0
10,13,phi+0.30,1,-0.0010507092538267844,1.5067395214591763,2195.1642492749393,6.916666666666667,1113.932767107091,65.83333333333333,979.9280718977558,58.083333333333336
10,13,phi+0.30,2,0.01710080805528346,1.7266863259920417,2526.4623123363417,6.666666666666667,1122.9574288212025,66.0,987.5746650360906,56.25
10,13,phi+0.60,0,-0.001164722035473989,3.0137676139797542,2074.415482537257,6.916666666666667,1134.8535795946757,66.41666666666667,977.6532182231205,56.333333333333336
10,13,phi+0.60,1,0.03098541995144477,3.7747376078078485,2573.6673697416923,6.75,1125.8074928132676,66.0,993.8370702641674,57.0
10,13,phi+0.60,2,0.022410546171995897,3.0977773399718656,1899.8694912886824,6.916666666666667,1097.056895952466,65.0,970.1425512985962,55.333333333333336
10,13,phi+0.90,0,0.2126825948345781,15.235139973295128,2490.092110083721,6.916666666666667,1120.410881057295,64.41666666666667,1003.2094305021727,56.25
10,13,phi+0.90,1,0.08380143959605353,9.501345367363657,2234.9735232075755,6.833333333333333,1120.6932199251446,65.5,966.5266913838296,55.0
10,13,phi+0.90,2,0.20492361785498028,14.545228554511475,3307.583923209046,7.083333333333333,1196.3330085617852,64.91666666666667,1024.9929914944066,57.25
10,13,phi+0.99,0,0.6061693795459575,46.17865855746312,3032.385598461909,6.833333333333333,1333.5792527376354,63.583333333333336,1100.1524780542834,56.666666666666664
10,13,phi+0.99,1,0.5366108295235805,45.54029451241464,2087.305802136231,6.416666666666667,1115.3150307280296,63.5,969.1098916252764,55.416666666666664
10,13,phi+0.99,2,0.49239617958655013,33.335675406149264,3458.9985288627945,6.916666666666667,1237.2542510882683,63.666666666666664,1043.4319654654053,55.166666666666664
10,13,sorted,0,0.8726234154335446,98.05938971776138,1672.0339550798692,6.333333333333333,1011.1950416576832,59.166666666666664,932.6014189193165,54.416666666666664
10,12,real,0,0.4544969021880747,53.31304742428277,1728.6938356602702,6.25,1051.9541144056502,63.083333333333336,968.5085651992499,54.25
10,12,phi-0.60,0,0.004274800153431407,1.0,2682.0736721466214,6.75,1122.6862115827842,65.33333333333333,1011.5454963162396,57.0
10,12,phi-0.60,1,0.0034094041592861585,1.0,2422.8795318876805,7.083333333333333,1115.290617714262,64.75,995.311598224379,56.25
10,12,phi-0.60,2,0.00656789362083566,1.0,2353.9364108034097,6.916666666666667,1131.4914957957512,66.83333333333333,1019.1749623985711,57.166666666666664
10,12,phi-0.30,0,0.004130919610948193,1.0,2177.951655412466,7.0,1106.2866115262425,63.916666666666664,987.4656605078136,55.166666666666664
10,12,phi-0.30,1,0.00626385630127248,1.0,3011.5224617230674,6.75,1163.5580740123535,68.0,1027.174158504642,57.916666666666664
10,12,phi-0.30,2,0.005116471757179713,1.0,2247.493824828082,7.0,1105.3444591184286,65.83333333333333,992.735507746727,55.75
10,12,phi+0.00,0,-0.004020821212908863,1.0390783880803007,2473.068476722827,6.833333333333333,1131.0660771283547,67.75,1004.6246448402712,55.833333333333336
10,12,phi+0.00,1,-0.0019045250225685599,1.0,2632.253717261586,6.833333333333333,1123.5594493015583,66.0,1005.1469829108281,56.166666666666664
10,12,phi+0.00,2,0.001209026946621412,1.0,2486.345718698453,6.75,1139.4870167555246,66.25,1010.1576866234691,57.166666666666664
10,12,phi+0.30,0,-0.00408226635552292,1.4658691422594599,2151.6290290181782,6.833333333333333,1117.2528578048314,65.58333333333333,1018.6834527132611,57.166666666666664
10,12,phi+0.30,1,0.011306249207055788,1.7019141260557502,2647.7388505914896,7.083333333333333,1136.8234788677703,67.5,999.5197593540256,55.416666666666664
10,12,phi+0.30,2,-0.004353991192500658,1.9377236577889128,3344.4421734076836,7.166666666666667,1149.9739155741233,67.08333333333333,1003.6525283498427,56.583333333333336
10,12,phi+0.60,0,0.025109790358592277,3.39005591064254,2487.7815358119665,7.166666666666667,1130.1028883312667,65.5,1003.217290390614,56.5
10,12,phi+0.60,1,0.014367128401251386,3.729998873440072,2999.7202771011266,7.166666666666667,1144.9789441004295,65.83333333333333,1014.0412570236907,56.083333333333336
10,12,phi+0.60,2,0.0306305408563695,3.9128434294845915,2033.9001429917325,6.666666666666667,1132.6287691133057,66.25,1008.863140644169,56.916666666666664
10,12,phi+0.90,0,0.14609280773198566,11.150910641993361,2479.462974667466,6.75,1143.065034553534,66.0,1032.1421884031704,55.833333333333336
10,12,phi+0.90,1,0.1775170398843337,13.213292652603494,2913.5784780083413,6.583333333333333,1160.6711382094572,66.41666666666667,1013.082851950326,56.333333333333336
10,12,phi+0.90,2,0.260957525095429,23.831672712081357,2582.719241839316,6.833333333333333,1165.5205066844906,66.66666666666667,997.6171307674522,55.25
10,12,phi+0.99,0,0.6224943160238187,56.68098270387151,4318.373573937808,6.666666666666667,1443.2401847109657,64.5,1120.3723280379581,55.083333333333336
10,12,phi+0.99,1,0.7794578355823888,79.93707727306283,1805.7742521400723,6.583333333333333,1052.7488886682215,62.083333333333336,972.7083883590598,54.666666666666664
10,12,phi+0.99,2,0.65659905288206,60.41589830490977,3656.9643909176007,6.416666666666667,1427.3321907348138,62.666666666666664,1127.894958809036,55.583333333333336
10,12,sorted,0,0.8529652193746374,95.68121386240074,1743.1902910155775,6.166666666666667,1022.4712970146229,59.583333333333336,961.5817390874872,53.583333333333336
10,16,real,0,0.5869662456548712,56.38884778490969,2509.9053217544856,7.0,1217.4180211311827,63.0,1072.1793258364348,56.583333333333336
10,16,phi-0.60,0,-9.785201906634972e-05,1.0,2321.7771803723854,7.416666666666667,1103.08057005682,67.83333333333333,1010.22421940723,58.0
10,16,phi-0.60,1,0.003919197439490479,1.0,2209.318644020824,7.166666666666667,1081.8815129544676,65.25,1017.0669052814452,58.5
10,16,phi-0.60,2,0.004572644767926183,1.0,2368.991236011618,7.416666666666667,1095.322298570676,66.0,1033.3276787244897,59.666666666666664
10,16,phi-0.30,0,-0.003393193972097833,1.0,2524.3977294794836,7.166666666666667,1102.319973399631,66.58333333333333,1030.1942350753186,60.833333333333336
10,16,phi-0.30,1,0.0011068127137470124,1.0,2250.4114010663293,7.0,1104.7645888477398,66.33333333333333,1041.5616190956218,60.5
10,16,phi-0.30,2,-0.00261900936797258,1.0,2227.554876265563,7.25,1104.769288289791,66.41666666666667,1013.3855586853364,58.75
10,16,phi+0.00,0,0.004435089723927285,1.0,2805.7033244601466,7.416666666666667,1086.7683335407019,66.08333333333333,1040.943203491367,59.416666666666664
10,16,phi+0.00,1,-0.0002300119385541005,1.0,2231.4393109354073,7.25,1102.5846236948632,67.75,1035.495338879173,58.833333333333336
10,16,phi+0.00,2,-0.0028106999540473267,1.0,2220.8216404782156,7.333333333333333,1082.5349282668633,65.25,1015.0475148624829,58.416666666666664
10,16,phi+0.30,0,-0.0038335015285323013,1.3834839703700188,2650.759420592894,7.25,1108.8282607331216,67.33333333333333,1030.7761413374058,60.416666666666664
10,16,phi+0.30,1,0.006440408888888822,1.379849596968061,2121.3673066063993,7.25,1098.0768220292712,66.58333333333333,1039.766848924813,60.666666666666664
10,16,phi+0.30,2,0.010852897614020788,1.4376745228721057,2131.9874396179725,7.416666666666667,1090.5271163166638,66.83333333333333,1030.8421179897641,60.166666666666664
10,16,phi+0.60,0,0.009677130412746938,2.9970342791390383,2316.8839158279266,7.333333333333333,1133.567525891763,68.66666666666667,1027.8258952375725,60.333333333333336
10,16,phi+0.60,1,0.0049998476491769925,3.0044952774560723,2566.1961870722453,7.416666666666667,1094.7565952973166,66.25,1036.2557339426185,58.5
10,16,phi+0.60,2,-0.007405212706032337,2.150333260160955,2560.0472801027213,7.333333333333333,1093.2792772581229,65.33333333333333,1016.150494364627,59.416666666666664
10,16,phi+0.90,0,0.051170101525883784,6.780722790105972,2202.4328868675652,7.166666666666667,1113.2778351169488,65.91666666666667,1027.2676128607852,59.083333333333336
10,16,phi+0.90,1,0.17851918972343786,13.030976163650724,2503.9579647958303,7.166666666666667,1110.0403333427848,67.0,1023.5710047151115,58.166666666666664
10,16,phi+0.90,2,0.09275708793970355,7.895984233381983,2604.6304153590363,7.416666666666667,1100.72153773709,64.83333333333333,1039.5297793017712,59.083333333333336
10,16,phi+0.99,0,0.42121137372647544,31.344394008413815,1807.433926533139,6.916666666666667,1049.6737319586252,63.0,988.5496964790813,55.583333333333336
10,16,phi+0.99,1,0.6293388300571914,59.459841080678984,1793.8658345471504,6.833333333333333,1067.3134036056401,62.0,991.9234686496787,56.25
10,16,phi+0.99,2,0.5669022172647339,55.57902034784134,1777.5694108909338,6.75,1042.3825996178855,62.583333333333336,987.8395654894625,57.0
10,16,sorted,0,0.8847321527916928,94.90749201262274,1772.6241306856043,6.333333333333333,992.0024298350704,58.75,956.0836400141484,55.0
10,14,real,0,0.6001832380099235,70.75652307435853,1655.685264398009,6.0,1049.0256741816565,60.333333333333336,970.8359864631824,53.416666666666664
10,14,phi-0.60,0,0.0029022767171135175,1.0,2393.486272912606,6.0,1110.255405703483,61.583333333333336,996.0106302113783,55.0
10,14,phi-0.60,1,0.0035489930747022304,1.0,2713.2760363519365,6.0,1130.1867372633099,63.083333333333336,1007.7658389854014,55.25
10,14,phi-0.60,2,0.006977960541948599,1.0,2879.5913070706465,6.0,1139.9194342672633,61.75,1022.1668289338182,54.416666666666664
10,14,phi-0.30,0,0.005092599292193558,1.0,2252.940461435935,5.916666666666667,1103.165788084911,60.916666666666664,989.8085796267142,53.75
10,14,phi-0.30,1,0.0002708209266026486,1.0,2168.6494576597684,6.083333333333333,1114.303262988027,60.833333333333336,997.2125470756095,55.333333333333336
10,14,phi-0.30,2,-0.0005955908280838889,1.0,2398.58556480422,6.083333333333333,1136.8607842754761,63.666666666666664,989.5042997502452,52.833333333333336
10,14,phi+0.00,0,0.002465025441231074,1.0546977023100668,2502.620631989687,5.916666666666667,1096.5092238203085,62.166666666666664,1000.0974676768577,53.583333333333336
10,14,phi+0.00,1,-0.007348802296559736,1.0505677874472308,2303.320703869394,6.0,1118.1849218211983,63.666666666666664,1008.9967004574096,54.833333333333336
10,14,phi+0.00,2,-0.0003789197844943292,1.0,2302.918929862934,5.916666666666667,1122.5714331580082,64.08333333333333,997.4878245551736,54.666666666666664
10,14,phi+0.30,0,0.004895139719673983,1.6694901285380412,2652.8328803289446,6.0,1129.0687483475356,62.5,1007.8711643968509,54.833333333333336
10,14,phi+0.30,1,0.004738843572182403,1.962289314196977,2483.665744675181,6.083333333333333,1136.382728161074,62.666666666666664,1010.1975149291451,55.166666666666664
10,14,phi+0.30,2,0.002231260460584448,1.6184065062700692,2559.608156087023,6.166666666666667,1111.5394888075423,62.166666666666664,1004.528414513209,53.833333333333336
10,14,phi+0.60,0,0.029697056820511346,3.478763122610505,2647.6990855066647,6.083333333333333,1114.3343212676498,61.583333333333336,1018.9606859895624,54.166666666666664
10,14,phi+0.60,1,0.007265154254464392,3.5282513095536023,2118.2225358146998,6.166666666666667,1134.9190014372307,62.333333333333336,997.1396153168929,55.166666666666664
10,14,phi+0.60,2,0.025803968664684013,3.862007967544581,2701.8732464335153,6.083333333333333,1124.6226026375841,63.833333333333336,1009.4131690633,53.916666666666664
10,14,phi+0.90,0,0.1851459683031251,14.047238146874015,2507.193989728111,6.333333333333333,1150.7560506120524,61.416666666666664,998.7463247120049,53.083333333333336
10,14,phi+0.90,1,0.19419212629719546,14.124948888957617,2453.7771330088285,5.916666666666667,1129.4197660950101,61.833333333333336,998.7975169427262,52.916666666666664
10,14,phi+0.90,2,0.15104891814819646,12.177402848152129,2117.9580459565705,6.0,1073.483773714854,60.833333333333336,997.5161639710277,54.416666666666664
10,14,phi+0.99,0,0.7920360734278797,86.98332781276297,2242.3527162482387,6.0,1219.606600396746,59.333333333333336,1032.6045090891564,53.416666666666664
10,14,phi+0.99,1,0.7546405820375335,77.04582853448905,2206.0591263388374,6.333333333333333,1099.0547683720933,59.75,993.9262577382796,54.416666666666664
10,14,phi+0.99,2,0.678655862038029,61.13354732962666,1741.3986309214324,5.916666666666667,1079.0307426941179,61.5,985.5235574478155,54.333333333333336
10,14,sorted,0,0.9272072813141436,107.09822065902556,1624.7744939739785,5.916666666666667,1026.0941399263884,57.416666666666664,959.2022107290635,52.0
10,15,real,0,0.04904986700534376,1.0,1963.9355325962506,6.0,1075.5373305161713,52.0,960.4213816321217,49.5
10,15,phi-0.60,0,-0.0028184497073800267,1.0,1963.9355325962506,6.0,1076.296861407802,52.0,961.0987108819086,49.583333333333336
10,15,phi-0.60,1,-0.0028184497073800276,1.0,1956.8885657418557,6.0,1074.860498990107,52.166666666666664,964.013881898299,49.916666666666664
10,15,phi-0.60,2,0.02311570864898185,1.0,1963.9355325962506,6.0,1076.9227229241403,52.083333333333336,961.8719885478118,49.666666666666664
10,15,phi-0.30,0,-0.0028184497073800276,1.0,1963.9355325962506,6.0,1074.3503021002464,52.0,961.0124489461759,49.5
10,15,phi-0.30,1,-0.002313823971467524,1.0,1963.9355325962506,6.0,1077.0341995517056,52.25,961.4657931934572,49.5
10,15,phi-0.30,2,-0.0028184497073800263,1.0,1963.9355325962506,6.0,1074.7911416591403,52.0,961.3980129529742,49.666666666666664
10,15,phi+0.00,0,-0.0028184497073800267,1.0,1963.9355325962506,6.0,1077.2711383322703,52.0,962.6953643327387,49.75
10,15,phi+0.00,1,-0.002818449707380027,1.0,1963.9355325962506,6.0,1077.2095749988396,52.166666666666664,961.395302622634,49.583333333333336
10,15,phi+0.00,2,0.0058262697447406045,1.0,1963.9355325962506,6.0,1077.3518939504709,52.166666666666664,961.5769289847389,49.75
10,15,phi+0.30,0,0.00601850812032632,1.0,1942.8110986994886,6.0,1073.8012516077358,52.0,960.4519930633232,49.583333333333336
10,15,phi+0.30,1,-0.0025300921440014547,1.495814941173337,1963.9355325962506,6.0,1076.9900643541316,52.083333333333336,961.0215915435879,49.583333333333336
10,15,phi+0.30,2,-0.002818449707380027,1.0,1963.9355325962506,6.0,1076.6817350517329,52.083333333333336,962.0336424322368,49.75
10,15,phi+0.60,0,-0.002818449707380025,1.0,1954.455177400563,6.0,1072.6196551634284,52.083333333333336,959.5482741054515,49.666666666666664
10,15,phi+0.60,1,-0.0028184497073800276,1.0,1963.9355325962506,6.0,1073.4353202312066,51.833333333333336,961.7814779308541,49.75
10,15,phi+0.60,2,-0.0028184497073800276,1.0,1963.9355325962506,6.0,1076.3092366397166,52.0,962.5664494970773,49.666666666666664
10,15,phi+0.90,0,0.02311570864898186,3.9916143857159803,1963.9355325962506,6.0,1076.3092366397166,52.0,962.1339459736042,49.666666666666664
10,15,phi+0.90,1,0.023115708648981863,3.9916143857159803,1963.9355325962506,6.0,1076.9521288910285,52.166666666666664,962.6961133973567,49.75
10,15,phi+0.90,2,-0.0028184497073800267,1.0,1963.9355325962506,6.0,1075.960058907136,52.083333333333336,961.136961385736,49.583333333333336
10,15,phi+0.99,0,0.04040514755322313,1.495814941173337,1967.5116081829308,6.0,1073.5138762688605,52.333333333333336,959.2719720816684,49.75
10,15,phi+0.99,1,0.03178445789805069,3.9860239761933003,1963.9355325962506,6.0,1077.6218003832262,52.083333333333336,961.5194636838474,49.416666666666664
10,15,phi+0.99,2,0.005826269744740601,1.4958149411733368,1963.9355325962506,6.0,1075.956316955507,52.0,961.7277910199522,49.666666666666664
10,15,sorted,0,0.02583107570413009,3.999976755053959,1834.786861337273,6.0,1066.6339100174193,51.75,958.751131914617,49.916666666666664
10,17,real,0,0.08357316246750664,7.795232452592678,1655.897666938472,14.666666666666666,978.7648993768402,56.333333333333336,998.2025963208262,57.25
10,17,phi-0.60,0,0.000256858910083365,1.0,1636.964939737869,13.5,971.929019345988,55.833333333333336,992.0908303555557,56.416666666666664
10,17,phi-0.60,1,-0.00018305180144065643,1.0,1654.5981117345693,13.5,967.1565689116901,55.666666666666664,986.9748878830114,56.166666666666664
10,17,phi-0.60,2,0.01220025922621366,1.0,1642.5379668624707,14.166666666666666,974.750390168957,56.333333333333336,987.394298312277,56.416666666666664
10,17,phi-0.30,0,-0.005555503787765103,1.0,1853.39343982975,13.916666666666666,977.7832430889912,56.5,985.0545075651243,56.0
10,17,phi-0.30,1,-0.0020743211428703137,1.0,1765.9583204526234,13.833333333333334,976.0324958510186,56.0,989.0927365614613,56.333333333333336
10,17,phi-0.30,2,0.0029690634500008873,1.0,1637.686911931776,13.666666666666666,971.5843537741056,55.75,981.509549016923,55.666666666666664
10,17,phi+0.00,0,0.0009323122807733751,1.0,1716.897979522879,13.583333333333334,974.8274635470774,55.583333333333336,997.5296065799888,57.0
10,17,phi+0.00,1,-0.0055866785583399475,1.0,1639.35158709777,13.333333333333334,965.6154638470406,55.5,989.5321214037267,55.916666666666664
10,17,phi+0.00,2,0.001077794444072527,1.0,1631.7887384368478,13.5,967.0143134667205,55.333333333333336,993.5085758148489,56.666666666666664
10,17,phi+0.30,0,8.712943239890515e-05,1.0,1694.3674303704822,13.583333333333334,972.3804281344936,55.916666666666664,998.5255169866574,57.083333333333336
10,17,phi+0.30,1,-0.004866194981806674,1.2083297965751323,1846.9996453411513,14.166666666666666,968.893341574631,55.833333333333336,987.2458510141183,56.416666666666664
10,17,phi+0.30,2,-0.005586678558339948,1.0,1843.572733050936,14.0,976.1024609143232,56.583333333333336,985.9246634574098,56.833333333333336
10,17,phi+0.60,0,0.001978399075779742,2.1995518685554822,1792.4193680450026,13.666666666666666,975.7071930648876,56.25,998.0790873971937,57.0
10,17,phi+0.60,1,-0.004142247524445767,1.0934126661180752,1684.0269074218106,13.416666666666666,967.6902581808682,55.333333333333336,986.2907907420196,56.25
10,17,phi+0.60,2,-0.005586678558339948,1.647104265106102,1637.7982730712022,13.583333333333334,967.5003485132166,55.5,988.7810981135843,56.166666666666664
10,17,phi+0.90,0,0.07852977723047293,7.524282403052759,1696.9079454042069,15.083333333333334,981.3489567421461,56.916666666666664,1006.6348243862085,58.25
10,17,phi+0.90,1,0.026384778768058736,2.9674071663013324,1650.568105151934,14.333333333333334,973.1170796484813,56.166666666666664,994.5821039557198,57.0
10,17,phi+0.90,2,0.002608822292476699,1.9168489358247136,1726.3720234648172,14.25,982.1385266883118,56.833333333333336,994.037441531222,56.416666666666664
10,17,phi+0.99,0,0.04835952813414467,4.315697576953797,1644.464939737869,14.25,970.4307096259948,56.0,981.1686417527561,55.666666666666664
10,17,phi+0.99,1,0.0864550964515585,4.222354475568017,1673.2650380230673,14.916666666666666,986.7376051516079,57.25,1008.1822797282429,57.833333333333336
10,17,phi+0.99,2,0.07807947480725891,4.010833409499342,1684.4742162892042,15.333333333333334,983.5176069338974,57.25,1001.4999557563533,58.083333333333336
10,17,sorted,0,0.08868236079110553,7.861530795350785,1654.464939737869,15.25,979.1652437046331,56.833333333333336,1001.052642420761,57.75
10,18,real,0,0.0025807262091729313,1.0,2007.9182456147876,6.0,1112.9702388183832,53.0,987.4257194918982,49.75
10,18,phi-0.60,0,-0.001172040613671752,1.0,1993.3523768082302,6.0,1126.9196410022785,52.833333333333336,997.4917696529025,51.0
10,18,phi-0.60,1,0.0070604511560836405,1.0,1960.3014833744173,6.0,1109.8647375270539,52.833333333333336,989.9111077948224,50.666666666666664
10,18,phi-0.60,2,0.0048823857410883005,1.0,2013.2845886063724,6.0,1118.8315141844864,52.333333333333336,993.8733018674943,51.0
10,18,phi-0.30,0,-0.0015108008523207579,1.0,2013.2845886063724,6.0,1122.5918655308478,52.916666666666664,989.7901587943164,50.5
10,18,phi-0.30,1,-0.003515834503628049,1.0,1989.6837043013873,6.0,1106.7442270441447,52.916666666666664,986.2503733623112,50.333333333333336
10,18,phi-0.30,2,-0.0003316006186155215,1.0,2003.0178582521403,6.0,1127.7332035451084,53.583333333333336,983.3768134078355,50.0
10,18,phi+0.00,0,-0.006039963445999482,1.0,1995.5392176026965,6.0,1121.9765355283569,52.333333333333336,984.8138810073339,50.5
10,18,phi+0.00,1,0.007092473268194734,1.0306501994547008,2000.5566990653124,6.0,1097.5716646751914,53.0,990.1824528302067,50.166666666666664
10,18,phi+0.00,2,-0.0021956246183458595,1.0,2001.0725731801315,6.0,1111.6199864622565,52.75,990.0385649170347,50.5
10,18,phi+0.30,0,0.001895902443147828,1.0,1974.7694125297214,6.0,1116.2931630665728,53.166666666666664,989.7231600898134,50.5
10,18,phi+0.30,1,-0.005471430508167329,1.032083891210973,1946.1515064903588,6.0,1101.9936275667465,52.75,989.5153772708987,50.5
10,18,phi+0.30,2,0.00010603491356951033,1.356778957727197,1987.2820121549528,6.0,1108.9863421860073,52.583333333333336,992.1012887248293,51.416666666666664
10,18,phi+0.60,0,-0.00694725662248065,1.7496880979989768,2022.450567803033,6.0,1111.6358620478543,52.833333333333336,986.7302635780293,50.583333333333336
10,18,phi+0.60,1,0.010566029745088253,1.7951426434535225,1999.2654289151435,6.0,1125.9028683699892,53.0,986.3913690247153,50.166666666666664
10,18,phi+0.60,2,0.008264370213172884,1.62169499247219,1997.1173274342716,6.0,1117.000516350526,53.166666666666664,992.560549343522,50.5
10,18,phi+0.90,0,0.06347105328414959,5.042703503913125,1997.075138569379,6.0,1116.5473077819788,52.75,983.0734463826758,50.416666666666664
10,18,phi+0.90,1,0.12045580626445322,9.538349307144845,1988.3919006942926,6.0,1110.4698758331572,53.166666666666664,987.8743769719807,50.5
10,18,phi+0.90,2,0.07183275708523051,5.97304502805635,2013.2845886063724,6.0,1120.7656429814917,52.166666666666664,991.5699544026992,50.75
10,18,phi+0.99,0,0.22327038138158664,16.005872190034584,2016.6016877859245,6.0,1119.5290880431935,52.833333333333336,986.232563812498,50.333333333333336
10,18,phi+0.99,1,0.2696479501729487,18.269939616750797,1996.7253378760581,6.0,1124.4533180834812,53.083333333333336,989.782580913611,50.833333333333336
10,18,phi+0.99,2,0.31411093373493115,21.55218023449995,2010.9491235266432,6.0,1124.321158075117,52.5,989.0993691429227,50.25
10,18,sorted,0,0.6360129348360423,43.958529544361994,1923.7746239313572,6.0,1107.0987828690852,53.083333333333336,980.6066207412993,50.416666666666664
10,19,real,0,-0.0010656932340826553,1.0,2856.4718875169997,8.166666666666666,1007.0971237019617,53.583333333333336,935.3064885493401,51.583333333333336
10,19,phi-0.60,0,-0.0009552492768828411,1.0,1758.2526314926938,7.916666666666667,960.7722069831917,53.833333333333336,918.8220022177853,52.083333333333336
10,19,phi-0.60,1,-0.001353889908726686,1.0,1741.1997396212494,7.666666666666667,942.0659943864847,52.083333333333336,916.2168012404949,52.5
10,19,phi-0.60,2,-0.001437722920531459,1.0,1838.8853802779756,8.0,974.0664080243185,54.25,923.5869808150618,53.25
10,19,phi-0.30,0,-0.0014106013091477008,1.0,1706.5179013915097,7.833333333333333,954.4264806630372,53.666666666666664,928.0770374351897,53.5
10,19,phi-0.30,1,-0.001342921441497662,1.0,1834.5864832039924,7.916666666666667,964.8295296453344,53.75,918.3819677997067,51.416666666666664
10,19,phi-0.30,2,-0.0016529327355412164,1.0,1702.4795891315223,7.916666666666667,957.5111729145095,53.25,921.6165793758464,52.0
10,19,phi+0.00,0,-0.0014203620111776201,1.0,1717.4235158115798,8.083333333333334,963.7830254128686,54.166666666666664,924.4403224285156,52.833333333333336
10,19,phi+0.00,1,-0.001523336028944484,1.0,1727.259950730674,7.916666666666667,948.4291547104131,53.333333333333336,918.6997518742646,52.583333333333336
10,19,phi+0.00,2,-0.0012186100733787538,1.0,1745.6608563419243,7.666666666666667,976.5774377756132,54.833333333333336,934.6095590406281,53.25
10,19,phi+0.30,0,-0.0014887125924724542,1.0014245544707312,1761.738413806118,7.833333333333333,952.9282552208069,52.916666666666664,918.3394625470318,52.5
10,19,phi+0.30,1,-0.0007444503604095259,1.0,1786.3257706948386,7.75,951.7629576778918,53.833333333333336,929.803439209943,52.666666666666664
10,19,phi+0.30,2,-0.001741267471688498,1.0033163415497621,1752.171379708104,8.0,952.4123225142348,53.25,915.5599981268109,51.416666666666664
10,19,phi+0.60,0,-0.0012485148540413037,1.0,1708.3640376404535,7.833333333333333,951.4876908492932,53.5,920.9675342309096,52.25
10,19,phi+0.60,1,-0.001494804387800594,1.0059640502582758,1742.8856276138579,7.75,968.2778584572408,53.833333333333336,921.9719748819565,51.666666666666664
10,19,phi+0.60,2,-0.0013650765709568072,1.0059374779869352,1736.0431016596178,7.75,943.4939607849028,52.333333333333336,923.3659287888592,52.25
10,19,phi+0.90,0,0.01712530076094422,2.0548538244631054,1691.647484382416,7.083333333333333,946.0513758158764,52.083333333333336,919.3135423495197,51.75
10,19,phi+0.90,1,0.017855409899499478,2.082319956513353,1689.9181905023443,7.083333333333333,936.639247913491,51.333333333333336,922.0098563516664,52.166666666666664
10,19,phi+0.90,2,0.0009627157269652234,2.1124488670921258,1699.9924099666239,7.083333333333333,938.893338380161,51.333333333333336,907.2002520045361,51.416666666666664
10,19,phi+0.99,0,0.019662084254406784,2.1696485479826233,1692.287738556033,7.0,933.8531797885006,51.75,913.7810185307479,51.5
10,19,phi+0.99,1,0.021313038755820853,2.299557669226797,1763.0905854224964,7.083333333333333,948.3956970795651,51.166666666666664,915.1230867986447,51.0
10,19,phi+0.99,2,0.01966236461033189,1.1018909693267456,1699.4748957074335,7.416666666666667,936.249398636296,51.833333333333336,915.1468440205413,51.583333333333336
10,19,sorted,0,0.004843790049979321,2.372077896385521,1695.34330143376,7.0,928.4924094494318,50.833333333333336,912.5720738798208,51.25
10,20,real,0,0.147657769023495,11.748545268825154,1655.5459634044782,12.833333333333334,999.749634215301,58.833333333333336,984.3595969999554,56.416666666666664
10,20,phi-0.60,0,0.005953471932008113,1.0,1706.3283190773036,12.833333333333334,1008.6265398893278,59.0,997.1676911062282,57.916666666666664
10,20,phi-0.60,1,0.008792302857039882,1.0,1951.597292591761,12.916666666666666,1016.7194871818779,59.75,1004.6385026765206,57.583333333333336
10,20,phi-0.60,2,0.012050502019212926,1.0,1748.4594876712351,13.25,1009.9594121388186,59.25,995.7395488635676,57.5
10,20,phi-0.30,0,-0.0005711358715853695,1.0,2205.547584968628,13.083333333333334,1006.8015439811221,59.333333333333336,1013.1022253145502,58.333333333333336
10,20,phi-0.30,1,-0.0013363435832807326,1.0,2131.0971285761802,12.833333333333334,1014.3935701872543,59.75,1005.6223496805096,58.083333333333336
10,20,phi-0.30,2,0.0013313860019693554,1.0,1876.439649750548,12.666666666666666,1008.4136146961973,58.583333333333336,987.8000907245884,57.083333333333336
10,20,phi+0.00,0,-0.0048117329606287805,1.0,1880.769724965429,12.666666666666666,997.1385888654091,58.083333333333336,1017.0942688854724,58.666666666666664
10,20,phi+0.00,1,-0.0027992088730746088,1.0,2253.8713510630346,13.166666666666666,1015.4416513150348,58.916666666666664,1001.7074433681878,58.166666666666664
10,20,phi+0.00,2,0.005245962642020692,1.23154084974463,1712.4403887990893,13.416666666666666,998.7335378977815,58.25,1007.361839055443,58.083333333333336
10,20,phi+0.30,0,0.0008479852763527636,1.206741892717457,2198.254327672715,13.416666666666666,1012.983090593078,59.666666666666664,1007.4223267804249,58.666666666666664
10,20,phi+0.30,1,-0.0024285084292072277,1.0,1912.6114220767013,13.0,1011.4732390997791,59.5,1014.2855148480797,58.166666666666664
10,20,phi+0.30,2,0.0026067306308442608,1.0739152913764018,1730.78676002336,12.5,1001.3232777436773,58.333333333333336,992.3613228436649,57.75
10,20,phi+0.60,0,0.001610378932919158,1.3840721875677837,1836.673181703912,12.25,1009.0852446669882,58.666666666666664,1009.319363466152,58.083333333333336
10,20,phi+0.60,1,-0.0008135405760425184,1.854929659423088,1915.5490632292488,13.0,1014.9156609255774,58.916666666666664,1015.7534991852808,58.583333333333336
10,20,phi+0.60,2,0.013136686426317674,2.069357764621113,1702.4530825131633,12.75,1003.4434046111834,58.833333333333336,984.7708331055493,57.5
10,20,phi+0.90,0,0.01207888258310174,3.1535629832902146,1835.0282764716087,12.833333333333334,1017.422020695531,59.75,999.2267863251758,57.333333333333336
10,20,phi+0.90,1,0.007147547545829685,2.6551292713090104,1913.6791185968148,12.5,1011.8250781786277,59.25,996.5996635922321,56.583333333333336
10,20,phi+0.90,2,0.03763856322060169,4.122833174655872,1684.8132383761101,12.166666666666666,987.5594555370106,57.666666666666664,997.9343989636086,57.5
10,20,phi+0.99,0,0.25294887444346015,17.325725511389045,1667.212630071145,14.0,1010.9599738670155,59.916666666666664,1001.1520765600108,58.333333333333336
10,20,phi+0.99,1,0.24290407973457934,19.70881826627252,1936.3356028397304,13.0,1033.075202897726,58.583333333333336,1019.6245207684219,57.25
10,20,phi+0.99,2,0.17456609039582824,12.678560603309414,1737.163624977448,12.75,1012.5540384933687,58.75,1015.8960537352309,57.666666666666664
10,20,sorted,0,0.3083307624443824,20.68376028171975,1666.3792967378115,13.916666666666666,1011.0711857506622,59.916666666666664,1004.8047685611937,58.666666666666664
10,21,real,0,0.0002123208040044319,2.167467483906881,2400.4377793590775,6.0,1114.3183349474546,59.333333333333336,1020.352202537074,53.083333333333336
10,21,phi-0.60,0,0.006505298892919383,1.0,2374.5178594621143,6.0,1102.2643630354833,59.5,988.1921052047386,53.333333333333336
10,21,phi-0.60,1,0.008739261442652716,1.0,2278.9392352321743,6.0,1093.1267506944275,58.75,1001.2532475037968,53.5
10,21,phi-0.60,2,0.006184032683613957,1.0,2296.4776130387263,6.0,1097.4957494030093,58.0,998.2506689399547,53.0
10,21,phi-0.30,0,0.00237329360006477,1.0,2395.070565294084,6.0,1116.3679315795803,59.0,1013.1987809656586,53.083333333333336
10,21,phi-0.30,1,0.003199645195016075,1.0,2314.640130003265,6.0,1098.573905609485,58.083333333333336,991.7300576982447,53.083333333333336
10,21,phi-0.30,2,0.003690911681936071,1.0,2254.0025234783266,6.0,1092.3920336955532,58.0,1001.5919753232174,53.666666666666664
10,21,phi+0.00,0,-0.0009298250873340135,1.0,2171.975477952199,6.0,1083.2588868785783,59.333333333333336,981.4022084514494,52.416666666666664
10,21,phi+0.00,1,-0.0025516753445108085,1.0488986714192383,2617.616816725456,6.0,1110.2954558093643,60.166666666666664,999.0354277342254,52.333333333333336
10,21,phi+0.00,2,-0.0037200678689998062,1.0,2436.5490037711515,6.0,1105.2115154067285,58.083333333333336,1008.7439126502453,54.333333333333336
10,21,phi+0.30,0,-0.00027678164955804145,1.8302042618857755,2225.0965670010714,6.0,1084.9140206285667,57.083333333333336,988.2256001630112,53.0
10,21,phi+0.30,1,0.007675144411234124,1.6649598947964703,2671.9641284576137,6.0,1129.6428537159425,59.5,1004.0606706526206,53.166666666666664
10,21,phi+0.30,2,-0.003028442807935418,1.571269121684424,2082.0648771399433,6.0,1081.026735464889,59.666666666666664,986.006505312987,53.75
10,21,phi+0.60,0,0.010406432741288517,2.8656749334653098,2491.4864772831556,6.0,1095.6570944585176,58.916666666666664,996.9207401333479,53.833333333333336
10,21,phi+0.60,1,-0.004431818440289135,2.8908078223249714,2203.3151621009606,6.0,1097.7672859193651,58.166666666666664,1007.7062877835164,53.0
10,21,phi+0.60,2,0.020089801891434902,4.185224413625855,2168.1704769401385,6.0,1093.3375889983415,57.333333333333336,996.2170436709966,52.75
10,21,phi+0.90,0,0.1858316637503037,13.361949279777855,2171.484495357519,6.0,1117.882597356129,58.166666666666664,1001.5770088473256,52.25
10,21,phi+0.90,1,0.2766657891713705,19.65669845247773,2565.0360659854337,6.0,1100.9750116318473,57.583333333333336,988.0663468415478,53.416666666666664
10,21,phi+0.90,2,0.2310593426272916,19.61029959174403,2212.571268756759,6.0,1090.2803887293676,58.166666666666664,983.5421158002445,52.25
10,21,phi+0.99,0,0.7257410142478429,68.78203672253134,1793.3563979599187,6.0,1092.5907005474362,57.583333333333336,974.1609441558227,51.333333333333336
10,21,phi+0.99,1,0.6709501319015757,60.72680879819116,2169.16755429461,6.0,1084.9186180861593,57.166666666666664,1003.5127825093351,53.75
10,21,phi+0.99,2,0.7524948659026142,79.58961310224328,2720.725456626893,6.0,1277.4518418484583,58.5,1045.751628234765,52.833333333333336
10,21,sorted,0,0.9582165020874285,111.44202485249923,1667.2001440931863,6.0,1015.9995875495639,55.916666666666664,968.758916651488,53.0
10,22,real,0,0.020958574364874517,2.096046594753334,3220.606190058859,6.75,1122.5507198101081,64.83333333333333,1017.8293267181954,58.0
10,22,phi-0.60,0,0.008187542245464596,1.0,2340.173667224218,7.416666666666667,1084.7211246687568,63.75,993.3182460455628,57.916666666666664
10,22,phi-0.60,1,0.003178801896847567,1.0,2344.65983419533,7.25,1133.466558881108,66.83333333333333,981.732886588759,56.75
10,22,phi-0.60,2,0.0033379622691096286,1.0,2426.366625312039,7.416666666666667,1115.3654902305934,65.83333333333333,985.0926305492252,56.666666666666664
10,22,phi-0.30,0,0.0009944364492364458,1.0,2221.831939096363,7.083333333333333,1102.6348871855762,63.833333333333336,1001.8175403784852,59.166666666666664
10,22,phi-0.30,1,0.0033520114918123263,1.0,2405.464735658792,7.75,1092.502401451822,63.083333333333336,990.5022467649724,56.583333333333336
10,22,phi-0.30,2,0.004981336415114149,1.0,2494.370647974823,7.416666666666667,1087.6901256130993,64.91666666666667,988.5813534208208,57.666666666666664
10,22,phi+0.00,0,-0.0025811869561527295,1.0,2805.944827857135,7.166666666666667,1098.162569029456,63.0,1003.9929862622506,58.333333333333336
10,22,phi+0.00,1,-0.0009468582001074636,1.0,2474.801920247462,7.166666666666667,1121.4139323200127,66.33333333333333,1001.2461243768121,58.083333333333336
10,22,phi+0.00,2,-0.0023958526895404286,1.0,2374.960376065557,6.916666666666667,1104.3100128614713,64.66666666666667,985.7271244546164,58.0
10,22,phi+0.30,0,-0.010414975798644963,1.4218934384281017,2125.5521995903378,6.833333333333333,1097.1612021207204,64.25,1001.5410560816214,56.916666666666664
10,22,phi+0.30,1,0.0038762591992389946,1.878609184856317,3005.8180297231543,7.166666666666667,1112.9824312659807,66.75,994.3602583138053,57.5
10,22,phi+0.30,2,-0.00040490462297328644,1.467642033604151,2201.076066114376,7.0,1128.2651630631167,65.5,1003.4463558591884,57.333333333333336
10,22,phi+0.60,0,0.018940682583535075,3.9087738617449883,2499.3341619216644,7.0,1102.4714409100745,64.33333333333333,988.0407764386159,58.0
10,22,phi+0.60,1,0.0006193414485849891,2.9554872762030575,2243.1196907945555,7.083333333333333,1098.6518413974775,62.416666666666664,1010.5467495790525,57.5
10,22,phi+0.60,2,0.004362689478431691,2.9217659201854707,2323.687458320646,7.416666666666667,1121.1568131527051,64.91666666666667,1009.2849702391972,58.25
10,22,phi+0.90,0,0.1546132564030588,11.418174419233877,1925.0506897557807,7.0,1091.5436393646921,64.25,979.5185131378252,57.0
10,22,phi+0.90,1,0.1428141225665067,10.987725974822972,1986.881802644385,6.75,1058.9681663671292,64.5,973.8614595601794,55.916666666666664
10,22,phi+0.90,2,0.2064049460761295,14.944734491488552,2725.19541740498,6.916666666666667,1116.238599892681,63.833333333333336,1003.6460010170277,56.666666666666664
10,22,phi+0.99,0,0.5814837804987268,51.02481934511193,1951.4430077322788,6.333333333333333,1044.8780192449324,60.166666666666664,952.2761313362333,54.833333333333336
10,22,phi+0.99,1,0.5778543658913456,46.00671393860538,1978.6702330885626,6.833333333333333,1077.9187330052473,63.083333333333336,978.8327559949867,56.0
10,22,phi+0.99,2,0.6511252962982323,56.40719280539892,2560.0441029982703,6.583333333333333,1157.3310542944225,62.333333333333336,1012.1839380719913,54.166666666666664
10,22,sorted,0,0.7463439993933144,78.91769382954877,1688.485910694221,6.416666666666667,991.878412567682,59.416666666666664,952.0913576218377,55.5
10,25,real,0,0.01890721132223379,1.761516258364191,2420.826648445847,7.333333333333333,1104.810054389611,66.08333333333333,985.0467655379529,57.25
10,25,phi-0.60,0,0.006664660285478965,1.0,2223.2437588089665,7.5,1107.4034572703365,67.25,1000.8621126845445,58.166666666666664
10,25,phi-0.60,1,-0.0015015348319735214,1.0,2249.020054536292,7.333333333333333,1102.851629139552,66.83333333333333,992.2781684234868,58.416666666666664
10,25,phi-0.60,2,0.006391554685468642,1.0,2310.4178547678725,7.583333333333333,1098.8005799577008,66.66666666666667,997.4876206340588,57.75
10,25,phi-0.30,0,-0.001482370478900665,1.0,2393.495498772891,7.5,1112.1925111846942,68.5,997.0508627990034,57.083333333333336
10,25,phi-0.30,1,0.009757482653326176,1.0,2109.0497536077933,7.916666666666667,1119.8903488680132,68.58333333333333,992.5572523953556,57.5
10,25,phi-0.30,2,0.00202363593040218,1.0,2368.950503143216,7.416666666666667,1113.7670020720832,66.75,1009.0502659201164,58.416666666666664
10,25,phi+0.00,0,-0.006201624252590406,1.0,2372.35392847726,7.666666666666667,1129.9232632573737,66.58333333333333,1017.6906650858227,58.5
10,25,phi+0.00,1,-0.007074613142534872,1.0,2375.6044749580715,7.666666666666667,1124.6774575223133,67.5,1010.7948417370217,58.0
10,25,phi+0.00,2,0.0023667484677968057,1.3076019950620459,2157.8216780743805,7.666666666666667,1123.9534030616257,69.16666666666667,1001.1490049095704,58.416666666666664
10,25,phi+0.30,0,0.0026545301791997163,1.4053703528209658,2481.6126012208274,7.166666666666667,1091.5116400250392,66.0,1006.9373428280996,57.333333333333336
10,25,phi+0.30,1,0.007853713085258694,1.4497425461868079,2297.6857586570673,7.583333333333333,1134.340231931648,67.5,1004.0784774961861,58.333333333333336
10,25,phi+0.30,2,-0.0002214198114816526,1.304479325914852,2429.1600714923475,7.75,1121.4062526926741,68.66666666666667,1021.5749486378812,59.25
10,25,phi+0.60,0,0.005358658744696518,2.5778066570916804,2519.925846067887,7.5,1127.5132779963753,68.33333333333333,1012.6714354664224,58.333333333333336
10,25,phi+0.60,1,0.022008292828657974,2.8690188506460697,2133.9293415506004,7.5,1105.9352181626557,66.5,1004.9181475672898,58.75
10,25,phi+0.60,2,0.00948508761552511,3.3916038085267806,2314.566339742417,7.75,1109.0199298872142,67.25,1007.3458457814751,59.25
10,25,phi+0.90,0,0.21025941549018098,14.92473612152746,2346.5570727917057,7.166666666666667,1158.0578233706167,67.41666666666667,1017.6003196155417,57.166666666666664
10,25,phi+0.90,1,0.15871624300585324,11.892957632651704,2483.5063499322396,7.5,1129.7448925876727,65.41666666666667,1009.8616491424377,56.833333333333336
10,25,phi+0.90,2,0.1305735692667139,12.189452537137283,2581.9470068099495,7.416666666666667,1141.8994573418834,66.66666666666667,1011.3488826346033,55.916666666666664
10,25,phi+0.99,0,0.5721554350292753,57.67204627701988,1632.5382011348668,7.416666666666667,1082.8362914669012,64.16666666666667,965.2086011769962,54.833333333333336
10,25,phi+0.99,1,0.7390746926114311,80.51244709825315,1912.4138901243994,6.833333333333333,1064.794668458552,61.666666666666664,955.6445265430884,54.25
10,25,phi+0.99,2,0.5963375758400173,47.1224475528002,4432.814638659824,7.166666666666667,1365.5712630913115,64.91666666666667,1089.170974062479,54.666666666666664
10,25,sorted,0,0.7456945808243597,79.94552548077688,1554.5736108572921,6.666666666666667,997.8984258873301,59.833333333333336,954.0852416880424,56.0
10,23,real,0,0.10059511927703112,7.556859485562179,1784.9136905241437,13.916666666666666,1090.4211404865434,62.416666666666664,1033.9579674624724,58.416666666666664
10,23,phi-0.60,0,0.0012486913439010618,1.0,1753.0512191478049,12.416666666666666,1001.8398449912642,59.333333333333336,981.5148002511302,57.0
10,23,phi-0.60,1,-0.004586852171871066,1.0,1957.1469357409007,12.583333333333334,1009.1419709035963,59.75,993.4463551242576,57.583333333333336
10,23,phi-0.60,2,0.0007736708114729832,1.0,2163.3401800755087,12.083333333333334,1018.7844323054363,60.25,992.3746070864528,57.5
10,23,phi-0.30,0,-0.0012845386519397583,1.0,1736.99930266497,12.083333333333334,1014.2416751980301,60.5,987.8166827122604,57.583333333333336
10,23,phi-0.30,1,0.0013539225829313861,1.0,1692.6052820827874,12.666666666666666,1012.292943545226,60.5,987.0864693996724,57.333333333333336
10,23,phi-0.30,2,-3.993604811134135e-05,1.0,1724.6738121189294,12.833333333333334,1026.179278688699,61.416666666666664,977.41641833726,56.916666666666664
10,23,phi+0.00,0,-0.0026806766728764055,1.0,2023.0571113146243,12.666666666666666,1019.0705686042943,60.166666666666664,993.1247809209093,57.833333333333336
10,23,phi+0.00,1,-0.002250564484746509,1.0,1926.7818128526687,12.25,1015.4105095008516,60.416666666666664,997.1184406199483,57.75
10,23,phi+0.00,2,-0.004607460799755276,1.0,2079.5289556004595,12.5,1007.8008328696142,59.833333333333336,988.9768208868628,57.166666666666664
10,23,phi+0.30,0,-0.008068174664891025,1.2013236135012728,1686.7919643273233,12.75,1022.7668318231393,61.416666666666664,980.0424559404397,56.666666666666664
10,23,phi+0.30,1,-0.006319731048228906,1.149588739060649,2304.132782671402,12.75,1013.1581163419628,60.416666666666664,1003.7878801341216,58.583333333333336
10,23,phi+0.30,2,0.007366142508388309,1.233325914726183,1706.9474203583125,12.416666666666666,1014.6623076493041,59.833333333333336,985.3950505425463,57.583333333333336
10,23,phi+0.60,0,0.003200338271096753,1.6622142203802113,1770.9765462674566,12.666666666666666,1019.9219757746592,60.5,986.3001281213018,57.083333333333336
10,23,phi+0.60,1,0.0003130300671305215,1.3864742524013112,2003.836513919018,12.833333333333334,1033.6892474790593,61.666666666666664,995.7067175730971,58.0
10,23,phi+0.60,2,0.022291091904997413,2.319997422320887,1732.2415579264425,12.75,1025.043455808014,61.166666666666664,993.6285120994066,57.833333333333336
10,23,phi+0.90,0,0.025372434928495568,4.391336166206024,1748.9821282829844,12.25,1025.659222511649,61.666666666666664,985.5285718700976,57.666666666666664
10,23,phi+0.90,1,0.034234204045619054,4.3847157890386015,1813.3530560028696,12.083333333333334,1018.0607292377248,60.416666666666664,989.4647238014073,57.0
10,23,phi+0.90,2,0.031171449261693032,4.566115305373823,1734.1637376017086,12.916666666666666,1014.6801743556854,60.416666666666664,977.0022256546355,56.416666666666664
10,23,phi+0.99,0,0.23906242524098492,16.71215153379707,1692.897908689806,12.5,1009.0213857189336,60.25,964.328268656,55.333333333333336
10,23,phi+0.99,1,0.2254955623394583,17.337559433394958,1688.7099884916013,12.083333333333334,1005.3761203967393,59.916666666666664,977.4651153673555,56.583333333333336
10,23,phi+0.99,2,0.0742950323108918,6.298851554822188,1707.5425663614762,12.583333333333334,1016.235654340296,60.75,976.5379013959309,56.5
10,23,sorted,0,0.2667710084093375,18.345224894169316,1700.0765109471074,13.166666666666666,1020.7630584262157,61.166666666666664,968.405767887236,55.75
10,24,real,0,0.3376277692151398,27.372541872297884,2288.6905804539365,7.5,1136.5379640235885,67.75,1061.2621548706647,60.5
10,24,phi-0.60,0,0.009384246615870557,1.0,2009.1268963816976,7.166666666666667,1108.4486012358166,67.91666666666667,1064.8993539889261,61.75
10,24,phi-0.60,1,0.0037471465532942687,1.0,2917.0943726777664,7.5,1127.2698236476378,68.0,1066.319979457986,61.833333333333336
10,24,phi-0.60,2,0.011900953051230167,1.0,2341.067308385244,7.833333333333333,1110.947018002157,66.83333333333333,1078.6559574646658,63.166666666666664
10,24,phi-0.30,0,0.006307666123066021,1.0,2182.713503324808,7.416666666666667,1114.5863003784182,67.08333333333333,1044.8197480701913,60.833333333333336
10,24,phi-0.30,1,-0.0031080749587446546,1.0,2386.0052543430575,7.333333333333333,1118.724636573025,68.5,1077.4347147797207,63.5
10,24,phi-0.30,2,-0.004558412548351209,1.0,2250.325421000613,7.333333333333333,1149.8080929391576,68.41666666666667,1092.0678229355874,63.75
10,24,phi+0.00,0,0.0008205739721341847,1.0,2389.3286853415443,7.25,1133.3627761231792,68.75,1054.5385734417412,62.416666666666664
10,24,phi+0.00,1,-0.002967793408647232,1.0,2543.494922290366,7.583333333333333,1130.7332457485174,68.33333333333333,1096.8613074062353,64.41666666666667
10,24,phi+0.00,2,-0.0016850590095056502,1.076113709664828,2032.2481740713074,7.5,1119.454852228336,68.58333333333333,1079.7542240311993,64.16666666666667
10,24,phi+0.30,0,-0.002979478098022471,1.267295950513135,2376.1463225445573,8.0,1123.0925950334743,67.75,1075.8192098058582,61.833333333333336
10,24,phi+0.30,1,-0.001262172950810577,1.4115828845886198,2035.1004103004586,7.416666666666667,1125.990035019516,68.08333333333333,1061.132317163692,62.416666666666664
10,24,phi+0.30,2,0.017284805719652383,2.048800821790029,2152.6087289434286,7.583333333333333,1137.5715285162053,68.91666666666667,1060.27346614298,61.25
10,24,phi+0.60,0,0.0410393697510143,3.5355586126196705,2707.9657035030687,7.583333333333333,1128.6629095284052,68.83333333333333,1060.0868005007117,61.416666666666664
10,24,phi+0.60,1,0.003805397904694762,2.297969091411442,2269.0777588838587,7.666666666666667,1133.9291623124789,68.0,1068.5532413214664,62.833333333333336
10,24,phi+0.60,2,0.012982668065964601,2.51494797886476,2180.393259844272,7.416666666666667,1116.4463550242006,68.5,1055.607024855822,62.916666666666664
10,24,phi+0.90,0,0.06510086309633153,7.793291566277201,1899.7716978240226,7.25,1107.8119807989117,67.58333333333333,1052.301907461798,62.416666666666664
10,24,phi+0.90,1,0.1404730913681383,10.955225090554249,2741.871339930423,7.75,1112.1748933351914,66.83333333333333,1065.7484622095308,62.25
10,24,phi+0.90,2,0.19819573579529035,14.049909362299951,2122.165666090061,7.333333333333333,1125.7858883268088,69.08333333333333,1053.5809030698392,60.916666666666664
10,24,phi+0.99,0,0.3899194542881101,26.798789365421715,1839.3336691058678,6.916666666666667,1083.7371657955948,65.41666666666667,1035.9143604328196,60.166666666666664
10,24,phi+0.99,1,0.7912458071757462,70.11599389920076,1990.9169348599237,6.75,1165.8366806160627,63.833333333333336,1077.5269736426644,58.5
10,24,phi+0.99,2,0.3184192733386187,25.693391519090362,1948.1332927072353,7.0,1122.0668055756814,66.83333333333333,1049.0915636284274,58.916666666666664
10,24,sorted,0,0.8176606408752591,86.69125813459435,1678.4769020655756,6.666666666666667,1007.168397065952,59.166666666666664,990.9619328120463,56.333333333333336
10,26,real,0,0.0728796009657409,6.379815259887016,1967.8944413710378,7.666666666666667,1092.2803082981573,59.833333333333336,961.6212963735898,52.833333333333336
10,26,phi-0.60,0,-0.0015737665124867903,1.0,2193.863174360246,7.416666666666667,1096.0208167213393,61.25,948.7319533659437,50.166666666666664
10,26,phi-0.60,1,0.002965226585192011,1.0,2273.191913338498,7.416666666666667,1097.2343816539283,60.583333333333336,945.7215133754158,50.416666666666664
10,26,phi-0.60,2,-0.00406117152800074,1.0,2258.1519856455197,7.25,1096.8638158305882,61.416666666666664,963.4601198158106,52.416666666666664
10,26,phi-0.30,0,-0.0013528062111716544,1.0,2068.9815501799353,7.0,1083.0071111338477,60.5,974.6794882735127,52.0
10,26,phi-0.30,1,-0.003017398459118026,1.0,2267.685391744992,7.25,1083.7668276753805,60.666666666666664,960.1867208525605,52.416666666666664
10,26,phi-0.30,2,-0.0037924309781424276,1.0,2655.544904194562,7.583333333333333,1081.1488890157732,58.166666666666664,967.7362103872864,52.833333333333336
10,26,phi+0.00,0,0.004072246630884331,1.0364420776289143,2950.0333616094213,7.75,1101.2639245767443,59.5,958.0207659169837,52.416666666666664
10,26,phi+0.00,1,-0.005590005740423416,1.0,2263.3410678451055,7.0,1093.5774008887859,58.5,969.7562199564835,52.333333333333336
10,26,phi+0.00,2,0.002168651176866389,1.215481001413043,2206.651444930892,7.166666666666667,1117.7267645241457,60.666666666666664,976.9939603816065,52.0
10,26,phi+0.30,0,4.238683495542913e-05,1.2887106380594813,2384.7075111905942,7.25,1097.9420048061286,60.583333333333336,956.394597007176,52.166666666666664
10,26,phi+0.30,1,-0.0028102038007812935,1.620391843491211,2688.9400397609897,6.833333333333333,1116.6288315982144,61.166666666666664,962.5951340943571,52.5
10,26,phi+0.30,2,0.01096242598955553,1.2959668279094796,2632.8039758376517,7.5,1115.8477270546693,61.916666666666664,954.6287394959066,51.666666666666664
10,26,phi+0.60,0,-0.0008375558425808603,2.157024339109425,2415.717429754486,7.166666666666667,1107.7784953814817,59.333333333333336,962.5432765619549,51.75
10,26,phi+0.60,1,0.011730646996639406,2.2678960193789086,2103.424045713752,7.416666666666667,1106.0730462805484,60.583333333333336,958.8691679741643,52.333333333333336
10,26,phi+0.60,2,-0.0065912414388160645,2.5007060479791328,2204.5413697932686,7.416666666666667,1101.7783210912246,60.416666666666664,951.206323412617,52.0
10,26,phi+0.90,0,0.1298811440939002,10.15668730196534,1900.908933373062,7.0,1093.5166138200564,60.333333333333336,957.0892439257764,51.416666666666664
10,26,phi+0.90,1,0.11087963980061537,9.335237888059229,2227.328096588929,7.166666666666667,1099.2921931198828,59.916666666666664,959.4722077828169,52.583333333333336
10,26,phi+0.90,2,0.15860526953326992,12.07277651224013,2701.6245320408834,6.666666666666667,1146.2944250984044,59.833333333333336,976.2273403377372,51.583333333333336
10,26,phi+0.99,0,0.40315666116776705,34.32494128081038,1868.513531085241,7.0,1097.094024249731,57.916666666666664,953.1015837796627,51.083333333333336
10,26,phi+0.99,1,0.4163753459320502,31.46072862070648,2582.1233703166276,6.916666666666667,1215.0126500515646,58.916666666666664,959.3684710457082,49.916666666666664
10,26,phi+0.99,2,0.5314738969836489,49.24035715933416,1860.8219764046826,6.833333333333333,1061.511165157456,58.916666666666664,950.1896598910571,52.0
10,26,sorted,0,0.49649973412078746,50.05122919577817,1715.258517606533,6.166666666666667,997.9288187635842,55.5,926.515057387143,50.916666666666664
10,27,real,0,0.005266245343220254,1.0,2314.819800402033,6.0,1076.972000028665,51.333333333333336,974.5037623340413,51.5
10,27,phi-0.60,0,0.006488475212201954,1.0,2194.3424124714998,6.083333333333333,1100.0784199568463,52.75,983.0981457181466,51.166666666666664
10,27,phi-0.60,1,0.006115152984075465,1.0,2260.0938770105136,6.0,1098.9228476359726,51.416666666666664,971.4611942016965,50.666666666666664
10,27,phi-0.60,2,0.005705924233300381,1.0,2189.9202690363036,6.0,1088.3726999221149,53.25,975.4215144483537,51.25
10,27,phi-0.30,0,-0.002694881973740503,1.0,2263.6673121707613,6.0,1075.3876872802991,52.5,977.1080065370038,51.416666666666664
10,27,phi-0.30,1,0.0012690045130685132,1.0,2224.1292738801276,6.0,1081.478110678596,51.75,970.171999679104,50.583333333333336
10,27,phi-0.30,2,0.004274151642685252,1.0,2182.4819022038882,6.083333333333333,1078.6067746483504,53.583333333333336,978.1678368930492,52.0
10,27,phi+0.00,0,0.006113744885148096,1.0,2199.9650782160998,6.083333333333333,1090.9893863961775,52.416666666666664,974.502358165225,51.0
10,27,phi+0.00,1,0.004850416128722984,1.082595095220746,2310.7761158257254,6.0,1110.896312550035,53.75,974.5531700975193,50.75
10,27,phi+0.00,2,-0.0023425932233420528,1.0,2297.7795369697865,6.0,1092.394384501709,53.25,972.4996374093179,51.0
10,27,phi+0.30,0,-0.010122515809583274,1.6244862524245662,2337.6806020798826,6.083333333333333,1093.490178882822,51.916666666666664,969.8925894061222,50.833333333333336
10,27,phi+0.30,1,0.0021254806856584973,1.507316399280156,2135.7967178677313,6.0,1074.5120485535344,52.166666666666664,986.1678169959405,51.666666666666664
10,27,phi+0.30,2,0.002091246280486098,1.4219562102147127,2261.6535875443315,6.0,1112.9097738160872,52.666666666666664,974.4751318715885,49.833333333333336
10,27,phi+0.60,0,0.030143833143028747,2.8436808407516416,2304.165252282161,6.0,1098.1103129143355,52.916666666666664,967.9673589206644,50.833333333333336
10,27,phi+0.60,1,0.008217972719778848,2.3861951447234473,2280.3964069645203,6.083333333333333,1109.2966642640042,52.583333333333336,980.529896237396,51.666666666666664
10,27,phi+0.60,2,0.03154990792821885,3.170669061413696,2174.6044247651957,6.0,1071.8667871649375,52.333333333333336,984.3230552255603,50.583333333333336
10,27,phi+0.90,0,0.1816141788436363,14.953787343460116,2327.757394199411,6.0,1114.8150125929033,52.833333333333336,976.2147452950802,51.5
10,27,phi+0.90,1,0.14529305906704532,10.904424715923021,2334.636150785938,6.083333333333333,1140.7103213020928,52.5,975.8269368399029,51.166666666666664
10,27,phi+0.90,2,0.10920937997208678,9.991565879202238,2327.8746505167287,6.0,1106.9806327495194,53.166666666666664,968.8397172323936,51.0
10,27,phi+0.99,0,0.6045395078855536,63.11954147862288,2390.2408647137904,6.0,1125.3923036941278,51.583333333333336,977.9743451012719,51.25
10,27,phi+0.99,1,0.5449539536428547,53.89992644934937,1926.2465353077885,6.0,1063.5017540594224,51.916666666666664,965.1358380987099,50.416666666666664
10,27,phi+0.99,2,0.43598962624506893,40.574207117612005,2213.2024100687413,6.0,1120.8295861756917,51.916666666666664,978.6687166548969,50.666666666666664
10,27,sorted,0,0.8918808393381358,101.54645982419814,1797.3066352267285,6.0,1024.29853147289,50.666666666666664,950.816781263583,49.333333333333336
10,28,real,0,0.031059339665907713,2.7198072900732466,2446.6783299878093,6.75,1110.5752979910524,62.5,990.8332051111937,54.833333333333336
10,28,phi-0.60,0,0.008343626614029355,1.0,2134.6422087016076,6.916666666666667,1109.2028510742273,62.666666666666664,1021.0850417979433,56.666666666666664
10,28,phi-0.60,1,-0.0013072015613234634,1.0,2450.9583799468533,6.666666666666667,1115.561830400067,64.5,1012.6563573638979,56.166666666666664
10,28,phi-0.60,2,0.005114959016924106,1.0,2079.2513503422197,7.0,1118.1846499076094,64.91666666666667,1004.002509600974,55.333333333333336
10,28,phi-0.30,0,-0.00451872490420801,1.0,2288.838250828189,7.166666666666667,1130.8875010595686,63.666666666666664,1002.391076664661,55.166666666666664
10,28,phi-0.30,1,0.007070829475401532,1.0,2166.625606847566,7.166666666666667,1126.0754810975143,64.25,995.485805614154,54.333333333333336
10,28,phi-0.30,2,0.0028761505741841022,1.0,2420.307084074873,7.25,1114.4531128122226,62.583333333333336,999.1255069673847,55.666666666666664
10,28,phi+0.00,0,0.0013180268136270014,1.0114916346408034,2043.5987265405035,6.833333333333333,1112.1315081058963,63.333333333333336,988.1828327399107,54.75
10,28,phi+0.00,1,-0.006362444971592246,1.05017361827956,2974.577153655527,7.083333333333333,1120.7112078109471,63.25,1023.2158651695378,56.666666666666664
10,28,phi+0.00,2,-0.0018134386410089568,1.0,2509.388047091585,7.0,1125.5366327338104,64.75,1011.4159952164109,55.583333333333336
10,28,phi+0.30,0,0.009826123023945471,1.9438361260287715,2344.116675519215,6.75,1137.4988660519707,62.333333333333336,1035.8923679866282,56.833333333333336
10,28,phi+0.30,1,0.009792913255095478,1.609451273746396,2188.8898918117397,6.666666666666667,1121.7829974269653,64.5,1010.3393104929037,56.166666666666664
10,28,phi+0.30,2,0.0029435717986475473,1.7490586742443859,2155.3916500245464,6.666666666666667,1118.8603642718474,64.16666666666667,1002.3966952623827,56.0
10,28,phi+0.60,0,0.03277742509730608,3.2345251323158695,2438.8663961005523,7.0,1175.383470040415,63.5,1047.3755820164845,57.25
10,28,phi+0.60,1,0.007551870280344686,3.1972435978957705,2257.9558857550614,7.0,1122.8014757838632,62.5,1008.5188235112955,55.666666666666664
10,28,phi+0.60,2,0.016874761619907332,3.1613783875869617,2960.21931582461,7.333333333333333,1117.838839829376,62.916666666666664,1039.0975946136243,57.083333333333336
10,28,phi+0.90,0,0.2372104823323779,16.544849690318152,2832.5056123411555,6.833333333333333,1155.075661944578,63.083333333333336,1037.1799451733402,55.083333333333336
10,28,phi+0.90,1,0.116950589307901,9.767571577646637,2341.6308554173193,6.833333333333333,1150.2689164916503,65.0,1011.0643715372516,56.583333333333336
10,28,phi+0.90,2,0.2233910961644854,16.176045097907963,2590.7217927736096,7.083333333333333,1192.7249474598939,63.083333333333336,1035.3842292371376,54.916666666666664
10,28,phi+0.99,0,0.5331235464004943,47.938967158500105,2335.1309005488943,6.5,1179.6878730554524,62.833333333333336,1032.4225323623807,54.666666666666664
10,28,phi+0.99,1,0.5603869558848807,49.61312323162296,2395.8949337049094,6.333333333333333,1243.4346404994155,61.833333333333336,1048.47238874148,55.916666666666664
10,28,phi+0.99,2,0.44970157020966417,40.35730283436785,1897.521754499661,6.5,1098.608794255472,61.416666666666664,979.3760937218876,54.833333333333336
10,28,sorted,0,0.7115957336813995,75.76565685574336,1651.5910749946026,6.0,1019.0249958973433,57.75,924.863027447807,51.083333333333336
10,29,real,0,0.02914969311604566,3.7693441585041647,2248.1048131125667,10.166666666666666,1103.3127610989468,66.16666666666667,1039.443567415029,58.833333333333336
10,29,phi-0.60,0,-0.002517880132723351,1.0,2328.3019155350585,10.5,1139.3756499049384,69.5,1020.5370050934413,59.25
10,29,phi-0.60,1,0.002365926907945892,1.0,2311.7571903660405,10.583333333333334,1134.947236264124,69.08333333333333,1022.150575568775,59.083333333333336
10,29,phi-0.60,2,-0.0054289740594630756,1.0,3324.279439542978,10.666666666666666,1136.8465827831626,69.0,1039.0146207395662,59.416666666666664
10,29,phi-0.30,0,-0.002543484789325355,1.0,2227.4683382967473,10.583333333333334,1113.6507049349755,68.25,1029.071664670418,59.75
10,29,phi-0.30,1,0.002014126413154956,1.0,2522.689874825759,9.666666666666666,1113.600180938957,68.08333333333333,1035.0169796343525,59.666666666666664
10,29,phi-0.30,2,-0.003070048442902494,1.0,2366.491413511768,10.833333333333334,1122.5364783912462,69.75,1031.9315584341236,61.25
10,29,phi+0.00,0,-0.003214820540768988,1.0,2269.7575237511433,10.833333333333334,1119.039752998736,69.66666666666667,1034.234299490912,60.75
10,29,phi+0.00,1,-0.0026088973726182086,1.0201583197451594,2093.169646669263,9.916666666666666,1119.5716678209408,69.66666666666667,1029.7864537970963,59.666666666666664
10,29,phi+0.00,2,0.0038025047834437955,1.0,2579.8194208453256,10.0,1129.100339618902,70.16666666666667,1030.715955916856,58.5
10,29,phi+0.30,0,-0.0007077210039118447,1.3058162888917786,2288.9609521347606,10.833333333333334,1104.7763238139792,67.91666666666667,1022.6795182574539,59.25
10,29,phi+0.30,1,0.004495803311422887,1.3820734722610573,2261.522154129166,10.0,1119.2884399905593,69.25,1014.7177001173044,58.833333333333336
10,29,phi+0.30,2,-0.011739777106200156,1.185525853858912,2121.7360135832755,10.083333333333334,1118.4761095869446,70.25,1048.3725395509848,61.25
10,29,phi+0.60,0,-0.0017427185664729541,2.251579018103971,2612.5913098598353,10.166666666666666,1139.7072860096523,70.5,1023.1970228348504,59.333333333333336
10,29,phi+0.60,1,0.013704994840683167,2.3916777033815655,2141.304559305477,10.333333333333334,1121.0095139463608,69.75,1026.5932643060337,60.75
10,29,phi+0.60,2,0.007646980932177196,1.4455818035428116,3249.204004091878,10.916666666666666,1112.9136545155432,67.83333333333333,1032.5559480752831,59.833333333333336
10,29,phi+0.90,0,0.050222651334485516,5.854801815623237,2355.575394449519,9.916666666666666,1131.8003020978335,69.66666666666667,1018.7892947222352,58.5
10,29,phi+0.90,1,0.08668123238810643,8.536495422059907,1890.1081976277246,9.666666666666666,1096.426905247503,66.83333333333333,1012.4947159263799,58.583333333333336
10,29,phi+0.90,2,0.035157421889171994,4.8715636274498415,2286.321506267414,9.416666666666666,1107.2995072041833,68.58333333333333,1017.4977489925751,58.583333333333336
10,29,phi+0.99,0,0.3294077675133761,33.429314995438766,3996.3200695781666,9.333333333333334,1352.385563344426,64.75,1159.0721561324633,56.916666666666664
10,29,phi+0.99,1,0.4129108390349038,36.89020304811347,1868.3427980165277,7.916666666666667,1051.0998036193948,62.5,997.505996619916,57.0
10,29,phi+0.99,2,0.2119575787556289,15.118723247099055,1853.9003199526353,9.25,1066.4591143877262,64.75,999.5303723276647,57.5
10,29,sorted,0,0.3901860528792618,37.34172300496765,1837.4569551267352,9.25,1034.0728958177906,62.166666666666664,978.0287747959155,56.416666666666664
10,30,real,0,0.011758905249689195,2.9025931401555516,1765.8941908614154,10.5,974.0571648454244,53.75,951.3580769150093,53.083333333333336
10,30,phi-0.60,0,0.00722598440766888,1.0,1684.009902845013,10.833333333333334,972.0561087786115,53.916666666666664,940.5513654426468,53.083333333333336
10,30,phi-0.60,1,0.013555283272931248,1.0,1676.6306762094139,10.666666666666666,961.5808687926382,54.166666666666664,926.965553436738,52.333333333333336
10,30,phi-0.60,2,0.006012165330254878,1.0,1727.8730011256441,11.333333333333334,962.2157785402402,54.166666666666664,939.0614393075897,53.083333333333336
10,30,phi-0.30,0,-0.0025782600166251246,1.0,1781.930039546932,11.166666666666666,969.035516668889,54.166666666666664,944.9060827229683,54.083333333333336
10,30,phi-0.30,1,-0.0047538115575538305,1.0,1728.262268039227,11.25,963.8684653323168,53.583333333333336,941.1808459236545,53.583333333333336
10,30,phi-0.30,2,0.0005054526834845752,1.0,1780.4409690220762,10.75,961.2937264047547,53.583333333333336,933.3871569759434,52.333333333333336
10,30,phi+0.00,0,-0.0009558147996613395,1.0,1685.947013779527,11.0,961.2861936499136,53.416666666666664,935.5194594157006,53.083333333333336
10,30,phi+0.00,1,-0.005115591794612646,1.1287509059312577,1741.953203790675,10.583333333333334,971.1957233517645,54.083333333333336,938.1128679727,53.25
10,30,phi+0.00,2,-0.007705103414483661,1.1998833640525448,1735.6833955210777,10.666666666666666,970.512910924644,54.916666666666664,936.6981201473733,53.416666666666664
10,30,phi+0.30,0,-0.004885536669508582,1.0256820055213727,1765.9133652722878,10.75,960.8734254983605,53.583333333333336,930.2081456382992,52.416666666666664
10,30,phi+0.30,1,-0.007512153954718954,1.1543610492019463,1648.4224946357992,10.833333333333334,968.6008579705689,54.25,932.6509378448267,52.333333333333336
10,30,phi+0.30,2,-0.0033985271310334863,1.4438886638000594,1727.0684522535728,11.083333333333334,981.2751197272481,54.166666666666664,940.7614662439051,52.833333333333336
10,30,phi+0.60,0,0.006880901720012783,2.301650462218314,1714.8638365283416,10.666666666666666,969.1064542306543,54.166666666666664,933.939096352397,53.25
10,30,phi+0.60,1,0.008227141640606658,1.4517491022242854,1766.290767644881,10.583333333333334,961.6781480539827,53.916666666666664,948.4735497398583,53.666666666666664
10,30,phi+0.60,2,0.002142276345767357,1.656801435338159,1751.7635594082894,10.583333333333334,964.7800898385021,53.333333333333336,937.3441972413381,53.666666666666664
10,30,phi+0.90,0,0.07330839145217947,7.144931465631445,1684.1082283851292,10.333333333333334,978.7388983252358,52.75,952.0696717174014,52.833333333333336
10,30,phi+0.90,1,0.06741044594648721,6.700715626688508,1707.048074149113,10.25,984.4606579404835,53.833333333333336,939.9547028330121,52.5
10,30,phi+0.90,2,0.12369997217671397,9.292118011313166,1721.3384012066417,10.083333333333334,959.5210848582492,53.416666666666664,939.9178239298709,53.166666666666664
10,30,phi+0.99,0,0.17075436212478923,15.613425519165736,1730.2921151115909,10.166666666666666,956.0402658149233,52.833333333333336,926.6153617116905,52.083333333333336
10,30,phi+0.99,1,0.3165895990560579,26.373171114833735,1710.8433996723822,9.416666666666666,946.0859752766459,51.916666666666664,927.6757479981216,51.75
10,30,phi+0.99,2,0.25685388415743754,18.500058060922232,1779.8030109256586,9.833333333333334,989.2875748126517,51.75,956.4430115762952,52.333333333333336
10,30,sorted,0,0.47841505864450967,36.22461772820598,1720.9386759891913,9.166666666666666,937.3496917215142,50.833333333333336,931.279804552491,52.5
10,32,real,0,0.20612962688496034,21.628209963441872,2449.1297551152406,7.5,1103.5755239097634,65.08333333333333,1015.36506909291,57.416666666666664
10,32,phi-0.60,0,0.011241595263001824,1.0,2373.9882219943206,7.25,1106.0208184141047,67.33333333333333,1026.1805228335631,60.083333333333336
10,32,phi-0.60,1,0.012862830309357403,1.0,2426.50812395995,7.416666666666667,1102.8080195779603,66.0,1020.6454617488706,58.25
10,32,phi-0.60,2,0.004106669360011746,1.0,2634.476652113544,7.416666666666667,1100.2817055349815,64.75,1029.595745111657,59.75
10,32,phi-0.30,0,0.004414478489987087,1.0,2511.6594198813746,7.416666666666667,1102.9687363474375,67.08333333333333,1021.1081701363624,59.166666666666664
10,32,phi-0.30,1,-0.004034583678197751,1.0,2167.7036710189373,7.416666666666667,1099.3498459290133,66.83333333333333,1035.99811136328,58.666666666666664
10,32,phi-0.30,2,-0.00030285095215463613,1.0,2317.1661119132896,7.25,1101.6929082097663,66.58333333333333,1031.8925388309656,59.75
10,32,phi+0.00,0,-0.002140454619677244,1.0,2310.7405799395606,7.583333333333333,1108.9645563895242,65.83333333333333,1017.9194173913016,58.75
10,32,phi+0.00,1,0.001927912257505215,1.0,2269.3331269708997,6.916666666666667,1093.580131115972,65.33333333333333,1030.104013697449,59.833333333333336
10,32,phi+0.00,2,-0.0014189441246240625,1.0644940011576551,2243.2510832086487,7.166666666666667,1100.6697759667184,66.58333333333333,1030.3322691373048,59.75
10,32,phi+0.30,0,-0.002515989698930015,1.3456580287760684,2549.9287134447154,7.666666666666667,1115.807952450115,66.33333333333333,1025.094628312685,57.75
10,32,phi+0.30,1,0.0016425990237376,1.4915820077294188,2556.889809143259,7.666666666666667,1114.0807542700925,67.58333333333333,1040.5930516725773,59.666666666666664
10,32,phi+0.30,2,0.003439528131066338,1.3282477952243292,2523.8459062264233,7.166666666666667,1092.618536331506,65.91666666666667,1030.2844018022452,60.0
10,32,phi+0.60,0,0.01783527251252184,3.577956725622821,2558.3975936461115,7.083333333333333,1101.0928306392696,65.58333333333333,1043.286267327046,59.083333333333336
10,32,phi+0.60,1,0.023728450326588966,3.080457694732092,2093.8204133807444,7.166666666666667,1094.2139882873487,64.58333333333333,1030.5095908052792,59.25
10,32,phi+0.60,2,0.020490051407203044,3.043631661087808,2596.1596215103914,7.25,1134.7718045173094,67.0,1052.7473923417167,60.083333333333336
10,32,phi+0.90,0,0.05100130348940184,6.7741008706509245,2728.941300386208,7.5,1118.7751068989235,66.25,1029.2078168678936,58.833333333333336
10,32,phi+0.90,1,0.1414288311984912,15.374315997337229,2377.6767309304987,7.166666666666667,1108.0428180371482,65.25,1036.9794091375077,57.75
10,32,phi+0.90,2,0.16001568251641576,11.819748383338393,2593.408502828911,7.5,1164.818818393095,65.16666666666667,1057.423980565227,57.416666666666664
10,32,phi+0.99,0,0.4754530042914342,41.61280000621913,1889.3748348092838,6.833333333333333,1062.9983798433536,62.416666666666664,999.3919438553806,56.5
10,32,phi+0.99,1,0.5058121357688138,44.98852817909055,1688.2155991334391,6.666666666666667,1044.3760110647938,62.25,987.8736365925296,56.583333333333336
10,32,phi+0.99,2,0.6955655937537651,64.63344027156194,3325.7465117669703,7.083333333333333,1358.2398160873458,63.25,1150.700714648143,56.583333333333336
10,32,sorted,0,0.8599838305829423,95.46761210455668,1684.6188134300792,6.583333333333333,1009.819793471648,59.083333333333336,965.9434593186944,54.833333333333336
10,35,real,0,0.2929419435704638,30.83817979279234,1924.357745019517,7.166666666666667,1086.3166877941637,63.083333333333336,980.6752754633336,54.75
10,35,phi-0.60,0,0.008346687924793332,1.0,2182.740502157919,7.083333333333333,1113.880393844304,65.66666666666667,1003.5611912843016,56.25
10,35,phi-0.60,1,0.011307811115656674,1.0,3773.9560767815165,7.333333333333333,1133.2114678390403,65.91666666666667,1013.4462159924205,56.583333333333336
10,35,phi-0.60,2,0.008449416537653152,1.0,2274.1666218236696,7.25,1103.003101256876,64.91666666666667,1006.1943675376851,56.5
10,35,phi-0.30,0,0.004925928650495484,1.0,2002.8813967714761,7.083333333333333,1109.780523161487,65.16666666666667,987.4847843954794,55.666666666666664
10,35,phi-0.30,1,0.0004696778204128699,1.0,2439.4709983159564,7.666666666666667,1139.6055641241348,65.5,1000.8020998946708,57.166666666666664
10,35,phi-0.30,2,0.0021020831321040072,1.0,2273.979818510996,7.666666666666667,1114.2126768327992,64.91666666666667,1004.367585491225,56.75
10,35,phi+0.00,0,-0.005153298394176291,1.0,2683.0286125217954,7.25,1136.7878262080842,66.5,1019.6652328475466,57.916666666666664
10,35,phi+0.00,1,-0.007705706426462838,1.0563415795083368,2945.9485652883327,7.583333333333333,1117.9262114798307,64.66666666666667,1026.828471673092,56.666666666666664
10,35,phi+0.00,2,0.00496679118886099,1.0,2643.7949743406157,7.75,1135.2468332794033,66.58333333333333,1021.8463835961626,58.0
10,35,phi+0.30,0,0.00342854106756289,1.4115363045574876,2190.731954199026,7.666666666666667,1089.990956629688,62.583333333333336,987.0954545734133,54.916666666666664
10,35,phi+0.30,1,0.011609743198941362,2.2466545968138005,2243.182810301902,7.0,1116.2154926881828,65.75,997.380703795945,55.166666666666664
10,35,phi+0.30,2,0.0014474702017860015,1.7542343813965968,2328.460038795933,7.333333333333333,1137.1543736849853,67.33333333333333,985.9059528741627,56.333333333333336
10,35,phi+0.60,0,0.023964263191286077,3.5291968929829465,2261.9941407166357,7.166666666666667,1113.088200466704,64.58333333333333,993.6132860829948,55.5
10,35,phi+0.60,1,0.020306253498158004,2.705092542971843,2742.7394469006244,7.666666666666667,1123.6190720145175,65.33333333333333,1015.60982068449,56.75
10,35,phi+0.60,2,0.013354233483978536,3.018337399346581,2556.352329060548,7.083333333333333,1115.3632139670906,64.41666666666667,1009.6712861909449,57.833333333333336
10,35,phi+0.90,0,0.24537246642327176,16.983829422243268,2141.2366758714884,6.666666666666667,1088.5762821425326,63.166666666666664,993.5278399996323,56.0
10,35,phi+0.90,1,0.07659820668247798,8.51192793179441,1839.184900874324,7.083333333333333,1084.8979077549388,64.08333333333333,974.7985151873098,54.5
10,35,phi+0.90,2,0.1679325635126326,12.240020224832891,2500.042586933141,7.0,1134.3348195194696,65.25,985.4002848854758,54.25
10,35,phi+0.99,0,0.4658409302480493,40.4175778895551,1889.293461994215,6.666666666666667,1080.3521149469104,63.666666666666664,998.4214529538068,56.5
10,35,phi+0.99,1,0.5500078406402348,54.23746593726724,2027.4938382895734,6.916666666666667,1085.4659799698352,61.5,995.4061892251276,53.75
10,35,phi+0.99,2,0.35867800087166773,26.179795224274688,2687.357104124627,6.75,1139.7873202567787,62.833333333333336,1019.481664105948,55.0
10,35,sorted,0,0.6697291389764491,71.52262921384795,1684.7378558187618,6.666666666666667,1012.0027960659959,60.083333333333336,933.2887760236949,52.166666666666664
10,33,real,0,0.010431547299217437,1.0,2101.6276168618156,6.0,1084.1907902846249,50.833333333333336,941.2769205885257,50.666666666666664
10,33,phi-0.60,0,0.0038251001812039703,1.0,2178.2959127836643,6.0,1084.9133467028716,51.25,945.8798626376921,49.416666666666664
10,33,phi-0.60,1,0.0035435616559690085,1.0,2143.9198185235996,6.0,1090.8099882412484,51.333333333333336,947.7946144041048,50.0
10,33,phi-0.60,2,0.0016437476826923266,1.0,2025.2390557784347,6.0,1067.1697330192628,51.833333333333336,942.3404438923203,50.5
10,33,phi-0.30,0,0.005387696103463955,1.0,2104.949742150346,6.0,1073.8575851123833,51.833333333333336,936.9704652922529,49.083333333333336
10,33,phi-0.30,1,0.003790407553601486,1.0,2213.3975662256707,6.0,1067.698357136931,50.25,943.5698225066558,50.416666666666664
10,33,phi-0.30,2,-0.0024626887277200294,1.0,2099.087991427681,6.0,1083.7823099755174,52.25,947.761322186494,51.583333333333336
10,33,phi+0.00,0,0.0013159523206540775,1.0,2111.0141161085476,6.0,1069.034057704457,51.5,946.8740947152872,49.166666666666664
10,33,phi+0.00,1,-0.0022481084014380126,1.0,2107.5409562776026,6.0,1069.8237445961352,51.333333333333336,948.5089373759347,49.5
10,33,phi+0.00,2,0.0038202460686999166,1.0,2020.526063180573,6.0,1070.5907160482816,51.083333333333336,941.3411730261338,49.333333333333336
10,33,phi+0.30,0,-0.00615638280727322,1.3785826785790274,2154.6628530706193,6.0,1089.1418860479996,51.5,956.0667374879722,50.25
10,33,phi+0.30,1,-0.001368800198130649,1.3650605488228895,2154.7959669881175,6.0,1073.3067230985848,49.833333333333336,945.2398095483736,50.083333333333336
10,33,phi+0.30,2,0.008067880045774228,1.5676275177294434,2086.179598899518,6.0,1079.1856078180565,51.75,934.1652365949482,49.0
10,33,phi+0.60,0,0.017661605105986643,2.745145654294963,2105.952879663071,6.0,1095.4248223232605,50.666666666666664,945.8247262613742,49.583333333333336
10,33,phi+0.60,1,0.0003973829132698365,2.1630394341240224,2147.6791791558303,6.0,1075.0088718538768,50.333333333333336,957.1390630095192,51.25
10,33,phi+0.60,2,0.015528365428471023,3.1441188667323408,2102.747694870579,6.0,1087.1580792658897,51.666666666666664,945.4639420084413,50.0
10,33,phi+0.90,0,0.04918878028376851,5.331717119439551,2106.9225896882176,6.0,1084.8843651623977,52.333333333333336,949.5875972811181,49.833333333333336
10,33,phi+0.90,1,0.11233164680852377,8.284552321318976,2061.4662699963997,6.0,1105.09610616557,50.5,942.0543315536055,50.083333333333336
10,33,phi+0.90,2,0.15262777622487383,11.384137957445073,1939.1114603772912,6.0,1055.7368555402688,50.75,937.7918054946186,49.333333333333336
10,33,phi+0.99,0,0.6099843978767855,63.205255487465024,2035.4233931543658,6.0,1090.3467949239587,51.0,935.5463698488533,48.5
10,33,phi+0.99,1,0.49007411329730144,50.15129945715819,1983.816555739528,6.0,1095.832026067501,50.166666666666664,941.8074711181981,49.0
10,33,phi+0.99,2,0.3909774065270995,26.583324392473997,2168.2652014447176,6.0,1078.3149009266938,51.166666666666664,936.9358515558279,49.583333333333336
10,33,sorted,0,0.9157932000959714,101.73769452195346,1801.8360599950129,6.0,1032.3611542524793,50.666666666666664,940.3444847598115,50.333333333333336
10,36,real,0,0.023199148063010162,3.4691636973121844,1742.344872824753,12.0,1041.298619914558,62.333333333333336,1003.6664748321379,60.666666666666664
10,36,phi-0.60,0,-0.003993380949357246,1.0,1817.5178379497156,12.333333333333334,1056.550797005668,64.91666666666667,1010.048611297817,59.416666666666664
10,36,phi-0.60,1,-0.0034772174668877835,1.0,2392.858620894313,12.666666666666666,1082.0304878188447,66.0,1010.4932031054759,61.416666666666664
10,36,phi-0.60,2,-0.005291340113607468,1.0,2075.6053941136574,11.916666666666666,1025.5746921629468,61.666666666666664,1007.6564599528932,60.416666666666664
10,36,phi-0.30,0,0.00801004972252938,1.0,2000.0014023390193,12.0,1043.229133049892,63.416666666666664,1009.7313255551011,60.5
10,36,phi-0.30,1,-0.0007515434718258319,1.0,1968.4305290476802,11.583333333333334,1058.0762095834764,64.33333333333333,1002.4592632187337,60.416666666666664
10,36,phi-0.30,2,0.0011574264118431063,1.0,2393.6671385778673,11.916666666666666,1047.7379906501162,62.416666666666664,1008.2313453166075,60.666666666666664
10,36,phi+0.00,0,0.004116675420696731,1.0,2062.1364839612083,11.666666666666666,1064.0028861837966,64.25,1004.0065569522527,59.916666666666664
10,36,phi+0.00,1,-0.00664745242783645,1.0,1914.1680221946074,11.75,1049.8802543452682,62.833333333333336,993.354855101595,58.75
10,36,phi+0.00,2,0.015334106598670037,1.0,2202.8478198027587,12.25,1156.2536833543302,64.5,1051.9261522597244,60.333333333333336
10,36,phi+0.30,0,-0.003775695324118328,1.0939001278111786,2193.8054517135033,12.416666666666666,1053.899580445025,64.0,1030.8139530678789,61.416666666666664
10,36,phi+0.30,1,0.0064912125714772905,1.635102790619603,2017.7075990188796,12.0,1053.3591826659285,63.416666666666664,996.2341928727695,58.666666666666664
10,36,phi+0.30,2,0.005903820124872172,1.3678456126138432,2096.3927755326426,11.916666666666666,1053.1352963900206,64.33333333333333,1009.8056805702223,60.0
10,36,phi+0.60,0,0.009646439095301539,1.864734260811166,2331.6755600506526,12.083333333333334,1064.3283301010072,63.25,1008.4190723168085,60.333333333333336
10,36,phi+0.60,1,0.002501143188830805,1.3419705708103022,2182.0543155963646,12.166666666666666,1060.153375961778,64.33333333333333,995.7618128208279,58.833333333333336
10,36,phi+0.60,2,-0.004519900324816717,1.5604158894517717,2434.2451035971035,12.416666666666666,1071.0069743200168,64.41666666666667,1022.842607630399,60.666666666666664
10,36,phi+0.90,0,0.08615492112212665,6.842365185521243,1958.1584707485656,11.833333333333334,1028.4232447506104,60.833333333333336,983.737314554929,58.416666666666664
10,36,phi+0.90,1,0.01989579216526445,3.164659521839215,1874.647828198873,11.833333333333334,1064.8486125838103,63.25,1008.4838949615669,58.583333333333336
10,36,phi+0.90,2,0.021752072824688974,3.501751681476376,1816.1313801087026,12.25,1057.943300661778,64.0,1007.0524458257415,60.25
10,36,phi+0.99,0,0.11993429319212655,9.575165127494223,1732.9762502618958,12.0,1018.662050502334,61.166666666666664,982.8764488694077,58.75
10,36,phi+0.99,1,0.1347691455474378,10.556080562894264,2515.2519478823965,12.083333333333334,1066.8939501760367,62.75,1007.0580460090847,59.416666666666664
10,36,phi+0.99,2,0.22972478976093288,16.086505526098094,2532.164731642585,12.833333333333334,1061.176396574958,63.083333333333336,1005.9310097978605,59.416666666666664
10,36,sorted,0,0.26562492316500014,21.032393787117897,1732.4384951789468,12.083333333333334,1009.7471611678947,60.25,960.0859271585022,56.666666666666664
10,37,real,0,0.19171680126433446,14.500218010838513,1766.6957409508661,9.666666666666666,992.895632359534,57.833333333333336,918.4055378385759,53.0
10,37,phi-0.60,0,0.004203400909602497,1.0,1938.3297529493736,10.833333333333334,1005.6767747003269,60.166666666666664,948.4123592920955,55.333333333333336
10,37,phi-0.60,1,0.00018880601817933615,1.0,1723.5798803234363,10.25,995.2888679351776,59.333333333333336,940.3720663624757,54.25
10,37,phi-0.60,2,-0.0014878130853748256,1.0,2203.7687096118834,10.583333333333334,1001.4039735616369,59.666666666666664,936.2042686349909,53.75
10,37,phi-0.30,0,0.0017145460649145138,1.0,1762.3177979887978,10.166666666666666,989.0687033191831,58.333333333333336,939.499325507275,55.166666666666664
10,37,phi-0.30,1,0.008147207980141872,1.0,1717.7152540669597,10.5,993.9440426605532,58.833333333333336,925.8501504695041,54.166666666666664
10,37,phi-0.30,2,-0.0035904115825898778,1.0,1828.5796255529829,10.416666666666666,1013.2160721249417,60.5,938.972177621806,54.833333333333336
10,37,phi+0.00,0,0.005842385897320988,1.0,1587.8794436463304,10.083333333333334,987.5297793689432,58.583333333333336,930.1540461486755,53.5
10,37,phi+0.00,1,0.009086011989074631,1.0078903628524305,1788.4171051624917,9.75,1004.9267408191614,59.75,928.7411947997219,53.75
10,37,phi+0.00,2,-0.009079606658193958,1.104772603379239,1919.3180490867137,10.833333333333334,995.34624978048,58.916666666666664,921.662708738656,53.583333333333336
10,37,phi+0.30,0,0.0010686594782246164,1.357017797867087,1788.3439369258087,9.916666666666666,1000.2604383367965,59.166666666666664,937.9554257962808,54.583333333333336
10,37,phi+0.30,1,-0.0032827381699032008,1.3987111007815836,1821.1638845463842,10.5,991.762762869187,58.833333333333336,929.1864713982536,53.75
10,37,phi+0.30,2,-0.0027075637665763485,1.0535329775144076,1686.2319186348784,10.25,983.4924781545145,57.5,934.0390337758237,54.083333333333336
10,37,phi+0.60,0,-0.010041195357934123,1.3950513332034706,1644.9385186210554,10.166666666666666,988.1881330699989,58.75,942.7174621039313,55.25
10,37,phi+0.60,1,0.008007776884550673,1.9825639537308501,1844.3177081497897,10.25,982.4866390086362,57.583333333333336,932.5669172845279,53.666666666666664
10,37,phi+0.60,2,0.004235860529166145,1.8407523739361575,1843.700106602414,10.0,986.3085111197674,58.333333333333336,924.9500970151406,53.75
10,37,phi+0.90,0,0.14327291578215703,10.878359684427709,1710.0263127526507,9.916666666666666,991.5493733567661,58.5,924.9998345535549,53.75
10,37,phi+0.90,1,0.1395244559567347,11.384762216268737,2214.9949480291884,10.083333333333334,998.0727887358099,58.5,915.3425274020724,53.25
10,37,phi+0.90,2,0.04869931258370076,4.210781629064792,1700.5666958985832,9.75,983.2966424408402,57.75,921.192150815347,52.916666666666664
10,37,phi+0.99,0,0.31445084296321957,22.689786492207432,1586.3634990063504,9.0,971.0043200050173,57.25,903.0894868134134,51.833333333333336
10,37,phi+0.99,1,0.20724833435318926,14.827245710088453,1588.8634990063504,9.25,981.8282398284742,58.333333333333336,909.6639771768804,52.75
10,37,phi+0.99,2,0.22240494115025175,15.636161217089464,1596.1279953076757,9.416666666666666,980.8141501266736,58.0,902.1308608553777,52.083333333333336
10,37,sorted,0,0.46278652585748775,29.851100277474007,1586.3634990063504,9.0,955.0604797323977,55.583333333333336,895.3540087485517,51.333333333333336
10,38,real,0,0.1348910060335885,15.274351344995324,1962.6524500435623,6.166666666666667,1121.4922467763438,61.25,973.9771773704911,53.083333333333336
10,38,phi-0.60,0,0.007612737330662641,1.0,2169.7303355075906,6.333333333333333,1113.5887921916112,59.083333333333336,1010.0442225495352,55.166666666666664
10,38,phi-0.60,1,0.010910236784238454,1.0,2081.2712694528695,6.333333333333333,1122.9525486287175,60.416666666666664,1000.3561134091252,54.5
10,38,phi-0.60,2,0.009522701414923864,1.0,2875.5586086432686,6.666666666666667,1115.9889838612035,59.083333333333336,1027.2531933865919,55.75
10,38,phi-0.30,0,-0.0009875381955299896,1.0,2449.076285478917,6.166666666666667,1142.8241828255243,61.25,993.8491901866637,54.416666666666664
10,38,phi-0.30,1,-0.0012014257604365001,1.0,1909.4868520479442,6.083333333333333,1126.3967938634305,61.166666666666664,1003.8881431770923,55.25
10,38,phi-0.30,2,0.0006896500755796405,1.0,1921.2345994326108,6.0,1129.1909033000572,59.333333333333336,989.1734504093112,54.166666666666664
10,38,phi+0.00,0,-0.0015915665904977327,1.0189937579751795,1992.8339967440472,6.083333333333333,1124.6131497947695,60.416666666666664,975.7712871286253,53.75
10,38,phi+0.00,1,0.004481648654652743,1.0,2028.4197662875051,6.166666666666667,1129.5754811911138,58.833333333333336,1004.5868280130454,55.416666666666664
10,38,phi+0.00,2,-0.0008745084017600182,1.0,2277.79462898821,6.083333333333333,1108.0132820909823,59.666666666666664,992.9288731696255,54.0
10,38,phi+0.30,0,0.001795361671362131,1.6993980620974019,2451.832682675699,6.25,1183.2120904318772,61.25,1009.2182856361197,56.083333333333336
10,38,phi+0.30,1,0.001631508987949286,1.7929861986540887,1930.0140206860667,6.166666666666667,1132.8631700825406,60.333333333333336,981.7147066286701,54.75
10,38,phi+0.30,2,-0.0030081102120152543,1.5822009899306888,2185.3593448737047,6.166666666666667,1095.6380442717293,59.666666666666664,1006.5497652973316,55.166666666666664
10,38,phi+0.60,0,0.0034158551089766556,3.4246396221865543,2298.178352178386,6.0,1130.1396150442026,60.083333333333336,980.4090114024865,54.416666666666664
10,38,phi+0.60,1,0.04707204596753651,4.1200304679758375,2038.3973236238335,6.083333333333333,1101.7516378033351,60.333333333333336,1001.412518075283,54.916666666666664
10,38,phi+0.60,2,0.03058974956636487,3.4747198757364988,2315.4082290096553,6.166666666666667,1131.432113668091,59.333333333333336,987.0222213406872,53.583333333333336
10,38,phi+0.90,0,0.34951588319428406,23.412555452977443,2490.2232421484696,6.083333333333333,1148.8101839903,60.583333333333336,1010.8736575074167,54.833333333333336
10,38,phi+0.90,1,0.23307884661530393,17.023763570819145,2051.254081180166,6.0,1131.2729626391733,59.583333333333336,1010.2147439022182,54.0
10,38,phi+0.90,2,0.14363057075012825,11.638982367826394,2468.0917183277325,6.083333333333333,1184.9039018202684,61.25,1008.3700265981252,54.5
10,38,phi+0.99,0,0.6765047339988696,69.66174466468102,1933.9002596374921,6.083333333333333,1110.548761735164,57.666666666666664,1001.2894822046281,53.083333333333336
10,38,phi+0.99,1,0.6654704664197129,58.67331312462102,2065.924802953887,6.0,1173.0616689563344,58.333333333333336,1020.9431925260706,55.166666666666664
10,38,phi+0.99,2,0.6903356262379848,65.57869210386886,1892.045303144101,6.083333333333333,1101.77105301697,57.583333333333336,993.9239764001618,53.583333333333336
10,38,sorted,0,0.8691943048977996,97.2327673811298,1663.694487369254,6.166666666666667,1011.1117023039365,57.166666666666664,958.778320085802,53.166666666666664
10,39,real,0,0.002278373212634726,2.3132737943949966,2437.1229999943944,6.0,1109.1123489362956,60.166666666666664,976.6747914539555,54.583333333333336
10,39,phi-0.60,0,0.005012089550776768,1.0,2225.9148789419123,6.0,1100.4909942601655,59.916666666666664,973.3648925594343,53.333333333333336
10,39,phi-0.60,1,0.009803696642569745,1.0,2498.3791660665916,6.083333333333333,1101.054638860797,59.583333333333336,977.2349766143197,54.583333333333336
10,39,phi-0.60,2,0.007331010695008783,1.0,2278.2002521374357,6.0,1137.3323973291165,61.833333333333336,984.8623661490373,53.833333333333336
10,39,phi-0.30,0,0.0011688014614785612,1.0,2622.4799484738637,6.083333333333333,1092.0152265923055,59.416666666666664,987.3115781848597,55.083333333333336
10,39,phi-0.30,1,-0.0005988158558278954,1.0,2885.519192282582,6.083333333333333,1086.3848218190262,59.25,988.7739805512856,54.083333333333336
10,39,phi-0.30,2,0.00044743191319579896,1.0,2202.5692836648873,6.0,1083.665328494016,59.666666666666664,985.2652060642469,52.916666666666664
10,39,phi+0.00,0,-0.0018994688786159038,1.0,2284.528737920266,6.0,1110.0866747825373,59.083333333333336,986.8115939885714,55.083333333333336
10,39,phi+0.00,1,0.002849213489522304,1.0376375347438676,2342.220761036155,6.0,1101.0158678754951,58.25,977.2077232268219,52.916666666666664
10,39,phi+0.00,2,-0.001685584810498401,1.0,2272.134595347245,6.0,1104.6493293092578,60.583333333333336,976.3596813216362,54.916666666666664
10,39,phi+0.30,0,-0.002182470071756822,1.5279006173861323,2591.3343730765337,6.0,1130.3157123085357,60.333333333333336,997.6677188637914,55.083333333333336
10,39,phi+0.30,1,0.0003052842102385852,2.02244681383805,2406.7173708698197,6.083333333333333,1117.0081148869638,59.5,990.9109314717647,54.0
10,39,phi+0.30,2,0.008125164304506575,2.132306677340629,2453.2539634521136,6.083333333333333,1128.0645714060563,61.916666666666664,985.8771909804074,54.333333333333336
10,39,phi+0.60,0,0.02007660297607728,3.259292432081663,2249.9824229094697,6.083333333333333,1099.352620907058,58.416666666666664,997.086927326027,55.166666666666664
10,39,phi+0.60,1,0.02145438491724853,3.3233793825164937,2671.347849407588,6.0,1105.431222021581,59.333333333333336,1013.4706828893867,55.833333333333336
10,39,phi+0.60,2,0.01769965795916624,4.171361621288415,2354.3683738146433,6.0,1131.288388960638,60.0,993.3185757127925,54.083333333333336
10,39,phi+0.90,0,0.26119398930721827,17.740810504109255,2846.67477777692,6.083333333333333,1150.6307394947428,58.083333333333336,1000.143551658097,54.666666666666664
10,39,phi+0.90,1,0.194882409430871,15.437626242427987,2265.7303807802373,6.0,1131.152940924121,58.833333333333336,983.5757182957219,53.333333333333336
10,39,phi+0.90,2,0.26510710325710635,21.29053045169462,2285.1232287062576,6.0,1128.5283362439684,60.5,991.0374286483342,54.666666666666664
10,39,phi+0.99,0,0.7492861840948689,80.10074277654448,3099.813979984688,6.083333333333333,1327.0571808906868,58.083333333333336,1040.000648395321,53.833333333333336
10,39,phi+0.99,1,0.6446396520920684,63.574034169166744,1895.5084999420017,6.083333333333333,1090.8283173731013,58.75,956.1490411923892,52.416666666666664
10,39,phi+0.99,2,0.535792382757762,43.91725156979585,2074.4336328710883,6.0,1167.23660632798,60.0,1015.4326771652591,54.916666666666664
10,39,sorted,0,0.9568294416160938,111.12473476968148,1676.9720262149815,6.0,1047.2372633586535,58.083333333333336,941.9077302324276,53.583333333333336
10,41,real,0,0.0001791093831830584,1.9879006257553655,1682.4125875894804,10.166666666666666,949.4812920338621,53.583333333333336,945.0710333431376,52.833333333333336
10,41,phi-0.60,0,-0.0030148490418369883,1.0,1842.0992202832358,9.916666666666666,954.8252331206248,53.916666666666664,948.7012424367522,53.166666666666664
10,41,phi-0.60,1,0.006255418603426371,1.0,1740.3392281092663,10.416666666666666,953.145810899619,53.833333333333336,954.2653657376968,53.583333333333336
10,41,phi-0.60,2,-0.003014849041836988,1.0,1679.079254256147,9.833333333333334,947.8746440719239,53.416666666666664,943.2648909001294,52.666666666666664
10,41,phi-0.30,0,-0.0030927504849576205,1.0,1682.4843186425367,9.916666666666666,952.3579176809191,53.833333333333336,943.3981148367557,52.583333333333336
10,41,phi-0.30,1,-0.0030927504849576205,1.0,1679.079254256147,9.833333333333334,946.9746266706475,53.25,946.3812068430938,53.0
10,41,phi-0.30,2,-0.0030927504849576205,1.0,1682.4653290440465,9.75,948.1924805436388,53.25,945.0116467758638,52.75
10,41,phi+0.00,0,0.005865911431723392,1.0,1685.039200648447,9.25,946.9862268165097,53.166666666666664,940.2980718805102,52.0
10,41,phi+0.00,1,-0.0030148490418369883,1.0,1683.5520008188462,9.75,950.3979176478603,53.666666666666664,946.9874004978707,52.916666666666664
10,41,phi+0.00,2,-0.0024072180826663755,1.0,1684.1750274363349,10.25,951.9119655607652,53.833333333333336,956.7385537883274,53.583333333333336
10,41,phi+0.30,0,-0.0030927504849576205,1.0,1914.7309791955743,9.916666666666666,958.2357101197613,53.75,948.0463702194505,52.75
10,41,phi+0.30,1,0.005476404357951517,1.0,2071.468450552276,10.083333333333334,968.071124753189,54.25,954.2811994470109,53.25
10,41,phi+0.30,2,-0.003014849041836988,1.0,1706.9267489614067,10.0,954.1475041440377,53.416666666666664,942.8829700105183,52.083333333333336
10,41,phi+0.60,0,-0.0030927504849576205,1.0,1740.8111195116226,10.166666666666666,952.0927275005969,53.75,946.4880886514896,52.833333333333336
10,41,phi+0.60,1,-0.0030927504849576205,1.0,1679.5090191705583,10.166666666666666,954.1352535557243,53.75,948.1488491043701,52.916666666666664
10,41,phi+0.60,2,-0.0030927504849576205,1.0,1726.436015369155,10.25,952.0288665597883,53.833333333333336,945.8572297546422,52.833333333333336
10,41,phi+0.90,0,-0.0014568205508872806,2.171542884422242,1683.2459209228136,10.25,951.0112348034855,53.666666666666664,948.2278892580853,53.166666666666664
10,41,phi+0.90,1,0.014123460643981288,2.567540037786422,1678.2459209228136,9.75,946.2563207750022,53.25,941.691237849077,52.5
10,41,phi+0.90,2,0.044816616418040356,1.5857735810427152,1764.943447081943,9.333333333333334,941.6496112634469,52.75,941.3412427834143,52.25
10,41,phi+0.99,0,0.013266544955385802,1.5405907548051736,1674.9125875894804,9.416666666666666,945.9968046381281,53.25,940.4838461917201,52.416666666666664
10,41,phi+0.99,1,0.02354953117548591,1.0,1673.2459209228136,9.25,940.5818017062084,52.75,940.5520208043108,52.416666666666664
10,41,phi+0.99,2,0.04567353210663585,3.6548300504292994,1664.9125875894804,8.416666666666666,937.8895064314657,52.416666666666664,932.1096434653526,51.583333333333336
10,41,sorted,0,0.03134926095361305,4.360842348617535,1664.9125875894804,8.416666666666666,932.8144427374674,51.916666666666664,935.4838461917201,51.916666666666664
10,42,real,0,-0.009761194353420082,1.9522092854510171,2183.5552278613004,10.333333333333334,974.528262028934,57.166666666666664,955.9018887825631,53.666666666666664
10,42,phi-0.60,0,0.00026293887106759213,1.0,1821.6882041396,11.25,982.3613906342265,57.833333333333336,948.7820658166688,53.583333333333336
10,42,phi-0.60,1,0.00960462280859711,1.0,1944.5887923169723,11.25,981.8690294648678,58.083333333333336,960.404871432901,53.833333333333336
10,42,phi-0.60,2,-0.006743324082079545,1.0,1985.1418924439397,11.666666666666666,973.714345533915,57.333333333333336,966.3859614087888,54.75
10,42,phi-0.30,0,-0.0009753698232227163,1.0,1951.0071190809097,11.083333333333334,988.1559683688378,58.5,966.34547130798,54.833333333333336
10,42,phi-0.30,1,-0.004175821651716151,1.0,2186.6303127362535,11.75,983.2311070796044,58.083333333333336,959.8935612119759,54.166666666666664
10,42,phi-0.30,2,-0.0015661225948107554,1.0,2034.1712200570719,11.416666666666666,983.3271861997522,57.916666666666664,960.3437967645401,54.083333333333336
10,42,phi+0.00,0,0.009604622808597103,1.1036160507048487,1963.9233730003025,10.833333333333334,978.158219160168,57.416666666666664,954.5258599168587,54.25
10,42,phi+0.00,1,0.004124741673248184,1.0,1945.3451639748555,11.75,985.539091247014,58.583333333333336,964.0282217150447,54.333333333333336
10,42,phi+0.00,2,0.002147992014472828,1.0,2233.8309588147863,11.833333333333334,986.2182106438017,58.25,963.272086554916,54.416666666666664
10,42,phi+0.30,0,-0.009015450126648925,1.2749371999801273,2008.9342907365528,11.583333333333334,980.8030114038907,57.583333333333336,952.3403057919095,53.75
10,42,phi+0.30,1,-0.0038382486393801294,1.0,2201.060395530976,11.5,989.3234007039079,58.75,964.7798163690446,54.333333333333336
10,42,phi+0.30,2,-0.006743324082079545,1.0358888421577597,1877.893638387781,11.083333333333334,983.7262499851812,58.0,965.43476700083,55.0
10,42,phi+0.60,0,-0.007425773369037704,1.2430546136374794,2157.1687744174387,11.25,984.6443661435706,57.916666666666664,961.7946996249872,54.75
10,42,phi+0.60,1,-0.0009047716211235961,1.5855863623047401,2046.8533272117913,11.416666666666666,988.9682689888864,58.333333333333336,967.8021990043231,54.416666666666664
10,42,phi+0.60,2,-0.004330813106899278,1.613573242715572,2224.7045400799593,12.0,994.0348589311157,58.416666666666664,974.3614399819572,55.166666666666664
10,42,phi+0.90,0,0.013107754285170678,3.254255311946422,1881.036109593183,10.333333333333334,976.1628884521016,57.166666666666664,966.74534436545,54.916666666666664
10,42,phi+0.90,1,0.1637424077778342,12.072606448662519,1961.1480802742433,10.0,963.4372390457735,56.333333333333336,956.5090678407801,53.75
10,42,phi+0.90,2,0.07499641037130371,7.189517300288119,1855.8162522648875,9.75,967.485956769478,56.5,949.7599700802862,53.416666666666664
10,42,phi+0.99,0,0.3318927186533654,22.073296207978732,2050.905857734912,8.333333333333334,1018.5742993253212,54.583333333333336,984.119993215338,52.416666666666664
10,42,phi+0.99,1,0.07266098938692134,7.060793016177929,1827.3136003082718,10.0,969.5550165210574,56.5,940.5307405405498,52.75
10,42,phi+0.99,2,0.3237187452080271,21.813548202185796,1789.1402442408391,8.5,955.8565105178176,54.583333333333336,931.4865653033075,51.416666666666664
10,42,sorted,0,0.3401275526177548,22.530820506139886,1765.5895885419022,8.166666666666666,937.1579467156809,54.166666666666664,923.2783054209108,51.25
10,44,real,0,0.21455006654295689,18.401381629555956,1747.9412981237344,6.416666666666667,1052.0583929811448,58.916666666666664,984.9299405289943,54.416666666666664
10,44,phi-0.60,0,-0.0029437605023110917,1.0,2303.0338347023253,6.75,1101.407468035235,62.666666666666664,1016.1134718822841,56.25
10,44,phi-0.60,1,0.00685191993369261,1.0,2921.0075532778924,7.416666666666667,1120.3949973303907,62.5,1027.6246064913316,55.916666666666664
10,44,phi-0.60,2,0.011784553365868077,1.0,2014.8180948117915,6.833333333333333,1102.3349772358479,62.583333333333336,1013.986158445672,55.583333333333336
10,44,phi-0.30,0,-0.004402175673067287,1.0,1957.276661949455,6.833333333333333,1101.7628566490805,62.166666666666664,1006.7141533596632,55.916666666666664
10,44,phi-0.30,1,-0.0004681250362424052,1.0,2072.517944559498,7.083333333333333,1104.5624954277366,62.833333333333336,1025.528978897202,56.25
10,44,phi-0.30,2,0.012002825486096177,1.0,2129.7660288766906,7.166666666666667,1110.0555346698018,63.416666666666664,1017.7701658708294,56.0
10,44,phi+0.00,0,-0.007138136326163989,1.0018028605546394,1920.2134633064204,7.0,1096.0627728291913,61.916666666666664,1029.3635167889781,57.0
10,44,phi+0.00,1,-0.0037511587635724116,1.1391897335981538,2180.103742415624,7.166666666666667,1078.276946929451,60.666666666666664,1018.294912989977,57.0
10,44,phi+0.00,2,-0.00762030495153237,1.0,2094.2881462501314,7.083333333333333,1110.1925554726183,61.083333333333336,1006.1327820495382,55.5
10,44,phi+0.30,0,0.009476732309765624,1.747797985439834,2351.229887086122,6.916666666666667,1107.0390819126171,62.916666666666664,1005.7741929066975,56.25
10,44,phi+0.30,1,0.014969131640807336,1.3906601590749856,1992.1633111195213,7.25,1119.077024865491,62.583333333333336,1004.3088770916947,55.833333333333336
10,44,phi+0.30,2,0.008673963843303177,1.7045518693848163,2232.3119186251165,7.0,1108.028654927235,62.916666666666664,1009.9872061828527,55.916666666666664
10,44,phi+0.60,0,0.02813993784684796,3.4783482201435656,2277.644539665139,7.25,1105.1060644551978,61.833333333333336,1013.2187297254981,56.666666666666664
10,44,phi+0.60,1,0.027047131907822267,3.3475735998390244,2073.034292394024,7.083333333333333,1104.356593007679,61.583333333333336,1019.8587072021409,56.666666666666664
10,44,phi+0.60,2,0.05950294511284502,4.035641069582008,2824.416256020318,7.5,1113.558648218929,62.166666666666664,1037.8361896556714,56.916666666666664
10,44,phi+0.90,0,0.14153750842355867,11.181208397853766,2020.2930404556664,6.916666666666667,1125.1933264703368,60.75,1021.0629631600781,55.416666666666664
10,44,phi+0.90,1,0.1255711475257119,10.123009600873054,2297.2356934255477,7.0,1103.2183907862438,60.0,1021.242850291545,56.25
10,44,phi+0.90,2,0.23813853901075915,17.133062207169473,2211.577685565477,6.5,1115.1152704242506,58.833333333333336,1016.2419217832645,55.583333333333336
10,44,phi+0.99,0,0.7230091197945971,70.36437032408129,1568.6957591367463,6.166666666666667,1020.5409126743298,58.0,969.700694607927,54.083333333333336
10,44,phi+0.99,1,0.6703051113590539,61.03862627529079,1838.8032257454088,6.416666666666667,1155.9696174296625,58.166666666666664,1003.3956874428237,53.083333333333336
10,44,phi+0.99,2,0.5510737298840627,50.65584217521153,3394.400044536334,6.833333333333333,1216.3290263167526,57.916666666666664,1051.018123957081,53.25
10,44,sorted,0,0.7146650894606552,71.9455618372576,1544.3659741895387,6.083333333333333,980.6038224630925,55.083333333333336,961.6583439295999,53.666666666666664
10,45,real,0,0.15610011557885348,19.234215942658313,2289.0089102538354,6.0,1126.520095179994,60.083333333333336,964.6918941614394,50.75
10,45,phi-0.60,0,0.005482881843122058,1.0,2482.0118512161685,6.083333333333333,1103.4770073402995,59.166666666666664,966.7383738345912,50.333333333333336
10,45,phi-0.60,1,0.005068468214679779,1.0,2339.0538171572593,6.0,1137.8585276273259,61.666666666666664,972.9628631915899,52.166666666666664
10,45,phi-0.60,2,0.010245145906570443,1.0,2296.179347533671,6.083333333333333,1118.5079460803152,60.333333333333336,970.6719115178088,49.5
10,45,phi-0.30,0,0.0014182957625705262,1.0,2277.462380070849,6.0,1122.3715708986344,59.333333333333336,990.6974684432294,51.916666666666664
10,45,phi-0.30,1,0.0044577482229482,1.0,2202.9964307694263,6.0,1102.1310258644169,59.75,963.3236653215804,51.583333333333336
10,45,phi-0.30,2,-0.0024158039918328353,1.0,2192.909734272084,6.0,1100.4266711733662,58.75,955.6185804037344,50.75
10,45,phi+0.00,0,-0.0002849058359395857,1.0,2131.5617127937116,6.0,1115.3842400747894,59.5,971.0555655809293,51.583333333333336
10,45,phi+0.00,1,0.0031389164683381272,1.0,2272.044375782611,6.0,1111.2567461601059,58.25,972.8719996336063,51.833333333333336
10,45,phi+0.00,2,0.0007976135741333152,1.0,2180.3682306526052,6.0,1095.9575983829318,59.333333333333336,963.6241657857763,50.833333333333336
10,45,phi+0.30,0,-0.010645167949784115,1.603554715850573,2452.7346788870323,6.0,1131.8901759144749,60.583333333333336,968.6163554602878,51.166666666666664
10,45,phi+0.30,1,-5.52546051760074e-05,1.878106527592717,2679.6760191732565,6.25,1123.2721264267147,60.833333333333336,986.8553325334111,51.0
10,45,phi+0.30,2,0.005101537991909725,1.768366860965954,2118.5454665017005,6.0,1115.346928727423,61.5,963.3510717174089,50.75
10,45,phi+0.60,0,0.02289290129789712,3.5623706778910225,2126.8950707400986,6.0,1127.1392217821165,60.333333333333336,959.9403798010363,51.0
10,45,phi+0.60,1,0.023688540881732743,3.3376312430570807,2262.699348155406,6.083333333333333,1107.862830018281,59.416666666666664,956.57303250309,50.333333333333336
10,45,phi+0.60,2,0.017461627584872456,3.593742087251047,2661.169053023838,6.0,1139.4947987986582,60.916666666666664,982.773336389887,51.833333333333336
10,45,phi+0.90,0,0.19176739314235558,14.429755880521684,2279.6867450048885,6.0,1119.3168527463379,59.333333333333336,988.5257955286232,52.666666666666664
10,45,phi+0.90,1,0.12213393713842259,11.640689469259145,2260.4654569197396,6.0,1098.3584742380303,58.5,964.9070853150462,50.666666666666664
10,45,phi+0.90,2,0.1894913357593166,14.256817959802717,2423.8479160455513,6.083333333333333,1099.907806448493,59.083333333333336,976.9075409899002,52.083333333333336
10,45,phi+0.99,0,0.7744290052222758,74.38541742877442,1878.4261536812098,6.0,1058.309803045783,59.0,953.0124780958216,51.0
10,45,phi+0.99,1,0.8113995621169311,86.93280276477454,2142.7780439552557,6.0,1101.6306761180174,56.916666666666664,943.4748030499976,49.083333333333336
10,45,phi+0.99,2,0.7051557897179537,70.73984700066129,1953.9942807974332,6.0,1088.4851055828444,58.333333333333336,959.3262389213475,50.666666666666664
10,45,sorted,0,0.8903502952226078,100.76914650889819,1747.8229219648113,6.0,1032.3869790371725,56.666666666666664,939.2198313673299,50.083333333333336
10,46,real,0,0.0009529583300740903,1.2129824996942635,2098.841813671978,5.916666666666667,1058.0752838171384,54.333333333333336,918.6300354268886,48.0
10,46,phi-0.60,0,0.007145830276948624,1.0,2270.68120652053,5.916666666666667,1070.790214956693,54.25,933.1322675141911,49.75
10,46,phi-0.60,1,0.011315479586770382,1.0,1939.428353754002,5.916666666666667,1050.4737399124292,53.666666666666664,946.4492511963239,49.5
10,46,phi-0.60,2,0.0085042165909265,1.0,1811.6642316604841,5.916666666666667,1063.2652572550608,54.25,926.8902402980112,50.0
10,46,phi-0.30,0,0.0006706218090290677,1.0,2135.658916881581,5.916666666666667,1061.8733803645034,54.916666666666664,930.5997047081822,49.583333333333336
10,46,phi-0.30,1,0.0019256738290603268,1.0,2109.093109199907,5.916666666666667,1049.3845494583036,53.083333333333336,925.5578462623927,48.833333333333336
10,46,phi-0.30,2,0.0035303809388844937,1.0,2164.841837386962,5.916666666666667,1067.1013369830646,55.166666666666664,930.0052252066531,50.083333333333336
10,46,phi+0.00,0,0.002103716024711595,1.0,2337.5505272720857,5.916666666666667,1045.437231006452,54.75,925.7967358264182,50.166666666666664
10,46,phi+0.00,1,-0.0014851724433150206,1.1225383443453494,1874.262117982801,5.916666666666667,1070.4425886839363,56.416666666666664,924.1406477597053,48.916666666666664
10,46,phi+0.00,2,-0.000658992653396667,1.0363132426123094,1943.9977334879632,5.916666666666667,1065.2698911651662,54.583333333333336,929.4975433621262,49.0
10,46,phi+0.30,0,-0.006525803010588296,1.7366927593601036,2004.6682704949144,5.916666666666667,1079.6747537193794,55.416666666666664,946.2765217265925,50.416666666666664
10,46,phi+0.30,1,0.003823917826812806,1.906332644683424,2150.7670164937585,5.916666666666667,1066.8538178481501,54.5,921.6695483990792,49.416666666666664
10,46,phi+0.30,2,0.0009762318197017111,1.770993753291665,2236.5164310270507,5.916666666666667,1070.9718005246643,54.916666666666664,918.0612899975031,48.75
10,46,phi+0.60,0,-0.005029812189187131,3.3432350508791746,1782.792056551327,5.916666666666667,1044.4944419493547,54.0,932.5991031652193,50.166666666666664
10,46,phi+0.60,1,0.007542730550685588,3.686776351789987,1758.941190843032,5.916666666666667,1028.1325512073633,52.583333333333336,924.0958066482975,49.416666666666664
10,46,phi+0.60,2,0.020358364889718785,3.6243823370798616,1872.0775161465847,5.916666666666667,1066.111948418316,54.0,933.5591344065629,47.833333333333336
10,46,phi+0.90,0,0.19376093219999635,14.650430353005893,1746.8578340912889,5.916666666666667,1039.0508564050672,54.416666666666664,915.1796919506723,48.583333333333336
10,46,phi+0.90,1,0.25777230897993103,20.104350269044446,2088.46498642547,5.916666666666667,1082.283631576849,55.083333333333336,937.2289324360294,49.333333333333336
10,46,phi+0.90,2,0.22599989368568757,15.984920019552469,2483.866059887581,5.916666666666667,1045.0479242246618,53.333333333333336,920.3656370255903,49.083333333333336
10,46,phi+0.99,0,0.8344237507115205,88.309666577385,2410.322099127791,5.916666666666667,1176.2510525951338,53.0,951.5570121433833,48.25
10,46,phi+0.99,1,0.6226535266163253,56.10846621224721,2290.936987315174,5.916666666666667,1164.8205906597943,53.666666666666664,949.7809684153309,48.0
10,46,phi+0.99,2,0.7890236890251362,77.11296631601792,1965.545967176663,5.916666666666667,1133.4134335889335,54.916666666666664,935.2899995040503,48.916666666666664
10,46,sorted,0,0.9074784491723342,103.59888978219458,1610.9131697021658,5.916666666666667,961.1398070220417,50.666666666666664,913.5590360233929,49.666666666666664
10,47,real,0,0.03255377492386112,2.7332376206116726,2161.411578958868,7.25,1077.3537832037434,58.166666666666664,970.0556122771692,52.416666666666664
10,47,phi-0.60,0,0.0032857516320764723,1.0,2226.916550161299,6.916666666666667,1096.4843915793806,59.25,997.2330890120746,53.75
10,47,phi-0.60,1,0.004759436535021306,1.0,2118.538608767115,7.083333333333333,1093.6034414003793,58.25,992.5261875413149,53.333333333333336
10,47,phi-0.60,2,0.008292637685416543,1.0,2325.1223490070483,7.0,1095.7374709175294,59.166666666666664,987.0343098255139,53.916666666666664
10,47,phi-0.30,0,0.0027079607668220418,1.0,2072.3148188253886,6.916666666666667,1120.4176119116266,59.25,981.4943547240613,54.083333333333336
10,47,phi-0.30,1,-0.0020969137132466724,1.0,1916.2836495424283,7.083333333333333,1091.7362813526245,58.833333333333336,992.635990957072,54.0
10,47,phi-0.30,2,-0.0005258142027447656,1.0,2008.5196769708582,6.916666666666667,1085.9748426705764,58.166666666666664,991.0675424006928,53.583333333333336
10,47,phi+0.00,0,-0.0031205626300679625,1.0,2163.6351371789283,7.166666666666667,1119.4190228055688,58.916666666666664,1002.8419268772374,53.833333333333336
10,47,phi+0.00,1,-0.004853938174234749,1.0,2212.387034230894,7.166666666666667,1111.2112437968087,60.583333333333336,989.9143425289564,54.5
10,47,phi+0.00,2,0.00023082874570284578,1.0,2002.1269748778095,7.083333333333333,1101.4949677881673,59.416666666666664,982.1537100336295,52.916666666666664
10,47,phi+0.30,0,0.013459662113351704,1.509615179360086,2249.765155710152,7.0,1110.3384534387121,58.916666666666664,998.0644421629271,53.583333333333336
10,47,phi+0.30,1,0.0010246080235327567,1.6201903113829101,2152.357364858282,7.083333333333333,1111.3152694765183,58.25,980.4670535883514,53.583333333333336
10,47,phi+0.30,2,0.005512927486619356,1.6914446762423467,2059.814363248694,7.25,1114.9104104687724,58.916666666666664,1002.1874849779973,54.75
10,47,phi+0.60,0,0.007731613229316094,2.6603615167835404,2102.6003861871486,7.083333333333333,1100.9352730137737,59.666666666666664,968.3016313506141,52.0
10,47,phi+0.60,1,0.021556296815980664,2.882440996455853,2256.8107765621576,7.083333333333333,1090.1415367220586,58.833333333333336,976.7303567235907,53.25
10,47,phi+0.60,2,0.00918893745844671,2.8865352434921174,2167.220215990497,7.083333333333333,1126.0454988873732,60.0,992.9306608322546,54.166666666666664
10,47,phi+0.90,0,0.08491776999199561,7.4232969679615755,2211.070844254233,7.166666666666667,1110.3923801745207,59.166666666666664,1002.7940590590724,54.0
10,47,phi+0.90,1,0.14513360214342808,11.168440261035267,2273.2315335072467,6.75,1138.0388907972613,57.916666666666664,991.3018454724578,52.75
10,47,phi+0.90,2,0.14447320128013288,11.168854203874604,1724.030905453633,6.666666666666667,1069.1085040171881,58.0,969.6405469878605,51.166666666666664
10,47,phi+0.99,0,0.41006983893352306,37.641095992764825,1933.3129564163346,6.916666666666667,1087.2572048741217,57.333333333333336,989.6065481264213,53.333333333333336
10,47,phi+0.99,1,0.46839428924757276,53.19453824104593,2145.2657574922287,6.833333333333333,1143.0819553526478,56.666666666666664,970.8938061404142,51.333333333333336
10,47,phi+0.99,2,0.5372790813705692,49.21545314663612,1846.7535988419575,6.666666666666667,1082.6104001179203,57.75,993.5331679150623,54.5
10,47,sorted,0,0.5670813499862475,58.715639428810036,1634.4104818929272,6.333333333333333,1011.7665507813875,54.166666666666664,935.7960545863939,50.333333333333336
10,49,real,0,0.4423841464838271,52.019413886684106,1501.8837789641714,6.833333333333333,1019.8720021744783,62.5,1006.6420202178747,59.666666666666664
10,49,phi-0.60,0,0.0064300980206854555,1.0,2102.359919914854,7.083333333333333,1054.796845323647,64.25,1074.6261461595143,64.33333333333333
10,49,phi-0.60,1,0.009198417867950125,1.0,1758.9599206605733,7.5,1058.402873266369,64.66666666666667,1057.5312552283851,63.583333333333336
10,49,phi-0.60,2,0.003991702292081806,1.0,1941.9453863538522,7.5,1064.1956516073956,64.91666666666667,1068.680520374609,63.166666666666664
10,49,phi-0.30,0,0.006138861857607047,1.0,2788.847523983139,7.916666666666667,1068.7368477842617,65.33333333333333,1061.9954208595138,63.583333333333336
10,49,phi-0.30,1,-0.00024990514025892034,1.0,2503.6043584238,7.75,1064.1899862541084,65.66666666666667,1058.263215516093,63.166666666666664
10,49,phi-0.30,2,0.002366013600886118,1.0,2156.8406312893153,7.666666666666667,1040.1849453136565,63.75,1059.4660674114696,62.416666666666664
10,49,phi+0.00,0,-0.0091671457008463,1.0461331268678344,2376.9991303299744,7.666666666666667,1060.0004966405234,63.833333333333336,1055.8364593334375,62.916666666666664
10,49,phi+0.00,1,-0.003813341930419063,1.0,2254.5660329825605,7.5,1062.3229830415714,64.41666666666667,1082.7514205585694,64.25
10,49,phi+0.00,2,-0.0012911625751220962,1.0,2265.5043031659584,7.75,1061.7775187762372,65.41666666666667,1055.0956537744007,62.5
10,49,phi+0.30,0,-0.01333953882082868,1.2666687537405397,2205.602752928621,7.5,1061.2142014925419,65.0,1060.9999089283301,63.083333333333336
10,49,phi+0.30,1,0.004051579647527829,1.2640799634361648,1898.7779343635736,7.5,1047.2033363409985,63.666666666666664,1041.130343841866,62.5
10,49,phi+0.30,2,-0.0008192251726003827,1.4932611314728288,2503.002054876779,7.833333333333333,1074.6783820984278,66.0,1043.7277346130234,62.0
10,49,phi+0.60,0,0.018278575511226622,2.3227419628134776,2063.0209606178496,7.666666666666667,1059.677496628365,65.25,1070.8802718803447,63.75
10,49,phi+0.60,1,0.010100221443612096,3.138643832324134,2037.105005576161,8.0,1062.5110392704316,65.16666666666667,1061.8473317800788,63.083333333333336
10,49,phi+0.60,2,0.0010944665314958218,2.297580227592128,2014.8642339122653,7.75,1063.5025901524168,64.41666666666667,1068.1929924630065,62.166666666666664
10,49,phi+0.90,0,0.11881399177147632,10.20671560293196,1838.8708627099675,7.083333333333333,1052.6336717438423,63.0,1050.2641902989708,60.166666666666664
10,49,phi+0.90,1,0.18978290507279308,14.81723618283613,1868.5132798593559,7.25,1035.1513994997874,62.416666666666664,1029.8837968996315,61.583333333333336
10,49,phi+0.90,2,0.12748870945320556,10.102645807956083,3310.893819980221,7.5,1244.0426201143962,63.75,1180.511424393236,63.5
10,49,phi+0.99,0,0.7846965029606108,80.84456817879864,1516.9387084065636,6.5,990.6946947057824,59.416666666666664,993.4242648647883,57.75
10,49,phi+0.99,1,0.6063682273164774,48.26671620366203,1728.648584761511,7.166666666666667,1055.4063104491108,62.0,1047.4136307442761,59.75
10,49,phi+0.99,2,0.7577062165374111,74.9519441499401,2185.415838981256,7.166666666666667,1222.3148944321854,62.083333333333336,1097.854668412179,58.75
10,49,sorted,0,0.8324944138944929,87.1473343192903,1499.3837789641714,6.583333333333333,967.9031164864881,57.5,973.134809985485,55.916666666666664
10,48,real,0,-0.007319309517505969,1.3329840569638738,2463.965834517599,6.0,1089.7673215732295,60.0,989.0257983246678,55.083333333333336
10,48,phi-0.60,0,0.008623135926438727,1.0,2260.305339785345,6.0,1109.4719618710926,60.0,1003.8957659333846,55.583333333333336
10,48,phi-0.60,1,0.0033480651285043624,1.0,2203.2132282430616,6.0,1099.3144694412292,59.75,992.8741131218634,56.0
10,48,phi-0.60,2,0.006664809534079353,1.0,2229.0947209197166,6.0,1098.9814151382982,58.083333333333336,999.5692224301437,54.5
10,48,phi-0.30,0,0.0019898553445074716,1.0,2228.712607264579,6.0,1107.442105219403,59.75,1015.6617777452396,56.083333333333336
10,48,phi-0.30,1,0.0010671222666019796,1.0,2203.4432806404297,6.0,1097.3370608684002,60.583333333333336,1000.6498030527993,54.416666666666664
10,48,phi-0.30,2,-0.00549827559002526,1.0,2403.7185600997213,6.0,1098.3041906174915,59.916666666666664,1002.6662562833934,55.833333333333336
10,48,phi+0.00,0,-0.0023844158532270138,1.0027787429542119,2490.3149705740834,6.0,1093.8503877738524,57.583333333333336,1017.311497165259,56.0
10,48,phi+0.00,1,0.0005284332777630655,1.089213845609818,2361.144616886989,6.0,1097.337249993792,58.833333333333336,1017.6506625587075,56.416666666666664
10,48,phi+0.00,2,-0.00388220862350852,1.0236362308769174,2441.322816074277,6.0,1093.5237250504213,59.916666666666664,1007.6855564462526,54.916666666666664
10,48,phi+0.30,0,-0.0033282494919631795,1.453934772537289,2231.52946483056,6.0,1106.811707927074,59.666666666666664,1002.055452467422,54.416666666666664
10,48,phi+0.30,1,-1.4003837012879484e-05,1.4159408987499145,2299.171789809739,6.0,1109.9308076321897,59.916666666666664,1012.9118485556484,55.416666666666664
10,48,phi+0.30,2,0.0088160255927167,1.5408391243919386,2599.1732388863597,6.0,1097.7774637812477,59.666666666666664,985.5363642709762,54.083333333333336
10,48,phi+0.60,0,-0.0009704006386120776,2.9893180203196215,2462.978212452357,6.0,1125.2412263653007,59.5,1009.5043039687985,55.75
10,48,phi+0.60,1,0.013492020928382203,2.858392564392655,2254.291008109303,6.0,1097.2451232857495,60.083333333333336,997.3122327786826,54.75
10,48,phi+0.60,2,0.006999156249610477,2.620875991334114,2573.268372473101,6.0,1098.0213846234672,60.25,1011.509311310948,55.0
10,48,phi+0.90,0,0.262412907707215,22.895409590104947,2929.6410862994167,6.0,1170.1697909970928,59.083333333333336,1035.3530244978103,56.583333333333336
10,48,phi+0.90,1,0.13823832833023678,11.193387067083398,2233.6711211926827,6.0,1113.9683423762278,59.833333333333336,1005.2057746875547,56.0
10,48,phi+0.90,2,0.10727339413066991,8.829095601704974,2305.1488283376166,6.0,1129.6164745191384,60.166666666666664,1026.0135604640463,55.5
10,48,phi+0.99,0,0.692578866394538,70.093831490266,3073.756608647009,6.0,1335.736884977546,58.583333333333336,1093.5443825072325,56.416666666666664
10,48,phi+0.99,1,0.5270023490976309,53.85882343873618,2690.20386015954,6.0,1144.639826810847,58.416666666666664,1008.3896226337325,54.75
10,48,phi+0.99,2,0.6602788358542526,68.21816723905826,2419.6050472902293,6.0,1126.151514237516,58.083333333333336,1013.5893378074876,55.416666666666664
10,48,sorted,0,0.9647742270475448,112.94210443712585,1815.2698804706063,6.0,1037.8489949157104,57.666666666666664,958.7428325653678,54.666666666666664
10,50,real,0,0.361573658090797,33.121127189400376,2019.5506382319554,9.0,1133.7624045757304,63.75,1062.163829669877,60.333333333333336
10,50,phi-0.60,0,0.0005967521928747317,1.0,2029.690633809116,9.083333333333334,1071.8278235771302,63.666666666666664,1060.0828340594126,63.666666666666664
10,50,phi-0.60,1,0.0017918642158383288,1.0,1998.0671598700467,9.0,1088.0183446068947,64.08333333333333,1052.0800418978586,63.833333333333336
10,50,phi-0.60,2,0.0038820098964927803,1.0,1945.9797912333415,9.0,1064.9961251263833,63.166666666666664,1047.2468377139896,63.666666666666664
10,50,phi-0.30,0,9.62083681051172e-05,1.0,2445.9955210206886,9.166666666666666,1087.5959461969394,63.833333333333336,1052.3034343904503,63.0
10,50,phi-0.30,1,-0.00458659930238086,1.0,2549.4131393829175,9.416666666666666,1076.1686437335743,63.583333333333336,1058.91170180223,64.41666666666667
10,50,phi-0.30,2,0.0013644598891094594,1.0,2245.1278880814057,9.333333333333334,1089.274045707242,64.75,1066.2141991624433,63.25
10,50,phi+0.00,0,0.0022565260826056424,1.1946226156762272,2718.394609463199,9.083333333333334,1088.7713036561652,63.0,1073.0451891839602,63.916666666666664
10,50,phi+0.00,1,-0.002080018725356623,1.0763806978105037,2330.143737512207,9.5,1077.2522670169099,63.833333333333336,1053.0975243080304,63.916666666666664
10,50,phi+0.00,2,0.0025435875188535182,1.1364651341944763,2566.1676926313376,9.416666666666666,1078.349792426415,63.75,1060.7026789366312,64.08333333333333
10,50,phi+0.30,0,-0.009614327246666865,1.3471302785940835,2239.9593297079255,9.166666666666666,1072.5828507585195,63.0,1050.7396284065187,62.416666666666664
10,50,phi+0.30,1,-0.0013093191920329956,1.3635033441319007,1827.3098888096176,9.083333333333334,1061.2589340425263,62.583333333333336,1057.770572391263,63.916666666666664
10,50,phi+0.30,2,-0.011161852567376004,1.380161934933394,2144.804458169939,9.083333333333334,1067.346643521871,62.916666666666664,1049.8173522868065,63.75
10,50,phi+0.60,0,0.0297098435487489,2.364743381843115,1792.6056709705692,8.916666666666666,1065.3754187414763,63.333333333333336,1041.336676670387,61.666666666666664
10,50,phi+0.60,1,0.013591279134146855,2.4033465076193616,2475.960366296255,9.5,1088.9754640242352,62.75,1060.0599095438267,62.916666666666664
10,50,phi+0.60,2,0.01199311544452687,1.9505232484590156,2371.079521986523,9.75,1090.0504399189488,64.33333333333333,1063.688012103319,63.833333333333336
10,50,phi+0.90,0,0.13694742989600128,10.896230360461193,1832.6343194214041,9.166666666666666,1077.6126816985206,61.166666666666664,1068.5275001888106,62.666666666666664
10,50,phi+0.90,1,0.17178283441755915,12.29525898372016,2034.7040342982018,9.25,1060.9144293801385,62.166666666666664,1057.9408076164589,63.583333333333336
10,50,phi+0.90,2,0.2085695726443768,14.955736686316897,2269.8310188032337,8.916666666666666,1078.6489931564531,60.916666666666664,1070.2770852063916,62.583333333333336
10,50,phi+0.99,0,0.5978923810104891,51.436930567893846,1569.8572655669068,9.333333333333334,1049.2075483592691,62.5,997.6141508640944,59.75
10,50,phi+0.99,1,0.5167735903040909,34.53655072842843,1976.7900080970455,8.416666666666666,1131.36820127569,61.916666666666664,1061.8046387320219,61.583333333333336
10,50,phi+0.99,2,0.27363695322264686,18.788513857675945,1938.1954666329223,8.25,1046.1756439946896,60.5,1010.7541652637065,60.333333333333336
10,50,sorted,0,0.6464651957946985,61.35552390610217,1546.3405055269475,7.583333333333333,998.4443868417994,57.75,976.5337716005969,57.25
10,52,real,0,0.07324537226182973,4.471292164252117,2012.4631015235211,7.666666666666667,1040.0175864500823,58.916666666666664,991.9738597375372,58.083333333333336
10,52,phi-0.60,0,-0.0007597407681702782,1.0,2303.7507416577823,8.166666666666666,1042.508695552716,58.75,984.3614482299344,56.166666666666664
10,52,phi-0.60,1,0.005941847563835201,1.0,2077.9279626193943,8.0,1050.5423762918451,59.333333333333336,998.4441605311787,58.166666666666664
10,52,phi-0.60,2,-0.003174638311172189,1.0,2088.7819950850967,8.333333333333334,1038.8825650445244,59.083333333333336,991.980363463787,57.333333333333336
10,52,phi-0.30,0,-0.0016651224174005041,1.0,2589.9158152339874,7.916666666666667,1057.833601715017,61.0,1002.2816888375734,57.916666666666664
10,52,phi-0.30,1,0.006092657974529163,1.0,2264.442882742774,7.75,1054.6552565833647,59.166666666666664,996.1557717887878,56.583333333333336
10,52,phi-0.30,2,-0.0026997212987009134,1.0,2470.1110983655894,8.083333333333334,1044.8857277921015,59.583333333333336,995.304617015507,57.75
10,52,phi+0.00,0,-0.0016555501722216744,1.0,2339.4250557289856,7.916666666666667,1032.7768048665116,57.916666666666664,1002.3548776709558,57.75
10,52,phi+0.00,1,0.0015323302189155553,1.0,1971.9560577854634,8.25,1062.123301117176,59.916666666666664,983.6374764351784,56.833333333333336
10,52,phi+0.00,2,-0.005554240449022372,1.0730396487344502,2284.442860841305,8.166666666666666,1047.7384522492584,60.833333333333336,990.460319719945,58.083333333333336
10,52,phi+0.30,0,0.0023067802972670053,1.3256759608524349,2411.7561169820697,8.166666666666666,1054.5632200543719,60.25,987.9369299387453,57.916666666666664
10,52,phi+0.30,1,-0.007800069083593164,1.2476374907062397,1731.0932213162998,7.75,1029.341523108904,58.75,977.7484293601096,56.75
10,52,phi+0.30,2,0.006512640139956675,1.4999559422796502,2597.543089043674,7.916666666666667,1070.9043103767333,59.333333333333336,1002.091951024339,57.5
10,52,phi+0.60,0,0.008667828388159961,1.8034063909348943,1960.6541973978183,7.916666666666667,1055.8188149978985,60.083333333333336,993.5853329966616,57.583333333333336
10,52,phi+0.60,1,0.005894065647682459,2.5297288718683886,2046.258431371619,8.083333333333334,1047.0806431797846,58.666666666666664,1012.3783480553492,58.833333333333336
10,52,phi+0.60,2,0.0013914526189840698,1.965108716390442,2630.842421540172,8.0,1103.6221078503388,61.5,1012.8367981121555,58.083333333333336
10,52,phi+0.90,0,0.07177758504163241,6.595179192048681,2363.4896938464485,8.0,1056.9369078661564,57.583333333333336,986.2178488619392,56.5
10,52,phi+0.90,1,0.057151563051806686,6.19451924299572,1860.0935083485863,7.75,1043.6206243439144,58.333333333333336,1015.8786907157196,59.166666666666664
10,52,phi+0.90,2,0.051824631741795274,6.104997151887409,2044.285525574456,7.666666666666667,1017.9968472208344,57.75,990.648082513561,57.833333333333336
10,52,phi+0.99,0,0.2745812591573439,27.172706974876643,1721.4711359248315,7.083333333333333,1016.6647155214467,55.916666666666664,978.801875850737,56.083333333333336
10,52,phi+0.99,1,0.37671138765687434,25.10260304750996,1651.0126820469334,7.0,1002.4548258859173,55.833333333333336,955.1480240846375,54.833333333333336
10,52,phi+0.99,2,0.5689028070256515,41.91677724874201,1644.3862486670148,7.25,988.3045786374141,55.75,943.9941097487676,54.333333333333336
10,52,sorted,0,0.6128001235989828,52.83793319231755,1602.6693258667074,6.833333333333333,963.3880315545167,54.083333333333336,931.253464254246,53.5
10,51,real,0,0.16455761750790987,20.301727064145677,1846.7470525349388,7.25,1094.8257786898248,65.58333333333333,994.5545790339847,57.25
10,51,phi-0.60,0,0.005171315268996036,1.0,2114.319483187851,7.75,1144.4656853525719,68.41666666666667,1027.3694837716325,59.416666666666664
10,51,phi-0.60,1,-0.004258035598292462,1.0,2519.059847208447,7.833333333333333,1134.2254474074327,68.41666666666667,1017.1081640230614,59.25
10,51,phi-0.60,2,0.006818934250598383,1.0,2210.6647843472674,7.416666666666667,1136.3531917791136,67.58333333333333,1005.4857463557106,57.083333333333336
10,51,phi-0.30,0,-0.0007497915128652466,1.0,2357.0265791406505,8.083333333333334,1138.3959892097175,68.91666666666667,1015.1085002650397,59.5
10,51,phi-0.30,1,-0.0016772892578130396,1.0,2557.127759578417,7.833333333333333,1153.6142187861826,69.0,1013.050293892286,58.75
10,51,phi-0.30,2,-0.001228645880652768,1.0,3324.3715883448695,8.083333333333334,1167.5311791732126,69.08333333333333,1009.8755937580654,58.0
10,51,phi+0.00,0,0.0003762024374101442,1.0,2037.6231385238962,7.833333333333333,1119.4570026459248,68.25,1021.0284713987791,59.0
10,51,phi+0.00,1,-0.00014676709313514165,1.1035052508421987,2463.1855724537454,7.916666666666667,1153.2651997111475,69.91666666666667,1024.1770175492009,59.0
10,51,phi+0.00,2,0.0013835602165835827,1.0,2420.3554890549626,7.833333333333333,1154.205525645224,69.5,1001.45268692114,57.416666666666664
10,51,phi+0.30,0,-0.00684163190434872,1.3944337170501817,2222.7913791403435,7.833333333333333,1134.8192721729408,67.83333333333333,1011.1514690815362,59.416666666666664
10,51,phi+0.30,1,-0.0038369819889607576,1.5353620669044319,2171.5439390009133,7.833333333333333,1150.4186885354604,67.58333333333333,1027.3740975788542,58.5
10,51,phi+0.30,2,-0.0054735382920546765,1.5764179830816376,3116.3636681169264,8.25,1180.8577544758361,71.0,1036.2779954629484,58.583333333333336
10,51,phi+0.60,0,-0.003167123165428277,1.9457792351907386,2178.1653426666635,7.833333333333333,1132.8377844747138,67.25,1026.1321235388211,58.416666666666664
10,51,phi+0.60,1,0.015270811311887454,2.2960359261851373,2196.5595860214776,7.666666666666667,1138.5422425509685,69.08333333333333,1014.0813217422486,58.083333333333336
10,51,phi+0.60,2,0.002451364545680279,2.3329968260489418,2098.6543412852675,8.25,1149.7077957693557,69.0,1007.3887825356015,58.25
10,51,phi+0.90,0,0.10630737864580533,8.849194411945842,2292.3358721890786,7.333333333333333,1148.8059319497231,68.83333333333333,1012.9485779505503,57.333333333333336
10,51,phi+0.90,1,0.17382639179212214,12.534097207332946,1942.9683101907924,7.5,1119.6425890048101,65.58333333333333,1005.5958241473367,57.333333333333336
10,51,phi+0.90,2,0.07598527155449233,7.293056311043212,2103.787909251479,7.416666666666667,1130.63888694885,68.16666666666667,998.3736586838548,57.166666666666664
10,51,phi+0.99,0,0.30307309063607496,23.664663448540765,2307.902750302434,7.0,1166.5729394171483,65.5,1015.3728245262517,55.916666666666664
10,51,phi+0.99,1,0.6042395058073994,58.12147116377104,1981.3830947918261,7.25,1119.3620611716876,64.0,1005.38953221398,56.666666666666664
10,51,phi+0.99,2,0.5495658331097779,47.4901900791842,2860.057389575955,6.666666666666667,1277.9623192181048,64.25,1038.1890669318052,55.666666666666664
10,51,sorted,0,0.566212378686242,60.43836478187752,1654.9389714614017,6.5,1024.5066933520075,60.666666666666664,951.4557225962003,54.166666666666664
10,53,real,0,0.011025900321379813,1.3082066028734138,2303.2996897680337,6.0,1111.2913031807805,60.916666666666664,983.902599374847,53.416666666666664
10,53,phi-0.60,0,0.004011380864244618,1.0,2474.5283906111717,6.0,1122.8700833466626,63.416666666666664,981.8760914581734,52.916666666666664
10,53,phi-0.60,1,0.0021353498216843373,1.0,2570.7406519650485,6.0,1150.773530965138,62.0,1001.4963325995517,54.083333333333336
10,53,phi-0.60,2,0.004207614712718793,1.0,2122.2695415890166,6.0,1136.945560734378,62.166666666666664,980.7279235640725,54.916666666666664
10,53,phi-0.30,0,-0.004171003427958212,1.0,2215.552724248819,6.0,1126.7475903968948,62.5,982.0540305593173,54.833333333333336
10,53,phi-0.30,1,-0.0013360273226707521,1.0,2562.542674140057,6.0,1120.853569052477,61.75,991.0817067069174,55.166666666666664
10,53,phi-0.30,2,0.0030196601339948594,1.0,2505.4699827368845,6.0,1110.3555840515858,62.583333333333336,982.4539670778267,53.583333333333336
10,53,phi+0.00,0,-4.220931452772075e-06,1.0,2386.6168083053212,6.0,1135.3361957859013,62.583333333333336,989.6675326502663,52.166666666666664
10,53,phi+0.00,1,-0.006877097598969089,1.0201666830609528,2124.038359609331,6.0,1111.3497493382672,62.916666666666664,984.310399449323,54.333333333333336
10,53,phi+0.00,2,0.006953164066476785,1.0,2135.80941022359,6.0,1127.6040664467182,62.5,994.8169520920916,55.75
10,53,phi+0.30,0,0.0021647863040911075,1.5729670325470546,2670.402897105825,6.0,1142.9792174131733,62.666666666666664,989.0064445677144,54.75
10,53,phi+0.30,1,0.0029297276376993595,1.5586527928425924,2742.364436998753,6.0,1115.7863257986821,60.916666666666664,994.5990628705345,55.583333333333336
10,53,phi+0.30,2,-0.006712838305562048,1.7353453089626063,2493.056105120944,6.0,1109.7968120381918,62.25,991.5845940537434,55.416666666666664
10,53,phi+0.60,0,0.01803102823998898,3.7518180413719775,2116.0162363385984,6.0,1140.662464012326,63.583333333333336,988.9609538865911,53.5
10,53,phi+0.60,1,0.038189367658916756,2.930260174050738,2189.235326860874,6.0,1120.0797054856866,63.333333333333336,963.3784211586295,53.083333333333336
10,53,phi+0.60,2,-0.012579553397159495,2.3778811610408006,2176.375982219734,6.0,1131.8155995717066,63.583333333333336,976.6285532588936,53.416666666666664
10,53,phi+0.90,0,0.22937515832145436,16.388615455484327,2234.375989884477,6.0,1161.0384318606077,62.583333333333336,990.0658954170436,53.583333333333336
10,53,phi+0.90,1,0.2587010039467964,17.70292060501254,2412.8239490485557,6.0,1169.3998920728745,61.833333333333336,998.4558278704393,53.166666666666664
10,53,phi+0.90,2,0.22102567558345595,19.807545726679102,2409.1275099852887,6.0,1177.5007904633262,62.416666666666664,994.2052709457606,54.416666666666664
10,53,phi+0.99,0,0.7250990952283018,76.73973553483246,1896.703786371094,6.0,1083.7754884325034,59.416666666666664,974.0461936349797,53.833333333333336
10,53,phi+0.99,1,0.7517863670912086,74.9695683474651,3083.309849435675,6.0,1315.5034174244863,60.833333333333336,1035.598566425475,53.333333333333336
10,53,phi+0.99,2,0.8245385248290872,86.48053328806321,2046.672098715353,6.0,1188.051376732498,59.25,997.7668827841825,52.416666666666664
10,53,sorted,0,0.968044470100139,113.69017253540682,1659.121802657128,6.0,1051.0120327614927,58.666666666666664,971.9763807006103,55.166666666666664
10,54,real,0,-0.0014072635108177943,1.9986062771690114,1682.910126876326,7.0,905.6680978372275,50.333333333333336,903.8631071024042,50.583333333333336
10,54,phi-0.60,0,-0.0014072635108177943,1.0,1692.0767935429928,7.916666666666667,913.1680978372275,51.083333333333336,911.0806341360882,51.333333333333336
10,54,phi-0.60,1,-0.0014072635108177943,1.0,1692.0767935429928,7.916666666666667,913.1680978372275,51.083333333333336,910.1329598714034,51.25
10,54,phi-0.60,2,-0.0014072635108177943,1.0,1690.410126876326,7.75,911.5014311705609,50.916666666666664,909.7612907351659,51.166666666666664
10,54,phi-0.30,0,-0.0014072635108177943,1.0,1690.410126876326,7.75,910.7074354751908,50.833333333333336,909.4139674694216,51.166666666666664
10,54,phi-0.30,1,-0.0014072635108177943,1.0,1691.2434602096594,7.833333333333333,911.0732042747717,50.833333333333336,910.2473008027549,51.25
10,54,phi-0.30,2,-0.00107131457505603,1.0,1688.7434602096594,7.583333333333333,912.8548137019453,50.916666666666664,907.7473008027549,51.0
10,54,phi+0.00,0,-0.0014072635108177943,1.0,1688.7434602096594,7.583333333333333,909.2228466361577,50.666666666666664,907.1078469544218,50.916666666666664
10,54,phi+0.00,1,-0.0014072635108177943,1.0,1687.910126876326,7.5,908.2113633365352,50.583333333333336,906.9139674694216,50.916666666666664
10,54,phi+0.00,2,-0.0014072635108177943,1.0,1689.5767935429928,7.666666666666667,910.3281068200466,50.75,908.5806341360882,51.083333333333336
10,54,phi+0.30,0,-0.0014072635108177943,1.9986062771690114,1682.910126876326,7.0,904.8347645038942,50.25,900.3878922933109,50.25
10,54,phi+0.30,1,-0.0012392890429369125,1.0,1691.2434602096594,7.833333333333333,912.1443025304533,50.666666666666664,910.7014152184269,51.25
10,54,phi+0.30,2,-0.0014072635108177943,1.0,1687.910126876326,7.5,909.0014311705609,50.666666666666664,906.9139674694216,50.916666666666664
10,54,phi+0.60,0,-0.0014072635108177943,1.0,1688.7434602096594,7.583333333333333,911.0404212336877,50.75,909.614288866831,51.083333333333336
10,54,phi+0.60,1,-0.0014072635108177943,1.0,1690.410126876326,7.75,912.4978479782404,50.916666666666664,910.5354022153956,51.166666666666664
10,54,phi+0.60,2,-0.0014072635108177943,1.0,1690.410126876326,7.75,911.173109081567,50.833333333333336,910.2099524267238,51.166666666666664
10,54,phi+0.90,0,-0.001143303632719265,1.0,1690.410126876326,7.75,911.5632699703461,50.916666666666664,910.2473008027549,51.25
10,54,phi+0.90,1,-0.0014072635108177943,1.0,1690.410126876326,7.75,911.5014311705609,50.916666666666664,909.6067329516242,51.0
10,54,phi+0.90,2,-0.0014072635108177943,1.9986062771690114,1682.0767935429928,6.916666666666667,903.362260385768,50.083333333333336,902.0771984185291,50.416666666666664
10,54,phi+0.99,0,-0.0014072635108177943,1.0,1682.0684640587106,7.75,910.427748689292,50.833333333333336,910.0031611713633,51.0
10,54,phi+0.99,1,-0.0013832671582633825,1.0,1689.5767935429928,7.666666666666667,910.6680978372275,50.833333333333336,908.5806341360882,51.083333333333336
10,54,phi+0.99,2,0.015858112152081442,1.0,1682.910126876326,7.0,904.8802579613216,50.25,901.9332870437787,50.416666666666664
10,54,sorted,0,-1.547506266191389e-05,1.9999980656171674,1682.0767935429928,6.916666666666667,904.0205970205756,50.166666666666664,901.9139674694216,50.416666666666664
10,56,real,0,0.37716381466926807,26.84795635473263,1648.7105082093046,11.666666666666666,1043.2066011753932,60.083333333333336,1002.8575819102958,57.583333333333336
10,56,phi-0.60,0,0.005674167289295222,1.0,2395.2299618243974,12.0,1054.932907230133,62.916666666666664,1027.2151324438853,59.916666666666664
10,56,phi-0.60,1,-0.0023991107288817625,1.0,2226.770263580274,12.083333333333334,1040.945978408408,60.75,1023.722841817852,60.416666666666664
10,56,phi-0.60,2,0.009448262155757302,1.0,2173.3654007368764,12.0,1052.1082497825012,62.833333333333336,1018.1431744246884,59.75
10,56,phi-0.30,0,0.005069774168607919,1.0,2130.355096067269,11.916666666666666,1048.4994481256633,62.166666666666664,1010.3289161220144,58.583333333333336
10,56,phi-0.30,1,0.006373518927388852,1.0,2426.692334405277,12.25,1052.3798296428063,62.333333333333336,1033.6297634346602,60.333333333333336
10,56,phi-0.30,2,0.001743747766407952,1.0,2016.3296383376073,12.083333333333334,1055.7547253055666,62.0,1015.4800446009004,59.666666666666664
10,56,phi+0.00,0,-0.00018438164695453124,1.0,2910.659649277661,11.916666666666666,1045.0399102006963,61.666666666666664,1020.9594148970195,58.916666666666664
10,56,phi+0.00,1,-0.0014482284163239588,1.0,2568.428682544321,12.0,1058.6673814211788,61.083333333333336,1051.2474751549212,60.833333333333336
10,56,phi+0.00,2,-0.00580399079567004,1.0539063938859488,2331.276295962738,12.25,1037.4949854498934,61.583333333333336,1026.0346487678655,60.916666666666664
10,56,phi+0.30,0,0.003372761067610497,1.2149457566769726,1947.71071427311,12.25,1045.3682321160343,61.833333333333336,1018.3504431323494,60.0
10,56,phi+0.30,1,0.0018945624680413871,1.0756860912023685,2216.2947809783454,11.666666666666666,1089.1694102557797,62.166666666666664,1045.811530961685,59.166666666666664
10,56,phi+0.30,2,0.0016495343587230086,1.1330347522239284,2649.2977350692095,12.75,1055.419992049241,62.25,1033.415404364741,61.166666666666664
10,56,phi+0.60,0,0.02851226577319022,2.7794563833259094,2152.068812055686,11.666666666666666,1050.2368317044795,61.333333333333336,1023.3660367938704,59.916666666666664
10,56,phi+0.60,1,0.006282050773131024,2.298567854199829,2072.194961382989,12.166666666666666,1043.6818431697886,61.333333333333336,1029.0859567603852,60.333333333333336
10,56,phi+0.60,2,-0.0031324019429808726,1.2771441523125062,2221.044945597616,12.0,1044.3330104046777,62.0,1037.5736876342764,60.916666666666664
10,56,phi+0.90,0,0.0452701914828377,5.034666792780889,2166.2547029113716,11.916666666666666,1034.8675364012095,60.666666666666664,1015.1597914725768,58.833333333333336
10,56,phi+0.90,1,0.1071411774548884,8.880845070681556,2464.713572795375,12.333333333333334,1063.168264391075,62.333333333333336,1013.1593007850773,59.583333333333336
10,56,phi+0.90,2,0.12753690464479397,9.973469135735769,2458.6732680349246,12.083333333333334,1083.448370156583,62.916666666666664,1033.2565627709378,59.5
10,56,phi+0.99,0,0.4161649366298168,27.050690131980215,1669.327467728015,12.583333333333334,1047.3976031285918,61.583333333333336,1015.7128385982227,59.25
10,56,phi+0.99,1,0.29558457364094537,20.0241945656865,1622.8771107750752,11.416666666666666,1060.0110736191511,61.666666666666664,1018.3421461181429,57.75
10,56,phi+0.99,2,0.12242274115428697,8.863224643143681,3161.524964642052,12.25,1072.126072231519,62.333333333333336,1037.1563359756067,61.166666666666664
10,56,sorted,0,0.41288702337165734,27.967418425132756,1620.1752588915333,12.833333333333334,1038.9730913009612,61.25,995.9938860850249,58.0
10,58,real,0,0.07149149379705848,6.26496543448657,2484.789073530718,6.0,1048.9557057469399,52.5,959.4419079820801,52.083333333333336
10,58,phi-0.60,0,0.008864790645668277,1.0,1905.9171531178308,6.0,1026.636164213214,53.5,956.6908238538203,51.0
10,58,phi-0.60,1,0.004254429207575025,1.0,1937.7219169553666,6.0,1055.055708345196,55.083333333333336,961.6183840054646,51.75
10,58,phi-0.60,2,0.00984467777721631,1.0,1907.2801014371908,6.0,1013.4077027517316,51.666666666666664,938.4133353917491,51.75
10,58,phi-0.30,0,0.005388412016140298,1.0,1956.463882640717,6.0,1009.0067294178526,53.5,949.4766795886658,52.75
10,58,phi-0.30,1,0.0075933939459577205,1.0,2003.7505657830004,6.0,1001.7699113915114,52.083333333333336,931.1836149197065,51.416666666666664
10,58,phi-0.30,2,0.003460568989482219,1.0,2154.2927058614523,6.0,1067.4029809429953,54.583333333333336,955.913138227873,52.916666666666664
10,58,phi+0.00,0,-0.004502726917067,1.0901980956523476,2011.1229150651309,6.0,1008.1367254273349,54.166666666666664,946.9090581021719,50.333333333333336
10,58,phi+0.00,1,-0.0018137162255192,1.0,1977.527138293455,6.0,1035.6957895967146,53.333333333333336,969.1213635994803,52.25
10,58,phi+0.00,2,0.004500897264480658,1.0,2152.5681132427476,6.0,1038.2985290034112,53.666666666666664,956.457729564503,52.25
10,58,phi+0.30,0,0.010413743134352027,2.1811693715177762,2045.5832373927708,6.0,1041.5895341602163,52.666666666666664,949.0157878043468,51.416666666666664
10,58,phi+0.30,1,-0.0075915721978943975,1.7441476805501743,2212.9099390812453,6.0,1037.22184240975,52.75,953.4370505105404,51.583333333333336
10,58,phi+0.30,2,0.002505175386444364,1.8377424101382962,1844.3002024988207,6.0,1015.7496353621435,51.416666666666664,938.1113223974594,52.5
10,58,phi+0.60,0,0.01033929251879552,3.440153946537898,1931.5233664357231,6.0,1040.2756974779602,54.333333333333336,941.2626597347148,51.166666666666664
10,58,phi+0.60,1,0.018782871973599635,3.60385311136613,2254.4164179826694,6.0,1042.9687205950925,54.25,961.6164559752377,51.75
10,58,phi+0.60,2,0.05131452806979374,4.870119033819186,1966.4457751393975,6.0,1057.1427032575427,54.333333333333336,937.0629208774258,49.916666666666664
10,58,phi+0.90,0,0.2094606241273623,15.20188243720814,1958.4285034058319,6.0,1002.0382224780805,53.416666666666664,946.1523245488544,52.583333333333336
10,58,phi+0.90,1,0.2609803043716823,19.16860464298819,2123.7398447290566,6.0,1040.6795665022462,52.25,966.699988029924,52.5
10,58,phi+0.90,2,0.15704668785526835,12.85390420252958,2043.759724029672,6.0,1044.3457975126016,53.833333333333336,954.8099159094695,51.833333333333336
10,58,phi+0.99,0,0.777938594963986,77.24834009246186,2401.3923880363286,6.0,1159.7934585148514,50.75,979.5215348718503,49.75
10,58,phi+0.99,1,0.6160749235815907,47.37976812628345,2019.5333947685806,6.0,1063.8703512339896,52.333333333333336,956.2421237595659,51.333333333333336
10,58,phi+0.99,2,0.7638056964049951,77.86502203046196,1958.2784242002756,6.0,1010.4024694010176,52.666666666666664,941.5951768646158,52.5
10,58,sorted,0,0.9369537072086982,108.25955185563166,1701.3481878914583,6.0,951.5712355882623,52.083333333333336,940.5545511461037,52.666666666666664
10,57,real,0,0.18196338491684302,22.448031702313838,1839.859787670019,6.0,1090.867185452598,61.333333333333336,971.1088240919538,54.083333333333336
10,57,phi-0.60,0,0.00938533040653042,1.0,2249.3240385122967,6.0,1134.903826171118,61.0,972.5287184337088,51.666666666666664
10,57,phi-0.60,1,0.006088848506778134,1.0,2273.327490942342,6.166666666666667,1111.1930554232686,60.666666666666664,987.1754321151003,54.25
10,57,phi-0.60,2,0.011998454888335256,1.0,2090.5847520990187,6.0,1126.5165163931829,60.75,973.5727582563992,52.583333333333336
10,57,phi-0.30,0,4.580718457176103e-06,1.0,2335.2574516774844,6.166666666666667,1147.130360287986,60.5,980.838348309851,53.166666666666664
10,57,phi-0.30,1,-0.004042676546277563,1.0,2111.101255515287,6.25,1114.664724688301,61.416666666666664,974.2367865183672,54.583333333333336
10,57,phi-0.30,2,-0.0007147100593041996,1.0,2252.378869343413,6.0,1129.9828777099353,61.666666666666664,969.6807779006117,53.583333333333336
10,57,phi+0.00,0,-0.001153824421260441,1.0,2260.55798012171,6.0,1164.8801112328686,62.833333333333336,979.5270218745922,53.333333333333336
10,57,phi+0.00,1,0.001086741512834698,1.0243633994370072,2572.703663284571,6.25,1141.6142223487725,60.333333333333336,994.0676079929681,53.833333333333336
10,57,phi+0.00,2,-0.00481386688088176,1.039723759852038,2363.046905715104,6.083333333333333,1145.641272193824,62.833333333333336,982.8303413974345,53.166666666666664
10,57,phi+0.30,0,-0.0018712318992412146,1.7445845686466899,2084.812637553293,6.0,1122.6552077997421,60.833333333333336,986.8072654183065,54.166666666666664
10,57,phi+0.30,1,-0.008846107968699153,1.79947147122654,2431.601780858695,6.166666666666667,1135.507919874334,60.916666666666664,981.1417986724638,53.166666666666664
10,57,phi+0.30,2,-0.004350428655981364,1.7343717554483642,2348.541315425014,6.166666666666667,1135.4779331673258,60.583333333333336,985.4458218695759,54.583333333333336
10,57,phi+0.60,0,0.05474075532060278,4.113457335166871,2345.3879952266066,6.083333333333333,1162.4675406362574,61.333333333333336,988.612331105801,53.166666666666664
10,57,phi+0.60,1,0.05364631541165571,4.41287537460911,2166.378491535545,6.0,1122.712816223827,60.166666666666664,980.9958312872226,53.166666666666664
10,57,phi+0.60,2,0.0297102029667731,3.988627766852611,2222.9849003357913,6.0,1127.9536545012195,60.916666666666664,982.6179250402685,53.75
10,57,phi+0.90,0,0.18131744238787018,13.263279098699885,3143.486945957387,6.083333333333333,1161.311285903666,60.583333333333336,1006.7418852610275,54.25
10,57,phi+0.90,1,0.14169193194562155,10.854532206142446,2152.550872022506,6.083333333333333,1118.9520593620996,60.75,973.9343482340664,54.416666666666664
10,57,phi+0.90,2,0.25699177984614624,21.679602000600475,1923.816019147411,6.083333333333333,1106.8481368355363,59.416666666666664,961.3633324239618,53.25
10,57,phi+0.99,0,0.7771683320858895,79.90248063603345,2413.439606121461,6.083333333333333,1183.5087733211753,61.416666666666664,990.4440473290371,53.666666666666664
10,57,phi+0.99,1,0.5652557453196532,40.67032550778819,1791.0727979745425,6.083333333333333,1075.821452119272,58.916666666666664,965.3282493471487,53.333333333333336
10,57,phi+0.99,2,0.6181458048490852,59.840194228908665,2223.1777293978407,6.0,1184.9967376480693,59.083333333333336,973.7620082138466,52.083333333333336
10,57,sorted,0,0.8804530328992366,99.52401621087577,1726.2279373893832,6.083333333333333,1021.6863232164841,58.0,941.3916213439874,52.166666666666664
10,61,real,0,0.020873802680756275,1.5471693276002387,2302.244480336325,7.25,1102.9418570081727,65.08333333333333,1079.0658116652985,63.75
10,61,phi-0.60,0,0.00702420367638809,1.0,2240.9191506151196,7.25,1085.7056102893307,64.41666666666667,1056.811326034547,64.0
10,61,phi-0.60,1,0.0061341939738904115,1.0,2051.6804457845633,7.75,1084.1873598328891,64.25,1053.6394724275515,62.5
10,61,phi-0.60,2,0.01163473231922566,1.0,2645.0440494698446,7.833333333333333,1090.715304243505,64.41666666666667,1069.566004636685,64.66666666666667
10,61,phi-0.30,0,0.005281438587366652,1.0,2666.801923934611,7.666666666666667,1094.5696304156802,65.25,1059.4175218285698,63.5
10,61,phi-0.30,1,0.003151392367451557,1.0,2156.3941270148775,7.583333333333333,1101.5626784605408,66.08333333333333,1060.3971704681992,62.333333333333336
10,61,phi-0.30,2,0.004745549580664984,1.0,2128.218701611682,7.416666666666667,1091.9147859360278,64.66666666666667,1064.5078321129924,63.083333333333336
10,61,phi+0.00,0,-0.0022869189885646054,1.0,2634.7747579990705,7.833333333333333,1104.8841111338295,65.41666666666667,1055.850325878773,63.333333333333336
10,61,phi+0.00,1,-0.0008053434994481892,1.0,2149.1990656144703,7.833333333333333,1099.1865770994089,65.58333333333333,1047.2056949559544,62.666666666666664
10,61,phi+0.00,2,0.003693831583555246,1.073966726716186,2206.620876692639,7.916666666666667,1095.3020495528235,65.83333333333333,1061.4276522435835,62.583333333333336
10,61,phi+0.30,0,0.0023432602824789654,1.519603673172318,2117.695030191238,7.583333333333333,1093.8402257181722,64.75,1068.0227257923066,63.75
10,61,phi+0.30,1,0.016820041837089288,1.718925406108533,2016.0219158720763,7.75,1089.6491182595148,64.91666666666667,1034.2254025198338,61.666666666666664
10,61,phi+0.30,2,-0.004288007960877689,1.3168044020255099,2259.230774244734,7.666666666666667,1095.9438229960099,65.91666666666667,1042.019765823139,61.333333333333336
10,61,phi+0.60,0,0.0015158869573879798,2.2791476753609423,2107.9906493335816,7.5,1065.1546022875857,64.16666666666667,1036.68172933564,61.5
10,61,phi+0.60,1,0.0025549139237813086,2.6575327734446916,2283.170751220342,7.416666666666667,1110.689691046696,64.75,1046.7651679538696,62.583333333333336
10,61,phi+0.60,2,0.01614741720912071,2.896355045794211,2830.799668330716,7.583333333333333,1126.0190623606152,65.25,1082.2483677732732,62.75
10,61,phi+0.90,0,0.08825826312772617,8.98611651671493,2289.370615173587,7.583333333333333,1094.2463278351613,64.16666666666667,1045.4074709960266,60.5
10,61,phi+0.90,1,0.258542419399347,17.76103835770586,1610.9539311938236,6.833333333333333,1087.3406848180468,65.08333333333333,1027.947184032635,61.416666666666664
10,61,phi+0.90,2,0.13146385373145078,10.389304131028396,1937.5800448117577,7.25,1103.2530234492808,64.41666666666667,1023.8293527762206,61.0
10,61,phi+0.99,0,0.5610253581507952,39.28745085488837,3875.3455132062068,7.0,1337.432356554287,61.5,1188.9415038292516,60.916666666666664
10,61,phi+0.99,1,0.7973270280448046,81.70745113018701,1525.8144523085987,6.916666666666667,1097.7071373187812,62.25,1010.6825929635319,57.416666666666664
10,61,phi+0.99,2,0.44050109576578206,34.88057234590588,1708.0742079996025,6.916666666666667,1067.9444286830606,62.25,1024.5802608094784,60.666666666666664
10,61,sorted,0,0.7985838494738148,83.43184861326904,1460.613787306338,6.333333333333333,1000.7431305677841,57.833333333333336,983.981525069173,58.166666666666664
10,59,real,0,-0.0017503126378407077,1.1950466723509172,2162.743507759524,6.0,1069.8186834784294,56.25,968.0924155057606,53.583333333333336
10,59,phi-0.60,0,0.005756847325062222,1.0,2419.2316251946227,6.0,1074.9852667277748,58.666666666666664,961.654418671572,52.166666666666664
10,59,phi-0.60,1,0.00595513704654532,1.0,2270.3850542004393,6.0,1051.743935215925,54.75,966.6674638551021,52.75
10,59,phi-0.60,2,0.003924554847580875,1.0,2447.9949979935614,6.0,1078.1625488962734,57.0,966.2098861810681,53.0
10,59,phi-0.30,0,0.0010987561408710665,1.0,2133.821033008479,6.0,1065.1474108810282,58.166666666666664,942.1632284507633,51.75
10,59,phi-0.30,1,0.0013465402520532353,1.0,2631.6307112337527,6.083333333333333,1059.6858353102518,56.5,968.440496014725,53.166666666666664
10,59,phi-0.30,2,0.0006942475877964885,1.0,2308.313003125554,6.0,1077.4589275570704,56.0,969.4798456612752,52.083333333333336
10,59,phi+0.00,0,-0.0039071955918027245,1.04489806731039,2550.2402635316785,6.0,1087.15133018065,57.166666666666664,970.6665321049668,53.166666666666664
10,59,phi+0.00,1,-0.00443891411064044,1.1749265203197634,2302.521023479836,6.0,1066.1297860019401,56.416666666666664,968.8270029952233,51.25
10,59,phi+0.00,2,-0.004248148290538899,1.0,2605.3679408511734,6.0,1102.045402804853,58.083333333333336,961.9561746534604,52.5
10,59,phi+0.30,0,0.008785396659141373,1.736529320314106,2316.3738026025494,6.0,1058.1171805418123,57.5,971.0191221331157,53.166666666666664
10,59,phi+0.30,1,-0.010499519894652046,1.4013550541935127,2415.504315259764,6.0,1068.2618575781783,56.75,980.6399094163235,52.916666666666664
10,59,phi+0.30,2,0.0004035193569110665,1.4645508835750263,2297.884304345203,6.0,1060.6477259452977,54.916666666666664,956.3977689923703,52.666666666666664
10,59,phi+0.60,0,0.003423149752518353,3.274716884004212,2476.196498738925,6.0,1075.6745163811693,56.5,971.0623775029482,51.916666666666664
10,59,phi+0.60,1,0.006964004905027707,2.8366101326604585,2483.518725808079,6.083333333333333,1092.6332276536612,57.75,976.064247008179,53.0
10,59,phi+0.60,2,0.02173610537144433,3.0278272447317987,2455.4446816718787,6.0,1098.1979129434037,57.416666666666664,985.7136885389992,53.75
10,59,phi+0.90,0,0.15943971168092813,12.65318229414674,2684.4749320815627,6.0,1080.4089973152084,56.75,975.5692681250654,52.916666666666664
10,59,phi+0.90,1,0.17849205764107218,13.005330796653634,2075.852500711359,6.0,1075.827056442344,57.083333333333336,953.5250208963353,52.166666666666664
10,59,phi+0.90,2,0.22644624683457318,15.811897139310815,2275.275152523719,6.0,1058.6740794957414,56.166666666666664,950.9574154373264,52.083333333333336
10,59,phi+0.99,0,0.6223450208380664,60.23078837632535,2137.5772891020483,6.0,1062.0174202026299,56.333333333333336,968.3043183537311,53.583333333333336
10,59,phi+0.99,1,0.678111270847157,70.11606545907087,2960.1530887593485,6.0,1285.3084596414683,58.333333333333336,1019.7751304739066,52.583333333333336
10,59,phi+0.99,2,0.7078208415165362,78.6747373036059,2193.564917101515,6.0,1090.2066893693357,55.666666666666664,960.8801696863452,51.5
10,59,sorted,0,0.9683997929909565,113.77145264668124,1806.4176231067759,6.0,1012.6512210703569,56.166666666666664,937.9724358860402,51.416666666666664
10,60,real,0,0.03664192715535432,1.0,2342.655191812099,6.083333333333333,1100.0346856731546,58.166666666666664,969.4534192067149,52.416666666666664
10,60,phi-0.60,0,0.008371541345595703,1.0,2534.225758749218,6.083333333333333,1079.0304055379845,58.25,965.7685300940726,51.416666666666664
10,60,phi-0.60,1,0.004617787938788986,1.0,2037.3717592915327,6.0,1094.1382837867466,57.583333333333336,953.5548182205921,50.25
10,60,phi-0.60,2,0.007433442928597855,1.0,2606.2177582052277,6.083333333333333,1099.5803845528628,57.666666666666664,961.6861938580618,52.0
10,60,phi-0.30,0,-0.0005362887099279899,1.0,2250.8234564603695,6.083333333333333,1071.1036826214156,57.166666666666664,965.1353365645847,52.166666666666664
10,60,phi-0.30,1,0.0037186414841695286,1.0,2319.6486653694487,6.0,1062.937545887098,57.5,954.1830465579857,51.75
10,60,phi-0.30,2,8.581596010874848e-05,1.0,2298.02254452864,6.0,1097.1607274671137,57.75,955.8113444910865,52.083333333333336
10,60,phi+0.00,0,-0.00499009959102812,1.0,2298.5893868001526,6.0,1084.4822697894504,58.916666666666664,954.239729413645,50.5
10,60,phi+0.00,1,0.006322271089645443,1.0,2291.0875978640056,6.0,1057.8199319940834,56.083333333333336,953.9510028150021,50.916666666666664
10,60,phi+0.00,2,4.7712445867761934e-05,1.0,2303.544039503384,6.0,1090.2530740258876,58.416666666666664,960.7224641005301,51.916666666666664
10,60,phi+0.30,0,-0.0012856714318308438,1.6218616629226377,2796.7164997154123,6.0,1101.1716061391933,59.0,956.6357881502903,51.5
10,60,phi+0.30,1,0.004755259032730278,1.8933034530447608,2227.6203351267923,6.0,1085.253288098028,57.416666666666664,961.0982892292833,50.583333333333336
10,60,phi+0.30,2,0.0026845570601460676,1.7249184523165009,2428.789162169032,6.0,1096.3290025975095,57.416666666666664,965.6732329828,51.666666666666664
10,60,phi+0.60,0,0.011641396312876454,3.829111650019635,2238.709772070115,6.0,1094.1347790412035,58.583333333333336,953.0898234899445,50.583333333333336
10,60,phi+0.60,1,0.0159584892886928,3.5903408608762017,2552.770616152336,6.0,1082.522080161083,57.666666666666664,959.8344608510797,51.5
10,60,phi+0.60,2,0.017940308889753506,3.4055380917788285,3001.1934556603205,6.0,1090.9703995877403,56.916666666666664,979.0909389078782,52.333333333333336
10,60,phi+0.90,0,0.15994849382644338,12.102478230090233,2171.656519572457,6.0,1063.4782502114053,57.583333333333336,958.0021040704017,50.833333333333336
10,60,phi+0.90,1,0.258746400729828,19.570430894209778,2352.734153404418,6.0,1087.0944689039675,55.583333333333336,964.9309778383848,51.25
10,60,phi+0.90,2,0.10927725420557752,9.100714682880835,2353.74959940304,6.0,1103.8209986860065,57.25,965.1902277997456,51.666666666666664
10,60,phi+0.99,0,0.7781256091186842,80.38055695104066,2864.6589434947305,6.0,1302.505978182889,56.916666666666664,1007.9193130108873,50.416666666666664
10,60,phi+0.99,1,0.785794750718103,80.08361664309922,2507.5079486963114,6.0,1155.3081143714126,55.083333333333336,984.4722251184611,50.25
10,60,phi+0.99,2,0.6269624077182456,62.11712676299313,3113.3642417164506,6.083333333333333,1251.0524167698943,57.5,1013.1614357367101,51.0
10,60,sorted,0,0.943872164005992,107.49504701761312,1767.0281158520318,6.0,1009.7953126476133,56.0,927.4041594390993,50.083333333333336
10,62,real,0,0.09111169856155164,8.335567529342566,2432.6009335846625,7.083333333333333,1091.7946958918608,59.75,978.420846486741,54.75
10,62,phi-0.60,0,0.010103789354595365,1.0,2002.4349308214016,7.166666666666667,1136.3557608238602,65.33333333333333,982.7602939467075,54.416666666666664
10,62,phi-0.60,1,0.0019756582922748384,1.0,2235.0772339530718,7.25,1116.3676142890051,61.75,1000.8957646626545,55.166666666666664
10,62,phi-0.60,2,0.008802984109076269,1.0,2151.4277287718164,7.0,1075.958901193985,59.666666666666664,979.9677531313596,52.833333333333336
10,62,phi-0.30,0,0.00041479447132665627,1.0,2042.1081187260982,6.833333333333333,1116.6811602118964,63.166666666666664,986.9931063993035,54.833333333333336
10,62,phi-0.30,1,0.0021794559616227457,1.0,2116.957280847521,6.833333333333333,1109.5967473774979,62.583333333333336,999.1979231846061,55.166666666666664
10,62,phi-0.30,2,0.003470337067771023,1.0,2356.2704641157757,6.666666666666667,1123.7519093424264,64.16666666666667,1013.3371136662768,56.416666666666664
10,62,phi+0.00,0,-0.005485309590452341,1.0,2869.801664817201,7.25,1123.2768426219143,62.666666666666664,990.696175498655,54.333333333333336
10,62,phi+0.00,1,-0.0015914183815704122,1.0,2374.3632991403724,7.166666666666667,1135.7861076217039,63.75,988.9100343578626,54.416666666666664
10,62,phi+0.00,2,-0.001954332932478664,1.0,2196.0402889306756,6.916666666666667,1099.1000686439959,62.5,985.901630041471,53.833333333333336
10,62,phi+0.30,0,0.00031640486629085996,1.5313932529852141,2156.163057292855,6.916666666666667,1113.219802558765,62.083333333333336,1001.4350830461564,53.5
10,62,phi+0.30,1,-0.0025109211311020413,1.450984206174916,2424.8637200865,6.666666666666667,1111.4883092579519,63.583333333333336,996.0077197614869,55.666666666666664
10,62,phi+0.30,2,0.006721813248268371,1.990582793450184,2173.6497142400685,6.916666666666667,1100.8217864341811,62.5,984.7488961917521,55.75
10,62,phi+0.60,0,0.02030310946284908,2.989165258174779,2526.1474125399786,7.083333333333333,1120.986276574311,61.916666666666664,996.1007791933113,55.0
10,62,phi+0.60,1,0.03133388235986941,3.2035759894478484,2394.893048163143,6.833333333333333,1114.1662898686218,62.666666666666664,991.8136031046553,54.5
10,62,phi+0.60,2,0.029671533125849685,4.056318774859324,2584.9973208623164,6.916666666666667,1130.5282108809702,63.0,992.0889580205636,55.5
10,62,phi+0.90,0,0.10695362742481682,9.217585866293032,3451.9971804622037,7.083333333333333,1149.2725587264974,62.416666666666664,1002.0409801059394,55.0
10,62,phi+0.90,1,0.08250869375654239,8.695445537819941,2350.6520604988723,6.75,1106.115733400528,61.0,990.2948137733492,54.916666666666664
10,62,phi+0.90,2,0.13725762013143322,11.046307071388641,1865.5483880063066,7.25,1105.366783027516,61.5,990.5738033617389,54.75
10,62,phi+0.99,0,0.4054703948293281,35.31247311526761,1803.3147599020156,6.416666666666667,1094.6682777719795,60.0,967.9880190387229,52.0
10,62,phi+0.99,1,0.6108392982786429,54.12336489599607,2066.9229252502237,6.25,1130.3244151935726,58.75,1000.1351819522491,53.833333333333336
10,62,phi+0.99,2,0.5744413983416703,51.434436101599324,1764.0436187240905,6.583333333333333,1073.0609800906714,57.25,992.2670825901531,54.916666666666664
10,62,sorted,0,0.7326267628163683,76.96366389522072,1668.6784856513025,6.25,1009.0695706921783,57.583333333333336,953.1043771861041,52.083333333333336
10,63,real,0,0.4292137879375572,48.31368677109898,1821.6915066114761,6.583333333333333,1077.2269293384188,65.83333333333333,996.6208162439283,56.166666666666664
10,63,phi-0.60,0,0.008928374757026673,1.0,2119.223656242849,7.083333333333333,1123.3572695740024,68.0,1006.4652042515504,57.5
10,63,phi-0.60,1,0.00563758159591826,1.0,2189.603100695273,7.25,1132.0204837099523,67.83333333333333,1032.7157289732402,58.833333333333336
10,63,phi-0.60,2,0.0038028871165397,1.0,2805.521265513246,7.333333333333333,1129.460289995982,67.83333333333333,1035.9883565380635,58.916666666666664
10,63,phi-0.30,0,-0.00506813753324696,1.0,3004.99265495737,7.416666666666667,1143.147895285788,68.58333333333333,1031.5641303623995,58.75
10,63,phi-0.30,1,-0.0007700536694574121,1.0,2212.919064089329,7.333333333333333,1134.861827518975,68.08333333333333,1011.493804148979,57.916666666666664
10,63,phi-0.30,2,-0.0013027765669038917,1.0,3141.8229990795044,7.416666666666667,1161.2707783226679,68.25,1019.2859254461791,58.333333333333336
10,63,phi+0.00,0,-0.006762677381045912,1.0039538055911277,2275.2616333165456,7.0,1153.682024121158,70.33333333333333,1047.476799999635,59.75
10,63,phi+0.00,1,-0.0016621905914249516,1.0,1945.855145852127,7.0,1140.6148321988983,69.16666666666667,1052.7322322961868,59.666666666666664
10,63,phi+0.00,2,-0.0029843667643827407,1.0,3123.7667134822027,7.5,1141.210970050963,67.91666666666667,1042.221013364802,58.25
10,63,phi+0.30,0,-0.007222836793655304,1.8770470807281336,2004.7306668402696,7.166666666666667,1100.6318062423406,66.75,1041.4514591725183,59.333333333333336
10,63,phi+0.30,1,-0.0034817426078891226,1.6289856872596609,2670.6182372112758,7.0,1151.8627899375213,68.91666666666667,1024.1249471463634,57.583333333333336
10,63,phi+0.30,2,-0.004062326505031287,1.6583228116304742,2062.472819753579,7.333333333333333,1125.0822766208332,67.83333333333333,1021.2184941148204,58.416666666666664
10,63,phi+0.60,0,0.03144490549949926,3.2246934363070703,2419.563426197988,7.083333333333333,1134.1747509714714,68.16666666666667,1028.7533106079554,58.75
10,63,phi+0.60,1,0.0072884950294626796,2.540217259640059,2619.956912156985,7.25,1142.8085944465952,67.41666666666667,1020.5609620296608,58.25
10,63,phi+0.60,2,0.018476269443124218,3.581928632804318,2271.138682991131,7.0,1142.887687688244,69.0,1030.0164787432047,59.083333333333336
10,63,phi+0.90,0,0.1988505369690753,18.4811430135092,2081.2209783888925,6.75,1137.6762812256036,68.25,1029.1030348420625,58.416666666666664
10,63,phi+0.90,1,0.13790339878667904,13.08067432303739,2412.6140757662056,6.833333333333333,1191.5874371957589,67.41666666666667,1056.6353545788231,58.416666666666664
10,63,phi+0.90,2,0.1392997026562873,15.627069705065363,3834.9233697386367,7.25,1201.9549327587308,68.25,1069.484749223144,59.916666666666664
10,63,phi+0.99,0,0.529651930322999,44.734451862743114,2269.0644786889266,6.416666666666667,1191.673374806894,66.58333333333333,1023.1697030145382,55.666666666666664
10,63,phi+0.99,1,0.6876856835771011,64.71180039670038,1838.5506471054066,6.5,1105.14267548928,64.25,1004.6310705359897,55.0
10,63,phi+0.99,2,0.6463588529720153,56.08648817705176,3983.4561618627863,6.833333333333333,1443.8214646851013,64.08333333333333,1162.2095467044653,57.083333333333336
10,63,sorted,0,0.8745525485151084,97.41628730255782,1577.3920989757655,6.333333333333333,1030.2035579660817,61.833333333333336,982.1357159507315,55.166666666666664
10,64,real,0,0.017694863983031193,1.8555315394702285,2482.198043333294,6.0,1088.2913884628458,57.916666666666664,962.1616919086406,52.25
10,64,phi-0.60,0,0.006635501695527229,1.0,2103.756414329029,6.083333333333333,1054.3806167175724,57.583333333333336,932.0793424891898,52.083333333333336
10,64,phi-0.60,1,0.010569698288103401,1.0,2032.5189595194415,6.0,1047.7510339613357,57.0,948.9692633306132,51.75
10,64,phi-0.60,2,0.0025014091477362334,1.0,2164.1775832233575,6.083333333333333,1071.824806618941,58.083333333333336,953.6939197599769,50.666666666666664
10,64,phi-0.30,0,-0.0021088615992767594,1.0,2454.707469430245,6.0,1064.4112188705346,57.25,950.9817275819506,51.333333333333336
10,64,phi-0.30,1,0.001830935309056316,1.0,2375.786667936108,6.0,1075.6159204205362,59.416666666666664,936.1847852739537,49.75
10,64,phi-0.30,2,0.0009642990589994808,1.0,2163.27785829166,6.0,1094.269191116747,58.333333333333336,948.4873535356473,51.333333333333336
10,64,phi+0.00,0,0.00024251421919550424,1.0,2293.6147656972385,6.0,1055.9626584190007,57.416666666666664,939.6140708242016,51.416666666666664
10,64,phi+0.00,1,-0.0003931972991555445,1.010131581104141,2074.89003446834,6.0,1059.5955595736298,56.75,951.0082318581827,51.416666666666664
10,64,phi+0.00,2,0.0006324677370792665,1.179661403095944,2870.8508273205866,6.0,1055.1698549452153,56.25,950.7548234887339,50.833333333333336
10,64,phi+0.30,0,0.008483706801895146,1.6994378912840866,2154.6245285130117,6.0,1087.0644616685793,58.416666666666664,950.1117030344416,50.666666666666664
10,64,phi+0.30,1,0.01041319216668079,1.6046559645414944,2146.9327537878285,6.0,1065.4006632045384,57.083333333333336,934.3348590615728,51.583333333333336
10,64,phi+0.30,2,0.0057831437279857656,1.647800558247284,1940.0731685829676,6.0,1049.3123229657995,56.75,940.9587671206235,52.083333333333336
10,64,phi+0.60,0,0.015469520495736775,2.7937153890532667,2181.885499446322,6.0,1099.2460458973608,58.083333333333336,952.8863108175078,51.333333333333336
10,64,phi+0.60,1,0.03827183676615251,3.552493610347925,2244.7348951502986,6.0,1119.4398670837743,58.583333333333336,959.9673981381684,50.75
10,64,phi+0.60,2,0.04571642227240417,4.596272738474756,2472.6464604728594,6.083333333333333,1090.8756343689795,57.166666666666664,961.8910179817536,51.333333333333336
10,64,phi+0.90,0,0.320304595989759,27.181358227843194,1992.0794094566115,6.0,1045.7610060032205,57.5,933.5380639496453,51.75
10,64,phi+0.90,1,0.20244928080323146,14.81936857380905,2282.23987461519,5.916666666666667,1053.9171966701822,56.333333333333336,937.8898729727849,50.5
10,64,phi+0.90,2,0.18351602592140848,16.24289881705954,2895.1021381325863,6.0,1185.6949728975785,57.5,988.2211835316522,50.916666666666664
10,64,phi+0.99,0,0.6249926001285437,61.76734980508676,2047.310789285676,6.0,1099.9649242411035,56.0,937.0222605817225,50.416666666666664
10,64,phi+0.99,1,0.6567418496736189,66.76674259968013,1877.6497818926134,6.0,1109.8141583047636,56.833333333333336,949.501039272338,50.916666666666664
10,64,phi+0.99,2,0.6376075888640887,63.230231996995855,2360.232424124161,6.0,1143.5450280053446,55.833333333333336,965.1752154965201,51.583333333333336
10,64,sorted,0,0.9284173042111387,104.62545833829793,1560.3236564299498,6.0,986.128210562591,54.083333333333336,908.3281296952563,49.916666666666664
10,65,real,0,-0.0021349472339823486,1.4624901490477211,2017.8354664821366,6.0,1105.6859560699436,57.666666666666664,990.6065782475645,51.333333333333336
10,65,phi-0.60,0,0.008622587743448576,1.0,2057.662878820363,6.0,1108.6650867376482,57.166666666666664,995.3667701625313,52.0
10,65,phi-0.60,1,0.005378893727146719,1.0,2013.278792735385,6.0,1101.38918614331,58.25,977.8107876622785,51.166666666666664
10,65,phi-0.60,2,0.009764675114152504,1.0,2013.6425451588732,6.0,1107.5622324192582,57.583333333333336,969.5398755268711,49.25
10,65,phi-0.30,0,0.0020740082492443626,1.0,2121.3500696296546,6.0,1098.4921161660004,56.416666666666664,984.2671984763195,50.916666666666664
10,65,phi-0.30,1,0.007306073520312166,1.0,2092.247165658409,6.0,1122.4942925365847,57.583333333333336,981.2827976053846,49.833333333333336
10,65,phi-0.30,2,0.0025440851989250893,1.0,2051.3702395213586,6.0,1099.5083748727038,57.916666666666664,992.1308625825901,51.166666666666664
10,65,phi+0.00,0,-0.0027311678817492856,1.0,2411.510981385504,6.0,1116.8605361530056,57.833333333333336,994.2894092432695,50.166666666666664
10,65,phi+0.00,1,0.0014662431772891505,1.0564284137381281,2194.6155562541303,6.0,1100.857674832526,56.25,977.0535496891625,51.25
10,65,phi+0.00,2,-0.0010605012301696257,1.0,2348.568309542209,6.0,1088.581296918438,56.166666666666664,981.8253331254091,49.75
10,65,phi+0.30,0,-0.0013829925727455155,1.6224587866703346,2165.704530442303,6.0,1131.1587738018236,57.333333333333336,996.777928791812,50.166666666666664
10,65,phi+0.30,1,0.0052923657458614935,2.315297275625145,2167.8659341988605,6.083333333333333,1101.3646795199845,56.333333333333336,989.748067752891,50.5
10,65,phi+0.30,2,0.005303466386715127,1.8984387368498223,2232.104531785141,6.0,1122.4849710475712,56.75,974.7725268467693,49.666666666666664
10,65,phi+0.60,0,-0.006013039821954521,3.6990451386715093,2311.5644670492397,6.0,1126.495903082825,56.416666666666664,997.9433870551957,51.833333333333336
10,65,phi+0.60,1,0.0179738121561667,4.142830634003778,2138.054699275616,6.0,1098.2073115479636,55.833333333333336,979.3486100399754,50.333333333333336
10,65,phi+0.60,2,0.07435128699993811,7.724714958196984,2351.9733873169803,6.0,1148.5022523336909,58.166666666666664,1006.9887032804055,52.333333333333336
10,65,phi+0.90,0,0.2930733123271127,20.23383079348211,2121.422265902096,6.0,1100.739464208425,55.916666666666664,984.4390187830878,49.75
10,65,phi+0.90,1,0.2638399494609696,18.173406429090786,2111.8028664667277,6.0,1086.5786553630076,55.333333333333336,985.4658190449826,50.333333333333336
10,65,phi+0.90,2,0.25830061762971557,20.08409118770066,2003.4305282162388,6.0,1083.215244688695,56.5,982.6987702911262,50.75
10,65,phi+0.99,0,0.7962280257553118,82.06367837008335,2386.7742571053386,6.083333333333333,1285.2492754096293,55.333333333333336,1047.7558803243817,51.5
10,65,phi+0.99,1,0.7004167788151785,59.682376400606934,2329.3222993354866,6.0,1174.4153082735136,56.0,991.0098527582601,50.0
10,65,phi+0.99,2,0.8239760355450936,87.63324374429308,1945.9662095179237,6.083333333333333,1064.062552688406,54.416666666666664,958.0144909564397,49.5
10,65,sorted,0,0.8600939118713216,98.23828183756227,1686.1179853340027,6.0,1001.228909800403,55.25,937.3961545034794,49.0
10,66,real,0,0.3183552107784243,32.99163801074042,2087.998038240585,7.083333333333333,1106.9859002235414,63.333333333333336,996.01405575672,55.583333333333336
10,66,phi-0.60,0,0.006685839719849226,1.0,2426.093699033644,7.166666666666667,1128.024273913879,65.16666666666667,1004.1364337539695,57.166666666666664
10,66,phi-0.60,1,0.012934653469023852,1.0,2505.7089907223262,7.416666666666667,1118.0904686101965,65.25,1031.7894766649138,57.583333333333336
10,66,phi-0.60,2,0.002101610499288124,1.0,2190.5984958797912,7.0,1129.0483565755355,65.33333333333333,1001.2849849237195,57.333333333333336
10,66,phi-0.30,0,-0.0013624610763171543,1.0,2085.3113624088305,7.333333333333333,1125.7063127132208,65.25,1034.4637015271592,59.333333333333336
10,66,phi-0.30,1,0.0032030118631755883,1.0,2432.2361643000972,7.25,1145.48433750687,66.75,1002.3637027975274,55.833333333333336
10,66,phi-0.30,2,0.002619579796265507,1.0,2454.0025811459404,7.583333333333333,1122.6579629381977,63.833333333333336,1022.4869299037217,58.583333333333336
10,66,phi+0.00,0,0.0029881572495731768,1.0480427398706056,2221.1383062424966,7.0,1141.0892208699213,65.83333333333333,1026.6448996229276,59.166666666666664
10,66,phi+0.00,1,0.0011143229719034562,1.0799694895825867,2176.6332962575957,7.5,1107.358497972489,64.83333333333333,1011.0649441095705,57.166666666666664
10,66,phi+0.00,2,-0.004644067214605691,1.0,2503.1767725812156,7.166666666666667,1133.0049050404814,65.33333333333333,1011.7830914001996,57.583333333333336
10,66,phi+0.30,0,-0.00020151436974985714,1.4729031016235012,2879.029891448325,7.75,1130.3422579163102,64.25,1007.1403911528217,57.25
10,66,phi+0.30,1,0.0002295715785022569,1.3966104000118138,2297.4980171543084,7.583333333333333,1129.2435721162303,65.41666666666667,1003.9131113206835,56.916666666666664
10,66,phi+0.30,2,0.008247348210918881,1.5287791676977351,2201.145786824796,7.166666666666667,1136.7521324086658,65.16666666666667,996.9266080644232,57.333333333333336
10,66,phi+0.60,0,-0.001189589125742857,2.594483126787537,2292.916285295239,7.166666666666667,1130.240756924098,65.08333333333333,1011.0119852901771,58.0
10,66,phi+0.60,1,0.0279443504136093,3.6410744420667878,2257.386221216865,7.166666666666667,1124.8769068170834,64.75,1003.7657678797805,55.75
10,66,phi+0.60,2,0.0527573578998029,3.2834249001348694,2240.662391784596,7.5,1129.0347434159323,65.58333333333333,1015.8905724699835,57.75
10,66,phi+0.90,0,0.2915090183945497,20.427209843908674,2781.354704810739,6.916666666666667,1151.6331004431183,63.916666666666664,997.5374281712483,55.833333333333336
10,66,phi+0.90,1,0.22111448563994096,18.117342397376284,2389.55833373258,6.75,1144.6940235883005,63.333333333333336,1023.3690399273751,56.833333333333336
10,66,phi+0.90,2,0.20170596618085732,14.407159310144324,2543.248364945144,7.0,1185.9300294125178,64.83333333333333,1030.402575117114,57.25
10,66,phi+0.99,0,0.7179964495943345,67.7552205447561,2020.712056092669,6.666666666666667,1145.2536412382467,61.166666666666664,1020.1660955389392,55.583333333333336
10,66,phi+0.99,1,0.5919125195154424,67.32878681228355,2280.8583605266563,6.416666666666667,1208.745792854202,63.25,1043.8665527550231,56.333333333333336
10,66,phi+0.99,2,0.37388198263480826,28.199801045625893,1814.5989643916637,6.916666666666667,1110.2313347342115,64.0,1003.9279559953983,57.0
10,66,sorted,0,0.7604375085410685,78.53760026492574,1702.5371719513403,6.416666666666667,1041.7605750386897,59.5,950.82961222149,54.166666666666664
10,68,real,0,0.17632216616283955,18.10863426467173,1903.542891145625,7.75,1064.893417149091,61.083333333333336,967.610335856209,52.75
10,68,phi-0.60,0,0.004143359209941926,1.0,2738.1219033212597,8.5,1093.9660800660247,63.833333333333336,1010.7090216316559,55.583333333333336
10,68,phi-0.60,1,0.002191185768879427,1.0,2712.493397748522,8.75,1066.2806011315242,61.833333333333336,1004.2389494978634,55.666666666666664
10,68,phi-0.60,2,-0.004521342873016525,1.0,2666.3316356781893,8.833333333333334,1072.5167904855027,62.416666666666664,1009.6799434171513,56.416666666666664
10,68,phi-0.30,0,0.00018659680506723854,1.0,2584.3196078932633,8.833333333333334,1099.3595628872142,64.33333333333333,1002.8216929827005,54.25
10,68,phi-0.30,1,0.002441691449705725,1.0,2523.5855642335764,8.5,1082.4272483384143,62.166666666666664,1013.4264158700412,57.583333333333336
10,68,phi-0.30,2,0.0027349782703027558,1.0,2421.3869399519263,8.166666666666666,1084.4495157075648,63.416666666666664,1011.1044072234573,55.416666666666664
10,68,phi+0.00,0,0.012666808580653558,1.0,2285.2302803397333,8.25,1084.6985135925804,63.833333333333336,990.1146650523847,55.833333333333336
10,68,phi+0.00,1,-0.0006434772926684021,1.0,2951.7385754439692,9.0,1111.0576775314496,65.0,998.9856333713146,54.916666666666664
10,68,phi+0.00,2,0.008294432327883296,1.2005631135816124,1996.2421427880242,8.5,1071.1592774542491,63.083333333333336,994.5250703132264,54.166666666666664
10,68,phi+0.30,0,-0.002983228473410728,1.2408983527794786,2402.54143150928,9.083333333333334,1108.4461124853801,65.5,1019.1523629190606,58.5
10,68,phi+0.30,1,-0.0037541350214448255,1.0893754274195082,2321.700839309498,8.833333333333334,1081.310948944195,63.0,1012.0704681470919,56.25
10,68,phi+0.30,2,-0.005403916249673664,1.3447228734929881,2566.4107796635944,8.25,1078.7486719154779,62.833333333333336,982.2183244639241,54.333333333333336
10,68,phi+0.60,0,0.0008485545835066599,2.4308482857253297,2768.369182768369,8.0,1080.910196026126,61.583333333333336,985.7930106746285,55.583333333333336
10,68,phi+0.60,1,0.009018367142183313,2.175781506383487,2741.693332544235,8.583333333333334,1082.4550087455827,61.0,1022.0934123039002,55.5
10,68,phi+0.60,2,0.004997164715667176,2.269417302538171,2621.3116209393575,8.333333333333334,1072.737134882038,61.75,990.0012875206397,54.0
10,68,phi+0.90,0,0.07988880674321111,7.079512269122371,2400.0461904390713,8.166666666666666,1095.8203934091944,61.25,1000.3326067871053,54.916666666666664
10,68,phi+0.90,1,0.04650807928416858,4.287183630691251,3562.5934494842754,8.0,1115.075258490923,62.166666666666664,1034.8613309252562,55.166666666666664
10,68,phi+0.90,2,0.07757672058725051,7.459307359471825,2168.849783587149,8.333333333333334,1090.6918462600652,62.916666666666664,1005.2534561977528,55.166666666666664
10,68,phi+0.99,0,0.3996131887666338,32.11195386145252,1795.656598283874,7.5,1027.6696698252483,59.916666666666664,952.9336449414668,52.583333333333336
10,68,phi+0.99,1,0.24782709666382768,18.706291041324256,3022.942991405018,8.75,1289.5625183054897,63.75,1092.7610991371332,54.416666666666664
10,68,phi+0.99,2,0.19791112916821085,21.11422510113476,2183.4950604544606,8.333333333333334,1092.1659679827676,62.583333333333336,1002.29550351131,54.583333333333336
10,68,sorted,0,0.4174068492820151,36.74145687265875,1796.7923336898693,7.583333333333333,1015.8207292397102,58.5,951.7987601428812,52.333333333333336
10,67,real,0,0.0006826811426045623,1.7343239161467463,2462.989383719729,6.083333333333333,1101.7977991805026,58.5,949.6056293219759,50.916666666666664
10,67,phi-0.60,0,0.0062311037398165925,1.0,2251.3593905452526,6.083333333333333,1095.0997954952784,60.083333333333336,936.7648361424657,51.333333333333336
10,67,phi-0.60,1,0.005107003547373217,1.0,2230.327788986588,6.25,1084.5104151081593,58.666666666666664,934.6838262917003,50.25
10,67,phi-0.60,2,0.0035174704979778573,1.0,2013.9140726766911,6.083333333333333,1040.9943122146474,56.583333333333336,947.2611184510496,51.416666666666664
10,67,phi-0.30,0,-0.0012813078030354597,1.0,2423.7264526357544,6.25,1078.8009839136178,57.333333333333336,941.4759858035721,52.25
10,67,phi-0.30,1,0.0036641177405994786,1.0,2119.5544447395605,6.0,1077.0964946948588,58.083333333333336,945.3421330701875,50.833333333333336
10,67,phi-0.30,2,0.00020611422926971297,1.0,2385.7090063038518,6.0,1062.3164176281473,57.333333333333336,945.7921278230142,52.166666666666664
10,67,phi+0.00,0,-0.0019787978351249835,1.0,2436.589496109013,6.083333333333333,1075.3055473912893,58.75,962.3282288775869,53.0
10,67,phi+0.00,1,0.003608447458685185,1.0,2300.7578282480004,6.0,1069.8337956993257,57.666666666666664,962.2547178188785,51.583333333333336
10,67,phi+0.00,2,-0.0072186898699382485,1.0893426884545627,2177.705410106778,6.25,1076.6671413694598,57.833333333333336,959.6737703675516,51.166666666666664
10,67,phi+0.30,0,0.005501676545997278,1.75178807340263,2673.810327918133,6.0,1089.8322426367447,58.0,953.6946097774338,51.583333333333336
10,67,phi+0.30,1,0.011254174676647818,1.6825393154486585,2365.7095390883537,6.166666666666667,1092.662792983213,59.083333333333336,936.0549959701901,50.333333333333336
10,67,phi+0.30,2,-0.008186327270054042,1.5213079239728922,2435.6115389116676,6.166666666666667,1075.998440484764,57.916666666666664,943.469218466549,49.333333333333336
10,67,phi+0.60,0,0.004031834602717683,3.145960037790907,2984.0179544398065,6.0,1111.081432545829,58.083333333333336,957.4725220196027,51.5
10,67,phi+0.60,1,0.01695070952390028,3.198451025999474,2327.3249709206198,6.166666666666667,1072.7605382020126,56.833333333333336,951.7102366723984,52.5
10,67,phi+0.60,2,0.023707177238652788,4.024395971071632,2227.515553693936,6.083333333333333,1097.9438392045497,57.75,959.9734328445147,52.333333333333336
10,67,phi+0.90,0,0.2839458210871453,22.204737335465236,2966.9780308587356,6.0,1121.6854446114519,57.0,948.7852941192958,50.75
10,67,phi+0.90,1,0.19429132257676476,13.943100031623777,2284.222321729056,6.0,1083.527908667885,58.416666666666664,971.5685534227983,52.25
10,67,phi+0.90,2,0.18093191992474972,17.011043052669844,2490.945246737691,6.0,1089.85739156775,57.833333333333336,950.5532909317357,51.5
10,67,phi+0.99,0,0.7502106557522681,79.66469855446827,2229.440725360826,6.0,1136.5794424684907,55.75,953.7532810984626,49.416666666666664
10,67,phi+0.99,1,0.6812829357022936,70.53839850688482,2941.568178149084,6.0,1262.1782728433852,58.25,1000.3087790133964,50.583333333333336
10,67,phi+0.99,2,0.6753385215997806,68.84901641185392,3128.0068600763566,6.083333333333333,1201.8832239699984,56.833333333333336,1000.1366247726742,51.166666666666664
10,67,sorted,0,0.8846630301190918,100.73466320676926,1725.4575751066884,6.166666666666667,997.0238152987454,55.083333333333336,910.2239991280841,50.083333333333336
10,69,real,0,-0.016001795310959053,1.446620639154302,2400.9570295910353,6.083333333333333,1145.2678440082573,62.166666666666664,1020.3847318994207,56.083333333333336
10,69,phi-0.60,0,0.006867713322615401,1.0,2102.73426790226,6.083333333333333,1124.0525755783165,61.916666666666664,1017.663997582666,55.416666666666664
10,69,phi-0.60,1,0.006764203352068899,1.0,2204.080978938141,6.166666666666667,1116.871624517886,62.416666666666664,1013.9597193509858,54.833333333333336
10,69,phi-0.60,2,0.003426140092929138,1.0,2246.35570634488,6.166666666666667,1126.829571558639,63.333333333333336,1021.9397263920988,55.25
10,69,phi-0.30,0,-0.001521164268275725,1.0,2296.0381499328046,6.25,1111.6914350978557,62.166666666666664,996.7622076693442,55.333333333333336
10,69,phi-0.30,1,0.008255132837075694,1.0,2327.0704353280457,6.083333333333333,1148.244925641384,63.583333333333336,1000.2002108475891,54.0
10,69,phi-0.30,2,0.001927924034082057,1.0,2245.2090971145108,6.083333333333333,1132.0136193236924,63.333333333333336,1003.5220539270326,54.916666666666664
10,69,phi+0.00,0,0.0034262924254832867,1.0,2230.214205362468,6.0,1138.8868709401636,62.583333333333336,1012.4967499390051,55.166666666666664
10,69,phi+0.00,1,-0.005356314040373528,1.1482930336388042,2142.792959932514,6.166666666666667,1122.762318882565,62.25,1003.3402918930204,55.0
10,69,phi+0.00,2,-0.0027380982658805455,1.0,2299.891698575019,6.333333333333333,1116.4203621659422,62.833333333333336,1017.7910952799075,55.083333333333336
10,69,phi+0.30,0,0.009489153469504604,2.002356586447643,2414.9167880022915,6.083333333333333,1129.9158478140928,63.083333333333336,1015.2169206245409,55.166666666666664
10,69,phi+0.30,1,0.009384069395898526,1.8271769073197461,2243.7886996065786,6.083333333333333,1146.797425208545,62.083333333333336,1025.6272863793572,56.083333333333336
10,69,phi+0.30,2,0.012020336578058562,1.6152733530344707,2402.0540995689053,6.166666666666667,1162.8707924011699,63.916666666666664,1018.1818990640045,54.833333333333336
10,69,phi+0.60,0,0.006561931108913642,3.190320502840256,2077.007219400809,6.166666666666667,1113.0780375306847,61.75,990.8134576466578,55.083333333333336
10,69,phi+0.60,1,0.03066500337725455,3.716485373133922,2251.0442254909226,6.166666666666667,1117.8411858540328,63.583333333333336,1001.206241911255,55.416666666666664
10,69,phi+0.60,2,0.01784238524272408,3.7557095877627393,2115.874339281761,6.083333333333333,1122.0649176343056,62.0,1015.0036779734513,55.416666666666664
10,69,phi+0.90,0,0.1498124691601893,11.259729024250538,2231.167519247118,6.25,1144.9804747767512,62.75,998.016418495742,53.833333333333336
10,69,phi+0.90,1,0.1809642479855073,13.326361209347922,2332.4753888893792,6.166666666666667,1158.6723182139997,64.25,994.6691787542554,54.083333333333336
10,69,phi+0.90,2,0.13546401199699215,8.808445019935451,2132.7820571299712,6.25,1103.7112314303047,61.083333333333336,997.8350290281936,55.583333333333336
10,69,phi+0.99,0,0.46385819076076773,41.14221219722989,2523.201249572732,6.083333333333333,1152.50789235745,61.25,993.5372389196938,53.583333333333336
10,69,phi+0.99,1,0.5973367224069672,59.90372126444434,2078.990527913121,6.083333333333333,1139.8569724108168,60.583333333333336,996.4048380381356,53.333333333333336
10,69,phi+0.99,2,0.6685378976018451,57.91822880757159,3115.917796981361,6.083333333333333,1278.3067664783164,59.083333333333336,1063.016616927572,54.5
10,69,sorted,0,0.8712906991879316,94.27438221762466,1718.2915410442877,6.0,1045.4402081765406,58.833333333333336,969.6670021114563,55.25
10,71,real,0,0.2985096849675781,35.772615244474075,1814.2538949470475,6.166666666666667,1075.2283097669356,60.5,973.1728556720612,51.916666666666664
10,71,phi-0.60,0,0.0037850638704283726,1.0,2922.5144182522304,6.083333333333333,1148.501770920727,61.916666666666664,980.0427146906069,51.166666666666664
10,71,phi-0.60,1,0.010018344954978938,1.0,2298.4382314877703,6.5,1141.1612101877556,61.5,974.5352685710541,53.416666666666664
10,71,phi-0.60,2,0.006674730201483078,1.0,2443.795755894472,6.583333333333333,1133.1092624745802,61.5,997.2905914184704,53.083333333333336
10,71,phi-0.30,0,-0.0007782660100156977,1.0,2177.9358334224225,6.166666666666667,1119.999629991215,61.583333333333336,992.3063411951107,52.75
10,71,phi-0.30,1,0.0008734031617947805,1.0,2267.2198645092685,6.25,1124.8926872557277,61.833333333333336,975.4609445894156,53.083333333333336
10,71,phi-0.30,2,-0.0013959697502635433,1.0,2074.8999722093486,6.416666666666667,1134.3801496514322,62.416666666666664,972.2658370412347,52.583333333333336
10,71,phi+0.00,0,-0.007538574954335575,1.1333802552732903,2231.673490157086,6.25,1123.5818909831205,61.083333333333336,985.7467050101442,52.833333333333336
10,71,phi+0.00,1,0.000185791941809883,1.0642930890993125,1947.0036388132985,6.333333333333333,1125.6738852073456,61.916666666666664,986.0443738876296,53.083333333333336
10,71,phi+0.00,2,-0.004735610430895318,1.0,2130.79382949838,6.333333333333333,1118.4025783538611,62.833333333333336,960.6261835796166,50.583333333333336
10,71,phi+0.30,0,0.005112654192572434,1.9140236714384096,3033.159020586758,6.416666666666667,1172.10535013595,62.916666666666664,1016.0397302973815,54.166666666666664
10,71,phi+0.30,1,0.008286700165601726,1.776691133414858,2149.984930600617,6.083333333333333,1132.1417191337916,63.5,981.939866965905,52.25
10,71,phi+0.30,2,-0.0085829611979289,1.4355983668292298,2291.551062170032,6.416666666666667,1129.729191805925,63.166666666666664,978.0724274609153,52.25
10,71,phi+0.60,0,0.028817746609428395,3.242890969267388,2031.8457990138415,6.333333333333333,1144.6407528618663,62.833333333333336,957.6983925104661,51.5
10,71,phi+0.60,1,0.0018863694972292915,2.5431891089204868,2142.7357124909927,6.25,1119.1117257718315,62.166666666666664,987.9995140069915,52.583333333333336
10,71,phi+0.60,2,0.01459913005515555,3.2859110999811065,2929.7805696071264,6.5,1169.571145173104,61.166666666666664,978.7091452760407,51.166666666666664
10,71,phi+0.90,0,0.20477528201328757,14.67545464932153,1984.6308365270863,6.333333333333333,1115.6647835727572,60.0,978.4017040246463,53.0
10,71,phi+0.90,1,0.2968706465909724,20.176005571715848,2491.005387299684,6.166666666666667,1195.3624687541444,60.916666666666664,1006.1259023460947,52.583333333333336
10,71,phi+0.90,2,0.19941464771717682,14.352663288225584,2220.929782045969,6.166666666666667,1117.3593364013661,59.75,982.8109779278366,51.5
10,71,phi+0.99,0,0.4962945193535503,41.147006373814364,1926.423594490133,6.166666666666667,1087.6661473028175,60.083333333333336,974.6096126189578,52.916666666666664
10,71,phi+0.99,1,0.7369110150115694,75.44162570462542,1933.2615108591935,6.083333333333333,1094.6740504368688,58.333333333333336,979.6826428899568,51.083333333333336
10,71,phi+0.99,2,0.7313804433526161,74.1397095394261,2225.0250191558835,6.0,1209.252734857209,59.25,997.1041778414342,51.25
10,71,sorted,0,0.8582237017318683,95.97583943896497,1702.6357386368356,6.25,1043.6635715948184,58.333333333333336,953.4787263188513,50.833333333333336
10,70,real,0,0.11036211140598753,13.999892584019175,2025.0174979716687,6.166666666666667,1075.663306842387,59.583333333333336,954.713584107176,50.416666666666664
10,70,phi-0.60,0,0.006883012798175887,1.0,2230.4294950329227,6.75,1091.6921178811126,59.833333333333336,969.6830574570567,50.0
10,70,phi-0.60,1,0.005413364208744009,1.0,2311.317437505624,6.333333333333333,1081.1803218105144,58.416666666666664,963.0976525819683,49.75
10,70,phi-0.60,2,0.004144111717650472,1.0,2227.195188705662,6.5,1085.4958466178098,59.5,986.4633007583366,51.5
10,70,phi-0.30,0,0.004649705109933157,1.0,2196.37134874875,6.333333333333333,1096.1352419562313,58.083333333333336,969.9984157874528,50.583333333333336
10,70,phi-0.30,1,-0.0010269877179169247,1.0,2278.146819273377,6.25,1098.2727184410799,58.583333333333336,980.2053660594348,51.583333333333336
10,70,phi-0.30,2,0.007776621519457319,1.0,2209.769786389548,6.333333333333333,1087.1107011832116,57.833333333333336,988.2467257015054,52.25
10,70,phi+0.00,0,-0.004413301561869218,1.0420681150351339,2332.6153607781434,6.666666666666667,1059.4233180445592,57.0,972.6968779279181,50.75
10,70,phi+0.00,1,0.00611817637469985,1.0,2418.4676897502986,6.583333333333333,1105.4444619277126,59.75,974.2729398287883,50.916666666666664
10,70,phi+0.00,2,-0.003573328664269019,1.115139963704398,2162.543244302354,6.166666666666667,1102.8190807629042,58.583333333333336,973.3211885923092,51.25
10,70,phi+0.30,0,0.0026458406285715004,1.680867623909996,2256.7099721782806,6.583333333333333,1089.676041895772,59.25,968.0047906097346,50.75
10,70,phi+0.30,1,-0.004027525079774763,1.7989403245578486,2038.442036632239,6.25,1091.1532497737016,57.25,974.2910185810506,51.75
10,70,phi+0.30,2,0.0074410839898789655,1.9265501204085935,2377.1782607203018,6.333333333333333,1101.7907628973855,59.833333333333336,962.9439230537715,50.666666666666664
10,70,phi+0.60,0,0.003237147116560683,3.001281230433918,2439.6163233854536,6.333333333333333,1115.1691468496183,57.416666666666664,995.5532359249514,51.5
10,70,phi+0.60,1,0.015414505634657112,3.272399208207457,2198.4654706062474,6.416666666666667,1097.7035653260536,57.583333333333336,993.2027838959904,51.583333333333336
10,70,phi+0.60,2,0.035697126859628295,3.593082225886901,2609.3646159820005,6.416666666666667,1135.8545771199676,58.833333333333336,994.2539011025747,50.25
10,70,phi+0.90,0,0.22524099384155033,16.25657868533709,2213.7660476868627,6.25,1100.120218649895,57.583333333333336,977.6536485225355,51.583333333333336
10,70,phi+0.90,1,0.218110691060281,18.713054876911837,1994.0509685628522,6.333333333333333,1069.4650475186745,56.416666666666664,964.5587715632101,50.75
10,70,phi+0.90,2,0.17726354690444152,13.159531245809765,2475.6435435142334,6.083333333333333,1096.635503840914,55.916666666666664,981.2613010407159,52.416666666666664
10,70,phi+0.99,0,0.652889510163497,52.35346024253232,3325.2394361965366,6.166666666666667,1277.069105959329,57.25,1052.34227299777,51.0
10,70,phi+0.99,1,0.5908584738008791,57.50420292402167,2987.66897447945,6.166666666666667,1261.454416742236,56.333333333333336,1029.7954412307097,51.583333333333336
10,70,phi+0.99,2,0.5464924799244341,41.76179569344167,2122.698425083245,6.166666666666667,1054.605505774074,55.583333333333336,966.9151673373858,50.333333333333336
10,70,sorted,0,0.7895974201215521,86.02713375372713,1674.1160544579786,6.083333333333333,983.0335475783859,54.666666666666664,932.6139616771811,49.916666666666664
10,72,real,0,-0.0018239959292230296,1.6793792270143983,2704.779032885388,6.333333333333333,1157.9084300139223,66.08333333333333,1009.1937592946401,55.916666666666664
10,72,phi-0.60,0,0.0075883353646019345,1.0,2216.3363982156798,6.333333333333333,1163.139795918356,67.08333333333333,1005.9412187198282,56.166666666666664
10,72,phi-0.60,1,0.009957511249051558,1.0,3025.9573234084473,6.25,1124.6292230238546,64.25,1022.8198778073296,56.666666666666664
10,72,phi-0.60,2,0.004727160745480363,1.0,2428.0162631894204,6.416666666666667,1141.2483553935724,65.33333333333333,1005.1210137725961,56.416666666666664
10,72,phi-0.30,0,0.003654577464164474,1.0,2318.62390499384,6.166666666666667,1139.474873791517,66.91666666666667,1013.7261980498984,56.25
10,72,phi-0.30,1,-0.001216255663161879,1.0,2171.114942042094,6.25,1132.3268735319182,66.0,1012.4377627415546,55.666666666666664
10,72,phi-0.30,2,-0.004026128630532608,1.0,3441.1885341931843,6.5,1135.7888413927767,66.0,1021.962606126676,56.333333333333336
10,72,phi+0.00,0,0.01251699698533239,1.0,3070.5159198217193,6.25,1158.8743847684461,66.41666666666667,1024.0708274743977,57.916666666666664
10,72,phi+0.00,1,-0.004146418660379549,1.0,2335.687278374556,6.333333333333333,1134.3721159551094,67.08333333333333,1018.4125785388768,56.333333333333336
10,72,phi+0.00,2,0.002382130793364385,1.0,2780.6013414491467,6.583333333333333,1130.6031001543433,65.08333333333333,1015.5543262769487,54.833333333333336
10,72,phi+0.30,0,-0.00087153358859207,1.5668942690105805,2994.0829908874243,6.083333333333333,1143.2378077411006,64.91666666666667,1020.2855903121307,57.25
10,72,phi+0.30,1,0.006415921842041163,2.0928073013672717,2390.6917191769453,6.416666666666667,1135.4021521263605,65.41666666666667,995.7082386303837,55.25
10,72,phi+0.30,2,-0.011816827225110836,1.3460314185050861,2407.2381753707605,6.333333333333333,1125.8680548758268,65.25,998.9451877430087,56.833333333333336
10,72,phi+0.60,0,0.01561325626638286,2.959784438999721,2129.9619540011195,6.166666666666667,1124.1588952082855,65.58333333333333,1003.7863852827427,55.833333333333336
10,72,phi+0.60,1,0.014741973632428228,3.1107842888470874,2674.9376692203928,6.416666666666667,1136.3389939952183,65.91666666666667,1014.5600062551895,55.666666666666664
10,72,phi+0.60,2,0.01566389847040192,3.0555643083291866,2064.1669592426456,6.333333333333333,1148.5545322709934,66.16666666666667,992.8205035755974,55.75
10,72,phi+0.90,0,0.15322726547930732,11.602831221474036,2593.614731312314,6.583333333333333,1146.1258738110657,65.83333333333333,1017.8636549506169,56.083333333333336
10,72,phi+0.90,1,0.3409995455296471,24.61925891372615,2402.0313718761986,6.166666666666667,1121.9400682699677,64.66666666666667,999.6817390459286,55.333333333333336
10,72,phi+0.90,2,0.19026927311145095,14.057838055014287,2317.0432174721045,6.5,1164.8653318146578,66.41666666666667,1037.1548089678197,58.083333333333336
10,72,phi+0.99,0,0.6810402513781506,63.88516284611826,3807.5507063309947,6.333333333333333,1324.3808731124973,64.0,1098.9448782502836,54.833333333333336
10,72,phi+0.99,1,0.8004747407921206,86.77630030147108,2488.9751111811406,6.0,1203.1568370541197,60.083333333333336,1029.1359953523925,53.416666666666664
10,72,phi+0.99,2,0.8536683819033503,93.61639927544482,2387.4635958759495,5.916666666666667,1113.888748930286,60.75,1009.6680163667002,54.75
10,72,sorted,0,0.903154286596988,102.05852617631977,1704.092550904852,6.0,1020.928455374179,60.833333333333336,966.1142005725751,54.166666666666664
10,73,real,0,0.1326610430333072,16.52296835762546,1884.521709638029,6.0,1036.7276097485783,58.666666666666664,937.6526106110181,50.916666666666664
10,73,phi-0.60,0,0.005022420089932753,1.0,2392.10178036889,6.0,1095.221199747261,59.25,969.7130795883763,52.333333333333336
10,73,phi-0.60,1,0.012614352344041877,1.0,2212.461091298563,6.0,1088.2588066761687,58.916666666666664,952.8015253329404,51.916666666666664
10,73,phi-0.60,2,0.006723949688067867,1.0,2272.0050716475803,6.0,1068.04271738094,57.0,963.2433009079167,52.083333333333336
10,73,phi-0.30,0,0.0019733541740505458,1.0,2101.2296804518087,6.0,1072.2771609780095,59.333333333333336,968.3385188002302,52.5
10,73,phi-0.30,1,0.0009752581684549496,1.0,2205.639770816495,6.0,1074.2012459224688,58.083333333333336,960.0536392535432,52.333333333333336
10,73,phi-0.30,2,-0.0009368462106183564,1.0,2251.781063787522,6.0,1075.2968759101248,57.916666666666664,942.4793009009478,51.416666666666664
10,73,phi+0.00,0,0.00968394816282351,1.091911390874513,1937.1816979268326,6.0,1079.1359202812016,58.75,960.3257393065843,52.083333333333336
10,73,phi+0.00,1,-0.004341328209462471,1.0,2760.0273806746786,6.083333333333333,1113.0308711026194,59.916666666666664,963.2880996937976,52.416666666666664
10,73,phi+0.00,2,0.0015984456958261144,1.0,2296.8325125528977,6.0,1065.0338264279792,58.5,956.1889411247935,52.916666666666664
10,73,phi+0.30,0,0.003505712546148135,1.7520835329123248,2201.0808179916244,6.0,1092.1322649206559,58.75,964.1450015120082,51.666666666666664
10,73,phi+0.30,1,0.0008758042685388779,1.7948837454617084,2309.9885999181333,6.0,1086.7386443184016,59.25,953.3854249507641,52.083333333333336
10,73,phi+0.30,2,0.006707872018982708,1.6275044786422672,2368.20399637421,6.083333333333333,1094.9617297142074,58.333333333333336,967.0090752614456,52.833333333333336
10,73,phi+0.60,0,0.031011047344399,3.6296009101878393,2304.540441828019,6.0,1072.9083129236458,57.833333333333336,961.0149267911901,51.333333333333336
10,73,phi+0.60,1,0.007722472534435636,3.1610213708287094,2609.1694405212097,6.0,1133.9640475184715,59.916666666666664,985.238753179077,51.833333333333336
10,73,phi+0.60,2,0.014940919112894226,3.2880600276199385,2777.5230301663955,6.083333333333333,1117.6320601976233,60.25,979.0051061231646,52.5
10,73,phi+0.90,0,0.25017514514101846,18.800377953275724,2439.519541459951,6.0,1128.97051169215,58.916666666666664,971.9439127888726,51.083333333333336
10,73,phi+0.90,1,0.15353184942943085,12.75833945973564,2348.025865969532,6.083333333333333,1096.3519466416008,57.833333333333336,968.2063494497005,50.75
10,73,phi+0.90,2,0.2820592971407249,21.907108312998705,2063.9874003879318,6.0,1098.8102898424734,57.666666666666664,967.4282652544458,51.583333333333336
10,73,phi+0.99,0,0.758237740486576,76.5088982629721,2356.0902530277212,6.083333333333333,1151.2134672581858,55.25,975.2194703014757,50.416666666666664
10,73,phi+0.99,1,0.5900839605696621,45.23239820933243,2369.334180683337,6.0,1122.5583996118107,56.833333333333336,970.5760497876763,50.583333333333336
10,73,phi+0.99,2,0.6959423217116716,76.1211495606392,2935.77977389489,6.25,1191.268808462765,56.583333333333336,1004.0809367852536,51.583333333333336
10,73,sorted,0,0.8880290637242713,100.25837630784783,1645.4204290997948,6.0,993.5444813970515,54.5,926.3931090669867,49.833333333333336
10,75,real,0,0.08367715837316987,13.03482599665569,2869.42985467277,6.833333333333333,1135.149610905786,59.583333333333336,1022.8080854571972,55.75
10,75,phi-0.60,0,-0.0013563434258823765,1.0,2126.660311893738,7.333333333333333,1143.9363823497436,62.583333333333336,997.8564022186251,54.083333333333336
10,75,phi-0.60,1,0.0020087564677097845,1.0,2846.6679150648074,7.25,1123.0811967353166,61.75,1020.1325065110005,55.916666666666664
10,75,phi-0.60,2,-0.0008324099317999293,1.0,2742.0779008403065,7.5,1142.8200891436288,62.916666666666664,1026.5362161384448,56.666666666666664
10,75,phi-0.30,0,0.0046451557531300945,1.0,2461.5163621097795,7.75,1130.5067797848767,62.583333333333336,1023.5593165189179,57.083333333333336
10,75,phi-0.30,1,-0.00026884718215325175,1.0,2254.2587466995133,7.0,1149.4257273879468,62.583333333333336,1000.1968793836032,55.25
10,75,phi-0.30,2,0.0063867489823059035,1.0,2358.0882852918166,7.583333333333333,1160.4466146958066,64.16666666666667,1005.8255156576982,55.416666666666664
10,75,phi+0.00,0,0.00429132373790228,1.0,2185.7882365982437,7.416666666666667,1134.4976298704912,61.583333333333336,1022.7859835571267,56.5
10,75,phi+0.00,1,-0.006519913349362579,1.0952019496346976,2217.2434360302873,7.666666666666667,1115.3660588471405,61.416666666666664,997.2220204573755,56.083333333333336
10,75,phi+0.00,2,0.0008820237801101605,1.0,2275.76847297632,7.416666666666667,1140.417606396785,62.416666666666664,1012.1307417426997,55.916666666666664
10,75,phi+0.30,0,0.00249620875375456,1.5828367365168543,2086.70899265449,7.583333333333333,1142.37363518989,62.916666666666664,1014.3305849184106,55.083333333333336
10,75,phi+0.30,1,-0.0009077062320140952,1.391001745500895,2001.7699328283322,7.166666666666667,1153.2211565821133,63.0,1017.7409809392794,56.5
10,75,phi+0.30,2,-0.007883596201110215,1.2007352137227814,2408.8511228154134,7.083333333333333,1141.3135953175636,62.75,1008.735718354217,54.833333333333336
10,75,phi+0.60,0,0.02591015925492583,3.0092353003818006,2237.0084702852105,7.333333333333333,1102.5742133736665,61.583333333333336,1009.4180121931745,57.083333333333336
10,75,phi+0.60,1,0.01202567373965993,2.0926873286347205,2042.412246993873,7.75,1128.9120087820004,61.75,1009.3558298250772,55.916666666666664
10,75,phi+0.60,2,0.0011352396690170387,2.034153932922676,2109.19261990881,7.583333333333333,1142.1879508128134,61.666666666666664,1017.9827096602947,56.333333333333336
10,75,phi+0.90,0,0.10290120488498057,10.921156960472489,2145.6211353868202,6.916666666666667,1135.2045792592262,61.666666666666664,989.9925146870258,54.416666666666664
10,75,phi+0.90,1,0.14489045905376832,11.918827270107682,2249.2670741361503,6.916666666666667,1150.9025917841072,62.0,1007.4141320331487,55.25
10,75,phi+0.90,2,0.09778216984695899,8.141575510382893,2289.7013056518776,6.583333333333333,1177.819559935179,63.083333333333336,1006.9806367343963,54.25
10,75,phi+0.99,0,0.36735974818025,31.66207602840633,3846.0147925341766,7.5,1433.6786183514962,62.083333333333336,1111.9245797419717,54.666666666666664
10,75,phi+0.99,1,0.29482715793717323,28.733518111409538,3530.5601207463333,7.583333333333333,1425.3403519140923,62.333333333333336,1106.2416036751579,54.666666666666664
10,75,phi+0.99,2,0.43725288447354804,40.20853431312866,1735.6490124882391,6.75,1077.561408335697,59.166666666666664,974.0243732588997,53.916666666666664
10,75,sorted,0,0.44294381017521195,45.513140816612186,1721.9070575209869,7.083333333333333,1047.0202899394847,58.666666666666664,984.3878337710322,54.416666666666664
10,76,real,0,-0.011290610738174866,1.2308381582035195,2965.352681362398,8.25,1098.814544171936,66.0,972.019787244786,55.833333333333336
10,76,phi-0.60,0,0.010031189240313597,1.0,2476.092120615541,8.25,1066.7664204056837,64.08333333333333,956.694387243986,56.083333333333336
10,76,phi-0.60,1,0.006629513210980549,1.0,2144.2212892650955,7.916666666666667,1080.9481040268558,65.75,963.8031697224419,55.416666666666664
10,76,phi-0.60,2,0.00473555706875728,1.0,2501.7075996790154,8.666666666666666,1070.2961375781335,65.0,978.6550127291081,56.75
10,76,phi-0.30,0,-0.001289551734124556,1.0,2456.999099516296,8.0,1073.481919233937,65.33333333333333,966.3127592422555,56.416666666666664
10,76,phi-0.30,1,-0.002358431493327576,1.0,2069.738529242011,7.916666666666667,1071.4069621099322,64.66666666666667,957.0537422397291,54.916666666666664
10,76,phi-0.30,2,-0.004712364500130483,1.0,2526.686413733884,8.083333333333334,1060.4718676097084,64.16666666666667,964.0639502438704,55.75
10,76,phi+0.00,0,-0.005545935522597683,1.0703439203692329,2416.7738786267014,8.166666666666666,1084.592424221526,66.16666666666667,961.6945886257199,56.0
10,76,phi+0.00,1,-0.0025222560755979433,1.0,2374.661508365571,8.25,1068.8652103533072,63.916666666666664,985.1301423323143,57.916666666666664
10,76,phi+0.00,2,-0.005776969318221133,1.084359557024463,2350.6397105516066,8.166666666666666,1052.0765613148599,62.75,967.6994213114025,55.833333333333336
10,76,phi+0.30,0,-0.002341913902767167,1.2363251806846796,2444.2672551790097,8.166666666666666,1075.1150126322914,65.0,962.0566396700292,55.25
10,76,phi+0.30,1,0.0038588371873885014,1.429330490159632,2358.091116474313,8.0,1064.4988126182413,65.0,959.0739024287554,55.333333333333336
10,76,phi+0.30,2,-0.0027601017306678323,1.1659896850484532,2635.9984589505807,8.25,1070.2693381129238,63.666666666666664,975.2383199450633,56.0
10,76,phi+0.60,0,0.019860910644313553,2.9530249896769734,2538.731841278132,8.416666666666666,1067.7718997230677,65.0,969.0468453345102,56.416666666666664
10,76,phi+0.60,1,0.031329026601572794,3.519193181871133,2109.9993663368264,7.833333333333333,1059.6643125936369,63.833333333333336,959.0130822534366,55.833333333333336
10,76,phi+0.60,2,0.006428943682588269,2.2382511136561707,2317.5432921042134,8.333333333333334,1070.2323935677819,63.75,976.333295803414,55.583333333333336
10,76,phi+0.90,0,0.08928810877749523,6.822339507010043,2100.5142017783382,7.5,1030.2113680482585,62.25,946.3391296506411,54.916666666666664
10,76,phi+0.90,1,0.10105720013650957,7.559066605736262,2424.308055081752,8.083333333333334,1060.4794321312695,63.25,954.5061008195084,54.083333333333336
10,76,phi+0.90,2,0.02745839038210192,5.5685458432719015,2903.5597224608496,7.833333333333333,1120.543992907645,65.08333333333333,1001.681666719354,56.5
10,76,phi+0.99,0,0.48884730285658795,37.06839403144414,3761.6373497517616,6.916666666666667,1249.5401586131463,60.083333333333336,1037.483777109243,53.916666666666664
10,76,phi+0.99,1,0.4748399398696935,33.01144862741996,2109.463135203364,7.75,1044.9871241948842,61.416666666666664,942.9267001080739,54.166666666666664
10,76,phi+0.99,2,0.3070477915520479,33.46233481829991,1815.6875344841394,7.25,1030.9350119365888,59.5,952.7185543205342,53.75
10,76,sorted,0,0.7148784357569048,62.218595069048824,1727.05301394859,6.666666666666667,981.9430899747357,58.083333333333336,910.5438428534881,51.833333333333336
10,77,real,0,0.02936693405223922,3.4732401214876703,1907.541779061822,11.166666666666666,1061.4558162362448,63.833333333333336,1013.0570758473003,58.083333333333336
10,77,phi-0.60,0,0.0036225029351430616,1.0,2226.5261199696974,11.5,1076.2415055247432,65.83333333333333,1003.506551032157,58.583333333333336
10,77,phi-0.60,1,0.00013691951418667302,1.0,2538.560271512928,11.5,1062.2960101763058,65.08333333333333,1009.0368718335211,58.083333333333336
10,77,phi-0.60,2,0.007683183249955478,1.0,2317.1176325053602,11.083333333333334,1069.7369886890408,65.0,1046.2159810796923,61.0
10,77,phi-0.30,0,-0.006129958972761665,1.0,2096.3208155114808,11.5,1079.507656531141,66.16666666666667,1026.6595775641433,60.0
10,77,phi-0.30,1,0.003321211112652932,1.0,2517.962510811202,11.5,1066.9328417172705,65.58333333333333,1010.7893493192183,59.833333333333336
10,77,phi-0.30,2,-0.0014225990521777308,1.0,2586.3953570170747,12.25,1081.439103954394,67.41666666666667,1037.7552125887653,61.833333333333336
10,77,phi+0.00,0,-0.001645496580642293,1.0451539624781643,3044.9477176476526,11.833333333333334,1086.2891892265195,65.16666666666667,1050.8207883403336,61.166666666666664
10,77,phi+0.00,1,-0.0015731220761041153,1.0,2404.138857792192,11.916666666666666,1064.351752708116,65.0,1014.8036166390335,59.5
10,77,phi+0.00,2,0.007505774401434924,1.0,2343.220580180079,11.166666666666666,1062.8331784486177,64.58333333333333,1016.4402769649818,60.083333333333336
10,77,phi+0.30,0,-0.0012795182556261024,1.1235401500666737,2344.5225971513464,11.25,1054.338534280089,64.5,1023.2066365717204,60.833333333333336
10,77,phi+0.30,1,0.0014061846912617035,1.2597640439145938,1941.917587568214,11.333333333333334,1063.8094805956923,64.5,1009.8881844898134,59.75
10,77,phi+0.30,2,-0.003964868732365839,1.0642523024106114,2601.7299960828364,12.333333333333334,1075.7128941450296,65.25,1024.299820570583,60.5
10,77,phi+0.60,0,-0.00480776574763712,1.287625336508706,2719.881823849372,12.166666666666666,1070.8975585839307,66.66666666666667,1022.5443620962054,60.75
10,77,phi+0.60,1,-0.0015367740020809373,1.426571793803134,2508.0276885828175,11.666666666666666,1094.848571156689,66.66666666666667,1020.5469152355553,60.083333333333336
10,77,phi+0.60,2,-0.0032820497659195092,1.1614318397746153,3293.537185813042,12.0,1080.4292359274211,66.58333333333333,1042.1604475145275,61.333333333333336
10,77,phi+0.90,0,0.06215306142690215,3.973680468786714,2164.8306909280805,11.166666666666666,1074.1997171472533,66.08333333333333,1012.6798295184361,59.916666666666664
10,77,phi+0.90,1,0.060242340625651064,4.7685820555033684,2116.0817258490724,11.083333333333334,1050.7767449559435,64.58333333333333,996.9248887688269,59.083333333333336
10,77,phi+0.90,2,0.03583939087881792,4.590053558929938,2490.7414497353043,12.083333333333334,1059.9143208571757,64.16666666666667,1025.9629062446963,60.25
10,77,phi+0.99,0,0.08052809702156792,6.93873605963472,1971.9460780639013,11.083333333333334,1062.6532574604682,64.0,1018.2565996087483,58.916666666666664
10,77,phi+0.99,1,0.2209829946330824,18.425589806213505,1718.8516107630821,10.416666666666666,1028.2349303049796,62.833333333333336,981.6597650340591,57.333333333333336
10,77,phi+0.99,2,0.08496240820513916,6.855200608808525,1968.0209021316034,11.0,1064.9978566916109,64.33333333333333,1010.8252174595174,58.666666666666664
10,77,sorted,0,0.208096494367149,19.556787532438825,1674.4970461374417,10.583333333333334,1001.7538237581701,60.583333333333336,964.0278199460905,55.666666666666664
10,78,real,0,0.06453362604469659,9.62765449477969,2020.4897713894186,6.75,1047.9522806433624,63.833333333333336,998.912204193214,58.0
10,78,phi-0.60,0,0.01089856139479556,1.0,2570.7684961467126,7.25,1092.6251826512416,66.16666666666667,1017.3632994369365,58.333333333333336
10,78,phi-0.60,1,0.008032146452754725,1.0,2535.33105117434,7.25,1079.9814692393963,63.75,1017.2273762995029,59.666666666666664
10,78,phi-0.60,2,0.004663056832215416,1.0,2099.898166959028,7.25,1099.7363773124782,66.75,1011.1006193076119,59.166666666666664
10,78,phi-0.30,0,0.0006926793949637723,1.0,2427.4174102919064,7.583333333333333,1093.1865369805787,65.66666666666667,1019.062682450941,59.333333333333336
10,78,phi-0.30,1,-0.006156084949398019,1.0,2614.2109855548106,7.333333333333333,1091.2603207977465,63.333333333333336,1021.733565155267,59.416666666666664
10,78,phi-0.30,2,-0.0024719354677407435,1.0,2377.884614360727,7.166666666666667,1099.127087856094,65.66666666666667,1030.80637675622,60.25
10,78,phi+0.00,0,-0.006722491298441427,1.0,2471.4933624046453,7.25,1091.736566699177,66.33333333333333,1014.2794507504569,59.166666666666664
10,78,phi+0.00,1,0.0017131748281079549,1.059133577939492,2431.4348059289628,7.333333333333333,1109.6274630068933,64.58333333333333,1023.405298612499,59.833333333333336
10,78,phi+0.00,2,-0.004263783090808409,1.0,2476.784998458433,7.166666666666667,1093.9856980366037,65.0,1015.5135661566698,59.416666666666664
10,78,phi+0.30,0,-5.239702219185791e-05,1.6190689765320494,2346.4888663765364,7.25,1094.221136228394,64.41666666666667,1018.5296981166451,60.583333333333336
10,78,phi+0.30,1,-0.004174544320746551,1.7240158491101836,2133.3165499014153,7.25,1071.1440138555265,64.41666666666667,1009.3235413333117,59.916666666666664
10,78,phi+0.30,2,0.0005239060917932658,1.4053105664416656,2348.6570456733853,7.416666666666667,1117.9349291483081,66.08333333333333,1012.7768591970157,58.75
10,78,phi+0.60,0,0.031129982114625317,3.3624091916872008,2092.2120096009653,7.25,1085.7011146056514,65.66666666666667,1003.2843331821119,57.833333333333336
10,78,phi+0.60,1,0.03724831810536232,4.092415482066204,2200.1938014059797,7.083333333333333,1072.488363968922,63.25,1013.3578745314888,60.083333333333336
10,78,phi+0.60,2,0.01549022303578205,2.642072124871973,2764.000934658908,7.333333333333333,1111.6460715161397,65.75,1037.7816678140669,60.166666666666664
10,78,phi+0.90,0,0.17098652645369208,12.794446219614146,2128.802373499497,6.666666666666667,1078.7933138490584,63.916666666666664,990.3072967858656,57.333333333333336
10,78,phi+0.90,1,0.16831625765404878,13.24811794980381,2435.6325463934068,7.333333333333333,1123.8951109406714,65.0,1036.3186525488743,60.166666666666664
10,78,phi+0.90,2,0.10753754465468152,9.42755807488569,2047.770905861654,7.25,1081.856151351545,63.833333333333336,997.7116372096731,58.25
10,78,phi+0.99,0,0.4898344102007835,33.215617824494025,3281.046218376209,7.166666666666667,1181.4231364788236,61.5,1027.7186979329695,56.833333333333336
10,78,phi+0.99,1,0.74344376003195,73.45181708553973,1763.1062308552855,6.416666666666667,1017.6297159090882,60.666666666666664,972.5234245948956,56.75
10,78,phi+0.99,2,0.6290558720665573,57.428179620486695,2246.2909041540356,6.583333333333333,1142.21547831,60.583333333333336,1035.9013328017547,57.833333333333336
10,78,sorted,0,0.8005939584204179,83.65983673318236,1761.0889944208438,6.25,1008.3905314740636,58.5,961.0790619006807,55.666666666666664
10,79,real,0,-0.002916507387612872,1.0,1500.9129552646202,9.083333333333334,906.4647751467206,51.916666666666664,888.6114728979929,50.666666666666664
10,79,phi-0.60,0,-0.002916507387612872,1.0,1505.9129552646202,9.583333333333334,909.990627785541,52.25,893.9001904366824,51.166666666666664
10,79,phi-0.60,1,-0.002916507387612872,1.0,1504.2462885979537,9.416666666666666,909.3897230590934,52.166666666666664,890.7995803368902,50.916666666666664
10,79,phi-0.60,2,0.004170003920815926,1.0,1501.0183118575294,9.0,906.4462317432436,51.833333333333336,891.1479692007262,50.666666666666664
10,79,phi-0.30,0,-0.002916507387612872,1.0,1505.079621931287,9.5,910.4671236767712,52.333333333333336,890.8667241664284,50.916666666666664
10,79,phi-0.30,1,0.004170003920815926,1.0,1498.4129552646202,8.833333333333334,904.7265489684356,51.666666666666664,888.185149998344,50.666666666666664
10,79,phi-0.30,2,-0.0024194245653984463,1.0,1505.9129552646202,9.583333333333334,911.5349824367901,52.416666666666664,891.38986816955,50.833333333333336
10,79,phi+0.00,0,-0.002916507387612872,1.0,1502.579621931287,9.25,907.5523799809267,52.0,889.8518166650106,50.833333333333336
10,79,phi+0.00,1,-0.002916507387612872,1.0,1513.4820738141216,9.75,918.8329679276197,52.75,898.4216693645147,51.166666666666664
10,79,phi+0.00,2,-0.002916507387612872,1.0,1506.1477456304099,9.416666666666666,911.8593055852963,52.333333333333336,891.5164848514087,50.833333333333336
10,79,phi+0.30,0,-0.002916507387612872,1.0,1503.4129552646202,9.333333333333334,909.0257474727928,52.166666666666664,890.2419034769463,50.833333333333336
10,79,phi+0.30,1,0.005587306182501687,1.0,1505.079621931287,9.5,909.2898038714006,52.166666666666664,892.0988978168006,50.916666666666664
10,79,phi+0.30,2,-0.002916507387612872,1.0,1502.579621931287,9.25,908.5473526989405,52.083333333333336,889.8518166650106,50.833333333333336
10,79,phi+0.60,0,-0.002916507387612872,1.0,1507.579621931287,9.75,910.0348932164352,52.25,892.3518166650106,51.083333333333336
10,79,phi+0.60,1,-0.0022657807839867147,1.0,1505.079621931287,9.5,910.7304086377962,52.083333333333336,892.007000346647,51.0
10,79,phi+0.60,2,-0.002916507387612872,1.0,1508.4129552646202,9.833333333333334,912.9113809787314,52.583333333333336,893.301352487395,51.166666666666664
10,79,phi+0.90,0,0.005587306182501686,1.9748975175258756,1508.1319981917138,9.333333333333334,909.2010944455114,52.083333333333336,893.4930362985806,51.0
10,79,phi+0.90,1,0.004170003920815926,2.385915173414746,1500.079621931287,9.0,907.2117559455552,52.0,887.3518166650106,50.583333333333336
10,79,phi+0.90,2,-0.002916507387612872,1.4874508479516109,1511.8154071474548,9.583333333333334,917.144621138194,52.416666666666664,897.5883360311814,51.083333333333336
10,79,phi+0.99,0,0.039886020915297075,2.5609842461361234,1491.7462885979537,8.166666666666666,897.2265489684356,50.916666666666664,879.8518166650106,49.833333333333336
10,79,phi+0.99,1,0.004170003920815926,1.5860950853649398,1490.079621931287,8.0,897.433414075551,50.916666666666664,882.4454468616295,50.083333333333336
10,79,phi+0.99,2,0.039886020915297075,1.4874508479516109,1497.579621931287,8.75,903.9651659761483,51.666666666666664,884.8518166650106,50.333333333333336
10,79,sorted,0,0.025410229670363414,3.9676177136955126,1490.9129552646202,8.083333333333334,896.2784446518817,50.916666666666664,879.0184833316772,49.75
10,80,real,0,-0.005142457387853834,1.1517557123594115,2161.968697297761,5.916666666666667,1084.5647615466983,59.166666666666664,962.5308836551591,51.583333333333336
10,80,phi-0.60,0,0.004402136904507607,1.0,2350.7331333060188,5.916666666666667,1089.939050540301,57.75,980.7923423280027,51.916666666666664
10,80,phi-0.60,1,0.003919360034241073,1.0,2154.552176322178,5.916666666666667,1087.4721091909269,59.5,966.2889064762262,51.75
10,80,phi-0.60,2,0.0037009577278059092,1.0,2405.8432099851348,5.916666666666667,1090.6671841482466,58.75,981.7435949226127,52.416666666666664
10,80,phi-0.30,0,0.0031563014078524933,1.0,2290.969133747437,5.916666666666667,1073.627041180926,57.75,979.5050411977462,53.416666666666664
10,80,phi-0.30,1,0.0038712928654060634,1.0,2256.0537824777552,5.916666666666667,1093.1305631205132,58.833333333333336,980.7769249343451,52.083333333333336
10,80,phi-0.30,2,0.004774563827789554,1.0,2404.414710902917,5.916666666666667,1113.7213188476605,59.166666666666664,989.3522776491724,53.75
10,80,phi+0.00,0,-0.003892844659160278,1.0450014839354411,2071.128575666728,5.916666666666667,1080.3283843236088,60.0,958.6334601619627,52.5
10,80,phi+0.00,1,-0.0037514383025460535,1.0,2206.6766533117593,5.916666666666667,1058.1884023478997,57.166666666666664,979.2769456786976,52.666666666666664
10,80,phi+0.00,2,0.0002461462433846386,1.0,2334.9333655752034,5.916666666666667,1072.8351253060243,57.333333333333336,975.46038851209,51.916666666666664
10,80,phi+0.30,0,0.014730263278648341,1.7913834871918595,2155.3648535372904,5.916666666666667,1075.0991055491218,57.666666666666664,952.0432371814662,52.25
10,80,phi+0.30,1,0.0032338591047330794,1.524682112241373,2339.852176943859,5.916666666666667,1096.2380825115758,58.166666666666664,968.2597528278029,51.666666666666664
10,80,phi+0.30,2,-0.0009141781798477978,1.5037280726603113,2496.634940099505,5.916666666666667,1106.6019041556385,59.083333333333336,966.873626462142,51.75
10,80,phi+0.60,0,0.025988666645826938,3.5804726420178543,2059.929827048416,5.916666666666667,1072.6173871063513,57.916666666666664,974.6978523249012,52.25
10,80,phi+0.60,1,0.021795896677920954,2.73751633845099,2135.5774438102694,5.916666666666667,1100.5051124082418,59.5,952.0322556548207,51.583333333333336
10,80,phi+0.60,2,0.005102539327095162,3.3261121679333967,2503.3720925800767,5.916666666666667,1115.1055960198412,59.916666666666664,960.5122822890711,51.5
10,80,phi+0.90,0,0.07916773760859704,9.799783737936636,2266.5435994329805,5.916666666666667,1078.4567294075277,57.583333333333336,975.1341047401796,52.25
10,80,phi+0.90,1,0.17878385623626994,13.823419158832625,2195.4188891979807,5.916666666666667,1075.7767883766303,58.0,968.7560069988614,53.5
10,80,phi+0.90,2,0.17894437123914678,13.024444193041491,2170.573524278867,5.916666666666667,1096.9622002426418,58.5,969.1060428971291,52.166666666666664
10,80,phi+0.99,0,0.7261013828170093,78.2071753408239,1924.3570667596132,5.916666666666667,1096.030359625684,57.75,958.8518525712417,51.583333333333336
10,80,phi+0.99,1,0.8739527995672896,99.0257136959824,2914.3982836357136,5.916666666666667,1273.1942117522847,58.333333333333336,1023.3491019949466,50.833333333333336
10,80,phi+0.99,2,0.7771974021893937,85.64319488103885,2375.2410835166515,5.916666666666667,1213.3288106248442,56.166666666666664,1015.1341534341253,51.5
10,80,sorted,0,0.9684540387158129,113.78386135624218,1684.897638873773,5.916666666666667,1017.5381345949559,57.166666666666664,931.847210296572,50.833333333333336
10,82,real,0,0.0029083182685352197,2.16057212842271,2673.102560939499,6.0,1090.6929652304173,57.0,991.505023715962,53.25
10,82,phi-0.60,0,0.00428100145445215,1.0,2056.230466959371,6.0,1045.960909336364,56.333333333333336,960.6176761355126,53.5
10,82,phi-0.60,1,0.005130031425000769,1.0,1998.987991657852,6.0,1049.676460840581,58.083333333333336,979.8707381073826,54.166666666666664
10,82,phi-0.60,2,0.005836709065158,1.0,2043.1206382751136,6.0,1047.6275887194206,58.5,977.9542068886639,54.833333333333336
10,82,phi-0.30,0,0.0033772435921774306,1.0,2239.6047018400545,6.0,1066.558453456221,57.916666666666664,989.7360969558805,54.833333333333336
10,82,phi-0.30,1,0.00011061648111629615,1.0,2033.5293305423172,6.0,1059.0971254514284,58.416666666666664,966.7840192201771,53.75
10,82,phi-0.30,2,-0.0021460866389118407,1.0,2060.0188763830092,6.0,1034.700498071276,56.416666666666664,971.220849376448,54.75
10,82,phi+0.00,0,0.004371915547811353,1.0,2148.7029843000473,6.0,1049.1106713083311,57.166666666666664,976.4838379814352,53.833333333333336
10,82,phi+0.00,1,-0.0007446937393025317,1.1290616261285857,2254.1673034533133,6.0,1039.1465270952315,57.916666666666664,985.2492084104065,55.0
10,82,phi+0.00,2,-0.008076436873494127,1.0,2533.8717928982,6.0,1059.8647283712965,56.333333333333336,984.8177811590185,55.166666666666664
10,82,phi+0.30,0,-0.009473941999374258,1.3240765432173252,2423.8376237543616,6.0,1074.4649166840734,58.75,986.8733376816771,54.666666666666664
10,82,phi+0.30,1,0.00835987421539354,1.4684405785035048,2272.362125136584,6.0,1061.2754034534053,57.916666666666664,979.0746370825327,53.833333333333336
10,82,phi+0.30,2,-0.0025746389276741404,1.764436996793354,2492.5694902896794,6.0,1071.4979966718004,57.416666666666664,973.1566913798956,54.666666666666664
10,82,phi+0.60,0,0.03730105997441855,2.7794058202287184,2047.806792951457,6.0,1054.454415213881,57.5,972.8203942365499,54.833333333333336
10,82,phi+0.60,1,0.012886439074225516,2.807161962278419,2506.9683525110413,6.0,1080.2585874014876,57.333333333333336,978.290634014301,54.833333333333336
10,82,phi+0.60,2,0.015304335274255624,2.4495820500212675,2597.291483274465,6.0,1092.4413193640746,58.833333333333336,978.1704500849495,55.0
10,82,phi+0.90,0,0.08392204629663248,8.180381941825868,2023.16664490357,6.0,1071.6308529389955,56.416666666666664,979.9808415882508,55.25
10,82,phi+0.90,1,0.2795877168957325,22.71309114054643,2470.767485505989,6.0,1095.9271151736182,57.333333333333336,990.2833085615015,55.166666666666664
10,82,phi+0.90,2,0.16895184458696902,12.404327162374548,2438.251372618464,6.0,1093.6747125369109,58.5,997.3991804910593,54.666666666666664
10,82,phi+0.99,0,0.6175091216620234,60.614794463935034,2213.8205062354605,6.0,1134.5675605943823,56.75,1018.7744524594565,55.083333333333336
10,82,phi+0.99,1,0.5516750566297369,52.34862850265008,2042.8896547064005,6.0,1085.3308147500552,57.0,974.8749867807786,54.166666666666664
10,82,phi+0.99,2,0.6660988167887886,64.92961441814305,2249.7381086099626,6.0,1130.2525187753915,56.416666666666664,1002.9493814220081,53.25
10,82,sorted,0,0.9637207553165069,112.7011227786509,1690.5731295463047,6.0,987.8117708873173,54.416666666666664,956.1404722420135,54.0
10,81,real,0,0.07196616773335235,10.387056220005693,1683.283044041942,9.333333333333334,1056.609816309833,66.16666666666667,1011.7525477853069,60.0
10,81,phi-0.60,0,0.0024849915885694243,1.0,2259.8000218086986,9.833333333333334,1101.7190167167087,67.58333333333333,1063.4466873187803,62.166666666666664
10,81,phi-0.60,1,-0.00102022106179837,1.0,2464.3640447119155,9.75,1097.8899583076247,68.33333333333333,1046.853311807763,62.583333333333336
10,81,phi-0.60,2,0.0016903211699948976,1.0,2182.195225228684,9.833333333333334,1097.3291953896553,67.75,1058.9133116380162,63.166666666666664
10,81,phi-0.30,0,-0.008528336121998397,1.0,2422.269937014711,9.916666666666666,1103.6886562076727,68.41666666666667,1037.232291185691,60.166666666666664
10,81,phi-0.30,1,-0.0043231704379954345,1.0,3318.140470887582,9.833333333333334,1105.319397210226,67.58333333333333,1036.5432648889257,60.416666666666664
10,81,phi-0.30,2,0.00879774042089447,1.0,2210.7058651529446,9.583333333333334,1088.9768217522958,67.75,1029.9690464518287,60.75
10,81,phi+0.00,0,0.0009766557612152166,1.0,2286.141944130994,10.0,1102.4907637221088,68.66666666666667,1035.4265215649896,61.5
10,81,phi+0.00,1,0.004180837968093121,1.0093205640201668,2277.9087367277166,9.5,1113.2730356184447,69.66666666666667,1053.6819163718633,61.833333333333336
10,81,phi+0.00,2,-0.003170859707138539,1.0,2617.0987307923892,9.916666666666666,1099.1707005728008,67.41666666666667,1038.105417145213,61.916666666666664
10,81,phi+0.30,0,0.0038241801734340154,1.4439978592406186,2545.3986406959616,10.25,1108.996780933516,68.91666666666667,1036.8379983769564,60.666666666666664
10,81,phi+0.30,1,0.0019452814648324164,1.4462010480636665,3182.9604633543554,10.0,1106.6828801427826,67.5,1085.3268795504794,64.25
10,81,phi+0.30,2,-0.004698391627268788,1.1707013406368487,2257.725939812146,10.083333333333334,1096.8122037046408,69.0,1038.6243754625395,62.083333333333336
10,81,phi+0.60,0,0.014662351352003852,2.141293390796334,2468.7933266834757,9.583333333333334,1113.324115982961,69.33333333333333,1055.4097095840116,61.25
10,81,phi+0.60,1,0.006005825874138598,1.8626086002599385,2724.051190152961,10.166666666666666,1121.7924899263523,68.83333333333333,1059.7092819777947,61.333333333333336
10,81,phi+0.60,2,0.006453321070312371,2.0088427458085896,2001.8007402625642,9.333333333333334,1067.5932972031776,65.75,1016.7753706977819,60.25
10,81,phi+0.90,0,0.055541332828142845,6.803605807961377,2101.8506711866944,9.333333333333334,1124.7630507126194,69.33333333333333,1022.2116250710807,60.0
10,81,phi+0.90,1,0.11114285834651015,9.080463064437508,2284.330726215612,9.583333333333334,1136.954321699557,68.91666666666667,1075.009849910677,62.666666666666664
10,81,phi+0.90,2,0.12279285658159672,11.322060909803987,2723.848412312301,9.25,1128.102592013276,67.0,1044.697889025755,61.166666666666664
10,81,phi+0.99,0,0.4930074939771276,41.60990214447368,1827.8896850647013,8.75,1096.1736722190135,63.666666666666664,1041.4215877159343,59.416666666666664
10,81,phi+0.99,1,0.4243169726479353,31.01556302957426,2809.8483082359235,8.5,1227.0602481561496,63.833333333333336,1098.0449478661671,59.5
10,81,phi+0.99,2,0.29376960187089385,19.78931983279044,2709.710395551347,8.666666666666666,1171.822659047597,67.08333333333333,1077.4149338958066,60.333333333333336
10,81,sorted,0,0.44160592608834487,43.41535137304528,1673.283044041942,8.333333333333334,1010.5268591309359,61.75,979.7435815273592,57.333333333333336
10,83,real,0,0.03266257849077408,1.0,2130.5885062557345,6.0,1107.575050034409,50.416666666666664,975.0178710220313,49.333333333333336
10,83,phi-0.60,0,0.00010334911414367876,1.0,2134.2649141625984,6.0,1115.2296072903416,50.833333333333336,982.5338367240596,49.583333333333336
10,83,phi-0.60,1,0.005133124170807143,1.0,2134.3994915768994,6.0,1123.386732993821,51.25,969.7678274755609,48.833333333333336
10,83,phi-0.60,2,-0.006542137051413475,1.0,2169.6713787165095,6.0,1119.3519730170804,50.833333333333336,980.254178285997,49.5
10,83,phi-0.30,0,0.015538802635832589,1.0,2127.14183275834,6.0,1112.4153540358977,50.333333333333336,974.0179932281567,49.5
10,83,phi-0.30,1,-0.0007176477355092255,1.0,2140.135693119968,6.0,1108.6857177377394,50.25,972.7634067755836,49.25
10,83,phi-0.30,2,0.0044604680433107495,1.0,2138.176091575842,6.0,1111.2841512763016,50.416666666666664,977.2221346786064,49.583333333333336
10,83,phi+0.00,0,-0.0031793018815655643,1.0062559804808668,2164.1572334677508,6.0,1115.08083464835,50.583333333333336,974.4077135372726,49.25
10,83,phi+0.00,1,0.000887372150165953,1.0,2125.5379686297724,6.0,1110.1913665590116,50.416666666666664,973.1255922692584,49.166666666666664
10,83,phi+0.00,2,0.004825306035641584,1.0,2135.64516275513,6.0,1111.5168508606855,50.333333333333336,975.6814182639118,49.666666666666664
10,83,phi+0.30,0,0.01343886820866836,1.6900509732103366,2138.1161106834984,6.0,1117.4694136036933,50.75,973.3187004136472,49.333333333333336
10,83,phi+0.30,1,0.013513261303563635,1.1940728194913808,2130.524028726066,6.0,1110.8248221966985,50.666666666666664,978.1943218780169,49.5
10,83,phi+0.30,2,0.003886705730585362,1.5227101082051473,2132.362968009094,6.0,1115.7044340380626,50.916666666666664,977.2335170547982,49.333333333333336
10,83,phi+0.60,0,0.010963404565954786,2.1753816667003933,2137.319434461358,6.0,1104.6809252402056,49.583333333333336,976.5163109521768,49.333333333333336
10,83,phi+0.60,1,0.012764875678269637,2.3938160021045514,2139.78911814613,6.0,1115.9784400288293,50.583333333333336,975.7545394588759,48.833333333333336
10,83,phi+0.60,2,0.011779946739266623,1.8967541346623613,2132.770982857778,6.0,1117.7056235043271,51.166666666666664,975.9485141464862,49.5
10,83,phi+0.90,0,0.16103699581910874,12.15842181795055,2135.863730625519,6.0,1114.614122056341,50.25,978.3423237344185,49.666666666666664
10,83,phi+0.90,1,0.08710139618403578,6.504490600346326,2149.2544602494536,6.0,1108.9871365269194,49.916666666666664,975.846712008642,49.583333333333336
10,83,phi+0.90,2,0.1778765633234921,17.664830183252054,2127.641982809248,6.0,1112.8873112706667,50.166666666666664,974.6388854122059,49.583333333333336
10,83,phi+0.99,0,0.41484752596123076,31.63916000803661,2138.02042251456,6.0,1117.6694361518585,50.5,972.6423820979685,49.416666666666664
10,83,phi+0.99,1,0.23517973790403984,16.713529365425813,2178.863747423357,6.0,1122.6606641010233,50.916666666666664,976.8618058318392,49.333333333333336
10,83,phi+0.99,2,0.5858491866645706,57.48893105137939,2126.5670287844655,6.0,1114.162103500846,51.0,974.367740220449,49.333333333333336
10,83,sorted,0,0.8634004688986087,89.75285726055675,2126.5670287844655,6.0,1112.6581951642995,50.833333333333336,973.4323415376715,49.333333333333336
10,84,real,0,-0.0037358748124385905,2.2256474311381034,2183.1429153188787,6.0,1071.524618733335,54.75,955.4799533706154,49.0
10,84,phi-0.60,0,0.0033064744068526555,1.0,2104.303225920575,6.0,1079.1963032733154,56.166666666666664,963.8471507041231,50.25
10,84,phi-0.60,1,0.007680240509824038,1.0,2247.5034292418563,6.0,1084.1241135136972,54.75,976.9789008798722,50.166666666666664
10,84,phi-0.60,2,0.01076265737000894,1.0,2128.552352650112,6.0,1070.056248825371,55.583333333333336,968.4738417795779,50.25
10,84,phi-0.30,0,-0.0003869774694963403,1.0,2512.3543382805533,6.0,1108.1498091630344,56.583333333333336,958.2437420381435,49.166666666666664
10,84,phi-0.30,1,0.0002728895474399182,1.0,2253.931483183878,6.0,1086.3522812355461,56.416666666666664,986.903056164659,51.333333333333336
10,84,phi-0.30,2,0.000573152376635232,1.0,2106.5242928249995,6.0,1079.223590053283,57.083333333333336,968.7609867311272,49.75
10,84,phi+0.00,0,0.0019717859696227282,1.0,2242.8932598808146,6.0,1111.3826360434189,57.666666666666664,982.7318820225919,50.833333333333336
10,84,phi+0.00,1,-0.0010822778498017387,1.1113592153629717,2124.413927175023,6.0,1103.7257333028622,55.833333333333336,979.49209658687,50.166666666666664
10,84,phi+0.00,2,0.0037121483170386013,1.0045609495849077,2031.2070251412679,6.0,1071.9785370944853,56.666666666666664,955.4741457429095,50.333333333333336
10,84,phi+0.30,0,0.004852937515831834,1.5380004690690285,2151.7922751972765,6.0,1056.9728038525855,54.666666666666664,958.1336248294564,49.916666666666664
10,84,phi+0.30,1,-0.007298166093735679,1.44159659201016,2230.9039880707273,6.0,1069.907033198029,54.333333333333336,953.1660598307677,49.916666666666664
10,84,phi+0.30,2,0.005157518389308694,2.1132064686786878,2581.868721129009,6.0,1099.5310677762982,56.25,989.7485273061003,50.75
10,84,phi+0.60,0,0.028821131309659194,3.6135497014365514,2370.193527817482,6.0,1087.2549159973428,54.5,969.7117314504306,50.5
10,84,phi+0.60,1,-0.0007419778600253466,3.259244206609102,2221.6311136801282,6.0,1082.4733346422709,55.166666666666664,977.6126878674362,50.583333333333336
10,84,phi+0.60,2,-0.002785492316266086,3.1775886908575703,2050.668651361299,6.0,1061.5218923309974,56.416666666666664,977.664014141564,50.083333333333336
10,84,phi+0.90,0,0.13781882433100112,11.570438217636486,1849.0769768542161,6.0,1064.805554846481,54.833333333333336,957.8841258960765,49.166666666666664
10,84,phi+0.90,1,0.18151152689966596,13.124861858889563,2410.8804397063664,6.0,1124.3162435420245,55.583333333333336,975.0441007734579,50.583333333333336
10,84,phi+0.90,2,0.1414726518010018,12.129020801958566,2668.0316362469966,6.0,1162.1764499317671,55.583333333333336,994.9269870318244,51.583333333333336
10,84,phi+0.99,0,0.6899701628929782,66.75924606220491,2091.3853680164325,6.0,1130.8402628368115,55.833333333333336,967.8290352119235,48.916666666666664
10,84,phi+0.99,1,0.6488333297847546,60.189194683828035,2243.033028116828,6.0,1162.661992520939,53.25,1004.964068592742,50.333333333333336
10,84,phi+0.99,2,0.6552260673422781,61.606261880852124,1920.7144399469444,6.0,1049.2114604197843,54.5,974.5348274873064,50.583333333333336
10,84,sorted,0,0.9573612132381994,111.24637752823811,1609.7245367202734,6.0,1005.2966141040441,53.833333333333336,935.4707470998839,49.166666666666664
10,85,real,0,0.2469127342066688,29.973218628350715,1761.835340221817,6.666666666666667,1061.7668076730006,61.583333333333336,967.8158603526816,55.333333333333336
10,85,phi-0.60,0,0.009416958204907814,1.0,2145.294127907526,6.416666666666667,1091.4062137980043,63.25,981.8042037943133,54.0
10,85,phi-0.60,1,0.007741141792432755,1.0,2087.2061777113017,6.416666666666667,1140.8549758817576,66.16666666666667,987.0268680110504,54.833333333333336
10,85,phi-0.60,2,0.0010974056845185585,1.0,2176.669328077883,7.0,1111.0338105758856,64.33333333333333,974.8781263772989,54.25
10,85,phi-0.30,0,-0.0011297168525720013,1.0,2165.2355652725196,6.75,1112.7248517526439,63.833333333333336,976.0419919352131,54.666666666666664
10,85,phi-0.30,1,0.0029937206246127483,1.0,2235.9496832037407,6.75,1093.5858145237808,63.666666666666664,969.3733340321847,55.333333333333336
10,85,phi-0.30,2,0.0012047520780813536,1.0,2215.1158138296655,6.75,1120.2581496306316,62.5,989.0936450150613,54.833333333333336
10,85,phi+0.00,0,-9.08849410608369e-05,1.0474045176299351,2645.0565499246673,6.583333333333333,1101.6510060542075,63.166666666666664,1002.7664138679675,55.666666666666664
10,85,phi+0.00,1,0.003302943012103821,1.0,2466.258601262116,6.75,1092.0782199631205,62.833333333333336,980.777271067965,54.25
10,85,phi+0.00,2,0.0024816837558235953,1.0,2431.7498558016628,6.666666666666667,1129.8160229426087,64.0,975.4250958592693,54.166666666666664
10,85,phi+0.30,0,-0.0037155623854820716,1.5370734728068536,1998.6908028860755,6.5,1107.4583195670791,64.25,967.2542445653098,54.416666666666664
10,85,phi+0.30,1,8.25788077897109e-05,1.8521978135885329,2209.311017282653,6.833333333333333,1106.5823233301774,63.916666666666664,967.8027690575788,53.666666666666664
10,85,phi+0.30,2,0.0039171737947784595,1.4809300773788556,2130.437028477377,6.833333333333333,1114.0584866354222,64.25,988.9577179800896,54.916666666666664
10,85,phi+0.60,0,0.034238228575822774,3.013289529047312,2167.6240984749174,6.666666666666667,1093.9504938077455,63.083333333333336,987.6639574563405,54.833333333333336
10,85,phi+0.60,1,0.03380403095358725,3.3082227654698633,2712.97487484795,6.833333333333333,1134.221881973485,64.66666666666667,994.6431310856775,54.916666666666664
10,85,phi+0.60,2,0.005607886394034884,3.5623655778507817,2709.9554556045814,6.333333333333333,1149.5999429455371,63.333333333333336,985.1960760440148,53.833333333333336
10,85,phi+0.90,0,0.1868724066683202,13.872211660405625,2421.7842593698333,6.25,1101.5552588242422,61.166666666666664,970.1367800592534,53.833333333333336
10,85,phi+0.90,1,0.1857664361064423,15.670545696590388,2241.6277733121437,6.416666666666667,1127.1724463688445,64.83333333333333,980.3744492717838,53.5
10,85,phi+0.90,2,0.2889702360086795,19.994528100025807,2230.132922148306,6.416666666666667,1142.4737445589399,63.25,990.005078223138,53.333333333333336
10,85,phi+0.99,0,0.5328304745189879,44.5123323482972,1964.80913856178,6.5,1087.5429547455112,60.666666666666664,967.7080604457419,53.75
10,85,phi+0.99,1,0.8132239009375712,87.37837106938443,1923.7171244482663,6.333333333333333,1114.0937967376587,59.75,975.1630274744722,53.333333333333336
10,85,phi+0.99,2,0.7423607806361784,74.39203063344067,2028.9318004993986,6.416666666666667,1132.9122617500245,59.583333333333336,985.0705997815744,53.666666666666664
10,85,sorted,0,0.8416695911289234,93.75691226860732,1712.6348925167483,6.166666666666667,997.2511668845392,57.916666666666664,937.0817819471426,52.75
10,86,real,0,-0.006154086427213005,1.04318945618546,1873.8164935680634,6.0,1091.3441356955109,56.5,941.403270621891,50.166666666666664
10,86,phi-0.60,0,0.009694500775603245,1.0,2028.5147267970651,6.166666666666667,1073.5365149516172,56.916666666666664,957.9174597916594,51.916666666666664
10,86,phi-0.60,1,0.007607423133454748,1.0,2750.990622812926,6.083333333333333,1101.4194881851392,55.583333333333336,955.0104027469202,51.0
10,86,phi-0.60,2,0.011477647940833717,1.0,2046.4470437155567,6.0,1082.681447452566,56.166666666666664,945.07843818404,51.75
10,86,phi-0.30,0,0.0025476014339759867,1.0,1955.9972584602945,6.166666666666667,1092.2918344912039,55.916666666666664,953.9314102207599,51.0
10,86,phi-0.30,1,-0.003689052898411852,1.0,2203.5022826687523,6.166666666666667,1083.7682700426296,56.833333333333336,959.6605232651056,51.0
10,86,phi-0.30,2,-0.0038815526379778757,1.0,2161.2643953288357,6.333333333333333,1078.4969797679864,56.083333333333336,955.0304488427215,51.833333333333336
10,86,phi+0.00,0,-0.0011773473744759162,1.152794985024868,2059.5742421418736,6.166666666666667,1088.043980770589,57.25,951.2735156370094,51.166666666666664
10,86,phi+0.00,1,0.001820836007620729,1.1040315415187112,2202.3516652361172,6.5,1078.4121065364454,57.25,970.8338840683955,53.0
10,86,phi+0.00,2,-0.0027310063886397135,1.0630103817059444,2193.232982113558,6.166666666666667,1086.9453531572105,56.333333333333336,961.9575281670432,52.583333333333336
10,86,phi+0.30,0,0.0005335231705970967,1.7518663713749327,2080.861544577748,6.083333333333333,1068.901256440661,55.0,961.2654906540834,50.916666666666664
10,86,phi+0.30,1,-0.0001159161607546132,1.7369715366025753,2026.0181494641513,6.25,1067.7252616358528,55.916666666666664,944.625797640089,51.666666666666664
10,86,phi+0.30,2,0.012302848890222503,1.813126004286942,1897.0855263239116,6.083333333333333,1059.3145250228329,55.833333333333336,951.9779495182878,50.833333333333336
10,86,phi+0.60,0,0.026351523203497058,3.888910223365336,2162.73422156094,6.083333333333333,1114.7401927359708,56.5,955.5450718510515,51.416666666666664
10,86,phi+0.60,1,0.022927538138166136,3.461986174848935,2104.2160121852976,6.166666666666667,1072.779730891199,57.0,936.7707508190998,51.166666666666664
10,86,phi+0.60,2,0.01998813015258874,3.801573448131585,2100.866788068288,6.166666666666667,1075.0837132688837,55.166666666666664,937.64486932292,50.25
10,86,phi+0.90,0,0.19981679924285048,14.431166507942491,2109.334535574604,6.083333333333333,1094.1100945740493,57.166666666666664,958.6209280145314,51.666666666666664
10,86,phi+0.90,1,0.17931021643861753,13.371629276831575,1876.0049568415868,6.25,1046.6874154123573,55.666666666666664,949.6634534727194,51.75
10,86,phi+0.90,2,0.17543287507172137,12.805678553320684,1876.30181730406,6.083333333333333,1060.3688187445152,54.416666666666664,941.5663344555934,51.5
10,86,phi+0.99,0,0.7563000475883311,79.75548723940017,2026.7975054193764,6.083333333333333,1069.964599449355,52.416666666666664,963.12692520437,52.0
10,86,phi+0.99,1,0.6905835659732793,65.90761993143792,2595.788335093733,6.083333333333333,1222.6384149986868,54.083333333333336,1002.2722046881581,50.583333333333336
10,86,phi+0.99,2,0.6422150490136953,55.40262119271561,2135.22682026131,6.083333333333333,1125.211050113048,53.5,957.8100485753966,51.833333333333336
10,86,sorted,0,0.8476124372552767,93.31825946225784,1728.0870754193418,6.0,1014.989019098804,53.0,925.3461050291871,49.916666666666664
10,87,real,0,0.11502726667269816,14.583642680002175,1947.5872702742442,7.0,1128.695121605817,66.41666666666667,1014.6838823769759,58.666666666666664
10,87,phi-0.60,0,0.002800120616580174,1.0,3191.7617025695167,6.666666666666667,1149.273236772724,66.0,1055.437858489115,60.083333333333336
10,87,phi-0.60,1,0.0067156291853931625,1.0,2532.7868471969036,7.416666666666667,1139.3759554626054,66.83333333333333,1008.6631612801212,58.083333333333336
10,87,phi-0.60,2,0.008167775378598311,1.0,2108.7851496710173,6.916666666666667,1147.204361179805,66.25,1049.2724591722256,60.916666666666664
10,87,phi-0.30,0,-0.0013953451752684216,1.0,2104.49085613974,7.083333333333333,1148.300052983505,67.75,1032.4855210134997,60.083333333333336
10,87,phi-0.30,1,-0.0003706547685697961,1.0,2900.721550446902,7.166666666666667,1177.8693075079696,69.0,1042.9716648491353,60.25
10,87,phi-0.30,2,0.0015129371688584329,1.0,2218.267666066877,7.25,1160.4164209493217,68.41666666666667,1038.3922498314957,59.416666666666664
10,87,phi+0.00,0,-0.002394945025078622,1.1120151836156282,2221.1233115643004,7.166666666666667,1138.0749182226234,67.25,1031.4826142004047,58.583333333333336
10,87,phi+0.00,1,-0.0014772078520350921,1.0,2319.3269787494914,7.166666666666667,1137.578220226655,67.5,1022.2813941783915,58.166666666666664
10,87,phi+0.00,2,0.0009425066949899835,1.0,2549.364856720627,7.333333333333333,1161.535133800824,69.75,1032.7993532475796,59.333333333333336
10,87,phi+0.30,0,-0.005154076544763327,1.4191723659890412,3287.344401087998,6.583333333333333,1154.5016646612041,68.75,1038.0363196271467,59.0
10,87,phi+0.30,1,-0.0002453138183855355,1.33091044729772,2563.465052215189,7.0,1155.9413085276426,67.16666666666667,1047.441529990285,59.833333333333336
10,87,phi+0.30,2,-0.0053536682270651425,1.506861622021381,2365.05800358856,7.333333333333333,1158.7144572436025,67.66666666666667,1036.9362115984322,59.416666666666664
10,87,phi+0.60,0,0.020201505889494726,3.5458533283855966,2327.055359084831,6.833333333333333,1152.7050700996645,68.58333333333333,1037.270043429982,59.583333333333336
10,87,phi+0.60,1,-0.003835680516423518,2.453416165929924,3198.6257488216756,7.083333333333333,1159.1169357219967,67.41666666666667,1051.3307774483476,59.416666666666664
10,87,phi+0.60,2,0.0029736008034458384,2.8402719967763748,2919.5266401906533,7.333333333333333,1168.9983234592567,68.41666666666667,1025.8253906224184,59.0
10,87,phi+0.90,0,0.1160733390679917,10.32264181657943,2868.5114555681644,7.0,1164.6615935949571,66.0,1024.3552807781236,58.083333333333336
10,87,phi+0.90,1,0.12244081013322242,10.099532706050027,2595.114554406406,6.916666666666667,1147.7803980631802,65.83333333333333,1033.5645367212448,58.75
10,87,phi+0.90,2,0.16535458029261,12.108813968805169,3246.0639763466843,7.166666666666667,1197.7057603466812,66.5,1075.7006231705484,59.416666666666664
10,87,phi+0.99,0,0.714324749117606,76.14822177626017,3031.7084098288656,6.666666666666667,1357.9508732613992,64.16666666666667,1100.143212129072,56.833333333333336
10,87,phi+0.99,1,0.6207499591279118,51.95848344966429,1995.501331193563,6.583333333333333,1147.0255657442997,64.75,1020.5827253111711,58.416666666666664
10,87,phi+0.99,2,0.6495096176394801,66.25018192055089,2705.6599110862567,7.0,1188.711409537978,63.333333333333336,1043.8733871299503,59.0
10,87,sorted,0,0.8836969642642067,97.24702556096227,1544.5346127812647,6.166666666666667,1033.1636038560953,60.416666666666664,977.9666674285853,56.416666666666664
10,88,real,0,0.3583511400547366,43.09497722801869,1730.9179768958447,6.333333333333333,1036.3708685948354,61.666666666666664,928.7078137213134,53.583333333333336
10,88,phi-0.60,0,0.007447982340261764,1.0,2880.4201990160914,6.5,1107.8715129629775,62.75,966.9874673898056,53.583333333333336
10,88,phi-0.60,1,0.005972136831803938,1.0,2187.3887395012957,6.666666666666667,1097.620949579865,62.666666666666664,957.7832918287464,52.583333333333336
10,88,phi-0.60,2,0.007777393031705357,1.0,2236.163451883047,6.5,1092.4749855923342,60.916666666666664,960.3445575893428,52.416666666666664
10,88,phi-0.30,0,-0.004234182583227884,1.0,1963.3413088557327,6.75,1103.2751454193296,64.08333333333333,958.2934734121267,53.083333333333336
10,88,phi-0.30,1,0.001660283931972202,1.0,1813.3120498599528,6.333333333333333,1081.205354573082,63.083333333333336,953.8669313875013,53.25
10,88,phi-0.30,2,0.0034061442378734695,1.0,2385.8194189050696,6.333333333333333,1093.7644853131876,61.916666666666664,952.224773623671,52.333333333333336
10,88,phi+0.00,0,-0.008102018117101614,1.062333461153057,2705.9227779727184,6.666666666666667,1068.3176543444683,61.833333333333336,955.8880680715806,53.583333333333336
10,88,phi+0.00,1,0.0014625202793992803,1.0843797937946833,2088.0973515181527,6.5,1090.7811482826812,62.416666666666664,935.5775080466815,50.916666666666664
10,88,phi+0.00,2,-0.011384305834820044,1.0,2133.24283352152,6.5,1091.1474536747353,63.916666666666664,928.3086661187949,51.833333333333336
10,88,phi+0.30,0,0.001915657648360757,1.845038503736551,2204.687980731081,6.5,1082.6292272654894,60.333333333333336,952.9679258248451,53.666666666666664
10,88,phi+0.30,1,0.0028845591333658003,1.491016487884923,2369.3332829899023,6.416666666666667,1077.6309144628387,60.833333333333336,944.9909967835815,52.666666666666664
10,88,phi+0.30,2,0.015595730315017872,1.835978664757318,2217.101120668105,6.333333333333333,1100.9226368044172,64.16666666666667,962.3718058684643,53.25
10,88,phi+0.60,0,0.012831646893518829,3.516715541997769,2957.090738363822,6.583333333333333,1128.0807764920855,62.75,967.6975634859849,53.166666666666664
10,88,phi+0.60,1,0.008193532361576533,3.0583795351300522,2382.1141921541166,6.416666666666667,1077.3057636367287,61.166666666666664,943.6549676039336,52.583333333333336
10,88,phi+0.60,2,0.021536437562935093,3.693109408807623,2238.399438361903,6.583333333333333,1113.3627254552348,64.33333333333333,947.6929822053452,53.0
10,88,phi+0.90,0,0.22876568536076458,17.356480990255246,2291.6073192938834,6.416666666666667,1110.5170804111872,61.25,959.5202023507941,52.666666666666664
10,88,phi+0.90,1,0.23151182868666925,16.297871847150965,2927.666613889292,6.333333333333333,1153.9453118017216,62.0,959.3050018420892,51.666666666666664
10,88,phi+0.90,2,0.20308120766449525,15.697366345898118,2009.0336425375592,6.416666666666667,1072.9920506861474,61.333333333333336,934.8701889345344,52.416666666666664
10,88,phi+0.99,0,0.6761553803217475,58.81815631819929,3706.32903064245,6.333333333333333,1303.827304151313,59.083333333333336,1029.1575969596406,51.916666666666664
10,88,phi+0.99,1,0.7839514710685856,76.48261845702484,3096.061335285569,6.333333333333333,1355.3284108453606,60.666666666666664,1046.6615792013874,51.666666666666664
10,88,phi+0.99,2,0.6760249874536931,60.55869858539848,2548.270973366771,6.25,1177.8195096528393,60.0,981.9525746745541,52.166666666666664
10,88,sorted,0,0.8774946738928583,98.41202164525521,1645.7607746476262,6.083333333333333,979.6866146471235,56.75,910.2316559256851,50.916666666666664
10,89,real,0,0.1366423983716464,9.608420609422781,2881.326181253864,6.166666666666667,1174.9914770922624,60.333333333333336,1021.9221932546216,52.083333333333336
10,89,phi-0.60,0,0.0019885691256520174,1.0,2563.3017157174722,6.25,1131.402616482299,61.583333333333336,988.2257634710628,52.416666666666664
10,89,phi-0.60,1,0.00990821087651111,1.0,2398.234356627209,6.25,1117.1765915323929,60.333333333333336,972.2024671571154,51.916666666666664
10,89,phi-0.60,2,0.013582965650827098,1.0,2300.116475902316,6.166666666666667,1120.6249568505484,61.833333333333336,982.8258057167408,51.833333333333336
10,89,phi-0.30,0,-0.000616465358091367,1.0,2380.491694735014,6.583333333333333,1122.7358527428178,61.75,984.76972878482,52.0
10,89,phi-0.30,1,-0.0010604517545116756,1.0,2672.8630395013365,6.5,1134.0239397659645,61.916666666666664,1002.3875021879822,53.0
10,89,phi-0.30,2,0.0056758059132541545,1.0,2707.3191319161338,6.166666666666667,1145.747404869803,60.916666666666664,962.1299333024173,51.916666666666664
10,89,phi+0.00,0,-0.004361494320852628,1.059539235599573,2376.855077020881,6.416666666666667,1143.0990177224983,62.833333333333336,997.1677287375965,52.916666666666664
10,89,phi+0.00,1,-0.0019646265300226366,1.0,2443.99673740491,6.333333333333333,1094.1202273426454,60.0,982.3662366919644,51.666666666666664
10,89,phi+0.00,2,0.004588118113396284,1.0,2433.0073033676704,6.583333333333333,1105.0075834472552,59.916666666666664,977.0711111104633,52.416666666666664
10,89,phi+0.30,0,0.00034984072367728555,1.681755727590565,2772.6988445180327,6.416666666666667,1125.574479958462,60.666666666666664,987.8807876065212,53.416666666666664
10,89,phi+0.30,1,0.0004753090507168233,1.6214098526885952,2632.6657214975726,6.333333333333333,1129.1334953561307,62.0,984.8664586390283,52.0
10,89,phi+0.30,2,0.0034697309604313463,1.699005223385528,2288.4411496599073,6.083333333333333,1124.2015576225024,61.0,982.3701985952686,51.75
10,89,phi+0.60,0,0.01071105004562673,3.6311329590913752,2440.683979042638,6.25,1120.0779022972058,60.333333333333336,970.6793610574238,51.5
10,89,phi+0.60,1,0.005114255115114307,3.164756595835073,2171.592491541099,6.416666666666667,1088.1504895443866,58.75,989.0415771063626,52.583333333333336
10,89,phi+0.60,2,0.008355741085422053,2.985858786058694,2665.415081353515,6.583333333333333,1099.7908386524696,59.416666666666664,986.9476009416195,53.5
10,89,phi+0.90,0,0.17907249229592928,13.113796243602371,2102.583161424502,6.416666666666667,1130.680253173914,60.166666666666664,973.6555585684841,51.833333333333336
10,89,phi+0.90,1,0.1091775735970982,10.369127075280032,2276.0740842291566,6.333333333333333,1115.748466191366,59.583333333333336,991.4319381233804,51.666666666666664
10,89,phi+0.90,2,0.22197377061109663,16.84195897237116,2436.1796913478843,6.166666666666667,1142.2440532992205,59.916666666666664,975.9717454978871,51.75
10,89,phi+0.99,0,0.7798793779246698,80.84193348404875,2298.371693093051,6.25,1156.3055860002955,56.416666666666664,974.2255096885956,49.416666666666664
10,89,phi+0.99,1,0.760746815215715,77.10307557742621,3317.502123682833,6.083333333333333,1354.95241053418,57.5,1044.9217523436796,51.25
10,89,phi+0.99,2,0.6931349400370341,70.16538762666569,2171.5417028746456,6.25,1154.032350910519,58.583333333333336,993.5015554189619,50.75
10,89,sorted,0,0.8232825232246899,90.5700591449646,1818.3801955901238,6.083333333333333,1014.106908395734,55.5,953.5769644845524,51.083333333333336
10,90,real,0,-0.008438316462673777,1.3759118402775792,2850.311571949089,5.916666666666667,1114.423503687108,62.583333333333336,994.4584624976279,54.916666666666664
10,90,phi-0.60,0,0.0023345576321613373,1.0,2441.334064789992,5.916666666666667,1102.5311798848702,60.75,997.7387931016207,56.5
10,90,phi-0.60,1,0.005100414963796849,1.0,2454.696189565379,5.916666666666667,1093.189356009991,60.5,983.5283321487495,55.583333333333336
10,90,phi-0.60,2,0.007877141862514406,1.0,3356.9413398581105,6.0,1116.6048632229156,61.333333333333336,999.8717898316191,56.083333333333336
10,90,phi-0.30,0,0.000721792717152281,1.0,2787.430862012572,5.916666666666667,1105.601456661163,62.0,991.0788098162899,54.916666666666664
10,90,phi-0.30,1,-0.004720141646941496,1.0,2746.72945554481,5.916666666666667,1131.369447424631,61.416666666666664,996.7626235910288,56.166666666666664
10,90,phi-0.30,2,0.0018449625055941316,1.0,2265.5190798530302,5.916666666666667,1084.1444919078326,58.583333333333336,1005.9901289165329,56.75
10,90,phi+0.00,0,0.0022391166409173697,1.0,2333.1985452388276,6.0,1118.745574266636,61.166666666666664,1015.2747308310628,56.166666666666664
10,90,phi+0.00,1,-0.0009706947710817747,1.0,2957.394181396329,5.916666666666667,1105.7088480141479,61.416666666666664,1003.179976435414,55.666666666666664
10,90,phi+0.00,2,-0.003244700900498859,1.2090629677955733,2214.8068111399457,5.916666666666667,1108.1432117033924,61.416666666666664,991.6812916976273,55.833333333333336
10,90,phi+0.30,0,-0.0010766351479102269,1.430930652767902,3395.499671309279,5.916666666666667,1110.0025420456875,60.75,1010.0724956447449,56.166666666666664
10,90,phi+0.30,1,0.011856143025134108,1.6889712878052499,2916.028255268659,5.916666666666667,1111.2142000990452,61.416666666666664,994.6957980602915,54.666666666666664
10,90,phi+0.30,2,0.017137576999789433,1.717283854979157,2806.0718925762794,6.0,1104.8707934440145,60.0,993.386653901402,54.75
10,90,phi+0.60,0,0.009949734646798821,3.1200801682691277,2215.3692444921953,5.916666666666667,1100.7023745354397,59.5,992.0029903870619,55.833333333333336
10,90,phi+0.60,1,0.015293977963208751,2.710335007519915,2722.13140256853,5.916666666666667,1084.179521461844,60.083333333333336,980.0782135541917,54.166666666666664
10,90,phi+0.60,2,0.02900050769666967,3.4423164264159842,2386.5323176337156,5.916666666666667,1102.3628957836834,59.583333333333336,974.7433490427223,53.916666666666664
10,90,phi+0.90,0,0.20715301877485506,14.954522306211015,2125.27611675755,5.916666666666667,1106.292713279576,59.833333333333336,984.6597666550634,55.333333333333336
10,90,phi+0.90,1,0.24774501431986823,17.234495947211766,2902.3921163484897,5.916666666666667,1094.986858983631,61.0,1013.1818145974994,54.25
10,90,phi+0.90,2,0.1878335357160413,14.176076330658063,2369.315200357007,5.916666666666667,1138.991515322092,60.083333333333336,1002.5562427687588,55.083333333333336
10,90,phi+0.99,0,0.6344570347357812,55.745758791094275,2436.6525263513563,5.916666666666667,1174.9010213956888,59.583333333333336,1004.4401496082587,54.583333333333336
10,90,phi+0.99,1,0.8082537013916432,84.18742531156938,1899.6150312352904,5.916666666666667,1115.6334007181324,58.333333333333336,994.4336707814479,52.916666666666664
10,90,phi+0.99,2,0.7439919310879561,77.99010285646175,2726.166054517005,5.916666666666667,1176.3035368319295,58.416666666666664,1013.0211613792393,54.833333333333336
10,90,sorted,0,0.963862850725908,112.46274078648649,1720.2734097400019,5.916666666666667,1037.5303633896513,58.083333333333336,970.0124562509809,54.416666666666664
10,91,real,0,0.5728370558916144,51.22354618355502,2118.128718263242,6.75,1247.3626037086296,51.916666666666664,1188.3201052350607,58.0
10,91,phi-0.60,0,0.002099399755638931,1.0,1718.3316389555023,7.0,915.9822698144204,53.083333333333336,1009.8886050248602,59.416666666666664
10,91,phi-0.60,1,-0.0023969266650833163,1.0,1727.6350973089595,7.0,911.5159900348899,52.083333333333336,997.3361675061165,59.833333333333336
10,91,phi-0.60,2,0.0008542087082614471,1.0,1734.4404444279614,7.0,916.1803968903927,52.25,1012.4795120808835,60.666666666666664
10,91,phi-0.30,0,-0.004277997635659256,1.0,1700.5439188140172,7.0,917.2169218473713,52.166666666666664,1017.5964476747773,61.25
10,91,phi-0.30,1,0.0010632165938809972,1.0,1723.7675929594143,7.0,909.757802901308,51.25,1016.0656808699083,60.833333333333336
10,91,phi-0.30,2,0.0008019567368565621,1.0,1687.4146695114514,7.0,927.3276022668474,52.833333333333336,1031.327132536381,60.666666666666664
10,91,phi+0.00,0,-0.0063043113742081046,1.0,1756.8652341151535,7.0,913.914829794935,52.166666666666664,1017.6683275936142,59.25
10,91,phi+0.00,1,0.0005557525326098033,1.0,1695.4867797349405,7.0,910.6103500510636,52.166666666666664,1016.4671719647364,61.0
10,91,phi+0.00,2,-0.002966384590733189,1.0,1803.6567727813192,7.0,926.6443669973943,52.666666666666664,1008.7708674664555,60.833333333333336
10,91,phi+0.30,0,0.001351930876558847,1.2071935215872647,1853.1913384729353,7.0,907.4551251324747,52.333333333333336,1026.5828064801383,61.166666666666664
10,91,phi+0.30,1,-0.005476250471435741,1.4021287999928536,1703.356673874239,7.0,925.7800607654708,52.583333333333336,1024.3706673325264,59.75
10,91,phi+0.30,2,-0.0005255975874811689,1.419850188938816,1680.3512885536863,6.916666666666667,913.513370329743,52.0,1017.1373896221306,61.083333333333336
10,91,phi+0.60,0,0.03281913080854272,3.3316991391298396,1700.7930210371615,7.0,924.6448589582409,52.666666666666664,1025.8343208006884,61.583333333333336
10,91,phi+0.60,1,0.014971097253920818,2.7262176801469824,1732.6062681962842,7.0,927.8083541049833,51.416666666666664,1039.776009484942,61.0
10,91,phi+0.60,2,0.027827739099425017,2.8299854387579173,1804.8581196500108,7.0,907.1587360335226,51.583333333333336,1011.3422540757437,60.416666666666664
10,91,phi+0.90,0,0.14354902885520465,10.701370811409578,1642.2819752971152,7.0,912.5144727196472,52.333333333333336,990.4678898489318,58.583333333333336
10,91,phi+0.90,1,0.14883976236660798,13.102964954752949,1650.5263881922194,7.0,914.8175686287959,52.0,994.3309722510036,59.583333333333336
10,91,phi+0.90,2,0.12214254748524651,9.676024870244147,1874.2612106814559,6.916666666666667,927.8421360692843,52.75,1015.9256191447552,59.333333333333336
10,91,phi+0.99,0,0.5409420982954177,43.96062881339278,1828.4475816825015,6.666666666666667,968.282819776381,52.083333333333336,1061.950704102587,57.5
10,91,phi+0.99,1,0.4109941022913652,32.17518603550084,1692.9524116983573,6.75,901.7043563852357,51.5,966.8688620225035,57.583333333333336
10,91,phi+0.99,2,0.6505437080103876,62.687873522659245,1641.7828682746758,6.833333333333333,903.3069125631731,51.25,966.6647658089706,57.083333333333336
10,91,sorted,0,0.8698230913308497,91.2220321419319,1624.5114727013295,6.666666666666667,905.0944855597464,51.75,948.1156962920554,56.5
10,92,real,0,0.1263481570725621,4.622150173811615,1938.6485279857818,6.083333333333333,1095.515360265515,64.33333333333333,985.6747023465854,53.75
10,92,phi-0.60,0,0.0056547284758464555,1.0,2454.25073578295,6.083333333333333,1114.0470580209956,64.41666666666667,1025.4892481747813,55.416666666666664
10,92,phi-0.60,1,0.009393908020946251,1.0,2181.640141472486,6.0,1113.440986302606,65.0,995.7845391375871,53.916666666666664
10,92,phi-0.60,2,0.0062974226765515244,1.0,2433.1864584955783,6.083333333333333,1105.1462563232865,63.583333333333336,993.6727027194135,53.416666666666664
10,92,phi-0.30,0,0.0011410291341497217,1.0,2121.497497046768,6.083333333333333,1144.3844972065629,65.08333333333333,1005.0163335101288,54.083333333333336
10,92,phi-0.30,1,-0.00024603908793763453,1.0,3311.097255500454,6.166666666666667,1119.4043978474872,62.583333333333336,1012.797910094394,54.0
10,92,phi-0.30,2,0.005118828996155103,1.0,3011.7895229596993,6.166666666666667,1138.2342924259194,63.166666666666664,1007.6393066584827,55.333333333333336
10,92,phi+0.00,0,0.005915151438171834,1.0,2244.8651173901085,6.166666666666667,1132.9807376913495,62.75,1007.482255239377,54.666666666666664
10,92,phi+0.00,1,-0.00015750695012944552,1.0509405601652797,2224.0780734904542,6.166666666666667,1143.3043780084533,65.5,1002.1665790365696,54.0
10,92,phi+0.00,2,0.003373120142137357,1.0,2132.43474924126,6.083333333333333,1113.860844215288,64.0,990.2897747012988,53.833333333333336
10,92,phi+0.30,0,-0.0024520684018945423,1.6356745175760832,2176.8740738864935,6.083333333333333,1130.425212278955,65.0,992.20849595855,53.75
10,92,phi+0.30,1,0.016389754882114468,1.7510561438909398,2675.5795306771183,6.083333333333333,1134.0459991101416,63.583333333333336,982.4868697149732,52.166666666666664
10,92,phi+0.30,2,-0.0018613224009540745,1.9049742033292383,2097.2289336115928,6.0,1130.2141796027847,64.75,1005.4521187825347,53.666666666666664
10,92,phi+0.60,0,0.007449604362833124,3.7520249599081428,2472.8999605656063,6.0,1145.0791696947279,64.16666666666667,1010.4928346695864,53.833333333333336
10,92,phi+0.60,1,0.013756799190656328,2.618005918183265,2434.395903309924,6.25,1125.3916699945294,64.25,1002.6791215289217,53.916666666666664
10,92,phi+0.60,2,0.024866978655139562,3.215466649864148,2232.734664492274,6.166666666666667,1113.3359259287615,63.333333333333336,993.0025217826472,53.083333333333336
10,92,phi+0.90,0,0.24992864262397038,22.801316098315176,2522.2479747366515,6.083333333333333,1150.0084857516742,62.833333333333336,1002.1633081507797,52.166666666666664
10,92,phi+0.90,1,0.0982199124305826,10.602693651377402,2555.1839233049845,6.083333333333333,1175.8173623741166,64.0,1030.4262540410368,54.666666666666664
10,92,phi+0.90,2,0.20158327303156603,14.292162911004324,3269.3850551538126,6.166666666666667,1246.4617348836518,63.25,1030.5523849323854,53.333333333333336
10,92,phi+0.99,0,0.546320363714204,49.565233073591685,2141.5318215391912,6.0,1176.4015555009491,62.833333333333336,1011.4107676240616,53.0
10,92,phi+0.99,1,0.6489416641349799,64.23746917863386,1802.5189356913515,6.083333333333333,1108.8676928564792,62.5,992.8715829775987,54.0
10,92,phi+0.99,2,0.6029752462605276,48.774035439273504,2027.2920144949596,6.083333333333333,1153.34954444678,60.166666666666664,1022.6005634355383,54.083333333333336
10,92,sorted,0,0.9221492861370287,103.44981020372393,1679.614027947152,6.083333333333333,1024.1580171158503,60.166666666666664,951.9308306156314,52.333333333333336
10,93,real,0,0.13769668081546088,17.986393866837822,2325.618662124695,6.083333333333333,1136.6277806574788,56.75,1008.7660636966381,52.416666666666664
10,93,phi-0.60,0,0.004529059004903391,1.0,2225.35905446126,6.083333333333333,1079.2358066579563,56.583333333333336,1011.2952539888992,54.25
10,93,phi-0.60,1,0.009839646527859363,1.0,2191.391579968265,6.0,1097.299964999203,58.333333333333336,995.7844626407694,52.583333333333336
10,93,phi-0.60,2,0.013057690177997733,1.0,2247.755934073081,6.0,1113.343966920747,58.083333333333336,987.8931480663164,53.666666666666664
10,93,phi-0.30,0,-0.0012856687259199283,1.0,2188.0802164819147,6.0,1087.7549861055093,57.166666666666664,974.2285905597474,52.25
10,93,phi-0.30,1,-0.0008704751200672156,1.0,2491.6171115188204,6.0,1119.1161692089627,58.5,981.1136216465735,52.333333333333336
10,93,phi-0.30,2,0.0007273423730147178,1.0,2905.808374545975,6.083333333333333,1111.3347453975584,56.666666666666664,1019.2460770137264,52.833333333333336
10,93,phi+0.00,0,-0.00030123563227954443,1.127049228611833,2173.529380444537,6.083333333333333,1081.5574443107876,57.416666666666664,979.3238237216988,52.5
10,93,phi+0.00,1,-0.004853306299166389,1.0553315896624789,2178.4772796146995,6.083333333333333,1096.2864768265874,56.5,979.699893647845,52.333333333333336
10,93,phi+0.00,2,0.005931922685165995,1.087829594306217,2117.5482477054807,6.0,1088.7524092062174,57.75,979.2606798853475,52.916666666666664
10,93,phi+0.30,0,-0.006389214580332727,1.5701360402107714,2596.9721803784273,6.0,1107.11257412805,56.833333333333336,1007.5851107832294,52.75
10,93,phi+0.30,1,0.0018108865010377743,2.1171258797139902,2280.720599169203,6.0,1114.5858120131707,58.0,999.3909795456801,53.083333333333336
10,93,phi+0.30,2,0.015006086762248051,1.831354617856186,2197.076886206411,6.0,1088.3802905527957,57.083333333333336,993.4000843252783,53.416666666666664
10,93,phi+0.60,0,0.029026498193450167,3.622324462853473,2474.2876569601026,6.0,1115.9272713113712,57.583333333333336,996.3049936840303,51.333333333333336
10,93,phi+0.60,1,0.01701321812799747,3.4789253759196233,2262.287526909744,6.0,1097.418680323649,57.5,983.0602183101842,53.083333333333336
10,93,phi+0.60,2,0.029093771098138446,4.237892776596036,2155.4006122253936,6.0,1111.4583215650184,59.166666666666664,974.9349263015883,51.333333333333336
10,93,phi+0.90,0,0.24809880452504712,17.6756937862168,2003.2958732329273,6.0,1076.834634500904,57.0,980.3763696207956,52.583333333333336
10,93,phi+0.90,1,0.16743985844845552,13.19203174853968,1992.8606751041525,6.0,1092.2417459567537,58.166666666666664,979.3726199316299,53.25
10,93,phi+0.90,2,0.20090928571240296,14.340303939437577,2072.2383090302965,6.0,1097.780436723048,56.25,966.9836553875472,51.833333333333336
10,93,phi+0.99,0,0.7031814741991348,67.51191175248574,2198.367983810139,6.166666666666667,1130.7690810292206,56.333333333333336,990.1016889761551,51.75
10,93,phi+0.99,1,0.6328149854256719,64.00395028100122,1696.8801363812915,6.0,1010.3227368939964,54.333333333333336,954.8139211845883,51.666666666666664
10,93,phi+0.99,2,0.7044393305234757,66.84578564597003,2049.9863815855297,6.0,1067.437930368653,55.083333333333336,974.9917935413304,51.0
10,93,sorted,0,0.8928112355320077,101.0218395568683,1645.1457734730238,6.0,1011.0538359365787,54.416666666666664,960.2961617804967,53.083333333333336
10,94,real,0,-0.002940680822379508,1.0,1566.0398276130297,8.5,940.0415468289635,51.583333333333336,918.3644383510718,50.583333333333336
10,94,phi-0.60,0,-0.002940680822379508,1.0,1571.0398276130297,9.0,949.0980250236761,52.25,923.0087018949893,51.0
10,94,phi-0.60,1,0.005705068977139339,1.0,1576.2117248838597,8.583333333333334,946.717807534755,51.916666666666664,920.6764456872561,50.5
10,94,phi-0.60,2,-0.002940680822379508,1.0,1572.7064942796962,9.166666666666666,948.1801917612416,52.416666666666664,925.0311050177385,51.25
10,94,phi-0.30,0,-0.002940680822379508,1.0,1570.2064942796962,8.916666666666666,947.3265391120798,52.333333333333336,923.3644383510718,51.083333333333336
10,94,phi-0.30,1,0.005705068977139338,1.0,1567.7064942796962,8.666666666666666,947.9680119518479,52.083333333333336,920.9028622085949,50.833333333333336
10,94,phi-0.30,2,-0.002940680822379508,1.0,1569.373160946363,8.833333333333334,946.4932057787464,52.25,920.8644383510718,50.833333333333336
10,94,phi+0.00,0,0.006156151575375102,1.0,1574.8299088670644,8.166666666666666,948.4452260680877,51.666666666666664,920.0480998630193,50.416666666666664
10,94,phi+0.00,1,-0.002940680822379508,1.0,1569.373160946363,8.833333333333334,945.9614660367243,52.166666666666664,919.4892202011403,50.583333333333336
10,94,phi+0.00,2,-0.0022389967806794274,1.0,1573.5398276130297,9.25,949.8265391120798,52.583333333333336,927.2987706740267,51.333333333333336
10,94,phi+0.30,0,-0.002940680822379508,1.0,1572.7064942796962,9.166666666666666,948.4508630790511,52.416666666666664,926.2841081752812,51.333333333333336
10,94,phi+0.30,1,-0.002940680822379508,1.0,1570.2064942796962,8.916666666666666,947.0895877187877,52.166666666666664,920.8644383510718,50.833333333333336
10,94,phi+0.30,2,-0.002539718512836604,1.0,1571.873160946363,9.083333333333334,948.7084249166854,52.25,923.8619799217595,51.083333333333336
10,94,phi+0.60,0,-0.002940680822379508,1.0,1574.373160946363,9.333333333333334,949.8330433998804,52.5,925.6563027353618,51.083333333333336
10,94,phi+0.60,1,0.005705068977139338,1.0,1569.373160946363,8.833333333333334,948.4644456475504,52.416666666666664,920.9846877220695,50.833333333333336
10,94,phi+0.60,2,-0.002940680822379508,1.0,1566.873160946363,8.583333333333334,945.7130637528808,52.0,918.7097544080494,50.583333333333336
10,94,phi+0.90,0,0.005705068977139338,1.0,1564.373160946363,8.333333333333334,939.9835179115904,51.583333333333336,915.7161937955092,50.25
10,94,phi+0.90,1,0.005705068977139338,1.0,1563.5398276130297,8.25,940.93086514692,51.666666666666664,916.0732180249156,50.333333333333336
10,94,phi+0.90,2,-0.002940680822379508,1.9970888102460398,1560.2064942796962,7.916666666666667,937.3376026516729,51.333333333333336,911.8977011566799,49.916666666666664
10,94,phi+0.99,0,0.005705068977139338,2.492719919110212,1560.2064942796962,7.916666666666667,939.1010648592277,51.5,912.2735383454295,49.916666666666664
10,94,phi+0.99,1,0.02299656857617704,3.9912537917087967,1551.873160946363,7.083333333333333,930.5040507944568,50.583333333333336,905.8644383510718,49.333333333333336
10,94,phi+0.99,2,0.005705068977139338,2.492719919110212,1555.2064942796962,7.416666666666667,935.0758781593886,51.083333333333336,910.0311050177385,49.75
10,94,sorted,0,0.025828364887323783,3.9999747219413546,1551.873160946363,7.083333333333333,929.8552015273577,50.583333333333336,905.0311050177385,49.25
10,96,real,0,0.04092810562339512,1.420845597740306,3022.5324062698414,6.0,1119.3285140507194,61.5,973.8004976983202,51.166666666666664
10,96,phi-0.60,0,0.009585601323959084,1.0,2726.9713915786083,6.0,1109.6044680162424,61.416666666666664,954.0546679360841,51.333333333333336
10,96,phi-0.60,1,0.0035629526351898685,1.0,2351.0131257910093,6.0,1065.534193071054,60.416666666666664,973.7706866912696,51.5
10,96,phi-0.60,2,0.0010275022694461852,1.0,2786.8357827604864,6.0,1102.7581931951358,61.416666666666664,988.2088961823039,52.416666666666664
10,96,phi-0.30,0,-8.043416831373201e-05,1.0,3013.187173486416,6.0,1123.9430020975842,62.166666666666664,963.1025895370504,50.0
10,96,phi-0.30,1,-0.0016691499452782049,1.0,2306.804722881385,6.0,1085.471331224767,60.916666666666664,955.9009144586194,50.75
10,96,phi-0.30,2,-5.778850376680911e-05,1.0,2575.3939478074262,6.0,1088.611232885244,59.583333333333336,978.9382129741317,51.916666666666664
10,96,phi+0.00,0,-0.00536645521200453,1.0287122983742696,2137.3301619314775,6.0,1094.918991789141,61.416666666666664,959.5321950526308,50.75
10,96,phi+0.00,1,0.0007493908271427319,1.0490352521926671,2429.6779563125588,6.0,1091.349359722676,61.083333333333336,969.7261267188629,51.083333333333336
10,96,phi+0.00,2,0.0055690335901643845,1.0706225829478269,2370.0484560187847,6.0,1125.3454673694534,63.166666666666664,974.8611585670802,50.833333333333336
10,96,phi+0.30,0,0.014148954748689218,1.5525286284972486,2190.6350299238234,6.0,1095.5724400857262,61.25,971.2063234394171,51.166666666666664
10,96,phi+0.30,1,-0.0028853148382624975,1.4370566118421362,2315.641547493416,6.0,1115.2645398952284,62.416666666666664,956.8402605067805,51.083333333333336
10,96,phi+0.30,2,0.017333996361987965,2.0731380455212465,2227.758934112353,6.0,1112.7563999191664,62.0,949.1807035428673,49.5
10,96,phi+0.60,0,0.021359546756044127,3.6832643154225755,2821.341182464795,6.0,1134.6010625770623,61.583333333333336,988.6785802366377,51.416666666666664
10,96,phi+0.60,1,0.017697222560566463,2.646455025045449,2355.7213352018184,6.0,1125.5526514260785,62.666666666666664,970.9220499812205,50.666666666666664
10,96,phi+0.60,2,0.017709256445105116,2.8020296849723128,2227.9213455387667,6.0,1127.5199866826074,61.25,976.1109593009568,51.416666666666664
10,96,phi+0.90,0,0.2995331431280719,23.866751401741595,2061.049059416406,6.0,1131.5249898984266,60.25,984.6040978587861,51.0
10,96,phi+0.90,1,0.11970667066303979,10.148038365250777,2531.003818722698,6.0,1113.3143574386438,60.833333333333336,960.338204020633,51.416666666666664
10,96,phi+0.90,2,0.2505359986419635,17.19049090530216,2164.130418850202,6.0,1144.7762742435086,61.583333333333336,988.7311752773327,50.75
10,96,phi+0.99,0,0.679445605213685,66.20301015110472,2813.4737709787055,6.0,1195.905923758997,58.833333333333336,984.8281614556937,50.333333333333336
10,96,phi+0.99,1,0.5941295086393223,56.45191021625511,2641.8817323423323,6.0,1188.0352601369827,61.25,992.3164695244285,50.583333333333336
10,96,phi+0.99,2,0.5554851186220786,44.002416645679666,2240.5000337786046,6.0,1162.7902809473442,59.583333333333336,978.5383106509629,50.833333333333336
10,96,sorted,0,0.9687854583502502,113.38286646526322,1539.5638615757455,6.083333333333333,1030.2614086902074,59.583333333333336,924.5432688694318,49.75
10,95,real,0,-0.0036660697772298865,1.5782512848648675,2317.022529241242,6.0,1096.94268472677,51.0,982.2627999285197,50.416666666666664
10,95,phi-0.60,0,-0.0016436953609710783,1.0,2303.8683072459594,6.0,1093.0532384718658,50.666666666666664,981.365404174383,50.5
10,95,phi-0.60,1,-0.004284748095560538,1.0,2351.3383539948723,6.0,1101.2742562164883,50.25,985.9388688286102,50.833333333333336
10,95,phi-0.60,2,-0.003668989124023441,1.0,2382.254005320836,6.0,1091.8922534309995,50.083333333333336,981.6524430523338,50.75
10,95,phi-0.30,0,0.0011688059689715904,1.0,2276.1847305338056,6.0,1094.2816992174069,50.666666666666664,984.1068130693126,50.666666666666664
10,95,phi-0.30,1,0.010031895865216457,1.0,2322.9454628646313,6.0,1102.8558546912543,51.416666666666664,979.1468045735129,50.166666666666664
10,95,phi-0.30,2,-0.005837522356392023,1.0,2396.9334128778432,6.0,1097.454940307596,50.5,981.0016797378631,50.25
10,95,phi+0.00,0,-0.003035963279557855,1.0,2377.574971925305,6.0,1097.4756898624084,51.166666666666664,985.2803516147741,50.666666666666664
10,95,phi+0.00,1,-0.00882123087988289,1.009513360935601,2393.337823257097,6.0,1099.42063563537,51.0,986.7011467713761,51.25
10,95,phi+0.00,2,-0.0019236090506172514,1.0,2322.3508906935185,6.0,1090.9585559959603,50.583333333333336,987.6898182275672,51.166666666666664
10,95,phi+0.30,0,-6.222579456980651e-05,1.0527736158419494,2316.5225892532485,6.0,1098.1142858200556,50.75,976.2002599790071,49.75
10,95,phi+0.30,1,0.0023390410693581495,1.176874530027593,2330.753759708057,6.0,1102.8869375321776,51.083333333333336,982.0308562206236,50.0
10,95,phi+0.30,2,0.006532865912226558,1.242039913214485,2375.22850712811,6.0,1094.093246912448,50.75,984.2557658197246,51.0
10,95,phi+0.60,0,0.002396433771863381,1.5442404488740404,2366.773851863935,6.0,1097.1932230180785,50.75,984.3231488135807,50.5
10,95,phi+0.60,1,0.00627265264567418,1.8734134830960119,2322.3081077407533,6.0,1098.2126345140532,51.0,986.9642974580984,51.0
10,95,phi+0.60,2,-0.0027545913040443876,1.384783240321052,2392.611712647255,6.0,1099.775977922727,51.0,987.3740319228858,51.166666666666664
10,95,phi+0.90,0,0.09641694023317907,7.522851602356306,2395.145658911329,6.0,1099.907784990009,50.5,983.2588113050841,50.416666666666664
10,95,phi+0.90,1,0.09188799744056093,7.3929127195477875,2320.1326245987516,6.0,1091.858948174199,50.666666666666664,984.9307223434865,50.583333333333336
10,95,phi+0.90,2,0.025960899557108168,3.256551758070361,2311.4323315973393,6.0,1102.1111175398744,50.833333333333336,983.5826222172158,50.25
10,95,phi+0.99,0,0.13408040154436954,9.97906171432784,2355.9467060879956,6.0,1111.2663518181528,50.833333333333336,987.3478184210654,50.833333333333336
10,95,phi+0.99,1,0.21305323118637706,19.287307669128115,2310.913121528701,6.0,1093.9278774283787,50.75,986.6630510587152,50.75
10,95,phi+0.99,2,0.200768924814831,14.494929882542854,2315.5551325013803,6.0,1104.509102557536,51.083333333333336,987.1014608182128,51.083333333333336
10,95,sorted,0,0.23725436802849437,22.999374956439247,2278.893695888712,6.0,1085.056322551798,50.583333333333336,975.7036624382717,49.916666666666664
10,97,real,0,0.646567821459435,62.308381432910984,2272.184200630259,6.583333333333333,1244.832109909163,61.583333333333336,1059.3159612834977,53.666666666666664
10,97,phi-0.60,0,0.010623909666493306,1.0,2275.4221328001317,7.333333333333333,1116.008076542601,67.16666666666667,993.7557054886264,57.833333333333336
10,97,phi-0.60,1,0.004575312190408998,1.0,2150.6883943608186,7.5,1085.1320928212342,65.33333333333333,966.248330054973,56.083333333333336
10,97,phi-0.60,2,0.007103273377865026,1.0,2602.398413797747,7.166666666666667,1098.9173905316263,66.66666666666667,994.5632244760733,57.583333333333336
10,97,phi-0.30,0,-0.002779989325602353,1.0,2129.9833740556383,7.25,1072.6490933301893,64.75,980.6241066790949,57.166666666666664
10,97,phi-0.30,1,0.004438993924158514,1.0,2066.2125049175975,7.333333333333333,1078.6522462646162,65.58333333333333,974.4819484103141,57.666666666666664
10,97,phi-0.30,2,-0.0018980250632994052,1.0,2673.320403267334,7.666666666666667,1106.8180031070867,68.08333333333333,979.0678742809545,57.166666666666664
10,97,phi+0.00,0,-0.002281969001363802,1.0,1965.6331539882856,7.083333333333333,1111.6364373656725,66.91666666666667,988.0905521464296,56.666666666666664
10,97,phi+0.00,1,-0.0028185805884746273,1.0529626630095863,2469.055158327031,7.333333333333333,1081.3329263273442,64.75,1001.090612874291,58.5
10,97,phi+0.00,2,0.001785498562669686,1.0,2182.817678633353,7.333333333333333,1084.6928206427117,66.83333333333333,976.6625592708114,57.333333333333336
10,97,phi+0.30,0,-0.01080616055509536,1.3774505255923126,2107.273505038574,7.25,1080.0183891494664,65.5,1000.0611717711263,58.166666666666664
10,97,phi+0.30,1,0.00029833019257840545,1.4262066833402418,2066.301020797787,7.416666666666667,1085.9172119515772,65.16666666666667,990.847737009742,57.75
10,97,phi+0.30,2,0.0011605638676043578,1.519719036756333,2289.2839027570294,7.833333333333333,1079.231090941152,65.58333333333333,974.7925089154178,56.583333333333336
10,97,phi+0.60,0,0.022582730300365995,2.91911845493055,1989.068292977575,7.166666666666667,1095.9137691320063,66.75,980.3044961772833,56.916666666666664
10,97,phi+0.60,1,0.009110184848749335,2.5591448844542635,2324.0166945424417,7.25,1108.8344880180555,67.33333333333333,978.5024094372937,56.916666666666664
10,97,phi+0.60,2,0.019037374209986385,2.9384789932975184,2505.1065526297984,7.583333333333333,1070.9674795012354,64.91666666666667,990.2954748226708,58.5
10,97,phi+0.90,0,0.24548534539284175,18.451522168882153,1857.5480730011122,7.333333333333333,1099.8786910098609,64.91666666666667,989.6017206166424,55.833333333333336
10,97,phi+0.90,1,0.22095096288947277,15.573162815833113,2258.038158462695,7.333333333333333,1097.994463823647,63.75,983.2669766154846,56.666666666666664
10,97,phi+0.90,2,0.1728793993475714,17.182353409096073,2024.7711758058485,7.0,1106.711791709961,66.08333333333333,976.9051491749742,56.916666666666664
10,97,phi+0.99,0,0.7802479017245044,83.90691809353933,1590.4537397396316,6.166666666666667,1016.4440826765982,60.083333333333336,937.7045455372639,54.833333333333336
10,97,phi+0.99,1,0.4926343214680313,39.140809590301494,2238.2365002168995,7.166666666666667,1098.6917683379672,62.666666666666664,993.4401571870745,56.75
10,97,phi+0.99,2,0.7923958309152581,79.45212655813772,1554.4650682579704,6.333333333333333,1008.2116012098155,59.5,938.2821662634318,52.833333333333336
10,97,sorted,0,0.8439452373950531,90.52159896920867,1535.658114511051,6.083333333333333,979.111873329397,57.75,914.0753200579678,52.083333333333336
10,98,real,0,0.13264096833600705,9.869689607758962,2121.484900391885,7.416666666666667,1126.442367737975,61.583333333333336,1042.7814100974838,58.5
10,98,phi-0.60,0,0.01576068323462105,1.0,2039.1586082556803,7.666666666666667,1116.2719086472819,62.166666666666664,991.4360400418767,55.333333333333336
10,98,phi-0.60,1,0.0023294336874383013,1.0,2007.112059344956,7.666666666666667,1122.8251146444518,62.833333333333336,1009.5352016459823,56.666666666666664
10,98,phi-0.60,2,0.011950000058595417,1.0,2245.9449409166864,7.166666666666667,1102.2820268465523,62.166666666666664,990.2393731334311,55.916666666666664
10,98,phi-0.30,0,-8.162430374702726e-05,1.0,2053.7065739556992,7.666666666666667,1107.7831518387216,63.666666666666664,998.7489356838527,56.25
10,98,phi-0.30,1,-0.006260008055971814,1.0,2522.90573056978,7.416666666666667,1103.0451821897102,62.916666666666664,1019.7635421757105,58.333333333333336
10,98,phi-0.30,2,0.004644442973286818,1.0,3013.9528675121055,7.5,1112.640195070363,61.75,1002.1635496653576,55.833333333333336
10,98,phi+0.00,0,0.00289139341069085,1.0,2288.3894015176716,7.166666666666667,1128.8363704069486,62.916666666666664,1015.8839909470457,56.833333333333336
10,98,phi+0.00,1,-4.661139132221272e-05,1.0276832222462384,2666.3963040752924,7.416666666666667,1135.2910520434632,63.333333333333336,1019.0548291897493,57.25
10,98,phi+0.00,2,-6.47212054103537e-05,1.0175374186446393,2216.3021805135972,7.083333333333333,1136.0602572709367,64.0,1003.7551735825681,55.916666666666664
10,98,phi+0.30,0,-0.0005979629490375948,1.511224220719465,1899.331340988303,7.416666666666667,1099.5493011773783,62.833333333333336,997.2544998864345,55.666666666666664
10,98,phi+0.30,1,-0.0027465289508277558,1.5563635937779545,2277.38898692683,7.583333333333333,1120.792132573544,62.666666666666664,1013.5974479513342,56.416666666666664
10,98,phi+0.30,2,0.007711270993611548,1.4482994447410122,2578.364587040613,7.333333333333333,1130.1508898587172,64.41666666666667,1007.7543758511378,55.666666666666664
10,98,phi+0.60,0,0.012391346156234488,2.5739719797862155,2224.6636109371448,7.333333333333333,1127.0316785042307,62.833333333333336,1008.6757669106004,55.583333333333336
10,98,phi+0.60,1,0.013167561451460778,2.390321519650825,2135.672191697705,7.25,1123.7609185676295,61.833333333333336,991.872504169642,55.166666666666664
10,98,phi+0.60,2,0.009381541961848176,2.7491773722129578,2502.709140089712,7.25,1128.4012568979172,62.0,1007.2022469886375,56.75
10,98,phi+0.90,0,0.177254846085402,13.241956005940434,2019.567534112878,7.083333333333333,1090.464555904162,60.416666666666664,977.472465430913,54.916666666666664
10,98,phi+0.90,1,0.10120665795786465,8.30323051253593,2328.9690103869466,7.833333333333333,1146.3143473296745,62.0,1014.3262037979026,56.166666666666664
10,98,phi+0.90,2,0.1191427461819871,10.643259532640744,2317.099832944645,7.083333333333333,1134.5224094824296,61.333333333333336,1007.4385977913703,56.0
10,98,phi+0.99,0,0.5375968961171345,45.6397718348912,1847.5184981438506,6.5,1080.8554250418872,59.25,982.0514190536622,53.75
10,98,phi+0.99,1,0.49458723062137566,47.677501035593686,1762.570488750014,6.5,1086.2532296798342,58.583333333333336,976.951977842076,53.0
10,98,phi+0.99,2,0.6101398392596692,54.023878232888876,1733.666839387557,6.916666666666667,1076.3758257947277,59.5,974.1299088448095,54.0
10,98,sorted,0,0.56412380472266,56.35166041346349,1660.702888236633,6.75,1014.0067907179908,57.083333333333336,950.5736934672942,53.083333333333336
10,99,real,0,0.0038805741859841087,2.662326907287638,1676.0761797097905,8.083333333333334,921.4430735597297,53.083333333333336,943.8246502446477,53.833333333333336
10,99,phi-0.60,0,-0.001877222246502827,1.0,1683.5761797097905,8.833333333333334,927.6263030858173,53.75,950.1774622977736,54.333333333333336
10,99,phi-0.60,1,-0.001877222246502827,1.0,1683.5761797097905,8.833333333333334,927.9127449278932,53.75,951.1108817051386,54.5
10,99,phi-0.60,2,-0.0017971972787128765,1.0,1684.409513043124,8.916666666666666,928.4596364191507,53.833333333333336,951.5600373443684,54.583333333333336
10,99,phi-0.30,0,-0.001877222246502827,1.0,1682.7428463764572,8.75,926.3089030474474,53.583333333333336,950.9444704972567,54.5
10,99,phi-0.30,1,0.0038805741859841087,1.0,1681.0761797097905,8.583333333333334,925.1263030858173,53.5,948.4555181795326,54.25
10,99,phi-0.30,2,-0.001877222246502827,1.0,1683.5761797097905,8.833333333333334,927.3568226567705,53.583333333333336,951.019250467337,54.5
10,99,phi+0.00,0,-0.001877222246502827,1.0,1683.5761797097905,8.833333333333334,927.4744603520827,53.666666666666664,950.9159100213111,54.5
10,99,phi+0.00,1,-0.001877222246502827,1.0,1684.409513043124,8.916666666666666,927.7044478769699,53.75,952.479681186771,54.666666666666664
10,99,phi+0.00,2,-0.0017491822980389062,1.0,1683.5761797097905,8.833333333333334,927.6263030858173,53.75,951.3246502446477,54.583333333333336
10,99,phi+0.30,0,-0.001877222246502827,1.0,1683.5761797097905,8.833333333333334,928.3554491355881,53.666666666666664,951.9898177248109,54.583333333333336
10,99,phi+0.30,1,-0.001877222246502827,1.0,1681.0761797097905,8.583333333333334,923.7425060285976,53.333333333333336,948.911323949913,54.333333333333336
10,99,phi+0.30,2,-0.001877222246502827,1.0,1682.7428463764572,8.75,926.8598406152342,53.666666666666664,950.6992398290375,54.5
10,99,phi+0.60,0,-0.001877222246502827,1.0,1685.2428463764572,9.0,929.292969752484,53.916666666666664,951.0828984286314,54.5
10,99,phi+0.60,1,-0.001877222246502827,1.0,1684.409513043124,8.916666666666666,927.6581216741316,53.75,951.4097912688762,54.583333333333336
10,99,phi+0.60,2,-0.001877222246502827,1.0,1684.409513043124,8.916666666666666,927.720313073569,53.75,951.3632740655871,54.583333333333336
10,99,phi+0.90,0,-0.001877222246502827,1.3302364542045666,1675.2428463764572,8.0,920.4715542989366,53.0,943.9888821821113,53.833333333333336
10,99,phi+0.90,1,0.009638370618471045,2.662326907287638,1675.2428463764572,8.0,919.6598966003061,52.75,944.3854315175087,53.833333333333336
10,99,phi+0.90,2,0.009638370618471045,1.0,1683.5761797097905,8.833333333333334,928.640044384911,53.833333333333336,951.3246502446477,54.583333333333336
10,99,phi+0.99,0,0.0038805741859841087,2.662326907287638,1675.2428463764572,8.0,920.1263030858173,53.0,941.1925054809908,53.5
10,99,phi+0.99,1,0.009638370618471045,1.0,1683.5761797097905,8.833333333333334,926.2106647624342,53.583333333333336,951.3246502446477,54.583333333333336
10,99,phi+0.99,2,0.0038805741859841087,2.662326907287638,1679.6132843480984,8.0,925.9549978670265,53.25,948.1619521940546,53.916666666666664
10,99,sorted,0,0.011478944877639908,2.6669683554194554,1675.2428463764572,8.0,919.3567100634996,52.916666666666664,942.9913169113144,53.75
10,100,real,0,-0.0058985084717116665,1.9941606456247096,1564.433108393517,8.75,917.1523847857046,50.75,899.2060186005592,52.166666666666664
10,100,phi-0.60,0,0.00277244759544426,1.0,1578.945061270595,10.0,925.5239389928896,51.5,915.6102571767509,53.75
10,100,phi-0.60,1,0.0027724475954442607,1.0,1585.5400536649431,10.416666666666666,935.0827202397559,52.25,912.731334561025,53.0
10,100,phi-0.60,2,0.0027724475954442602,1.0,1580.2664417268504,10.333333333333334,927.6065807604722,51.833333333333336,912.8171890950767,53.5
10,100,phi-0.30,0,-0.0015630304381337027,1.0,1576.933108393517,10.0,925.8491480620561,51.666666666666664,911.4389395293641,53.333333333333336
10,100,phi-0.30,1,-0.005622043205802347,1.0,1581.3305211849445,10.333333333333334,931.1841865302341,51.833333333333336,913.2438488253069,53.416666666666664
10,100,phi-0.30,2,0.007107925629022223,1.0,1576.933108393517,10.0,928.7764680429888,51.916666666666664,910.946848845383,53.25
10,100,phi+0.00,0,-0.0010603663182985766,1.0,1591.8656952732392,9.666666666666666,928.1798635757686,51.416666666666664,911.304906828594,53.0
10,100,phi+0.00,1,0.0037777758351145124,1.0,1580.2664417268504,10.333333333333334,923.9456650330015,51.5,911.9501713926398,53.416666666666664
10,100,phi+0.00,2,-0.0058985084717116665,1.0,1579.433108393517,10.25,928.8935527494745,52.0,912.6360212522046,53.5
10,100,phi+0.30,0,-0.0011608991422656023,1.0,1578.5997750601837,10.166666666666666,925.0372275545378,51.5,912.3511812338216,53.416666666666664
10,100,phi+0.30,1,0.00277244759544426,1.0,1576.933108393517,10.0,926.2800277632173,51.583333333333336,911.8733509331418,53.333333333333336
10,100,phi+0.30,2,0.0071079256290222225,1.0,1573.5997750601837,9.666666666666666,923.0754305876089,51.416666666666664,905.875246925683,52.833333333333336
10,100,phi+0.60,0,0.007107925629022223,1.0,1575.5503331496195,9.833333333333334,925.2103528219641,51.333333333333336,908.5564211068191,52.916666666666664
10,100,phi+0.60,1,0.0027724475954442602,1.2397874677821439,1574.433108393517,9.75,922.4429555373382,51.25,907.7362500929863,53.0
10,100,phi+0.60,2,-0.0058985084717116665,1.0,1581.933108393517,10.5,932.2843018135363,52.25,914.1135264635723,53.583333333333336
10,100,phi+0.90,0,0.00277244759544426,1.9824819368741284,1570.2664417268504,9.333333333333334,921.674076258956,51.25,904.7132124078929,52.583333333333336
10,100,phi+0.90,1,0.011669602516525993,1.9824819368741284,1565.2664417268504,8.833333333333334,915.610093307996,50.5,901.4110946892661,52.25
10,100,phi+0.90,2,-0.0015630304381337023,2.2339396628216504,1566.933108393517,9.0,915.6674989305629,50.416666666666664,903.1768242299262,52.5
10,100,phi+0.99,0,0.09381748630058148,4.2105146406388645,1557.9712140767226,7.166666666666667,907.5470054857127,49.333333333333336,888.9798564932593,50.5
10,100,phi+0.99,1,0.0678046180991137,5.695827523556006,1551.0997750601837,7.416666666666667,902.6884040426344,49.333333333333336,887.5069430610814,51.0
10,100,phi+0.99,2,0.09815296433415943,3.970760975197533,1552.289230859826,7.25,905.6192600786967,49.083333333333336,889.6973435121372,50.583333333333336
10,100,sorted,0,0.09044963669768613,7.999763383614316,1547.7664417268504,7.083333333333333,897.8969958893013,48.916666666666664,881.7914810044225,50.416666666666664
10,101,real,0,0.3263774998325787,34.86645974535353,1700.7927630187835,9.583333333333334,1038.1796177400474,59.916666666666664,984.6546843242558,56.5
10,101,phi-0.60,0,-0.0021108857164158553,1.0,2688.1427866395934,10.5,1081.3958045046056,65.33333333333333,1029.5454621216625,60.833333333333336
10,101,phi-0.60,1,0.0007338655371392238,1.0,2837.025595776408,10.416666666666666,1076.076543763971,64.91666666666667,1037.2427060094303,61.416666666666664
10,101,phi-0.60,2,0.005415678783573827,1.0,3072.825430794312,10.0,1073.5690512740648,64.33333333333333,1043.3900845356266,61.833333333333336
10,101,phi-0.30,0,-0.005522188550738076,1.0,2601.3774370083156,10.416666666666666,1075.3450355642428,65.16666666666667,1041.2063467184523,60.916666666666664
10,101,phi-0.30,1,-0.0005811745436021775,1.0,2728.821549014119,10.583333333333334,1076.5394528066465,64.33333333333333,1038.1901857663904,61.833333333333336
10,101,phi-0.30,2,0.0015672109801865087,1.0,2901.0138304425177,10.333333333333334,1116.3337882111994,65.0,1048.9267451518178,60.0
10,101,phi+0.00,0,0.006415432514969234,1.0,2517.9955284029525,10.0,1066.4273459360793,64.0,1029.541035224942,61.083333333333336
10,101,phi+0.00,1,-0.0030113848221137735,1.0,2501.185978770041,10.583333333333334,1072.7503773019173,64.08333333333333,1024.784218568105,59.916666666666664
10,101,phi+0.00,2,-0.0065248003464151135,1.0,2724.4867999891753,11.0,1081.9795676359513,65.0,1027.2321822531362,60.0
10,101,phi+0.30,0,-0.0009229013567857781,1.0680724830070245,2639.545525793355,10.25,1085.4728432735503,65.5,1031.9881374019037,61.166666666666664
10,101,phi+0.30,1,0.008160545616124084,1.2215684495348191,2674.505253394813,10.25,1061.8275786039721,63.0,1031.95921215574,61.416666666666664
10,101,phi+0.30,2,-0.0010265360464488933,1.1189563531945457,2840.0448725745064,10.583333333333334,1075.4693536933628,63.75,1062.9916600609424,62.916666666666664
10,101,phi+0.60,0,-0.0031284041576743415,1.8721992142813604,2499.0828806852987,9.916666666666666,1064.6805419986642,63.833333333333336,1017.6487080101002,59.75
10,101,phi+0.60,1,0.007811926957997933,1.9155217981146242,2128.8144396770754,9.833333333333334,1065.5426032252735,64.5,1022.8616104776996,60.75
10,101,phi+0.60,2,0.008057361915745222,1.8786976458440487,2642.5773118629872,10.083333333333334,1060.8978903692189,63.666666666666664,1032.06679365389,60.75
10,101,phi+0.90,0,0.07969068126915292,4.245211053555529,2047.7075091528989,9.5,1052.0440933080179,62.916666666666664,1015.7753851035226,59.25
10,101,phi+0.90,1,0.18970608318748944,13.889360569041338,2165.072949405216,9.333333333333334,1053.4071454887248,64.16666666666667,999.7345239101722,59.166666666666664
10,101,phi+0.90,2,0.12353818147433594,10.051976575280928,2086.039617465764,10.25,1058.9616437708344,63.25,1026.5094227318084,59.75
10,101,phi+0.99,0,0.3473105798805848,23.558008251952508,2296.9358350385332,9.25,1081.5918353903285,61.5,1002.8040710457872,57.166666666666664
10,101,phi+0.99,1,0.23082597244825337,17.060841751991926,2221.720899904402,10.083333333333334,1079.264241323359,61.083333333333336,1033.9582196277704,58.75
10,101,phi+0.99,2,0.3634923095850521,25.045227521414663,1743.1818041780934,9.583333333333334,1032.1959395608837,61.416666666666664,996.2939866649398,58.166666666666664
10,101,sorted,0,0.4201921247739166,39.11207876923652,1669.4921449081437,9.166666666666666,982.6352451607071,57.5,950.0311786987955,54.25
10,102,real,0,0.2539198963599811,30.61757505404021,1789.739769265485,6.583333333333333,1123.6318239845648,65.41666666666667,1008.3792153896705,57.0
10,102,phi-0.60,0,0.0063172144471127225,1.0,2422.0151782275857,6.666666666666667,1169.0730149466258,67.25,1045.649810651707,58.25
10,102,phi-0.60,1,0.0005033058414483429,1.0,3272.420086161967,6.833333333333333,1177.102041463565,67.41666666666667,1047.491601328805,59.333333333333336
10,102,phi-0.60,2,0.008092433783823027,1.0,2300.782039951027,6.833333333333333,1167.2557861736084,67.66666666666667,1045.7513482433503,58.0
10,102,phi-0.30,0,0.001201240526954564,1.0,2865.5388877060213,6.583333333333333,1179.8422122003535,69.33333333333333,1031.7203128728122,57.75
10,102,phi-0.30,1,-0.001992695459115237,1.0,2382.7536250131793,7.0,1156.823718557534,68.41666666666667,1022.4404186327762,56.916666666666664
10,102,phi-0.30,2,0.005785227633029168,1.0,2511.964903985287,6.916666666666667,1154.0884594878878,67.25,1041.8190693438924,58.75
10,102,phi+0.00,0,-0.009109977435626759,1.0,2242.4762817440646,6.916666666666667,1137.20800288949,66.0,1025.0152940707983,57.0
10,102,phi+0.00,1,0.0004356722211986049,1.0,2320.5236848899235,6.833333333333333,1158.908184232838,68.66666666666667,1036.119847917924,58.416666666666664
10,102,phi+0.00,2,-0.006856668156362178,1.0,2379.2884685862246,6.666666666666667,1143.1508293151146,67.16666666666667,1026.8624881627372,57.833333333333336
10,102,phi+0.30,0,-0.0035124510040219752,1.5005977350326534,2380.8841872499893,6.666666666666667,1135.7369619953008,66.58333333333333,1033.2800395019278,58.75
10,102,phi+0.30,1,-0.00822679531437986,1.579821186441626,2764.0171972221215,6.583333333333333,1156.9337603274646,68.25,1046.311604001657,58.916666666666664
10,102,phi+0.30,2,-0.009109892290490064,1.6304320346497616,2259.3044824805816,6.416666666666667,1171.4985674779793,69.41666666666667,1031.1324810778149,59.0
10,102,phi+0.60,0,0.03146383721067637,3.9747872647497338,2758.028616614027,6.25,1192.74674574878,67.66666666666667,1071.6867662195307,59.083333333333336
10,102,phi+0.60,1,0.0060995267142904385,2.997163236383461,2905.3588399187215,7.166666666666667,1180.311324244539,67.58333333333333,1060.1286981501319,58.666666666666664
10,102,phi+0.60,2,0.023668147166674494,2.461218790471333,2550.6230590279642,6.916666666666667,1142.289668210123,66.91666666666667,1047.7924046956728,57.916666666666664
10,102,phi+0.90,0,0.37199681624941955,30.71729981954767,1905.608087967484,6.333333333333333,1103.2405853744335,64.75,1013.5298079187588,57.916666666666664
10,102,phi+0.90,1,0.2646952972261229,18.181464890517354,2216.688888441851,6.583333333333333,1151.3709944301054,66.33333333333333,1032.299014611794,58.166666666666664
10,102,phi+0.90,2,0.21121751005967462,14.908669602358797,2344.926169586288,6.583333333333333,1164.3236663451692,65.58333333333333,1051.5693606687598,58.666666666666664
10,102,phi+0.99,0,0.4836929595947765,39.22337242746035,1757.7759966105577,6.5,1122.8510536582603,64.5,1010.9000897528159,56.5
10,102,phi+0.99,1,0.6745900873541459,71.52264878461986,2335.762080179437,6.333333333333333,1159.4601699416323,64.0,1024.4437674596534,56.833333333333336
10,102,phi+0.99,2,0.6560244741144633,63.383255354032656,1923.9747437270114,6.5,1099.4402596878217,63.166666666666664,1023.0255053664865,58.166666666666664
10,102,sorted,0,0.8859998705757632,98.50463014373834,1586.0368658792124,6.0,1045.3087872109043,60.5,979.7363464938088,56.083333333333336
10,103,real,0,0.10671357430985322,13.483694009749433,2701.4229595959996,7.833333333333333,1061.1756111189404,62.166666666666664,981.7313211300271,57.25
10,103,phi-0.60,0,0.011138288516666452,1.0,2304.0523079907475,7.5,1057.6368308105486,61.583333333333336,1019.1944041171106,58.666666666666664
10,103,phi-0.60,1,8.692389979081418e-05,1.0,2019.2201094483878,7.25,1056.8554406018047,62.333333333333336,993.811901676127,57.833333333333336
10,103,phi-0.60,2,0.008942083808503733,1.0,2120.082923860246,7.5,1053.9670738537568,61.25,1002.6968441878979,58.25
10,103,phi-0.30,0,0.004435044490447438,1.0,1831.4184846928765,7.0,1049.8093637157306,61.833333333333336,1000.233965879182,59.0
10,103,phi-0.30,1,0.0024446525603925495,1.0,2995.9124015381058,7.583333333333333,1057.8607838596045,61.75,1010.4566976073829,58.333333333333336
10,103,phi-0.30,2,0.005454990093348615,1.0,1983.5975343301227,7.25,1069.9758373186899,61.583333333333336,1003.6411556355516,56.916666666666664
10,103,phi+0.00,0,-0.005738359288170931,1.07491295150249,2237.210429515732,7.666666666666667,1057.8796591547582,61.75,989.2818884588804,57.833333333333336
10,103,phi+0.00,1,0.0005363252190767746,1.0,2007.3720162538339,7.083333333333333,1070.8149434094958,63.333333333333336,1001.3929026528939,58.833333333333336
10,103,phi+0.00,2,-0.0009564687284643836,1.0101377008685142,1994.0675907792554,7.166666666666667,1053.6859086636268,61.75,1001.0135335446909,58.666666666666664
10,103,phi+0.30,0,0.008768836343387694,1.4411867502332245,1807.1688318481004,7.25,1064.5156446581266,62.083333333333336,993.5628584650894,58.5
10,103,phi+0.30,1,-0.00475228161078119,1.6835770691263616,2054.7692317349984,7.5,1057.2174537869062,61.166666666666664,1006.0834633675321,58.833333333333336
10,103,phi+0.30,2,-0.014488007582790619,1.3750515721287135,2068.885422104839,7.583333333333333,1054.5867880218764,61.5,999.2120678993911,58.416666666666664
10,103,phi+0.60,0,0.04613167124506651,4.38084867357799,1992.5651240703799,7.5,1066.763784138449,62.666666666666664,992.4369642134496,58.5
10,103,phi+0.60,1,0.023836155358404217,3.365748222896712,2032.6469568056343,7.416666666666667,1043.1038847186048,60.75,997.5273793642605,58.166666666666664
10,103,phi+0.60,2,0.0019522650279574648,2.3740424665273894,2326.047964517054,7.25,1057.7276405688822,62.083333333333336,1009.6246982038538,58.333333333333336
10,103,phi+0.90,0,0.2372614010311254,16.318483188143006,2172.0539011271635,7.25,1071.23523495035,62.416666666666664,1009.4008150231413,58.0
10,103,phi+0.90,1,0.10803572601731772,9.348582259187722,2042.7964291959786,7.5,1046.5689773190982,61.25,1008.9235718645406,58.666666666666664
10,103,phi+0.90,2,0.08917780457006312,8.319944288961594,2026.9459865909294,7.333333333333333,1060.0643114799368,61.0,1009.1831991436597,58.083333333333336
10,103,phi+0.99,0,0.5631516064270675,52.33259095746779,4054.4022626021947,7.583333333333333,1505.0112447367467,59.25,1214.5969983425748,56.583333333333336
10,103,phi+0.99,1,0.5349226905133109,47.076017974693535,2141.9831249165577,7.166666666666667,1082.4012590660213,60.416666666666664,1006.1492853071753,55.083333333333336
10,103,phi+0.99,2,0.47189838897414405,36.46306844311301,2099.4437169223693,6.916666666666667,1064.7804784174461,60.5,1002.9356699871502,56.916666666666664
10,103,sorted,0,0.7985714644944074,87.36114943434902,1677.1651172397485,6.583333333333333,1042.6652019671953,55.75,961.7241680935564,53.666666666666664
10,104,real,0,0.4286917276149887,51.32069089371627,1949.034497735852,6.333333333333333,1111.8676527485802,62.75,966.3139508516251,53.416666666666664
10,104,phi-0.60,0,0.007644832201072402,1.0,2229.98006006514,6.666666666666667,1140.7770228368317,64.33333333333333,983.5928212511826,54.166666666666664
10,104,phi-0.60,1,0.009489827369777406,1.0,2157.2590805812083,6.583333333333333,1122.724413047737,63.583333333333336,988.1498729515316,56.083333333333336
10,104,phi-0.60,2,0.0065356375220892386,1.0,2261.0858587906264,6.416666666666667,1119.2611919511849,64.58333333333333,981.697524467084,53.25
10,104,phi-0.30,0,0.007503413199109699,1.0,2631.1955069498404,6.25,1128.6768993550593,64.08333333333333,993.478465393,55.166666666666664
10,104,phi-0.30,1,0.004940201296030051,1.0,2595.007533279025,6.416666666666667,1124.1195528635096,62.416666666666664,1004.472878683926,55.416666666666664
10,104,phi-0.30,2,0.001389677040203004,1.0,2164.085689563275,6.416666666666667,1119.212658232522,63.083333333333336,992.8233275031871,54.0
10,104,phi+0.00,0,-0.004522560528986746,1.0,2882.3423619629552,6.583333333333333,1102.1087699142918,63.25,1013.9697734505662,55.416666666666664
10,104,phi+0.00,1,0.0033764361168481766,1.0148958835608093,2230.3354518546275,6.5,1119.0341665865014,64.75,979.5373724815407,54.083333333333336
10,104,phi+0.00,2,0.0008019695623676204,1.0,1896.5137008574611,6.25,1114.7087399714878,63.5,974.4203953067953,54.583333333333336
10,104,phi+0.30,0,-0.002165788360726918,1.8386424708563474,1981.1106612236217,6.166666666666667,1114.549397596537,62.916666666666664,981.3875029259289,54.833333333333336
10,104,phi+0.30,1,-0.00345042409896118,1.630699933318693,2242.4846116060876,6.166666666666667,1128.1791997227226,63.5,983.1782587092197,53.25
10,104,phi+0.30,2,0.012359612246001834,1.725233592775139,2570.0700400405176,6.166666666666667,1155.4150073120888,63.416666666666664,997.7523579998984,54.583333333333336
10,104,phi+0.60,0,0.024901304905936117,3.625283241581393,2482.5442397538204,6.333333333333333,1152.3842035173732,63.666666666666664,985.2907900824436,53.75
10,104,phi+0.60,1,0.033832427571103045,3.1148069902396696,2055.3207065724155,6.333333333333333,1138.159925322301,64.33333333333333,983.9921777626693,54.583333333333336
10,104,phi+0.60,2,0.012968356794772772,3.003268240109735,2354.95502620202,6.416666666666667,1127.4976643517641,63.833333333333336,980.17980132726,53.25
10,104,phi+0.90,0,0.1769605898007243,13.52556597375827,2097.661209785247,6.25,1125.1085801161473,63.166666666666664,976.1073671234295,54.666666666666664
10,104,phi+0.90,1,0.13215037562956816,10.504398135388735,2119.597301166865,6.333333333333333,1112.6119586814993,63.083333333333336,984.0904764067315,53.916666666666664
10,104,phi+0.90,2,0.31653252876671517,21.72076922624716,2481.1663223027117,6.416666666666667,1169.0142920939572,61.666666666666664,1018.6097861931106,54.333333333333336
10,104,phi+0.99,0,0.7546012146526485,71.96051574729331,2214.1809387833664,6.333333333333333,1182.7021906736984,60.25,1008.677703266259,53.416666666666664
10,104,phi+0.99,1,0.799738607072112,80.35386059565722,1747.4701855306375,6.083333333333333,1064.8838707464738,59.5,934.9401016019037,50.666666666666664
10,104,phi+0.99,2,0.7544859345619104,66.47771753915059,1878.1655649448485,6.166666666666667,1072.6339764006768,59.25,965.2199886532377,52.916666666666664
10,104,sorted,0,0.8903685207612155,100.46345829244441,1677.2926889131638,6.166666666666667,1015.061291009103,57.75,940.9799931363083,52.083333333333336
10,105,real,0,0.06921184026292218,6.153020969858429,1962.2091228154059,10.083333333333334,1072.9340234229142,64.33333333333333,1004.8683033585434,58.0
10,105,phi-0.60,0,0.0007548852289091014,1.0,2946.2180865210344,10.75,1120.3056553576869,67.16666666666667,1036.7601151452227,61.75
10,105,phi-0.60,1,0.003416350997986757,1.0,2497.7067906747984,10.75,1095.8963842935525,66.0,1023.7071340983506,59.916666666666664
10,105,phi-0.60,2,0.001255553498257,1.0,2243.819569854954,11.0,1115.0294994202393,68.08333333333333,1029.5154441351424,60.583333333333336
10,105,phi-0.30,0,-0.005175408520771006,1.0,2512.5015952793065,11.0,1117.5831188107093,68.25,1032.0966079526274,60.75
10,105,phi-0.30,1,0.004237178395499055,1.0,1999.0581923413126,10.5,1090.8844914167787,67.16666666666667,1016.4203132380586,58.333333333333336
10,105,phi-0.30,2,0.0030694029231515185,1.0,2393.7825916060497,10.583333333333334,1095.6552749605137,66.5,1019.7809620953552,59.666666666666664
10,105,phi+0.00,0,-0.0025946076615646573,1.0,2351.3942734720536,11.333333333333334,1118.2872162291926,68.25,1027.6371491845657,60.333333333333336
10,105,phi+0.00,1,0.007918267780432815,1.0015560473370033,2253.6172645616984,11.583333333333334,1101.1483529777004,67.58333333333333,1012.9869241624777,59.333333333333336
10,105,phi+0.00,2,0.004391946092658297,1.0,2288.4727669548975,11.083333333333334,1113.3479629246992,67.33333333333333,1026.1873095058218,59.833333333333336
10,105,phi+0.30,0,-0.002166749669985175,1.1407438036447006,2221.9173279641022,11.75,1121.0367533830347,69.83333333333333,1037.1014959024894,60.25
10,105,phi+0.30,1,0.004606065722137943,1.0462639545788919,2265.3742314502324,11.0,1091.5415044790327,65.83333333333333,1023.2656412523596,59.5
10,105,phi+0.30,2,0.004743952183712585,1.530069138956264,2106.7128901633982,11.166666666666666,1116.778495517505,67.33333333333333,1011.425681041769,58.833333333333336
10,105,phi+0.60,0,0.009460061966680453,1.5660594616390457,2717.4171640215227,11.083333333333334,1131.390187393138,68.08333333333333,1019.5635287104893,59.333333333333336
10,105,phi+0.60,1,0.003763730782793289,1.9513088051386154,2551.461687042907,11.0,1117.2127168193201,67.5,1002.9290441705284,58.25
10,105,phi+0.60,2,-0.002151136705272239,1.979815966666583,2349.3342083641087,11.083333333333334,1117.4225924394432,67.91666666666667,1027.9552330220429,60.583333333333336
10,105,phi+0.90,0,0.06491112063515496,7.021831981592771,2122.180329517581,10.416666666666666,1082.8254356330192,65.33333333333333,1029.4579010248374,59.166666666666664
10,105,phi+0.90,1,0.05701349965254625,5.219609872720774,2745.3900829115623,11.25,1128.1446054492787,67.08333333333333,1016.8536298961302,59.0
10,105,phi+0.90,2,0.04999667903323426,6.480375008798769,2394.9452731191827,11.0,1121.2435765281593,66.0,1026.0421403280156,59.833333333333336
10,105,phi+0.99,0,0.2705704852606656,22.632759619317817,2156.8489429974156,9.833333333333334,1094.0343386784484,63.666666666666664,997.4222628671445,57.083333333333336
10,105,phi+0.99,1,0.22284507371315498,17.38451448470969,1965.8866529767217,10.083333333333334,1063.2703600312282,62.416666666666664,994.2541999959175,57.916666666666664
10,105,phi+0.99,2,0.22650008755378315,17.472817593184722,2159.843701480395,10.25,1109.7864166628285,64.16666666666667,1011.6014577364564,57.75
10,105,sorted,0,0.23268036102979975,21.84060223953293,1858.8964412103803,10.083333333333334,1029.6455195319916,61.916666666666664,991.7239660441742,57.916666666666664
10,106,real,0,0.06583156405093119,5.053142704757086,1876.2921861986022,6.666666666666667,1042.4776171891465,55.5,942.8165366818524,50.833333333333336
10,106,phi-0.60,0,0.0070180804207805505,1.0,2632.493954500752,6.333333333333333,1094.3770429051497,57.083333333333336,986.216413912893,53.5
10,106,phi-0.60,1,0.008716912394786816,1.0,2423.9042916766884,6.416666666666667,1076.5039574734042,54.583333333333336,968.1408624469178,52.583333333333336
10,106,phi-0.60,2,0.006843998932174238,1.0,2367.5513876512236,6.25,1067.9636631043281,54.666666666666664,963.4583366509931,51.5
10,106,phi-0.30,0,0.0008745271174068043,1.0,2147.5901304420418,6.416666666666667,1085.6479836113947,56.0,985.0833421383982,53.666666666666664
10,106,phi-0.30,1,0.003042402801265965,1.0,2143.885809253423,6.25,1081.8678079307708,55.916666666666664,965.6975547895876,52.166666666666664
10,106,phi-0.30,2,0.00279626468416436,1.0,2217.2246342066187,6.25,1064.6078032891046,56.666666666666664,966.4262154639463,51.083333333333336
10,106,phi+0.00,0,-0.004094341751669314,1.0,2429.720566703626,6.333333333333333,1086.5492240410922,56.5,967.4155485649676,51.5
10,106,phi+0.00,1,-0.0027720179558245158,1.0,2307.6238602818516,6.166666666666667,1072.8890438907827,55.833333333333336,977.3317071932039,52.833333333333336
10,106,phi+0.00,2,-0.00021008322210071048,1.0,2334.570923644514,6.333333333333333,1057.7984572295738,54.416666666666664,980.9628067946115,52.583333333333336
10,106,phi+0.30,0,-0.005127539466119228,1.9255326065595493,2365.449147013444,6.166666666666667,1093.7792951320946,56.416666666666664,970.3828881672392,51.833333333333336
10,106,phi+0.30,1,-0.0032383012040892085,1.6935868078957927,2082.755867855636,6.25,1062.0718603172738,55.333333333333336,956.9519612048335,51.333333333333336
10,106,phi+0.30,2,0.009537141961441174,1.936708837203339,2270.9578642373576,6.416666666666667,1069.8284044234315,55.833333333333336,976.0380434678331,53.166666666666664
10,106,phi+0.60,0,0.007653294399675788,4.056813201833655,2314.32277626719,6.583333333333333,1068.051044244614,54.583333333333336,966.9063730080412,52.166666666666664
10,106,phi+0.60,1,0.07096921853275501,6.675694366190372,2152.4464614790754,6.25,1055.2605242211716,53.916666666666664,960.7543737697288,51.333333333333336
10,106,phi+0.60,2,0.03459028466818124,3.302309142571771,2196.639507811247,6.333333333333333,1104.0926926898023,56.833333333333336,972.0671789107406,52.166666666666664
10,106,phi+0.90,0,0.21095088284307367,18.91595290767492,2282.5272294587667,6.333333333333333,1083.459155912057,55.916666666666664,981.1347915602036,51.5
10,106,phi+0.90,1,0.20891691830271625,19.62912090527674,2098.9668020221293,6.333333333333333,1094.3085028624719,55.666666666666664,966.7050297352116,51.833333333333336
10,106,phi+0.90,2,0.19845296399196835,14.19652217372339,1838.9122996076112,6.75,1071.747768985321,56.0,959.4748975872095,52.083333333333336
10,106,phi+0.99,0,0.5671970039374324,61.45575778047776,1724.9931854707809,6.5,1044.7557388856794,54.833333333333336,930.4541292116736,50.333333333333336
10,106,phi+0.99,1,0.5000742368532702,36.96433978973801,2370.1261815228904,6.416666666666667,1104.3153879320828,55.166666666666664,975.4481765398472,52.833333333333336
10,106,phi+0.99,2,0.7036370902148654,67.82761970576956,2125.2872018480907,6.25,1129.7781155284,53.0,984.774227795007,52.5
10,106,sorted,0,0.794386032618463,90.1466533360404,1658.557436690162,6.166666666666667,997.0885353702283,52.583333333333336,936.8099756417058,51.833333333333336
10,107,real,0,0.5589399549669329,64.20944948368532,1658.3639590884761,6.75,1067.5066424093975,64.0,1001.5830560938857,58.333333333333336
10,107,phi-0.60,0,0.001900722305740272,1.0,2408.741203935105,7.25,1129.5221998718087,68.58333333333333,1028.9335653267642,57.583333333333336
10,107,phi-0.60,1,-0.0006905308878020768,1.0,2283.3198000090324,7.0,1140.9296926045852,68.25,1038.3668289740085,59.75
10,107,phi-0.60,2,0.006360007876816666,1.0,2348.8265895007803,7.333333333333333,1113.5321524616859,65.91666666666667,1029.3180329754898,58.583333333333336
10,107,phi-0.30,0,0.0008239470424364975,1.0,2210.2127825319367,6.916666666666667,1106.3262362439516,65.66666666666667,1041.9269744756832,59.666666666666664
10,107,phi-0.30,1,-0.005323492017783865,1.0,2613.855072036665,7.083333333333333,1137.8095837843637,66.91666666666667,1026.652293572308,59.25
10,107,phi-0.30,2,0.0058426745468751545,1.0,2506.8453949645627,7.083333333333333,1142.464102397183,68.5,1026.70844904377,57.583333333333336
10,107,phi+0.00,0,-0.0025285139008264187,1.001193948610727,2372.848363326679,7.0,1157.1121113446725,67.58333333333333,1042.8635090330229,58.333333333333336
10,107,phi+0.00,1,-0.0035187729877091648,1.0,2413.0150516029576,7.166666666666667,1128.6206414345513,67.5,1046.6844574349818,58.916666666666664
10,107,phi+0.00,2,0.0013944740289481609,1.0,2627.4532921749546,7.333333333333333,1115.1950103832392,66.25,1046.2453638005013,59.75
10,107,phi+0.30,0,0.003588149300866926,1.402733221181208,2492.5136793611205,7.166666666666667,1132.4447430001253,66.33333333333333,1017.8510832818129,58.666666666666664
10,107,phi+0.30,1,-0.0013484621207673724,1.3938546211988139,2485.7833327449966,7.083333333333333,1150.902503048044,67.33333333333333,1036.136274055596,58.833333333333336
10,107,phi+0.30,2,-0.006955523626234878,1.365995324720089,2361.7405093095394,7.083333333333333,1132.9092381288117,66.83333333333333,1017.8093808459248,58.0
10,107,phi+0.60,0,0.0045318408723707135,2.8907571053329013,2324.5669828847904,7.166666666666667,1140.7016119853663,67.75,1011.601902105463,57.666666666666664
10,107,phi+0.60,1,0.013518359560503117,2.4714346724460285,2284.100026612073,7.083333333333333,1124.2256271659232,66.5,1033.8036468747407,58.916666666666664
10,107,phi+0.60,2,-0.0020262649966916696,2.501531965823454,2448.265410009492,7.166666666666667,1131.9843368932043,67.75,1045.4463906042004,58.666666666666664
10,107,phi+0.90,0,0.18527340284816218,13.206700853075763,2396.9948008174706,7.0,1140.3080619211705,65.5,1059.290900779877,59.333333333333336
10,107,phi+0.90,1,0.23801745894237014,19.501521752383443,2088.565572954422,6.833333333333333,1133.952655400003,65.5,1016.2135254785202,57.416666666666664
10,107,phi+0.90,2,0.09241152956849077,8.55507569182626,2731.7666810329233,7.333333333333333,1215.2238708857246,65.83333333333333,1041.8500146639808,56.583333333333336
10,107,phi+0.99,0,0.6849281357945167,68.50836785385158,2165.401074055675,6.5,1195.2025945374844,64.08333333333333,1035.6827462628014,55.5
10,107,phi+0.99,1,0.5715520985522218,55.89748309450847,1823.3434379885466,6.666666666666667,1108.6835033495129,64.25,1012.3578528528537,57.5
10,107,phi+0.99,2,0.6948960708468971,69.0576508048808,1856.1342592712426,6.583333333333333,1097.3242804031117,62.916666666666664,985.733477064039,54.916666666666664
10,107,sorted,0,0.8356778737499152,82.131897455893,1667.023386678904,6.5,1048.673245900918,60.416666666666664,979.9927884410587,55.833333333333336
10,108,real,0,-0.009256757137722806,2.0355027256599256,2598.760174038737,8.0,1087.997341302768,65.08333333333333,1060.2743017849573,63.166666666666664
10,108,phi-0.60,0,0.008645639653074065,1.0,2805.77790704038,8.416666666666666,1124.5271279858828,66.83333333333333,1063.8408881887947,63.5
10,108,phi-0.60,1,0.005766981513281776,1.0,2898.468148252563,8.25,1119.8765418353184,67.33333333333333,1046.6418981351594,64.16666666666667
10,108,phi-0.60,2,0.0022660760120686656,1.0,2498.846293422271,8.333333333333334,1124.6652797381175,67.66666666666667,1076.3203487953067,65.0
10,108,phi-0.30,0,-0.003550687300066373,1.0,2323.100242278529,7.833333333333333,1118.3600587390167,68.08333333333333,1067.3080184831795,65.0
10,108,phi-0.30,1,-0.004504136450213473,1.0,2428.35071041377,8.416666666666666,1106.4819613214231,66.91666666666667,1068.8851097885365,63.666666666666664
10,108,phi-0.30,2,-0.0021486951307024857,1.0,2007.7331420536386,8.333333333333334,1112.8009132738787,68.08333333333333,1069.7039968241968,63.916666666666664
10,108,phi+0.00,0,-0.0022556478831504013,1.1233322833652888,2648.458461022058,8.5,1118.5640292122907,67.66666666666667,1059.8360341268856,62.666666666666664
10,108,phi+0.00,1,-0.0008065559637218458,1.0,2712.3613548157714,8.75,1124.3127733082324,67.16666666666667,1076.6562919713897,63.916666666666664
10,108,phi+0.00,2,0.0039222270451415514,1.2198376618230764,2473.136844879328,8.583333333333334,1108.6544384808149,66.33333333333333,1054.7060155147371,62.166666666666664
10,108,phi+0.30,0,-0.0052198511161723644,1.3703342840736736,2420.476046889649,8.166666666666666,1126.492698298962,67.41666666666667,1074.533814234787,63.666666666666664
10,108,phi+0.30,1,0.004402502406359723,1.3541275831973534,2286.858013803799,8.5,1111.1493993235617,67.75,1054.153790283865,63.666666666666664
10,108,phi+0.30,2,-0.0024752007183987683,1.3275611058257204,2334.2337415660063,8.25,1113.8919731950973,67.33333333333333,1058.2411024320143,62.5
10,108,phi+0.60,0,0.00608143269672878,2.9661028150853026,2426.036974328616,8.25,1117.9646947158387,67.33333333333333,1069.4256915463652,64.5
10,108,phi+0.60,1,-0.003112270328393122,2.8679207736069228,2414.5670449390204,8.166666666666666,1120.3597337953486,68.91666666666667,1065.441084852921,64.16666666666667
10,108,phi+0.60,2,0.006407849840997216,2.2632974631525773,2833.5836141710383,8.666666666666666,1130.0848168141754,67.91666666666667,1058.353503147702,62.583333333333336
10,108,phi+0.90,0,0.2163349953647404,17.24995833516956,2308.2695020873166,7.833333333333333,1131.3373321348768,66.0,1074.2809572340416,64.5
10,108,phi+0.90,1,0.12774348131155827,9.48402106474013,2312.47555185522,7.666666666666667,1103.1843412280698,66.25,1045.1041540053418,63.25
10,108,phi+0.90,2,0.10036878904756572,9.247777216001525,2690.444221699887,8.0,1109.8201023857032,64.83333333333333,1050.5097259502074,62.0
10,108,phi+0.99,0,0.5277639958371444,38.17061372176461,3130.981663071394,7.5,1352.37707648301,64.41666666666667,1173.1276319930828,61.333333333333336
10,108,phi+0.99,1,0.4058505214055159,32.315903000063614,2970.9205526519254,7.833333333333333,1259.6033177466236,64.33333333333333,1149.4565648913147,61.333333333333336
10,108,phi+0.99,2,0.560992464262884,47.37574899076789,1750.3546464088276,7.0,1082.2737932146504,63.666666666666664,1037.6990030690201,61.083333333333336
10,108,sorted,0,0.6759625655996239,71.29615274168559,1577.2820015161897,6.916666666666667,1011.7128314781236,59.166666666666664,994.3491992508502,58.666666666666664
10,109,real,0,0.5003426055890543,49.22005302015139,2534.7982959697356,7.583333333333333,1144.4436747508698,61.75,1058.819914212209,55.083333333333336
10,109,phi-0.60,0,0.007108444105663107,1.0,1881.0565305133623,8.083333333333334,1034.514658386343,62.0,998.3433062013754,59.166666666666664
10,109,phi-0.60,1,0.006579485782982864,1.0,2603.1800769182646,8.583333333333334,1080.9280474711165,64.08333333333333,1015.4592146383729,59.5
10,109,phi-0.60,2,-0.0022748344168091214,1.0,2755.4226742926294,9.166666666666666,1050.244774069409,63.416666666666664,987.1476053069491,57.916666666666664
10,109,phi-0.30,0,-0.0008662712333289444,1.0,2356.79237560168,8.75,1063.622689314461,64.41666666666667,1014.6074211608942,59.416666666666664
10,109,phi-0.30,1,0.003307819589780315,1.0,2362.8866277596753,9.25,1051.4186673054755,63.666666666666664,999.8580690835634,59.0
10,109,phi-0.30,2,-0.0016614661428825403,1.0,2172.3519933804723,8.25,1039.4015544065996,63.166666666666664,1017.3866675513551,60.666666666666664
10,109,phi+0.00,0,0.0027026228985362138,1.0,2113.185458710776,8.583333333333334,1045.6706570990523,64.0,1022.4614373110743,60.833333333333336
10,109,phi+0.00,1,-0.0006591448067766722,1.0650364221651607,2877.453440163013,8.75,1051.3113257272819,63.416666666666664,1007.7620755746162,59.666666666666664
10,109,phi+0.00,2,0.004055644298412541,1.092359860161274,2876.9954551739534,8.916666666666666,1040.534896945078,63.166666666666664,1018.8975452591584,60.333333333333336
10,109,phi+0.30,0,0.009640564224217427,1.352930566691843,2548.053772508511,8.25,1035.0350641904572,63.666666666666664,1003.5240043650139,57.833333333333336
10,109,phi+0.30,1,0.00013390907674658625,1.6565567118597597,2225.350750752045,8.5,1036.6029667622029,63.083333333333336,1008.0287417218973,58.916666666666664
10,109,phi+0.30,2,-0.0065393657478168485,1.167766499688719,3144.8771262896475,9.416666666666666,1060.4975271311334,64.75,996.7459446394433,58.5
10,109,phi+0.60,0,0.02932278457668954,3.0185953011823288,2303.4195023004636,8.25,1041.882229421568,62.583333333333336,1008.8163839758594,58.416666666666664
10,109,phi+0.60,1,0.007118489086122139,2.0587361882352604,2259.838068376526,8.75,1047.8125705527689,63.833333333333336,995.8353189763056,58.5
10,109,phi+0.60,2,-0.001374390235980491,2.088974933691066,2775.9647172616224,8.583333333333334,1044.2556777968946,63.416666666666664,1007.254370043152,59.25
10,109,phi+0.90,0,0.12192198197026152,8.573131666409381,2446.766793745089,8.333333333333334,1030.8943714137274,61.5,1000.4522173363798,57.583333333333336
10,109,phi+0.90,1,0.047692145609237895,6.6048626356408064,1925.749073404161,8.0,1038.8625032348252,63.416666666666664,1007.7031200964848,59.333333333333336
10,109,phi+0.90,2,0.05457440241624655,7.088658761860999,2530.5524529457703,8.916666666666666,1042.3349154193595,63.333333333333336,1010.063654616794,59.333333333333336
10,109,phi+0.99,0,0.3440646016376481,24.987056225287542,2322.857743983359,7.416666666666667,1037.3149358488051,61.916666666666664,988.0780002624721,56.833333333333336
10,109,phi+0.99,1,0.5138432377448319,40.291334128412146,2330.812572949422,8.0,1056.3151667973927,61.916666666666664,1011.584942382191,56.25
10,109,phi+0.99,2,0.4298594398879488,36.84671974200896,1846.535656268373,7.916666666666667,1009.8088622969291,61.0,991.8755668115136,58.25
10,109,sorted,0,0.6564764114373169,61.820623418032895,1645.7266838544936,6.833333333333333,956.8780058954623,55.916666666666664,931.4733886885889,53.583333333333336
10,110,real,0,0.00015315800023362475,1.4063799058202973,2645.039775149848,5.916666666666667,1069.1536402082859,60.0,982.9592345583875,52.583333333333336
10,110,phi-0.60,0,0.005133479401821258,1.0,2512.885314142296,5.916666666666667,1077.0636660996165,59.083333333333336,975.4499442140767,52.833333333333336
10,110,phi-0.60,1,0.0068852467245099115,1.0,2449.2234231410716,5.916666666666667,1093.995422434409,60.666666666666664,971.5142059599908,53.333333333333336
10,110,phi-0.60,2,0.010180365502679279,1.0,2221.72289237469,5.916666666666667,1078.8243476016228,60.333333333333336,968.3337405224584,52.916666666666664
10,110,phi-0.30,0,0.0007433948845926117,1.0,2302.0585158299364,5.916666666666667,1060.6397935456528,59.083333333333336,980.2382631304669,53.583333333333336
10,110,phi-0.30,1,-0.000872001681516364,1.0,2584.993109039308,5.916666666666667,1080.874091754553,60.333333333333336,989.3566504798044,53.5
10,110,phi-0.30,2,5.617163140530661e-05,1.0,2861.0716884257654,6.0,1104.3353535966355,60.333333333333336,979.1100288494727,51.583333333333336
10,110,phi+0.00,0,-0.001514127358298407,1.0,2397.446499146583,6.0,1104.3689619087604,60.25,980.1014952599226,53.0
10,110,phi+0.00,1,-0.0035998251488515,1.0554329744966338,2969.663872756287,5.916666666666667,1120.9278405916884,60.0,988.0081274755863,52.5
10,110,phi+0.00,2,0.0041468883063544735,1.1388969703986878,2905.9901501187974,5.916666666666667,1099.9850538021637,60.833333333333336,987.9719387126196,52.75
10,110,phi+0.30,0,0.004698923989232541,1.6818438995399687,2903.9574342097894,5.916666666666667,1082.4783205823992,59.75,983.5218050665326,52.166666666666664
10,110,phi+0.30,1,0.02010977024309042,1.9103491187152457,2605.2174644086103,5.916666666666667,1096.427000728154,60.083333333333336,1009.6036887072679,54.833333333333336
10,110,phi+0.30,2,-0.0005688901018053065,1.680028839224814,2665.2559543970438,6.0,1079.3925817992993,59.333333333333336,997.762671836788,53.75
10,110,phi+0.60,0,0.005431903981515284,2.8279097807962184,3032.688482510123,5.916666666666667,1088.7649040330123,60.166666666666664,994.0023132395271,54.083333333333336
10,110,phi+0.60,1,0.012671447591486976,3.034777939650788,2386.8343209236778,5.916666666666667,1091.2317785556327,59.833333333333336,1001.1263741888948,52.75
10,110,phi+0.60,2,0.038713441138540444,3.050571355750696,2747.7403531562068,5.916666666666667,1069.6717725532442,58.916666666666664,976.2592323096997,52.75
10,110,phi+0.90,0,0.13283268852841343,11.004962399237222,3086.9758365611124,5.916666666666667,1135.432689887781,60.25,1012.4510862351418,52.666666666666664
10,110,phi+0.90,1,0.24945946421738022,21.41698513335858,2883.485439125379,5.916666666666667,1114.6156723865208,59.833333333333336,992.005884364355,52.083333333333336
10,110,phi+0.90,2,0.16195961058151795,11.800704047764857,2848.1679131462492,5.916666666666667,1119.9155821623397,58.916666666666664,1003.2691703058704,54.083333333333336
10,110,phi+0.99,0,0.6526918170605707,62.075475354995504,2304.7705072389176,5.916666666666667,1092.7426376899243,59.25,980.9951577902275,52.833333333333336
10,110,phi+0.99,1,0.6231864815194605,56.660034263449866,2036.4659096225378,5.916666666666667,1128.874690427051,59.416666666666664,985.6929251688216,52.666666666666664
10,110,phi+0.99,2,0.6050910003434745,57.801337568780845,2312.0269369009598,5.916666666666667,1070.2172374651097,58.416666666666664,995.4837125686676,53.166666666666664
10,110,sorted,0,0.9667850131962237,113.40207176863616,1716.5337857346765,5.916666666666667,1015.5304053665468,59.0,952.7968619294742,52.666666666666664
10,111,real,0,0.03696642943879815,1.0,2105.493161584649,6.0,1111.94365023549,51.166666666666664,945.1237206245688,48.916666666666664
10,111,phi-0.60,0,0.001181530953332593,1.0,1846.5132160250816,6.0,1091.6049645224211,51.583333333333336,953.0865428185617,48.5
10,111,phi-0.60,1,0.004512514301516981,1.0,2103.802070186674,6.0,1118.641403438286,51.666666666666664,942.2368222276517,49.25
10,111,phi-0.60,2,0.0007811375892495736,1.0,2067.1078489985,6.0,1129.9579740732036,52.0,954.1326801153053,50.083333333333336
10,111,phi-0.30,0,0.0050681376230176925,1.0,2124.688381667784,6.0,1137.8395177572638,51.166666666666664,955.0363247133979,49.0
10,111,phi-0.30,1,0.005333630813229353,1.0,2123.185538036973,6.0,1104.2809278972352,51.083333333333336,956.2130286109823,49.25
10,111,phi-0.30,2,0.005474561007644108,1.0,2092.8675156464064,6.0,1121.8701996686505,51.166666666666664,954.1216305764578,49.0
10,111,phi+0.00,0,-0.002393582083709673,1.0,2090.589850725798,6.0,1091.6167505700575,51.75,937.350789153595,47.916666666666664
10,111,phi+0.00,1,-0.0015154388062866887,1.058617505603185,2099.9211562556866,6.0,1111.7321208242563,50.75,947.5890482913177,49.5
10,111,phi+0.00,2,0.0009544576082975562,1.0,2113.7416145448065,6.0,1127.2753352831867,52.0,963.161485259294,49.583333333333336
10,111,phi+0.30,0,0.0009549744672012769,1.1464525077016323,2114.1297594794373,6.0,1117.7319088333452,51.833333333333336,945.9593462924184,49.25
10,111,phi+0.30,1,-0.008881195043223065,1.4477912821232233,2084.20200022733,6.0,1126.8379244132757,50.083333333333336,952.2016655631879,49.666666666666664
10,111,phi+0.30,2,-0.0016860022445148116,1.3625205603586494,1838.4302677803062,6.0,1073.2910024556884,51.833333333333336,953.2258533190546,49.083333333333336
10,111,phi+0.60,0,-0.0070354918980332784,2.1493879865938816,2078.025346516597,6.0,1105.8441132144876,51.333333333333336,941.3934254437289,48.583333333333336
10,111,phi+0.60,1,0.003541680994026589,2.3807614748685686,2072.1541737720268,6.0,1116.6723194358597,51.083333333333336,953.7385258426672,48.916666666666664
10,111,phi+0.60,2,0.0030815042834131416,2.240435316225965,2075.987998790558,6.0,1105.3584769839133,50.666666666666664,945.0727955186063,48.833333333333336
10,111,phi+0.90,0,0.12576623482419227,9.744094484744245,2094.3236962236365,6.0,1123.5594337025914,50.916666666666664,954.162826782181,49.666666666666664
10,111,phi+0.90,1,0.15373674354429115,11.477450661493126,2106.7137830068727,6.0,1122.2811697888412,52.166666666666664,951.4222941188731,49.666666666666664
10,111,phi+0.90,2,0.13195544790995709,10.271303210606776,1811.1439622820674,6.0,1098.2197015009513,51.166666666666664,943.8709843990223,48.833333333333336
10,111,phi+0.99,0,0.6113970404418282,64.20862070059815,2096.538440276256,6.0,1134.6505588449163,51.0,951.4690363699224,48.25
10,111,phi+0.99,1,0.5568546431951011,50.605746827264426,2118.2684086152526,6.0,1150.1237152759247,52.166666666666664,956.9200259275667,49.416666666666664
10,111,phi+0.99,2,0.37835225220581253,27.470837105212045,2103.621887049837,6.0,1134.553660452816,51.083333333333336,951.1495539964116,49.0
10,111,sorted,0,0.8960839583294881,97.22920546787039,1690.6465402001288,6.0,1046.57000554669,50.583333333333336,938.0968690793702,48.75
10,112,real,0,0.15442671271085484,19.49171521394165,3007.9946757620096,6.0,1130.8372582770544,56.833333333333336,1005.5658033450078,53.083333333333336
10,112,phi-0.60,0,0.005154619763449182,1.0,2042.0690019574083,6.0,1061.3964649159004,54.5,972.1460530585872,52.166666666666664
10,112,phi-0.60,1,0.006845239117213164,1.0,2439.0486315818303,6.0,1064.299637861685,55.166666666666664,985.2124295224448,52.166666666666664
10,112,phi-0.60,2,0.007980315344684486,1.0,2425.7861813238524,6.0,1072.0352036897882,55.416666666666664,984.426631840652,52.416666666666664
10,112,phi-0.30,0,0.003287310201395599,1.0,2251.958746711562,6.0,1060.4097439281995,56.333333333333336,977.5853607796506,53.083333333333336
10,112,phi-0.30,1,0.0005659305783724532,1.0,2208.0866710100113,6.0,1061.7347547109478,55.916666666666664,984.9736802621201,52.5
10,112,phi-0.30,2,0.0011992389603349017,1.0,2244.6122371878305,6.0,1081.9763031641744,56.833333333333336,996.2511902005322,52.583333333333336
10,112,phi+0.00,0,-0.004706203340675666,1.0771425007672515,2864.166683890409,6.0,1082.6514219718374,54.916666666666664,997.8876024642797,52.0
10,112,phi+0.00,1,0.0014636677846401377,1.0,2183.1931637680295,6.0,1077.1869347594995,53.75,990.4459585462647,53.0
10,112,phi+0.00,2,-0.0027849837226984974,1.0,2080.230888196915,6.0,1062.3372354360815,56.583333333333336,979.1385745865833,53.333333333333336
10,112,phi+0.30,0,0.0038034989868640403,1.73128118923802,2049.4933795812235,6.0,1077.4677956861915,54.916666666666664,992.8833603046188,53.75
10,112,phi+0.30,1,0.0027804209005739874,1.601583749699642,2317.133406843898,6.0,1089.0187711426877,56.583333333333336,982.8750745157619,52.583333333333336
10,112,phi+0.30,2,-0.010091683152303153,1.67619508544445,2167.055747946531,6.0,1067.9513358135846,56.5,973.5236354146276,52.5
10,112,phi+0.60,0,0.02673899317899894,4.082348934735537,2087.662582950224,6.0,1054.8678054722477,54.5,984.2637086582636,53.333333333333336
10,112,phi+0.60,1,0.00671922436149175,3.3145827732596143,2184.5890961179293,6.083333333333333,1092.1321692432523,57.25,976.6056562843969,52.166666666666664
10,112,phi+0.60,2,0.009610824986093636,3.227032842439693,2122.6278167967075,6.0,1081.9843373759688,55.5,974.0441620038324,53.416666666666664
10,112,phi+0.90,0,0.1557878068477858,17.254548704916964,2775.9462461568696,6.0,1117.8084815848995,55.75,989.3330375446377,53.166666666666664
10,112,phi+0.90,1,0.23625247379280806,16.599381746587138,2444.4673411366325,6.0,1094.9314403198007,54.833333333333336,976.3500838327285,52.25
10,112,phi+0.90,2,0.24425542159466596,16.89865206186998,2239.98667368599,6.0,1058.8512072442418,53.666666666666664,1005.8114677841535,54.583333333333336
10,112,phi+0.99,0,0.7195716242889287,72.34739853333475,2001.7767911220155,6.0,1074.4349078159373,54.083333333333336,989.7430768828635,52.833333333333336
10,112,phi+0.99,1,0.729367890101085,72.24526997564166,2369.137744046451,6.0,1177.453026525577,54.333333333333336,1018.9743137992224,52.833333333333336
10,112,phi+0.99,2,0.6466435831620253,63.249069017282615,2480.037662829552,6.0,1096.2739986675435,53.666666666666664,998.7451003288161,52.5
10,112,sorted,0,0.9131262458228154,104.18923020295883,1749.0978535633658,6.0,986.5652508584685,53.083333333333336,964.4128047873188,53.25
10,113,real,0,0.13561941113030065,10.760360022974579,1860.7774084538767,14.0,1035.0853443436251,60.833333333333336,987.511355065134,56.583333333333336
10,113,phi-0.60,0,-0.008779011376355068,1.0,1934.3630619081002,13.916666666666666,1035.3499432153521,61.833333333333336,973.2973312242079,56.416666666666664
10,113,phi-0.60,1,0.0002555029877491352,1.0,2123.406059101877,13.416666666666666,1023.5289434793904,60.833333333333336,993.4294452146647,57.75
10,113,phi-0.60,2,0.0005981278036061735,1.0,1852.9335693242003,13.833333333333334,1033.9239796448244,62.166666666666664,997.6312900461593,58.25
10,113,phi-0.30,0,-0.0003974900497249381,1.0,1825.0191403238393,13.75,1035.8108375664315,62.333333333333336,981.6153142677625,57.25
10,113,phi-0.30,1,0.000615042309892677,1.0,1954.094957511487,12.75,1026.1960509389905,61.333333333333336,990.3990517360629,58.416666666666664
10,113,phi-0.30,2,-0.0015178063458983896,1.0,1770.7532632083185,13.416666666666666,1022.2154783233992,60.75,985.6967844299575,57.416666666666664
10,113,phi+0.00,0,-0.005860210986722679,1.0,1824.292567708434,13.0,1021.0818138468782,60.75,988.6263634201296,57.416666666666664
10,113,phi+0.00,1,-0.003807215848866989,1.0,2095.5961173803003,12.75,1024.431932409058,60.666666666666664,989.0029755065443,57.833333333333336
10,113,phi+0.00,2,0.002358848736997031,1.0,1914.6678913406474,13.333333333333334,1032.43118858511,61.833333333333336,979.551593958789,57.083333333333336
10,113,phi+0.30,0,0.004271411440293365,1.1500776259856562,1808.3890227568597,13.833333333333334,1020.8360671651731,61.083333333333336,988.6469429998743,57.583333333333336
10,113,phi+0.30,1,0.0012377461785269708,1.1729249599964644,2016.75367576391,13.833333333333334,1027.8833176005453,61.583333333333336,1008.9470160556061,59.166666666666664
10,113,phi+0.30,2,-0.006585189978583551,1.1957541134214111,1938.2473803014636,13.833333333333334,1029.0094691306333,61.916666666666664,982.9779076717949,56.916666666666664
10,113,phi+0.60,0,-0.0023863653138830347,1.3917386068787185,2119.29169834484,12.75,1024.6240797916162,61.166666666666664,1013.364697600886,59.0
10,113,phi+0.60,1,0.002471353099944726,1.3164705442238112,2108.100599346477,13.5,1035.1006399753057,62.0,990.7504532273751,57.25
10,113,phi+0.60,2,-0.00691444053423169,1.4961419906189395,2063.634789085476,13.083333333333334,1017.0055004745668,61.166666666666664,987.9743323052675,57.166666666666664
10,113,phi+0.90,0,0.021146958322386576,3.883751590031665,1953.7545756500458,13.416666666666666,1034.9276303406948,61.75,991.0659571957558,58.166666666666664
10,113,phi+0.90,1,0.0483728404770766,4.90724583664528,1721.6164217701062,13.25,1014.4792101497341,60.416666666666664,967.0686764961105,55.75
10,113,phi+0.90,2,0.030332918600935715,4.418818785364296,2475.328757191488,13.25,1032.994535354021,61.333333333333336,994.3337472198115,58.416666666666664
10,113,phi+0.99,0,0.21836584703065187,15.50387233802149,1890.4925774843412,13.166666666666666,1024.0572331987225,60.166666666666664,977.9561808191047,56.083333333333336
10,113,phi+0.99,1,0.21584356214712488,15.389254433508311,2790.0459673217415,13.416666666666666,1162.6574718167,61.916666666666664,1112.8141005127966,58.25
10,113,phi+0.99,2,0.15390125664818927,11.80695926239081,1750.0447449604792,13.0,1010.0355321072574,59.833333333333336,965.3343645053945,55.5
10,113,sorted,0,0.22951157616696533,16.136727379355236,1757.5447449604792,13.75,1007.9149184329978,59.666666666666664,974.9942883666253,56.5
10,114,real,0,0.032248141731563915,1.7948946064347913,2664.8325375185464,6.833333333333333,1118.918475462867,61.666666666666664,1045.19284400251,57.583333333333336
10,114,phi-0.60,0,0.006448602373914194,1.0,2193.3469823511355,6.916666666666667,1087.001100130349,59.75,1023.4895933955395,56.166666666666664
10,114,phi-0.60,1,0.013478228514575648,1.0,2312.834305240773,6.916666666666667,1099.3179456064229,60.0,1024.6042390172806,55.416666666666664
10,114,phi-0.60,2,0.0033899760493628934,1.0,2306.04863170385,6.833333333333333,1116.8326829791602,60.416666666666664,999.0371287045946,55.666666666666664
10,114,phi-0.30,0,0.005101239518877951,1.0,2991.0805213610724,6.916666666666667,1133.127429392878,59.833333333333336,1023.8361887345947,55.666666666666664
10,114,phi-0.30,1,0.003387166746828185,1.0,2463.7579161787685,6.666666666666667,1128.9990827120575,59.25,996.502239823019,55.333333333333336
10,114,phi-0.30,2,0.003969443570323013,1.0,2280.864559984627,6.833333333333333,1118.8933514903285,61.333333333333336,1014.0971262993186,55.916666666666664
10,114,phi+0.00,0,-0.004282097034352928,1.0,2577.4366298370082,6.833333333333333,1136.6604189805305,60.333333333333336,1029.0197503442935,55.833333333333336
10,114,phi+0.00,1,0.0014769695415737484,1.076941520442401,2239.493529085274,6.666666666666667,1111.0277252874907,60.333333333333336,1007.7828802720109,54.833333333333336
10,114,phi+0.00,2,-0.0019605071588186048,1.143330581330099,2499.6752353688807,6.833333333333333,1128.8470239188482,61.916666666666664,1013.3589744806918,54.916666666666664
10,114,phi+0.30,0,0.00011482345599562525,1.4418245669344043,2535.4729552225117,6.916666666666667,1126.0222133435375,61.416666666666664,1003.3821589010569,54.333333333333336
10,114,phi+0.30,1,0.004330161998038928,1.4341263968642977,2123.293587320642,6.916666666666667,1089.1075292467415,59.25,1003.1304829908395,54.833333333333336
10,114,phi+0.30,2,0.027193062477283852,1.8338162242802958,2312.750519373884,6.583333333333333,1142.17349979772,61.25,1002.5792247827317,54.166666666666664
10,114,phi+0.60,0,0.03247145594142702,3.453774324039823,2327.9287287320435,6.75,1120.0673853014084,61.083333333333336,1007.5219415915325,54.833333333333336
10,114,phi+0.60,1,0.03192680603274475,2.6303073509373207,2395.192563822459,6.583333333333333,1130.6038796816827,61.333333333333336,1013.2168245811446,55.25
10,114,phi+0.60,2,0.02240213368620656,2.886332575066684,1989.0420659534457,6.666666666666667,1095.6344135650932,60.5,1010.470746770406,54.25
10,114,phi+0.90,0,0.10420381397856374,8.839428366688946,2173.374599921496,6.666666666666667,1103.7073818074402,59.416666666666664,1019.6056747557069,54.583333333333336
10,114,phi+0.90,1,0.12081621362089172,10.919061474401893,2358.8646917637648,6.333333333333333,1145.1328104590996,59.666666666666664,1014.5366167417732,56.25
10,114,phi+0.90,2,0.16535556936998547,12.258160349363079,2119.639628116935,6.416666666666667,1097.7762612171941,59.083333333333336,998.7940136170117,54.75
10,114,phi+0.99,0,0.5572037463344685,42.823965119009145,1941.7255268288702,6.0,1090.587618870341,58.416666666666664,1002.4896051066652,54.583333333333336
10,114,phi+0.99,1,0.48852841085767845,42.68589617184411,3086.1797799021933,6.5,1272.8179467670104,61.0,1053.9250351528517,54.833333333333336
10,114,phi+0.99,2,0.4496919627855812,38.980008878346624,2184.288189571508,6.333333333333333,1111.0254217789518,58.833333333333336,1002.0233749977932,54.25
10,114,sorted,0,0.6759338297235096,72.63717808718171,1687.2597219318386,6.416666666666667,1025.4075935111011,56.583333333333336,979.0799340864936,53.583333333333336
10,115,real,0,0.008410725489504351,1.0,2747.6541184298717,8.75,1070.0599893782864,62.25,1041.338230669514,61.416666666666664
10,115,phi-0.60,0,0.001585751298376452,1.0,2316.865045427544,8.25,1067.8360493882794,64.33333333333333,1022.467960814397,60.083333333333336
10,115,phi-0.60,1,0.0028884012915910955,1.0,2134.8841301087828,8.583333333333334,1064.814032640879,64.16666666666667,1040.3564994865053,61.5
10,115,phi-0.60,2,0.004989004193377742,1.0,2695.957172231288,8.5,1053.586106923881,63.25,1035.5391003510238,59.75
10,115,phi-0.30,0,0.0006381604763459535,1.0,3320.8599696369565,8.916666666666666,1070.7406182644227,62.916666666666664,1042.946907030671,60.333333333333336
10,115,phi-0.30,1,0.0031375053850660676,1.0,2008.9118932296963,8.5,1066.3232150054746,63.916666666666664,1043.3934087220903,60.583333333333336
10,115,phi-0.30,2,-0.008591729280156118,1.0,2564.3526433151337,8.166666666666666,1058.0756914950168,63.166666666666664,1031.369612962136,60.75
10,115,phi+0.00,0,-0.005772250292961423,1.0,2302.155721898418,8.75,1057.3182825642364,62.666666666666664,1002.8038709121487,58.416666666666664
10,115,phi+0.00,1,-0.0033430732080090143,1.03325267888445,2163.6715749729424,8.25,1078.5389200828786,63.916666666666664,1036.3895772195176,61.5
10,115,phi+0.00,2,0.0013065623155990485,1.083733514730829,2063.4069852515945,8.666666666666666,1064.87591327401,63.25,1038.526849746899,60.25
10,115,phi+0.30,0,-0.009865640565640934,1.2320370974864816,2821.002625972021,8.833333333333334,1069.0614776095879,63.833333333333336,1030.1227531059105,60.25
10,115,phi+0.30,1,0.010799350745286412,1.4721127796259712,1836.9092557591594,8.083333333333334,1059.761453628428,62.333333333333336,1036.3468365626188,61.666666666666664
10,115,phi+0.30,2,0.0006032807605433355,1.6474411919648357,2120.478966508032,8.25,1043.7776095538527,62.916666666666664,1030.6848355636387,60.416666666666664
10,115,phi+0.60,0,0.02614429298381151,2.516266599697893,2717.3960145646356,8.5,1062.7900186391685,63.416666666666664,1014.0091006333497,58.583333333333336
10,115,phi+0.60,1,-0.0007259298488679182,1.9744489818399331,2433.0304652324626,8.583333333333334,1062.0470387070363,61.833333333333336,1033.8660219969681,61.0
10,115,phi+0.60,2,0.039385864329226514,3.8272857346976186,2004.3287199103315,8.25,1070.59122844352,63.083333333333336,1021.7979173488274,60.333333333333336
10,115,phi+0.90,0,0.1492859649510051,11.975240508194736,2155.511522075793,8.166666666666666,1064.7435795364597,63.583333333333336,1006.1573279548875,58.916666666666664
10,115,phi+0.90,1,0.10082896431978207,8.931655513299148,2717.158353699969,8.25,1087.2158238310185,63.416666666666664,1027.155692802424,58.416666666666664
10,115,phi+0.90,2,0.19763704075579025,14.040392614098979,2113.8727200951153,7.833333333333333,1039.9256878436936,60.833333333333336,1026.990686093007,59.166666666666664
10,115,phi+0.99,0,0.4345636664787731,32.08557380320717,2125.9686555490503,7.5,1100.0525268532772,61.166666666666664,1032.2054556965024,57.416666666666664
10,115,phi+0.99,1,0.6706524681176174,51.933613106472535,2586.775875634122,7.75,1074.1447776761177,59.333333333333336,1021.2764087187342,56.583333333333336
10,115,phi+0.99,2,0.35855285503742756,27.284342443359872,2559.129331018755,7.75,1095.378466732869,62.416666666666664,1059.471609924655,58.0
10,115,sorted,0,0.7313144500320764,74.10776652909537,1631.428349813127,7.083333333333333,978.3321925265163,56.416666666666664,951.6105077282647,53.666666666666664
10,116,real,0,0.17617955975701108,16.73573095080826,1702.5700253680864,6.833333333333333,1083.092446052071,63.416666666666664,1007.1066580069188,59.583333333333336
10,116,phi-0.60,0,0.0004278794092388503,1.0,2596.8636886361915,7.666666666666667,1117.2406193249642,66.75,1037.688612404655,60.833333333333336
10,116,phi-0.60,1,0.014577610831193591,1.0,2137.723692763378,7.166666666666667,1108.3821052279975,65.33333333333333,1034.3434118644134,60.583333333333336
10,116,phi-0.60,2,0.013794540415029078,1.0,2239.9903161787593,7.916666666666667,1135.4887725749202,65.33333333333333,1048.9975487877834,63.0
10,116,phi-0.30,0,-0.001583148036977204,1.0,2443.6735558362293,7.416666666666667,1118.1051600999551,63.916666666666664,1031.9509479370745,60.083333333333336
10,116,phi-0.30,1,-0.000543610615354747,1.0,2097.843136257323,7.333333333333333,1119.8317289327645,66.41666666666667,1014.2615284228727,58.833333333333336
10,116,phi-0.30,2,-0.001119930007373614,1.0,2273.966277062425,7.833333333333333,1100.109276059612,65.25,1033.2511602670302,60.666666666666664
10,116,phi+0.00,0,1.8583737465427502e-05,1.0,2275.1124618644358,7.666666666666667,1084.8378391386623,64.08333333333333,1038.4956880701484,60.833333333333336
10,116,phi+0.00,1,-0.007426756055702672,1.1206476580333435,2192.1975588947507,7.416666666666667,1107.0197384117002,66.08333333333333,1046.0154884151466,61.25
10,116,phi+0.00,2,-0.0011703788851232808,1.0,2061.6458532904953,7.25,1091.006056687944,66.91666666666667,1043.2527021250214,61.25
10,116,phi+0.30,0,0.010769707514061195,1.5868475960384825,2227.50942927081,7.666666666666667,1107.2717866052842,64.91666666666667,1024.052784260927,60.166666666666664
10,116,phi+0.30,1,0.006620170700253412,1.2567019932630843,2219.4437320868788,7.416666666666667,1104.3043810109225,64.75,1036.7368439814838,61.25
10,116,phi+0.30,2,-0.0023418342271512927,1.394379496660628,2015.2717690151512,7.333333333333333,1097.6500190741137,67.41666666666667,1040.2463754628752,61.333333333333336
10,116,phi+0.60,0,-0.00562927702069107,2.238075679640585,2174.601654654703,7.583333333333333,1092.9992189249224,64.08333333333333,1038.827668166134,61.083333333333336
10,116,phi+0.60,1,0.0381221951273682,3.997513421716942,3551.2298074693094,7.333333333333333,1133.745000133947,65.58333333333333,1058.4041231050514,62.0
10,116,phi+0.60,2,0.011817882952261525,2.5605796800253637,2420.137246132824,7.583333333333333,1110.0499398174513,67.16666666666667,1039.5414047745503,59.416666666666664
10,116,phi+0.90,0,0.17432612241498255,12.902246673663868,2383.370626180328,6.666666666666667,1095.827699494334,61.5,1030.3586777149792,59.0
10,116,phi+0.90,1,0.15294674281690782,11.701141544264573,2228.868408185696,7.166666666666667,1122.938332754863,65.0,1024.0397365303736,59.666666666666664
10,116,phi+0.90,2,0.08919423769006136,7.730885602781109,2031.1178178581822,7.166666666666667,1081.4753057067076,63.833333333333336,1015.596261319075,58.083333333333336
10,116,phi+0.99,0,0.5961905525257967,52.89813755047868,2430.5939514374263,7.0,1174.9579486435423,59.666666666666664,1059.5313889007105,56.333333333333336
10,116,phi+0.99,1,0.6590140483103835,71.06442251060396,2671.194787660181,6.5,1225.1820154687523,61.666666666666664,1055.733219502495,56.333333333333336
10,116,phi+0.99,2,0.6912856367660728,76.5464572434617,1975.935580792215,7.0,1072.6412308651645,61.5,1009.7521800268438,58.916666666666664
10,116,sorted,0,0.7382858823121827,78.17853472833096,1683.7429209616591,6.666666666666667,1027.6730480812314,59.583333333333336,973.3003125471001,57.0
10,117,real,0,0.12458056331129784,16.94930431182506,2258.0289799672137,6.5,1099.9675577923133,61.166666666666664,982.1164288896007,51.666666666666664
10,117,phi-0.60,0,0.006550281194167616,1.0,2406.0430935232,6.75,1124.3582212970948,63.666666666666664,992.9413487326469,53.25
10,117,phi-0.60,1,0.0020255896001379016,1.0,2250.811551794112,6.5,1115.1214628474008,63.833333333333336,1002.8713323999341,53.833333333333336
10,117,phi-0.60,2,0.006936767427870339,1.0,2933.9402814611135,6.583333333333333,1153.0640870976395,62.75,1002.7489800993962,53.583333333333336
10,117,phi-0.30,0,0.0010945881660833466,1.0,2601.6868433937734,6.75,1145.8122114572532,65.0,1004.2056551061187,52.833333333333336
10,117,phi-0.30,1,0.0003742452198972212,1.0,2483.930716960064,6.583333333333333,1124.7923170489432,61.75,1004.5007601168213,54.0
10,117,phi-0.30,2,-0.0027621739983778046,1.0,2877.2446254770616,6.666666666666667,1119.344536268306,64.25,997.9884472538156,52.583333333333336
10,117,phi+0.00,0,-0.003399895184389952,1.0677801131227627,2234.6407015147597,6.5,1128.7376283432448,62.416666666666664,997.6416204733183,53.083333333333336
10,117,phi+0.00,1,-0.005464456367801401,1.0,2175.1234063571633,6.75,1120.1700126875783,64.16666666666667,995.5249472387901,53.5
10,117,phi+0.00,2,0.0005573955217312526,1.1263954890647319,2161.8688821167784,6.666666666666667,1098.362069383507,63.666666666666664,993.5169013630134,52.666666666666664
10,117,phi+0.30,0,0.002572470050879021,1.5884359316771701,2352.919325973279,6.5,1118.9034300375895,62.5,1014.1876932061973,54.416666666666664
10,117,phi+0.30,1,-0.003894567322885189,1.57110683289805,2273.505304702811,6.75,1126.7441389555117,63.833333333333336,1011.2223187057476,53.916666666666664
10,117,phi+0.30,2,0.004059067721355791,1.6026135514467166,2362.841867785411,6.666666666666667,1125.0902091768726,60.75,1015.2015220703812,53.833333333333336
10,117,phi+0.60,0,0.0004636063236461742,2.988871288952022,3219.2760334497966,6.583333333333333,1161.4464527738419,63.333333333333336,1041.4330459044816,55.333333333333336
10,117,phi+0.60,1,0.0241733946369764,3.2124273991177303,2387.2056843786163,6.583333333333333,1166.919445081178,64.0,1003.1386937598157,53.0
10,117,phi+0.60,2,0.03017719934203184,2.9950986233397927,2400.5572692564383,6.416666666666667,1132.1370180441993,63.0,988.2331827106118,53.083333333333336
10,117,phi+0.90,0,0.17139873992573246,12.883244136034328,2410.40766702738,6.583333333333333,1147.7754360863016,63.083333333333336,1008.3032608474867,51.583333333333336
10,117,phi+0.90,1,0.12327313065775257,12.75487575182715,2029.0958986986564,6.5,1126.9283720789806,63.416666666666664,1004.6299193304279,53.5
10,117,phi+0.90,2,0.1554807992099234,11.761765716176486,2141.677793840658,6.75,1112.9485245946037,61.333333333333336,986.4853007818425,52.916666666666664
10,117,phi+0.99,0,0.54905920920437,45.685511629585754,2735.7445366654733,6.083333333333333,1255.2960384567593,60.333333333333336,1044.5361787032225,52.666666666666664
10,117,phi+0.99,1,0.663820542479814,68.67657145832435,1775.2724817918345,6.083333333333333,1046.4128900495318,59.916666666666664,975.4650509462421,53.083333333333336
10,117,phi+0.99,2,0.7601910387568667,78.39678080566426,1729.7146129316097,6.166666666666667,1100.3353134225538,58.25,998.1594310875838,54.166666666666664
10,117,sorted,0,0.8001385841993749,88.14235550858774,1580.6761801009554,6.166666666666667,1006.2103861733198,58.083333333333336,961.3067032374641,52.166666666666664
10,119,real,0,0.23040663865802627,27.856970147087214,1830.3419911274125,6.083333333333333,1043.675009246776,59.25,951.0880131909536,53.083333333333336
10,119,phi-0.60,0,0.0054692207415278455,1.0,2137.985102832951,6.25,1077.28563025562,60.833333333333336,971.0784825785516,53.5
10,119,phi-0.60,1,0.004686179151924727,1.0,2247.8146336820314,6.25,1107.72517587653,59.75,991.9500118662023,56.0
10,119,phi-0.60,2,0.004954161513337404,1.0,2288.1436872759923,6.416666666666667,1098.7158498102435,60.333333333333336,984.0182672942339,54.666666666666664
10,119,phi-0.30,0,-0.0006183032324315825,1.0,2100.459828400482,6.083333333333333,1101.835600430037,59.916666666666664,960.7019384004501,52.916666666666664
10,119,phi-0.30,1,0.005406765865733621,1.0,2181.4046966323763,6.25,1089.30344669367,59.25,976.571318669501,53.916666666666664
10,119,phi-0.30,2,0.0014096961125202175,1.0,2018.1625336105624,6.416666666666667,1121.2782462420403,62.416666666666664,969.6153415419262,53.916666666666664
10,119,phi+0.00,0,0.0019003761183012057,1.0,2169.9610696349378,6.333333333333333,1075.7932384502972,58.75,980.9068920392411,54.666666666666664
10,119,phi+0.00,1,-0.002133827425014611,1.0,2360.651562759124,6.25,1108.9525802177754,60.75,981.3969156435627,55.083333333333336
10,119,phi+0.00,2,0.0059738236938124715,1.0111663530212576,2200.7198244150395,6.416666666666667,1119.6192392229657,62.166666666666664,963.6192207725541,53.333333333333336
10,119,phi+0.30,0,0.01582702520129081,2.108231736168556,2411.465464683547,6.166666666666667,1124.6615392914152,59.0,979.5622177551385,52.833333333333336
10,119,phi+0.30,1,-0.0031121183159729354,1.9568074296546336,2152.488006986059,6.25,1093.226788855771,59.75,985.7453386076553,54.666666666666664
10,119,phi+0.30,2,0.007095922203858748,1.8986910524640102,2082.8793473841424,6.25,1096.7906095041862,60.416666666666664,982.0193266495738,53.416666666666664
10,119,phi+0.60,0,0.022212919227392377,3.0446649085715687,2227.274036462112,6.25,1090.9529041621256,60.333333333333336,986.3539641165984,54.833333333333336
10,119,phi+0.60,1,0.02883060537051632,3.9457300807209275,2329.1035725339193,6.166666666666667,1139.6246038859065,60.583333333333336,977.5443595349881,54.0
10,119,phi+0.60,2,-0.0020520781232335997,4.0294305385902485,2614.5539293124625,6.5,1125.5952148150661,59.416666666666664,993.2663319076149,55.083333333333336
10,119,phi+0.90,0,0.22599213205653032,22.633621576735248,2040.1851688732104,6.25,1093.0881784976284,57.916666666666664,988.8511243949238,54.75
10,119,phi+0.90,1,0.27194388465168506,19.50411699876735,2457.758376617896,6.166666666666667,1121.8464927408102,60.833333333333336,992.6253657498755,53.916666666666664
10,119,phi+0.90,2,0.23017238582488891,21.330307067864826,2222.0276852318134,6.666666666666667,1090.7526233507808,59.916666666666664,959.2587036828572,53.833333333333336
10,119,phi+0.99,0,0.6017528902721152,49.20660418121695,2337.103167060718,6.166666666666667,1161.6766610263514,58.166666666666664,986.6035976426696,52.416666666666664
10,119,phi+0.99,1,0.6416664765554858,71.53912928100165,2688.5344978056496,6.166666666666667,1271.0003866112104,59.083333333333336,1013.3489957611155,52.5
10,119,phi+0.99,2,0.7846756382261608,85.63132238455263,2121.613179324868,6.0,1131.9237658721265,57.5,977.3391256031788,53.166666666666664
10,119,sorted,0,0.8444574785142777,93.90339596007654,1690.4802956932408,6.083333333333333,990.248012502395,56.5,930.8697514773975,52.25
10,121,real,0,0.010582459311855086,1.0,2326.9205311143683,8.666666666666666,998.9579888909399,61.333333333333336,1004.2706282491895,58.666666666666664
10,121,phi-0.60,0,-0.001725041889564182,1.0,2668.2293748703955,8.833333333333334,1025.7237778443975,62.083333333333336,1007.5510164500934,59.25
10,121,phi-0.60,1,0.01565838898179396,1.0,2353.599480506822,8.666666666666666,1019.459924451345,62.25,1018.8339417271626,61.0
10,121,phi-0.60,2,-0.001183718098887267,1.0,2603.5680006118323,9.0,1014.7177036094944,62.333333333333336,1019.8340400796102,60.583333333333336
10,121,phi-0.30,0,0.0005377914223490258,1.0,2235.9363699234905,8.833333333333334,1018.4967443439067,63.0,1013.1555028510653,60.416666666666664
10,121,phi-0.30,1,0.008215454938130922,1.0,2110.018147316169,8.833333333333334,1014.5238267184927,62.833333333333336,1020.0297273184179,60.416666666666664
10,121,phi-0.30,2,-0.008292530987883427,1.0,2565.513682934615,8.5,1018.2172918282345,62.083333333333336,994.8190028917655,58.916666666666664
10,121,phi+0.00,0,0.0005503954490778209,1.0867164127475104,2472.6359199027306,8.916666666666666,1017.6151371113328,62.0,1018.4975058055793,60.833333333333336
10,121,phi+0.00,1,-0.0006987641134993638,1.26177504254107,2340.6758418889863,8.416666666666666,1010.7455524811517,60.333333333333336,1002.0574436008851,60.083333333333336
10,121,phi+0.00,2,-0.003908106092717344,1.0,2647.1560417681285,8.833333333333334,994.4210708361085,60.416666666666664,1007.1211613550919,59.583333333333336
10,121,phi+0.30,0,0.005116043657888748,1.7746768470545184,2539.6192834669223,8.416666666666666,1018.1262077351222,61.75,998.0713447279195,58.583333333333336
10,121,phi+0.30,1,-0.009865909607539532,1.1785174339954447,2345.9178117632455,8.916666666666666,1014.4599669448111,61.75,1005.1185503192113,60.0
10,121,phi+0.30,2,0.0025569261511372058,1.1787696737597306,2794.6863785596324,8.916666666666666,1015.7920325432206,61.5,1005.5368022367078,60.166666666666664
10,121,phi+0.60,0,-0.004294091349474292,2.113667466761236,2596.6948148092924,8.75,1015.0383154797692,61.416666666666664,1001.7418849923429,58.5
10,121,phi+0.60,1,0.03979021878162473,2.722448608414508,2304.9026056254147,9.25,1012.8614245251719,61.333333333333336,995.6381098687652,58.75
10,121,phi+0.60,2,-0.0037820583615368244,2.16862976102908,2425.3985073015474,8.416666666666666,1024.2483223867969,62.5,997.9845475112489,57.583333333333336
10,121,phi+0.90,0,0.10325152321663665,8.733836590059942,1993.5643152583589,8.333333333333334,1022.536112521227,61.916666666666664,997.2135702508454,59.166666666666664
10,121,phi+0.90,1,0.20840728394564453,14.656817548978662,1947.0710185922571,8.5,1010.6816902942379,62.0,1010.1393486638773,59.666666666666664
10,121,phi+0.90,2,0.033022015657976196,4.389704511599987,2164.1286522869505,8.416666666666666,1005.9016293889046,61.583333333333336,985.7536146776246,58.333333333333336
10,121,phi+0.99,0,0.17923788390818926,13.359816893029175,2047.8425579262248,7.5,998.102062122934,59.583333333333336,992.3130551259295,56.75
10,121,phi+0.99,1,0.14979482522249485,11.993131087221803,2252.584935884814,8.166666666666666,1023.2925210041935,60.666666666666664,998.2720206761807,57.583333333333336
10,121,phi+0.99,2,0.7567336688551901,58.346182042581,1681.3147331563657,7.666666666666667,985.507127289688,58.583333333333336,967.0869154643439,56.166666666666664
10,121,sorted,0,0.6983957022482926,60.71380346128683,1645.484735543827,6.833333333333333,947.8343414395316,56.25,942.9805306960294,53.916666666666664
10,120,real,0,0.3681346280851112,37.24914473639121,2381.8019096101825,7.416666666666667,1104.798789857555,63.583333333333336,1009.0131292994452,58.083333333333336
10,120,phi-0.60,0,-0.0023011198486626193,1.0,2391.723606128046,8.0,1093.1987810854791,66.66666666666667,1005.6740198509237,59.75
10,120,phi-0.60,1,-0.0011905183481837403,1.0,2340.281560832964,8.0,1082.1516061497287,64.91666666666667,995.9201795104314,58.333333333333336
10,120,phi-0.60,2,0.010821563950201545,1.0,2120.5750441566424,7.916666666666667,1078.6482442565357,66.91666666666667,1014.1289811291898,60.0
10,120,phi-0.30,0,-0.002142870939881343,1.0,2271.4952187567965,8.0,1090.4048794362877,68.0,1009.5779334066593,59.666666666666664
10,120,phi-0.30,1,-0.003276652619875124,1.0,2372.0275832966836,7.666666666666667,1092.3771199924877,66.0,1012.0011457745092,59.25
10,120,phi-0.30,2,0.0031476348475414284,1.0,2360.331223201334,8.25,1077.7940266170779,66.75,1000.8044622196556,59.75
10,120,phi+0.00,0,-0.005323482259830912,1.0184901393009462,2472.668142831838,7.916666666666667,1074.1222233123826,66.0,1010.2819854457815,59.5
10,120,phi+0.00,1,0.00018234603703921068,1.0,2405.8722760694804,8.0,1080.477908826903,66.66666666666667,1011.1439009138304,59.166666666666664
10,120,phi+0.00,2,0.0008195519078901574,1.1712423608018887,2354.580936454046,8.0,1081.6991158669841,66.33333333333333,996.2944996078865,58.166666666666664
10,120,phi+0.30,0,0.022504476781522013,1.481576520043602,2409.903333354936,7.75,1073.9420539955483,66.08333333333333,1008.3552966773942,59.666666666666664
10,120,phi+0.30,1,-0.0021525128573539813,1.3290255096971004,2278.9932112720157,8.083333333333334,1089.1723988932047,66.33333333333333,1045.4592800368123,61.333333333333336
10,120,phi+0.30,2,-0.0009939201285771068,1.5784501506196063,2113.8848756649154,7.916666666666667,1087.3706764530389,67.08333333333333,1009.8670957893784,59.5
10,120,phi+0.60,0,0.00862912975608359,2.203589373732278,2212.8544153015714,7.916666666666667,1084.9459547128763,66.58333333333333,1019.4460474681055,59.666666666666664
10,120,phi+0.60,1,0.02535379645724188,2.48359099001576,2043.8022193572804,7.583333333333333,1070.9869776951307,65.91666666666667,996.5786098358807,59.333333333333336
10,120,phi+0.60,2,-0.005811057581255127,2.7752998468806664,2291.9917704291515,7.833333333333333,1079.9033236052699,65.75,1012.7642977194114,60.583333333333336
10,120,phi+0.90,0,0.1357872013982462,9.497113411911691,2307.3955208722004,7.5,1067.4624065721011,64.58333333333333,1023.4781124271884,59.75
10,120,phi+0.90,1,0.2136429145591579,15.168442660904901,2135.9085100205643,7.333333333333333,1090.2321899383878,66.0,1021.7716612199741,58.666666666666664
10,120,phi+0.90,2,0.08842462202523783,7.89278610602119,2235.090889884051,7.166666666666667,1098.8104270224655,66.08333333333333,1025.5538635634325,60.333333333333336
10,120,phi+0.99,0,0.7201488069034713,62.029354600469915,1899.087598550601,6.666666666666667,1026.293722562352,62.416666666666664,961.8429036777474,55.083333333333336
10,120,phi+0.99,1,0.5373359226213704,49.78430169909688,2530.3614905499217,7.083333333333333,1181.2643780975684,62.75,1028.171430250533,55.916666666666664
10,120,phi+0.99,2,0.39559930587918307,30.700076649892026,1861.4947056954568,7.166666666666667,1048.0726369643446,64.5,975.2147650997175,56.916666666666664
10,120,sorted,0,0.7504516748846588,72.97389374526966,1860.8548086711362,6.833333333333333,1003.8402045391487,60.75,934.6197979290423,52.833333333333336
10,122,real,0,0.26864483211694223,31.75714490450413,1593.8468604990837,7.166666666666667,1051.5383053583957,64.0,998.8388232519725,56.583333333333336
10,122,phi-0.60,0,0.00834277984992664,1.0,2616.1324736455285,8.333333333333334,1111.0080573520793,66.0,1033.8863621494413,60.166666666666664
10,122,phi-0.60,1,0.0012131972201842637,1.0,2281.995023486594,7.666666666666667,1117.183754146313,66.41666666666667,1024.1416581308304,59.25
10,122,phi-0.60,2,0.003253438184239313,1.0,1990.271687759335,7.25,1118.9237892188637,66.5,1028.67583259462,57.916666666666664
10,122,phi-0.30,0,0.003804791880122457,1.0,2389.326329836808,8.083333333333334,1127.6082449289243,66.41666666666667,1042.3846116239515,58.666666666666664
10,122,phi-0.30,1,-0.00229311577884293,1.0,2429.161017088629,7.916666666666667,1116.462927048224,67.25,1033.5971602831494,58.916666666666664
10,122,phi-0.30,2,-0.0043062433275017666,1.0,2096.761747476991,7.416666666666667,1113.0187850767018,66.16666666666667,1053.3531210562212,60.0
10,122,phi+0.00,0,-7.766100430117179e-05,1.0,2752.2673996799203,7.75,1125.8571755673736,66.83333333333333,1029.6220647503415,60.5
10,122,phi+0.00,1,-0.006163117863891406,1.249859215604927,2614.170195120702,7.833333333333333,1135.3819629444558,67.16666666666667,1042.3241289402292,59.0
10,122,phi+0.00,2,-0.004932690949349355,1.0,2971.8930619614853,7.916666666666667,1106.9748527137533,65.58333333333333,1037.259079124383,60.083333333333336
10,122,phi+0.30,0,0.013219980030919128,2.088637192971219,2343.809169147424,7.166666666666667,1125.6469558715205,67.25,1029.1861345403806,59.583333333333336
10,122,phi+0.30,1,-0.010417875128408038,1.2593122419596323,2181.3587791478253,7.666666666666667,1120.2030671916998,67.25,1038.2459416063043,59.75
10,122,phi+0.30,2,-0.00021967336254842038,1.703613053270673,2289.1302479279925,8.0,1109.498011084802,65.33333333333333,1024.2630648203512,58.25
10,122,phi+0.60,0,0.0312935284229525,4.205057008491001,2766.5379861902948,7.833333333333333,1120.5547139680245,64.83333333333333,1037.4523956652226,59.916666666666664
10,122,phi+0.60,1,0.027244995753617732,3.3188092476799116,2101.6819840395033,7.5,1107.8919863168217,65.25,1026.6804512938033,58.166666666666664
10,122,phi+0.60,2,0.012547666159217381,2.8146765650006005,2606.511379380329,7.583333333333333,1130.9322150525961,64.83333333333333,1045.5571187697353,59.5
10,122,phi+0.90,0,0.16191599165863985,11.879908230448361,1871.6273987542238,7.0,1127.619585334576,66.91666666666667,1059.228215747515,59.916666666666664
10,122,phi+0.90,1,0.07961318874467956,7.974354709535545,2136.0299222843714,7.666666666666667,1140.0225937967514,67.66666666666667,1051.3254625020786,59.583333333333336
10,122,phi+0.90,2,0.1232494977069894,10.26379615946853,2153.684021306361,7.25,1103.4440864870003,65.58333333333333,1026.5437125746685,58.583333333333336
10,122,phi+0.99,0,0.5967545763888755,46.76847216561485,2601.28680623695,7.833333333333333,1252.1917671099197,64.33333333333333,1075.109807404621,56.5
10,122,phi+0.99,1,0.6067790517711734,50.69938690591321,2788.1407871532247,7.416666666666667,1221.538968614431,61.5,1088.4979200947103,57.0
10,122,phi+0.99,2,0.5094983406266518,49.52122897415771,2426.1657478287757,6.75,1194.7496486190905,61.416666666666664,1086.9803476740121,56.75
10,122,sorted,0,0.6571129053445989,67.37933524302561,1573.4648989445784,6.5,998.1837593029671,59.25,971.6576995694927,54.0
10,123,real,0,0.8947713667587769,96.92895014607024,2245.8876009001306,6.0,1175.8719637566885,50.666666666666664,976.2901083246705,49.5
10,123,phi-0.60,0,-0.0032562731177828183,1.0,2193.237878737341,6.0,1115.5787969815276,52.166666666666664,966.4658507276298,50.333333333333336
10,123,phi-0.60,1,0.01198660824612365,1.0,2203.9241469086214,6.0,1123.5744394061992,50.916666666666664,967.4096498885115,50.0
10,123,phi-0.60,2,-0.0006498094084075284,1.0,2174.343921709132,6.0,1138.358578456621,51.75,964.4410445065469,50.166666666666664
10,123,phi-0.30,0,0.0034426766644891126,1.0,2202.2994576448277,6.0,1101.4799691972232,52.416666666666664,966.7568436500114,50.416666666666664
10,123,phi-0.30,1,-0.0019471166898822633,1.0,2131.7442618483856,6.0,1108.1593451695512,51.583333333333336,962.6842167208129,49.75
10,123,phi-0.30,2,-0.0037846056466520448,1.0,2177.899666374499,6.0,1098.1437861937768,52.583333333333336,966.687696081833,50.416666666666664
10,123,phi+0.00,0,-0.006257766458736778,1.0,2240.425934583642,6.0,1109.5030792232885,51.583333333333336,967.9975679901394,50.083333333333336
10,123,phi+0.00,1,-0.005593517250277185,1.007383082626645,2174.7944717239384,6.0,1103.0400640379942,52.25,968.8689120478563,50.416666666666664
10,123,phi+0.00,2,0.0015792241368745214,1.0801002487290252,2223.13332271295,6.0,1117.5675497301536,51.0,962.683582554484,51.416666666666664
10,123,phi+0.30,0,-0.002556824974352386,1.2270910011672485,2167.8146275816694,6.0,1098.6417909655922,52.0,974.6390643581594,49.666666666666664
10,123,phi+0.30,1,0.004221758041987237,1.5292353439277777,2208.3889646690873,6.0,1117.5078350577119,51.333333333333336,963.3935150418603,49.916666666666664
10,123,phi+0.30,2,-0.002225571630889182,1.5941258947637675,2079.5343885197453,6.0,1098.526310854861,50.833333333333336,950.969287440876,48.75
10,123,phi+0.60,0,0.014787537358605147,2.707147283619813,2163.584243082792,6.0,1089.4552126133972,52.666666666666664,960.6461500633271,50.416666666666664
10,123,phi+0.60,1,0.007740606026151197,1.986185402627322,2227.6748014387535,6.0,1098.2254607483126,52.0,966.9152337769225,50.833333333333336
10,123,phi+0.60,2,0.021295158276530633,2.246532832431492,2208.7491243107165,6.0,1120.0161102085688,51.833333333333336,961.10559240907,50.5
10,123,phi+0.90,0,0.1083107590718175,9.81579678815113,2120.172911658415,6.0,1115.7599638346003,51.833333333333336,969.1842882575171,51.333333333333336
10,123,phi+0.90,1,0.09247611739523295,6.278130264562152,2164.565345712115,6.0,1114.2485704322137,52.5,962.2103496126429,49.583333333333336
10,123,phi+0.90,2,0.08286802791326715,7.361579732192702,2192.824808756645,6.0,1124.7940205623079,52.5,977.4278479564501,51.75
10,123,phi+0.99,0,0.38533578690859893,34.336277449117375,2161.119024267508,6.0,1123.5557040722624,51.916666666666664,965.5435544219005,50.333333333333336
10,123,phi+0.99,1,0.4274615934782536,31.62045049209395,2201.8220298702026,6.0,1156.5972601720102,51.333333333333336,976.8699922931252,50.083333333333336
10,123,phi+0.99,2,0.647619082574425,57.94907243623141,2155.1691285847255,6.0,1117.0584637486709,51.5,959.3623120022834,50.333333333333336
10,123,sorted,0,0.8947713667587769,96.9289501460702,2025.5396630428477,6.0,1076.2286007356445,50.916666666666664,945.4346496940175,50.166666666666664
10,125,real,0,0.017270711073242996,2.914545886572163,2226.364543182993,9.583333333333334,1071.0670213644821,64.25,1000.1937997755304,59.5
10,125,phi-0.60,0,-0.002415085322302672,1.0,1914.2161280183402,9.416666666666666,1055.6157950543036,61.25,1012.2482400380765,58.75
10,125,phi-0.60,1,-0.0005670501504945959,1.0,2702.7512498706906,9.75,1098.447233931234,64.83333333333333,1021.1141681757252,58.416666666666664
10,125,phi-0.60,2,0.0003495745133636322,1.0,2021.848903762205,9.333333333333334,1098.8986575058527,62.166666666666664,1013.8437927079748,59.5
10,125,phi-0.30,0,-0.0024249845576977697,1.0,2034.8433995845853,9.75,1088.88050638024,64.16666666666667,1007.4489584910117,58.166666666666664
10,125,phi-0.30,1,0.0007164450481875085,1.0,2455.9385889160535,9.75,1082.7777140264127,63.25,1004.3775623473078,58.916666666666664
10,125,phi-0.30,2,-0.0044340778925237,1.0,2137.0734300505733,9.333333333333334,1078.5281760749674,63.0,1000.3725083066169,58.25
10,125,phi+0.00,0,-0.0009367764722134483,1.0,2245.438484685737,9.666666666666666,1074.1326242020027,62.833333333333336,1014.4086281472881,59.75
10,125,phi+0.00,1,0.005626151409319975,1.2673885701844647,2021.0322778065681,9.833333333333334,1082.1281639419228,64.0,1011.1457471581599,58.666666666666664
10,125,phi+0.00,2,-0.00212067762152857,1.0,1993.3693440140305,9.5,1080.2538373309083,63.583333333333336,1023.1284036529054,59.0
10,125,phi+0.30,0,0.0224899339762545,1.4187511526455987,2978.884180715449,9.5,1084.65839616294,63.083333333333336,1018.5305154421834,58.5
10,125,phi+0.30,1,0.0009462890556127758,1.2142756283342249,2315.653911619546,9.25,1092.3498493281118,64.33333333333333,999.1256477271216,57.166666666666664
10,125,phi+0.30,2,-0.002675410139945178,1.108635023704448,1924.9883314607134,9.833333333333334,1087.8224315169782,62.916666666666664,1014.546207703058,58.5
10,125,phi+0.60,0,0.003674255254036174,2.2757236956258238,2565.0712894971416,9.333333333333334,1086.5384381262138,61.916666666666664,1022.5707870727641,57.833333333333336
10,125,phi+0.60,1,0.0018342980254824944,1.9140519232481286,1941.5093002357492,9.166666666666666,1081.086188827728,64.58333333333333,1011.6651577120698,59.833333333333336
10,125,phi+0.60,2,0.0047368583925796485,1.6430147298792201,1940.365499207397,9.333333333333334,1071.11929405542,62.75,1000.5857480926401,57.75
10,125,phi+0.90,0,0.027837068269129125,3.3568483923771018,1909.413767560848,9.25,1068.5281254730671,63.083333333333336,1000.7196231822886,57.916666666666664
10,125,phi+0.90,1,0.07332837761917774,5.9855903134319375,2533.6262044509926,9.5,1089.44310988097,62.666666666666664,1003.8719113051092,56.25
10,125,phi+0.90,2,0.018509006742860705,3.0310733555169675,2190.7635429298703,9.25,1075.8994034022846,62.25,1004.7044463843362,57.833333333333336
10,125,phi+0.99,0,0.1835701067491869,15.793489127414041,1723.025585231304,8.583333333333334,1015.7074684914702,59.583333333333336,979.1727081751561,55.416666666666664
10,125,phi+0.99,1,0.14275613046295157,11.705307550642706,2064.8153237354672,8.666666666666666,1090.7851562320632,61.833333333333336,983.1630165152986,55.166666666666664
10,125,phi+0.99,2,0.08144472271572306,8.523551448139374,2535.494533235899,9.833333333333334,1108.2310040528532,59.916666666666664,1016.0403372637152,57.25
10,125,sorted,0,0.16440306139647157,16.04465712491993,1709.9532687906237,9.0,992.4645861036748,57.0,965.6623737798245,55.666666666666664
10,127,real,0,-0.008292625835040805,1.5323480831543002,1931.0695732735628,9.916666666666666,1073.8517317345243,64.5,995.8210161737738,58.166666666666664
10,127,phi-0.60,0,0.00266847084527241,1.0,2262.8414439456214,9.5,1071.1725834619426,64.5,997.4244594299321,59.0
10,127,phi-0.60,1,-0.001689018000137871,1.0,2036.6502557369079,9.583333333333334,1080.223902835529,65.5,1020.6391390740409,59.166666666666664
10,127,phi-0.60,2,-0.005335520346846928,1.0,2363.571388818407,10.0,1073.4755976892168,65.08333333333333,1013.3321811679047,59.416666666666664
10,127,phi-0.30,0,-0.0021326011366309366,1.0,2960.7657569477983,10.916666666666666,1087.814040942905,64.41666666666667,1017.8044256123568,59.333333333333336
10,127,phi-0.30,1,0.0035722405384176594,1.0,1831.9671173852546,9.5,1053.104164713712,63.333333333333336,1011.2260385542659,59.166666666666664
10,127,phi-0.30,2,-0.0036849603250848437,1.0,2299.174079886724,10.083333333333334,1068.1449318385996,64.0,997.3526231739171,58.166666666666664
10,127,phi+0.00,0,0.0020455742337136323,1.0,2214.9002143362072,9.833333333333334,1075.4134629362763,64.66666666666667,1011.5299196693219,59.5
10,127,phi+0.00,1,0.004435168241828427,1.0914208372874319,2070.254113789376,10.166666666666666,1086.8187300195912,65.5,1015.2863974199785,59.166666666666664
10,127,phi+0.00,2,-0.001566388151350534,1.0,2196.608807522924,10.0,1074.464515052828,63.833333333333336,1015.1450751503811,59.416666666666664
10,127,phi+0.30,0,-0.0019580141826324167,1.5376689493035958,2285.9170601727615,9.916666666666666,1065.5293644698975,64.75,995.260684562522,58.416666666666664
10,127,phi+0.30,1,0.000558486050473363,1.2364896790605027,1854.7601852768275,10.25,1079.697823084167,65.25,1007.6132910320158,59.833333333333336
10,127,phi+0.30,2,0.0004700845245792349,1.4187351681282132,2059.19577836057,10.083333333333334,1077.0866728600847,64.08333333333333,1006.7205650006204,59.75
10,127,phi+0.60,0,0.012688037603694758,2.738585022404327,2020.8181266690706,9.916666666666666,1068.8247302119225,64.41666666666667,1001.5320262914589,57.666666666666664
10,127,phi+0.60,1,-0.001997817376527955,1.3404212027468483,1938.2751362534648,9.666666666666666,1077.0348027434595,64.16666666666667,1010.2065468426755,59.833333333333336
10,127,phi+0.60,2,0.0065371543086675974,1.8431033389764737,2491.2097990794814,9.666666666666666,1075.2426892442036,64.41666666666667,1016.1480897578614,60.083333333333336
10,127,phi+0.90,0,0.06417475874573858,6.232047650249633,2120.1037520892382,9.75,1089.3242078593457,65.0,1022.2162874508555,59.333333333333336
10,127,phi+0.90,1,0.10301078177542686,8.383547329090092,2419.1274526882785,9.166666666666666,1075.7961271235192,63.833333333333336,1005.2142134996208,59.0
10,127,phi+0.90,2,0.12857658616767723,10.497388749391824,2020.3314373741925,9.666666666666666,1086.2057320119745,63.0,1029.031665591617,58.916666666666664
10,127,phi+0.99,0,0.3615908198867685,25.734188836105478,1672.497027005752,8.583333333333334,1039.1837026594183,61.416666666666664,974.9958025162672,55.75
10,127,phi+0.99,1,0.17372706821049833,12.983061162701153,1891.5128460162568,8.916666666666666,1047.0999017494066,61.583333333333336,977.883167155862,56.416666666666664
10,127,phi+0.99,2,0.34377675243041383,23.135351789324922,1816.5850707701804,8.333333333333334,1040.350828145307,61.666666666666664,967.5612662202765,56.083333333333336
10,127,sorted,0,0.5480774052928229,43.33168423992068,1659.3833860773475,8.916666666666666,1018.4020109138315,60.0,955.8796699012296,54.583333333333336
10,128,real,0,0.041115252251395486,2.7181274922843253,2262.3323391992376,6.916666666666667,1091.2414837951867,58.666666666666664,975.5998372850655,50.666666666666664
10,128,phi-0.60,0,0.005923357152340247,1.0,2202.5723350157273,7.166666666666667,1102.0383728257452,60.166666666666664,973.4571321262283,50.583333333333336
10,128,phi-0.60,1,0.0019230838052842264,1.0,2094.851939154852,7.083333333333333,1078.9352879475514,59.75,973.460168873893,51.416666666666664
10,128,phi-0.60,2,0.0010642149809945319,1.0,2383.4520920475165,7.0,1072.6162094614767,60.0,976.7922114085819,51.583333333333336
10,128,phi-0.30,0,-0.0020354748025172894,1.0,2300.5438241481165,7.25,1112.8270637258881,61.166666666666664,977.4831218228,52.25
10,128,phi-0.30,1,-0.00030140921737903105,1.0,2315.7716168755956,7.25,1109.300711369343,60.083333333333336,978.7506828215379,52.0
10,128,phi-0.30,2,0.004464739929341398,1.0,2356.6254579669544,7.0,1112.9534854182496,59.75,976.1120347892743,50.5
10,128,phi+0.00,0,0.003950033309516495,1.097532102180118,2326.821026746107,7.0,1091.9687199002435,58.416666666666664,980.0834401010447,52.083333333333336
10,128,phi+0.00,1,-0.006546017792067778,1.0,2368.956000722981,6.916666666666667,1107.092223123587,60.333333333333336,985.765392778033,50.25
10,128,phi+0.00,2,0.0016205859747375922,1.0358263685764968,2281.2513351650487,7.0,1106.465945999072,60.5,980.7661343376653,51.833333333333336
10,128,phi+0.30,0,-0.0032200828965413602,1.2797956580607652,2140.720792330796,7.333333333333333,1088.0909043639977,59.083333333333336,976.6027546884326,51.75
10,128,phi+0.30,1,0.0009972406370420885,1.2946568208367846,2199.4576679481247,7.333333333333333,1117.289062744578,59.333333333333336,972.3450593974995,49.916666666666664
10,128,phi+0.30,2,0.0005787482790067716,1.8736587922203018,2225.4061300920084,7.083333333333333,1084.906428381211,59.166666666666664,990.5843760236111,52.416666666666664
10,128,phi+0.60,0,0.004076353076225964,2.735518836409353,2862.571081038956,6.916666666666667,1131.2572265758963,60.916666666666664,970.3529710474286,51.166666666666664
10,128,phi+0.60,1,-0.0019580105607607946,2.0842336233348853,2968.937045620365,7.583333333333333,1112.0960618377928,59.833333333333336,987.8723736395526,51.833333333333336
10,128,phi+0.60,2,-0.0020487652940019375,2.134569755128682,2271.4835116899985,7.333333333333333,1096.2429456475804,58.916666666666664,981.0414804605515,51.333333333333336
10,128,phi+0.90,0,0.16633047785077712,14.639390683424015,1988.5484108394514,6.416666666666667,1084.2943530015186,58.5,955.590751237969,50.416666666666664
10,128,phi+0.90,1,0.08886038348239826,7.355309092762117,1926.2300650193256,7.333333333333333,1087.6398108657659,59.416666666666664,959.9116359798571,50.333333333333336
10,128,phi+0.90,2,0.15863519167555312,12.160182628678848,2136.724017703665,7.166666666666667,1094.8277493343562,61.25,972.8220838023758,52.166666666666664
10,128,phi+0.99,0,0.34938288572905196,27.28628144274746,1994.8683027938087,6.583333333333333,1076.954082994653,57.916666666666664,969.3435310647374,51.083333333333336
10,128,phi+0.99,1,0.23543510585464852,22.988628300788662,2211.5098926008955,6.666666666666667,1145.5110267225862,58.833333333333336,989.2935827592552,51.25
10,128,phi+0.99,2,0.3602493992579062,28.745845996606405,1969.1700080658127,6.75,1051.639248446935,57.416666666666664,955.6044711632061,49.75
10,128,sorted,0,0.37264173875776707,39.842615627405266,1786.8149082508444,7.083333333333333,1015.0975076227691,56.666666666666664,943.4975010212955,49.75
10,129,real,0,0.13782282884145466,16.29069434908225,2398.8896179780454,8.25,1141.003771875353,68.0,1063.7431612047192,61.25
10,129,phi-0.60,0,-3.2844227390982264e-06,1.0,2421.6180373800457,8.083333333333334,1140.4229168303336,70.0,1060.0096148971288,61.75
10,129,phi-0.60,1,0.0030611383180114827,1.0,2598.3294898282275,8.75,1141.6545705018546,68.5,1063.1183879520513,61.833333333333336
10,129,phi-0.60,2,-0.0030210558444748355,1.0,2390.0713801785273,7.75,1126.9926987013012,67.58333333333333,1052.6162153651667,61.416666666666664
10,129,phi-0.30,0,0.00653514446855172,1.0,2376.202618328844,7.666666666666667,1141.6471439839577,69.25,1050.4100304071528,60.916666666666664
10,129,phi-0.30,1,-0.002418760766462071,1.0,2192.796355505356,8.25,1126.738478509503,68.75,1059.0202541372048,61.333333333333336
10,129,phi-0.30,2,0.0011363858083159072,1.0,2202.559486026256,8.083333333333334,1127.5178632829109,68.5,1059.5466181179338,62.333333333333336
10,129,phi+0.00,0,-0.0008264968851598158,1.0,2553.6515243215895,8.166666666666666,1137.7283774231034,70.33333333333333,1066.241746220765,61.75
10,129,phi+0.00,1,0.002057780965443746,1.0782337375689774,2309.680990746543,8.083333333333334,1120.8416110779242,66.75,1060.5170124057115,61.416666666666664
10,129,phi+0.00,2,0.004938379809588412,1.0,2853.539035011125,8.166666666666666,1131.9115562405757,67.91666666666667,1053.438669901818,61.75
10,129,phi+0.30,0,-0.0005455522750926566,1.4550738241057424,2511.690006821548,8.333333333333334,1136.0984398774906,68.25,1053.9420967071358,61.5
10,129,phi+0.30,1,0.006636374038023768,1.3323554939731448,2275.093715351339,8.0,1126.7086448060875,67.75,1064.6505507033678,61.666666666666664
10,129,phi+0.30,2,-0.013044932469966717,1.519422735617178,2412.2798443670886,8.083333333333334,1145.9963684027396,69.83333333333333,1059.4623538223234,61.0
10,129,phi+0.60,0,0.005118195991254568,2.4810854748947886,2424.3047227413317,8.25,1126.0771458482009,67.58333333333333,1061.7400616205416,61.416666666666664
10,129,phi+0.60,1,0.013295489512326971,2.8694140480164974,2514.0934585136492,8.166666666666666,1133.7748533436582,68.58333333333333,1066.363782809244,61.833333333333336
10,129,phi+0.60,2,-0.0016149041765106565,2.6168155126555184,2404.8617075541883,8.5,1133.1280326563885,68.25,1053.7380653400608,61.833333333333336
10,129,phi+0.90,0,0.1289782823894974,10.383232887933111,2621.566967160873,8.166666666666666,1136.7843724252564,66.83333333333333,1051.9518273686833,60.166666666666664
10,129,phi+0.90,1,0.23756935414628066,17.78194346604464,2908.1875371859146,7.75,1147.5754814575428,67.41666666666667,1042.2461336842323,60.666666666666664
10,129,phi+0.90,2,0.15072410572471984,11.832852891132292,2552.8484854896337,7.25,1119.9927845776483,66.75,1034.6667267429245,59.083333333333336
10,129,phi+0.99,0,0.6066318075186664,56.67719509078766,1941.8885346717514,7.333333333333333,1119.315079132358,64.41666666666667,1025.9221758737622,56.916666666666664
10,129,phi+0.99,1,0.44398113671694833,38.43937053509596,3165.094158208359,8.333333333333334,1188.2236377711804,67.25,1068.1039001675917,58.166666666666664
10,129,phi+0.99,2,0.4260869550062427,34.822961650469814,2322.2194759749664,7.916666666666667,1139.4881832529588,64.83333333333333,1054.9323419213476,58.833333333333336
10,129,sorted,0,0.6680985487566451,69.36098660960822,1869.0947034823394,7.166666666666667,1039.816603549921,61.583333333333336,972.9955810999703,54.916666666666664
10,130,real,0,0.002118286095047715,1.1175207039337474,1828.4042167083692,8.916666666666666,948.5364742160963,54.75,958.5654510938834,55.666666666666664
10,130,phi-0.60,0,-0.0003362158206610929,1.0,1783.1643409403307,8.75,935.0121851845064,53.75,950.5001443686292,55.583333333333336
10,130,phi-0.60,1,0.00372611313390924,1.0,1865.859697371341,8.916666666666666,944.8540735437381,54.833333333333336,968.3603329755073,56.416666666666664
10,130,phi-0.60,2,0.0035978290616596516,1.0,1768.1175579000676,8.916666666666666,938.2170093646467,54.083333333333336,957.8773991008096,55.333333333333336
10,130,phi-0.30,0,0.0060010173484686255,1.0,1894.5028194661882,8.75,943.6369632991268,53.833333333333336,953.4698259441515,55.166666666666664
10,130,phi-0.30,1,0.0067194081530663275,1.0,1838.4336647434109,8.75,951.1091334980964,55.083333333333336,949.5889506264526,55.0
10,130,phi-0.30,2,0.0063431082078008565,1.0,1870.5954960370525,8.916666666666666,939.9574130933833,54.333333333333336,949.5260093840443,55.0
10,130,phi+0.00,0,-0.00963253492301469,1.004921497584541,1958.7458197798503,8.916666666666666,981.1017102655977,53.833333333333336,991.2904728590574,56.583333333333336
10,130,phi+0.00,1,0.000826893101068518,1.1846316425120773,1842.0295970855634,8.833333333333334,944.3689112364526,54.25,957.9100468866836,56.083333333333336
10,130,phi+0.00,2,0.005359596987220671,1.2513932022084195,1671.7501013357808,8.916666666666666,934.5303588393027,53.833333333333336,944.2624096668384,54.916666666666664
10,130,phi+0.30,0,0.00535959698722068,1.4919815389924087,1829.1963557773827,8.833333333333334,943.9685415066197,54.416666666666664,957.7035125265639,55.333333333333336
10,130,phi+0.30,1,0.00732661942838105,1.4763673222912355,1882.445846620177,8.833333333333334,946.3488426228629,54.916666666666664,948.8674004251128,55.166666666666664
10,130,phi+0.30,2,-0.003979483472549438,1.1920721187025536,2091.6689715833677,8.666666666666666,976.5615951902743,53.416666666666664,973.5268419430081,55.0
10,130,phi+0.60,0,-0.004304469788915071,2.154373706004141,1781.0495393798794,8.583333333333334,948.5052866875252,55.0,950.6433825028067,55.25
10,130,phi+0.60,1,-0.012035723209823657,1.6506987577639753,1620.1672823575939,8.666666666666666,933.5333738475541,53.916666666666664,962.1682159371911,55.833333333333336
10,130,phi+0.60,2,0.0029221996144784784,2.0531659765355417,1942.5777652186462,8.833333333333334,940.5059934339324,54.166666666666664,941.9824179858789,54.666666666666664
10,130,phi+0.90,0,0.08616145796149544,6.466571773636992,1860.2177629462392,8.333333333333334,933.135007122309,53.583333333333336,945.404110800789,55.583333333333336
10,130,phi+0.90,1,0.10862827514814022,8.725310559006212,1825.6468910734804,8.583333333333334,939.7289921756925,54.0,958.7804662519608,55.5
10,130,phi+0.90,2,0.04870250886461531,5.593318668046928,1793.9583645961018,8.333333333333334,932.7472486962743,54.166666666666664,949.0990201584691,55.25
10,130,phi+0.99,0,0.2168145094119607,15.070652173913043,1561.4857463708956,7.25,919.4779357201415,52.083333333333336,927.5878199567078,53.583333333333336
10,130,phi+0.99,1,0.3741763047047905,26.90784592822637,1575.4280336286456,7.0,940.5997047946274,52.166666666666664,952.9448523739647,53.083333333333336
10,130,phi+0.99,2,0.1902597064562957,13.231758971704624,1570.6537671409972,7.666666666666667,932.3245208091867,52.25,946.856200901927,54.0
10,130,sorted,0,0.5552449965493443,35.97554347826087,1574.189353591564,6.666666666666667,932.6633805726291,51.666666666666664,912.9524808633881,52.166666666666664
10,131,real,0,0.24541683068060774,16.48946080906375,1644.13977332381,13.5,989.8705852139484,60.25,938.0735265405389,54.833333333333336
10,131,phi-0.60,0,-0.0019880043898551194,1.0,1715.9554477549557,13.25,1014.7372209785317,62.333333333333336,960.0574803437761,56.333333333333336
10,131,phi-0.60,1,0.008011110179959554,1.0,2324.630906783867,13.166666666666666,1017.952535738672,61.75,981.9421484584045,57.916666666666664
10,131,phi-0.60,2,0.006268868136148068,1.0,1785.0569463917252,13.0,1006.8731610158615,61.583333333333336,967.2458548297158,56.75
10,131,phi-0.30,0,-0.0001660213833301269,1.0,2223.449727336722,12.75,1016.7071412654981,61.5,969.4081369895038,56.416666666666664
10,131,phi-0.30,1,0.0019897588398058645,1.0,2317.454736093241,13.166666666666666,1015.9441813494341,61.833333333333336,979.713343088432,58.25
10,131,phi-0.30,2,-0.0002383448200593559,1.024963411033471,2363.133623327284,13.166666666666666,1016.3662852431611,62.166666666666664,978.2210181934264,57.666666666666664
10,131,phi+0.00,0,-0.0025294993344357124,1.0,2035.0593092199433,13.083333333333334,1011.7664273831734,61.75,978.3585551229635,57.916666666666664
10,131,phi+0.00,1,0.006273040598466234,1.0,2230.792969623539,13.083333333333334,1015.6851586429387,62.166666666666664,970.2675910682573,56.666666666666664
10,131,phi+0.00,2,0.0027106702127566024,1.0,2225.1980856816585,13.25,1023.4867320187515,62.916666666666664,970.6785230111669,57.25
10,131,phi+0.30,0,0.0009651834272941313,1.3255859014943672,1950.3972544196577,13.0,1007.3351832137126,61.666666666666664,968.4786992201213,56.083333333333336
10,131,phi+0.30,1,0.005462188968278691,1.2347000275851667,1852.558410877342,12.833333333333334,1020.351517236264,62.666666666666664,987.0095979860131,58.416666666666664
10,131,phi+0.30,2,0.004762139500113534,1.0109809714579585,2203.118403674172,13.0,1009.3721469200569,61.083333333333336,969.8600476704545,56.666666666666664
10,131,phi+0.60,0,0.015610585439774786,1.662546395216961,2403.796978358191,13.166666666666666,1006.7569754239381,61.333333333333336,962.995508907425,56.583333333333336
10,131,phi+0.60,1,-0.005320888014573903,1.623190157748609,2097.629738527515,12.833333333333334,1018.406936741277,62.5,968.771734116371,57.333333333333336
10,131,phi+0.60,2,-0.005845229621227866,1.1792476678893475,2332.4659600868185,13.25,1020.2731259569154,62.0,968.9691154083599,56.75
10,131,phi+0.90,0,0.03019571850026053,2.530688885005392,2137.4924830163823,13.0,1014.9372203475423,61.666666666666664,958.6420579049201,56.0
10,131,phi+0.90,1,0.04423842862635079,4.084456602673595,2158.0731587411537,13.833333333333334,1023.907240092383,62.416666666666664,984.3477867352414,57.416666666666664
10,131,phi+0.90,2,0.004038909606454095,2.2598518641361176,1948.0645511027924,12.75,1017.2647394482589,61.833333333333336,967.8796197133906,56.666666666666664
10,131,phi+0.99,0,0.06485047525655764,6.112982454353977,1702.493597056291,13.75,1002.3000999587189,60.75,964.8320157969574,56.666666666666664
10,131,phi+0.99,1,0.04249062439787589,4.813578328805832,2129.894816713349,13.166666666666666,1006.2954449256196,61.5,965.8765465118055,56.5
10,131,phi+0.99,2,0.06519215455255326,6.40084904111081,2514.532748149017,13.0,1047.725311535869,61.083333333333336,999.9825399287671,57.916666666666664
10,131,sorted,0,0.24345298381742894,16.93232774783112,1648.3064399904763,13.916666666666666,997.9907439097982,61.083333333333336,957.8338253193282,56.75
10,132,real,0,0.011362175581954403,3.256881318712452,1707.2496128410266,14.083333333333334,1024.5757740158522,59.083333333333336,1002.5761190692475,59.083333333333336
10,132,phi-0.60,0,-0.0011863099152393186,1.0,1731.3772853356086,13.5,1021.8911211330878,59.0,1000.7981822863991,59.25
10,132,phi-0.60,1,-0.006083637025258147,1.0,2351.471074727557,12.833333333333334,1030.8985737702612,59.5,997.7445780261673,59.0
10,132,phi-0.60,2,0.003617884360502508,1.0,2150.125705407182,13.166666666666666,1023.6280587410074,59.75,1000.8187198213637,59.666666666666664
10,132,phi-0.30,0,-0.005194836912433884,1.0,2175.310496438555,13.083333333333334,1038.707678201034,59.75,999.7275216720028,59.416666666666664
10,132,phi-0.30,1,0.0003094420376936349,1.0,1866.6017086305421,13.25,1014.1616284593761,58.083333333333336,1012.241088388641,59.833333333333336
10,132,phi-0.30,2,-0.00414021210087232,1.0,1840.0201456946552,12.833333333333334,1022.7314275077753,59.833333333333336,997.4157833412972,59.083333333333336
10,132,phi+0.00,0,-0.004067393252927174,1.0,1705.7719942571018,13.25,1021.4516856276497,59.5,990.0794846430659,58.5
10,132,phi+0.00,1,-0.005410798736478598,1.0,1737.487396351268,12.833333333333334,1018.0301615364559,59.25,1000.0475997703744,58.916666666666664
10,132,phi+0.00,2,-0.0008336531791306635,1.2738237995642514,1814.5387105810316,13.416666666666666,1019.0372599738281,59.25,1000.2596605138706,58.833333333333336
10,132,phi+0.30,0,-0.0061725310833862365,1.4720266934142971,2214.3335991816157,13.333333333333334,1009.2687071720329,57.916666666666664,1003.9953070546721,59.75
10,132,phi+0.30,1,0.003010794299432444,1.091350910590392,2138.7486831023634,14.5,1043.3569946305267,60.75,1002.7622729816916,59.666666666666664
10,132,phi+0.30,2,0.0019022992728586195,1.5023780026895062,1849.5052348351462,13.333333333333334,1021.7902152370146,59.083333333333336,1003.579483230954,59.833333333333336
10,132,phi+0.60,0,-0.0017150927448246734,1.9028622705032943,1794.1478839147874,13.416666666666666,1021.6503327982819,59.166666666666664,1003.9712938741368,59.5
10,132,phi+0.60,1,-2.3891857513526206e-05,1.2498563936361302,2117.8246748029223,13.75,1027.1408330019347,59.333333333333336,1002.2218431257403,58.75
10,132,phi+0.60,2,0.011168126837152436,2.003468729704614,1971.6643899291146,13.583333333333334,1029.3955467591275,60.083333333333336,1008.2741292240313,60.0
10,132,phi+0.90,0,0.08254410639393511,7.399450318344883,1669.9344580376367,12.916666666666666,1008.9830694060556,58.416666666666664,990.9855262074657,58.583333333333336
10,132,phi+0.90,1,0.04228642993324578,5.447816346856539,1819.7502785579193,12.5,1016.2339195173436,58.083333333333336,988.0602302724328,58.75
10,132,phi+0.90,2,0.10017666900494034,8.198109272341725,1713.6572832051454,12.416666666666666,1018.7479247711245,59.0,1001.7655602058568,58.916666666666664
10,132,phi+0.99,0,0.22216541242469545,15.31113346672046,1665.9261883105266,13.75,1016.2009236698319,59.25,995.5510444127839,59.166666666666664
10,132,phi+0.99,1,0.12566982285329842,10.158790826329058,1625.6604606546318,12.333333333333334,1002.0774272438894,58.166666666666664,979.2157102441082,57.75
10,132,phi+0.99,2,0.11321674465563236,8.831898292467432,1827.0553929161467,12.583333333333334,1005.5012019775472,57.833333333333336,978.8398494776948,57.166666666666664
10,132,sorted,0,0.2677793590320732,18.390129435382736,1618.1604606546318,11.583333333333334,986.0901521063823,56.5,964.6871872329149,56.333333333333336
10,133,real,0,0.18456100914177098,22.73001862328472,2526.9300195712935,6.833333333333333,1150.2127534213623,62.083333333333336,1009.8277308621538,56.166666666666664
10,133,phi-0.60,0,0.007539651352590742,1.0,2329.856723364202,7.166666666666667,1087.2247313434711,62.083333333333336,974.4202095891263,56.416666666666664
10,133,phi-0.60,1,8.290579009466472e-05,1.0,2203.8683347376827,7.0,1094.1402520912109,62.666666666666664,980.3922702086566,55.833333333333336
10,133,phi-0.60,2,0.003005944310449753,1.0,2281.8942689264627,7.166666666666667,1088.5596278413313,62.833333333333336,980.5697742672561,55.166666666666664
10,133,phi-0.30,0,0.0012341250845387909,1.0,2044.2835674802955,6.75,1068.1280727772205,60.666666666666664,981.7650578389333,55.25
10,133,phi-0.30,1,0.002188254093747386,1.0,2208.1290919528296,7.0,1077.045657240665,62.25,970.5422216021421,54.166666666666664
10,133,phi-0.30,2,-0.003264894848603702,1.0,2013.456760562792,6.583333333333333,1080.6399704726016,61.0,987.0858224788848,55.166666666666664
10,133,phi+0.00,0,-0.005648325926452778,1.0,2039.786721083149,6.833333333333333,1052.2572872246064,61.416666666666664,973.0728268470119,55.0
10,133,phi+0.00,1,-0.004445413499130896,1.016279360335992,2134.462629242357,6.75,1080.0796787542097,61.5,981.8916173770298,54.75
10,133,phi+0.00,2,0.0004889678629564281,1.0,2146.404124606111,7.0,1081.7288161940116,61.5,993.1277081940716,56.75
10,133,phi+0.30,0,-0.0005486500881005428,1.6145971143805469,2010.9159303513668,6.833333333333333,1065.480653451312,62.583333333333336,963.2037630965441,55.833333333333336
10,133,phi+0.30,1,0.010406394435765218,1.6512669293643025,2100.02342909044,6.75,1075.0376086858041,61.5,965.8858454429937,54.75
10,133,phi+0.30,2,-0.0028707397521417315,1.420118285803215,2246.6382285079667,6.583333333333333,1098.8456440013724,62.333333333333336,982.7684199853041,55.25
10,133,phi+0.60,0,0.03128855414721754,3.5195914435527818,2630.739601285603,7.083333333333333,1107.479801052696,62.583333333333336,977.7731068175282,54.5
10,133,phi+0.60,1,0.04464506534734434,4.499075552733903,2275.692368250185,7.166666666666667,1080.0563836557997,61.333333333333336,965.7357297215099,53.583333333333336
10,133,phi+0.60,2,0.021467780210437038,3.4691744658531953,2193.4979849334404,6.916666666666667,1085.042641128903,61.583333333333336,999.5320003225046,56.916666666666664
10,133,phi+0.90,0,0.1841633556147319,16.10161925793307,2107.759360065823,7.0,1060.2552045283294,60.916666666666664,977.4673523220181,54.666666666666664
10,133,phi+0.90,1,0.19093377405672737,13.84518701229146,2856.3174156536893,6.583333333333333,1086.6156799240796,60.583333333333336,981.7358219125398,54.75
10,133,phi+0.90,2,0.11362737208352593,9.476857812952769,2030.604547300035,6.666666666666667,1081.7615999501088,61.583333333333336,978.0587037655538,55.75
10,133,phi+0.99,0,0.433810523075919,36.77380694613186,2366.272616943287,6.25,1154.61395745002,61.25,998.3335277106758,55.25
10,133,phi+0.99,1,0.6129367451625798,65.9582443696139,1779.511202255767,6.083333333333333,1052.6840115484138,57.583333333333336,961.9495576178978,53.0
10,133,phi+0.99,2,0.6160134153087201,55.57335338055147,1885.154111855614,6.416666666666667,1062.4706299549641,58.916666666666664,945.6559082806222,52.25
10,133,sorted,0,0.7102118746903269,74.12872903087134,1600.3391093668706,6.083333333333333,977.4005362478341,57.833333333333336,932.6850337434001,52.25
10,136,real,0,0.2740702486638956,25.873482693050036,1667.9915079837126,8.166666666666666,939.6619575699788,53.083333333333336,941.3201103185423,52.916666666666664
10,136,phi-0.60,0,-0.002117824678584745,1.0,1889.859949650772,10.5,988.6167357171871,57.75,958.1293109646017,53.75
10,136,phi-0.60,1,0.001204585145769765,1.0,1746.1416994224412,10.5,962.9031223403612,55.666666666666664,961.0843679092509,54.833333333333336
10,136,phi-0.60,2,0.002182598276659105,1.0,1670.415328569098,10.166666666666666,973.1366388718019,56.416666666666664,964.1087345100728,54.916666666666664
10,136,phi-0.30,0,0.001590120756787013,1.0,1847.7701343859842,10.583333333333334,966.3520279340154,56.083333333333336,968.7555293429236,55.916666666666664
10,136,phi-0.30,1,-0.0029144092866424404,1.0,1751.9653103253124,10.416666666666666,975.941181246276,56.916666666666664,961.5176669130916,55.0
10,136,phi-0.30,2,0.009096725888946352,1.0,1752.518885608897,10.833333333333334,978.8958299459324,57.333333333333336,967.8464794018042,55.333333333333336
10,136,phi+0.00,0,-0.005641506770455614,1.1004417883133408,1748.2444461994717,10.666666666666666,972.0310833270538,56.25,960.3594640157243,55.166666666666664
10,136,phi+0.00,1,-0.008144653421398475,1.014602843267613,1812.0177529279965,10.75,975.7213475496073,57.083333333333336,964.3144179441497,55.166666666666664
10,136,phi+0.00,2,0.0034299193711266707,1.0,1711.2539570229567,10.583333333333334,970.6095235438752,56.416666666666664,961.5101489748312,54.833333333333336
10,136,phi+0.30,0,-0.003299944897659687,1.3840655962712494,1771.7776388356406,10.25,974.0321306697668,56.666666666666664,960.7984487394441,54.833333333333336
10,136,phi+0.30,1,0.0058877088913616175,1.1716778900914555,1704.3240458719756,10.416666666666666,970.1513642910637,56.166666666666664,963.0728027796094,55.25
10,136,phi+0.30,2,0.0012045851457697658,1.1847771280423582,1727.4532795351563,10.916666666666666,983.0267067330041,57.416666666666664,964.0302260113103,55.0
10,136,phi+0.60,0,0.01350770685029074,2.0225493139651816,1706.5965410574245,10.0,968.8404400547597,56.25,963.9457498928818,55.333333333333336
10,136,phi+0.60,1,0.005842351760653708,1.7811389274123215,1799.9054960046462,10.083333333333334,979.5910544967093,56.666666666666664,960.9581877899403,55.083333333333336
10,136,phi+0.60,2,0.0031606114075484466,1.3840655962712494,1608.6150521633308,10.666666666666666,981.0173455301498,57.75,954.1277808219761,54.166666666666664
10,136,phi+0.90,0,0.04717120229756875,5.824123929485439,1599.381933692877,9.75,959.9605942706035,55.583333333333336,942.8664671839584,53.5
10,136,phi+0.90,1,0.05499530734468346,6.009062617655331,1866.5487359624422,10.083333333333334,968.9304883601859,56.166666666666664,955.7777537768525,54.333333333333336
10,136,phi+0.90,2,0.026632926548892603,2.5620033455814015,1602.7106897468814,10.083333333333334,968.8125829389896,56.583333333333336,956.001170231175,54.666666666666664
10,136,phi+0.99,0,0.25450998604610886,21.9594741432309,1588.516461847812,8.666666666666666,938.9707812417923,53.75,942.9034775301584,53.416666666666664
10,136,phi+0.99,1,0.2183235002032033,17.79698754700256,1591.9377343791405,9.0,944.2570537173101,54.0,943.8580757541467,53.416666666666664
10,136,phi+0.99,2,0.4080580475957351,27.486427519551604,1582.734395915576,8.083333333333334,931.2199332072079,53.0,941.3625904328828,53.25
10,136,sorted,0,0.44141254759006554,28.43526871881389,1578.6330343963184,7.666666666666667,923.5560591903372,52.25,926.551598874525,52.083333333333336
10,135,real,0,0.2875853360416266,34.05685446827993,3062.757096140729,6.833333333333333,1231.4050581557412,63.75,1054.366463267473,54.0
10,135,phi-0.60,0,0.001368974712243629,1.0,2177.0268464116525,6.583333333333333,1131.7083592403806,63.916666666666664,1012.1027184822589,55.0
10,135,phi-0.60,1,0.0021650032169147856,1.0,2188.4851512075747,6.666666666666667,1134.658575264479,63.25,1003.6114438458548,54.75
10,135,phi-0.60,2,0.008675209343340018,1.0,2156.444452482003,6.583333333333333,1136.4794441244683,63.666666666666664,1005.1428783900043,55.166666666666664
10,135,phi-0.30,0,0.003873862664575965,1.0,2084.2559982749854,6.5,1115.375030520743,62.666666666666664,994.6811853371818,55.583333333333336
10,135,phi-0.30,1,0.004986477352069293,1.0,2106.3652586982075,7.083333333333333,1130.90335066245,64.16666666666667,1034.1983495638726,56.5
10,135,phi-0.30,2,-0.0006818404933611758,1.0,2062.0930902926534,6.833333333333333,1147.5121853232154,63.833333333333336,995.9006380579317,54.833333333333336
10,135,phi+0.00,0,0.000285638666624244,1.0,2237.9443358410354,6.666666666666667,1120.0162264774203,62.833333333333336,992.244428724816,55.083333333333336
10,135,phi+0.00,1,-0.0013679123303160913,1.0,2348.2784539262443,6.916666666666667,1119.3874719246396,63.166666666666664,1002.3428103430252,55.083333333333336
10,135,phi+0.00,2,-0.0012091854787096659,1.0,2049.517323252719,6.833333333333333,1116.8268578020798,62.083333333333336,1004.9560646754193,55.5
10,135,phi+0.30,0,0.0027330542496309127,1.6043909382546082,2618.9851641273945,6.833333333333333,1121.9104773226304,63.416666666666664,1007.2409650041699,56.166666666666664
10,135,phi+0.30,1,0.0016168075914024611,1.5533577403362369,2453.3251758188762,7.083333333333333,1132.0141045497883,61.75,1012.1480624272176,55.083333333333336
10,135,phi+0.30,2,-0.011818054990395404,1.4782333694934513,2493.119832628148,6.583333333333333,1154.1382386115604,63.583333333333336,1033.3160465168044,56.833333333333336
10,135,phi+0.60,0,0.030403460047386182,2.787519972284944,2340.6539453457012,6.916666666666667,1124.591306827244,63.083333333333336,1007.3659923716028,56.25
10,135,phi+0.60,1,0.013680057050366708,3.205370060365588,2191.229096810073,6.666666666666667,1125.021432085616,62.5,996.6244546362253,55.166666666666664
10,135,phi+0.60,2,0.004469205556438772,2.4808382948243004,2005.9590451690344,6.666666666666667,1142.064335532308,63.75,983.6501970954464,54.25
10,135,phi+0.90,0,0.15655232878717748,12.92480197091996,1971.067607778087,6.333333333333333,1106.863365545533,61.666666666666664,1003.7668411078399,55.25
10,135,phi+0.90,1,0.17811708393279352,12.9294390705464,2116.004337011624,6.416666666666667,1157.53811241369,62.5,1011.3972439799459,55.666666666666664
10,135,phi+0.90,2,0.2463808293424068,22.40870986012737,2028.510287837841,6.583333333333333,1122.6200137261724,61.0,1003.7354046676309,56.333333333333336
10,135,phi+0.99,0,0.6151067817872448,58.834820988046964,1772.2614080782776,6.083333333333333,1091.391165999106,60.416666666666664,989.1721079373702,53.5
10,135,phi+0.99,1,0.6253906376283322,63.67910532952475,2800.264633619121,6.5,1198.4515113757568,60.5,1021.0097837220947,52.833333333333336
10,135,phi+0.99,2,0.3765547508033773,33.07057667694771,1903.1763458934627,6.916666666666667,1128.1461656856911,61.0,995.2490547663664,54.416666666666664
10,135,sorted,0,0.7431528013010709,81.93633851676334,1632.474749148689,6.583333333333333,1022.8497484152014,57.0,968.2981352027423,53.75
10,137,real,0,0.030228389579744268,1.6076196962338805,2150.214340563417,6.083333333333333,1072.8740073533825,56.416666666666664,962.7244390008008,52.166666666666664
10,137,phi-0.60,0,0.0059365664542735345,1.0,2089.964048459853,6.0,1101.859901299899,57.0,957.3543224999794,51.833333333333336
10,137,phi-0.60,1,0.008144973913376033,1.0,1860.6833702804568,6.0,1108.0118204400521,57.666666666666664,963.9127302368903,52.083333333333336
10,137,phi-0.60,2,0.004028009231501568,1.0,1942.24576412841,6.0,1091.0077831278795,58.666666666666664,947.8905029692293,50.666666666666664
10,137,phi-0.30,0,0.0032971635044395896,1.0,2108.0193493667934,6.0,1123.8476887160261,56.5,958.7997788761323,52.0
10,137,phi-0.30,1,0.0019350712666961873,1.0,1970.4655535058766,6.25,1085.5142531890417,55.916666666666664,957.9290827630412,50.25
10,137,phi-0.30,2,0.010020822198073154,1.0,2082.043979331414,6.333333333333333,1112.7999959920867,58.916666666666664,970.165313038991,51.5
10,137,phi+0.00,0,-0.004777358844182211,1.0322127066533693,2276.1646645369938,6.0,1121.6923528263528,57.916666666666664,981.0375646839551,51.666666666666664
10,137,phi+0.00,1,-0.0025655137935321625,1.0,1996.3722888422083,6.333333333333333,1117.0015874228854,58.25,956.284082345711,50.416666666666664
10,137,phi+0.00,2,0.0015125703220525068,1.0114313712287852,2146.1220304145318,6.166666666666667,1105.7621280302528,56.75,956.8706863640747,51.25
10,137,phi+0.30,0,-0.014457731849342447,1.7346435560854123,2008.6870449227479,6.166666666666667,1122.082770814488,58.25,956.2203334768859,50.666666666666664
10,137,phi+0.30,1,-0.01367189599625309,2.0318249764275036,2035.1823219144242,6.083333333333333,1112.0968677097921,59.166666666666664,969.6242656104124,52.083333333333336
10,137,phi+0.30,2,-0.011920640862407832,1.4443307337242064,2135.631374876222,6.083333333333333,1101.9098877026197,57.25,976.7403405016572,53.25
10,137,phi+0.60,0,0.013517035079833322,3.17743186870449,2041.10365410984,6.0,1089.2396713098587,53.833333333333336,952.7577612118716,51.166666666666664
10,137,phi+0.60,1,0.024821937975441157,3.220999468736983,2377.2078641500334,6.416666666666667,1130.9441950933035,57.5,956.1233517491519,51.583333333333336
10,137,phi+0.60,2,-0.0007919231324386344,3.1160034923467985,2257.3738199772365,6.083333333333333,1111.3540032981612,56.583333333333336,951.6984808127589,51.25
10,137,phi+0.90,0,0.1710925887310038,13.986407153690587,2033.610083380506,6.083333333333333,1129.7961979887016,58.333333333333336,968.8477867545618,51.583333333333336
10,137,phi+0.90,1,0.21572528553576437,15.585552839270814,1900.3567491457086,6.166666666666667,1138.6211008906505,57.666666666666664,961.4008086251928,52.25
10,137,phi+0.90,2,0.16561308182396028,12.115311167981417,1963.5050204757533,6.0,1076.9503367168988,55.666666666666664,953.4970935147818,50.75
10,137,phi+0.99,0,0.7168411552138891,72.13439120826577,3070.5055135097623,6.083333333333333,1233.1604657006967,55.583333333333336,1007.0206690226751,50.666666666666664
10,137,phi+0.99,1,0.5456961647680674,58.560825898867066,2284.743066759453,6.333333333333333,1183.548466782663,56.583333333333336,984.9676789171405,50.5
10,137,phi+0.99,2,0.6770124290079674,63.4026322493824,1842.7735004026679,6.0,1061.5002339829596,56.083333333333336,955.4809864004892,51.25
10,137,sorted,0,0.8193068127958484,89.57600956685509,1644.613849703357,6.083333333333333,1001.5472612370577,54.416666666666664,934.8262712746764,50.916666666666664
10,139,real,0,-0.02228370376833078,1.0,2818.1469331291664,7.166666666666667,995.8398004913175,55.583333333333336,982.5633302664363,55.416666666666664
10,139,phi-0.60,0,-0.00012790233329472423,1.0,2377.3579820366017,7.166666666666667,997.0615456775344,54.5,979.7950256969733,57.25
10,139,phi-0.60,1,-0.004907844054321638,1.0,2528.459293791109,7.416666666666667,1008.0735655726194,56.333333333333336,981.0449683062784,56.75
10,139,phi-0.60,2,-0.0010351802640069512,1.0,2621.621086131178,7.25,1007.7067077271637,55.833333333333336,969.5226887634375,55.25
10,139,phi-0.30,0,-0.0004997375507997359,1.0,2150.734847388044,7.166666666666667,1001.0281672936195,55.25,986.3076813254269,57.416666666666664
10,139,phi-0.30,1,0.0005977960662025523,1.0,2622.881844882142,7.333333333333333,993.08843293354,55.083333333333336,981.3557633290444,56.416666666666664
10,139,phi-0.30,2,0.0008884472612189682,1.0,2670.159179534307,7.333333333333333,1005.4568146794854,55.75,979.9147122850753,56.333333333333336
10,139,phi+0.00,0,-0.004090426301173123,1.0,2778.861052032958,7.25,999.4792391306986,54.416666666666664,995.0507339429847,57.333333333333336
10,139,phi+0.00,1,0.0007297975684168319,1.0157909597014871,2369.924540498697,7.083333333333333,1002.9918677255185,55.833333333333336,980.287508012338,56.416666666666664
10,139,phi+0.00,2,0.0007006704763789391,1.0405923687090712,2514.988903926946,7.166666666666667,993.7650557924953,54.916666666666664,991.402457635063,57.166666666666664
10,139,phi+0.30,0,0.00524325738356515,1.0421379637631671,2247.2718382030434,7.333333333333333,991.7940441195828,55.333333333333336,973.4980928652811,55.583333333333336
10,139,phi+0.30,1,-0.0042174700004873325,1.3462464231742366,2712.240851788173,7.25,1006.7351801252247,55.916666666666664,970.2292574846065,55.75
10,139,phi+0.30,2,-0.005817600886483895,1.263805049777329,2601.9601345826727,7.166666666666667,1004.1435283135238,55.083333333333336,990.9651820284229,56.666666666666664
10,139,phi+0.60,0,0.022373086128658477,1.9352720210830212,2776.802750676325,7.333333333333333,996.5423366014273,54.583333333333336,979.7427318590834,56.333333333333336
10,139,phi+0.60,1,0.027698386168692735,2.9586695796992055,1938.5846031908807,7.083333333333333,984.4858650087353,54.416666666666664,966.8172429764163,55.916666666666664
10,139,phi+0.60,2,0.008584196812847673,1.7415233722414878,2554.021907201603,7.333333333333333,997.8328185467849,56.0,989.5241935770465,56.583333333333336
10,139,phi+0.90,0,0.06666299861104279,7.480500497747245,2124.5588257271406,7.166666666666667,979.6839763600598,53.833333333333336,964.2689434968967,55.916666666666664
10,139,phi+0.90,1,0.03936223721646241,5.302994714137845,2437.346567359767,7.166666666666667,1007.0610900625887,54.166666666666664,966.9868326229562,55.25
10,139,phi+0.90,2,0.0702908708831667,5.737300412731704,1954.7083085319493,7.083333333333333,987.5544211062387,54.333333333333336,965.7957486668147,55.916666666666664
10,139,phi+0.99,0,0.2925466959917116,23.223181425354337,2341.754979001589,6.666666666666667,1005.1651778895508,52.333333333333336,988.7361080096229,55.083333333333336
10,139,phi+0.99,1,0.3488338717668951,36.350135884216336,1848.0376586352404,6.833333333333333,982.079387418401,54.166666666666664,958.0713827475721,55.166666666666664
10,139,phi+0.99,2,0.3642278497716025,24.049424452074316,1717.2492292304098,6.666666666666667,979.5061682628784,53.333333333333336,954.1415694865706,53.333333333333336
10,139,sorted,0,0.8131829308378772,78.26559542916439,1624.428572814889,6.333333333333333,943.4215101373447,51.5,919.7108831890505,52.0
10,138,real,0,0.8326712742135275,88.83023673907982,1952.082600559687,6.083333333333333,1218.06272783244,61.166666666666664,1011.1276090060313,54.416666666666664
10,138,phi-0.60,0,-0.00041916710140932746,1.0,2814.433305615441,6.083333333333333,1131.9538665196267,63.666666666666664,1012.1808414869173,57.083333333333336
10,138,phi-0.60,1,0.008568933030565978,1.0,2370.887973005938,6.25,1165.8401660880081,65.66666666666667,994.859333240167,55.416666666666664
10,138,phi-0.60,2,0.0074225400042634004,1.0,3238.40157405989,6.0,1125.3668873945264,63.0,1001.3889346442755,54.416666666666664
10,138,phi-0.30,0,0.0018511978503302725,1.0,2653.3377849126005,6.083333333333333,1147.4064908467683,66.08333333333333,981.7312927369375,54.166666666666664
10,138,phi-0.30,1,0.000801528636434741,1.0,3124.669253698156,6.166666666666667,1139.0372977935083,66.0,994.8824228314037,55.416666666666664
10,138,phi-0.30,2,-0.0008046816934817416,1.0,2395.422298013617,6.083333333333333,1151.9677334280416,64.91666666666667,999.9595935512738,56.083333333333336
10,138,phi+0.00,0,-0.0005519435773069768,1.0,2711.170420656299,6.25,1119.7301816766758,64.08333333333333,992.3702147201515,55.083333333333336
10,138,phi+0.00,1,-0.0008950272569000898,1.1485412822157988,2182.0481777518607,6.166666666666667,1119.4090305132345,64.5,990.2226322325691,56.25
10,138,phi+0.00,2,0.006897598444969758,1.0,2059.4439056299566,6.166666666666667,1124.9846815478004,64.58333333333333,985.1039165550391,55.0
10,138,phi+0.30,0,0.011760818839996558,1.868879525549921,2328.8024068121076,6.083333333333333,1135.8018206844938,64.41666666666667,994.2994011129523,55.583333333333336
10,138,phi+0.30,1,-0.003379646926191024,1.5886024207209934,2451.3107239821716,6.083333333333333,1121.733444372734,64.0,983.2824584630449,56.416666666666664
10,138,phi+0.30,2,0.0025217307211420894,1.5370602476422754,1912.0335900954087,6.166666666666667,1135.2744621363956,65.83333333333333,992.1136460608399,56.333333333333336
10,138,phi+0.60,0,0.025821240926068224,3.1060716888925874,2794.100209664902,6.083333333333333,1152.8835077211759,63.583333333333336,998.2853609877525,55.916666666666664
10,138,phi+0.60,1,0.009368547659873482,2.5490562269138533,2144.027625090745,6.166666666666667,1128.9138212617188,64.83333333333333,994.1311178613452,54.833333333333336
10,138,phi+0.60,2,0.026123682714239822,3.0012903326676548,2338.849853764775,6.166666666666667,1153.3204695369923,63.916666666666664,990.4155957267722,55.083333333333336
10,138,phi+0.90,0,0.21361738711024572,19.534749536919747,2389.1119441441056,6.083333333333333,1110.6039372925136,62.666666666666664,992.0565461424168,55.75
10,138,phi+0.90,1,0.14433120729013876,11.9832822909694,2611.603699973894,6.166666666666667,1158.0379739807925,63.333333333333336,1022.0567139222021,56.333333333333336
10,138,phi+0.90,2,0.17481694284186863,13.5859419837059,3048.6511168851653,6.0,1151.607037281566,63.666666666666664,999.7676019080254,55.25
10,138,phi+0.99,0,0.7989586891582158,84.85351466435677,2294.7387801544005,6.083333333333333,1134.9293413033076,61.833333333333336,989.1946863866402,54.083333333333336
10,138,phi+0.99,1,0.6645297217337226,61.87819677670527,3255.2597128137745,6.0,1375.524109835302,64.91666666666667,1065.8622852843566,54.833333333333336
10,138,phi+0.99,2,0.611832414684894,57.33546775886929,1785.6733071880553,6.083333333333333,1085.766600456661,62.916666666666664,971.1991205779337,54.916666666666664
10,138,sorted,0,0.9512243520959144,110.82866450070415,1611.6350796893178,6.083333333333333,1050.6848268053986,60.833333333333336,959.5857797866639,54.5
10,140,real,0,0.07841974207487751,7.7326340871041355,1905.7283779492136,14.666666666666666,1040.7654047534531,60.166666666666664,986.3596061054237,56.916666666666664
10,140,phi-0.60,0,0.0012619564646670347,1.0,1965.1078835276373,13.416666666666666,1021.7471480847292,58.5,988.8910758725452,56.666666666666664
10,140,phi-0.60,1,0.013351820257387995,1.0,1854.8422830257432,13.333333333333334,1014.3149657712011,57.75,977.7657165094183,56.0
10,140,phi-0.60,2,-0.0030396805443112028,1.0,2030.3351306493123,13.416666666666666,1028.0395300935886,58.833333333333336,972.640217974022,55.416666666666664
10,140,phi-0.30,0,-0.004356294980688214,1.0,1840.1375103699647,13.333333333333334,1013.508921978861,57.75,979.901144354928,56.25
10,140,phi-0.30,1,0.0017043110780918182,1.0,1869.7561053167808,13.416666666666666,1016.3070219438423,57.916666666666664,963.505374861355,54.333333333333336
10,140,phi-0.30,2,-0.0010020628551809202,1.0,1960.4563458594519,13.5,1029.640922028677,59.0,982.2460566127811,56.583333333333336
10,140,phi+0.00,0,0.005720333234254391,1.0,1897.7745307224523,13.583333333333334,1034.5784276869101,58.916666666666664,985.2627839481056,56.666666666666664
10,140,phi+0.00,1,0.005842242178894434,1.0171561786823078,2177.059922487294,13.583333333333334,1040.7325504673938,60.083333333333336,959.9902707558716,54.75
10,140,phi+0.00,2,-0.0015454277304248222,1.0,2134.23430782021,13.583333333333334,1027.6595127294684,59.0,972.4184864597988,55.583333333333336
10,140,phi+0.30,0,-0.0018310425371063832,1.3323076838154257,1968.475420579897,13.583333333333334,1024.1408477460739,58.0,982.3544364608973,56.5
10,140,phi+0.30,1,-0.0008035259730219229,1.215508929434954,2027.2284873334208,12.916666666666666,1024.3575425583488,58.666666666666664,985.5218501738169,56.083333333333336
10,140,phi+0.30,2,0.0013281356961439002,1.0407925442675627,1890.6453658000921,13.583333333333334,1030.813465048482,59.25,995.4230972630617,57.0
10,140,phi+0.60,0,0.0004469093923885735,1.6712198848090254,2055.47602199737,13.25,1024.8885918907256,58.5,975.9692354638397,55.333333333333336
10,140,phi+0.60,1,0.004024060186493464,1.2286402471058528,1894.2104665120753,13.833333333333334,1026.810421153051,58.916666666666664,982.7193118165652,56.083333333333336
10,140,phi+0.60,2,-0.004415508104827615,1.4991453006085955,2004.4017466269895,13.083333333333334,1021.2792146492634,58.25,979.0609938739714,56.083333333333336
10,140,phi+0.90,0,0.021188811560192224,3.2930070219171608,1843.7208387001265,13.0,1020.7521374113641,58.666666666666664,985.0597831741803,56.583333333333336
10,140,phi+0.90,1,0.043870804113060234,5.211421941159099,1977.2237279143098,13.666666666666666,1026.4492936750387,58.5,976.4642946297428,55.416666666666664
10,140,phi+0.90,2,0.0028572195561579247,2.351484087543172,2007.2656970688865,13.583333333333334,1028.8872695731063,59.75,994.6364737915145,57.083333333333336
10,140,phi+0.99,0,0.12768480725361453,10.458135300215783,1870.9564912696496,13.666666666666666,1014.5904981233952,57.916666666666664,973.6999745566264,55.583333333333336
10,140,phi+0.99,1,0.09064196412106727,7.313380004494597,2050.2818927935255,13.416666666666666,1030.1483901025858,58.666666666666664,989.8350409015794,56.25
10,140,phi+0.99,2,0.11477989498854951,6.644087101976115,1841.7909537422347,14.0,1027.5579870497475,58.916666666666664,973.9234394196609,55.666666666666664
10,140,sorted,0,0.2218715020166904,15.730380840172451,1833.3028183999304,13.166666666666666,1005.8326079062414,57.083333333333336,958.3248929140909,54.5
10,142,real,0,0.3066586434446103,36.99466210370923,1995.426207260026,6.75,1114.4201408324832,61.666666666666664,993.4893646380109,54.333333333333336
10,142,phi-0.60,0,0.007841827382569192,1.0,2158.122227067426,6.583333333333333,1109.4642159348648,63.083333333333336,982.5601006879089,53.083333333333336
10,142,phi-0.60,1,0.005113229937549425,1.0,2421.04330700993,6.583333333333333,1078.6495483753954,62.583333333333336,998.8789039205352,56.166666666666664
10,142,phi-0.60,2,0.011231910172953122,1.0,3050.826992780813,6.916666666666667,1115.7103412325189,63.583333333333336,998.4012193592122,55.25
10,142,phi-0.30,0,-0.003861691531577575,1.0,1946.2714298946482,6.5,1082.8659385015874,61.666666666666664,989.0372958419966,53.916666666666664
10,142,phi-0.30,1,0.0022093055496788206,1.0,2183.662754270661,6.916666666666667,1111.2013782011277,64.41666666666667,985.6717174155078,54.166666666666664
10,142,phi-0.30,2,-0.0015491938907828268,1.0,2483.627385754289,6.75,1103.7675519223037,63.416666666666664,1022.3333090807378,55.916666666666664
10,142,phi+0.00,0,0.002012313673262041,1.0,2176.5963178310535,6.666666666666667,1098.7328280175577,64.33333333333333,973.5194254387103,53.666666666666664
10,142,phi+0.00,1,-0.005064597213069377,1.0,2215.1939575492256,6.916666666666667,1088.28428489165,62.416666666666664,987.7014884756967,54.5
10,142,phi+0.00,2,0.0019817391626439284,1.0754669739100724,2260.4952670863727,6.666666666666667,1079.9298818897994,61.25,994.0985963613044,55.583333333333336
10,142,phi+0.30,0,-0.001647842081257313,1.9017697064131678,2317.801148481281,6.416666666666667,1105.5612788055591,64.0,987.278785807825,54.416666666666664
10,142,phi+0.30,1,-0.00786713286967605,1.9222480222336245,2257.1460637782507,6.75,1097.1032162959998,62.5,973.6834156796831,53.5
10,142,phi+0.30,2,-0.0003125220400580752,1.8783244614875474,2268.2672570772443,7.0,1120.3327498781366,63.166666666666664,999.7168189423428,56.25
10,142,phi+0.60,0,0.004667390190683371,3.051748232526367,2301.3929925844723,6.75,1116.916120609961,63.333333333333336,1004.5954199227345,55.0
10,142,phi+0.60,1,0.02428217368722794,3.066366462170004,2752.897937597423,6.583333333333333,1112.0707734871344,62.0,982.2798684398186,54.75
10,142,phi+0.60,2,0.028482091919866483,3.8730862788098803,2205.6990599672367,6.583333333333333,1080.8030046954846,61.75,1002.0631032359079,56.0
10,142,phi+0.90,0,0.14909736340184077,12.852676953304744,2081.045394929324,6.416666666666667,1070.8111954733708,60.083333333333336,964.2724776942811,52.583333333333336
10,142,phi+0.90,1,0.09137840527334545,9.84862095754561,2423.795509486122,6.666666666666667,1102.4604224821405,61.083333333333336,1010.2359399851534,54.666666666666664
10,142,phi+0.90,2,0.2832923866677351,21.664220856680174,2154.078920010352,6.5,1090.9555044964425,61.25,997.240332987367,54.5
10,142,phi+0.99,0,0.6663394757786519,65.85022993129867,1826.6264283568983,6.5,1041.2449110509297,59.333333333333336,955.7817303641601,52.666666666666664
10,142,phi+0.99,1,0.7136583297259966,76.35322335182417,1818.753985217695,6.416666666666667,1073.223217507075,60.333333333333336,954.1750505862113,51.75
10,142,phi+0.99,2,0.7847480029160564,83.25909961374589,2259.4035516749086,6.25,1146.7830671486038,57.75,1007.989078776785,53.666666666666664
10,142,sorted,0,0.8213243880865909,90.67983504835523,1671.8904386703834,6.0,979.6885833335958,55.333333333333336,955.2365993373688,52.75
10,141,real,0,0.03117151985319324,3.485667159561571,2338.09862966076,6.5,1144.6867973060114,60.75,979.4615986072749,54.5
10,141,phi-0.60,0,0.01323431633227406,1.0,2267.2858472518083,6.416666666666667,1106.6513213554106,60.666666666666664,977.7848407844186,52.75
10,141,phi-0.60,1,0.00671997142879121,1.0,2052.956365303739,6.583333333333333,1108.660093885384,60.5,974.6148889564485,53.333333333333336
10,141,phi-0.60,2,0.004685781245314417,1.0,1991.7656598167823,6.75,1119.1306543055734,60.666666666666664,973.3227390654529,53.333333333333336
10,141,phi-0.30,0,0.003909708866647874,1.0,2255.8242989839378,6.666666666666667,1133.8069779617142,61.666666666666664,985.2253415476404,55.083333333333336
10,141,phi-0.30,1,-0.0013101091437333979,1.0,2441.9290904741088,6.75,1119.7867701446883,62.0,989.9927406202252,53.5
10,141,phi-0.30,2,-0.0018686946330503291,1.0,2316.1948608395905,6.5,1112.13111879625,60.583333333333336,982.8012256390801,54.166666666666664
10,141,phi+0.00,0,-0.0013131160539053151,1.0,2309.8711088168234,6.583333333333333,1123.618897541776,60.666666666666664,976.9888208583434,53.0
10,141,phi+0.00,1,0.0026955868907520743,1.0270995923568098,2159.677372818583,6.916666666666667,1116.384844966747,62.416666666666664,975.3580899942509,54.583333333333336
10,141,phi+0.00,2,-0.003195756015794399,1.0,2433.598918394639,6.916666666666667,1118.395148682283,62.916666666666664,954.6153312807438,53.0
10,141,phi+0.30,0,0.002867207541693276,1.5189888844091852,2281.418855113409,6.583333333333333,1123.2922768317083,60.666666666666664,986.6579904063074,54.666666666666664
10,141,phi+0.30,1,0.00034300222802918323,1.4656345072521362,2208.9091878892054,6.916666666666667,1093.7250783648399,60.0,976.3256015540395,52.166666666666664
10,141,phi+0.30,2,-0.0017160446619090112,1.950897050943627,2229.901809339689,6.666666666666667,1130.632109953245,61.416666666666664,995.6347254116637,54.75
10,141,phi+0.60,0,0.04781730835462119,4.507294182547422,2009.7835465345306,6.666666666666667,1097.399369330605,60.0,976.8784049652819,53.5
10,141,phi+0.60,1,0.020199732981371413,3.8188091014193013,2273.065438168032,6.833333333333333,1131.4338081516453,60.666666666666664,986.7257768418331,53.083333333333336
10,141,phi+0.60,2,0.0011846750851953656,2.7002200603289417,1903.5109049782995,6.666666666666667,1107.0120379778627,62.166666666666664,984.1513298409486,53.083333333333336
10,141,phi+0.90,0,0.19305139888686754,13.811864844717022,2435.391680402607,6.583333333333333,1142.8960342052924,59.333333333333336,997.7490015655181,53.833333333333336
10,141,phi+0.90,1,0.18267356433633647,17.534573968820897,1968.0582142094752,6.25,1102.2743063953237,59.5,987.3836833755113,53.666666666666664
10,141,phi+0.90,2,0.15553711602874876,12.952911803007554,2456.901511562089,6.833333333333333,1139.927637817219,60.25,1002.7992943114356,54.916666666666664
10,141,phi+0.99,0,0.4809854391661277,46.69378893111683,1663.8353110143078,6.416666666666667,1056.9688947320885,58.666666666666664,947.9698181350847,51.916666666666664
10,141,phi+0.99,1,0.6515499623285724,64.98878949832311,1848.6989236191266,6.25,1064.4210790387854,57.583333333333336,958.971146363578,51.416666666666664
10,141,phi+0.99,2,0.40928990516414754,36.70364877666716,2304.0530656025026,6.166666666666667,1133.0487573796065,58.333333333333336,974.3127856187654,52.0
10,141,sorted,0,0.7371732556199316,79.09899502077253,1670.6797485110922,6.166666666666667,999.3440154211893,55.75,940.7694908232335,52.333333333333336
10,143,real,0,0.4466447071306672,46.59477109171232,2771.9632646476853,6.166666666666667,1157.0654597620862,62.583333333333336,1044.631942543792,55.833333333333336
10,143,phi-0.60,0,0.0072086076670604985,1.0,2263.4010761572076,6.583333333333333,1124.3875131334719,63.25,1020.1773449865041,57.333333333333336
10,143,phi-0.60,1,0.002353065464532209,1.0,2250.517220082003,6.25,1126.1615787875505,61.5,1002.0824931840851,56.583333333333336
10,143,phi-0.60,2,0.005810618212439419,1.0,2132.2585431289713,6.666666666666667,1132.3942555135134,62.916666666666664,1018.6935875210075,57.0
10,143,phi-0.30,0,-0.00047688926876937094,1.0,3369.2650469955893,6.833333333333333,1115.6474218675526,61.333333333333336,1005.2142124756119,54.416666666666664
10,143,phi-0.30,1,-0.0026514777345984287,1.0,2211.3607757648533,6.5,1118.3419632255698,64.41666666666667,1010.6038803756469,54.916666666666664
10,143,phi-0.30,2,0.0004493349849845646,1.0,2683.081328163055,6.416666666666667,1126.5714405860765,61.916666666666664,1032.085573801039,57.083333333333336
10,143,phi+0.00,0,-0.0009338304484481904,1.043602750874092,2176.8235791161787,6.333333333333333,1124.9172882363562,63.25,999.0708355719712,55.5
10,143,phi+0.00,1,0.005459693962950986,1.2142561965504355,2232.0005829974175,6.583333333333333,1107.7777214951393,61.5,1001.9132283609966,56.083333333333336
10,143,phi+0.00,2,-0.0039214412425738554,1.1312314175969145,2655.8202969020494,6.083333333333333,1127.1588887104008,62.166666666666664,1007.510490302966,55.916666666666664
10,143,phi+0.30,0,-0.010703886902396688,1.8424160457515648,2641.977591390685,6.5,1138.8690043800725,61.333333333333336,1001.9102657239628,54.833333333333336
10,143,phi+0.30,1,0.003842159001216844,1.8676822168242344,2528.005446938712,6.5,1130.3395069021615,63.666666666666664,1024.9991494795781,56.0
10,143,phi+0.30,2,0.0052376470147172125,1.9424809902938942,2832.9595244651377,6.333333333333333,1136.4938985393076,62.916666666666664,1010.6707326573145,55.416666666666664
10,143,phi+0.60,0,0.021517707152767677,3.451399412272594,2392.6447263827877,6.333333333333333,1125.9172335325702,62.333333333333336,1005.7670316765433,55.416666666666664
10,143,phi+0.60,1,0.01882150241348119,3.360484350887777,2446.655136984223,6.5,1125.1631539014097,62.416666666666664,1009.071320219783,56.916666666666664
10,143,phi+0.60,2,0.026943105981908397,3.6743687361575676,3003.6367306135485,6.25,1130.4681351038982,63.166666666666664,1022.5259069611865,56.5
10,143,phi+0.90,0,0.07731949010644312,9.502824274986827,2218.331464327547,6.5,1122.568881988195,62.25,1009.758165491951,55.416666666666664
10,143,phi+0.90,1,0.3037909869850065,28.03157691848995,2650.6636947385864,6.25,1118.166903164976,61.166666666666664,1028.4212510252098,56.083333333333336
10,143,phi+0.90,2,0.2630123544196446,20.004018192856517,1974.3362353312302,6.0,1088.5139784574371,60.75,1002.9933391886193,55.166666666666664
10,143,phi+0.99,0,0.717312082857913,66.04660585668954,1957.0704339386684,6.166666666666667,1134.523881853426,60.916666666666664,1016.1052218141613,55.333333333333336
10,143,phi+0.99,1,0.6893386953613337,65.10749128939634,3378.0541107540434,6.916666666666667,1290.4609199417011,61.166666666666664,1068.0600781116314,54.666666666666664
10,143,phi+0.99,2,0.7088300690479394,67.83611086697788,2780.0453683246574,6.083333333333333,1193.3433509547112,59.916666666666664,1037.622360175067,54.75
10,143,sorted,0,0.8919995454319872,100.56044961206086,1711.9121863266412,6.0,1012.9350596033887,57.333333333333336,973.8254610560094,54.833333333333336
10,144,real,0,-0.000703142442644357,1.0,1664.665283241803,7.0,929.9331471739998,52.583333333333336,931.6568168553931,50.75
10,144,phi-0.60,0,-0.000703142442644357,1.0,1664.665283241803,7.0,930.4976951598154,52.75,930.453180553158,50.75
10,144,phi-0.60,1,-0.000703142442644357,1.0,1664.665283241803,7.0,930.4976951598154,52.75,931.0659287784061,50.833333333333336
10,144,phi-0.60,2,-0.000703142442644357,1.0,1664.665283241803,7.0,930.2578549844015,52.666666666666664,930.5176460274428,50.75
10,144,phi-0.30,0,-0.000703142442644357,1.0,1664.665283241803,7.0,930.4976951598154,52.75,931.0659287784061,50.833333333333336
10,144,phi-0.30,1,-0.000703142442644357,1.0,1664.665283241803,7.0,932.9442664901931,52.833333333333336,931.8524801248045,50.75
10,144,phi-0.30,2,-0.000703142442644357,1.0,1664.665283241803,7.0,930.4976951598154,52.75,931.0659287784061,50.833333333333336
10,144,phi+0.00,0,-0.000703142442644357,1.0,1664.665283241803,7.0,930.6549442069571,52.75,932.1391227743943,50.75
10,144,phi+0.00,1,-0.000703142442644357,1.0,1664.665283241803,7.0,930.5068186759291,52.75,931.0659287784061,50.833333333333336
10,144,phi+0.00,2,-0.000703142442644357,1.0,1664.665283241803,7.0,930.4976951598154,52.75,931.0659287784061,50.833333333333336
10,144,phi+0.30,0,-0.000703142442644357,1.0,1664.665283241803,7.0,930.4976951598154,52.75,931.0659287784061,50.833333333333336
10,144,phi+0.30,1,-0.000703142442644357,1.0,1664.665283241803,7.0,930.4976951598154,52.75,930.2460772354552,50.75
10,144,phi+0.30,2,-0.000703142442644357,1.0,1664.665283241803,7.0,930.4976951598154,52.75,931.0659287784061,50.833333333333336
10,144,phi+0.60,0,-0.000703142442644357,1.0,1664.665283241803,7.0,930.4976951598154,52.75,931.0659287784061,50.833333333333336
10,144,phi+0.60,1,-0.000703142442644357,1.0,1664.665283241803,7.0,930.4976951598154,52.75,931.0659287784061,50.833333333333336
10,144,phi+0.60,2,-0.000703142442644357,1.0,1664.665283241803,7.0,930.4976951598154,52.75,930.2390918673633,50.75
10,144,phi+0.90,0,-0.000703142442644357,1.0,1664.665283241803,7.0,930.4976951598154,52.75,929.4839223396439,50.666666666666664
10,144,phi+0.90,1,-0.000703142442644357,1.0,1664.665283241803,7.0,930.5674598560695,52.75,931.0659287784061,50.833333333333336
10,144,phi+0.90,2,-0.000703142442644357,1.0,1664.665283241803,7.0,930.4976951598154,52.75,931.0659287784061,50.833333333333336
10,144,phi+0.99,0,-0.000703142442644357,1.0,1664.665283241803,7.0,930.4976951598154,52.75,930.2858308557387,50.75
10,144,phi+0.99,1,-0.000703142442644357,1.0,1664.665283241803,7.0,929.7377883350705,52.666666666666664,929.6921589464132,50.666666666666664
10,144,phi+0.99,2,-0.000703142442644357,1.0,1664.665283241803,7.0,930.4976951598154,52.75,931.6871499055786,50.916666666666664
10,144,sorted,0,-7.732150572034165e-06,1.0,1664.665283241803,7.0,930.4976951598154,52.75,931.0659287784061,50.833333333333336
10,146,real,0,0.32321058956608123,30.71210382067739,2359.553799431916,7.166666666666667,1161.2300009521769,66.66666666666667,1035.3544231061148,60.166666666666664
10,146,phi-0.60,0,0.005751940893553298,1.0,2191.7916818011117,8.083333333333334,1131.9189653128817,67.66666666666667,1062.260643125172,62.916666666666664
10,146,phi-0.60,1,-0.0010036469481277974,1.0,2521.290063955205,7.666666666666667,1143.2951009006943,69.33333333333333,1058.0520477798314,62.5
10,146,phi-0.60,2,0.007800211448464516,1.0,2237.9818522661953,7.666666666666667,1152.3567058375736,68.66666666666667,1050.6402308618246,62.166666666666664
10,146,phi-0.30,0,-0.003394628991629826,1.0,2335.814768218627,7.583333333333333,1159.0553317512047,70.41666666666667,1056.3076204675945,62.5
10,146,phi-0.30,1,0.007239107454120438,1.0,2351.984661083558,7.833333333333333,1142.3636692851426,68.66666666666667,1070.0367262665527,63.25
10,146,phi-0.30,2,-0.006203794710882949,1.0,2056.933690994649,7.916666666666667,1121.5699798066123,68.41666666666667,1056.6208576655993,63.583333333333336
10,146,phi+0.00,0,0.00163828373602493,1.0351284989635317,2307.0277100817707,7.5,1127.8389896175975,67.16666666666667,1047.3079163814075,62.083333333333336
10,146,phi+0.00,1,0.0035845479945321697,1.0,2275.9700877838895,8.083333333333334,1127.5056402475668,67.33333333333333,1063.2998648773814,63.833333333333336
10,146,phi+0.00,2,-0.0041932262634113765,1.0280153464844473,2185.90399588772,7.916666666666667,1138.2168910662579,69.16666666666667,1070.0369139387349,64.33333333333333
10,146,phi+0.30,0,-0.007782674935131762,1.2906416274443513,1961.177646276158,7.75,1126.8943691984189,66.58333333333333,1049.084623349963,61.5
10,146,phi+0.30,1,0.010531983334121043,1.3899164488701563,2317.6359888715438,8.333333333333334,1126.2837184758214,67.16666666666667,1058.4462154411478,63.25
10,146,phi+0.30,2,-0.0006343090346687801,1.545537333788503,2195.2081805875055,7.75,1133.910471173623,67.83333333333333,1051.4882947546284,62.416666666666664
10,146,phi+0.60,0,0.005635833562433331,2.3310830239948164,2065.7076508939263,7.583333333333333,1131.0878779507618,68.25,1051.1932045547724,61.916666666666664
10,146,phi+0.60,1,0.033430066826921644,3.5372994660605173,2312.36490308628,7.75,1126.089101466544,67.5,1036.6060427566142,61.083333333333336
10,146,phi+0.60,2,0.006904287241869949,2.4598750871477586,2332.266163435446,7.833333333333333,1137.8677878590108,68.08333333333333,1067.3320808770304,62.25
10,146,phi+0.90,0,0.14587043471871644,10.644721919643027,2547.9799972118376,7.833333333333333,1154.06538099804,66.25,1077.7319288023082,61.916666666666664
10,146,phi+0.90,1,0.10032175852372523,9.30229346980958,1901.184127119969,7.5,1140.2342766081383,66.5,1037.9694719835295,60.5
10,146,phi+0.90,2,0.11774856182173271,9.294622610699724,2315.9558568895404,7.916666666666667,1120.7208571760227,66.66666666666667,1055.9899407244884,61.75
10,146,phi+0.99,0,0.5617359193395274,56.939702819114665,1833.7510647427337,7.416666666666667,1086.5187806189308,63.666666666666664,999.9596027192327,58.25
10,146,phi+0.99,1,0.41450837108071187,26.9373282360424,2132.686951780453,7.416666666666667,1143.8454882277917,65.91666666666667,1057.3831802939458,60.5
10,146,phi+0.99,2,0.6830806735937174,57.80917282663816,1761.6652264742763,7.25,1108.1643922868727,64.16666666666667,1018.4340304590306,57.916666666666664
10,146,sorted,0,0.7209517289744958,74.50564847162936,1642.3407530002057,7.25,1038.8711553701567,61.833333333333336,977.7128204185993,57.083333333333336
10,147,real,0,-0.01112935869524656,1.8873138755656478,2623.49025318944,7.833333333333333,1100.1979560817051,62.083333333333336,1071.9267839277961,62.666666666666664
10,147,phi-0.60,0,8.87130177194979e-05,1.0,1934.1895475364342,7.25,1071.6009706619589,62.333333333333336,1065.0110023201557,62.75
10,147,phi-0.60,1,0.006320083538050385,1.0,2451.0488466763513,8.0,1076.8411709564025,63.0,1043.2347960590494,59.75
10,147,phi-0.60,2,0.003037924350532776,1.0,2244.334213952058,7.583333333333333,1055.7564169305724,61.416666666666664,1041.2368914838871,61.416666666666664
10,147,phi-0.30,0,0.00011774741400517743,1.0,2310.722608310557,7.666666666666667,1055.173940663402,61.25,1038.1042100808131,60.416666666666664
10,147,phi-0.30,1,0.0009713164583777478,1.0,2004.413218820189,7.5,1072.3624683370172,62.75,1029.4943384029357,60.5
10,147,phi-0.30,2,-0.0007583456206438773,1.0,2108.412990183613,8.0,1072.061436226789,63.583333333333336,1042.4773542018022,61.416666666666664
10,147,phi+0.00,0,0.003871780922285772,1.0554517699638233,2065.8920440781885,7.75,1070.3851812702792,62.833333333333336,1035.096509797008,60.75
10,147,phi+0.00,1,0.00422541432783354,1.0044921413744512,2106.2628897101504,7.666666666666667,1092.0532221415472,63.166666666666664,1034.790479401003,60.75
10,147,phi+0.00,2,0.004506993077556776,1.0,2133.7960340927266,7.666666666666667,1059.6571158756735,61.583333333333336,1042.4624022764508,59.5
10,147,phi+0.30,0,-0.006382630037548429,1.3678433673860269,2592.9356810702784,8.25,1110.7135990511765,63.5,1077.0346287276275,62.333333333333336
10,147,phi+0.30,1,0.00028582039526140786,1.4196919760254794,2420.0169027708303,7.75,1074.9995284532713,62.25,1069.681883536701,63.25
10,147,phi+0.30,2,0.0037690898385174874,1.674232336903715,2566.4022495387094,8.25,1093.038574608391,63.75,1058.996810482352,61.333333333333336
10,147,phi+0.60,0,0.026990174918397065,2.7948900834752326,1998.7803559326828,7.333333333333333,1083.253219872386,62.083333333333336,1023.2140711382125,60.166666666666664
10,147,phi+0.60,1,0.021259446152994348,2.6257560730526657,1889.7687038865706,7.583333333333333,1079.2231212893855,62.916666666666664,1034.4334870826149,60.666666666666664
10,147,phi+0.60,2,0.06703681615788584,5.995542269478207,1959.2000353319418,7.5,1071.8419283328478,62.583333333333336,1042.1914542501481,60.916666666666664
10,147,phi+0.90,0,0.160337007593134,15.457133065189014,2695.955826779004,7.833333333333333,1126.3687712528042,62.166666666666664,1055.6536103179956,61.5
10,147,phi+0.90,1,0.1270508446625765,9.862314353939569,2131.7553408335816,7.666666666666667,1090.5478339347799,62.166666666666664,1053.614596400291,60.833333333333336
10,147,phi+0.90,2,0.15335317909002685,11.997953143938787,2818.6734898640298,7.333333333333333,1247.302120584334,62.416666666666664,1120.9253102761027,60.0
10,147,phi+0.99,0,0.42984796640656436,37.08575145716802,1700.609843040111,7.166666666666667,1066.5084283977712,59.833333333333336,1032.3891402925633,58.0
10,147,phi+0.99,1,0.43794890761292904,36.56617726445347,2024.0825548606388,7.25,1090.562029042707,61.583333333333336,1038.275211957992,59.25
10,147,phi+0.99,2,0.4897191476494365,38.76399553804127,1799.868652355599,7.083333333333333,1040.6275800118885,60.0,1000.2334852446446,57.083333333333336
10,147,sorted,0,0.7547930486862346,73.63448986588568,1688.7614111080636,7.0,991.276063954144,56.833333333333336,969.3821225155124,55.666666666666664
10,149,real,0,0.06329993736282669,6.251444618828824,2512.0326370327457,7.833333333333333,1081.4873451917492,64.16666666666667,1042.6533595985727,61.083333333333336
10,149,phi-0.60,0,0.015239718086429,1.0,2103.749831715434,7.666666666666667,1072.2968876587734,65.33333333333333,1044.4766713463011,61.083333333333336
10,149,phi-0.60,1,-0.0031764926276199755,1.0,2009.7266962221736,8.083333333333334,1056.1194144886272,64.25,1036.2975850102139,62.083333333333336
10,149,phi-0.60,2,-0.0009470918631051325,1.0,2060.024078911393,7.75,1085.0444930339802,66.0,1030.0561239408987,61.0
10,149,phi-0.30,0,0.008621100388805304,1.0,2885.989392967463,8.25,1100.3059949315068,66.25,1036.6715661530773,61.333333333333336
10,149,phi-0.30,1,0.000935972070653477,1.0,2315.1536461685573,7.75,1073.8708453508268,64.66666666666667,1039.318366799055,62.5
10,149,phi-0.30,2,0.0022447931180048833,1.0,2239.1234232213314,8.0,1081.748663175443,66.16666666666667,1020.7152882073792,60.0
10,149,phi+0.00,0,0.0022950536699731946,1.0,1982.4675818852695,7.916666666666667,1096.7693923774539,67.5,1028.4729609217027,60.333333333333336
10,149,phi+0.00,1,-0.001726902825424442,1.0,2502.1744307225363,8.083333333333334,1074.3543405413964,65.58333333333333,1048.663599380569,62.083333333333336
10,149,phi+0.00,2,-0.0030786930967772463,1.0,2568.0668055733504,8.25,1085.4085027021567,65.58333333333333,1039.1738576664018,60.5
10,149,phi+0.30,0,-0.004149065198522498,1.4180486846430527,2627.3318370343104,7.916666666666667,1086.511713535517,66.33333333333333,1046.736973319985,62.583333333333336
10,149,phi+0.30,1,0.002791348762339339,1.360530598880993,2523.2025696778946,8.0,1088.858020815532,66.0,1022.2384744410948,60.333333333333336
10,149,phi+0.30,2,0.005857233315834095,1.4673138711536673,2594.1642422214213,7.583333333333333,1066.7813492681273,64.33333333333333,1055.4877512293517,61.833333333333336
10,149,phi+0.60,0,0.01839942463614984,2.4883384795844505,2491.445983914961,8.25,1069.2537315160962,63.0,1030.1927176971208,60.666666666666664
10,149,phi+0.60,1,0.014791256231947226,2.2695589072346025,2399.505375426665,7.916666666666667,1086.2800441772422,65.91666666666667,1032.18439578026,61.083333333333336
10,149,phi+0.60,2,0.0030921231106643653,2.42942063854704,2279.0857639087003,7.833333333333333,1084.8625467954528,67.0,1040.672260162909,61.0
10,149,phi+0.90,0,0.16416549991493912,12.649565515172771,2045.1008326945423,7.166666666666667,1073.6387809826572,63.166666666666664,1002.8786445843797,58.916666666666664
10,149,phi+0.90,1,0.19259638453453518,13.94252875171946,2051.054891741438,7.166666666666667,1043.8496312643451,63.25,1028.9661619158048,59.666666666666664
10,149,phi+0.90,2,0.19360782882092933,13.99563445455402,2008.1245856792582,7.083333333333333,1067.338384205189,62.916666666666664,1032.7035974672551,60.75
10,149,phi+0.99,0,0.5079629309654938,41.101335159289704,2618.9711583618096,7.166666666666667,1092.6381941835218,60.333333333333336,1044.8471195420132,58.833333333333336
10,149,phi+0.99,1,0.45491069069752565,32.61739432985843,1846.6668299565426,7.083333333333333,1051.5823214419536,63.0,991.8983496355814,57.583333333333336
10,149,phi+0.99,2,0.653846721752957,65.4789520983623,1844.5296910794177,6.666666666666667,1015.5712801740855,59.666666666666664,984.3630908753588,57.166666666666664
10,149,sorted,0,0.7337398553407251,72.47017379410916,1821.3263172293791,6.083333333333333,1003.6587346122328,59.083333333333336,954.6139460190112,55.166666666666664
10,150,real,0,0.13923730989163516,14.106900241793081,2523.795660176308,6.5,1178.959846489134,61.833333333333336,993.2300014501678,54.0
10,150,phi-0.60,0,0.002763478929582325,1.0,2180.116047268603,6.333333333333333,1127.616979148204,60.5,964.352523328997,52.0
10,150,phi-0.60,1,0.008348117094761688,1.0,2581.400843594039,6.583333333333333,1121.849241637746,61.0,993.8193080218648,55.166666666666664
10,150,phi-0.60,2,0.00458655985963111,1.0,2479.0119105983144,7.25,1137.1403073364843,63.5,1005.774980054246,56.416666666666664
10,150,phi-0.30,0,0.002420718243703633,1.0,2830.76099156225,6.5,1149.2372593869188,61.0,990.4153554467381,55.0
10,150,phi-0.30,1,-0.0041055991177582855,1.0,2447.7787470036046,6.416666666666667,1156.7573543305632,62.583333333333336,981.8056748441381,55.166666666666664
10,150,phi-0.30,2,0.0035200503566412914,1.0,2334.9896275661163,6.166666666666667,1129.3928213723182,61.833333333333336,978.1304477074399,53.583333333333336
10,150,phi+0.00,0,-0.000987702162431275,1.0,2396.0227793330473,6.75,1118.2260044122647,61.333333333333336,997.0024633610501,56.166666666666664
10,150,phi+0.00,1,0.0007882440394285987,1.0,2095.4623576985296,6.333333333333333,1140.3390451794614,62.25,973.0191195120527,54.666666666666664
10,150,phi+0.00,2,-0.002765693360062142,1.0,2254.008251857895,6.5,1142.9195767169178,61.5,977.8723462552152,53.833333333333336
10,150,phi+0.30,0,-0.00402993997854327,1.840183982898524,2222.690139332573,6.583333333333333,1128.6821733838342,62.416666666666664,981.6321994001596,54.25
10,150,phi+0.30,1,0.013406643732865195,1.6583589357477835,2146.0665855515294,6.666666666666667,1134.5951801017195,61.166666666666664,982.9229488174897,54.083333333333336
10,150,phi+0.30,2,0.0015424966637514197,1.6920761985456436,2215.239834509841,6.416666666666667,1124.3858507529615,62.0,976.882176713275,54.083333333333336
10,150,phi+0.60,0,0.05899280529154694,4.380606493739242,2054.0280024606823,6.083333333333333,1121.5022379460067,60.416666666666664,971.7484252574345,53.583333333333336
10,150,phi+0.60,1,0.0521405036251338,5.114960703621682,2385.2174997219286,6.416666666666667,1151.9113113886986,60.666666666666664,981.8506648233902,53.583333333333336
10,150,phi+0.60,2,0.00736289688670787,3.6156128037320254,2220.798238904436,6.5,1125.2024868898677,61.25,974.662166452821,52.916666666666664
10,150,phi+0.90,0,0.1613150500094198,12.427254950291653,3297.58131211295,6.583333333333333,1171.3928830681734,60.083333333333336,1000.121279701145,54.166666666666664
10,150,phi+0.90,1,0.19036758048034172,14.012798333649899,2190.926976265733,6.416666666666667,1134.9584685325574,60.5,995.6765758789667,55.75
10,150,phi+0.90,2,0.25784718154770053,18.266105319040616,2805.4357749982214,6.333333333333333,1171.1327457507612,60.166666666666664,1001.5753494286508,54.5
10,150,phi+0.99,0,0.554136784573578,49.64351790184264,2001.1326939312837,6.166666666666667,1075.4733701690877,57.083333333333336,954.9754396102471,52.666666666666664
10,150,phi+0.99,1,0.5884472444571325,56.88791801605208,2168.4771111689233,6.333333333333333,1150.9911155943444,59.5,979.6778784667252,53.0
10,150,phi+0.99,2,0.5442085468692476,52.28951923119828,2121.364355911679,6.416666666666667,1144.137919829531,59.5,979.2285178826097,53.0
10,150,sorted,0,0.6902202124378152,75.84497301359225,1727.355203074294,6.333333333333333,1025.5088656767132,56.333333333333336,939.8503982097404,53.416666666666664
10,151,real,0,-0.010531933939418153,1.5387225495324086,2449.568384391313,6.0,1068.181433915827,58.083333333333336,947.2767981928004,52.166666666666664
10,151,phi-0.60,0,0.005785181626943833,1.0,2093.8944650610515,6.083333333333333,1060.9374445218925,59.833333333333336,952.4212872599882,52.083333333333336
10,151,phi-0.60,1,0.0039441300382385015,1.0,2376.02983773024,6.083333333333333,1089.8883640537467,60.083333333333336,956.2800999843626,52.5
10,151,phi-0.60,2,0.0037581732327962147,1.0,2176.428189097814,6.083333333333333,1093.5775245602301,60.5,973.5196220010622,52.083333333333336
10,151,phi-0.30,0,0.0012557768605184158,1.0,2269.5539449596445,6.0,1072.337473955702,58.75,970.782959014562,52.333333333333336
10,151,phi-0.30,1,0.0054234669249839254,1.0,2409.575395568509,6.083333333333333,1062.455548309604,57.916666666666664,966.4564471785217,52.083333333333336
10,151,phi-0.30,2,-0.001868406391298745,1.0,2290.6696253034374,6.0,1095.8838857506078,59.666666666666664,971.0535389106468,53.333333333333336
10,151,phi+0.00,0,-0.0010065490778963246,1.0,2387.023306327313,6.0,1072.6583585911153,58.166666666666664,980.6942190718017,53.25
10,151,phi+0.00,1,-0.00047744354547837496,1.0,2012.44121553737,6.0,1039.3524057498096,58.0,957.3839243773044,51.666666666666664
10,151,phi+0.00,2,0.0016920030087484545,1.0100064570057283,2439.5982712874957,6.0,1088.376659865365,59.5,973.8282045471532,52.75
10,151,phi+0.30,0,0.001452378158285008,1.530953124252529,2221.415512007031,6.083333333333333,1065.639471414124,58.0,960.8474013732642,53.166666666666664
10,151,phi+0.30,1,0.0029013658645895015,1.5678873718084811,2328.626046244149,6.0,1065.145420488485,59.5,954.2434953113617,51.5
10,151,phi+0.30,2,-0.0007117213951463484,1.902262057799097,2130.500276622452,6.0,1059.4763081439826,58.083333333333336,962.3340563203482,53.0
10,151,phi+0.60,0,0.0020285174939963973,3.1470362123139064,2272.634644607359,6.083333333333333,1092.348579399404,59.5,985.6780893605709,52.25
10,151,phi+0.60,1,0.018166607552243565,3.3715587510634837,2264.82830735936,6.0,1069.9515800294962,58.166666666666664,975.8419941701462,52.166666666666664
10,151,phi+0.60,2,0.007526868117533432,2.3913088215982232,2072.59472786726,6.0,1063.615463172471,58.166666666666664,941.023299982342,50.5
10,151,phi+0.90,0,0.16014502458156968,12.337623027433237,2114.3675063829764,6.083333333333333,1060.62186040356,56.833333333333336,956.6385995324654,52.0
10,151,phi+0.90,1,0.2586484634209656,21.399283351643543,2267.901669514735,6.0,1097.7425451937931,59.416666666666664,962.9684310828701,51.916666666666664
10,151,phi+0.90,2,0.15841234877750582,11.6731543395829,2317.108763788588,6.0,1090.528502231714,57.916666666666664,978.7281214689278,53.25
10,151,phi+0.99,0,0.6629780685910005,67.11067373572605,2656.7179866972347,6.083333333333333,1175.4585287565924,57.666666666666664,998.7808162890536,51.5
10,151,phi+0.99,1,0.6383735473750666,59.49520993217364,2094.513018914444,6.0,1053.6346632190482,57.166666666666664,951.8253607240225,51.666666666666664
10,151,phi+0.99,2,0.6962549300045129,69.05122716714153,1774.9331427451605,6.0,1017.0416960879797,56.833333333333336,951.6669960283424,51.333333333333336
10,151,sorted,0,0.930938458603219,105.20217240548631,1731.660857798798,6.0,1005.4797429804771,56.166666666666664,917.3359304159931,49.333333333333336
10,152,real,0,0.20781017819711262,22.463356988313926,2234.97364816851,6.166666666666667,1129.128886409079,60.333333333333336,992.9863871631579,53.5
10,152,phi-0.60,0,0.007250722121637408,1.0,2128.770558669126,6.5,1110.6737832529295,58.0,971.9566165036832,52.75
10,152,phi-0.60,1,0.0038050769989545685,1.0,2503.3738449386487,6.25,1115.507748648812,58.916666666666664,992.396698661054,54.25
10,152,phi-0.60,2,0.013732756310801125,1.0,2080.615071694588,6.583333333333333,1113.1934620941272,60.166666666666664,1014.207062278399,54.25
10,152,phi-0.30,0,0.0010341016078632193,1.0,2266.44285080856,6.25,1086.035507185602,57.0,996.5133633056521,52.666666666666664
10,152,phi-0.30,1,0.0013466684862185143,1.0,2608.5804983003186,6.416666666666667,1135.0092222360756,60.583333333333336,983.4515778472127,52.75
10,152,phi-0.30,2,0.0013489818051646164,1.0,2177.918457436735,6.25,1105.3071909362898,58.166666666666664,979.6678482325316,52.75
10,152,phi+0.00,0,0.004133080751155417,1.095294060156526,2130.139443640629,6.333333333333333,1109.3823925430995,59.916666666666664,985.859095379648,53.416666666666664
10,152,phi+0.00,1,-0.0006885726805305947,1.2068542520707177,2361.3643571216203,6.333333333333333,1111.743828892402,58.666666666666664,987.8760981281348,52.333333333333336
10,152,phi+0.00,2,-0.0073834349318500385,1.0604950083948643,2312.8846979114355,6.5,1119.7079500326531,60.083333333333336,1016.3135860031092,52.833333333333336
10,152,phi+0.30,0,0.004296113048460865,1.5196495185355237,2383.0980228505878,6.333333333333333,1110.4472876870836,59.166666666666664,997.9534623004187,54.083333333333336
10,152,phi+0.30,1,0.011553416105129572,1.7034218171162037,2057.9519780936057,6.333333333333333,1106.7450205955017,58.75,996.6926118516993,53.333333333333336
10,152,phi+0.30,2,0.006621066299060601,1.8558467822074314,2176.468621845037,6.416666666666667,1086.511627460611,56.5,987.0495291545577,52.833333333333336
10,152,phi+0.60,0,0.04274043898062931,3.136006503333167,2142.45307788157,6.5,1103.5414404894032,60.0,1004.7360125991027,54.583333333333336
10,152,phi+0.60,1,0.022556616204515646,3.7394881933661686,2565.2379667190144,6.5,1130.6388041417142,60.333333333333336,999.5137731820272,53.166666666666664
10,152,phi+0.60,2,0.03521914771897359,3.6048993838695687,2145.5227865036886,6.25,1139.9742660735235,59.5,1004.7242239268968,54.5
10,152,phi+0.90,0,0.2031501076832914,17.969150421846035,2450.2594498415383,6.166666666666667,1143.0209223270506,59.333333333333336,991.296919743845,51.25
10,152,phi+0.90,1,0.2859069141603629,25.7622320898977,3179.9272985621046,6.5,1183.3972245835396,59.25,1021.7177585701521,52.416666666666664
10,152,phi+0.90,2,0.20625785195131707,16.52517728549799,2421.4482836225566,6.166666666666667,1107.7779093032873,57.083333333333336,1005.1393760307429,53.083333333333336
10,152,phi+0.99,0,0.7152079056372381,69.86855151290104,2008.825608722246,6.166666666666667,1119.978038335704,56.333333333333336,980.5020262784645,51.333333333333336
10,152,phi+0.99,1,0.6501454110940527,56.03689198484018,2277.8314020086063,6.083333333333333,1146.4077845674194,56.75,1021.4434839819484,53.25
10,152,phi+0.99,2,0.6065432204923674,54.99092979986678,1977.662713920083,6.166666666666667,1141.092247742561,57.25,989.6330074857315,52.333333333333336
10,152,sorted,0,0.7725329299643244,87.14608724135472,1617.197752778032,6.166666666666667,1030.4527612422823,55.75,949.1976715286938,51.75
10,154,real,0,-0.005484865731106814,1.0,2250.849486476758,6.0,1067.5970402202922,54.75,941.7653253866598,50.333333333333336
10,154,phi-0.60,0,0.008725743884540343,1.0,1952.205405232593,6.0,1059.886493031525,54.083333333333336,947.7753312810936,50.833333333333336
10,154,phi-0.60,1,0.005779113113305132,1.0,1845.5564548538966,6.0,1061.1870054771755,53.166666666666664,942.5781900560331,50.416666666666664
10,154,phi-0.60,2,0.00862139223199451,1.0,1962.973036415752,6.0,1051.6341559240764,55.166666666666664,945.0562354705363,50.0
10,154,phi-0.30,0,0.0005618972756533569,1.0,2203.372701874446,6.0,1047.504740329612,53.166666666666664,933.1355039782298,49.416666666666664
10,154,phi-0.30,1,0.003527601108162323,1.0,2004.6035331902578,6.0,1076.9844924929282,56.25,949.6648884891296,51.416666666666664
10,154,phi-0.30,2,0.0012444927954698608,1.0,1897.4740455306626,6.0,1045.4399453326876,53.583333333333336,930.0109268593948,49.416666666666664
10,154,phi+0.00,0,0.004780580717252075,1.0,2005.8573795111433,6.0,1061.532681421692,55.083333333333336,959.5649226693805,51.75
10,154,phi+0.00,1,0.003089366086285811,1.0,1945.2355928336985,6.0,1062.5560680239976,54.75,935.0340040336073,50.666666666666664
10,154,phi+0.00,2,0.006322721558867144,1.0,2269.121704568151,6.0,1062.6944423748712,54.25,941.769635210593,50.083333333333336
10,154,phi+0.30,0,0.013647222475408954,2.28882844428506,2182.754657350328,6.0,1065.4332821434039,55.833333333333336,939.2631982985918,50.916666666666664
10,154,phi+0.30,1,-0.001904920248098962,1.8090316901096335,1946.9255600239221,6.0,1075.408074453537,55.333333333333336,951.4022766666659,51.25
10,154,phi+0.30,2,0.01661318830051784,1.8848165856616115,1819.8592923431518,6.0,1054.3662063747834,53.833333333333336,936.6581606458021,50.333333333333336
10,154,phi+0.60,0,0.03144055469562307,4.3369188548921755,2012.8173307748682,6.0,1063.6605001006071,54.333333333333336,945.6613122311059,50.0
10,154,phi+0.60,1,0.02500782419066927,4.080018888094498,1905.727579465609,6.0,1055.4702666793717,54.25,932.2488861192743,50.666666666666664
10,154,phi+0.60,2,0.03044773373824813,4.001114975007085,2104.9247243293726,6.0,1088.8462016521205,54.583333333333336,945.085274493358,50.333333333333336
10,154,phi+0.90,0,0.2310309711844732,17.17920220214213,1905.3161850083955,6.0,1038.9307494982627,53.25,943.1544551952069,50.083333333333336
10,154,phi+0.90,1,0.1504319607357629,13.11772910298773,2090.8903953781455,6.0,1096.640860575162,54.75,959.7854751653182,51.25
10,154,phi+0.90,2,0.12618056332618327,14.03739847775837,1995.5768874630141,6.0,1062.4620888594045,53.75,931.5194387451758,49.083333333333336
10,154,phi+0.99,0,0.8493429387156254,94.3567297004269,1993.4679556274643,6.0,1173.4933152728377,55.416666666666664,964.7904982860687,50.75
10,154,phi+0.99,1,0.7870527833259805,77.33919781062214,2206.1620385880337,6.0,1184.631145847656,52.833333333333336,963.3372543058227,49.833333333333336
10,154,phi+0.99,2,0.8763129023382149,96.59482302098581,2555.4907884161316,6.0,1245.3227606755888,53.583333333333336,980.7442683885353,50.0
10,154,sorted,0,0.9284481721566646,106.7768826742381,1602.5509377584565,6.0,993.4709532801204,54.5,924.1628337508313,51.416666666666664
10,155,real,0,-0.006899019084020659,1.4053388080257416,2371.0017043520656,6.333333333333333,1120.3509726821867,61.916666666666664,1007.9917082365209,55.5
10,155,phi-0.60,0,0.0031986284732721144,1.0,2513.7080174381676,6.0,1127.202003909312,62.333333333333336,1000.1750504776238,54.75
10,155,phi-0.60,1,0.00914224794965609,1.0,2219.3971281149293,6.25,1113.729749332763,61.5,997.6897178895559,54.916666666666664
10,155,phi-0.60,2,0.003745672891299733,1.0,2901.9257841127296,6.75,1111.8515108865206,61.583333333333336,1022.0583115199289,57.666666666666664
10,155,phi-0.30,0,0.004581858393205854,1.0,2204.4015971959107,6.166666666666667,1112.3671967570938,61.916666666666664,995.0756982099764,55.166666666666664
10,155,phi-0.30,1,0.002060312317047531,1.0,3024.5374229211925,6.5,1103.668244299581,62.916666666666664,1011.7952296259328,54.75
10,155,phi-0.30,2,0.0024668868755246026,1.0,2323.176905363244,6.25,1126.9320137369127,63.833333333333336,1000.7865015033586,55.083333333333336
10,155,phi+0.00,0,0.004246647576798048,1.0740593715463709,2817.9932186635783,6.166666666666667,1138.7966860035747,63.5,994.7254018232578,54.0
10,155,phi+0.00,1,-0.002655009527950663,1.0578242332415113,2041.9181003459669,6.25,1121.1330724308968,62.25,990.7817326232818,54.916666666666664
10,155,phi+0.00,2,0.004138589485409213,1.0,2173.561150186359,6.25,1104.3524545338637,61.25,998.1254281114037,54.25
10,155,phi+0.30,0,-0.00851596955849613,1.4623864024349986,2357.116411137991,6.25,1141.9605462638353,64.08333333333333,1000.7739941702711,55.416666666666664
10,155,phi+0.30,1,0.007635754780462013,1.3618447032977066,2122.543856944713,6.25,1105.7866502357112,61.916666666666664,990.9351501505511,54.5
10,155,phi+0.30,2,0.009588044330780783,1.6350414191716989,2163.4256915062647,6.166666666666667,1105.0345610906625,61.333333333333336,995.1659861450195,53.916666666666664
10,155,phi+0.60,0,0.004149822059701071,2.3573276919493282,2276.8622113394545,6.0,1125.0694833051405,60.916666666666664,1016.3665753240738,54.833333333333336
10,155,phi+0.60,1,-0.012618806030816783,2.6580460076246553,2249.425690594056,6.083333333333333,1104.757993074698,62.083333333333336,1001.2044100640209,55.166666666666664
10,155,phi+0.60,2,0.023921701714445704,3.5080521976978987,2368.7224859874223,6.0,1124.9048700488827,61.416666666666664,1008.5309964215836,55.083333333333336
10,155,phi+0.90,0,0.2348186620152704,18.764692357935598,2457.8313155423107,6.333333333333333,1125.95124098559,60.416666666666664,1017.2634078990804,55.833333333333336
10,155,phi+0.90,1,0.2171625320229191,15.445988713351655,2170.3444771251484,6.166666666666667,1101.672579113501,61.25,1012.6879518583155,54.833333333333336
10,155,phi+0.90,2,0.1531554837106577,11.633785365356925,2114.529365544223,6.166666666666667,1085.5073114338354,59.583333333333336,990.4226158741714,54.5
10,155,phi+0.99,0,0.5718171641604219,42.71811703225331,2288.538892818471,6.083333333333333,1104.147184569233,59.583333333333336,995.5571372812183,53.666666666666664
10,155,phi+0.99,1,0.6884081335898429,62.343786270965055,1817.0101960310585,6.0,1073.9704162226674,60.5,969.072562904432,53.25
10,155,phi+0.99,2,0.65629037264364,60.397830492718356,1972.4931464465426,6.166666666666667,1079.7961690359095,58.416666666666664,972.984548861698,51.666666666666664
10,155,sorted,0,0.8736036024864012,94.4691209453854,1701.5874574500097,6.0,1023.6702526454366,57.583333333333336,961.1765239460074,53.916666666666664
10,156,real,0,0.08735033956829527,7.401060430692915,1747.836222649199,13.333333333333334,994.8127239346027,59.75,955.155454087277,54.75
10,156,phi-0.60,0,-0.0011564675402821957,1.0,2593.9107430149893,12.666666666666666,994.5596854963495,59.166666666666664,961.4906209247248,55.75
10,156,phi-0.60,1,-0.0018508195267166318,1.0,1944.55834357878,13.166666666666666,991.3384041570254,59.416666666666664,973.8959908705289,56.75
10,156,phi-0.60,2,-0.004206174141668235,1.0,2028.5884282977147,13.5,1004.042580681688,59.916666666666664,949.9998132157344,54.75
10,156,phi-0.30,0,-0.005722018086569547,1.0,1710.6878146200208,13.25,992.1561603043475,59.5,960.4495030826716,55.75
10,156,phi-0.30,1,0.0005341394144642649,1.0,1829.3745821178288,13.166666666666666,989.8775365233373,59.583333333333336,959.4709366129229,55.416666666666664
10,156,phi-0.30,2,0.00478370815755158,1.0,1825.849530730886,13.083333333333334,997.0906831575558,59.25,967.088612025655,55.583333333333336
10,156,phi+0.00,0,-0.002595612853845542,1.038764926328651,2071.0738178917504,13.583333333333334,1002.3893656795702,60.333333333333336,957.8820479742836,55.833333333333336
10,156,phi+0.00,1,-0.0026666156814909706,1.0,2040.0958669129166,13.583333333333334,1000.6647666507502,60.083333333333336,967.770967525551,55.333333333333336
10,156,phi+0.00,2,-0.007830563951902673,1.0,1745.0311576622305,13.0,988.8765556931984,59.25,953.9636594370266,55.25
10,156,phi+0.30,0,0.003564495952692019,1.0081887281123976,1764.6069042012023,13.083333333333334,989.6308960454959,59.083333333333336,956.1959276911116,55.0
10,156,phi+0.30,1,-0.007004371721643327,1.1405485969141176,1997.0136054495986,13.416666666666666,991.955445178974,59.25,955.7941817143713,55.166666666666664
10,156,phi+0.30,2,-0.007751013096503649,1.0579983413356489,1969.846018598295,12.916666666666666,992.726661416665,59.166666666666664,945.1287437351943,54.0
10,156,phi+0.60,0,0.0058846679581944904,1.407546119931203,1845.1392949722047,12.75,986.3649049941018,59.083333333333336,954.2247568174176,55.25
10,156,phi+0.60,1,-0.0076554685145006525,1.6500460575764155,1704.4608627018124,12.916666666666666,981.8691853340538,58.833333333333336,953.9609173765853,54.833333333333336
10,156,phi+0.60,2,-0.00711900254756839,1.3538916502416904,1887.5488805249952,13.333333333333334,991.9218364882704,59.25,961.7652607683617,56.166666666666664
10,156,phi+0.90,0,0.047888047903889584,4.882215065315259,1701.9608627018124,12.666666666666666,986.4864670441493,59.333333333333336,953.6502414429677,55.25
10,156,phi+0.90,1,0.04694697404982486,4.9830163094458655,1774.3154844166065,12.75,986.330281133496,59.25,944.2770838931178,54.083333333333336
10,156,phi+0.90,2,0.0417802108686493,4.8247681610022495,1819.4662853722746,11.833333333333334,991.828305795741,59.166666666666664,949.0575052227344,54.083333333333336
10,156,phi+0.99,0,0.12322852840343414,6.091297576676941,1706.184578999075,12.833333333333334,981.8940809428371,58.833333333333336,947.4180192457069,54.416666666666664
10,156,phi+0.99,1,0.15428734129202296,11.211600706672739,1769.7213889958791,13.0,1000.9676608266209,59.75,958.002685513629,55.416666666666664
10,156,phi+0.99,2,0.05044532632635321,4.175852909600155,2333.857741614506,12.5,1570.0075425611792,59.25,1231.2189978946435,54.0
10,156,sorted,0,0.15579319216693366,11.540513392806474,1708.6275293684791,13.333333333333334,983.9801793923975,59.083333333333336,940.013352746591,53.833333333333336
10,157,real,0,0.011848045711843483,2.888959679140919,1853.982396616122,10.166666666666666,1081.9221144413264,65.33333333333333,965.0572404418596,54.416666666666664
10,157,phi-0.60,0,0.006462914438968103,1.0,2469.1699226152828,11.25,1100.4932799293429,64.66666666666667,979.7780137861677,56.083333333333336
10,157,phi-0.60,1,0.0035946789018965297,1.0,2486.174048339855,10.416666666666666,1104.2732528324827,65.66666666666667,972.8467626935749,54.666666666666664
10,157,phi-0.60,2,0.009188008739599187,1.0,2921.7936834059506,10.5,1100.6372106570964,64.33333333333333,991.4588819599627,56.083333333333336
10,157,phi-0.30,0,-0.004378309967090144,1.0,3097.6177161229048,11.166666666666666,1105.3143863956313,66.41666666666667,986.0546052923419,56.75
10,157,phi-0.30,1,0.0038336495494641124,1.0,3092.5547514980044,10.666666666666666,1103.4451775819077,66.0,988.2484784013171,55.916666666666664
10,157,phi-0.30,2,0.002666359190583672,1.0,2184.46003692383,10.5,1110.4098422821435,68.0,985.1252430358322,55.25
10,157,phi+0.00,0,-0.006485164845514675,1.0,3188.7071452675646,11.0,1116.3232905536047,67.41666666666667,998.198838062528,57.166666666666664
10,157,phi+0.00,1,0.002177063930626024,1.0,2060.955036998948,10.583333333333334,1087.2566735210285,64.5,980.4080370118231,56.0
10,157,phi+0.00,2,-0.003010717263260457,1.161146735341843,2104.812126011404,10.583333333333334,1092.4422176141277,65.75,988.7042881886155,55.583333333333336
10,157,phi+0.30,0,-0.006403784408405131,1.117820704181425,3259.9515861867326,10.166666666666666,1094.4784004352903,65.25,1008.8578422994024,55.916666666666664
10,157,phi+0.30,1,0.016571669569071794,1.3272634134787793,2487.324683321945,10.666666666666666,1108.8955548604529,65.83333333333333,999.6844877060233,57.583333333333336
10,157,phi+0.30,2,-0.0002355419185624984,1.0541093672487252,2578.4787389984035,11.083333333333334,1106.352577585917,66.16666666666667,986.0145896381756,55.583333333333336
10,157,phi+0.60,0,0.0030205387425561877,1.8093120192429666,2373.3884187688,10.666666666666666,1094.3184277454932,64.58333333333333,977.2443774437816,55.0
10,157,phi+0.60,1,-0.008507235280514737,1.364380335834568,2106.180145756183,11.416666666666666,1088.1126686385148,66.0,984.8016295544421,55.666666666666664
10,157,phi+0.60,2,0.00247830421517301,1.916637961454855,2551.974839338715,10.5,1098.2782404711606,66.0,980.0479384457452,55.166666666666664
10,157,phi+0.90,0,0.040816169679795206,4.172943816184398,1990.3214249344637,10.166666666666666,1062.7244720266256,63.75,980.5615667458386,55.916666666666664
10,157,phi+0.90,1,0.06341608971738619,6.853443289537871,2132.2054968903817,11.083333333333334,1098.2745603913647,65.41666666666667,979.5866663542826,56.25
10,157,phi+0.90,2,0.08338688425004351,7.204012287618602,2364.3701410142626,9.916666666666666,1069.3275868791259,64.25,964.2696018666746,54.083333333333336
10,157,phi+0.99,0,0.1302974751239755,13.231110577578033,2129.8966845404016,9.583333333333334,1141.5976924367267,64.5,990.8174375299876,55.333333333333336
10,157,phi+0.99,1,0.12673479878800972,12.627080522274566,1749.6724628240274,9.916666666666666,1070.8781667742348,63.166666666666664,975.1671570897068,54.5
10,157,phi+0.99,2,0.2230869171679769,19.71714669377268,2604.9339149876555,9.583333333333334,1111.612015781733,62.25,995.2117227931061,54.5
10,157,sorted,0,0.23056229136542034,21.259024027202635,1625.958818388902,9.916666666666666,1025.4135469502664,61.75,948.1068963795824,53.0
10,158,real,0,0.2396054481763054,30.910944438468107,1849.4469357093851,8.166666666666666,1149.8443844713627,67.25,1056.201701959486,59.166666666666664
10,158,phi-0.60,0,0.00784140106830124,1.0,2104.558876031909,8.416666666666666,1123.0439644112912,69.25,1044.1876538103318,60.833333333333336
10,158,phi-0.60,1,0.0008996208255695682,1.0,3497.4316685496456,8.916666666666666,1152.403728565608,69.16666666666667,1067.7213470868012,61.416666666666664
10,158,phi-0.60,2,0.009426437362271141,1.0,1957.057617764801,8.916666666666666,1165.0532883515748,70.83333333333333,1061.1231574739156,62.0
10,158,phi-0.30,0,-0.0056520538397788166,1.0,2751.930004190548,8.916666666666666,1136.8190188521467,68.25,1053.681550383268,60.583333333333336
10,158,phi-0.30,1,0.004139182808103198,1.0,2095.2492259807354,8.416666666666666,1147.4220007666847,69.41666666666667,1038.8218648190498,60.583333333333336
10,158,phi-0.30,2,-0.003962680753946278,1.0,2096.378045965367,8.333333333333334,1145.4404401289823,69.5,1058.4475307688529,61.333333333333336
10,158,phi+0.00,0,-0.0022977493579527182,1.0,1942.091197720423,8.583333333333334,1147.926145511284,69.75,1056.0037323070799,61.833333333333336
10,158,phi+0.00,1,0.0065639832326568085,1.0,2345.033618276972,9.0,1160.0130386859128,70.5,1063.4967099246044,61.916666666666664
10,158,phi+0.00,2,-0.005091420285240707,1.0,2369.292279118172,8.75,1167.709936231983,70.58333333333333,1039.0135252271034,60.166666666666664
10,158,phi+0.30,0,-0.0014221668068239049,1.195181332755271,2066.6595508102105,8.666666666666666,1137.5187749209333,69.5,1043.0679002077322,60.166666666666664
10,158,phi+0.30,1,-0.008676770191378136,1.2694145493829359,2533.6379502952072,8.666666666666666,1136.2945745082059,69.33333333333333,1042.8738101371234,61.166666666666664
10,158,phi+0.30,2,0.006686626444721348,1.3380605127698135,2409.7984784210507,8.5,1157.3648909890724,69.41666666666667,1064.5224653800353,61.416666666666664
10,158,phi+0.60,0,0.011814583683850894,3.0136383505770903,2906.4267279559012,9.0,1168.5641443471707,69.58333333333333,1053.5695669529152,59.25
10,158,phi+0.60,1,0.013884666954153553,2.155354703628876,2034.9675760666698,8.583333333333334,1149.3540784436716,68.58333333333333,1042.8542326007407,60.5
10,158,phi+0.60,2,0.0069423378681702595,2.208723255880657,2301.34744117043,8.416666666666666,1155.4829004048768,70.58333333333333,1050.5887369402142,61.75
10,158,phi+0.90,0,0.09359283032358515,8.403587937745728,2599.301127409522,8.583333333333334,1163.5307319745452,68.33333333333333,1062.8007838469719,60.333333333333336
10,158,phi+0.90,1,0.061187376655088124,6.310659521613808,1888.1817017501216,8.5,1160.4941688083284,69.91666666666667,1047.7056891413042,59.333333333333336
10,158,phi+0.90,2,0.08287200756186804,7.566852870640254,1911.6636304467386,8.25,1140.0781052486934,67.83333333333333,1032.9961811535243,59.833333333333336
10,158,phi+0.99,0,0.46910425701317526,37.05702914533174,2308.4884387014313,7.75,1158.9308196128732,66.08333333333333,1055.3085250662323,58.916666666666664
10,158,phi+0.99,1,0.46878523581055503,32.481277226214715,2865.4134845562808,8.833333333333334,1225.984373745233,69.16666666666667,1119.898481825451,62.083333333333336
10,158,phi+0.99,2,0.4045268213560204,42.56724708320086,2147.420206296672,7.916666666666667,1154.5098433576802,65.41666666666667,1049.8011727088785,58.75
10,158,sorted,0,0.48928572164789874,49.034185634899124,1593.5584581071769,7.833333333333333,1063.9813373506825,64.41666666666667,1000.6648925348431,58.25
10,160,real,0,-0.014271608886448704,1.1556352121249427,2490.0714836693555,12.5,1016.7304195469915,60.416666666666664,968.3597842165505,56.833333333333336
10,160,phi-0.60,0,-0.0007486393660177922,1.0,2154.6509151675605,12.583333333333334,990.9047932217514,59.333333333333336,973.4544325798242,57.416666666666664
10,160,phi-0.60,1,0.0006703774115773627,1.0,2036.9610107092901,12.75,1007.1890925187378,60.083333333333336,964.4311751231411,57.166666666666664
10,160,phi-0.60,2,0.004205551778145848,1.0,2197.233286998488,12.916666666666666,1013.2587322058724,61.0,962.9116260601401,56.5
10,160,phi-0.30,0,-0.000260445520514873,1.0,2061.0689805838915,12.333333333333334,1001.8862904690085,59.666666666666664,956.8818699147138,55.75
10,160,phi-0.30,1,-0.0025894556261274737,1.0,2391.4185765767193,12.583333333333334,1003.7289938319151,60.25,964.7268690932015,56.25
10,160,phi-0.30,2,-0.0025894556261274754,1.0,2052.0008794378186,11.75,998.774362839555,58.833333333333336,963.4287902488937,56.416666666666664
10,160,phi+0.00,0,0.00531342634487381,1.0,1785.0741124639035,11.833333333333334,999.2726631606139,59.916666666666664,968.3867458439796,56.833333333333336
10,160,phi+0.00,1,0.008198326509232407,1.0,2149.5113813174125,12.75,1014.8314446708645,61.0,971.4276902422565,57.083333333333336
10,160,phi+0.00,2,-0.0006854996286660828,1.0,1633.431749662127,12.083333333333334,989.815924025866,59.166666666666664,964.910422756097,55.833333333333336
10,160,phi+0.30,0,0.010408868241669629,1.6424847651681471,2810.6955336930873,11.75,1010.7198019743267,60.0,971.4497124348869,56.75
10,160,phi+0.30,1,-0.004749876123759735,1.166055221563357,2075.549745376069,12.333333333333334,1001.7958845989382,59.5,971.7316844663842,56.75
10,160,phi+0.30,2,0.0016500197282198917,1.0618551271792136,2176.5308001384965,12.333333333333334,1000.9700514443042,60.25,961.2229928003557,56.166666666666664
10,160,phi+0.60,0,-0.00021813538723795272,1.4362874202351397,2756.866370413661,12.166666666666666,1005.3402292146424,59.333333333333336,970.1459831548722,56.083333333333336
10,160,phi+0.60,1,-0.003675849663653309,1.3417961712867021,2752.755196385778,13.0,1020.1487697592871,60.583333333333336,980.9542314553315,58.0
10,160,phi+0.60,2,-0.007835261227338196,1.1243751838096996,2390.234313782969,12.583333333333334,1007.9526301223242,60.166666666666664,978.4919343123984,57.666666666666664
10,160,phi+0.90,0,0.05734317362319313,6.452395373809085,1821.9184630775683,11.583333333333334,979.7451313589639,57.833333333333336,955.918445685455,55.916666666666664
10,160,phi+0.90,1,0.04149054307202227,5.002201612737755,1925.3216633575785,11.916666666666666,988.1422064657736,58.25,962.9000877019565,56.25
10,160,phi+0.90,2,0.019974863913017536,3.680672863190868,1663.5210392569988,12.916666666666666,999.9597878480135,59.583333333333336,959.3352050764339,56.25
10,160,phi+0.99,0,0.2601740470019827,19.345098385210424,1611.8533666581677,10.5,960.1117695806896,56.083333333333336,941.7880116200821,54.916666666666664
10,160,phi+0.99,1,0.14968601588776162,8.757821367749347,1596.8631593301673,12.0,976.6336476572909,57.916666666666664,948.0505401384445,55.333333333333336
10,160,phi+0.99,2,0.07099697909421883,5.630937480764101,1790.5207944770182,11.833333333333334,991.196985599288,58.083333333333336,972.340970474188,56.25
10,160,sorted,0,0.3248031010450414,21.68607450875789,1527.3184967001341,9.833333333333334,946.3481167265077,55.166666666666664,937.9946074702661,54.583333333333336
10,161,real,0,0.09554947050184916,7.351793342532037,1832.2892800981626,10.583333333333334,958.8103419417472,55.916666666666664,946.0427615390045,55.0
10,161,phi-0.60,0,-0.00014179855078620817,1.0,1782.215417719167,12.25,966.2967041256264,56.75,952.9519328371404,55.5
10,161,phi-0.60,1,-8.218471999539827e-05,1.0,2045.959225323134,12.583333333333334,980.855433724286,57.416666666666664,974.1573609459282,57.083333333333336
10,161,phi-0.60,2,0.0005097250240144343,1.0,1941.6617477399302,12.416666666666666,978.453726237539,57.583333333333336,980.663223458571,57.416666666666664
10,161,phi-0.30,0,-0.0011429172958681466,1.0,1995.8572033917537,12.833333333333334,975.3429865544958,57.083333333333336,978.8496189421377,57.25
10,161,phi-0.30,1,-1.9820921626569227e-05,1.0,1837.3717930024652,13.25,976.6033081997585,57.416666666666664,967.0729570823206,56.833333333333336
10,161,phi-0.30,2,-0.003585454326700612,1.0,1840.3259968358034,12.75,974.3276933868123,56.916666666666664,975.4923647494657,57.416666666666664
10,161,phi+0.00,0,0.0006596913942262521,1.0,1878.0835227383602,12.666666666666666,976.8474405877522,57.0,973.4187486884438,57.083333333333336
10,161,phi+0.00,1,-0.003566694867923483,1.0,1807.8563856702194,13.166666666666666,969.6814544538669,57.0,968.0589786962227,56.583333333333336
10,161,phi+0.00,2,-0.002439072234412105,1.0,1790.5487510525002,13.083333333333334,965.712213136126,56.75,967.2602735202327,56.5
10,161,phi+0.30,0,-0.0035455476798712028,1.0412713176559787,2091.7932964422753,12.416666666666666,979.8027316557582,58.0,982.9471859741356,57.333333333333336
10,161,phi+0.30,1,0.008289518211000504,1.6741122448907668,1930.767313852134,12.916666666666666,972.1533733709035,57.083333333333336,981.7918516349087,57.416666666666664
10,161,phi+0.30,2,-0.0023923820430002407,1.0,1950.043025496294,12.75,971.5593549564265,57.5,973.3502468727344,57.416666666666664
10,161,phi+0.60,0,-0.003497925863118452,1.8068129309078325,2122.172473755884,12.916666666666666,979.9674298173098,57.833333333333336,971.5152968574799,56.916666666666664
10,161,phi+0.60,1,-0.003871325421433788,1.0,1826.1859240697167,12.583333333333334,973.7640347134048,57.25,973.1766207812931,57.416666666666664
10,161,phi+0.60,2,-0.0004440543099305197,1.1208218164737778,1808.214263814358,12.583333333333334,973.0208630480739,56.583333333333336,973.8494199191558,56.583333333333336
10,161,phi+0.90,0,0.01773385449177351,2.7103637397097677,1777.215417719167,11.75,964.5198829831976,56.5,955.1687964113383,55.833333333333336
10,161,phi+0.90,1,0.04749248257726029,5.30215553254876,1812.0982364508793,11.333333333333334,960.0347243075777,56.166666666666664,956.6548934223406,56.0
10,161,phi+0.90,2,0.01681971003142097,3.063499019381687,1866.8348979176046,12.166666666666666,970.5771591024177,57.166666666666664,961.5347614352767,56.25
10,161,phi+0.99,0,0.08732538624186958,7.246167162012998,1770.5487510525002,11.083333333333334,949.4509181180889,55.166666666666664,951.9268885831001,55.5
10,161,phi+0.99,1,0.08721993691815509,7.315847755373139,1767.215417719167,10.75,952.4419209925696,55.25,954.3530784389104,55.833333333333336
10,161,phi+0.99,2,0.074880094658537,5.728115849973484,1798.7054183171742,10.916666666666666,959.0045752188453,55.916666666666664,954.4578174340883,55.583333333333336
10,161,sorted,0,0.08960978511200206,7.469686351366298,1768.0487510525002,10.833333333333334,961.8797578157787,56.416666666666664,952.3393502181092,55.583333333333336
10,162,real,0,0.21795640843338554,17.038194171304575,2366.9389260639823,12.0,1151.0228150741664,67.33333333333333,1061.472827147392,61.0
10,162,phi-0.60,0,0.0005960130575220371,1.0,2460.334892479123,11.5,1111.7470014274343,68.0,1043.765752386709,61.583333333333336
10,162,phi-0.60,1,0.007035163170643799,1.0,2200.405503412256,11.416666666666666,1101.672463693221,67.41666666666667,1059.3647914200558,63.416666666666664
10,162,phi-0.60,2,3.5434099836510485e-05,1.0,2195.506774284017,11.583333333333334,1095.6808054319943,67.5,1037.4771613975165,61.666666666666664
10,162,phi-0.30,0,-0.0022994682389378073,1.0,2428.7786001150657,11.666666666666666,1123.8949753404345,68.16666666666667,1049.0174332569393,62.75
10,162,phi-0.30,1,0.0010708795526843669,1.0,2134.5535626260103,11.416666666666666,1103.7314134369879,68.0,1032.9715993434766,60.916666666666664
10,162,phi-0.30,2,-0.004098451848470253,1.0,3030.6535917320743,12.166666666666666,1196.4638509899228,67.58333333333333,1094.3787106136408,63.0
10,162,phi+0.00,0,-0.0016357731343521551,1.028890910225805,2365.4906705347653,11.416666666666666,1111.7426846282017,68.41666666666667,1038.5425064074152,61.916666666666664
10,162,phi+0.00,1,-0.0017434737996799828,1.0,2072.349996632053,11.166666666666666,1098.764685598471,67.41666666666667,1034.5660005936872,61.583333333333336
10,162,phi+0.00,2,0.0013147114547099174,1.0,2115.294177122868,11.166666666666666,1084.6142748845862,66.41666666666667,1019.9487253880787,59.5
10,162,phi+0.30,0,-0.003626372128514276,1.3219260862532152,2352.640550063579,11.416666666666666,1099.130497174842,66.75,1027.4694138178968,59.583333333333336
10,162,phi+0.30,1,0.0013611249225584496,1.579739217631973,2498.897458713948,11.416666666666666,1104.3506320239615,67.25,1038.736862896867,61.333333333333336
10,162,phi+0.30,2,-0.004942495023027743,1.0694801162498337,2315.757897661997,11.583333333333334,1101.5077802901706,66.58333333333333,1033.8692532693,61.75
10,162,phi+0.60,0,-0.002538207445880379,1.4943161972316745,2235.9359474145826,11.25,1080.525065361961,66.08333333333333,1041.3827548184122,61.583333333333336
10,162,phi+0.60,1,0.00776848394126736,2.462258687412877,2161.965083624455,11.083333333333334,1099.307960258623,67.25,1043.5647205406885,62.25
10,162,phi+0.60,2,0.012292573061114465,1.4148513458759209,2166.9524250307727,11.583333333333334,1094.2477292974008,67.0,1040.0014991762012,61.083333333333336
10,162,phi+0.90,0,0.05946035538682439,6.174998773910613,2125.585518678837,11.583333333333334,1083.3175208869434,66.33333333333333,1029.1454329909918,60.5
10,162,phi+0.90,1,0.06689780487857286,6.20751725162514,2087.544815466775,11.0,1103.3984181070507,67.75,1036.9430770160827,61.333333333333336
10,162,phi+0.90,2,0.07346556193533522,6.7922774690732,2563.9158837948503,11.5,1090.2532383689138,65.91666666666667,1033.8993672552062,60.75
10,162,phi+0.99,0,0.20870942930044128,15.657748647295314,1879.9216769068198,11.25,1065.8677751201142,64.41666666666667,1026.6531536996715,61.083333333333336
10,162,phi+0.99,1,0.1792869517420962,15.960756788507926,1838.1970972696345,11.666666666666666,1070.9221391595986,65.0,1016.6091840276562,59.333333333333336
10,162,phi+0.99,2,0.20583154293763722,17.642557780975277,1971.153133249485,11.583333333333334,1073.4583563739286,65.16666666666667,1031.4005198101768,61.0
10,162,sorted,0,0.2827930067434435,23.47061475475557,1840.32493063118,12.166666666666666,1066.0287190921015,64.83333333333333,1003.7120670803869,58.833333333333336
10,163,real,0,0.11954570846353854,15.421247972437316,2907.790714953979,6.5,1099.4174640760955,62.0,979.6096077368301,53.666666666666664
10,163,phi-0.60,0,0.0009729332013875099,1.0,2095.6186968726374,6.5,1089.233635178645,62.333333333333336,947.8808504770174,52.75
10,163,phi-0.60,1,0.010700723499938202,1.0,2475.0646970012663,6.5,1111.0754724850005,63.833333333333336,958.391749540103,52.0
10,163,phi-0.60,2,0.004613674847582383,1.0,2515.0520123067167,6.666666666666667,1092.5095722988945,63.0,980.5942870178848,52.416666666666664
10,163,phi-0.30,0,0.007792345795906578,1.0,2557.6596016033704,6.75,1098.204391568748,61.75,970.5225678341243,52.416666666666664
10,163,phi-0.30,1,-0.0038386620000461676,1.0,3100.891777799092,6.75,1104.0175761857997,62.166666666666664,965.2870551069218,51.75
10,163,phi-0.30,2,-0.0022441393459186687,1.0,2584.5142291323823,6.583333333333333,1113.1992504650323,63.5,978.0926280587358,53.083333333333336
10,163,phi+0.00,0,-0.0029664582729108054,1.0,2905.4998025615037,6.416666666666667,1102.319747373456,61.666666666666664,979.8425974385717,54.083333333333336
10,163,phi+0.00,1,-0.00021372890231729304,1.0080039481334298,2393.6917908387854,6.583333333333333,1097.1488690885221,63.083333333333336,970.2747791389465,53.083333333333336
10,163,phi+0.00,2,-0.004193695651011664,1.0212523146809125,2834.9438968982663,6.083333333333333,1113.4752083853343,62.416666666666664,969.6024047946407,52.333333333333336
10,163,phi+0.30,0,0.0042103921893196245,1.5943836518805727,2292.9425133278287,6.583333333333333,1105.8827160173396,63.75,962.1529828133944,52.833333333333336
10,163,phi+0.30,1,8.373528465119974e-05,1.5625495359398451,2369.0048757974605,6.75,1132.9161468182542,63.666666666666664,962.5576175322875,52.833333333333336
10,163,phi+0.30,2,-0.015776487374143118,1.841396654069454,2684.715481906396,6.416666666666667,1102.604180723347,62.333333333333336,994.3065947376116,53.583333333333336
10,163,phi+0.60,0,0.01689747689175285,3.5677319074717584,2608.5633110521308,6.25,1109.6944085752796,62.0,975.4642253220195,53.666666666666664
10,163,phi+0.60,1,0.045460428129066525,3.606914406267259,2180.582014971503,6.5,1099.0155347852312,63.083333333333336,966.5500701327319,52.833333333333336
10,163,phi+0.60,2,0.01182125317589359,3.3833019195471263,2317.2269164454397,6.666666666666667,1143.20095290953,64.41666666666667,982.460246071334,54.416666666666664
10,163,phi+0.90,0,0.1830400846876924,13.656393917708515,2108.151632909435,6.416666666666667,1081.5477175110425,61.5,967.0780836164716,53.583333333333336
10,163,phi+0.90,1,0.1546080150578868,11.51369215989993,2559.645811210124,6.25,1141.2115880397612,59.75,984.0676773347268,52.083333333333336
10,163,phi+0.90,2,0.2676133818295497,18.266037763898748,1987.7735302687188,6.333333333333333,1094.1404198578946,61.5,940.3777243518922,51.333333333333336
10,163,phi+0.99,0,0.6779695421689383,64.91922459350434,2169.223617181818,6.166666666666667,1072.6508718573598,58.666666666666664,960.939944005619,51.333333333333336
10,163,phi+0.99,1,0.6960433238922077,65.27302412378627,2194.4590293851193,6.166666666666667,1057.9793094204238,59.5,948.527238693503,52.166666666666664
10,163,phi+0.99,2,0.6573111945093824,59.04869410242068,2147.075521472617,6.333333333333333,1139.3813583576996,60.083333333333336,985.8751453415895,52.0
10,163,sorted,0,0.8580633586584993,97.09627144401499,1756.4057104090978,6.166666666666667,1015.5870334204656,58.833333333333336,923.554078444973,50.666666666666664
10,164,real,0,0.25493361661723635,28.65273773309472,1940.4811971303945,6.75,1101.7759963554263,61.25,982.5544156577013,53.833333333333336
10,164,phi-0.60,0,0.009799496203713958,1.0,2129.4944660157676,6.583333333333333,1122.5660946407281,62.75,984.5249053711021,53.0
10,164,phi-0.60,1,0.007415750467504136,1.0,2197.2033579858403,6.916666666666667,1129.450957291606,62.75,982.544833450345,52.666666666666664
10,164,phi-0.60,2,0.006037809575646955,1.0,2265.0376169634633,6.666666666666667,1120.115954658985,62.583333333333336,1010.5153484997244,55.25
10,164,phi-0.30,0,-0.0006317991457216795,1.0,2018.5376486619814,6.75,1138.655303426363,62.916666666666664,1000.9147503348923,54.75
10,164,phi-0.30,1,0.0059279603226599,1.0,2080.227534510713,7.0,1122.8589001806001,61.333333333333336,998.415319715094,55.0
10,164,phi-0.30,2,0.0004134696554274144,1.0,2193.214888199223,6.75,1105.1238545398876,60.916666666666664,991.4535592152789,53.75
10,164,phi+0.00,0,0.002897868526684183,1.059356909313873,2180.932285085611,6.75,1123.356848183209,62.25,995.1656862224854,54.083333333333336
10,164,phi+0.00,1,0.005485406126121863,1.0,2025.0580075344167,6.666666666666667,1139.263807741134,63.416666666666664,990.0802689021989,54.25
10,164,phi+0.00,2,-0.0020651878493953848,1.0,2284.995340119633,6.916666666666667,1154.7653716372413,63.75,1010.7962955116582,53.75
10,164,phi+0.30,0,0.002852264083916821,1.5282281065312788,2309.303278030033,6.833333333333333,1137.5428678356698,62.666666666666664,1004.7479751581615,55.166666666666664
10,164,phi+0.30,1,-0.012723556239113606,1.6852972161671436,2302.89919136028,6.666666666666667,1118.8656315595406,63.5,1018.1161637404193,55.833333333333336
10,164,phi+0.30,2,0.013424258048309866,1.5315403021007488,2230.956523983894,6.833333333333333,1121.6888793253545,63.5,993.7965794973032,53.416666666666664
10,164,phi+0.60,0,0.018860702990497143,3.7241721035456243,2115.9855851944303,7.0,1140.1601384480596,63.583333333333336,993.2779659317151,54.0
10,164,phi+0.60,1,0.011422683666045187,3.9647252770601247,1932.7582845264806,6.666666666666667,1139.3868127843618,62.666666666666664,982.8574055461521,53.833333333333336
10,164,phi+0.60,2,0.016208499997140628,3.335167400802404,2033.269080434814,6.583333333333333,1120.856425384645,62.25,980.2769777080733,53.916666666666664
10,164,phi+0.90,0,0.14125536051201373,12.051689458220709,1957.101359740902,6.333333333333333,1124.6762768329356,62.666666666666664,988.7273037142255,54.25
10,164,phi+0.90,1,0.23073438267792318,16.207416709730744,2632.877270936434,6.416666666666667,1187.4920445094167,61.666666666666664,1010.8813339507233,53.0
10,164,phi+0.90,2,0.12448858575353747,9.172575896611734,1998.7907274454835,6.666666666666667,1135.4991436017986,63.416666666666664,985.8448009304979,53.5
10,164,phi+0.99,0,0.7377697343705188,65.57318431179908,1765.3049842754408,6.25,1064.62088613224,58.666666666666664,962.9715544736855,52.166666666666664
10,164,phi+0.99,1,0.7169482204891758,63.748193652757955,3330.4111599150565,6.583333333333333,1348.8521215370781,59.666666666666664,1072.1755085448933,51.666666666666664
10,164,phi+0.99,2,0.7867535446836669,88.80715060997227,1839.7396914485696,6.0,1115.8648275154308,59.583333333333336,997.6139347504213,53.333333333333336
10,164,sorted,0,0.7756522838350384,83.26296299310977,1643.7993673489811,6.25,1023.2900098492983,58.5,957.0208735509353,51.916666666666664
10,165,real,0,0.1577781819198638,18.5036069069105,2538.080349092829,5.916666666666667,1171.6497867716814,57.666666666666664,1002.1987229990654,52.666666666666664
10,165,phi-0.60,0,0.0055107274815791646,1.0,2206.4570896447294,5.916666666666667,1100.0988050051303,57.75,995.3306406787277,53.416666666666664
10,165,phi-0.60,1,0.007471356435222447,1.0,2344.254380066703,5.916666666666667,1116.6431665692514,57.583333333333336,1005.3537857927419,53.75
10,165,phi-0.60,2,0.007643548152922835,1.0,2034.7213343588726,5.916666666666667,1094.514817145441,56.416666666666664,991.5271597879056,52.916666666666664
10,165,phi-0.30,0,0.002165145862980657,1.0,2160.259454269405,5.916666666666667,1133.0272383644353,58.083333333333336,1016.9965445527513,54.0
10,165,phi-0.30,1,0.006231412050661987,1.0,2518.2831676218157,5.916666666666667,1115.0329766521015,57.666666666666664,1007.2625527362247,54.0
10,165,phi-0.30,2,0.0021700081213067617,1.0,2350.123999721823,6.0,1116.5107100999119,57.333333333333336,985.1039608054762,51.916666666666664
10,165,phi+0.00,0,0.004495733517491136,1.0,2155.9428790461734,5.916666666666667,1139.3374927872821,59.0,985.0242561038357,52.833333333333336
10,165,phi+0.00,1,0.0010291119428688512,1.0,2225.2344655722272,5.916666666666667,1129.1194101472224,57.166666666666664,985.7962030825506,54.0
10,165,phi+0.00,2,-0.009273092853830546,1.0161184320570642,2192.857747538859,5.916666666666667,1122.3567253484262,56.75,1018.8426472434659,54.416666666666664
10,165,phi+0.30,0,0.009647650668206317,2.0231395666176635,2407.3156672065,5.916666666666667,1122.9409382925976,58.666666666666664,1012.5247086753193,53.25
10,165,phi+0.30,1,0.006248233446050567,1.9341290025411557,2289.512372591891,5.916666666666667,1111.6053516567893,56.5,1015.1507545974418,52.083333333333336
10,165,phi+0.30,2,-0.005263994303297815,1.9503193859073953,2198.607444553191,5.916666666666667,1131.1722933570486,57.25,984.9250631712547,53.083333333333336
10,165,phi+0.60,0,0.013372111828652548,3.212038935379781,2696.2362294042464,5.916666666666667,1129.4744450431197,56.75,1009.8495591259622,52.5
10,165,phi+0.60,1,-0.0014265332255280242,3.0403540118994847,2228.2534555566567,5.916666666666667,1112.8320236208815,56.333333333333336,1006.9843817908946,53.083333333333336
10,165,phi+0.60,2,0.004961327572049657,2.9605206810566296,2287.804129601619,6.0,1108.181753177555,58.0,986.8323257315311,52.75
10,165,phi+0.90,0,0.1780796792194135,13.01121435324748,2678.8503490103144,5.916666666666667,1139.8848048362213,56.333333333333336,1013.7269876850409,53.25
10,165,phi+0.90,1,0.16837616479911544,13.17004684301124,2488.4905542078845,6.0,1167.359341948241,58.083333333333336,1011.5996816314461,54.333333333333336
10,165,phi+0.90,2,0.2884716993466884,20.057618805542138,2228.9831291622977,5.916666666666667,1139.647630229003,58.416666666666664,1002.6369340553887,53.5
10,165,phi+0.99,0,0.7855825763820065,72.3775213240486,2946.459766428858,6.0,1257.1239514535544,56.083333333333336,1054.904698846686,54.0
10,165,phi+0.99,1,0.8182779795905135,80.06684855986609,2614.028616849533,5.916666666666667,1215.509329316362,55.0,1013.3018501467621,52.333333333333336
10,165,phi+0.99,2,0.8027655868492983,83.34582594978063,2836.0877916665977,6.0,1308.032023907872,54.666666666666664,1043.4314771803392,52.75
10,165,sorted,0,0.8960823924317631,102.01949410461123,1647.544687632799,5.916666666666667,1028.4710450294244,52.75,960.2274552162452,52.833333333333336
10,166,real,0,0.04541932179347862,1.7644702279599176,2080.038156028718,7.0,1120.2002307805978,65.08333333333333,1010.354527274244,57.416666666666664
10,166,phi-0.60,0,-0.0028261790318768755,1.0,2101.118791329928,7.583333333333333,1119.5970129506034,65.83333333333333,992.9673691179942,56.583333333333336
10,166,phi-0.60,1,0.0058989849983253715,1.0,2283.760806203752,7.166666666666667,1101.5070633776786,65.08333333333333,1020.8632217696428,59.833333333333336
10,166,phi-0.60,2,0.007011493930814228,1.0,2034.0943489721287,7.416666666666667,1103.3475945363589,65.16666666666667,1012.7950194141921,58.833333333333336
10,166,phi-0.30,0,-0.007504406381645531,1.0,2370.3406960092448,7.416666666666667,1116.5903049079677,64.75,1003.0322461868956,57.083333333333336
10,166,phi-0.30,1,-0.0020094071224227815,1.0,2092.412169000822,7.166666666666667,1129.3339462061704,65.41666666666667,1005.2841377169851,56.416666666666664
10,166,phi-0.30,2,-0.0017534378828826798,1.0,2401.4431818921094,7.166666666666667,1113.608436166149,64.25,1018.145981417777,58.166666666666664
10,166,phi+0.00,0,0.0025907132236568323,1.0,2055.317610831556,7.166666666666667,1114.8080104425699,65.83333333333333,1010.1119752679355,58.166666666666664
10,166,phi+0.00,1,-0.009693954362972062,1.0,2390.751487489599,7.333333333333333,1128.3766628856297,67.16666666666667,990.1832592443061,56.75
10,166,phi+0.00,2,0.0065308495349691315,1.0,2129.6604757532555,7.416666666666667,1100.2834292509833,64.91666666666667,1017.4247506123711,58.0
10,166,phi+0.30,0,-0.008109360204496822,1.4335103292648994,2750.878835766956,7.583333333333333,1106.0878900763644,63.083333333333336,1019.6885932689723,58.583333333333336
10,166,phi+0.30,1,-0.001798053013643937,1.3287511695306922,2658.0590864738774,7.5,1121.110559514974,66.25,1008.1850958534823,58.0
10,166,phi+0.30,2,0.002146234678198963,1.7210073006549618,2230.349284896053,7.333333333333333,1133.8432978093704,66.83333333333333,1015.0239029585773,58.75
10,166,phi+0.60,0,0.03291784225366746,3.1198930616266742,2553.2867817129204,7.666666666666667,1129.0133433636856,66.25,1034.9283243593911,60.25
10,166,phi+0.60,1,-0.0002378909505855932,2.5847576485467556,2181.498420895776,7.166666666666667,1089.7720361821303,64.5,1009.6624211727121,58.416666666666664
10,166,phi+0.60,2,0.016248547600325687,3.622088227668088,2935.046458073563,7.5,1132.7988718720383,66.66666666666667,993.1711272078052,57.333333333333336
10,166,phi+0.90,0,0.26723511707845293,21.137768980512856,2041.9253982461448,6.833333333333333,1092.4804474232053,63.0,997.4381819553943,56.916666666666664
10,166,phi+0.90,1,0.08610169104886238,8.490891945755761,1883.93424614334,6.833333333333333,1124.9869889660092,64.33333333333333,998.2750243270076,57.166666666666664
10,166,phi+0.90,2,0.19768774722588098,14.613313438289838,2178.448747232672,6.833333333333333,1110.7315672227483,63.416666666666664,1006.1293557397379,56.666666666666664
10,166,phi+0.99,0,0.6935274656470193,65.34227650659894,2901.0602557649854,6.583333333333333,1222.161833566481,60.333333333333336,1044.1123121921062,55.333333333333336
10,166,phi+0.99,1,0.7292556506368333,69.45388444299333,1756.035864115701,6.583333333333333,1136.0757287834995,61.166666666666664,1000.2432293547275,54.333333333333336
10,166,phi+0.99,2,0.642379710272831,63.97460321399521,2981.3980182826504,6.583333333333333,1285.398695283471,60.833333333333336,1061.581336088463,56.416666666666664
10,166,sorted,0,0.8100551786883585,87.46523863968369,1508.1222959757877,6.416666666666667,1004.9984987199279,57.416666666666664,946.7826833261196,53.833333333333336
