day,k,order,rep,acf_mean_2_30,tau_int,cost_thr,nfac_thr,cost_mey,nfac_mey,cost_trust,nfac_trust
2,2,real,0,0.024668137193823846,1.116321570077456,2541.1549067580695,6.583333333333333,1158.6221502602896,62.916666666666664,1022.8492926450836,55.416666666666664
2,2,phi-0.60,0,0.008879082197569445,1.0,2294.602228438085,6.75,1163.3591945162082,62.25,1018.2425208159622,55.333333333333336
2,2,phi-0.60,1,0.0024383981460168497,1.0,2745.077260236028,6.666666666666667,1157.0697324717412,62.916666666666664,1023.0870893573101,56.25
2,2,phi-0.60,2,-0.00023059221069352172,1.0,2397.8818509888383,6.666666666666667,1154.336587339918,64.41666666666667,1012.095339445474,54.833333333333336
2,2,phi-0.30,0,-0.006792144104708638,1.0,2266.4127668914557,6.416666666666667,1134.3944965310702,62.166666666666664,995.3387967501526,54.25
2,2,phi-0.30,1,0.0010103261064208244,1.0,2301.9742519926317,6.75,1143.4884456175362,63.5,1019.3686823018569,56.416666666666664
2,2,phi-0.30,2,0.012190702998974007,1.0,2642.9953442964825,6.75,1169.583566954142,63.166666666666664,1020.4930000564358,56.333333333333336
2,2,phi+0.00,0,0.005483160043069207,1.0401659485040835,2189.301879835189,6.583333333333333,1147.2654495953302,63.083333333333336,1013.4253278390564,54.083333333333336
2,2,phi+0.00,1,-0.0067987785247668716,1.0,2388.484463487633,6.833333333333333,1150.8973341658686,63.916666666666664,1017.6348012747425,55.083333333333336
2,2,phi+0.00,2,-0.0012085013273217917,1.0619581317827782,2026.0766630345433,6.5,1151.9671233315555,62.583333333333336,1006.9431263321903,54.333333333333336
2,2,phi+0.30,0,0.010842267424421004,1.8065197356298566,1987.3827298438139,6.5,1131.804146155326,61.75,994.1343870554048,54.333333333333336
2,2,phi+0.30,1,0.00828128950029398,1.6673456325974156,2010.1761833620076,6.583333333333333,1139.1627251838083,61.5,1016.9054065653285,56.0
2,2,phi+0.30,2,0.0010123474614094636,1.4274149113173504,2096.978526708138,6.5,1138.0561868692926,61.75,1014.7086148173636,55.25
2,2,phi+0.60,0,0.025817161315638968,3.3430412815159043,2398.3148271229343,6.5,1146.3657153151926,61.833333333333336,1004.8081409522688,54.916666666666664
2,2,phi+0.60,1,0.014739692198086358,3.6430002609149836,2220.265008517717,6.416666666666667,1135.1926517540517,62.583333333333336,984.7313140990265,54.0
2,2,phi+0.60,2,0.009589612535458088,3.6311736217268265,3162.6990419027043,7.083333333333333,1159.634830938524,63.5,1017.9907123117559,54.333333333333336
2,2,phi+0.90,0,0.165750744934643,12.276377566508703,2152.8396120816838,6.333333333333333,1171.599820906913,64.33333333333333,999.0906607379942,54.416666666666664
2,2,phi+0.90,1,0.19321330913093665,16.079092433964973,2283.1620791368273,6.583333333333333,1128.1456908955147,60.083333333333336,997.8726770492553,53.583333333333336
2,2,phi+0.90,2,0.20926678516599317,19.96142554250695,2042.6487247216774,6.5,1125.396253766946,61.5,999.7055933180383,55.25
2,2,phi+0.99,0,0.7185717467598869,63.768502469208286,3970.3889771661957,6.833333333333333,1396.1221593223079,58.5,1114.2811037789645,54.333333333333336
2,2,phi+0.99,1,0.5374761714674466,55.72009765410659,2039.739129799501,6.25,1157.6910105453956,60.333333333333336,993.2811011974641,53.916666666666664
2,2,phi+0.99,2,0.5359351855061781,41.3887442231825,1865.6278557027,6.333333333333333,1112.1590553576318,61.166666666666664,974.6529811415257,51.916666666666664
2,2,sorted,0,0.8775539339046897,95.04278402539425,1724.067344957756,6.25,1060.9054470182853,59.0,961.2395847070051,52.333333333333336
2,3,real,0,0.10845286813428212,8.013863943484004,2326.814388266955,13.916666666666666,1021.3208380589361,58.583333333333336,1017.3824159296086,57.75
2,3,phi-0.60,0,0.0039645157684770945,1.0,1673.2871866066525,14.25,994.0901117237999,58.833333333333336,980.0142955916367,57.083333333333336
2,3,phi-0.60,1,-0.0035079218983752056,1.0,1606.631571982498,13.416666666666666,990.6941073284388,57.75,976.0607109605852,55.583333333333336
2,3,phi-0.60,2,-0.004942851022663829,1.0,1694.3587961707797,13.416666666666666,986.877830262305,58.0,978.0353483370997,56.083333333333336
2,3,phi-0.30,0,0.003558472627786852,1.0,1620.845952106518,13.333333333333334,981.1399890662243,57.75,976.2322674082039,56.916666666666664
2,3,phi-0.30,1,-0.0041457238793696565,1.0,1683.2157623616338,13.5,984.4363327748724,58.0,965.8577900128306,55.583333333333336
2,3,phi-0.30,2,0.0009753680847064487,1.0,1679.414884701829,13.666666666666666,989.308346331677,58.583333333333336,979.4627732047992,56.75
2,3,phi+0.00,0,0.0024795016801468584,1.0,1706.1972411194529,13.083333333333334,989.097293683168,58.5,981.8470320992182,56.75
2,3,phi+0.00,1,-0.004191825995154371,1.0,1621.0299173681371,14.166666666666666,992.0764510653518,58.583333333333336,972.2822930003426,56.833333333333336
2,3,phi+0.00,2,0.00837225203649418,1.3865081173346003,1667.6706560805703,13.666666666666666,991.4026301146756,58.25,968.3977385902368,55.0
2,3,phi+0.30,0,-0.005702464713082252,1.0,1613.8482369420844,13.166666666666666,982.4027591892882,57.5,962.9429603414942,55.333333333333336
2,3,phi+0.30,1,-0.0035363580953051404,1.0,1802.7301268938593,13.666666666666666,986.9776309615117,58.166666666666664,972.900687330408,56.333333333333336
2,3,phi+0.30,2,-0.0008064727798625991,1.0987346996781064,1724.5241239641944,13.333333333333334,983.5175983184618,57.5,979.6625976217765,56.0
2,3,phi+0.60,0,-0.0008668573727854827,1.9796930814783436,1669.3135164519633,13.583333333333334,985.8157859907764,57.75,970.3577741480209,56.083333333333336
2,3,phi+0.60,1,-0.0026456566874854125,1.6767826020878989,1680.7409869619426,14.083333333333334,983.477614515342,57.833333333333336,981.3085288315148,57.166666666666664
2,3,phi+0.60,2,0.0014034873573177133,1.9703872034403496,1784.769150707515,13.166666666666666,983.3277257627882,57.916666666666664,972.33289639544,56.583333333333336
2,3,phi+0.90,0,0.02122232533807888,3.201551809724009,1630.064916701004,13.166666666666666,984.5028710349524,58.083333333333336,976.6545695500804,56.5
2,3,phi+0.90,1,0.020192246705315428,2.932196544966965,1675.5347548443317,13.833333333333334,989.334509441141,58.083333333333336,979.4790075147416,56.833333333333336
2,3,phi+0.90,2,0.006383034863753441,2.470938264884491,1610.3482155567733,13.25,982.2204010255232,57.416666666666664,968.170478414779,56.083333333333336
2,3,phi+0.99,0,0.0542298976173426,5.995701611733988,1645.5621838431946,13.0,981.1164644635732,57.583333333333336,961.9228387218462,55.5
2,3,phi+0.99,1,0.09368408408704207,8.129195948777525,1616.8632507014706,13.75,980.0199589202456,57.5,968.8574323347507,56.166666666666664
2,3,phi+0.99,2,0.10288055193968558,8.235962096373978,2854.5305652042402,13.833333333333334,1408.191844439884,59.083333333333336,1189.662712636398,58.083333333333336
2,3,sorted,0,0.09738686813049173,8.348216223389894,1609.3632507014706,13.0,971.9981433874365,56.75,963.1715122432782,55.666666666666664
2,0,real,0,-0.01729321366860649,1.8125764683905032,3141.398260602875,7.5,1149.6222640960361,66.5,1022.1887010406717,58.75
2,0,phi-0.60,0,0.005912058823773107,1.0,2544.7459511980737,7.166666666666667,1154.5538774386732,66.41666666666667,1028.1348073222216,59.916666666666664
2,0,phi-0.60,1,-0.006146083278954518,1.0,2184.7722634373877,7.25,1155.1896461390295,67.83333333333333,1040.1173962018472,60.916666666666664
2,0,phi-0.60,2,0.011387077224627905,1.0,2013.517056342833,6.916666666666667,1125.8335077018567,66.5,1042.9265525017402,61.833333333333336
2,0,phi-0.30,0,0.00362393162588709,1.0,2389.0984782529927,7.083333333333333,1155.5158106941847,67.83333333333333,1023.7562549441456,60.333333333333336
2,0,phi-0.30,1,0.0005507821677917937,1.0,2108.8231775122895,7.166666666666667,1126.4950533091821,65.58333333333333,1036.794430162652,60.5
2,0,phi-0.30,2,-0.0010089076229676118,1.0,2620.0152056412553,7.416666666666667,1134.2419771981072,66.16666666666667,1026.7731615777868,60.0
2,0,phi+0.00,0,-0.003925799319160873,1.0,2139.072669679133,7.166666666666667,1122.7186113781206,65.66666666666667,1031.820505614665,60.166666666666664
2,0,phi+0.00,1,-0.002239512111690689,1.0,3531.7519943147577,7.333333333333333,1152.2337140012548,67.25,1024.7937206464214,59.25
2,0,phi+0.00,2,0.005328007302750354,1.0,2227.2297656447968,7.5,1164.8932423352423,67.58333333333333,1043.5684082767355,61.333333333333336
2,0,phi+0.30,0,-0.00010869003160230872,1.323407322170932,1975.6900476363228,7.333333333333333,1125.3133198154733,65.75,1041.2218116107827,61.5
2,0,phi+0.30,1,-0.002126881282569274,1.5307366813049077,2525.429336227475,7.416666666666667,1146.029570191381,66.25,1037.6704339869918,60.333333333333336
2,0,phi+0.30,2,-0.002705941973123793,1.6677418390455676,2212.327868819433,7.083333333333333,1116.9270595105895,64.5,1023.308990084604,59.416666666666664
2,0,phi+0.60,0,0.023027655941653076,3.2361492102766354,1995.3786652805668,7.0,1176.2363549783142,66.58333333333333,1061.1304188379465,60.333333333333336
2,0,phi+0.60,1,0.024812952824657817,3.5328522369842275,2257.2188910903697,6.916666666666667,1148.6341871756028,66.5,1024.0913729259466,59.75
2,0,phi+0.60,2,-0.0010748468288381658,2.3929621852060885,2303.2461793246785,7.083333333333333,1128.7099902261573,65.75,1023.9025660817128,58.833333333333336
2,0,phi+0.90,0,0.10616236472354493,9.353681385976733,3393.717406337358,7.5,1219.2398112743251,67.83333333333333,1049.5657786596714,60.75
2,0,phi+0.90,1,0.1147284619889611,9.041218824849437,1918.4578574891023,7.0,1144.1686963978932,65.83333333333333,1021.5614010496829,58.666666666666664
2,0,phi+0.90,2,0.09264574499279242,7.869031526450471,3510.1292403407715,7.583333333333333,1162.6576007817296,64.25,1065.1925752950674,59.833333333333336
2,0,phi+0.99,0,0.5837699233103124,58.64060272303967,4421.496279984919,7.166666666666667,1507.665984562599,65.0,1180.5907128753317,57.916666666666664
2,0,phi+0.99,1,0.44636135361113766,30.974910931928317,3354.8421420656,7.333333333333333,1180.850087561305,64.58333333333333,1063.0945955942527,59.25
2,0,phi+0.99,2,0.4454107109458223,39.48133095827119,2690.5025410956073,7.166666666666667,1194.8948488589836,64.91666666666667,1068.9996684877196,58.833333333333336
2,0,sorted,0,0.860082736670077,96.56376174716969,1674.8401944639218,6.25,1034.9384253021328,60.0,965.4055149227552,55.916666666666664
2,4,real,0,0.19255156850803498,22.90202614811258,1786.8402553992821,6.416666666666667,1100.490938759629,60.833333333333336,973.8001431138532,53.583333333333336
2,4,phi-0.60,0,-0.0001446645797219355,1.0,2417.2108898875326,6.333333333333333,1113.1824536624154,62.166666666666664,978.6863939228555,53.916666666666664
2,4,phi-0.60,1,0.0037086738313968606,1.0,2524.0504027946704,6.166666666666667,1106.6051392300267,61.416666666666664,991.3412878776011,55.25
2,4,phi-0.60,2,0.005839900998251345,1.0,2137.45324973858,6.666666666666667,1085.4112107458702,60.583333333333336,973.1705641407679,54.583333333333336
2,4,phi-0.30,0,-0.00263130619486076,1.0,2434.705145346715,6.833333333333333,1113.349851538449,63.0,974.9482945562372,55.333333333333336
2,4,phi-0.30,1,0.003984623837957827,1.0,2213.280957741253,6.583333333333333,1103.0336758453684,62.333333333333336,969.9085790555226,54.75
2,4,phi-0.30,2,0.008535050896355947,1.0,2510.6417439933807,6.166666666666667,1124.5027393114972,62.25,998.7388673324227,56.416666666666664
2,4,phi+0.00,0,0.003279176539027483,1.080227160970077,2299.47373256291,6.166666666666667,1109.47832971649,62.666666666666664,959.9465937628729,53.833333333333336
2,4,phi+0.00,1,-0.0034759880199231098,1.0,2245.2931845493013,6.583333333333333,1093.7777586543432,62.583333333333336,961.0555404084631,53.833333333333336
2,4,phi+0.00,2,-0.0009314083536141919,1.0,2354.5554424847555,6.333333333333333,1102.016292340593,62.25,984.8448597338278,55.083333333333336
2,4,phi+0.30,0,-0.010084131911477738,1.771607650686302,2206.9516231123594,6.25,1096.912904111599,60.666666666666664,967.9134502331489,53.666666666666664
2,4,phi+0.30,1,-0.003363088971595679,1.6927081363254566,2034.1962132941671,6.333333333333333,1122.457994000862,63.166666666666664,960.4538974107213,53.416666666666664
2,4,phi+0.30,2,0.004188895544059424,2.1147586775623397,2232.6387454632118,6.583333333333333,1117.2480056711472,62.916666666666664,954.4723906312066,54.0
2,4,phi+0.60,0,0.003970540082436243,3.347974886554744,2098.6867220299587,6.166666666666667,1099.844353002575,61.333333333333336,974.0767522752022,53.333333333333336
2,4,phi+0.60,1,0.004013363859388036,2.3771577024533554,2084.588608399735,6.5,1099.0469919857107,62.25,971.5064774564521,53.083333333333336
2,4,phi+0.60,2,0.01291280882201803,3.707330786415502,2238.0615608543926,6.416666666666667,1112.4317346989035,63.333333333333336,971.8205820002676,54.666666666666664
2,4,phi+0.90,0,0.18790736424823706,17.3551962869784,2494.838744326009,6.666666666666667,1134.835194215209,62.333333333333336,990.2203623039868,54.583333333333336
2,4,phi+0.90,1,0.27905284990078333,21.878777721985948,2071.615663067632,6.333333333333333,1077.193052136204,60.333333333333336,956.028381955442,52.5
2,4,phi+0.90,2,0.11035178665739284,11.723244220083652,2266.8065425476793,6.416666666666667,1121.1368019424094,62.083333333333336,975.8837193876756,53.5
2,4,phi+0.99,0,0.7081736594396308,74.29777715922319,2011.2929320342407,6.25,1119.510027887098,59.0,951.4841687456201,53.083333333333336
2,4,phi+0.99,1,0.7198116505877041,66.81848749347076,4087.1959922497276,6.333333333333333,1384.1676609736157,60.833333333333336,1082.570384143908,55.333333333333336
2,4,phi+0.99,2,0.6887671603475176,67.56963806759563,1860.3444210797172,6.083333333333333,1092.4508310035853,60.333333333333336,966.6265746908817,52.833333333333336
2,4,sorted,0,0.8884065704053343,98.97512496134436,1618.9949733709693,6.25,1005.9351323860845,57.416666666666664,923.0847883045666,52.166666666666664
2,7,real,0,0.018191638961644736,1.0,1904.9093995734002,9.833333333333334,1058.2000424078017,60.583333333333336,955.3655253631156,55.0
2,7,phi-0.60,0,0.008036038565634842,1.0,2160.6584906924313,9.0,1075.9853140736843,59.666666666666664,949.7128108595138,53.75
2,7,phi-0.60,1,0.007890964189452194,1.0,2203.4652588938147,9.916666666666666,1087.2301935888552,62.583333333333336,981.3611888692968,57.333333333333336
2,7,phi-0.60,2,0.0025099224884404542,1.0,2552.6821732559856,10.0,1091.4312212320847,61.916666666666664,1002.7482326417585,56.083333333333336
2,7,phi-0.30,0,-0.0045589905198762295,1.0,2406.9158637610567,9.833333333333334,1067.8173220472315,60.416666666666664,960.2448869270829,53.75
2,7,phi-0.30,1,-0.004938847765350248,1.0,2435.2337574939843,9.833333333333334,1072.6465956902546,60.25,976.179095279127,56.333333333333336
2,7,phi-0.30,2,0.010027988760299115,1.0,2773.528146680844,9.666666666666666,1093.7010705598086,61.333333333333336,958.8149848693669,54.5
2,7,phi+0.00,0,-0.00217973528479062,1.071681763952683,2137.7828092746404,9.333333333333334,1049.2223473939212,61.0,965.7260248082808,55.833333333333336
2,7,phi+0.00,1,-0.004862793562978255,1.0,2260.5122834863614,9.416666666666666,1084.8016206679226,62.666666666666664,963.5722072603634,55.0
2,7,phi+0.00,2,0.005943868241342281,1.03492368530042,2148.892159734504,9.583333333333334,1076.249381047079,61.75,990.097038878137,57.0
2,7,phi+0.30,0,-0.002725857656356895,1.0867682183701977,2350.4536182184015,10.083333333333334,1069.8618291924715,61.083333333333336,970.2065249636756,55.083333333333336
2,7,phi+0.30,1,-0.00601269960746874,1.054242437860969,2298.46121205315,9.166666666666666,1071.3333953778867,60.75,955.5777369194435,54.75
2,7,phi+0.30,2,-0.002791400222209342,1.3874842292792076,2390.7442847112293,10.083333333333334,1043.8706744670278,59.916666666666664,973.2136733957967,56.166666666666664
2,7,phi+0.60,0,0.0047578857086281855,2.042461121578758,2772.3154943181967,9.5,1099.9043884129167,61.583333333333336,976.5962858681781,55.583333333333336
2,7,phi+0.60,1,0.017004375723450284,2.7462176690752313,2361.6629367133023,9.75,1085.0964944919106,61.916666666666664,965.2177606363662,54.416666666666664
2,7,phi+0.60,2,0.0004101467439106991,1.4693148012628947,2284.312559790243,10.083333333333334,1089.2940306321777,62.583333333333336,970.0383217251019,55.083333333333336
2,7,phi+0.90,0,0.08804451762404127,8.121520463809059,2023.169040399325,8.0,1057.3236046765198,60.25,956.2376260103666,53.75
2,7,phi+0.90,1,0.04162192899001078,4.935091845870624,2282.382773858746,8.833333333333334,1074.2307827886825,60.083333333333336,951.7765092191602,53.0
2,7,phi+0.90,2,0.04944606416851363,4.949561848167866,1923.9779560889158,8.916666666666666,1049.2538826112743,59.666666666666664,964.5879628633917,53.833333333333336
2,7,phi+0.99,0,0.17008727911902805,20.135509560513096,1783.8397075889334,8.166666666666666,1018.37422065393,56.75,925.6609985093774,52.583333333333336
2,7,phi+0.99,1,0.18526887025057215,15.851287913110905,1999.486515826168,7.5,1052.415447642105,58.583333333333336,938.1581966666485,51.833333333333336
2,7,phi+0.99,2,0.1982950143555134,21.78124215035158,1750.2378387252556,7.75,1022.1873767359566,57.083333333333336,942.655085035825,53.0
2,7,sorted,0,0.20927768449915748,20.681702292068145,1754.597579959911,7.333333333333333,989.2136062833766,55.583333333333336,916.7225854244886,51.416666666666664
2,8,real,0,0.1396518187884735,11.100095067226503,1821.7761770221198,7.166666666666667,1046.7471811037974,56.666666666666664,994.5466019941674,56.75
2,8,phi-0.60,0,0.008318005832168992,1.0,1881.7965124559214,7.666666666666667,1049.6778533614686,58.083333333333336,1001.7950497134522,57.25
2,8,phi-0.60,1,-0.0034360488339998077,1.0,2019.235926810168,7.416666666666667,1059.7855231825013,57.25,988.2092483306778,54.583333333333336
2,8,phi-0.60,2,0.0023802270204296263,1.0,2186.516754101197,7.833333333333333,1065.2502947341136,58.166666666666664,993.1127944050423,55.0
2,8,phi-0.30,0,-0.0013166535592670527,1.0,1907.764818640155,7.75,1062.0958871876935,57.75,1006.8242645328099,56.083333333333336
2,8,phi-0.30,1,0.0002806875463385646,1.0,2378.635032115976,7.583333333333333,1046.09788586041,56.416666666666664,1007.4776679679065,55.75
2,8,phi-0.30,2,0.0010351216051932817,1.0,1863.6949145656633,7.583333333333333,1057.6508371669286,59.583333333333336,986.8926833925611,55.583333333333336
2,8,phi+0.00,0,-0.004597758655731808,1.0,2081.2054083533326,7.666666666666667,1055.09209398687,59.083333333333336,1003.3032698830731,56.333333333333336
2,8,phi+0.00,1,-0.0036548745214749186,1.0,1742.5407575444358,7.5,1050.1842369642666,59.75,996.081627482817,56.0
2,8,phi+0.00,2,0.0028609410207939404,1.0217173056202187,1674.6403935211938,7.333333333333333,1059.9210043911366,58.083333333333336,1012.0566860579041,55.5
2,8,phi+0.30,0,0.0014316069937876836,1.3025117301631672,1882.7375432181632,7.5,1050.2417446608804,58.083333333333336,1005.5380168698039,57.333333333333336
2,8,phi+0.30,1,-0.008561071783529873,1.245603274582139,2118.1681144191034,7.833333333333333,1058.4783556470832,58.083333333333336,999.6515298604044,56.916666666666664
2,8,phi+0.30,2,0.008211082540898652,1.320613106965727,1821.894724547855,7.666666666666667,1053.0002627472657,58.083333333333336,1001.0252892515972,56.416666666666664
2,8,phi+0.60,0,0.011306780167854254,2.6640042811378426,2129.370447268499,7.916666666666667,1065.3097950707843,58.666666666666664,999.4079170275717,57.083333333333336
2,8,phi+0.60,1,0.012878720333953722,2.186037964159255,2099.8625565969905,7.75,1055.3718595730033,58.916666666666664,1023.13233809539,58.583333333333336
2,8,phi+0.60,2,0.007517140823473078,2.0316558226895167,1911.1280999980336,7.583333333333333,1036.4137880546452,57.0,1005.668373323121,57.25
2,8,phi+0.90,0,0.1807920520669179,13.920317161432806,1866.2534116499194,7.5,1052.8530202149254,57.416666666666664,990.9158664670667,55.333333333333336
2,8,phi+0.90,1,0.08439883601975641,7.191286691667477,1922.4708244162232,7.75,1064.7690989638502,58.333333333333336,984.22570527442,54.916666666666664
2,8,phi+0.90,2,0.0958140752696231,8.598908617094349,2079.5161773542263,7.75,1082.4215507210743,59.083333333333336,989.4957498807594,54.583333333333336
2,8,phi+0.99,0,0.3002935043569998,24.748266860370702,1692.2831081243282,7.166666666666667,1016.2281269801775,56.416666666666664,964.8715119954949,53.916666666666664
2,8,phi+0.99,1,0.5135731375630799,44.666708364278705,1773.2497668809149,7.166666666666667,1025.6887088399199,54.916666666666664,956.713983001729,53.166666666666664
2,8,phi+0.99,2,0.44230750804390806,37.80056281220935,1738.5232622064862,7.666666666666667,1040.4374031587613,56.5,964.1389432046216,54.0
2,8,sorted,0,0.5245631096481944,47.87450484484136,1684.3517262605346,7.083333333333333,988.6394405562824,54.333333333333336,945.1889127215672,53.166666666666664
2,5,real,0,0.0410288096435216,4.221056357081695,2711.7723732189697,7.833333333333333,1143.1697086143708,63.666666666666664,1035.931982746297,58.333333333333336
2,5,phi-0.60,0,0.002922088136548351,1.0,2344.213136224384,7.916666666666667,1128.727735728892,63.416666666666664,1011.5824299316996,56.916666666666664
2,5,phi-0.60,1,-0.00046964354892833546,1.0,2139.9484206058405,7.75,1142.5467649230307,63.666666666666664,1015.2424431237501,56.083333333333336
2,5,phi-0.60,2,0.00012756516260972942,1.0,2075.6268315850984,7.583333333333333,1131.458065968007,62.416666666666664,1034.4740651825077,58.25
2,5,phi-0.30,0,0.00256234915560633,1.0,2173.904854148689,7.666666666666667,1142.5277672206055,64.33333333333333,1013.7092351693868,56.75
2,5,phi-0.30,1,-0.0021729559332193354,1.0,2083.4775059316767,7.75,1141.3714495480683,62.166666666666664,1013.6792763036818,56.833333333333336
2,5,phi-0.30,2,-0.0013668092617270893,1.0,2307.9054063436733,8.0,1137.06016938354,62.416666666666664,1020.1769158758748,56.5
2,5,phi+0.00,0,-0.004907157534853613,1.0013996169383794,2569.5799446630967,8.166666666666666,1123.4284962275553,62.333333333333336,1010.1523988307873,57.0
2,5,phi+0.00,1,0.0039797374142124895,1.0,2449.6869252840334,7.833333333333333,1135.9057457479385,62.5,1016.6407121154871,55.75
2,5,phi+0.00,2,-0.0022191325177542,1.0,2448.493567395134,7.75,1128.7319078040873,63.583333333333336,1014.1483661317478,56.583333333333336
2,5,phi+0.30,0,0.0011310103797891784,1.1404349303080448,2110.0146566426993,7.833333333333333,1132.3030811594592,63.583333333333336,1017.9126114766614,57.333333333333336
2,5,phi+0.30,1,0.0011748135786123215,1.3316851508907077,2111.9463235974395,7.75,1142.0276783069476,62.5,1012.6622264118429,56.166666666666664
2,5,phi+0.30,2,0.0037936550540146993,1.351589466662084,2073.027187516985,8.0,1115.940634287195,61.5,1014.531032760061,56.416666666666664
2,5,phi+0.60,0,0.016791564712555874,2.828997052946163,2278.6106344370814,7.916666666666667,1125.828911431309,61.916666666666664,1010.9800994162082,57.333333333333336
2,5,phi+0.60,1,0.01170070188986742,2.32336397286197,2098.2603984186144,7.916666666666667,1152.2901154973397,63.916666666666664,1023.1766028967951,57.666666666666664
2,5,phi+0.60,2,0.014649374357301272,1.9497449560782962,2069.6663581199923,7.583333333333333,1108.8735161812026,61.75,1003.5483089068629,55.916666666666664
2,5,phi+0.90,0,0.09845343670010633,8.215799551771763,2083.937724094302,7.416666666666667,1120.9114663226856,61.75,1003.9884960928972,56.583333333333336
2,5,phi+0.90,1,0.093899707083278,7.451160745778605,1952.3349396079418,7.333333333333333,1110.860524046627,60.916666666666664,1002.2497796085313,54.75
2,5,phi+0.90,2,0.041203015054812026,4.472417986678842,2242.665068435064,7.666666666666667,1158.7728603794715,62.333333333333336,1027.9337944350702,57.166666666666664
2,5,phi+0.99,0,0.2480714231175071,25.94368745697863,2005.9644645138098,7.5,1160.0790333832028,59.083333333333336,1034.106260504316,56.25
2,5,phi+0.99,1,0.2170546546432115,17.44613969319464,2143.0513431408244,7.5,1176.67811125003,61.0,1003.6233050922638,54.416666666666664
2,5,phi+0.99,2,0.24517528751958684,19.760672684725623,1938.7606403984025,7.666666666666667,1108.9975071337935,59.833333333333336,985.7693310148799,53.916666666666664
2,5,sorted,0,0.2883405937742097,28.56918470062977,1692.1939511899966,7.25,1039.322001151821,58.25,955.5704304453683,53.0
2,6,real,0,0.05347832270073403,5.978977608607202,1910.910878165916,6.0,1091.6694166296618,49.166666666666664,933.3555014888442,48.416666666666664
2,6,phi-0.60,0,0.01365751433311043,1.0,1915.0231701036446,6.0,1097.6212181157855,49.25,931.7099257672372,48.333333333333336
2,6,phi-0.60,1,0.007886324561631894,1.0,1928.8227781319176,6.0,1094.6833391102098,49.333333333333336,931.2105091988288,48.5
2,6,phi-0.60,2,0.00209107145545643,1.0,1956.546200498804,6.0,1091.7464145334886,49.0,932.7664763426961,48.333333333333336
2,6,phi-0.30,0,0.0015376147574272367,1.0,1910.910878165916,6.0,1092.294287303497,49.25,929.021845763255,48.25
2,6,phi-0.30,1,0.0015376147574272358,1.0,1910.910878165916,6.0,1091.372338232114,48.916666666666664,932.0356070248234,48.416666666666664
2,6,phi-0.30,2,-0.0042335750140512956,1.0,1910.910878165916,6.0,1092.4398932050935,49.25,929.8804993594937,48.333333333333336
2,6,phi+0.00,0,0.002018881451365677,1.0,1920.8415409583638,6.0,1097.93306313578,49.0,933.6569759658037,48.416666666666664
2,6,phi+0.00,1,-0.0042335750140512956,1.0,1910.910878165916,6.0,1091.5058781640814,49.166666666666664,930.2957827147338,48.333333333333336
2,6,phi+0.00,2,0.0015376147574272358,1.0,1910.910878165916,6.0,1091.340883493566,49.25,933.2741742476311,48.666666666666664
2,6,phi+0.30,0,0.0015376147574272339,1.0,1910.910878165916,6.0,1092.3747643349432,49.0,929.4307663093837,48.416666666666664
2,6,phi+0.30,1,-0.004233575014051295,1.3263491469241275,1915.641154982525,6.0,1092.1054794182041,49.25,932.5758318620841,48.5
2,6,phi+0.30,2,-0.0037041816507190108,1.0,1926.7676571911222,6.0,1094.4840052285228,49.333333333333336,931.7280308307128,48.416666666666664
2,6,phi+0.60,0,-0.004113258340566686,1.3263491469241275,1910.910878165916,6.0,1096.992629846203,49.25,932.7420403631364,48.416666666666664
2,6,phi+0.60,1,-0.004233575014051295,1.0,1934.856394958313,6.0,1092.2638174141678,49.166666666666664,930.058771238669,48.416666666666664
2,6,phi+0.60,2,0.007308804528905767,1.9790299827310873,1910.910878165916,6.0,1090.158539830506,49.0,931.0296372404256,48.333333333333336
2,6,phi+0.90,0,0.0015376147574272371,1.9874214812469118,1910.910878165916,6.0,1091.847449709225,49.166666666666664,931.7797031670246,48.5
2,6,phi+0.90,1,0.001537614757427236,1.9874214812469115,1910.910878165916,6.0,1095.1375994301918,49.416666666666664,931.2535921140035,48.416666666666664
2,6,phi+0.90,2,0.019067754084135122,2.974819685105429,1910.910878165916,6.0,1092.5771541188049,49.25,930.4936972903656,48.333333333333336
2,6,phi+0.99,0,0.05924951247221255,4.313735712088449,1910.910878165916,6.0,1093.3300589952971,49.333333333333336,932.0000638905505,48.5
2,6,phi+0.99,1,0.013705641002504272,1.9790299827310873,1926.7568489509947,6.0,1094.3669269413842,48.916666666666664,933.1929432834868,48.416666666666664
2,6,phi+0.99,2,0.05924951247221255,2.9832170029683525,1910.910878165916,6.0,1090.8360832963283,49.083333333333336,931.2427503265567,48.416666666666664
2,6,sorted,0,0.05742470959102923,5.999912709793526,1910.910878165916,6.0,1091.6694166296618,49.166666666666664,931.2535921140035,48.416666666666664
2,10,real,0,0.004842605252969168,1.0,1662.7982883087604,7.0,951.7097033188974,53.666666666666664,1035.8073151076676,59.333333333333336
2,10,phi-0.60,0,0.009595446747011965,1.0,1699.3764847569607,7.0,958.7157453348865,54.25,1037.4478879642395,60.25
2,10,phi-0.60,1,0.0057241738929824934,1.0,1716.490780180926,7.0,941.1142574090658,52.5,1035.8197157756613,60.0
2,10,phi-0.60,2,0.0036350058488867757,1.0,1762.5372114150634,7.0,954.6209241953114,53.666666666666664,1065.2927383916754,61.5
2,10,phi-0.30,0,0.0004577338391231703,1.0,1755.287189096286,7.0,962.3650221238287,54.083333333333336,1047.7898623184713,60.333333333333336
2,10,phi-0.30,1,0.0038135113803453736,1.0,1746.0270311892973,7.0,955.0768286281128,53.25,1057.8540046399874,59.916666666666664
2,10,phi-0.30,2,-0.00024722602242232633,1.0,1793.9070819309243,7.0,958.228749541215,53.75,1045.0694600799598,60.0
2,10,phi+0.00,0,0.005442400698696605,1.0,1739.0564740936113,7.0,954.1602656307672,53.833333333333336,1044.6919682615742,59.416666666666664
2,10,phi+0.00,1,0.00711027882852345,1.0354566826378462,1827.0105663392203,7.0,949.4079335002169,53.5,1048.290471259626,60.666666666666664
2,10,phi+0.00,2,-0.0012558771128129338,1.0386592446874858,1687.3282134234694,7.0,974.4740338138978,53.833333333333336,1060.0224922632765,60.25
2,10,phi+0.30,0,0.0007118987398776431,1.498421881658441,1855.9191665569208,7.0,966.3275752790528,54.25,1051.1971556694168,60.75
2,10,phi+0.30,1,0.006103524491123545,1.4517747619934647,1679.15198206248,7.0,956.407557556062,54.583333333333336,1040.3760133731248,59.666666666666664
2,10,phi+0.30,2,-0.005484161029759598,1.1965244194470523,1720.4469933960108,7.0,977.6216357445331,53.75,1074.9021177824268,60.916666666666664
2,10,phi+0.60,0,0.03212023151296635,3.1260765133846213,1724.1992200565103,7.0,959.3274898078989,54.0,1033.2904810110613,59.75
2,10,phi+0.60,1,0.023081992761923395,2.73740271119429,1755.6005458122024,7.0,952.4565495331926,53.333333333333336,1045.9771379317701,59.333333333333336
2,10,phi+0.60,2,-0.000992649947769502,2.123699836071977,1755.8885909545854,7.0,983.5975913066168,53.583333333333336,1076.9165476693015,61.083333333333336
2,10,phi+0.90,0,0.14288280840785947,10.707733209468339,1810.2168215684098,7.0,962.3425490749281,53.333333333333336,1032.140930027759,58.916666666666664
2,10,phi+0.90,1,0.169030391386061,12.146216488624022,1777.4988986801156,7.0,981.9640670646082,54.0,1041.5214923706765,58.916666666666664
2,10,phi+0.90,2,0.13490316857596235,10.146216249468214,1793.3256973834443,7.0,968.0187324722377,52.75,1050.4913074096833,59.166666666666664
2,10,phi+0.99,0,0.5145429161729344,50.9201562378346,1561.986133262007,6.916666666666667,954.3634213327869,52.833333333333336,1022.2920851567283,57.0
2,10,phi+0.99,1,0.4913981039293518,43.70021234378808,1945.6481259363256,7.0,1062.7077418334566,54.166666666666664,1128.8832027712053,58.666666666666664
2,10,phi+0.99,2,0.5764908688493688,43.493344559484306,1566.0374383595283,6.666666666666667,934.6771171170477,52.25,992.73055824105,57.0
2,10,sorted,0,0.8766465501198392,92.78289833991325,1562.1910433334745,6.666666666666667,938.3357601713484,52.333333333333336,971.9215286366663,55.333333333333336
2,9,real,0,0.051985778707185834,1.1150410036901428,2218.775166336415,6.0,1099.4880496533417,56.333333333333336,950.8232451930139,50.583333333333336
2,9,phi-0.60,0,0.006830705897811642,1.0,2285.808746975082,6.0,1107.1424960204613,56.75,954.2358646692082,50.916666666666664
2,9,phi-0.60,1,0.007896883030600028,1.0,2184.990163436384,6.0,1063.305324489922,54.166666666666664,976.6483983577217,51.583333333333336
2,9,phi-0.60,2,0.004054954003089684,1.0,2242.954563581135,6.0,1089.8484177234893,55.75,953.4303563245995,50.916666666666664
2,9,phi-0.30,0,0.0036928835815251693,1.0,2126.5688980503896,6.0,1062.2333220296307,55.5,957.4091289751436,50.833333333333336
2,9,phi-0.30,1,0.0021883014007611093,1.0,2353.025090350448,6.0,1057.2225079612087,55.75,979.5999430407337,53.166666666666664
2,9,phi-0.30,2,0.0009521442309200966,1.0,2424.1813277041647,6.0,1068.3919504780902,55.583333333333336,961.6855040305953,50.916666666666664
2,9,phi+0.00,0,-0.0014994888447360127,1.0,2369.2841865729256,6.0,1089.514652633993,58.333333333333336,983.9433384924137,50.833333333333336
2,9,phi+0.00,1,7.044019830550191e-05,1.0973430996324411,2232.9953154388254,6.0,1069.4842594443933,55.666666666666664,957.4610035245718,50.5
2,9,phi+0.00,2,0.005465675062505366,1.0,2178.7716075534945,6.0,1059.4090750021896,54.333333333333336,962.74577658739,51.666666666666664
2,9,phi+0.30,0,0.010462586624459041,2.2322958452223896,2273.29004104076,6.0,1086.9421917203588,55.5,968.0028020377458,52.083333333333336
2,9,phi+0.30,1,0.008868201380020525,1.8107433625424048,2069.7757684311205,6.0,1102.1179189545744,56.25,960.8135844831494,51.416666666666664
2,9,phi+0.30,2,-0.0008826775602186579,1.868261148207048,2254.752541299061,6.0,1098.48724887256,57.0,966.1472128231115,52.25
2,9,phi+0.60,0,0.05025066919032064,3.8897625188758647,2086.7958385136467,6.0,1081.482628561582,57.25,968.5096725704881,52.083333333333336
2,9,phi+0.60,1,0.025731493748812072,3.84863187059619,2227.564067040567,6.0,1114.5291208160097,56.416666666666664,957.8858737427582,51.0
2,9,phi+0.60,2,0.032524453102335704,3.902466458543506,2173.921999411992,6.0,1096.0717497057774,56.5,956.4342147620005,51.333333333333336
2,9,phi+0.90,0,0.2412946275810196,20.651339327077636,2238.4679885889004,6.0,1085.8692378651697,56.583333333333336,965.8623889447836,50.833333333333336
2,9,phi+0.90,1,0.3067923525341213,20.54385507859293,2517.0801964914717,6.0,1162.3026837107352,57.5,995.422628968049,52.416666666666664
2,9,phi+0.90,2,0.2666721159253611,20.796848502874706,2060.180156180159,6.0,1072.5836678965725,55.75,950.264640123045,50.916666666666664
2,9,phi+0.99,0,0.7434218047896302,75.67068847810248,2389.591132722059,6.0,1124.712478458667,54.833333333333336,987.393313472637,51.666666666666664
2,9,phi+0.99,1,0.7703515878267226,82.70268357995947,2288.5575885709504,6.0,1138.7677898351228,54.083333333333336,980.5001650346494,50.5
2,9,phi+0.99,2,0.7782102120001059,79.77930151542034,2169.6891467194127,6.0,1111.8088766973353,54.0,974.7079047818237,51.25
2,9,sorted,0,0.9443714684804597,108.27497341490519,1688.7809995142463,6.0,1009.322638914457,54.25,938.4295593567825,51.25
2,11,real,0,0.0405631070212662,4.382705389296607,2262.282555063743,8.416666666666666,1100.23487090108,62.583333333333336,990.2208796921362,53.666666666666664
2,11,phi-0.60,0,-0.0019790829044365743,1.0,1889.7794035794388,8.833333333333334,1049.354016424011,62.333333333333336,976.5172795849448,55.5
2,11,phi-0.60,1,0.00475383020542309,1.0,2389.320777774886,8.333333333333334,1061.0486416142408,62.5,972.1805435688126,54.666666666666664
2,11,phi-0.60,2,-0.0008411817218009754,1.0,1970.9176479070072,8.5,1062.3732893100298,63.083333333333336,980.0940865250273,55.583333333333336
2,11,phi-0.30,0,0.002349762694314883,1.0,2149.2866760114534,8.666666666666666,1042.5808880279471,62.083333333333336,952.169629215715,54.333333333333336
2,11,phi-0.30,1,0.0016651890442740418,1.0,2398.6246763076265,8.5,1085.988391485645,64.66666666666667,979.8198970731527,54.333333333333336
2,11,phi-0.30,2,-0.004688219432723043,1.135214145903758,2573.084949568,8.416666666666666,1052.6860090014964,63.666666666666664,977.4643665029893,55.25
2,11,phi+0.00,0,-0.0011801466436285077,1.0,1869.6399346985997,8.416666666666666,1042.9253347657325,62.0,966.5464300352411,54.5
2,11,phi+0.00,1,-0.007311782567391624,1.0125559008657714,1906.3987200423453,8.666666666666666,1037.3937451741947,62.083333333333336,964.5685957676841,54.916666666666664
2,11,phi+0.00,2,0.0037740308289817824,1.0,1841.1746444609835,8.583333333333334,1083.7858349469332,65.08333333333333,977.7003347339705,54.583333333333336
2,11,phi+0.30,0,-0.0014398772183644667,1.0778655288679593,1774.7768042787754,8.666666666666666,1059.472930660227,62.75,964.7234696885839,53.75
2,11,phi+0.30,1,-0.0047044596241302495,1.4814332414775295,1904.170143625066,8.75,1078.2911019359706,64.91666666666667,995.4528926424605,55.916666666666664
2,11,phi+0.30,2,0.0024513904567257114,1.3875008988884099,1859.7355929883033,8.583333333333334,1060.6609859570497,62.75,967.9762669426426,55.333333333333336
2,11,phi+0.60,0,0.004995535600694078,2.1037297129649186,1961.5217140157317,8.166666666666666,1059.7729860203171,62.0,980.6959066722978,55.0
2,11,phi+0.60,1,0.015319323235465901,3.163895858486917,2002.141636876365,8.333333333333334,1058.6166013869163,61.916666666666664,972.674539448722,54.75
2,11,phi+0.60,2,0.019295550539657345,2.155990999788875,1903.3424192828516,8.583333333333334,1062.456300720439,61.083333333333336,974.6977913979739,54.0
2,11,phi+0.90,0,0.09082822617268607,7.4604958303641045,1929.4717189241155,8.166666666666666,1046.5076896935404,60.416666666666664,984.3413731235833,54.833333333333336
2,11,phi+0.90,1,0.06325474567766684,5.487956451473217,1807.2209997459038,8.416666666666666,1074.3459458510067,63.916666666666664,972.1111645433135,53.833333333333336
2,11,phi+0.90,2,0.11546697539109743,9.617281113965289,1757.5335690468407,7.916666666666667,1048.0762674793657,60.833333333333336,972.6815720093728,55.166666666666664
2,11,phi+0.99,0,0.3985207119358673,36.7375137708569,1907.2693248717635,7.666666666666667,1070.7318651541834,61.916666666666664,985.1240295836296,55.5
2,11,phi+0.99,1,0.3325951180844063,26.33668998539418,1612.805383724739,7.916666666666667,1014.7737667065888,59.833333333333336,963.2328276787621,54.083333333333336
2,11,phi+0.99,2,0.2177848624558436,21.408930759679752,1933.897742570869,8.0,1097.8665471091947,61.416666666666664,972.7849631428948,53.583333333333336
2,11,sorted,0,0.5588360358461651,42.60764800555967,1614.4720503914057,8.083333333333334,1004.3377233944196,58.75,956.1658548686095,53.666666666666664
2,14,real,0,-0.0074445926956207345,1.4469376744481028,2154.426272571386,6.25,1143.4700780144217,60.083333333333336,994.1068777052047,54.5
2,14,phi-0.60,0,0.003595809797351312,1.0,1948.3616239893902,6.333333333333333,1125.7996463436891,61.75,983.5333009320148,52.916666666666664
2,14,phi-0.60,1,0.009617514965390107,1.0,1956.9873768906266,6.166666666666667,1125.1089571174582,59.166666666666664,982.9151288944063,52.833333333333336
2,14,phi-0.60,2,0.005750944456437365,1.0,2443.4405621758783,6.166666666666667,1123.0233475652442,60.166666666666664,1001.0727200526462,53.666666666666664
2,14,phi-0.30,0,-0.0006381403065410679,1.0,2763.8370170311796,6.083333333333333,1146.372363152632,61.166666666666664,993.1896203709138,54.0
2,14,phi-0.30,1,0.003460539077156242,1.0,3225.2377088049984,6.0,1163.1079834412471,61.166666666666664,998.201738599853,53.416666666666664
2,14,phi-0.30,2,-0.004619009696871026,1.0,2144.889084948449,6.0,1121.4453438707346,59.083333333333336,994.8553361407472,53.083333333333336
2,14,phi+0.00,0,0.0017082168628540847,1.0,2337.2970821547347,6.166666666666667,1141.293022679292,62.5,1006.1964883198543,54.166666666666664
2,14,phi+0.00,1,0.002559223946605704,1.0,2027.7009836577447,6.166666666666667,1123.985569948011,59.583333333333336,990.1277285971064,54.083333333333336
2,14,phi+0.00,2,0.00040329032800546117,1.0,1993.1062172513566,6.083333333333333,1133.507628131905,59.916666666666664,993.8910654654904,54.5
2,14,phi+0.30,0,0.010216223085250652,1.5794911483680862,1948.0471384525893,6.083333333333333,1121.6126175523143,60.333333333333336,994.9697197605489,55.0
2,14,phi+0.30,1,-0.004104236863875957,1.86453572303135,1969.3113173878444,6.166666666666667,1138.194262946024,60.416666666666664,988.0191912957803,53.916666666666664
2,14,phi+0.30,2,-0.0006647526296999021,1.655045843067814,2151.7054483791035,6.166666666666667,1126.2610799956476,60.5,979.6931712685306,52.75
2,14,phi+0.60,0,0.008126068284250726,2.7934040901368284,2318.377313992762,6.333333333333333,1130.7931184186666,60.416666666666664,1012.4263163775653,54.25
2,14,phi+0.60,1,0.02633406704814296,2.9487891014659096,1956.0827974709316,6.083333333333333,1121.8216312492398,60.75,997.9178061812621,53.666666666666664
2,14,phi+0.60,2,0.02310287740761282,3.464585927375307,2374.647459503338,6.083333333333333,1143.7875675017056,61.666666666666664,988.8175346829207,53.416666666666664
2,14,phi+0.90,0,0.1530560287815557,11.560534213165832,1981.52766977608,6.0,1139.172589697603,61.083333333333336,996.5004387796021,53.25
2,14,phi+0.90,1,0.2354854391051566,22.156138233987786,2117.95558765268,6.0,1117.9083567897683,59.833333333333336,991.2950450991261,53.583333333333336
2,14,phi+0.90,2,0.21764039486979186,15.564393176881993,2084.992999858599,6.25,1123.5804942514796,59.5,984.2233957735667,52.833333333333336
2,14,phi+0.99,0,0.6298700191689177,52.13831960844946,2196.962648726264,6.083333333333333,1135.7690656361522,58.166666666666664,996.6989479997342,52.5
2,14,phi+0.99,1,0.7121045786401781,64.53383385339228,2692.2467394012133,6.166666666666667,1272.2985550089059,58.25,1039.9308130903926,52.166666666666664
2,14,phi+0.99,2,0.5901071953510022,47.63113940762894,1922.0788571926425,6.083333333333333,1120.9856770470087,60.416666666666664,981.2208651347396,53.583333333333336
2,14,sorted,0,0.8997912019575229,99.79710793333558,1717.3322202297402,6.0,1020.3533063649753,55.416666666666664,957.8881483443123,52.5
2,16,real,0,0.7147509154022376,70.54941330772947,1997.0047661167946,6.416666666666667,1015.0255376784372,55.083333333333336,1037.2690492493632,59.25
2,16,phi-0.60,0,0.0022762726185148385,1.0,2167.8448434626143,7.083333333333333,1011.6011322237042,58.916666666666664,1041.7973073547962,61.666666666666664
2,16,phi-0.60,1,0.004114036239258262,1.0,2152.453635674968,7.166666666666667,1034.4045681295427,59.75,1037.6954228092834,61.75
2,16,phi-0.60,2,0.003808803430193321,1.0,2138.7370887257407,6.916666666666667,1017.8772650125671,59.083333333333336,1027.050261714334,60.916666666666664
2,16,phi-0.30,0,0.007692085863382909,1.0,2266.216114574278,7.083333333333333,1024.0538429689027,59.75,1043.2007447489943,61.083333333333336
2,16,phi-0.30,1,0.008331333118039567,1.0,2221.6614442003433,7.166666666666667,1020.9870963556391,58.833333333333336,1040.5952382660278,61.416666666666664
2,16,phi-0.30,2,0.003373651389919702,1.0,2167.97366281695,7.083333333333333,1024.887624006407,59.25,1045.7898971287655,60.666666666666664
2,16,phi+0.00,0,-0.002656599644470594,1.0,2051.004824921339,7.0,1022.581208360998,59.25,1053.014616128153,62.333333333333336
2,16,phi+0.00,1,0.00599179059222173,1.1419238693394127,2048.755617653652,7.0,1002.8194320708232,58.166666666666664,1020.1660977042806,59.666666666666664
2,16,phi+0.00,2,-0.004488557783948291,1.0,2109.4158059628594,7.0,1014.2608336382555,58.833333333333336,1015.5567994421928,61.166666666666664
2,16,phi+0.30,0,0.005159604079458683,1.724313102868721,2181.65470528584,7.166666666666667,1035.282408064585,61.25,1038.5826794890434,62.666666666666664
2,16,phi+0.30,1,-0.002447954367539474,1.4175217025557874,2015.1620654668568,7.0,1037.3886100907587,60.916666666666664,1037.6510898097629,60.916666666666664
2,16,phi+0.30,2,-0.004612817667286945,1.3854159962466222,2202.803071534348,7.083333333333333,1020.0684414566048,59.666666666666664,1027.6780471540578,61.083333333333336
2,16,phi+0.60,0,0.009705777486487268,2.7356068989606532,2178.940096234183,7.083333333333333,1032.6599452795178,60.5,1022.6284249001841,60.5
2,16,phi+0.60,1,0.003962157144131395,2.580069826337091,1917.3055223266435,7.0,1021.4044076829528,59.583333333333336,1022.7943048893891,61.416666666666664
2,16,phi+0.60,2,0.009015539640370236,2.121054472631733,2278.9553164672293,7.0,1027.7656298785512,60.0,1041.684506678986,61.833333333333336
2,16,phi+0.90,0,0.11252806769955977,8.872667385691683,2375.4648864633623,7.166666666666667,1080.5955159201187,60.833333333333336,1051.9409485818135,60.333333333333336
2,16,phi+0.90,1,0.08828133902348938,7.854729629142038,2062.1330826147905,6.833333333333333,1008.2698952623817,60.083333333333336,1023.1331871725228,60.25
2,16,phi+0.90,2,0.2967187644477151,21.357986395889434,1856.5348252325612,6.916666666666667,1021.0201346298271,59.5,1024.222277284632,58.75
2,16,phi+0.99,0,0.8473927014456625,87.6235613661404,1632.1500355411179,6.666666666666667,985.1040982629096,56.333333333333336,978.6765069200231,57.166666666666664
2,16,phi+0.99,1,0.7932399327568468,86.7346979258657,2242.059649873128,6.666666666666667,1143.2946743579464,57.0,1127.5647002297228,58.416666666666664
2,16,phi+0.99,2,0.48292153206676786,33.67130825772038,1989.8778214689953,6.666666666666667,1008.9389622361979,56.666666666666664,999.6832703732339,57.666666666666664
2,16,sorted,0,0.9032606776544284,97.73698810851592,1610.8416130312705,6.416666666666667,959.4916157586763,54.5,965.7890233488423,56.083333333333336
2,15,real,0,0.3199508968776859,37.88210652094158,1665.877238287446,6.333333333333333,1089.2668379694733,65.16666666666667,967.8552161791268,53.916666666666664
2,15,phi-0.60,0,0.0021268392301503065,1.0,2177.480443740837,6.666666666666667,1161.3689407024715,68.58333333333333,998.9111534231312,56.833333333333336
2,15,phi-0.60,1,0.005522440632537741,1.0,3237.5588044889264,6.666666666666667,1149.5580703423332,66.41666666666667,1000.7811075858491,55.0
2,15,phi-0.60,2,0.008981503161665403,1.0,2414.0493272944937,6.75,1149.4870657327547,67.91666666666667,989.3241800574084,55.5
2,15,phi-0.30,0,0.004637649393346284,1.0,2415.443545189255,6.666666666666667,1134.3610944365919,65.66666666666667,1023.0411347521007,57.0
2,15,phi-0.30,1,-0.003773536630444222,1.0,2102.9389932845174,6.333333333333333,1138.8633026992504,66.75,989.6440715279713,55.916666666666664
2,15,phi-0.30,2,0.012083424404165287,1.0,2756.4652918499073,6.666666666666667,1177.5344309560583,66.83333333333333,997.02571354877,56.5
2,15,phi+0.00,0,-0.006255073624444128,1.0,2162.695580868561,6.5,1137.261170631179,67.25,991.0346116192281,56.5
2,15,phi+0.00,1,-0.004535673721825917,1.12023141948232,3464.2640698097935,7.0,1162.9096294003994,67.91666666666667,996.7074190320918,57.083333333333336
2,15,phi+0.00,2,0.003112728527905517,1.1180038314951273,3023.7834452796756,6.583333333333333,1148.750931755959,67.5,989.8047635650202,55.833333333333336
2,15,phi+0.30,0,-0.0030992621588292377,1.572299116769895,2390.9403181378743,6.583333333333333,1141.1098316150922,67.16666666666667,1001.9001160601865,56.333333333333336
2,15,phi+0.30,1,0.011624753937188828,1.528082662937994,2701.899914625864,6.666666666666667,1138.418874351485,67.5,988.5628364402108,56.583333333333336
2,15,phi+0.30,2,-0.0023181125967325685,1.4909730113329185,2163.542675434583,6.416666666666667,1152.6030319698286,67.16666666666667,995.3074841970916,56.75
2,15,phi+0.60,0,-0.00904680274269402,2.673509975068075,2336.8574056270218,6.5,1150.2928394470628,67.41666666666667,1001.0413979576434,55.666666666666664
2,15,phi+0.60,1,0.012721915767631901,3.3563551952835424,2404.1007864104254,6.583333333333333,1142.815171776081,67.08333333333333,998.0781710046862,56.333333333333336
2,15,phi+0.60,2,0.0075750545627206725,2.574614585652344,2539.3683251845714,6.666666666666667,1137.8383019365467,66.41666666666667,1000.4036026804268,55.916666666666664
2,15,phi+0.90,0,0.2125261261202283,15.23232869006217,2247.5836977375848,6.333333333333333,1122.6011716122928,66.41666666666667,998.8593533302633,56.666666666666664
2,15,phi+0.90,1,0.20143094831223943,14.238919649470853,3462.164217248561,6.833333333333333,1206.491941625569,66.41666666666667,1021.2647407419876,55.166666666666664
2,15,phi+0.90,2,0.18776089564381543,13.515792898374636,2111.632748639257,6.5,1123.0330910598223,65.08333333333333,973.3792905998877,53.916666666666664
2,15,phi+0.99,0,0.536555793852082,43.52908503409049,2480.4770326311705,6.5,1259.6067781211298,65.58333333333333,1022.2092676404241,55.0
2,15,phi+0.99,1,0.6886524554950303,66.62173629597102,1957.7581851395717,6.333333333333333,1191.4583135841851,64.16666666666667,1012.2996532113011,54.666666666666664
2,15,phi+0.99,2,0.7159944146555532,74.90139542694506,2788.0116631082674,6.666666666666667,1265.123558016395,64.25,1061.1587651441926,54.666666666666664
2,15,sorted,0,0.9304825036659916,105.09787271359556,1610.6583055511999,6.25,1046.975872926495,60.083333333333336,950.8594610436097,51.833333333333336
2,17,real,0,0.013590976262461793,1.0,2886.695944499905,6.083333333333333,1120.2402805849404,56.583333333333336,996.4059641076815,53.583333333333336
2,17,phi-0.60,0,-0.00204722518547891,1.0,2577.6075681604275,6.0,1113.0861320565298,55.333333333333336,997.2762650969034,53.166666666666664
2,17,phi-0.60,1,-0.0033749772948432955,1.0,2568.9594503110225,6.083333333333333,1113.280038920729,57.416666666666664,996.2631414404954,53.5
2,17,phi-0.60,2,0.009063068996186177,1.0,2657.1708174955725,6.0,1114.6323694783894,55.833333333333336,991.1603199770869,53.416666666666664
2,17,phi-0.30,0,0.001012546477834787,1.0,2564.757383527418,6.0,1094.4287483312535,56.25,968.7991301589523,52.0
2,17,phi-0.30,1,0.003348473341065959,1.0,2599.353044563409,6.0,1110.8309160918145,56.333333333333336,995.8959363859141,53.833333333333336
2,17,phi-0.30,2,0.0019265704244126793,1.0,3007.4928830924005,6.0,1129.2662289614384,56.833333333333336,985.7746381463844,52.75
2,17,phi+0.00,0,-0.005935306219555653,1.0,2389.5801951234744,6.0,1122.4456362038366,57.5,972.4053102008664,51.75
2,17,phi+0.00,1,0.011246159709229197,1.1175495846762689,2621.376776981061,6.0,1127.6525671168868,56.666666666666664,992.7769588620419,52.333333333333336
2,17,phi+0.00,2,0.0031829472184665922,1.1216923777072814,2436.1123769865026,6.0,1109.9110723668975,56.75,1001.9711207679351,53.666666666666664
2,17,phi+0.30,0,0.00589149822760111,1.446672952793382,2584.5061519292526,6.0,1106.7071830337443,55.583333333333336,992.7243188407123,52.333333333333336
2,17,phi+0.30,1,-0.0005028009245658763,1.5591991884589103,2583.709452044179,6.0,1113.1201925205823,57.583333333333336,973.577208506198,51.666666666666664
2,17,phi+0.30,2,0.00568531282121215,1.4179631119623186,2558.6455231773302,6.0,1109.5742791483583,56.25,989.0983407739686,54.0
2,17,phi+0.60,0,0.01097676034934451,2.1605992882421567,2941.057053313829,6.083333333333333,1137.5670514815004,56.25,999.4033590217459,54.166666666666664
2,17,phi+0.60,1,-0.008487139281761757,2.706895038507364,2643.074743370687,6.0,1100.3506408028054,56.333333333333336,991.05030335757,53.25
2,17,phi+0.60,2,0.02080430129765106,2.946660031285641,2571.907575248268,6.0,1112.5987211518348,56.416666666666664,984.9466733061666,52.416666666666664
2,17,phi+0.90,0,0.13873042282781317,10.527946827928508,2656.98578825102,6.0,1152.134320066236,56.416666666666664,1005.2025741142876,53.333333333333336
2,17,phi+0.90,1,0.14789223326856885,12.418959848767107,2724.028371867576,6.0,1135.020517100055,55.833333333333336,986.9302932351443,52.083333333333336
2,17,phi+0.90,2,0.1431931031347253,11.247670764068534,3047.621470912441,6.0,1119.57708459717,56.416666666666664,1000.219245753732,52.5
2,17,phi+0.99,0,0.5082992857765336,48.8139705359129,2418.6822023164063,6.0,1129.8547339083973,55.916666666666664,1002.3424871677167,52.75
2,17,phi+0.99,1,0.5722877357027836,48.3537391586415,2277.5829498430553,6.0,1097.1734970834416,55.416666666666664,985.8128994183844,52.333333333333336
2,17,phi+0.99,2,0.38902023286899157,36.69209473000751,3129.31328122033,6.0,1176.4624457303116,55.333333333333336,1002.5987878304126,52.333333333333336
2,17,sorted,0,0.934649595884186,106.55612305970799,2161.7794037913104,6.0,1058.198360192976,54.833333333333336,975.5288931149454,53.0
2,12,real,0,0.05700500614147787,5.57322184934394,2359.6926534224917,8.583333333333334,1088.2881767848655,64.25,1077.0115375313096,62.916666666666664
2,12,phi-0.60,0,0.01449952505344822,1.0,2486.006834765984,9.166666666666666,1059.1762748635576,64.0,1029.788033094499,62.25
2,12,phi-0.60,1,-0.003581950833977601,1.0,2085.5690600004987,8.416666666666666,1058.998002943994,64.75,1039.0016932511314,61.583333333333336
2,12,phi-0.60,2,0.0014526620664165857,1.0,2741.6838910645606,8.75,1062.427643550128,63.833333333333336,1061.922902408437,63.083333333333336
2,12,phi-0.30,0,0.00029033079857396015,1.0,2246.1639312698285,8.75,1058.4193460090398,64.16666666666667,1061.1340705655336,63.916666666666664
2,12,phi-0.30,1,8.137582069120582e-05,1.0,2743.874462725283,9.083333333333334,1060.83018073503,64.58333333333333,1053.6373823990496,63.5
2,12,phi-0.30,2,0.003525279408030524,1.0,2276.1854069380224,8.666666666666666,1052.6724028515814,63.5,1043.0348721273378,62.75
2,12,phi+0.00,0,0.013027621732516936,1.0,2427.9321102739473,8.75,1051.7563549356928,63.75,1062.933343967215,63.083333333333336
2,12,phi+0.00,1,-0.00431133043615529,1.0,2600.3758994824793,8.916666666666666,1069.2086268684313,64.75,1045.4469278951012,63.0
2,12,phi+0.00,2,-0.00310170352142076,1.0382363213279846,2018.5620250386917,8.416666666666666,1052.5995855000112,64.0,1040.997560263086,62.166666666666664
2,12,phi+0.30,0,-0.0040305775989009605,1.2353658203211384,2057.0647290683437,8.5,1048.2157955772102,62.833333333333336,1045.9069096603912,63.25
2,12,phi+0.30,1,0.007166366200287854,1.3900483881206673,2344.178013424265,8.75,1062.652440855152,63.75,1049.804821232742,62.583333333333336
2,12,phi+0.30,2,0.0035526189988582266,1.2909313720537792,2134.3652320872375,9.166666666666666,1048.9706422694073,63.333333333333336,1034.4088593915087,61.916666666666664
2,12,phi+0.60,0,0.011134836332039344,2.482820116211796,2142.759548068221,8.75,1063.7254301078408,64.5,1045.9213882641636,61.5
2,12,phi+0.60,1,0.014586343166440127,2.8902299947427057,2152.55646716134,8.583333333333334,1061.1040367565404,64.16666666666667,1047.2840534209406,63.0
2,12,phi+0.60,2,-0.0004519302953234805,2.154265290222784,2225.4426694923745,8.666666666666666,1061.3130079577932,64.16666666666667,1062.504552239086,64.25
2,12,phi+0.90,0,0.154167718253125,12.607996929333343,2053.4311067387384,7.916666666666667,1074.3125764898953,62.916666666666664,1037.7566672424716,60.25
2,12,phi+0.90,1,0.07981008788026307,8.189649654620439,1999.6235903494369,8.75,1059.5405923753801,63.416666666666664,1059.4173182189154,63.75
2,12,phi+0.90,2,0.0752226650323438,6.937453147387026,2113.4855590028315,8.0,1058.9661497434925,63.916666666666664,1029.42011476544,61.5
2,12,phi+0.99,0,0.25231564348165886,17.392162019444253,3437.3107881138344,9.0,1243.7896707733587,63.333333333333336,1167.9002254488853,61.833333333333336
2,12,phi+0.99,1,0.6374503347501684,50.105251971848986,1833.289821911044,7.5,1011.3213778696108,59.833333333333336,1014.9723528101777,60.333333333333336
2,12,phi+0.99,2,0.5969480187448122,53.70852136842869,1814.4414337859107,7.333333333333333,1002.319108460304,58.75,1002.6407313994504,58.5
2,12,sorted,0,0.6731225230609514,65.04710288932029,1763.472670535706,7.5,974.3373627949421,56.666666666666664,977.5532007599151,56.833333333333336
2,19,real,0,0.25078612524398275,29.701736926351153,2167.9364342063136,7.25,1133.8379917706154,65.33333333333333,1009.5083989407258,56.416666666666664
2,19,phi-0.60,0,0.010971637759271775,1.0,2241.5627185588323,7.166666666666667,1114.8961114278156,67.58333333333333,1007.7474243216749,55.833333333333336
2,19,phi-0.60,1,0.006912836874853447,1.0,2572.0235351276147,6.916666666666667,1136.4375673840277,67.25,1015.6999954685684,57.75
2,19,phi-0.60,2,0.003385775354483205,1.0,2233.952016207306,7.166666666666667,1140.590271813175,67.58333333333333,1009.1769955537592,57.416666666666664
2,19,phi-0.30,0,0.0025244130378594206,1.0,2194.4039565291887,7.25,1097.1407952099378,64.75,1008.1078059959159,56.666666666666664
2,19,phi-0.30,1,-0.003274248766214383,1.0,2406.18208206017,7.416666666666667,1122.944109597756,68.66666666666667,1006.6159954778844,57.166666666666664
2,19,phi-0.30,2,-0.00557039784862109,1.0,2321.111226885395,6.833333333333333,1145.3590947580144,68.08333333333333,1005.1914450931872,56.083333333333336
2,19,phi+0.00,0,-0.0022647298874641135,1.0244251606008665,2086.329724149657,7.166666666666667,1124.996980403377,66.91666666666667,1003.556995555823,56.333333333333336
2,19,phi+0.00,1,-0.0009285398705262258,1.0853400857651454,2550.681421326743,7.583333333333333,1120.8817910024404,64.91666666666667,1019.3847855744904,57.75
2,19,phi+0.00,2,-0.008994128624674125,1.0,2380.300452832268,7.333333333333333,1129.451172910177,66.58333333333333,1033.46360530786,59.583333333333336
2,19,phi+0.30,0,0.0011739203267240456,1.2795987011101273,2652.281304188668,7.5,1162.1298519970376,68.83333333333333,1026.6432616145412,58.0
2,19,phi+0.30,1,0.0009596534849891743,1.5174963422052379,2579.22183796836,7.083333333333333,1144.2769889089707,67.0,1024.0045347946614,57.5
2,19,phi+0.30,2,0.00842730465861389,1.5651967687150106,2566.1343930537546,7.583333333333333,1142.1175546080608,68.58333333333333,993.0336219274885,56.666666666666664
2,19,phi+0.60,0,0.008506180014343633,2.9169394854119775,2456.289595826137,7.166666666666667,1126.0404519876392,66.75,997.1630503141969,56.833333333333336
2,19,phi+0.60,1,0.009306095168257093,4.39061651444421,2361.2626923905796,7.166666666666667,1114.9529549750246,65.75,1006.2817563482753,57.416666666666664
2,19,phi+0.60,2,0.013011045489890046,3.3352901993082993,2309.8026328588544,7.25,1119.4754684203397,67.16666666666667,1022.3751809776878,58.25
2,19,phi+0.90,0,0.10996778189615107,9.244540383046164,2180.489581346419,7.166666666666667,1106.0585080055157,65.41666666666667,1020.4437556249758,58.166666666666664
2,19,phi+0.90,1,0.17306561209266977,15.126288990922523,2536.319274034668,7.0,1177.9534587147093,67.08333333333333,1010.0649748935807,56.0
2,19,phi+0.90,2,0.1036550922529034,8.712255532621352,2474.9273418877615,7.333333333333333,1128.5049934550725,65.83333333333333,1025.4100220284538,57.333333333333336
2,19,phi+0.99,0,0.5748052824702846,54.88282752909082,3401.6131811742016,6.666666666666667,1286.510817856497,64.08333333333333,1080.2225465410957,55.5
2,19,phi+0.99,1,0.5546321180808351,48.84546159910764,2996.577445890334,6.416666666666667,1180.0246087443766,63.666666666666664,1031.4394342177238,55.416666666666664
2,19,phi+0.99,2,0.6617359587742352,66.17989909924107,1964.2852491129986,6.5,1129.1463525141119,62.666666666666664,1015.6102996501232,55.916666666666664
2,19,sorted,0,0.8197828548278497,88.94008345562376,1716.8638273588067,6.25,1028.6618931038638,58.583333333333336,949.2663443434913,52.666666666666664
2,18,real,0,0.17455832025327636,17.579157874168327,2025.3482244407244,7.083333333333333,1150.4863675523004,67.16666666666667,1016.3689444446218,57.5
2,18,phi-0.60,0,0.005666228516048848,1.0,2428.0728770572828,7.333333333333333,1150.2264616822172,68.58333333333333,1001.7960088209293,57.583333333333336
2,18,phi-0.60,1,0.01380823865927308,1.0,3416.566290125753,7.083333333333333,1173.1325376912826,68.25,1007.4767937552052,56.083333333333336
2,18,phi-0.60,2,0.0015850497845551555,1.0,2398.014568877798,7.166666666666667,1153.3036709756643,68.75,1017.0455503515932,59.083333333333336
2,18,phi-0.30,0,0.0007851009929243563,1.0,2455.7564714479345,7.083333333333333,1150.784112385483,68.0,1000.8022738386495,57.0
2,18,phi-0.30,1,0.003894874339477699,1.0,2998.695898365193,6.583333333333333,1159.2509540460287,68.66666666666667,1024.4839787925673,58.916666666666664
2,18,phi-0.30,2,0.002921467205918938,1.0,2272.192378012415,7.25,1150.4914146007525,68.91666666666667,1015.8097864907713,57.833333333333336
2,18,phi+0.00,0,-0.0042943588734261975,1.0440306099057368,2643.3442773123143,7.083333333333333,1140.3262357691037,68.75,1011.9127466462434,57.666666666666664
2,18,phi+0.00,1,-0.007019284674519168,1.0,2514.6346086627823,7.083333333333333,1146.8285110994482,67.91666666666667,1014.5706791215583,58.5
2,18,phi+0.00,2,-0.0014547419753558445,1.0083579182588536,2813.294603646447,7.083333333333333,1140.7317301525584,67.0,1017.1891521419251,57.833333333333336
2,18,phi+0.30,0,-0.003856021420281897,1.6380325203018276,2360.180926074018,7.166666666666667,1151.3788945465315,68.83333333333333,1032.2946749644482,60.916666666666664
2,18,phi+0.30,1,-0.005449015245524328,1.6537473185538536,2480.8313331982176,7.583333333333333,1143.7322158023503,68.33333333333333,1001.3515338660219,57.416666666666664
2,18,phi+0.30,2,0.015699777367950477,1.9869605188114687,2128.254868120628,6.916666666666667,1163.1094426154345,67.41666666666667,1008.9490741894829,58.833333333333336
2,18,phi+0.60,0,0.014503539217733652,3.3432765882478863,2302.137497656038,7.0,1156.411996482692,68.5,1006.8570516788218,58.25
2,18,phi+0.60,1,0.013414895055756125,2.9849520225588524,2106.82528317563,7.25,1144.4084235629527,65.58333333333333,995.7297672299679,57.0
2,18,phi+0.60,2,0.004604664828278321,4.090522555793314,2657.78679618832,7.083333333333333,1137.0429016706664,67.58333333333333,1022.7123240842801,58.25
2,18,phi+0.90,0,0.24145571271183403,16.718030034782323,2433.1404069252612,6.916666666666667,1152.361352448166,66.5,1020.0389029098241,57.75
2,18,phi+0.90,1,0.2817156884488211,20.466971764087383,2332.948537824032,6.666666666666667,1158.246263340079,66.91666666666667,1011.8380530993348,56.75
2,18,phi+0.90,2,0.25122370003821765,20.425429475088624,2564.0733125451306,6.833333333333333,1139.7748025227195,65.08333333333333,999.2805291721529,56.166666666666664
2,18,phi+0.99,0,0.6364392829051057,49.778874085356826,2466.3372789364844,6.583333333333333,1161.325677052209,64.91666666666667,1009.5492721295205,56.166666666666664
2,18,phi+0.99,1,0.6488898522251599,53.166510339608365,3353.095735092231,6.583333333333333,1252.0798001219075,64.5,1059.1030490470837,57.166666666666664
2,18,phi+0.99,2,0.6666199766584037,53.921556793369675,2240.9218920078833,6.416666666666667,1137.0564239352686,66.08333333333333,995.07617515649,56.25
2,18,sorted,0,0.8810047742511365,98.58986163347953,1841.417193401386,6.083333333333333,1056.5671105054103,61.0,964.186435813906,55.416666666666664
2,20,real,0,0.036307109599673024,3.509601612503792,3070.188059114656,8.25,1135.9330431305032,60.5,993.7142140232321,52.0
2,20,phi-0.60,0,-0.002808118555592379,1.0,2341.514341848459,8.25,1119.5730421430615,61.166666666666664,1001.5743547237385,54.75
2,20,phi-0.60,1,-0.0011968579157885918,1.0,2119.0898232541736,8.083333333333334,1135.9309797974136,64.0,1002.0061113580365,53.666666666666664
2,20,phi-0.60,2,-0.0012259748542517393,1.0,2829.933003570229,8.333333333333334,1135.4207757016154,61.75,1002.1262545671043,54.583333333333336
2,20,phi-0.30,0,-0.0013033971858690892,1.0,2346.8243103157433,8.25,1136.324687429131,62.416666666666664,1001.0105607976152,53.916666666666664
2,20,phi-0.30,1,-0.004890891491398365,1.0,2174.8585716926964,8.583333333333334,1147.6139450514706,64.75,999.732142885414,54.0
2,20,phi-0.30,2,-0.0017266870146484508,1.0,1991.325016804404,8.416666666666666,1133.767870603977,62.666666666666664,995.7587800289798,54.333333333333336
2,20,phi+0.00,0,0.006866477124473216,1.081119429648399,1904.482402755557,7.5,1134.4717651790345,62.916666666666664,981.7448191534922,53.0
2,20,phi+0.00,1,0.006517707021675748,1.0,2154.1687409895276,8.333333333333334,1154.0967722057856,63.5,984.5382518462079,53.166666666666664
2,20,phi+0.00,2,-0.002273806942663594,1.450524065336321,1929.3198879777071,8.166666666666666,1125.6686943174607,61.75,988.4393425362696,53.166666666666664
2,20,phi+0.30,0,0.0048091419804620434,1.0410937160496592,1932.5869881677536,8.083333333333334,1126.0346243433466,61.5,989.086490768007,54.25
2,20,phi+0.30,1,-0.007066844060454102,1.220254767852871,2086.6822949374273,8.5,1135.1492366790128,63.583333333333336,999.7409827107534,53.333333333333336
2,20,phi+0.30,2,-0.0033172321446537693,1.0738062462346556,1965.2819490433692,8.666666666666666,1133.3540769315998,63.25,994.3066448214317,53.416666666666664
2,20,phi+0.60,0,0.016549993420194267,1.8364509658325898,1992.9010419072301,7.916666666666667,1124.8293852401996,62.75,968.2515336836182,51.75
2,20,phi+0.60,1,-0.0011992115286692208,1.486139873863556,2093.5853651833886,8.083333333333334,1138.8992761567656,62.583333333333336,996.6079732443469,53.0
2,20,phi+0.60,2,0.015914341017162544,1.9694055558668986,1862.7423784505397,7.916666666666667,1127.992019346779,62.833333333333336,996.5873447876592,54.25
2,20,phi+0.90,0,0.06318373966407452,5.352679474450955,2164.0514652296297,7.166666666666667,1134.6492803030478,59.833333333333336,1003.2931932092052,52.916666666666664
2,20,phi+0.90,1,0.04383174134352773,4.85880304323628,1948.7375715537398,7.416666666666667,1098.2157920138827,60.666666666666664,998.0616691454107,53.166666666666664
2,20,phi+0.90,2,0.051056366153798945,5.383644887070364,2295.0975463460477,7.166666666666667,1138.6456646510649,61.0,1009.2250814443588,53.583333333333336
2,20,phi+0.99,0,0.17860579309227664,15.177445072096518,1967.1555105209773,7.083333333333333,1098.884738441511,58.916666666666664,988.2687934171307,52.416666666666664
2,20,phi+0.99,1,0.09765971209929923,10.03182763740698,1828.280198665993,7.166666666666667,1083.5495210073188,59.833333333333336,983.1973111397477,54.083333333333336
2,20,phi+0.99,2,0.16532470983012473,12.631567891064712,1806.7505732014167,6.666666666666667,1086.1221559772462,58.833333333333336,979.860210922205,52.333333333333336
2,20,sorted,0,0.19716808608831207,20.479531091841253,1646.5003900076806,6.833333333333333,1012.9060550209806,56.583333333333336,959.4590703340887,52.75
2,22,real,0,0.26041788959959766,31.037001255054992,2513.740908259338,6.833333333333333,1155.3823981984988,64.75,1021.1027210297916,55.833333333333336
2,22,phi-0.60,0,0.012428515475936795,1.0,2414.6153545109432,6.666666666666667,1125.1295236115836,67.41666666666667,1015.9140764049554,57.0
2,22,phi-0.60,1,0.003393870807983543,1.0,2645.498716937677,6.666666666666667,1122.937229580394,66.83333333333333,1000.5696031416346,56.75
2,22,phi-0.60,2,0.008068816066165444,1.0,2440.0448627456676,7.0,1133.9250158825043,68.08333333333333,1010.9212455099145,56.5
2,22,phi-0.30,0,0.0014154335850474773,1.0,2358.6102673108003,6.916666666666667,1101.0114534053193,65.08333333333333,989.4857845602041,55.5
2,22,phi-0.30,1,0.0014895364925539627,1.0,1999.469138516969,7.083333333333333,1115.6551909010966,68.0,987.2740206559234,55.916666666666664
2,22,phi-0.30,2,-0.0005478713176002007,1.0,1908.442589761382,6.833333333333333,1122.556671495515,66.25,1009.5782782710971,56.5
2,22,phi+0.00,0,-0.00692455315241547,1.0,2341.5965710154082,6.916666666666667,1093.4416892066524,65.16666666666667,996.8871609053914,55.5
2,22,phi+0.00,1,-0.0005703424885005338,1.1743350691795171,2310.8087028582486,6.833333333333333,1134.4030555092597,68.33333333333333,1003.3632542658465,57.416666666666664
2,22,phi+0.00,2,-0.0006032374250930246,1.1566271370542733,2074.444793374522,6.583333333333333,1096.0592539565391,64.83333333333333,982.5807234245252,56.333333333333336
2,22,phi+0.30,0,0.0009521442855755154,1.7772382288284654,2003.3989427519957,7.333333333333333,1117.4476722869538,66.41666666666667,982.4895364186185,54.75
2,22,phi+0.30,1,-0.0014079131691818478,1.6499300001707362,2532.324389112882,6.666666666666667,1148.561794664183,68.0,982.1990351337895,55.583333333333336
2,22,phi+0.30,2,0.007853456520774122,2.149933296158954,2308.9852549426328,7.0,1129.9852378408802,65.33333333333333,986.7361524310958,55.75
2,22,phi+0.60,0,0.03274774703463106,3.0127772647727937,1970.0133410095484,6.916666666666667,1110.5615597374015,65.66666666666667,1003.1979017191494,57.083333333333336
2,22,phi+0.60,1,0.0012850228591289698,2.7953516002596013,2347.0607864074127,6.833333333333333,1117.4816260423975,67.5,985.3621180670993,55.5
2,22,phi+0.60,2,0.009063847307100465,3.1317684581788847,2265.362721425355,6.833333333333333,1106.2787243614457,65.0,976.9779875459777,55.0
2,22,phi+0.90,0,0.15869440599528803,11.817215609751063,2446.817966967849,6.583333333333333,1133.1813398646107,66.58333333333333,994.7892068294564,55.416666666666664
2,22,phi+0.90,1,0.2138458358712878,15.108839578357536,2151.2245665296996,6.5,1116.0312659491142,64.0,980.9496998658657,55.0
2,22,phi+0.90,2,0.2079791716812126,15.279722441761427,2282.699347043815,6.583333333333333,1148.3512311002291,66.08333333333333,1022.0967103541369,56.583333333333336
2,22,phi+0.99,0,0.5235844614078315,44.78717664871369,1867.6512395529028,6.333333333333333,1090.9213926018977,64.5,990.0983885655324,55.25
2,22,phi+0.99,1,0.6321777261679407,52.67759539930817,1819.143133902583,6.25,1074.1598940222539,62.25,987.5433244404445,54.083333333333336
2,22,phi+0.99,2,0.7526320023197318,72.75750522107055,3213.3388723922512,6.5,1360.593230641249,65.5,1093.0015992743395,54.166666666666664
2,22,sorted,0,0.8247556607835227,91.30046748577226,1628.4570154175644,6.333333333333333,1008.7060885477011,60.5,947.2077209321906,52.75
2,23,real,0,0.13239641833583357,5.318666654591053,1765.188899038623,9.916666666666666,1069.7735744597378,67.08333333333333,999.1165838820692,58.333333333333336
2,23,phi-0.60,0,0.0005094981638768201,1.0,1853.2451011992719,10.333333333333334,1090.8961039628468,68.41666666666667,1048.50767129774,61.25
2,23,phi-0.60,1,0.005182656184790914,1.0,1942.2058679794889,10.25,1103.6920042623449,69.33333333333333,1054.8009281799734,61.833333333333336
2,23,phi-0.60,2,0.00562028380325506,1.0,2218.692120633725,10.083333333333334,1086.2936398942584,67.25,1053.068377814239,61.75
2,23,phi-0.30,0,-0.004592574669690449,1.0,1991.5216018776425,10.583333333333334,1089.458145465215,68.16666666666667,1038.975078643817,60.25
2,23,phi-0.30,1,0.0006433276608029681,1.0,2264.5109051706245,10.416666666666666,1070.9506056181374,66.83333333333333,1051.4627916446484,61.833333333333336
2,23,phi-0.30,2,-0.004482714187372051,1.0,1815.8306928787745,10.416666666666666,1075.3488172904242,67.58333333333333,1053.20128898504,61.0
2,23,phi+0.00,0,-0.002816365084704236,1.0065116778911682,2728.094211114318,10.583333333333334,1107.2932536707485,67.5,1069.7446314298018,62.583333333333336
2,23,phi+0.00,1,0.0010279019828746305,1.0,1842.0816789655744,10.083333333333334,1075.317986580245,67.5,1070.245235352327,62.333333333333336
2,23,phi+0.00,2,-0.0038542579512759103,1.0,2642.413521933077,10.333333333333334,1094.274270684047,68.16666666666667,1052.3701462641159,62.75
2,23,phi+0.30,0,-0.00600773659322795,1.3913695320197754,2052.1346819025007,10.25,1077.145116246724,67.33333333333333,1029.6871056450852,59.583333333333336
2,23,phi+0.30,1,4.134612363078867e-05,1.1461247548205133,1883.4507156391685,10.083333333333334,1084.2862129113578,68.25,1062.4286322789233,62.25
2,23,phi+0.30,2,-0.004033944038823163,1.0031533473388645,1844.6684455119312,10.083333333333334,1065.8733430304521,66.25,1050.4940421985532,60.75
2,23,phi+0.60,0,0.020364906785794272,2.798325966958917,2296.008396592799,9.916666666666666,1073.0485586306297,67.75,1049.336469556414,62.083333333333336
2,23,phi+0.60,1,-0.0038803648456347682,1.7740489156411168,2336.2981328959168,10.333333333333334,1102.2283970173537,69.25,1046.2428250079317,61.333333333333336
2,23,phi+0.60,2,0.023695389350542558,2.6384045181745552,2039.1320647175498,10.166666666666666,1062.2790484578607,65.91666666666667,1052.4679903063832,62.5
2,23,phi+0.90,0,0.0060459493733076635,3.286615357277241,2132.1511301612823,10.416666666666666,1056.7701580231426,65.75,1031.6947126150947,60.583333333333336
2,23,phi+0.90,1,0.07049399432261143,7.117464083519963,1857.5774327352065,10.25,1059.9266935681314,66.58333333333333,1052.2255038265077,60.25
2,23,phi+0.90,2,0.07114328880003254,6.9230671942390885,2059.113862714819,10.25,1091.6510048281182,67.41666666666667,1051.769494099594,60.166666666666664
2,23,phi+0.99,0,0.13060421938494254,10.21781493804921,2009.4492908767872,10.0,1089.718827573224,66.0,1049.5504133104039,60.666666666666664
2,23,phi+0.99,1,0.3640658612949875,29.284348473861137,1944.2357328889666,9.333333333333334,1082.9357540059982,62.916666666666664,1021.9111872616868,56.333333333333336
2,23,phi+0.99,2,0.3538991779238844,25.03080832619658,1806.7322056067178,9.75,1052.8531879864734,65.5,989.6989659703212,57.083333333333336
2,23,sorted,0,0.41103158221306246,38.27589767254213,1762.6767218062814,10.25,1023.2669729398268,63.416666666666664,975.0218115471685,56.25
2,21,real,0,0.01016686139984023,2.274508820552394,2206.7847608459356,6.0,1074.9985484946699,55.083333333333336,959.400584079281,52.5
2,21,phi-0.60,0,0.007646547613776502,1.0,2393.267491154725,6.0,1086.8357660823483,56.583333333333336,962.789202048787,51.916666666666664
2,21,phi-0.60,1,0.008681335710766052,1.0,2671.211623699565,6.0,1075.3231811731885,56.583333333333336,962.2481298513634,51.166666666666664
2,21,phi-0.60,2,0.0041152851450358486,1.0,2333.4014819365343,6.0,1093.1126253003756,57.166666666666664,977.7274515080994,54.25
2,21,phi-0.30,0,0.0006496946587977921,1.0,2268.835080898213,6.0,1095.9849750307842,58.416666666666664,974.080391142974,53.166666666666664
2,21,phi-0.30,1,0.002234425026237414,1.0,2201.3027922505357,6.0,1072.8347149092776,56.666666666666664,981.4491910323821,53.25
2,21,phi-0.30,2,-0.0006845552550834267,1.0,2568.063300191684,6.0,1097.5220582719958,56.75,980.354637886738,52.75
2,21,phi+0.00,0,0.007038112447471927,1.2736896085068248,2467.077998478085,6.0,1072.6715997821589,54.833333333333336,978.3254144883398,52.416666666666664
2,21,phi+0.00,1,0.009283258203529104,1.0,2256.2683808426623,6.0,1071.4459617985938,56.333333333333336,954.6438347369027,52.0
2,21,phi+0.00,2,0.0038110069788738266,1.15803240220023,1919.4007400287107,6.0,1083.4183660616798,56.5,941.2782664744581,51.5
2,21,phi+0.30,0,0.008418102533668191,1.698031982300611,2210.092629389066,6.0,1082.328185100326,56.833333333333336,965.332558820275,51.5
2,21,phi+0.30,1,0.00029379976838097915,1.614989228693261,1990.664885552478,6.0,1046.9821874142367,56.25,967.0454443944132,52.5
2,21,phi+0.30,2,0.001419280630874632,1.8618994947991752,2556.782197370501,6.0,1084.165941056355,56.166666666666664,976.2543684798912,53.333333333333336
2,21,phi+0.60,0,0.018421659967997148,3.4587235695245653,2042.8722276197468,6.0,1049.6957408277722,56.0,981.5491096653358,53.916666666666664
2,21,phi+0.60,1,-0.005352960815682888,3.3262071493213865,2148.4276721650076,6.0,1079.2975564478159,56.333333333333336,974.0977560444321,52.333333333333336
2,21,phi+0.60,2,0.03502743263219194,3.0074891304517433,2003.2540271677137,6.0,1078.2803917414435,57.333333333333336,951.3476065069295,51.75
2,21,phi+0.90,0,0.26867523015504957,21.642575217406762,1829.500654495884,6.0,1016.7587514958195,55.083333333333336,950.9691199467196,52.5
2,21,phi+0.90,1,0.1354437408998704,10.4460053677754,2223.5221407208132,6.0,1101.7823905614634,56.583333333333336,978.9752598084092,52.5
2,21,phi+0.90,2,0.21433657185788532,15.019148117341746,2027.9771225179018,6.0,1073.6646912249682,55.416666666666664,958.6790265071849,51.833333333333336
2,21,phi+0.99,0,0.7043994739851851,66.41761202461431,1700.7793465895372,6.0,1040.235170803126,55.0,940.6323813143508,52.25
2,21,phi+0.99,1,0.6973948664049662,67.45559636002899,2251.280330319162,6.0,1092.6393373903127,55.166666666666664,980.1054722562458,52.583333333333336
2,21,phi+0.99,2,0.7785866105401369,83.67146404382784,2277.509502829493,6.0,1137.4894904995356,54.333333333333336,978.9949721963129,51.166666666666664
2,21,sorted,0,0.9591424875222164,111.65384402070696,1618.8584171283935,6.0,1001.548456382225,55.583333333333336,940.2628672755659,51.916666666666664
2,24,real,0,-0.004689528168145804,2.5061767013310243,2720.0460999336738,6.0,1109.8431693967102,60.333333333333336,998.584738875831,55.583333333333336
2,24,phi-0.60,0,0.008366372697998309,1.0,2198.9016094531876,6.0,1102.8142590174748,60.333333333333336,999.7363863549921,54.5
2,24,phi-0.60,1,0.006320457455136675,1.0,2515.5119119806045,6.083333333333333,1110.2490000806781,60.333333333333336,983.3934044498773,53.5
2,24,phi-0.60,2,0.009838225955393297,1.0,2472.6968448481425,6.0,1101.6078830366691,60.916666666666664,989.422968419028,56.333333333333336
2,24,phi-0.30,0,-0.005782985143317913,1.0,2767.429697125186,6.0,1094.9044350574702,60.083333333333336,1007.7106768524403,56.25
2,24,phi-0.30,1,0.0033734147318259483,1.0,2243.691053883623,6.0,1082.113971530101,60.083333333333336,999.8601947474168,55.5
2,24,phi-0.30,2,0.00509220594973111,1.0,2863.4415196599143,6.0,1097.8266710335665,60.833333333333336,996.0445243480754,54.75
2,24,phi+0.00,0,0.0016655978840548597,1.0563065386958144,2445.937999786304,6.0,1115.7744992404675,60.75,996.9922927096253,52.666666666666664
2,24,phi+0.00,1,0.006672368924102649,1.0,2932.1170223586287,6.0,1091.88332593249,58.833333333333336,1001.2019893681519,55.5
2,24,phi+0.00,2,0.0026153930379251844,1.0,2452.1751785655174,6.0,1079.3138885665683,60.916666666666664,968.0074277436212,54.083333333333336
2,24,phi+0.30,0,4.048980769026668e-06,1.9756587495062252,2760.7952033707857,6.0,1123.438453035046,60.75,993.0081232864362,55.083333333333336
2,24,phi+0.30,1,0.0027062900876223418,1.634199079447182,2714.625455391776,6.0,1097.7352592616228,60.75,982.2624153359023,54.5
2,24,phi+0.30,2,0.014228120333958027,1.63786622034592,2183.835978695106,6.0,1087.0243830640418,60.583333333333336,980.0119401066253,54.416666666666664
2,24,phi+0.60,0,0.005926433669842875,3.1631125608481963,2285.2710084922987,6.0,1093.1190439497757,60.416666666666664,986.3943243634382,54.416666666666664
2,24,phi+0.60,1,0.006347381243198937,2.9516219108043362,2179.144899342059,6.0,1083.3578214743563,59.5,989.7016478755945,53.083333333333336
2,24,phi+0.60,2,0.027529173996403852,2.9954243737644926,2304.742302999423,6.083333333333333,1112.7916681100874,60.75,994.6650207277759,55.5
2,24,phi+0.90,0,0.18861770977135797,13.461403733591668,3129.3972128802275,6.0,1183.651435392026,62.083333333333336,1000.1762330751277,54.166666666666664
2,24,phi+0.90,1,0.2146295130429845,19.596629139326698,2296.5161380906243,6.0,1113.9470819236878,59.333333333333336,1003.6900775650168,54.833333333333336
2,24,phi+0.90,2,0.1876257730361728,13.705145957518805,2478.1353560076027,6.0,1153.4836503392446,60.25,1005.8226590196563,55.416666666666664
2,24,phi+0.99,0,0.6278167141999114,61.98697080021111,2254.8586735126687,6.0,1097.6723077694653,59.416666666666664,986.213736484398,55.583333333333336
2,24,phi+0.99,1,0.7900582904636189,84.37756941142358,3134.057939217846,6.0,1386.2729691365166,59.583333333333336,1053.384585710269,54.583333333333336
2,24,phi+0.99,2,0.4589774051415727,39.52975723551503,2639.3132553729565,6.0,1249.7403712297926,59.166666666666664,1036.531840114049,54.333333333333336
2,24,sorted,0,0.9586633333008289,111.5442374925646,1770.149196338207,6.0,1016.5259588165909,59.166666666666664,950.5229913006248,54.333333333333336
2,26,real,0,0.1687139417003756,19.84365986840049,1986.729636394148,6.083333333333333,1083.1748767457182,56.833333333333336,972.0059430493137,52.583333333333336
2,26,phi-0.60,0,0.008771397738851569,1.0,2123.3431152821445,6.166666666666667,1086.5297077441057,57.333333333333336,972.271144429389,53.75
2,26,phi-0.60,1,0.0061656017982029635,1.0,2004.1800226171047,6.0,1081.4648256366202,57.25,975.2648826796009,51.25
2,26,phi-0.60,2,0.005483154179875768,1.0,1969.5076893746952,6.083333333333333,1076.3247256766924,55.083333333333336,985.4545410131913,52.916666666666664
2,26,phi-0.30,0,0.006277382891201607,1.0,1946.9263904312554,6.083333333333333,1091.2688541028313,58.25,973.091209319331,52.333333333333336
2,26,phi-0.30,1,0.0022341284167312877,1.0,2525.404232580892,6.25,1094.2323553685046,58.25,955.8849494475647,52.0
2,26,phi-0.30,2,0.0028991042921592066,1.0,2034.668303446503,6.0,1097.4438219113133,57.333333333333336,963.9147534203818,52.916666666666664
2,26,phi+0.00,0,-0.0038219542567154785,1.0,2104.4732295209865,6.083333333333333,1082.6070514631347,56.75,975.8575148840729,53.416666666666664
2,26,phi+0.00,1,-0.0024626841511798344,1.099225099811681,2076.955883261919,6.166666666666667,1089.5004644204307,57.75,979.7582473178672,52.916666666666664
2,26,phi+0.00,2,0.010684669554446616,1.0,1943.8020376148152,6.0,1073.9430541243644,58.666666666666664,965.3732338963847,53.083333333333336
2,26,phi+0.30,0,0.007497222492987685,2.0918082194190823,2254.8986819616293,6.25,1094.1754800592544,57.666666666666664,970.5724499109311,52.333333333333336
2,26,phi+0.30,1,0.018650435378265943,1.9685988472112812,2002.6730434336816,6.083333333333333,1102.0006015450244,58.416666666666664,971.6026993754646,53.0
2,26,phi+0.30,2,-0.018259316745131107,1.6360857401740878,1894.6927046029289,6.083333333333333,1102.1005237634904,57.333333333333336,970.3852924127935,51.5
2,26,phi+0.60,0,-0.006829469281178918,3.469697399647007,2005.9354115943352,6.083333333333333,1059.7953103990715,55.833333333333336,964.4987711572567,53.0
2,26,phi+0.60,1,0.03836511799234472,4.475741635333785,1928.785282104884,6.083333333333333,1080.496392951628,56.666666666666664,978.1504716970335,53.083333333333336
2,26,phi+0.60,2,0.017338079843604227,3.8911057226356514,2240.8551306225427,6.083333333333333,1105.6665758377283,58.416666666666664,982.1364182174484,52.833333333333336
2,26,phi+0.90,0,0.3156580245945097,26.586268112960486,1674.4437749899596,6.25,1051.7101569399708,55.75,953.6477912814374,52.25
2,26,phi+0.90,1,0.22803832533356883,15.990705399384337,2135.465334228933,6.083333333333333,1109.841993217162,55.5,986.1973122379267,53.5
2,26,phi+0.90,2,0.24639069034143693,17.295159145194546,2183.043347354854,6.0,1127.9617990001402,58.0,987.8841072691908,52.916666666666664
2,26,phi+0.99,0,0.8426402425708824,86.42634989951375,2091.8356869589684,6.166666666666667,1145.4843842496027,55.25,994.1767615708546,51.833333333333336
2,26,phi+0.99,1,0.6388965172660833,57.657337183537024,2037.811501110639,6.083333333333333,1123.4251937618358,56.166666666666664,976.2746812826086,51.75
2,26,phi+0.99,2,0.7761679135811714,77.98709179547289,1709.2316638877676,6.0,1023.0123078487786,55.75,949.8011875818692,52.166666666666664
2,26,sorted,0,0.8824755916709708,100.58046966781275,1693.3953394139699,6.166666666666667,1010.2849373575986,54.833333333333336,946.4688705766927,51.833333333333336
2,28,real,0,0.00883325592400041,1.9934892835071862,2372.0639938294216,7.083333333333333,1117.1128895062664,64.66666666666667,1002.4590270013108,55.583333333333336
2,28,phi-0.60,0,0.005193871750158851,1.0,2274.383799263651,7.75,1101.045708574584,65.41666666666667,1001.3022585835719,56.166666666666664
2,28,phi-0.60,1,-0.0014932557949063933,1.0,2052.3039168749183,8.166666666666666,1113.149201007568,65.33333333333333,1001.2268902651244,56.083333333333336
2,28,phi-0.60,2,0.0041204979024367025,1.0,2234.1239418194637,7.916666666666667,1062.7822676236278,63.0,994.9860174357115,56.583333333333336
2,28,phi-0.30,0,0.005699347005017269,1.0,2118.0389378549435,7.916666666666667,1095.9812479525415,64.83333333333333,1000.8440435742064,56.916666666666664
2,28,phi-0.30,1,-0.002844678693939735,1.0,2430.1468255122613,8.333333333333334,1118.5225756159941,65.08333333333333,984.6895633895382,55.416666666666664
2,28,phi-0.30,2,0.002021517085043736,1.0,2204.962021550657,8.0,1095.6992635135637,65.58333333333333,1008.2628436320991,56.333333333333336
2,28,phi+0.00,0,-0.0002625996151512809,1.0,2255.7931381670387,8.166666666666666,1082.3801378042501,63.666666666666664,1002.4497314437299,56.333333333333336
2,28,phi+0.00,1,0.013682786648946269,1.0,2738.876162458799,8.166666666666666,1107.5982337740807,64.33333333333333,1009.212403663557,57.5
2,28,phi+0.00,2,0.011350149847918569,1.0,2375.250736360975,7.833333333333333,1101.3685439465655,64.08333333333333,1003.0854769391127,55.083333333333336
2,28,phi+0.30,0,0.0011840588893004054,1.2146574778508825,2194.09665712513,7.833333333333333,1085.0433659922958,64.16666666666667,1011.3862990440026,57.166666666666664
2,28,phi+0.30,1,-0.007964569320970397,1.2938909908163416,2009.4966171446833,7.75,1083.5830695953005,64.0,974.3113515894239,54.5
2,28,phi+0.30,2,0.00611831148500811,1.8809690669292736,2450.447751020854,7.833333333333333,1096.07770003558,63.333333333333336,1008.3242044995827,56.916666666666664
2,28,phi+0.60,0,0.01931676751639717,2.473186241896304,2518.1126021001883,8.25,1098.4609758706117,64.75,1020.1954604120718,57.083333333333336
2,28,phi+0.60,1,0.01115395100551528,3.9634945714449548,2146.2585247322518,7.75,1094.9931049376476,62.5,1007.902550096067,55.666666666666664
2,28,phi+0.60,2,0.021157706762608836,2.3769369461203738,2115.1734195823524,8.083333333333334,1107.7610323809906,65.83333333333333,1000.8719590334349,57.583333333333336
2,28,phi+0.90,0,0.12782080022409215,10.479406622391185,2226.780359834063,7.916666666666667,1138.8805880520615,65.75,991.3064234371765,55.583333333333336
2,28,phi+0.90,1,0.12356168631474446,10.093353307964584,2204.890247353936,7.833333333333333,1100.8597577229582,64.66666666666667,991.160781261476,55.75
2,28,phi+0.90,2,0.25637507414667526,19.426812483901834,1853.519176788381,7.666666666666667,1082.2029869965938,62.583333333333336,986.664823442902,55.666666666666664
2,28,phi+0.99,0,0.3098017780221288,22.849225512797997,1889.33470630378,7.583333333333333,1068.898122192499,62.416666666666664,982.4119583825687,55.333333333333336
2,28,phi+0.99,1,0.3367823278954728,30.727228874870647,1707.8344207666948,6.75,1083.7682353935252,62.583333333333336,967.7947510840157,54.583333333333336
2,28,phi+0.99,2,0.5643214834756155,39.720795035224086,1764.367378427665,6.666666666666667,1032.4915043891815,58.5,956.4476039046799,53.5
2,28,sorted,0,0.5859667053143185,57.73720587552684,1560.4558853368892,6.666666666666667,1011.1636796269844,58.833333333333336,930.7916963815857,51.25
2,27,real,0,0.3251189978551802,34.1603464191706,2058.386185805874,6.166666666666667,1134.2839981600393,61.083333333333336,984.6856504061399,52.833333333333336
2,27,phi-0.60,0,0.00707731012330722,1.0,2364.9138860941343,6.416666666666667,1145.1611482900373,63.5,994.6755569121789,53.916666666666664
2,27,phi-0.60,1,0.004745066649684333,1.0,3215.2166843450555,6.666666666666667,1162.0667044544991,63.25,1009.5502752892706,53.25
2,27,phi-0.60,2,0.009135267419661848,1.0,2335.5275761656644,6.416666666666667,1152.3954549163855,63.0,994.3293843211192,53.5
2,27,phi-0.30,0,0.0005141816240039758,1.0,2348.354556620778,6.333333333333333,1139.770677871568,60.916666666666664,1012.5292458869573,55.25
2,27,phi-0.30,1,0.0010324828659716543,1.0,2514.539008058471,6.5,1136.22183252877,62.666666666666664,999.2536872437217,53.5
2,27,phi-0.30,2,0.0036271806227401973,1.0,2678.6079874594166,6.25,1157.448737052058,62.583333333333336,990.3600244629934,53.0
2,27,phi+0.00,0,-0.004185494557309389,1.1240821210018732,2433.8043238327054,6.333333333333333,1130.5810131152148,62.416666666666664,977.4941039299755,53.0
2,27,phi+0.00,1,-0.0009746189612674429,1.0,2508.654188688149,6.333333333333333,1142.3034950594185,61.0,997.0076386634895,53.25
2,27,phi+0.00,2,-0.005429584963444571,1.0,2361.419826646765,6.333333333333333,1133.4532343973756,61.666666666666664,985.4628819839031,53.666666666666664
2,27,phi+0.30,0,-7.11421034956195e-05,1.6648340600442335,2566.0138267128564,6.5,1141.9976009095628,63.083333333333336,999.7847770132697,53.25
2,27,phi+0.30,1,-0.002164348428708135,1.4839535864032922,2364.578638015561,6.166666666666667,1157.9013960776235,63.416666666666664,1017.6095622012687,54.666666666666664
2,27,phi+0.30,2,-0.002279416028213392,1.8270904702305044,2878.6876157988627,6.333333333333333,1164.4295980134327,63.0,1014.3937783969141,53.583333333333336
2,27,phi+0.60,0,0.009257771996205606,3.823377541016568,2478.879766684607,6.25,1146.3534506988478,63.666666666666664,981.0314467122295,52.75
2,27,phi+0.60,1,0.05070799148793195,4.604884847734147,2412.8119912231596,6.166666666666667,1134.1155621963765,62.666666666666664,1001.8752475316081,53.833333333333336
2,27,phi+0.60,2,0.033261710380066034,3.9284526033126377,2102.7485511357213,6.333333333333333,1127.5700356134903,61.583333333333336,989.8788790017658,54.0
2,27,phi+0.90,0,0.19191358301835873,13.902133409180003,2249.1362931277968,6.333333333333333,1152.3429958865163,62.583333333333336,994.0337753426958,53.0
2,27,phi+0.90,1,0.2605765386210259,18.047318157782342,2328.951469261479,6.5,1125.2449065105027,61.583333333333336,993.252028721926,53.5
2,27,phi+0.90,2,0.10754107851655842,9.868391906961133,2425.0001272494014,6.083333333333333,1147.047856161659,60.833333333333336,1007.4709104155169,54.333333333333336
2,27,phi+0.99,0,0.5611209627119882,54.84956366948924,2271.855701425231,6.166666666666667,1207.074302811214,61.916666666666664,1023.0578201654611,53.916666666666664
2,27,phi+0.99,1,0.5517468213278045,46.58849826983431,3616.06463714934,6.083333333333333,1302.2236683900792,59.416666666666664,1059.3806030395938,53.75
2,27,phi+0.99,2,0.7069791121290038,70.75107532663311,2313.419945581563,6.083333333333333,1127.171823747405,60.333333333333336,1004.3968201662728,53.416666666666664
2,27,sorted,0,0.7962796565904664,87.64379622278955,1823.0593666834309,6.25,1026.3052472069533,57.5,948.7443613448813,51.916666666666664
2,29,real,0,0.006951919563242478,1.0,2529.5236633821983,6.0,1088.4517641078817,55.083333333333336,985.5232063456145,51.5
2,29,phi-0.60,0,0.01079813574907018,1.0,2390.901557727585,6.0,1096.7563423031106,55.666666666666664,982.0595715240062,51.0
2,29,phi-0.60,1,0.016985750401914548,1.0,2037.175110114032,6.0,1095.25751708343,55.166666666666664,997.7509527490089,51.333333333333336
2,29,phi-0.60,2,0.006616031279056827,1.0,2080.8808038589727,6.0,1092.6997183101591,54.583333333333336,985.9043147655248,51.0
2,29,phi-0.30,0,-0.002596980733035519,1.0,2293.1418158900437,6.0,1092.4972737463336,53.583333333333336,985.6861953876709,51.916666666666664
2,29,phi-0.30,1,0.00127740044857794,1.0,2208.780022564041,6.0,1081.7461387179746,54.25,982.0750366365213,50.833333333333336
2,29,phi-0.30,2,-0.0036378795788035555,1.0,1921.3432820855226,6.0,1086.7237782263733,54.833333333333336,971.895687554077,50.833333333333336
2,29,phi+0.00,0,-0.00625014085482452,1.0,1999.7442309590963,6.0,1105.497931386259,54.0,992.5877189870733,51.166666666666664
2,29,phi+0.00,1,0.0033275994346009885,1.0202177796593377,2272.046081135493,6.0,1102.2875209331723,54.75,974.465541884511,49.5
2,29,phi+0.00,2,-0.0056351247971038,1.0300636948714532,1984.6629605994458,6.0,1095.0394097035362,54.25,980.8456806988287,50.333333333333336
2,29,phi+0.30,0,-0.001570824900803597,1.3767616559495985,1962.6754835413506,6.0,1088.4743591669514,53.5,990.7253633630363,52.083333333333336
2,29,phi+0.30,1,-0.0011950670038305819,1.413548644968209,1939.4834372886874,6.0,1094.1927510565693,54.583333333333336,973.7946254728364,50.416666666666664
2,29,phi+0.30,2,-0.007914780576336442,1.5274393286751164,2173.5525361677987,6.0,1110.9309007533725,54.583333333333336,991.8523726237096,52.0
2,29,phi+0.60,0,0.005270767488568406,2.711246593872966,1911.9900631647524,6.0,1078.409172283851,54.583333333333336,985.5798773365242,50.416666666666664
2,29,phi+0.60,1,0.023261101284994177,2.869369290649269,1999.9884533727052,6.0,1087.2202688351524,55.416666666666664,975.8090544337994,50.5
2,29,phi+0.60,2,0.02650157335927837,3.2708618447478273,1910.778401566002,6.0,1090.0491701147228,54.666666666666664,975.0871626548486,50.333333333333336
2,29,phi+0.90,0,0.14329938591202307,10.583574894010138,2034.0335736078553,6.0,1082.8442079317122,52.75,992.8481031784644,51.333333333333336
2,29,phi+0.90,1,0.12556148249414345,9.676097807037483,1931.2786870324446,6.0,1099.4020320104535,54.333333333333336,972.8330219534737,50.416666666666664
2,29,phi+0.90,2,0.14121141280636598,10.528315457642348,1866.598012564371,6.0,1089.910249884981,54.333333333333336,988.2404025887453,51.0
2,29,phi+0.99,0,0.6415901039634098,54.04067602508146,2074.4331253166497,6.0,1118.1662896766657,53.416666666666664,992.444753694278,50.916666666666664
2,29,phi+0.99,1,0.38022315095945997,29.394219554203477,2519.7562352204004,6.0,1134.2706518514537,52.666666666666664,994.9586219594298,51.416666666666664
2,29,phi+0.99,2,0.636607429818162,57.66955062460671,2941.489913520117,6.0,1244.9588653233013,53.5,1035.6461266398503,50.583333333333336
2,29,sorted,0,0.9383590413929931,107.25420045559694,1727.5863330364728,6.0,1041.4902805369122,51.833333333333336,962.0373074441354,51.166666666666664
2,31,real,0,0.13908769057796705,20.216183178203533,1623.7156006649773,7.666666666666667,1042.0813340709346,62.333333333333336,928.7752662038948,54.166666666666664
2,31,phi-0.60,0,0.0036346817675284126,1.0,2664.0502222384466,7.833333333333333,1118.7376114004871,62.25,967.1514419504198,54.833333333333336
2,31,phi-0.60,1,0.012815278855620966,1.0,2149.4466392910213,8.25,1077.7873349365207,63.083333333333336,946.4600860042488,54.083333333333336
2,31,phi-0.60,2,0.004162186073858506,1.0,2301.6497836332624,8.333333333333334,1104.5668969558667,62.5,973.774290348368,55.166666666666664
2,31,phi-0.30,0,-0.004782508434492983,1.0,2237.4005814297802,7.916666666666667,1098.1716821928717,62.333333333333336,953.2701153302086,54.5
2,31,phi-0.30,1,0.0031341712624495654,1.0,2331.2459016436455,8.583333333333334,1095.4322351036308,64.66666666666667,965.0286030643533,54.75
2,31,phi-0.30,2,-0.0005574238715242109,1.0,2542.6129797815206,8.416666666666666,1113.2489240201185,63.0,980.4223767965983,55.666666666666664
2,31,phi+0.00,0,-0.006473799505218224,1.0035339363751137,2157.1493934045534,8.333333333333334,1105.7134587993512,63.833333333333336,963.636463787427,55.333333333333336
2,31,phi+0.00,1,-0.0050588594557567,1.0,2262.000273910319,8.0,1143.4262308252491,66.16666666666667,966.6743368643702,55.0
2,31,phi+0.00,2,0.004736710306790819,1.0,1978.4631092296524,8.25,1095.2013862243946,62.416666666666664,950.6647064543816,53.5
2,31,phi+0.30,0,-0.009837971979866238,1.343506608380206,2169.458368431645,8.25,1092.2521315317056,63.916666666666664,951.4282762167123,55.0
2,31,phi+0.30,1,-0.009578958268916919,1.4219945244545236,2004.054772709501,8.083333333333334,1088.7477145826474,62.75,969.3910786390998,56.083333333333336
2,31,phi+0.30,2,-0.0030460833054721252,1.2672800190546425,2011.2122673269716,8.666666666666666,1096.947031294328,64.08333333333333,956.0826395696218,54.333333333333336
2,31,phi+0.60,0,0.00466899865425883,2.2624516040854514,2135.564410326356,8.25,1087.0301779345416,61.833333333333336,950.7903309714803,53.833333333333336
2,31,phi+0.60,1,-0.0005262674253833442,1.986094973219062,2320.41035601453,8.666666666666666,1086.1622236621813,62.0,969.1704539212334,56.25
2,31,phi+0.60,2,0.006638357573137546,2.257544696173654,2243.155157954859,8.333333333333334,1107.0822539034307,61.833333333333336,957.4194394758015,52.666666666666664
2,31,phi+0.90,0,0.134186419217471,10.126592185181002,2092.9988262138672,8.0,1098.1509970203765,63.0,962.1249700388639,54.416666666666664
2,31,phi+0.90,1,0.11608218384251177,9.24530548971923,1944.5523987799654,7.583333333333333,1067.0307661623506,59.083333333333336,940.36826686537,52.333333333333336
2,31,phi+0.90,2,0.07837495491310179,7.845903504967207,2096.135014529608,7.75,1117.7549455113033,63.333333333333336,948.0142207690396,54.5
2,31,phi+0.99,0,0.3094186240162188,27.526839337819194,1658.6489183659035,7.5,1084.3084335962683,62.083333333333336,953.961931639352,53.916666666666664
2,31,phi+0.99,1,0.42885106534616907,42.70738127614953,1631.9721188086703,7.25,1023.9080435054419,58.666666666666664,934.1366374669459,53.166666666666664
2,31,phi+0.99,2,0.3608289946648813,33.87857624894229,1579.8382068887684,7.166666666666667,1036.8328904237426,59.666666666666664,922.8107833897758,51.666666666666664
2,31,sorted,0,0.41753750366042036,42.20750658866483,1537.495082016025,7.0,996.2969656354902,57.333333333333336,911.8950717347842,52.25
2,34,real,0,0.680345965715048,54.0457439182868,1703.0301856457502,6.833333333333333,941.2371356520839,55.583333333333336,914.6432252382748,51.75
2,34,phi-0.60,0,0.0027840965438909317,1.0,2239.506061538695,8.75,995.2681002658215,59.583333333333336,936.5011647685134,53.666666666666664
2,34,phi-0.60,1,0.012003317066305079,1.0,2649.559637202227,8.916666666666666,985.1575314022775,59.666666666666664,952.9034697286219,54.5
2,34,phi-0.60,2,0.002013685401852811,1.0,2114.290866919949,8.916666666666666,970.0415472957308,58.833333333333336,934.1288641731376,53.25
2,34,phi-0.30,0,0.0030089271507491386,1.0,1869.678699255418,8.916666666666666,997.2305312783855,61.0,928.6238658341996,53.416666666666664
2,34,phi-0.30,1,0.0026879181910435283,1.0,2029.9584525260425,8.333333333333334,978.8225995082252,59.5,944.6346001303473,54.166666666666664
2,34,phi-0.30,2,0.0003267607828694158,1.0,2002.5838156160974,8.333333333333334,970.4304981810736,58.25,940.5266429436168,54.333333333333336
2,34,phi+0.00,0,0.0016935485144730462,1.1155145809768343,2766.689231129869,8.666666666666666,979.2160471888759,58.75,959.3077852694518,54.666666666666664
2,34,phi+0.00,1,0.005641463105470866,1.0,2298.6564762663843,8.583333333333334,982.6394946516856,59.083333333333336,945.1387189618423,54.083333333333336
2,34,phi+0.00,2,-0.004692939330971421,1.0548504429134713,2694.723258584812,8.583333333333334,990.8212605110028,59.666666666666664,953.7805048504333,55.0
2,34,phi+0.30,0,0.0033011749924607937,1.2310798546457729,2265.9884154737806,8.5,990.585057946971,60.416666666666664,941.9718231865305,54.166666666666664
2,34,phi+0.30,1,0.0005199291202338256,1.3935871955420103,2089.5490111822396,9.0,986.7258823894545,59.083333333333336,954.126741570676,55.666666666666664
2,34,phi+0.30,2,-0.0067833657710576955,1.2355523334420637,2121.655907660375,8.75,985.7601893227884,60.0,931.226001842759,53.5
2,34,phi+0.60,0,0.026658578845925634,3.2171848639931655,1913.28925740803,8.333333333333334,982.6477400963159,59.583333333333336,938.883836413563,53.25
2,34,phi+0.60,1,0.004567769384766342,2.334132430011261,1945.8229957277279,8.833333333333334,982.280487861989,59.416666666666664,941.0067054365327,54.083333333333336
2,34,phi+0.60,2,0.010934501769997612,2.097793743284325,2334.979386813286,9.0,1004.8789353066486,61.333333333333336,955.9705802150035,54.416666666666664
2,34,phi+0.90,0,0.03333164174577403,4.895624276783593,2309.6917477605166,8.75,997.9796777765424,60.166666666666664,945.7920039061796,53.833333333333336
2,34,phi+0.90,1,0.0505631605947712,6.928714494221893,2055.358989331633,8.666666666666666,973.5427942397688,58.0,950.991032152309,53.833333333333336
2,34,phi+0.90,2,0.06550512694448762,6.28972911333528,1964.935875017477,8.333333333333334,968.6788783315683,58.583333333333336,950.2894815790424,53.666666666666664
2,34,phi+0.99,0,0.27938734064258186,19.47632002206164,2011.1119730370792,7.916666666666667,1049.025179978364,59.5,991.8091469057723,53.916666666666664
2,34,phi+0.99,1,0.38673953029790104,26.085584774369906,1714.696852312417,8.0,959.9104107336578,57.333333333333336,928.1741957812887,52.916666666666664
2,34,phi+0.99,2,0.35140121691928067,26.06907387532498,1767.797434480495,8.416666666666666,1004.6463164455863,59.0,946.7784707809578,53.416666666666664
2,34,sorted,0,0.704446487437066,55.36769036437705,1705.5301856457502,7.083333333333333,931.4502043005014,54.666666666666664,912.0718880331839,51.5
2,30,real,0,-0.006300443950289617,1.3329840569638738,2709.256407918111,6.0,1104.302609703023,63.0,976.7559388005648,54.583333333333336
2,30,phi-0.60,0,0.00442752539836943,1.0,2124.2748815184086,6.0,1085.9368082196256,61.333333333333336,972.2305341269426,54.416666666666664
2,30,phi-0.60,1,0.0035283916319193208,1.0,2127.0175609596067,6.0,1102.0152107942677,63.083333333333336,981.3205550936955,55.416666666666664
2,30,phi-0.60,2,0.006642459597936314,1.0,2717.449762962492,6.0,1098.7725035645656,61.25,1005.7489140258818,55.416666666666664
2,30,phi-0.30,0,-0.002405099955620241,1.0,2236.428832242456,6.0,1086.9987783295687,60.833333333333336,978.3536854312291,55.333333333333336
2,30,phi-0.30,1,0.003804434166207733,1.0,2827.938808362312,6.0,1113.7182448145506,60.833333333333336,973.6836015280381,53.75
2,30,phi-0.30,2,0.003646874057373262,1.0,2258.0699405268374,6.0,1095.9253420002512,62.083333333333336,986.2935009778421,55.083333333333336
2,30,phi+0.00,0,-0.0020695038647767744,1.0,2339.5888901254834,6.0,1082.3259236281376,61.25,973.1487629384465,54.25
2,30,phi+0.00,1,0.001630243483771172,1.0,2008.7756027114626,6.0,1077.3711887572526,60.25,968.9209927389419,53.833333333333336
2,30,phi+0.00,2,0.0007844163973144019,1.0108866334534068,2770.079287052608,6.0,1110.2695638083896,61.0,988.0334353218976,53.5
2,30,phi+0.30,0,0.015091984835317618,1.7697746970465038,2185.6513209386,6.0,1074.3834982507276,60.833333333333336,986.4856311810651,55.25
2,30,phi+0.30,1,-0.00664228691769476,1.4168494263215081,2633.7887816354173,6.0,1093.9357345755218,61.583333333333336,976.9192750220269,54.583333333333336
2,30,phi+0.30,2,0.004264343100629412,1.5396795390429252,2412.0232893824364,6.0,1102.1681285922598,61.75,982.1055294224084,55.333333333333336
2,30,phi+0.60,0,-0.004623574051905433,2.4202391203633757,2267.28269935272,6.0,1066.2928369481374,60.833333333333336,978.774472124313,54.166666666666664
2,30,phi+0.60,1,0.001115362035606343,2.7789695440674373,2253.59202617444,6.0,1087.8898171150147,61.333333333333336,978.7707360076369,55.083333333333336
2,30,phi+0.60,2,0.01881116691094648,3.5222977857453786,2510.784610608605,6.0,1109.0321548050888,62.75,987.5736716831517,54.75
2,30,phi+0.90,0,0.14356038952186323,13.904270298639574,2794.721900569531,6.0,1123.3407961608953,60.916666666666664,987.3933980422157,54.333333333333336
2,30,phi+0.90,1,0.13095766310729273,10.761438596874058,2029.6435497185394,6.0,1077.3451355596383,60.333333333333336,966.5540749090706,54.666666666666664
2,30,phi+0.90,2,0.14135718556828447,10.750743384484881,2394.6829253655596,6.0,1133.0410200821987,60.916666666666664,981.424663382803,55.166666666666664
2,30,phi+0.99,0,0.4531308126436358,35.5341600531099,3213.9521061551254,6.0,1249.051193442249,59.75,1020.7558229950956,53.75
2,30,phi+0.99,1,0.6452155341717604,67.41144823744793,1991.6730419775688,6.0,1172.6265893439584,59.25,1010.7634513637478,54.666666666666664
2,30,phi+0.99,2,0.7806942531456069,84.60237818913875,3373.7523440899718,6.0,1360.1621334668064,59.666666666666664,1059.9003967242686,54.416666666666664
2,30,sorted,0,0.9647742270475448,112.94210443712585,1706.722078838148,6.0,1008.6070576284683,58.75,941.6225429811881,54.166666666666664
2,33,real,0,0.29734578047639443,29.747224682952567,1662.6789747559867,7.666666666666667,947.9640707510576,53.666666666666664,1007.5617341070302,58.75
2,33,phi-0.60,0,-0.0011888377871408671,1.0,1859.8988313900875,8.0,952.719238414958,52.75,1009.2145096333885,60.083333333333336
2,33,phi-0.60,1,0.006898228526470375,1.0,1733.8487195952014,7.833333333333333,946.3729617836788,53.083333333333336,1021.9427938006107,60.416666666666664
2,33,phi-0.60,2,0.015032846257961821,1.0,1741.6827618454997,7.916666666666667,958.8237572248318,54.416666666666664,1032.096950184744,61.0
2,33,phi-0.30,0,0.0003356340679064342,1.0,1849.9400113235235,7.916666666666667,969.8201781353142,53.916666666666664,1022.7450417585692,60.25
2,33,phi-0.30,1,-0.0046185253676748455,1.0,1724.299086162557,7.916666666666667,960.6278836040005,53.583333333333336,1024.941962992685,59.666666666666664
2,33,phi-0.30,2,2.50534783952287e-05,1.0,1647.8395293593833,7.916666666666667,956.5207401140129,54.666666666666664,1025.303534824133,60.166666666666664
2,33,phi+0.00,0,0.002052971813656666,1.0,1792.7644617498788,7.916666666666667,954.5875752252456,54.25,1022.4893405942604,60.833333333333336
2,33,phi+0.00,1,-0.0049141422242867045,1.0,1764.5468882718933,7.916666666666667,956.3615465373218,54.166666666666664,1039.7575575956362,61.75
2,33,phi+0.00,2,-0.0015546179246808487,1.0,1706.147515562781,8.0,952.1137807765743,53.5,1012.0357920905702,59.75
2,33,phi+0.30,0,0.006925828300484759,1.283698635157518,1689.2713371740626,7.833333333333333,960.3785174316553,53.833333333333336,1021.2483028654574,59.833333333333336
2,33,phi+0.30,1,-0.012401162848633495,1.421052843907074,1868.5528694104714,7.916666666666667,956.8077418846889,53.0,1021.3290377099711,59.666666666666664
2,33,phi+0.30,2,-0.005154559532869802,1.1003903550676462,1682.8547473755027,7.916666666666667,957.0978980146147,54.416666666666664,1027.0348837500728,60.583333333333336
2,33,phi+0.60,0,0.006010214110742631,2.2182330896336317,1670.4884340550605,8.0,951.5758604716225,53.5,1024.5140791545443,59.666666666666664
2,33,phi+0.60,1,0.010354352035126567,2.2437598820732974,1827.7385281672907,8.0,955.5266612144106,53.75,1036.0347403977569,60.416666666666664
2,33,phi+0.60,2,0.010557193747762376,1.8234771681532096,1688.9890993944434,7.833333333333333,955.5229063833418,53.666666666666664,1026.5385707918656,60.0
2,33,phi+0.90,0,0.17341248680249535,12.6733912439864,1696.8898873478365,7.416666666666667,946.9793722128803,53.5,1015.3949734646249,59.25
2,33,phi+0.90,1,0.0853020371622734,8.327407835988346,1726.543805928093,7.416666666666667,971.0150068811881,52.916666666666664,1043.4198896197383,59.916666666666664
2,33,phi+0.90,2,0.12851580140234356,11.61050451914335,1896.276136542996,7.5,1115.88824420752,53.166666666666664,1120.2704931175485,60.666666666666664
2,33,phi+0.99,0,0.4607558954942961,31.440000838745476,1686.8265751463014,7.0,983.5072057605856,52.916666666666664,1024.0642012447843,57.916666666666664
2,33,phi+0.99,1,0.34447871262650664,29.021277470346853,1680.3905644645567,7.5,946.4629563309923,53.666666666666664,998.98376421069,58.333333333333336
2,33,phi+0.99,2,0.2851438538791573,21.38909201050637,1698.9083883459352,7.583333333333333,984.3138382890455,53.916666666666664,1028.537385724758,59.083333333333336
2,33,sorted,0,0.7089942484727941,70.51283476598134,1640.202887634894,6.666666666666667,928.3076431333888,51.416666666666664,955.91633210883,54.5
2,35,real,0,0.08818998221099594,6.967553800009564,2223.3011875839907,6.75,1116.937711352581,60.25,983.7205656828334,54.083333333333336
2,35,phi-0.60,0,0.00045722861022930037,1.0,2393.9132498340955,6.75,1108.4238922647805,60.916666666666664,991.8876703766041,53.25
2,35,phi-0.60,1,-0.0003071534047833741,1.0,2256.826955691848,6.833333333333333,1097.68954029163,60.75,997.0680234308699,54.083333333333336
2,35,phi-0.60,2,0.00018374737180760868,1.0,2231.1967544692984,7.0,1112.6364268377963,61.5,1007.2465242114886,55.583333333333336
2,35,phi-0.30,0,-0.002230815470330742,1.0,2187.458189370763,6.583333333333333,1102.1498869528052,59.083333333333336,998.5878575918103,55.416666666666664
2,35,phi-0.30,1,0.004168422831176762,1.0,2559.6487817050684,6.75,1102.8501728799301,60.666666666666664,1006.8535739150183,54.5
2,35,phi-0.30,2,0.0011133619089454404,1.0,2350.8535369731617,6.916666666666667,1098.7851321704532,61.5,1008.7193811600687,54.916666666666664
2,35,phi+0.00,0,0.0019135678709367601,1.0,2326.0964511195407,6.75,1100.0059858356194,62.25,1001.0776982465744,54.083333333333336
2,35,phi+0.00,1,0.006730334539217758,1.0,2373.6986550362953,7.166666666666667,1106.9347094614427,60.333333333333336,1001.6115196761161,55.583333333333336
2,35,phi+0.00,2,-0.007071044322118102,1.0,2250.214426134668,6.916666666666667,1112.0871364537513,61.25,1013.1547564438642,55.916666666666664
2,35,phi+0.30,0,0.006494234861290764,1.732568429483814,1942.8040399378694,7.083333333333333,1103.9360932641719,60.416666666666664,991.2398797597656,54.583333333333336
2,35,phi+0.30,1,-0.0012988312032371496,1.5151672154564444,2223.7912246425562,6.833333333333333,1124.4651763657919,61.083333333333336,1003.9120664240386,55.166666666666664
2,35,phi+0.30,2,0.012863576197037197,1.468057676984912,2081.0914187426133,6.833333333333333,1097.0444921961828,60.916666666666664,1011.4728613179636,54.916666666666664
2,35,phi+0.60,0,0.04128819359732305,3.1263759218301708,2707.864849589981,6.833333333333333,1143.3980223259412,61.833333333333336,1011.6697255776857,55.333333333333336
2,35,phi+0.60,1,0.0031817189686258705,2.5912622809144983,2077.426377867428,6.916666666666667,1095.7644483520214,59.916666666666664,1009.501461927825,56.583333333333336
2,35,phi+0.60,2,0.006850002682778307,2.2651756907506106,2185.60994682273,7.0,1101.3705502301461,61.333333333333336,1003.3150041228218,54.75
2,35,phi+0.90,0,0.12040810248946973,9.508097470408162,2066.8874520097534,6.833333333333333,1120.146518496289,62.416666666666664,1008.1261833635109,54.5
2,35,phi+0.90,1,0.21550913519330878,17.52774930676184,1947.1652775515956,6.666666666666667,1111.8314946202865,59.583333333333336,994.6220611072577,53.666666666666664
2,35,phi+0.90,2,0.1235969461344241,10.147140017469498,2002.224329392052,6.666666666666667,1104.749884826386,61.0,980.9196151660526,52.833333333333336
2,35,phi+0.99,0,0.5096527253808475,51.87161395005428,2114.5971352577985,6.583333333333333,1097.0940143786795,57.25,977.7873319650254,53.666666666666664
2,35,phi+0.99,1,0.306946830335834,29.50248823755561,1962.2587273137317,6.75,1078.3983102450231,58.75,974.5291687063597,53.083333333333336
2,35,phi+0.99,2,0.43633147480676954,43.62291608026335,2388.6755035825604,6.0,1191.5665220765425,58.583333333333336,1035.7686594466004,54.25
2,35,sorted,0,0.5481033935890408,57.272044938275215,1716.7328798291799,6.5,1007.7246256673355,57.583333333333336,953.7025393748037,53.333333333333336
2,36,real,0,0.013217724204796801,2.0460447213868003,2895.49736051356,10.083333333333334,1103.8411584493495,65.58333333333333,1056.5588896299007,63.583333333333336
2,36,phi-0.60,0,0.010423212564409891,1.0,2593.72388248715,9.75,1078.7791060923603,64.0,1034.0495987541558,63.25
2,36,phi-0.60,1,0.0008071416629319818,1.0,2197.70770830744,9.333333333333334,1097.3223373177937,66.83333333333333,1031.7411921293387,61.416666666666664
2,36,phi-0.60,2,0.021686471694532007,1.0,2376.4194663047606,9.583333333333334,1096.9117791072547,66.33333333333333,1042.1808266374594,63.166666666666664
2,36,phi-0.30,0,0.0022892348021832966,1.0,2254.1292172188346,9.0,1081.2606836341122,65.25,1022.0606984111363,61.25
2,36,phi-0.30,1,6.543848426159147e-07,1.0,2099.6995344297234,9.416666666666666,1088.638111017736,66.08333333333333,1029.4700361266118,62.833333333333336
2,36,phi-0.30,2,0.0016620848198475127,1.0,2508.839318478294,9.75,1085.5054994244185,65.16666666666667,1030.5718394560183,62.583333333333336
2,36,phi+0.00,0,0.0016987638405386294,1.0,2122.935802786614,8.833333333333334,1076.7539002919118,64.5,1016.304997210631,61.25
2,36,phi+0.00,1,-0.0023096707911486234,1.0131525188941801,2431.7959557557024,9.666666666666666,1099.314341310883,67.25,1037.0659535755592,63.0
2,36,phi+0.00,2,0.0033325341997034108,1.0,2287.955155035913,9.333333333333334,1097.0352664300292,66.75,1053.0112334174394,63.5
2,36,phi+0.30,0,-0.001486777718433172,1.3495460285944387,2150.749544276955,9.5,1079.1044388113464,64.58333333333333,1029.5893770097337,62.416666666666664
2,36,phi+0.30,1,0.0027553511947205614,1.3020740661963792,2143.3468029175237,9.666666666666666,1085.2772600332821,64.75,1045.7967185978662,63.333333333333336
2,36,phi+0.30,2,0.006392821621671515,1.5830834640041627,2293.3437806511647,9.583333333333334,1103.6995873930257,67.33333333333333,1031.837177829729,62.916666666666664
2,36,phi+0.60,0,0.006921777505840548,2.7336198766263267,2129.5785073996926,9.916666666666666,1096.4181461737273,65.75,1035.7990901561752,63.833333333333336
2,36,phi+0.60,1,0.01369885447886553,2.311552065214155,2253.6573735829056,9.833333333333334,1096.3089637771766,66.33333333333333,1048.9863759328452,64.16666666666667
2,36,phi+0.60,2,0.018762126298760215,2.8499547441155824,2135.253262674667,9.416666666666666,1063.955715671654,62.833333333333336,1023.7834882756237,62.583333333333336
2,36,phi+0.90,0,0.1510872165826411,11.86967122042183,2216.2036747063125,8.583333333333334,1102.371978386035,64.5,1031.7689633503521,60.583333333333336
2,36,phi+0.90,1,0.04555064867042707,4.205585106012761,1927.2358570551135,9.833333333333334,1064.0367079789673,63.833333333333336,1024.5478614592696,62.583333333333336
2,36,phi+0.90,2,0.09500799789249745,8.471529922261896,2182.9397016847006,10.083333333333334,1126.6956016047789,67.08333333333333,1032.8687938848602,62.416666666666664
2,36,phi+0.99,0,0.20202894422536083,14.333100570722886,1778.2578181771187,9.0,1057.9794363186916,63.333333333333336,984.9832688493372,59.25
2,36,phi+0.99,1,0.5530259410716456,44.83563841711714,2107.1852651071918,7.75,1156.2085288802816,60.583333333333336,1030.3969679625518,58.25
2,36,phi+0.99,2,0.4724545864808846,39.245552203183365,1783.4957692951923,8.5,1038.6463144548745,61.25,979.2038783967556,58.583333333333336
2,36,sorted,0,0.5257787320667585,50.410515483101165,1726.9436584172217,8.083333333333334,1004.1781284241598,58.75,956.9807807425918,56.416666666666664
2,38,real,0,0.012985048467939419,1.0226803458668776,2003.983242525693,6.0,1105.6960801535854,56.583333333333336,975.8759614722577,53.833333333333336
2,38,phi-0.60,0,0.005881264066844454,1.0,2005.9785477297094,6.0,1079.9848216258035,56.0,959.7280870063797,52.083333333333336
2,38,phi-0.60,1,0.007965680588988961,1.0,1972.7803825718481,6.0,1101.3483158589497,57.166666666666664,958.2043562131121,51.166666666666664
2,38,phi-0.60,2,0.00602644959740265,1.0,1972.621879711742,6.0,1083.44964820952,57.166666666666664,972.8631950839663,51.916666666666664
2,38,phi-0.30,0,0.0015673477115889483,1.0,1912.7200060373118,6.0,1083.1879508415664,56.5,963.2745407447383,51.75
2,38,phi-0.30,1,0.003021768593248837,1.0,2005.316956978202,6.0,1098.5812962421066,56.25,958.1077585314241,51.75
2,38,phi-0.30,2,0.005824714280552425,1.0,1887.999024555156,6.0,1099.6275735859926,57.25,957.8567842228846,51.666666666666664
2,38,phi+0.00,0,0.002973725374703428,1.0,1970.3140293341512,6.0,1076.9739348344062,57.0,963.3053887059792,50.833333333333336
2,38,phi+0.00,1,-0.0053090233007714715,1.036073016097013,2099.1387001041644,6.0,1096.5140407257204,56.083333333333336,979.624938056235,54.333333333333336
2,38,phi+0.00,2,-0.004782072882628346,1.0,1873.7848760369973,6.0,1092.2130121908024,56.75,953.0163564268751,51.666666666666664
2,38,phi+0.30,0,0.0014701067522650052,1.773699609799361,1901.361054954964,6.0,1097.2906618656816,56.75,961.3252940548153,52.416666666666664
2,38,phi+0.30,1,-0.0008110610975499443,1.884691209454643,1937.027130539067,6.0,1100.127837922794,57.416666666666664,950.7347770947949,52.166666666666664
2,38,phi+0.30,2,-0.005917138893760706,1.6882558722965726,2142.7928400197375,6.0,1077.078586720548,57.5,955.2953631847623,51.166666666666664
2,38,phi+0.60,0,0.01314813921675301,3.177696633045713,1897.6016080400661,6.0,1101.865491466978,58.25,962.5123295161037,51.833333333333336
2,38,phi+0.60,1,0.02273224853042136,3.6268545337275864,1967.4584264473733,6.0,1104.998408066442,56.75,967.8452859503454,51.75
2,38,phi+0.60,2,0.024021622519382765,3.222078121421944,2182.7850185044904,6.0,1105.9997201727285,56.333333333333336,978.4275453493747,52.916666666666664
2,38,phi+0.90,0,0.14082641598691856,12.685097931872885,1929.8564923259628,6.0,1094.720524078193,56.333333333333336,965.49379050412,51.5
2,38,phi+0.90,1,0.25750507344678214,21.58065482583651,1974.3789925091075,6.0,1079.9835850380543,55.25,961.85823577467,52.083333333333336
2,38,phi+0.90,2,0.30590191760259866,22.70602934818096,1894.6174291650834,6.0,1094.410744272572,56.75,973.0094529248277,52.416666666666664
2,38,phi+0.99,0,0.8419413461647158,88.3207689448164,2446.328460095277,6.0,1287.4239056454594,56.333333333333336,1002.4401683201246,50.833333333333336
2,38,phi+0.99,1,0.7769098446855373,74.4461974545432,2077.348012549448,6.0,1121.2132425737502,56.833333333333336,971.8781630867089,51.916666666666664
2,38,phi+0.99,2,0.8234051140244638,84.10170306754952,2386.110461994944,6.0,1204.7975781311077,56.5,993.3598984544295,51.583333333333336
2,38,sorted,0,0.9096381623149867,103.65516978572245,1750.1408850428613,6.0,999.2951183881993,56.333333333333336,944.1029298075805,52.583333333333336
2,39,real,0,-0.0025487539751425786,1.8925423102037002,2256.375492535541,6.833333333333333,1109.8489750999026,63.333333333333336,1012.4852188446126,56.083333333333336
2,39,phi-0.60,0,0.00877287043366798,1.0,2287.598363832729,6.833333333333333,1109.6439725259213,61.833333333333336,1014.628715684938,55.916666666666664
2,39,phi-0.60,1,0.005935762350509575,1.0,2479.6499408052355,7.0,1124.4767365650334,62.166666666666664,999.3811889699609,54.0
2,39,phi-0.60,2,0.007843366162477957,1.0,2378.399845622888,6.916666666666667,1124.9165062135726,62.333333333333336,1032.342562227345,55.833333333333336
2,39,phi-0.30,0,-0.0022449516643439265,1.0,2171.639196977914,7.0,1095.4691636948266,61.333333333333336,1011.6114788243118,55.916666666666664
2,39,phi-0.30,1,-0.0035645500741114684,1.0,2200.163079301078,6.833333333333333,1136.1294115853227,65.25,1006.1203743995803,55.5
2,39,phi-0.30,2,0.007926652818267757,1.0,2132.7946854316374,6.75,1119.8224298459318,62.5,1004.0919644175942,54.833333333333336
2,39,phi+0.00,0,-0.006805605794082554,1.0,2256.8992782876708,6.916666666666667,1099.776836502533,61.25,1000.296504589994,54.333333333333336
2,39,phi+0.00,1,-0.003193229443064063,1.0,2221.5832336156286,6.833333333333333,1119.0985766186159,63.333333333333336,1021.8596473078047,56.833333333333336
2,39,phi+0.00,2,-0.001988189334270378,1.044807944535093,2350.3184926474496,6.833333333333333,1120.1049424808732,62.833333333333336,1005.8359897332942,56.0
2,39,phi+0.30,0,0.011678572257753405,1.4297119815918453,2141.91703749362,6.666666666666667,1122.5337984098076,63.0,1009.7191213543366,56.25
2,39,phi+0.30,1,-0.00904664181225007,1.5911984173556786,2536.0394476201786,6.916666666666667,1114.2443458935275,64.33333333333333,1025.9012652452789,56.5
2,39,phi+0.30,2,-0.0009800769709384827,1.2031287087736282,2068.097352120672,6.833333333333333,1114.4321989083826,62.5,1010.0463168590345,55.333333333333336
2,39,phi+0.60,0,0.020269962141039388,2.633866879427544,2128.1335259494444,6.833333333333333,1090.1514686282824,60.666666666666664,1008.4898780910489,55.083333333333336
2,39,phi+0.60,1,0.01170844400188213,3.2123550741766778,2289.697308436394,6.75,1115.4724182008542,62.916666666666664,1031.9114779538688,57.0
2,39,phi+0.60,2,0.023344763991292764,2.845253411706137,2437.376512877736,6.916666666666667,1110.3697181631487,62.25,1028.4069089052282,57.25
2,39,phi+0.90,0,0.14604125411349622,11.068947764291504,2682.756092369805,6.75,1156.3533360603242,61.75,1020.9466401468491,55.25
2,39,phi+0.90,1,0.23701259661040963,17.774779718995138,2337.769222275372,6.583333333333333,1130.924123752985,60.916666666666664,1010.6800731007397,53.5
2,39,phi+0.90,2,0.09984103505352869,10.55787433182731,2118.4036814815063,6.75,1130.8864740932447,60.916666666666664,1004.3527580316486,55.333333333333336
2,39,phi+0.99,0,0.8103608408798597,77.60036050848579,1725.8131211848483,6.416666666666667,1062.2981173224123,58.0,988.4736131302913,52.833333333333336
2,39,phi+0.99,1,0.6373606323280583,62.890177006416216,2009.6966169103098,6.416666666666667,1167.4203845373886,59.583333333333336,1043.4591879382929,54.333333333333336
2,39,phi+0.99,2,0.6281649729171375,44.41471668846246,2352.38699904614,6.25,1121.3675738192042,58.166666666666664,1009.8199677532983,53.333333333333336
2,39,sorted,0,0.801937561256821,79.14031714425101,1661.7625216111048,6.333333333333333,1012.0763360001906,57.25,968.4027050183277,52.583333333333336
2,43,real,0,0.043877153136316654,3.1879952797494027,2111.681296505065,6.0,1045.1888364046217,52.833333333333336,924.641322363692,48.166666666666664
2,43,phi-0.60,0,0.001257598031624824,1.0,2147.547798117979,6.0,1039.9246432837945,53.0,937.3919776014455,48.583333333333336
2,43,phi-0.60,1,0.009057170635002443,1.0,2315.9274978015637,6.0,1060.5303734822037,54.333333333333336,928.1830737636833,48.666666666666664
2,43,phi-0.60,2,0.003098008908896581,1.0,2253.2721608169854,6.0,1038.8765047464688,52.666666666666664,927.669320051143,49.333333333333336
2,43,phi-0.30,0,-0.0010766379530273136,1.0,2383.964342052926,6.0,1052.3392571941488,53.583333333333336,931.8592940542288,48.833333333333336
2,43,phi-0.30,1,-0.004015105219675316,1.0,2356.6364051400406,6.0,1023.8775414192187,52.666666666666664,939.1343783991898,50.083333333333336
2,43,phi-0.30,2,-0.00044838524391849617,1.0,2067.8510641692724,6.0,1032.492983309288,52.833333333333336,940.2790161121743,48.75
2,43,phi+0.00,0,-0.007527776984427953,1.1873888230709821,2250.8679610608488,6.0,1030.3480651312493,51.916666666666664,916.0785250384542,48.5
2,43,phi+0.00,1,0.0028485556273386663,1.0595684675144945,2411.0332581991383,6.0,1048.319179253126,51.5,931.1835659730077,49.0
2,43,phi+0.00,2,0.000166008949548246,1.0,2239.6428286906066,6.0,1032.5835408134897,51.5,925.353062458139,49.916666666666664
2,43,phi+0.30,0,-0.012178232883397526,1.52174996417875,2280.386903702459,6.0,1055.5358369720664,53.083333333333336,935.4139836928217,49.916666666666664
2,43,phi+0.30,1,-0.009192184713044962,1.505593706643182,2262.6619053377085,6.0,1048.9871751613111,53.0,915.9438225650682,47.25
2,43,phi+0.30,2,0.0013375154718276577,1.5634474138222265,2124.3359469270636,6.0,1067.3363797443083,54.083333333333336,921.5200512034352,48.083333333333336
2,43,phi+0.60,0,0.016795303819033353,2.363378334142952,2215.3389279062994,6.0,1044.4965672872343,52.416666666666664,922.1798655440375,49.75
2,43,phi+0.60,1,0.020029881369901036,3.140771805239571,2187.4355154757195,6.0,1039.065758458367,52.416666666666664,955.3909627926154,50.0
2,43,phi+0.60,2,0.022388138781666164,2.799317241146327,2015.012276702647,6.0,1035.2216901248414,52.916666666666664,922.2334562420033,49.083333333333336
2,43,phi+0.90,0,0.148362969869458,11.54340906469842,2038.8586761564595,6.0,1053.7801574684133,53.666666666666664,919.6859174844416,48.916666666666664
2,43,phi+0.90,1,0.13693662372254112,10.63922700654335,2207.9987703255915,6.0,1069.6566324924381,52.5,935.7178079357618,49.416666666666664
2,43,phi+0.90,2,0.13970925075200522,10.50298929789185,2099.3113944004394,6.0,1031.3531186050036,52.5,936.8372386803712,48.666666666666664
2,43,phi+0.99,0,0.5642325409114428,52.55218195098253,1895.9377623436858,6.0,1058.0111032048846,51.75,923.9033658137115,49.833333333333336
2,43,phi+0.99,1,0.6658066835081775,68.27532853619809,2372.9744884277193,6.0,1131.319146803494,53.583333333333336,952.9733534675141,48.416666666666664
2,43,phi+0.99,2,0.6616181781306115,65.11430182344724,2216.5240461719523,6.0,1090.2587219823433,52.083333333333336,931.1740700128967,48.666666666666664
2,43,sorted,0,0.9622948432543634,112.37494539443567,1535.288676292895,6.0,977.3815044815539,52.583333333333336,908.1920925474305,49.333333333333336
2,41,real,0,0.0027182278606106133,1.9855313357670554,2314.3419805546364,10.416666666666666,971.0485705467431,54.583333333333336,964.296000732924,55.5
2,41,phi-0.60,0,-0.0016733540237549329,1.0,1635.7544626458869,10.25,954.6072763130646,53.916666666666664,948.3988603216111,55.25
2,41,phi-0.60,1,0.004545583028592515,1.0,1858.567764110711,9.666666666666666,958.1051188189793,53.75,944.2682695496252,54.666666666666664
2,41,phi-0.60,2,-0.0032280887501887376,1.0,2070.835723322034,10.416666666666666,965.9524138177889,54.5,958.4810822389364,55.166666666666664
2,41,phi-0.30,0,-0.00247464052610906,1.0,1598.4821828752458,9.666666666666666,949.9660050765812,53.416666666666664,943.2914283952291,54.75
2,41,phi-0.30,1,-0.003150351995333165,1.0,1597.6488495419126,9.583333333333334,947.0106068409638,53.166666666666664,939.4011202202092,54.416666666666664
2,41,phi-0.30,2,-0.002416473732999781,1.0,1605.9821828752458,10.416666666666666,954.9003031163678,54.0,941.6587299880929,54.666666666666664
2,41,phi+0.00,0,-0.0031571471812466274,1.0,2073.0332186939177,10.333333333333334,1001.3319164641625,54.166666666666664,962.730983532228,55.166666666666664
2,41,phi+0.00,1,-0.0015956172688993593,1.4895710655311625,2241.2314442914535,10.75,967.7287692505782,54.583333333333336,953.2538317264934,55.083333333333336
2,41,phi+0.00,2,-0.0032280887501887376,1.0,1933.1235485209806,10.25,961.5993410270021,53.75,954.8635675991594,55.333333333333336
2,41,phi+0.30,0,-0.0032280887501887376,1.0,1616.687089942802,9.833333333333334,955.2117466873983,53.75,947.281462857838,54.75
2,41,phi+0.30,1,-0.0032280887501887376,1.0,1749.7137281017713,10.333333333333334,959.3292455218461,54.0,944.362354931017,54.833333333333336
2,41,phi+0.30,2,-0.0032280887501887376,1.0,1608.4821828752458,10.666666666666666,955.7336364497011,54.083333333333336,941.2873634456577,54.583333333333336
2,41,phi+0.60,0,-0.0014401437591882147,1.0864092034339032,1605.1488495419126,10.333333333333334,953.0685969296001,53.833333333333336,940.7127437480449,54.583333333333336
2,41,phi+0.60,1,-0.0022952478772606897,1.0,1605.7455523792705,9.916666666666666,952.6946932909259,53.583333333333336,947.0341456242928,55.083333333333336
2,41,phi+0.60,2,0.00610031775502632,1.6165499145439366,1598.4821828752458,9.666666666666666,945.3225471655836,53.0,937.6125491763919,54.25
2,41,phi+0.90,0,0.03509611489845509,4.331521796583656,2100.2025971553835,8.75,949.0530368199244,52.75,945.4522722549663,54.083333333333336
2,41,phi+0.90,1,0.007810525991171269,1.577860741888173,1601.8155162085793,10.0,949.252910226709,53.416666666666664,943.9250505452696,54.916666666666664
2,41,phi+0.90,2,0.007520508041158554,1.0,1602.8696084512706,10.0,956.2420001044342,53.916666666666664,942.4907513059023,54.416666666666664
2,41,phi+0.99,0,0.030820596346819332,4.333420128918936,1592.6488495419126,9.083333333333334,939.9443967709158,52.5,932.6609770500519,53.75
2,41,phi+0.99,1,0.04030447636174553,4.4720414565374025,1588.4821828752458,8.666666666666666,935.2961057515731,52.0,928.281365656945,53.333333333333336
2,41,phi+0.99,2,0.04100410697010686,4.488786195033062,1670.7827421390655,9.0,945.49784833497,52.583333333333336,946.1656280770322,54.666666666666664
2,41,sorted,0,0.03460985393660516,4.5510197456671,1589.3155162085793,8.75,938.2336364497011,52.333333333333336,936.5710812576361,54.166666666666664
2,42,real,0,0.027390571725495867,2.530624546699964,1920.9364129900562,6.166666666666667,1083.384345864922,57.75,948.3435232655592,51.083333333333336
2,42,phi-0.60,0,0.00722619809740532,1.0,2014.5387684664074,6.416666666666667,1102.4079796412916,57.083333333333336,958.7427629072469,49.583333333333336
2,42,phi-0.60,1,0.010437914536928104,1.0,2020.871252202867,6.416666666666667,1118.005564961734,58.0,960.0666137153921,50.916666666666664
2,42,phi-0.60,2,0.007236874846508292,1.0,2008.270547384358,6.416666666666667,1109.3999925463497,55.583333333333336,963.3816310944052,49.75
2,42,phi-0.30,0,0.0005838066656606953,1.0,2343.6900622823987,6.916666666666667,1131.5851701982133,57.75,971.160235238032,51.5
2,42,phi-0.30,1,0.003182954666163669,1.0,2559.970365499805,6.166666666666667,1121.455715832041,57.166666666666664,971.7077789476917,51.666666666666664
2,42,phi-0.30,2,0.003404345834348186,1.0,2546.234419340265,6.333333333333333,1128.3191766491238,58.5,966.3698656938897,50.25
2,42,phi+0.00,0,0.0030466188639739124,1.0,1998.7567091947678,6.416666666666667,1134.2113630777696,58.5,961.6680876994234,50.5
2,42,phi+0.00,1,-0.001451602370255945,1.0,2200.137804886509,6.25,1114.8439157432924,58.416666666666664,963.893325827698,51.416666666666664
2,42,phi+0.00,2,-0.004703913281636185,1.0,2050.5828643953496,6.5,1130.36148715508,59.333333333333336,952.6409078325905,49.916666666666664
2,42,phi+0.30,0,0.00306472665168851,1.3961559595143624,1975.7368743674194,6.5,1095.8596270604298,57.416666666666664,948.7197773035945,50.916666666666664
2,42,phi+0.30,1,0.0058866445258259825,1.4996234056423479,2090.558346712092,6.416666666666667,1131.9445735484667,57.416666666666664,953.2899775421521,49.583333333333336
2,42,phi+0.30,2,0.0005684841243409313,1.7390751159161786,2149.08645985984,6.5,1107.768263129106,57.916666666666664,949.0249267038016,50.0
2,42,phi+0.60,0,0.010200214202673618,2.9415379614761554,2068.4987413243884,6.583333333333333,1123.5260548687313,56.583333333333336,966.3004138256327,51.083333333333336
2,42,phi+0.60,1,0.03697788656231649,3.8472136604795146,2446.810217101219,6.5,1130.025380450511,56.5,960.7362109426989,50.083333333333336
2,42,phi+0.60,2,0.013887798503860453,3.317589909899617,2723.1528433173976,6.666666666666667,1137.7128813205452,58.0,966.8117964347957,50.666666666666664
2,42,phi+0.90,0,0.1232236153112674,9.687357211168743,2182.258268353091,6.583333333333333,1150.022051971414,57.916666666666664,963.4539113278911,49.833333333333336
2,42,phi+0.90,1,0.12405292712410422,9.534128062093036,2142.874696022662,6.333333333333333,1151.2575623326604,56.75,981.3952278883912,50.166666666666664
2,42,phi+0.90,2,0.17387443213326298,12.571349145272581,2554.7327251207753,6.583333333333333,1181.8819629497855,57.333333333333336,991.6078059732909,50.166666666666664
2,42,phi+0.99,0,0.5220282218243175,54.86861205778563,2226.0651488775543,6.166666666666667,1177.2146514373574,56.833333333333336,964.7806744245682,49.583333333333336
2,42,phi+0.99,1,0.5627789510763452,58.996054940765454,2042.1135126455263,6.25,1180.3791810903667,55.583333333333336,963.1209645669566,48.583333333333336
2,42,phi+0.99,2,0.5450934559402801,59.70241410267863,2810.685418168565,6.25,1305.158285696464,55.25,1016.4825916649152,50.0
2,42,sorted,0,0.562902578062336,64.3325514116346,1590.6294776385657,6.166666666666667,1034.9862109091189,55.0,935.3268962105702,50.75
2,44,real,0,0.06233014193189034,1.0,2018.7189215294184,6.0,1096.4263333307674,49.25,960.2491077268513,50.75
2,44,phi-0.60,0,-0.0027742776892849584,1.0,2018.7189215294184,6.0,1096.2820923642023,49.166666666666664,961.8445526903974,50.833333333333336
2,44,phi-0.60,1,0.003296630518582928,1.0,2020.9390751833096,6.0,1099.6277906399166,49.583333333333336,961.8064586310938,50.916666666666664
2,44,phi-0.60,2,0.0067691900134833624,1.0,2018.7189215294184,6.0,1096.7932184424646,49.166666666666664,960.8523019205796,50.75
2,44,phi-0.30,0,-0.0032356667130829255,1.0,2021.7145745906375,6.0,1097.1284092078204,49.666666666666664,961.5649283017104,50.916666666666664
2,44,phi-0.30,1,-0.0036484884712179484,1.0,2018.7189215294184,6.0,1097.563154780351,49.333333333333336,961.1836837896894,50.833333333333336
2,44,phi-0.30,2,-0.00017592897631751078,1.0,2018.7189215294184,6.0,1096.9240666305384,49.333333333333336,960.2635445628739,50.75
2,44,phi+0.00,0,-0.0036484884712179415,1.0,2018.7189215294184,6.0,1096.3862858964242,49.25,960.1951285224819,50.75
2,44,phi+0.00,1,-0.007048197067623967,1.0,2018.7189215294184,6.0,1096.9881425870383,49.166666666666664,960.0845569834246,50.666666666666664
2,44,phi+0.00,2,0.00676919001348337,1.0,2022.0322598691089,6.0,1100.6376011911611,49.333333333333336,960.697894124402,50.666666666666664
2,44,phi+0.30,0,-0.0036484884712179415,1.0,2018.7189215294184,6.0,1097.4844353061367,49.333333333333336,960.0924619659562,50.666666666666664
2,44,phi+0.30,1,0.00023689278181751182,1.0,2018.7189215294184,6.0,1096.5671764208375,49.25,959.4979104254971,50.666666666666664
2,44,phi+0.30,2,9.119098482866678e-05,1.0,2018.7189215294184,6.0,1096.8096465583242,49.333333333333336,958.938610059975,50.583333333333336
2,44,phi+0.60,0,-0.0001759289763175053,1.0,2018.7189215294184,6.0,1095.309117057269,49.166666666666664,959.420205506841,50.666666666666664
2,44,phi+0.60,1,-0.0036484884712179436,1.3887225450605731,2019.7674552986118,6.0,1093.993805579373,49.0,962.1345162314873,50.916666666666664
2,44,phi+0.60,2,-0.0035756375727235322,1.1873140943563478,2018.4991453684306,6.0,1096.4891860566463,49.083333333333336,960.6719226507822,50.75
2,44,phi+0.90,0,0.010241749508383802,2.742105781542402,2019.6303285014576,6.0,1095.267867977331,49.166666666666664,960.3199786667019,50.75
2,44,phi+0.90,1,-0.00017592897631751002,1.9788436915197483,2025.6862870845077,6.0,1098.1891121768078,49.416666666666664,960.3298180181763,50.75
2,44,phi+0.90,2,0.12136365334519779,9.89359795134443,2018.7189215294184,6.0,1097.4202897788457,49.333333333333336,961.7398856722253,50.833333333333336
2,44,phi+0.99,0,0.12830877233499866,5.706599034768048,2018.7189215294184,6.0,1095.8800356138345,49.166666666666664,960.2437670274295,50.75
2,44,phi+0.99,1,0.1248362128400982,9.850930759381463,2019.2673305896071,6.0,1096.0505940996552,49.166666666666664,959.4931849499945,50.666666666666664
2,44,phi+0.99,2,0.13178133182989907,9.649522308677236,2018.7189215294184,6.0,1096.623938786204,49.25,960.2173671903762,50.75
2,44,sorted,0,0.12405913658949122,9.999556781246923,2018.7189215294184,6.0,1096.2766041789253,49.25,960.2134996342414,50.75
2,45,real,0,0.2835386554936,19.634934515114118,1630.7953040746806,12.333333333333334,1023.3434357349644,61.083333333333336,986.2060778759464,59.333333333333336
2,45,phi-0.60,0,0.002801224708505856,1.0,1929.9475585920125,12.75,1026.0332818387512,61.666666666666664,1019.154230859513,61.75
2,45,phi-0.60,1,0.0008899894547483032,1.0,2027.027971572248,13.25,1031.6403087991175,61.5,1020.1647912300679,61.0
2,45,phi-0.60,2,-0.0031085267637553544,1.0,2376.6988833127234,13.25,1025.1897718152418,61.583333333333336,1011.833453787477,60.75
2,45,phi-0.30,0,-0.0065513751159202525,1.0,1696.4983449992471,12.916666666666666,1019.5901521833239,61.5,1002.7872370590585,60.416666666666664
2,45,phi-0.30,1,-0.0040418807481531266,1.0,1621.170712528445,12.25,1021.5787125809657,61.333333333333336,1003.8519062065201,59.75
2,45,phi-0.30,2,-0.005280007264211085,1.0,1888.0538944296386,13.333333333333334,1021.6831212125322,61.416666666666664,999.4911769017522,59.833333333333336
2,45,phi+0.00,0,0.007106476232462877,1.0,2573.337253328424,13.166666666666666,1033.3600677310487,61.833333333333336,991.3003235384921,59.25
2,45,phi+0.00,1,-0.003259194816148706,1.0,2017.4308593552994,13.666666666666666,1019.6333658858185,60.666666666666664,989.9804241018646,59.25
2,45,phi+0.00,2,-0.0031262341917500987,1.0,2014.437305124822,13.0,1019.8178085504934,61.083333333333336,1001.3963452529828,61.0
2,45,phi+0.30,0,0.008133189363605138,1.077755192071484,2839.489440716872,13.083333333333334,1040.8534382945577,62.25,1031.035364753735,60.916666666666664
2,45,phi+0.30,1,0.0033258750870648417,1.1432557498735523,2058.0712088851355,13.083333333333334,1018.1857323765048,60.75,1012.6790397490716,60.416666666666664
2,45,phi+0.30,2,0.011472411752261212,1.326206894342244,2397.6629790974216,12.583333333333334,1018.0373447869403,60.833333333333336,1013.2393218816591,60.0
2,45,phi+0.60,0,-0.006560784791885488,1.7436898190675971,1678.668595470437,13.083333333333334,1025.9115359311734,61.666666666666664,986.8060845895312,58.916666666666664
2,45,phi+0.60,1,0.0052348377381532096,1.3124816795907281,1946.7240600258713,13.166666666666666,1025.3089624781967,61.583333333333336,1010.330811513321,61.25
2,45,phi+0.60,2,0.004355327923293418,1.6149131128090957,2041.5435483617123,12.416666666666666,1023.167404602798,61.5,996.1956978943678,59.416666666666664
2,45,phi+0.90,0,0.02102042237879402,3.569296691114075,2393.9695569555292,12.416666666666666,1037.1440838868807,62.25,1011.0669847263435,60.416666666666664
2,45,phi+0.90,1,0.021652460703965433,3.2043238568691135,1705.1225040378422,12.916666666666666,1011.4886322833019,60.583333333333336,992.6434008539901,59.916666666666664
2,45,phi+0.90,2,0.017628077706153707,3.8151093046727023,2414.80740644731,13.333333333333334,1039.7246191333954,62.333333333333336,1023.7896371453782,60.916666666666664
2,45,phi+0.99,0,0.1978642336791056,19.190756102692923,1638.720419041488,12.833333333333334,1021.4671784209248,61.416666666666664,992.2454949427951,59.833333333333336
2,45,phi+0.99,1,0.12343053087772092,8.116369312946166,1619.8919477884892,12.25,1010.97983955559,60.416666666666664,987.7639245173121,59.25
2,45,phi+0.99,2,0.20284822747900513,14.986037923937905,1656.1341350070231,13.083333333333334,1009.7296697049013,60.25,992.9535742804381,59.833333333333336
2,45,sorted,0,0.3023496105897077,20.447406537254736,1629.6026994789115,12.5,995.8016965998953,59.083333333333336,973.1308339343481,58.166666666666664
2,46,real,0,0.12298027134512732,8.439768347195814,1957.8707485640662,7.333333333333333,1094.6814379188588,64.33333333333333,1030.9513351879853,61.25
2,46,phi-0.60,0,0.00872311865381489,1.0,2308.3280966295974,7.25,1130.000138295339,65.75,1059.0013359903949,61.833333333333336
2,46,phi-0.60,1,0.0020997978295559027,1.0,2676.552018558949,8.25,1124.3430428691088,66.83333333333333,1025.155180708505,60.083333333333336
2,46,phi-0.60,2,0.007626943383152699,1.0,2330.8419798129707,7.833333333333333,1121.3893762449195,66.08333333333333,1033.8337542056863,61.083333333333336
2,46,phi-0.30,0,0.0012169804961468004,1.0,2523.00870462258,7.75,1120.089472953743,64.83333333333333,1044.7931584251096,61.416666666666664
2,46,phi-0.30,1,-0.006127079759864224,1.0,2436.8906554332293,7.75,1111.9357357047384,66.08333333333333,1027.9986515152593,59.916666666666664
2,46,phi-0.30,2,-0.001323568662374138,1.0,1886.6738693989912,7.25,1102.3088070837962,66.0,1044.6382370135605,61.833333333333336
2,46,phi+0.00,0,-0.0002763361208427105,1.1093552989756552,2203.600959532881,7.916666666666667,1105.9780477117235,66.75,1046.07370408363,62.333333333333336
2,46,phi+0.00,1,-0.0031565924652011508,1.0,2024.6307484614492,7.666666666666667,1091.9671047571953,65.16666666666667,1033.2640467942058,61.416666666666664
2,46,phi+0.00,2,-0.001343122752174708,1.0125052972574335,3870.732940010053,7.75,1153.936393929974,67.41666666666667,1048.5182786127277,62.0
2,46,phi+0.30,0,0.0024547942897625583,1.3506279701943493,2564.149528811953,7.916666666666667,1122.2532196588106,66.66666666666667,1022.7011539291951,59.333333333333336
2,46,phi+0.30,1,-0.003672716280676339,1.471174919756566,2546.8755237501828,8.083333333333334,1130.6524630680804,65.5,1045.2123788740344,61.666666666666664
2,46,phi+0.30,2,0.0061364780715965316,1.5184582804967586,2138.293462201638,7.75,1131.7295651292527,67.0,1032.274959953628,60.75
2,46,phi+0.60,0,0.034272483895039216,3.9064336887848623,1890.1949130303665,7.5,1096.6095667729162,64.83333333333333,1028.1767870862652,60.333333333333336
2,46,phi+0.60,1,0.008040725927416097,2.935951096094624,2562.3780854612965,7.916666666666667,1131.6322119046897,67.25,1040.0056864252426,60.083333333333336
2,46,phi+0.60,2,0.02412334204405598,2.8173662056819793,2025.8077151807095,7.5,1108.9290977165122,66.25,1050.8387514470594,61.666666666666664
2,46,phi+0.90,0,0.36376395792980126,26.072678549707604,1906.9007473733745,7.416666666666667,1101.5995667247187,64.0,1021.1705403760499,58.166666666666664
2,46,phi+0.90,1,0.15064375372245864,12.379956216550184,2235.028684531371,7.583333333333333,1137.657955298556,67.25,1032.3112779223109,60.166666666666664
2,46,phi+0.90,2,0.17490375668540464,13.314288287032335,2298.5232730397415,7.583333333333333,1123.7366501458346,64.5,1029.476838243775,59.083333333333336
2,46,phi+0.99,0,0.6180134405925547,52.082705095506135,1989.579105841015,7.0,1134.9187330611621,61.5,1040.4335823868578,57.916666666666664
2,46,phi+0.99,1,0.5390838604577592,45.5399437464739,2006.2759432305336,6.916666666666667,1087.3621107686865,62.75,1007.9497442309057,57.333333333333336
2,46,phi+0.99,2,0.6630717490065782,61.42909265684918,1826.336828649941,6.75,1125.3449180971973,61.166666666666664,1032.577155307599,57.5
2,46,sorted,0,0.7891291620078801,86.20095880761362,1598.3812786615738,6.5,995.0763605289961,56.25,976.8899958678877,56.833333333333336
2,47,real,0,0.014298668604556527,3.3042017107153683,2212.6374210432223,7.0,1095.1052554110015,63.666666666666664,1021.3322568676152,58.333333333333336
2,47,phi-0.60,0,0.014940886485045707,1.0,2625.8678927054257,7.0,1099.0108831933517,64.08333333333333,1017.7120331958425,57.75
2,47,phi-0.60,1,0.010368120178715084,1.0,2224.603471604298,6.833333333333333,1110.1758150284757,66.0,1020.3748418430055,58.666666666666664
2,47,phi-0.60,2,0.007274668691861851,1.0,2073.6804899024182,7.333333333333333,1086.845998100822,65.16666666666667,1009.8800217302105,57.25
2,47,phi-0.30,0,-0.004015393033142261,1.0,2290.1766712248077,7.0,1081.290893195753,63.583333333333336,1017.4319166748104,56.25
2,47,phi-0.30,1,-0.007722763865789073,1.0,2040.1508298001984,7.0,1074.000771601315,64.75,1018.614739377647,59.083333333333336
2,47,phi-0.30,2,0.007482436557040777,1.0,1943.878549322387,6.833333333333333,1091.8360137392729,64.66666666666667,1034.055003034924,58.5
2,47,phi+0.00,0,0.0008592277342670593,1.0,2764.26946757015,6.833333333333333,1100.4874596832158,64.75,1022.1166570301783,57.583333333333336
2,47,phi+0.00,1,-0.0035369056332244493,1.0523748459329698,2282.577250728316,7.166666666666667,1090.9266077676969,65.41666666666667,1029.6681285821107,57.833333333333336
2,47,phi+0.00,2,0.018300151685547023,1.1696731075450382,2051.2807384569114,7.0,1103.4493546693595,65.83333333333333,1031.1872615844263,58.75
2,47,phi+0.30,0,0.005087241225141545,1.8608559651126897,2337.965715655278,6.75,1094.4781808024434,64.08333333333333,1015.5710364611408,58.083333333333336
2,47,phi+0.30,1,0.005481677915365951,1.4967174022056668,1999.3020280986311,6.833333333333333,1094.3630626917727,63.083333333333336,1023.9298082689166,58.75
2,47,phi+0.30,2,-0.000672229770402844,1.4555850488344697,2444.5835980778957,6.916666666666667,1093.1345883472245,65.33333333333333,1029.7579728508756,58.583333333333336
2,47,phi+0.60,0,0.011342025620704138,2.494680521953916,2151.798805512435,6.666666666666667,1105.2768114197709,64.0,1025.032828763761,58.5
2,47,phi+0.60,1,0.028011156137127572,2.7190436467317833,2166.275792449625,6.75,1104.0477732641937,66.0,1025.618521042288,59.0
2,47,phi+0.60,2,-0.007069775346445484,2.5739213346707954,2155.427967764106,6.916666666666667,1117.800888126845,66.16666666666667,1020.678318718426,57.5
2,47,phi+0.90,0,0.13178495916949381,8.558529620519158,2428.096758084355,6.75,1158.8073703366222,65.16666666666667,1028.6778348903645,57.333333333333336
2,47,phi+0.90,1,0.291622110702132,24.793290450370616,1986.3711138578756,6.333333333333333,1083.5281197726624,63.666666666666664,1027.1331515293502,58.25
2,47,phi+0.90,2,0.142323991519235,11.17247290605121,2069.374850934429,6.5,1087.2636965275226,63.833333333333336,1011.6877792269007,57.5
2,47,phi+0.99,0,0.682434622505832,62.03960965244559,3015.363063282679,6.25,1353.4586039311,61.333333333333336,1098.314329890072,54.75
2,47,phi+0.99,1,0.6870706780113934,68.66565212340748,1797.4785785408565,6.5,1079.762866557552,61.0,998.311847445078,55.333333333333336
2,47,phi+0.99,2,0.47557167686437124,43.62550191257586,2833.3598683232335,6.416666666666667,1123.681211377106,62.5,1011.4668463774415,54.25
2,47,sorted,0,0.6881888499731175,68.68405387813624,1642.2860414562128,6.0,1020.980822425072,60.666666666666664,975.4177941322581,55.416666666666664
2,48,real,0,0.22382243988636377,21.992218242003023,2850.8565682201993,6.916666666666667,1186.5302489030953,64.41666666666667,1021.1352394545011,55.583333333333336
2,48,phi-0.60,0,0.006163481595816597,1.0,2412.5826394575183,7.083333333333333,1148.045044193642,65.91666666666667,987.8986023528684,54.583333333333336
2,48,phi-0.60,1,0.005631611149210774,1.0,2491.7087298345264,6.75,1122.9359670191707,64.16666666666667,991.0779082520063,56.333333333333336
2,48,phi-0.60,2,0.014849821892136957,1.0,2528.295125796459,6.833333333333333,1141.218864581389,65.33333333333333,995.1979048795857,55.583333333333336
2,48,phi-0.30,0,0.0029746267592240024,1.0,2110.2971947510086,6.75,1114.6481397067855,63.916666666666664,991.5211806913518,55.916666666666664
2,48,phi-0.30,1,0.0006495763919224692,1.0,1977.4217179926106,6.916666666666667,1130.4686627733624,65.08333333333333,984.8432542003993,55.5
2,48,phi-0.30,2,-0.0007677134768973553,1.0,2115.4808054785685,7.083333333333333,1130.7029843562475,64.16666666666667,974.7360114391244,55.166666666666664
2,48,phi+0.00,0,0.0030243838013588433,1.1206846624593763,2665.722068159527,6.75,1125.6414614733771,65.66666666666667,995.3924490181099,56.083333333333336
2,48,phi+0.00,1,-0.0018537373989095693,1.0,2340.2919445299426,7.166666666666667,1133.3982035326733,64.75,988.6255941473914,55.5
2,48,phi+0.00,2,0.002433352401446303,1.0641688480662534,2289.257840197652,6.75,1158.5748279664438,64.33333333333333,984.173810047691,55.083333333333336
2,48,phi+0.30,0,-0.004418962349455593,1.4679567649965972,2327.1488833205344,6.916666666666667,1132.6046872327984,65.33333333333333,993.0401301615234,56.333333333333336
2,48,phi+0.30,1,0.0032080416682476543,1.4768323288958074,2057.2208247174303,7.0,1138.5771015411858,64.83333333333333,992.4650129983862,55.25
2,48,phi+0.30,2,-0.002393897811712063,1.451798517566059,1896.9949345841621,7.0,1148.4493084303047,65.83333333333333,991.4079803583508,56.0
2,48,phi+0.60,0,-0.007600189790000453,3.454083330873672,2253.6529163545115,6.833333333333333,1148.19950377705,64.08333333333333,990.7390529673243,55.166666666666664
2,48,phi+0.60,1,0.012723904950883347,2.4501531442519164,2177.9888834406606,6.916666666666667,1122.6153962668222,64.83333333333333,990.2401315754387,55.5
2,48,phi+0.60,2,0.016425333699211436,2.990373991729574,2450.84372469317,7.25,1137.8379469992663,64.08333333333333,1015.0057882563565,56.333333333333336
2,48,phi+0.90,0,0.25484102352125737,22.0138357571149,2101.879303978563,6.25,1129.9628182426804,63.583333333333336,989.4984705950993,55.583333333333336
2,48,phi+0.90,1,0.27054098904649804,18.670535027957733,1931.2249574269547,6.583333333333333,1089.8114040742378,62.083333333333336,974.6368605096736,55.083333333333336
2,48,phi+0.90,2,0.19281148888428862,14.590421108089703,2019.4636022409322,6.333333333333333,1107.667249081294,62.5,970.163988403926,55.333333333333336
2,48,phi+0.99,0,0.6705677056139541,51.22029027365659,2101.5133726141316,6.416666666666667,1146.4824454347556,60.916666666666664,996.5702030892026,53.416666666666664
2,48,phi+0.99,1,0.7620641849025231,70.1564150427555,1663.7244882083003,6.416666666666667,1068.7892897573636,60.5,959.3185686538894,52.25
2,48,phi+0.99,2,0.514207770897903,38.964476959967435,2182.3765088855,6.333333333333333,1118.4792572721342,60.083333333333336,989.2061828708564,54.083333333333336
2,48,sorted,0,0.8128067272383767,87.63185636278898,1596.0789357219455,6.166666666666667,1020.6387282037039,59.333333333333336,939.8705826549318,53.0
2,52,real,0,0.4483903616938888,44.12756818463722,2044.8918151843325,6.416666666666667,1116.9835929345518,61.666666666666664,967.2457944927809,54.25
2,52,phi-0.60,0,0.005421811643706422,1.0,2264.0943915082557,6.666666666666667,1121.1739538962522,65.58333333333333,989.3399356284394,56.166666666666664
2,52,phi-0.60,1,0.012256615036386923,1.0,2737.55126262353,6.583333333333333,1109.8452916528777,63.416666666666664,966.982082748928,54.0
2,52,phi-0.60,2,0.007078014299146587,1.0,2261.49143508477,6.916666666666667,1116.4206904728524,63.416666666666664,983.3789545562294,55.75
2,52,phi-0.30,0,0.0018648036969565007,1.0,2480.742375364058,6.75,1115.484062062743,63.416666666666664,981.4724373350467,56.166666666666664
2,52,phi-0.30,1,0.00831674222798524,1.0,2304.5156259092023,6.833333333333333,1118.6486458757186,64.5,972.1852242569231,55.083333333333336
2,52,phi-0.30,2,0.005834441973848399,1.0,2547.999378778655,6.916666666666667,1120.0382236456633,64.75,994.972433605329,56.25
2,52,phi+0.00,0,-0.0020479523068728934,1.0,2165.934140540572,6.75,1091.0488723216981,63.416666666666664,982.5374710781877,56.25
2,52,phi+0.00,1,-0.009392923816947774,1.0492143023174987,2537.1444506913676,6.5,1107.3891860996991,64.16666666666667,957.0082394594405,53.083333333333336
2,52,phi+0.00,2,0.006555075486207453,1.0,2253.319467307036,6.666666666666667,1121.8727933991042,64.0,978.2761958934585,55.666666666666664
2,52,phi+0.30,0,0.011114371337034072,1.7082599981603537,2424.850570158978,6.5,1118.520948241752,65.16666666666667,971.5977035969266,55.583333333333336
2,52,phi+0.30,1,0.004664825465232298,1.5246541230963717,2573.5221227484108,6.833333333333333,1098.6482040045103,63.583333333333336,983.810329376799,55.25
2,52,phi+0.30,2,0.0005165648383963631,1.5853808382527443,2293.180897550983,6.5,1120.3016227942085,63.666666666666664,958.7060226634452,54.166666666666664
2,52,phi+0.60,0,0.011043221725618179,2.6029249217193344,2702.8581708240526,6.583333333333333,1110.7242657589504,63.166666666666664,968.9243091415036,54.666666666666664
2,52,phi+0.60,1,0.017181515124894638,3.628455793484769,2350.56967712321,6.666666666666667,1109.7795502306924,63.083333333333336,975.4143104584026,54.416666666666664
2,52,phi+0.60,2,0.0023532606472913675,3.326806864316452,2426.5185010612086,6.833333333333333,1111.2061443536206,64.25,970.0124277768969,55.083333333333336
2,52,phi+0.90,0,0.14048583974616846,10.760451798654001,2598.9929081029427,6.416666666666667,1100.587392824285,61.583333333333336,958.6139549717294,54.416666666666664
2,52,phi+0.90,1,0.2755095372634714,19.07797722784076,2195.047025412419,6.416666666666667,1108.8660979774631,62.75,971.3015567424013,54.083333333333336
2,52,phi+0.90,2,0.21588277575796336,15.478011068492957,2741.9552208723235,6.75,1158.511597166681,64.0,1007.5094853040182,55.0
2,52,phi+0.99,0,0.7445721137602577,80.81919555811209,1876.7009633676973,6.416666666666667,1086.983170433852,61.25,956.9282058028097,53.583333333333336
2,52,phi+0.99,1,0.781200290154461,80.40142971479159,1769.9560119351556,6.083333333333333,1028.8608708397935,59.083333333333336,922.5035162353323,52.25
2,52,phi+0.99,2,0.7004933540746281,64.54697818854632,2331.13066648205,6.25,1138.8932162075778,62.333333333333336,988.3213193994658,54.083333333333336
2,52,sorted,0,0.8627939870984117,92.83633103517421,1644.4680735106642,6.0,1017.3338907609073,58.166666666666664,915.2842905049782,52.083333333333336
2,50,real,0,0.2521348787603292,20.426863627169933,1935.414109991142,7.916666666666667,1085.623813002641,62.25,1020.0722621978856,59.666666666666664
2,50,phi-0.60,0,0.009048519262868922,1.0,2234.3257085232144,8.166666666666666,1126.18474863692,66.0,1060.418399517182,61.166666666666664
2,50,phi-0.60,1,0.0032637436739974867,1.0,2218.8571274614997,8.166666666666666,1110.8414802356403,64.25,1048.6222520680217,60.583333333333336
2,50,phi-0.60,2,0.004594683006483086,1.0,2427.5648671470367,7.833333333333333,1120.416360399246,64.08333333333333,1071.66979353072,60.583333333333336
2,50,phi-0.30,0,-0.002119366806225159,1.0,2307.1480542213963,8.25,1099.3761030557682,64.91666666666667,1025.5911284305432,59.666666666666664
2,50,phi-0.30,1,0.0009482782874335937,1.0,2301.142096895242,8.25,1106.610513014172,64.83333333333333,1055.3457701401726,62.5
2,50,phi-0.30,2,-0.0029916278138146734,1.0,2328.0249622189176,8.166666666666666,1091.7192669193576,64.33333333333333,1055.9291778657157,61.0
2,50,phi+0.00,0,-0.0058168391039094425,1.0,2427.7387530031187,8.416666666666666,1115.79752467914,64.41666666666667,1057.9656569603608,61.583333333333336
2,50,phi+0.00,1,-0.002366838015790822,1.1260839825662763,1989.9245315924202,8.083333333333334,1109.7287918363525,64.08333333333333,1055.8743380031517,60.5
2,50,phi+0.00,2,0.00041289604329454216,1.0,2073.16429288862,8.416666666666666,1112.4093832838855,66.25,1072.283690421659,62.166666666666664
2,50,phi+0.30,0,0.008808036707416773,1.3511575688233166,2067.267991959288,8.25,1111.303373296547,65.25,1059.317009890938,63.25
2,50,phi+0.30,1,0.0003891185930145578,1.1492800287491858,2532.8229602500796,8.75,1143.2702430446534,66.41666666666667,1058.5679446676575,60.416666666666664
2,50,phi+0.30,2,0.006846013415181298,1.2609960629190804,2341.79189074771,8.416666666666666,1114.6733148093938,65.25,1054.1170370167902,61.083333333333336
2,50,phi+0.60,0,-0.0020727515174218452,1.8940651005383566,2380.6211258063895,8.166666666666666,1123.9105839396575,66.41666666666667,1067.9819010194035,61.333333333333336
2,50,phi+0.60,1,0.016411695651892145,2.5966683952960032,2237.7194352331553,7.833333333333333,1109.544483363484,63.583333333333336,1053.349174790226,59.916666666666664
2,50,phi+0.60,2,0.022097955796083667,2.613106096377609,2399.6201793296855,8.666666666666666,1122.1337179127913,65.5,1053.8303466395955,61.25
2,50,phi+0.90,0,0.11082880705734403,8.857916877266229,2264.416503915469,7.666666666666667,1106.0006374166048,64.5,1079.6688201434306,62.083333333333336
2,50,phi+0.90,1,0.07205058274589539,7.248070475588825,2191.7136033922616,7.916666666666667,1107.7152812233505,64.16666666666667,1033.3720994506036,60.083333333333336
2,50,phi+0.90,2,0.1264019198921589,10.207441993213179,2226.953578643225,8.0,1106.388870741837,63.166666666666664,1036.7663491620622,58.583333333333336
2,50,phi+0.99,0,0.4624142323232752,43.78558403231912,2362.148974808764,8.333333333333334,1208.5758834777173,62.166666666666664,1116.6013271397885,59.0
2,50,phi+0.99,1,0.27882254109048177,32.389416982047834,2540.672518909527,8.0,1191.7436067548058,61.25,1100.0453346930715,59.916666666666664
2,50,phi+0.99,2,0.4286722798817526,47.39400335739907,3774.289139141211,8.666666666666666,1464.3153840283496,63.5,1205.7047197380018,57.083333333333336
2,50,sorted,0,0.4953625726591693,48.21595774296643,1752.1670887709015,7.916666666666667,1014.2724816841378,58.5,986.8207945965914,57.416666666666664
2,53,real,0,0.035240733427945724,2.758591023016378,1864.0976592457146,6.25,1074.1737099738625,57.5,954.8411122204417,52.583333333333336
2,53,phi-0.60,0,0.0005612592919526893,1.0,2281.5736070907406,6.416666666666667,1091.9349352886338,58.75,979.0635395552212,54.0
2,53,phi-0.60,1,0.008833491452571186,1.0,2189.503585283894,6.5,1093.2365865351794,57.583333333333336,960.966626403454,51.583333333333336
2,53,phi-0.60,2,0.005141146634803658,1.0,2276.9674115442754,6.583333333333333,1081.299834649132,59.083333333333336,965.4711256480795,52.75
2,53,phi-0.30,0,-0.0018742339397610443,1.0,2164.124395470983,6.25,1099.0059675927894,58.0,985.9107888159591,52.666666666666664
2,53,phi-0.30,1,0.004010157652639363,1.0,2277.564753841481,6.333333333333333,1090.6855729692631,57.75,967.3298982309507,51.666666666666664
2,53,phi-0.30,2,-0.0026255118059722864,1.0,2209.0064418391576,6.25,1091.6438101646997,57.5,959.7328818719446,51.166666666666664
2,53,phi+0.00,0,-0.006330241211570818,1.0,2166.723084331598,6.333333333333333,1084.6528330735691,57.916666666666664,978.5716681001171,53.583333333333336
2,53,phi+0.00,1,-0.0046779416289269345,1.0428315999276303,2185.7374168499314,6.583333333333333,1115.2149029150503,57.666666666666664,979.841492900529,53.416666666666664
2,53,phi+0.00,2,-0.00226273635021355,1.1114507218808343,2291.9943301363132,6.583333333333333,1079.4089520126213,55.333333333333336,985.4291567733181,52.5
2,53,phi+0.30,0,-0.0029427611495730674,2.001393255606122,2106.4976482679986,6.333333333333333,1086.0953141698494,58.75,961.7926726465374,51.25
2,53,phi+0.30,1,0.003532887184787114,1.5243149252191457,2156.6722807576316,6.333333333333333,1113.9743503599482,59.833333333333336,971.5756053535537,52.083333333333336
2,53,phi+0.30,2,0.001288836482243022,1.6020122944846633,1995.9601514273108,6.583333333333333,1100.4202626107765,57.75,956.4677547789046,52.833333333333336
2,53,phi+0.60,0,0.008344997236594142,4.014278456029475,2393.478767924437,6.25,1105.6839053120636,57.25,984.170625128109,52.583333333333336
2,53,phi+0.60,1,0.06604173433672365,4.298497130080149,2117.0821052467295,6.333333333333333,1119.4048453509815,57.0,976.7990116378083,51.916666666666664
2,53,phi+0.60,2,0.05172849316086758,4.809672173815725,2088.666649081863,6.333333333333333,1121.815114049088,58.75,965.7915681464441,53.083333333333336
2,53,phi+0.90,0,0.23313643869029843,16.315096700491353,2334.4677409998617,6.416666666666667,1112.6238706992128,58.833333333333336,970.3084337443047,51.916666666666664
2,53,phi+0.90,1,0.14244345349867368,12.056026742016586,1821.647021562806,6.166666666666667,1095.6282467201852,58.333333333333336,945.0677973042602,50.833333333333336
2,53,phi+0.90,2,0.19315288572623446,14.015430890260497,2504.778782909456,6.166666666666667,1125.9864430330483,56.5,967.1986768676401,51.25
2,53,phi+0.99,0,0.6679610367391462,67.77229718495073,3086.0953787465223,6.25,1296.6082485261038,56.0,1029.416499307921,53.0
2,53,phi+0.99,1,0.6227525564872199,58.452502194262664,2352.735835037271,6.083333333333333,1143.3042206162643,56.25,984.7995801655958,53.0
2,53,phi+0.99,2,0.7352584300640733,74.86451519673227,1823.8146706480468,6.166666666666667,1039.8863663488949,54.5,947.3961117514473,50.666666666666664
2,53,sorted,0,0.7431543088853292,83.23632563283442,1719.43575066821,6.083333333333333,1031.4050629996361,54.833333333333336,924.6492043727071,51.333333333333336
2,51,real,0,-0.0068636581622908595,1.6442074153005302,2606.884635154709,6.0,1105.4461300403277,56.916666666666664,993.1973636782983,52.916666666666664
2,51,phi-0.60,0,0.00714844285263453,1.0,2058.883830672828,6.0,1114.825146359005,57.0,975.8886840062878,51.333333333333336
2,51,phi-0.60,1,0.004341534823544022,1.0,2068.634110918049,6.0,1100.373634109433,57.333333333333336,986.0868577451029,52.083333333333336
2,51,phi-0.60,2,0.004327331842480975,1.0,2672.7623876629636,6.0,1110.7421616655406,57.0,992.5848678882503,53.083333333333336
2,51,phi-0.30,0,0.0008958726877635193,1.0,2157.666004533118,6.0,1097.5989804859837,59.083333333333336,978.5605605529163,52.333333333333336
2,51,phi-0.30,1,0.0025932818279508236,1.0,2635.9362636053334,6.0,1121.3934010937721,57.75,991.4662061825843,52.666666666666664
2,51,phi-0.30,2,0.0030896807279547785,1.0,2143.41206756501,6.0,1101.9756092925352,55.75,995.0288580139577,52.666666666666664
2,51,phi+0.00,0,-0.0040206303462037305,1.0280980983580195,2076.882065013761,6.0,1111.2216087553948,58.333333333333336,980.2397649950034,51.833333333333336
2,51,phi+0.00,1,-0.006152268768660496,1.168756389759166,2013.9054236763475,6.0,1090.3453541325944,56.75,996.0449561457211,52.75
2,51,phi+0.00,2,-0.003412116008434465,1.1180370855704522,2128.558483028205,6.0,1118.7755277077981,57.916666666666664,977.5056202693821,50.416666666666664
2,51,phi+0.30,0,-0.006190248550854182,1.8967679178293937,2229.9663116458332,6.083333333333333,1108.0947360907378,56.666666666666664,996.0145475564659,53.25
2,51,phi+0.30,1,0.006706703478893083,1.8004771827837156,2188.997762626685,6.0,1105.3048170352029,56.666666666666664,953.406641524425,50.666666666666664
2,51,phi+0.30,2,0.03260706256948334,2.142738682318467,2089.0911220656303,6.0,1113.9227062071357,57.166666666666664,980.6903659366862,52.166666666666664
2,51,phi+0.60,0,0.01150945790858053,3.2725110962192363,2092.545674403176,6.0,1091.5522045243476,56.666666666666664,975.9358759719129,52.0
2,51,phi+0.60,1,0.010692537089008277,3.6848539624518497,2381.7471062972763,6.0,1110.9128611054566,56.583333333333336,988.4637450278756,52.5
2,51,phi+0.60,2,0.022843336579858223,4.277708732026978,2039.1478480218293,6.0,1096.226651230916,56.416666666666664,978.0169649073015,51.833333333333336
2,51,phi+0.90,0,0.2183215592521188,15.526395291294602,2348.3941087180033,6.0,1136.1788533545828,58.5,984.9902110886275,52.083333333333336
2,51,phi+0.90,1,0.27580302362463827,18.83005747805706,2673.082337772735,6.0,1138.5756856224948,57.25,980.2494504703764,52.666666666666664
2,51,phi+0.90,2,0.19663777710485886,14.293286110175368,2548.36512610389,6.0,1133.3057131907894,55.583333333333336,985.0376544911202,51.083333333333336
2,51,phi+0.99,0,0.777854116006746,78.38421988455458,2245.5211741069184,6.0,1137.4457119457431,54.416666666666664,999.5129108172936,52.333333333333336
2,51,phi+0.99,1,0.7811584461394067,74.7510403232792,2589.881896191034,6.0,1206.074235037986,54.833333333333336,1023.847525530146,53.583333333333336
2,51,phi+0.99,2,0.7358173258989261,71.58165611221074,1857.3074519057207,6.0,1083.8785965997586,55.5,956.1925779730662,51.0
2,51,sorted,0,0.9072230502706244,103.53787841361388,1642.1347631881365,6.0,1015.5614999489518,54.333333333333336,959.5151608067935,52.5
2,54,real,0,0.0788663530939999,6.6718795758075915,1752.9470090379411,10.833333333333334,959.8976228244106,54.5,954.6816431975327,55.166666666666664
2,54,phi-0.60,0,-0.005857712444959091,1.0,1837.2010374912272,13.75,992.2222645440634,57.166666666666664,967.4096314806442,56.166666666666664
2,54,phi-0.60,1,0.0003155217916664729,1.0,1776.4164157774892,13.416666666666666,983.2780303583116,56.916666666666664,954.6052280182372,55.5
2,54,phi-0.60,2,0.005945815462186007,1.0,1784.6125256968362,13.666666666666666,990.1536043846058,57.25,964.9769454892379,56.25
2,54,phi-0.30,0,-0.0043386853944535515,1.0,1786.253848073479,13.916666666666666,987.6748540584585,57.25,962.1597346748441,55.833333333333336
2,54,phi-0.30,1,-0.0027352009225537436,1.0,1774.7497491108224,13.25,977.7061052352932,56.25,959.8760051532614,55.833333333333336
2,54,phi-0.30,2,-0.005604340180776276,1.0,1780.8517507952301,13.75,994.1823877864367,57.166666666666664,966.1257139694312,56.333333333333336
2,54,phi+0.00,0,-0.0038802022497417933,1.0363443677112294,1775.9399457511092,13.333333333333334,981.75861307407,56.666666666666664,953.6776605988415,54.916666666666664
2,54,phi+0.00,1,-0.005724993639910949,1.0,1786.4063195963608,13.583333333333334,984.6012649431004,57.0,957.83057067761,55.416666666666664
2,54,phi+0.00,2,-0.0008542134946441851,1.0,1778.0830824441557,13.583333333333334,982.7784570974668,56.916666666666664,961.647904243005,56.0
2,54,phi+0.30,0,0.0018948755717393476,1.0,1780.5830824441557,13.833333333333334,988.320235201108,57.416666666666664,952.7455391901545,55.583333333333336
2,54,phi+0.30,1,0.003341510546764081,1.0,1800.9909228750405,13.916666666666666,991.8007581805242,57.5,955.1983238816762,55.75
2,54,phi+0.30,2,-0.001867099284079768,1.187394052805701,1773.0830824441557,13.083333333333334,976.9214753828952,56.416666666666664,956.1336260552844,55.833333333333336
2,54,phi+0.60,0,0.0024734089082901075,1.274078589487782,1830.0518691529185,13.166666666666666,981.0615702261588,56.333333333333336,962.0706586528744,56.0
2,54,phi+0.60,1,-0.006207607476449643,1.0866942627427199,1780.5830824441557,13.833333333333334,985.9371253419739,57.166666666666664,964.2182476528596,56.25
2,54,phi+0.60,2,0.0007372056313421579,1.3244284845192724,1775.5830824441557,13.333333333333334,980.4185205549169,56.666666666666664,960.3782783443385,56.083333333333336
2,54,phi+0.90,0,0.021429273872938647,3.552841736082372,1763.0830824441557,12.083333333333334,972.7760028716993,55.666666666666664,952.7479133918806,55.0
2,54,phi+0.90,1,0.03893367772419707,4.389963702341696,1768.9164157774892,12.666666666666666,978.6571363975037,56.416666666666664,957.4844162978943,55.75
2,54,phi+0.90,2,0.02858885013799016,3.9508688046817366,1765.5830824441557,12.333333333333334,978.0568365751496,56.416666666666664,954.6317922816298,55.5
2,54,phi+0.99,0,0.1274800448485425,8.19033042345809,1748.0830824441557,10.583333333333334,954.7999854549889,54.166666666666664,944.0653520261841,54.333333333333336
2,54,phi+0.99,1,0.12053523174075072,9.880150617775056,1779.4718174960717,10.083333333333334,978.3626810417585,53.5,977.9334259539122,55.333333333333336
2,54,phi+0.99,2,0.13355675631786038,9.795212930214058,1742.2497491108224,10.0,952.8852019740848,53.666666666666664,947.5732326675384,54.666666666666664
2,54,sorted,0,0.1291842749588198,9.99561597816694,1743.0830824441557,10.083333333333334,949.8778928638552,53.666666666666664,941.6943769505065,54.083333333333336
2,55,real,0,0.023553490697116274,1.984228644124434,2262.71173704935,6.0,1103.8944225227954,55.833333333333336,963.1208180908543,51.0
2,55,phi-0.60,0,0.00974165682471355,1.0,2287.581926348666,6.0,1077.778719301733,54.916666666666664,964.232042125443,51.916666666666664
2,55,phi-0.60,1,0.006635846729751009,1.0,2159.3947555445625,6.0,1109.3231380476227,56.333333333333336,944.4044102207421,51.833333333333336
2,55,phi-0.60,2,0.006461567119809072,1.0,2377.5431760889746,6.0,1097.34182705265,56.5,953.7053956898012,51.166666666666664
2,55,phi-0.30,0,-0.0021035403740664706,1.0,2265.5448083598812,6.0,1107.652900569116,58.416666666666664,954.9687071839512,50.5
2,55,phi-0.30,1,0.005080654502179807,1.0,2280.4385211175163,6.0,1089.6103172024204,56.5,956.0038696241763,51.75
2,55,phi-0.30,2,-0.005296839843009363,1.0,2439.0547343042595,6.0,1096.9412592681795,56.833333333333336,981.9451162573283,52.75
2,55,phi+0.00,0,0.0022015462812530707,1.006245948115215,2227.719301294266,6.0,1109.896950574537,56.25,941.8083422751047,50.166666666666664
2,55,phi+0.00,1,0.0012414479367384736,1.0,2202.006165588054,6.0,1102.7510933109822,55.75,957.5095614922649,51.5
2,55,phi+0.00,2,0.00010296538774622596,1.009700448991994,2189.4669500915866,6.0,1073.4414536934496,54.0,966.9065769230201,52.333333333333336
2,55,phi+0.30,0,-0.004606161738685327,2.1997532932132096,2336.699072897781,6.0,1091.8724752356827,56.083333333333336,967.0198023582424,51.666666666666664
2,55,phi+0.30,1,-0.0020230416914677413,1.9582806896156375,2488.3360113527,6.0,1116.4265019678628,57.25,972.2959099696191,51.75
2,55,phi+0.30,2,0.004183088026390863,1.8040188421326362,2337.0235910328706,6.0,1119.4072943278304,56.166666666666664,964.7799147268221,51.0
2,55,phi+0.60,0,0.037610121375330846,4.612604195860927,2164.2722161210427,6.0,1079.9847768661198,57.583333333333336,939.2544301483208,49.666666666666664
2,55,phi+0.60,1,0.023042024053191588,3.9303590210601027,2500.9532146129654,6.0,1104.880448151043,56.416666666666664,959.4872951455194,49.75
2,55,phi+0.60,2,0.02321613628329259,3.8766237122231613,2126.772613293076,6.0,1099.187575646786,56.75,964.760587110563,51.0
2,55,phi+0.90,0,0.2529103251722036,18.34216220224717,2233.061712096189,6.0,1102.433820243108,56.75,953.7783985136019,51.416666666666664
2,55,phi+0.90,1,0.29797872977962253,20.281523091680242,2387.8264034011704,6.0,1102.7116226057897,55.583333333333336,965.2411042091813,51.416666666666664
2,55,phi+0.90,2,0.24035342269048024,16.920143289631003,2157.6344054167826,6.0,1130.5061670352945,57.166666666666664,974.5457509946144,51.666666666666664
2,55,phi+0.99,0,0.8442939667975983,86.9256529352874,2988.624574516314,6.0,1272.131182608911,56.416666666666664,990.1063613455049,49.833333333333336
2,55,phi+0.99,1,0.8404131322457892,89.63692119842042,2205.3403175144063,6.0,1101.9432286142955,54.5,954.3681207477061,50.083333333333336
2,55,phi+0.99,2,0.760927966957845,77.90988181981106,1851.9483388174688,6.0,1052.4412737907912,53.583333333333336,945.8520996529356,51.25
2,55,sorted,0,0.9072724621097786,103.57694802055086,1684.095471945384,6.0,996.6327653896843,53.833333333333336,923.0510370548855,49.916666666666664
2,56,real,0,0.2012423363113123,24.13833741949697,1973.0395064934494,6.833333333333333,1110.5413473619217,63.75,981.3428206912771,56.083333333333336
2,56,phi-0.60,0,0.001852979367734637,1.0,2077.2763261798245,6.666666666666667,1147.7654557545347,66.25,998.4522202405184,56.166666666666664
2,56,phi-0.60,1,0.007404473980061756,1.0,2640.264619724748,7.0,1144.1321404725593,65.83333333333333,994.0802595452654,56.0
2,56,phi-0.60,2,0.003753889752886854,1.0,2392.4015052913223,7.166666666666667,1157.9346482586036,66.91666666666667,992.1538152142795,56.083333333333336
2,56,phi-0.30,0,-0.004090835948470591,1.0,2236.169347875735,6.833333333333333,1168.9157125241766,66.16666666666667,1014.3433161213811,57.0
2,56,phi-0.30,1,-0.0014203412740226291,1.0,3137.6486921092032,6.833333333333333,1143.0828330463005,66.0,1025.7808542109258,57.583333333333336
2,56,phi-0.30,2,0.003297939518943792,1.0,2579.3517663082475,7.333333333333333,1141.0467071095543,66.5,1002.2994464339254,55.583333333333336
2,56,phi+0.00,0,-0.0028291836897029617,1.0,2388.9222206179425,6.75,1127.2017801561926,64.66666666666667,1001.7631214259769,56.916666666666664
2,56,phi+0.00,1,-0.0009290632935308108,1.0,2694.2119177917407,7.25,1151.3814546568035,67.08333333333333,1025.2734040968016,57.75
2,56,phi+0.00,2,-0.002110718454489603,1.0,2321.2084308289463,7.0,1132.4137622959888,64.25,1004.381830982058,56.083333333333336
2,56,phi+0.30,0,0.0026938610216951497,1.5219842640636307,2407.0679423119072,7.0,1127.748665376049,66.25,998.0180880791298,56.083333333333336
2,56,phi+0.30,1,-0.016403350549766268,1.5081574792152166,2188.907129735136,6.833333333333333,1145.8916581010446,65.66666666666667,988.1532660018601,55.583333333333336
2,56,phi+0.30,2,0.0055031255909898415,1.89002577717772,2268.5759793176717,7.0,1137.1830627409315,65.33333333333333,1004.2401246030962,56.916666666666664
2,56,phi+0.60,0,0.003749815643261003,3.1043284204761057,2335.7108056321927,7.0,1147.1779418735516,65.08333333333333,983.9105747355503,55.416666666666664
2,56,phi+0.60,1,0.009620301489864275,3.2271290738654126,2746.9957728932627,6.666666666666667,1135.5913355578325,65.0,987.8322172990871,54.916666666666664
2,56,phi+0.60,2,0.01472804286716963,3.986601682832278,2123.75600543259,6.666666666666667,1117.434951720957,65.41666666666667,991.0807588702413,55.833333333333336
2,56,phi+0.90,0,0.18662700287860345,14.338710031420693,2576.35145422869,6.75,1148.048988935535,62.333333333333336,987.5336976667804,54.583333333333336
2,56,phi+0.90,1,0.21026695384603047,15.009234845202101,1981.6727293297447,6.416666666666667,1113.6113314369884,63.916666666666664,964.4416218933899,53.666666666666664
2,56,phi+0.90,2,0.19769875297762746,14.198289994325572,2342.629750621747,6.833333333333333,1155.766092238037,65.0,1017.6244143651206,56.75
2,56,phi+0.99,0,0.6150317144139239,54.29966231595702,2541.128385376763,6.416666666666667,1216.7396092290403,61.0,996.3947809520183,53.083333333333336
2,56,phi+0.99,1,0.7581268324158333,73.40405528458308,1974.8211887836114,6.333333333333333,1161.772977047391,61.333333333333336,974.4306237103657,52.583333333333336
2,56,phi+0.99,2,0.5949057504913694,54.46543187533195,2688.5999285888925,6.416666666666667,1238.6909529269706,62.75,1030.3272053180197,55.5
2,56,sorted,0,0.8098921801155063,86.85595368114808,1674.021039081182,6.166666666666667,1016.270440584513,58.25,958.4002106087537,55.083333333333336
2,58,real,0,0.011052571521676727,2.123899748051719,2161.1170694302414,6.083333333333333,1079.763768235484,58.166666666666664,959.2644790122363,52.5
2,58,phi-0.60,0,0.00043847788707818483,1.0,2232.6905843336795,6.0,1085.1654213825288,58.333333333333336,956.3303907659962,52.083333333333336
2,58,phi-0.60,1,0.006945282762493316,1.0,2090.65493145441,6.0,1063.6633683594348,57.833333333333336,953.9707745584225,52.666666666666664
2,58,phi-0.60,2,0.004050772998548049,1.0,2164.359479472977,6.0,1074.110579974944,59.0,937.4941468883654,51.166666666666664
2,58,phi-0.30,0,-0.0007079091816162693,1.0,2168.9117250629097,6.0,1058.7918283195877,57.833333333333336,979.8128383175108,53.25
2,58,phi-0.30,1,0.0021715002560084673,1.0,2210.8885242963947,6.0,1057.33090798991,58.583333333333336,987.1778200411871,53.083333333333336
2,58,phi-0.30,2,0.003892887947281948,1.0,2118.3840770253705,6.083333333333333,1077.8919438278042,58.916666666666664,956.9305501805158,52.333333333333336
2,58,phi+0.00,0,0.001392769001268883,1.0,2111.429112589233,6.0,1068.9153186259427,58.166666666666664,949.6325040139506,52.833333333333336
2,58,phi+0.00,1,0.0014253460987079486,1.068930405771757,2126.043343795167,6.0,1068.2695483678024,59.75,953.697092658317,52.083333333333336
2,58,phi+0.00,2,-0.0044656625184294465,1.0416335706367732,2125.3701721156003,6.0,1060.20528028331,58.5,953.1488312710545,52.416666666666664
2,58,phi+0.30,0,-0.0023648358077444183,1.501743845166367,2224.9655340682043,6.083333333333333,1089.2820097273031,60.333333333333336,950.9971471663386,52.5
2,58,phi+0.30,1,0.006867256158292819,1.56725531520024,2292.8786457078327,6.0,1067.1955981052467,58.666666666666664,949.202177793547,51.333333333333336
2,58,phi+0.30,2,0.01633585389099615,2.1194012245109697,2008.161575993512,6.083333333333333,1059.5357131795201,58.333333333333336,956.7276397611325,52.25
2,58,phi+0.60,0,0.019377653723149826,3.179490224693437,2275.1062879610886,6.0,1069.7129567083518,58.0,949.6175565916507,52.666666666666664
2,58,phi+0.60,1,0.03968477059606141,4.427559256204379,2285.5186018890854,6.0,1076.926787555082,58.333333333333336,982.5879654086929,53.25
2,58,phi+0.60,2,0.01697333520805552,3.0446144346070705,2161.3921058560177,6.0,1064.997443569686,58.833333333333336,954.6257671092371,51.916666666666664
2,58,phi+0.90,0,0.16336159212490856,12.235675800423904,2078.0980150298083,6.0,1080.0181343242616,58.75,978.124424311373,53.916666666666664
2,58,phi+0.90,1,0.14185278633248277,10.890738573793486,2007.7145856769082,6.0,1061.705416973084,57.583333333333336,965.2702496419806,53.416666666666664
2,58,phi+0.90,2,0.12596749058962123,10.842893359900463,2153.218250182753,6.0,1081.4259648590685,59.083333333333336,970.2192772075326,52.833333333333336
2,58,phi+0.99,0,0.7510665400661622,82.4840123718319,1998.2153919566445,6.0,1067.1265808452606,56.916666666666664,939.9694310327418,50.833333333333336
2,58,phi+0.99,1,0.642487717922311,67.38359614247646,2091.6847652866168,6.083333333333333,1080.7118251488503,57.0,962.5638944726193,51.166666666666664
2,58,phi+0.99,2,0.6393011529945468,59.1226537900268,1868.3725196922014,6.0,1092.7290028033083,56.75,963.9102139835719,52.833333333333336
2,58,sorted,0,0.9303411788106587,105.06554465293817,1577.9565435545028,6.0,1010.9822623963578,56.75,914.8860245153852,50.75
2,57,real,0,0.014654814078571922,2.168485174091562,2341.9938811244215,6.0,1078.1859575807318,56.75,994.3753663328183,52.75
2,57,phi-0.60,0,0.005690736469482733,1.0,2381.686791734335,6.0,1085.1851659118272,56.75,980.7272680510558,51.666666666666664
2,57,phi-0.60,1,0.006835742048826241,1.0,2602.244686539508,6.083333333333333,1076.6966919825093,55.75,988.8621267356316,52.083333333333336
2,57,phi-0.60,2,0.0063426895040302805,1.0,3000.8921242538113,6.0,1082.7957324336933,56.333333333333336,1013.231142424561,52.75
2,57,phi-0.30,0,-0.0025605940685543235,1.0,2384.26264400596,6.0,1051.332756139191,56.5,992.8759721155416,53.416666666666664
2,57,phi-0.30,1,-0.0010108378993580651,1.0,3167.7279034556354,6.0,1098.7129821567034,56.416666666666664,980.1954220341196,51.333333333333336
2,57,phi-0.30,2,0.0012402011469488565,1.0,2411.1801734635046,6.0,1075.197226746657,57.333333333333336,963.2969266648107,51.25
2,57,phi+0.00,0,-0.00026117796792070607,1.0377110636908449,2349.0928965291896,6.0,1083.8657991737903,56.833333333333336,978.6256469181203,52.916666666666664
2,57,phi+0.00,1,-0.004559666728984346,1.0450965248677055,3132.5509405318494,6.0,1074.5498445882536,56.666666666666664,964.9722105040945,50.916666666666664
2,57,phi+0.00,2,-0.00010200086222950626,1.0368363679082484,3013.164031821254,6.0,1084.2818464606155,56.083333333333336,979.5127758347647,50.833333333333336
2,57,phi+0.30,0,-4.972044964392337e-05,1.8712935120509844,2919.690282223153,6.0,1072.6201149190513,57.083333333333336,983.7936706071168,51.416666666666664
2,57,phi+0.30,1,0.002416003300901855,1.5112974324628476,2228.2721079291764,6.0,1079.4014996642618,55.666666666666664,985.4992208243543,52.416666666666664
2,57,phi+0.30,2,-0.0021790177474196918,1.6425368814856958,2321.7322827564553,6.0,1094.2074227438281,58.166666666666664,962.4707278213633,50.75
2,57,phi+0.60,0,0.008277249180323245,3.3588186552870605,2544.3964991410658,6.0,1100.2912533799579,56.75,999.8394317778042,53.25
2,57,phi+0.60,1,0.0369120087515882,4.008325751524519,2559.3280409821386,6.0,1070.8959877710713,56.916666666666664,982.6145669415229,51.5
2,57,phi+0.60,2,0.014576531767663345,2.9765723145151792,2644.1997779808066,6.0,1075.1296676426393,56.833333333333336,983.5076520187417,52.416666666666664
2,57,phi+0.90,0,0.17976182787242528,13.14127667610023,2745.4968343903524,6.0,1108.5953394061942,57.416666666666664,990.2673561635137,51.5
2,57,phi+0.90,1,0.1712758655473933,12.892741557278622,2526.032938427535,6.0,1076.9175219720846,56.25,982.3017398928213,51.583333333333336
2,57,phi+0.90,2,0.2724993194072091,21.603279597187885,2591.6312613505056,6.0,1078.6312972940468,56.666666666666664,965.832135272194,51.333333333333336
2,57,phi+0.99,0,0.748158837887705,79.8039705469229,2398.2324688918825,6.0,1086.3218944416749,55.5,980.5414904932237,51.0
2,57,phi+0.99,1,0.6708728668584915,64.31940906647931,2925.2981676435397,6.0,1128.2388563796603,54.416666666666664,991.5528277409798,50.583333333333336
2,57,phi+0.99,2,0.5318787973198259,56.83084735072774,2179.938614194571,6.083333333333333,1063.9836070082622,53.833333333333336,972.0882670782734,50.833333333333336
2,57,sorted,0,0.9460248627070393,110.06058278971078,1861.462611247846,6.0,1001.5756652510877,55.5,956.241095998152,51.083333333333336
2,59,real,0,0.010313533502563508,1.236736586849654,2006.0255053776655,6.0,1072.4080047154432,58.833333333333336,959.768902993323,54.583333333333336
2,59,phi-0.60,0,0.008133563649169428,1.0,2323.3456220048397,6.0,1104.6832472378057,58.666666666666664,948.1046821491619,51.75
2,59,phi-0.60,1,0.005760684735311307,1.0,2882.8468219534666,6.0,1089.2795260655846,57.75,968.3025633053088,53.333333333333336
2,59,phi-0.60,2,0.0070605448163356095,1.0,2352.8453407901416,6.0,1095.2291292529828,59.833333333333336,961.2409465369346,53.333333333333336
2,59,phi-0.30,0,-0.0002504327934167795,1.0,2157.5223268766367,6.0,1081.1098063866482,58.416666666666664,946.6044576732284,51.833333333333336
2,59,phi-0.30,1,0.0015297353950146292,1.0,2005.5858699555702,6.0,1097.4022420013123,59.416666666666664,951.0007153454926,53.416666666666664
2,59,phi-0.30,2,0.003495162791510808,1.0,2794.25583109615,6.0,1095.9219892532785,57.5,958.4450749274976,53.916666666666664
2,59,phi+0.00,0,-0.003889878490246252,1.0,2281.2284879107633,6.0,1105.3706712731375,58.25,950.2831378648175,52.916666666666664
2,59,phi+0.00,1,-0.007031766608220772,1.0404218446779585,2518.176936763515,6.0,1081.7109848008586,58.083333333333336,942.7949764718679,51.416666666666664
2,59,phi+0.00,2,-0.0013047698987323957,1.026515172541298,2687.846254128925,6.0,1115.4736481386933,59.75,948.4292720872132,52.666666666666664
2,59,phi+0.30,0,0.02849453941303585,2.5903698314065986,2688.070206906084,6.0,1121.4901289211064,59.0,962.9232969230496,52.583333333333336
2,59,phi+0.30,1,0.0024722302050429116,1.5748514763685815,2725.4041105827578,6.0,1086.5709769342561,58.166666666666664,962.4451976147452,53.5
2,59,phi+0.30,2,0.010650715230302003,1.7525361145691494,2375.2782028195115,6.0,1104.2127801921333,59.166666666666664,958.6572740963064,53.083333333333336
2,59,phi+0.60,0,0.009878765710261883,3.1838437335036316,2082.71696828431,6.0,1135.913323693394,58.666666666666664,955.7587450248247,52.583333333333336
2,59,phi+0.60,1,0.031225128516055377,2.882600828294623,2304.9979716805205,6.0,1119.475694603386,59.416666666666664,992.8307123983353,53.916666666666664
2,59,phi+0.60,2,0.025309474490316817,3.4017416459945626,2364.1349209431073,6.0,1090.3866027080933,57.75,961.86847695312,53.75
2,59,phi+0.90,0,0.21075764862890362,15.998035750617886,2653.571437639317,6.0,1136.941299990468,57.75,969.9692759035407,52.666666666666664
2,59,phi+0.90,1,0.2475768192077282,17.17481220237217,2549.0430888397755,6.0,1130.7844798595918,56.916666666666664,967.6064059146842,52.333333333333336
2,59,phi+0.90,2,0.18964352665225986,13.586687763292073,2257.47253548743,6.0,1080.9761605987076,57.583333333333336,948.5394217925599,52.083333333333336
2,59,phi+0.99,0,0.6154324806349888,59.00648996571009,3358.1186157345305,6.0,1350.1893713252105,58.416666666666664,1018.047562107277,52.166666666666664
2,59,phi+0.99,1,0.6775943303830532,72.10370047974133,2496.037825365777,6.0,1223.2604397459,55.666666666666664,970.2167342776092,51.083333333333336
2,59,phi+0.99,2,0.5478726854490904,52.86102551894267,2494.2177409270175,6.0,1155.9415017451581,56.416666666666664,978.8330037404684,53.416666666666664
2,59,sorted,0,0.9682035650851013,113.726565513217,1776.6753583089805,6.0,1052.8200646489217,56.5,935.2893106037358,52.25
2,61,real,0,0.04758365425427599,1.0,1688.7413308495252,7.416666666666667,1068.0056912150014,64.0,1007.5755881084254,58.333333333333336
2,61,phi-0.60,0,0.005025129123418262,1.0,2531.8540658276265,7.583333333333333,1094.2069061405616,64.75,1023.5945961373528,58.916666666666664
2,61,phi-0.60,1,0.0002545434902103606,1.0,2003.7187391224977,7.75,1083.7412553873964,64.91666666666667,1016.0141407072912,58.25
2,61,phi-0.60,2,-0.0004842681189964291,1.0,2253.925366300296,7.416666666666667,1091.6715535663136,64.58333333333333,1018.0151887302153,58.916666666666664
2,61,phi-0.30,0,-0.0008298305501553881,1.0,2352.3906719434513,8.0,1129.5623071950938,67.83333333333333,1021.6004904490329,59.083333333333336
2,61,phi-0.30,1,0.00908322206236898,1.0,2177.8442336861867,7.75,1103.3622019850434,64.33333333333333,1009.6520289329468,58.666666666666664
2,61,phi-0.30,2,-0.0032507653736932878,1.0,2133.670301219285,7.583333333333333,1101.1486706750038,65.41666666666667,1026.8826795435627,59.083333333333336
2,61,phi+0.00,0,-0.003932248653306888,1.0287666876727033,2408.659023557596,7.583333333333333,1084.9429203880466,65.08333333333333,1021.4684119993914,59.25
2,61,phi+0.00,1,0.004507552749777923,1.0,2314.2417011034804,7.583333333333333,1114.7426292190746,68.0,1035.6542807954072,58.916666666666664
2,61,phi+0.00,2,-0.0023905798464790937,1.0350859489085782,2228.9663274468085,7.666666666666667,1085.1128422529398,63.75,1013.6561332603502,58.333333333333336
2,61,phi+0.30,0,-0.004551944733247826,1.7802836625386436,2807.779002918322,7.5,1135.7751717916426,66.75,1037.6807415614467,58.916666666666664
2,61,phi+0.30,1,-0.010361070696848738,1.3914887219779875,2094.5188621394436,7.5,1074.849186031715,64.25,1023.0550707260749,58.833333333333336
2,61,phi+0.30,2,0.01766382531737888,1.5917845344802128,2137.8904261428424,7.666666666666667,1101.1850311441365,65.5,1008.1172799465412,57.333333333333336
2,61,phi+0.60,0,0.05154987709736851,4.9029438970892585,1994.434406169421,7.75,1093.0631103693106,65.58333333333333,1040.1746692838508,58.916666666666664
2,61,phi+0.60,1,-0.008163426821706133,2.577785579695421,2183.5954808146494,7.416666666666667,1113.1373548186637,65.66666666666667,1022.1018186007205,58.083333333333336
2,61,phi+0.60,2,0.034961953883280605,3.1074713709090465,2342.850292712068,7.833333333333333,1086.0336342817286,63.583333333333336,1024.9993020115612,58.75
2,61,phi+0.90,0,0.137081081109842,11.498660104002152,2082.0702842450983,7.75,1088.2672839014558,64.58333333333333,994.2241184087301,56.5
2,61,phi+0.90,1,0.11620850224010301,8.143002326045568,2103.2030453421908,7.5,1089.1975457405813,63.083333333333336,1028.2975443816977,57.583333333333336
2,61,phi+0.90,2,0.1505552653233688,11.78910835666181,2056.426555065754,7.25,1091.9251951351423,63.333333333333336,1026.9417576837416,58.083333333333336
2,61,phi+0.99,0,0.3900446806896427,31.164220477081628,2477.593550037142,7.083333333333333,1220.0647362069637,62.333333333333336,1102.468795939914,57.25
2,61,phi+0.99,1,0.6702286397713447,73.95629948547986,3008.3998702273325,7.25,1319.6371947024415,61.416666666666664,1133.6021413224214,57.083333333333336
2,61,phi+0.99,2,0.46004355554879023,37.18838245706081,2752.2314112575136,7.583333333333333,1212.9234691439021,64.75,1082.112589385608,58.333333333333336
2,61,sorted,0,0.7636538389539934,80.25309149059844,1539.7360967068053,6.75,993.1933110443177,58.416666666666664,951.798007179235,53.833333333333336
2,60,real,0,0.33242298497171424,26.569248158417647,3268.897958906489,8.5,1094.9038345275578,62.666666666666664,1034.8476852163615,57.583333333333336
2,60,phi-0.60,0,0.0013485708071306424,1.0,2282.4385143736113,9.333333333333334,1076.8860333957334,64.91666666666667,1020.4631000862287,60.916666666666664
2,60,phi-0.60,1,0.00608285411510048,1.0,2500.554867002347,9.0,1089.990324721056,64.5,1025.351499262997,59.333333333333336
2,60,phi-0.60,2,0.008823407556412107,1.0,2790.5031132801164,9.25,1104.1779862744388,64.25,1031.8948912857165,60.5
2,60,phi-0.30,0,-0.0004941284592932353,1.0,2247.1657022719432,8.666666666666666,1109.7532998467975,67.0,998.7408247234039,58.5
2,60,phi-0.30,1,0.0009274625047854172,1.0,2339.9795134233714,9.083333333333334,1081.2395669782504,63.75,1012.8278502196914,60.75
2,60,phi-0.30,2,-0.002844220571169926,1.0,3190.866372663264,9.25,1102.7693863621125,65.5,1025.4388989756992,60.416666666666664
2,60,phi+0.00,0,0.0006776431949541592,1.0,2116.0965232550484,9.333333333333334,1087.97988098238,65.75,1004.3340668566631,59.333333333333336
2,60,phi+0.00,1,0.007559049142252163,1.0,2345.075854740303,9.25,1088.1303351215834,64.83333333333333,1032.2757956311618,60.666666666666664
2,60,phi+0.00,2,-0.001319856211582893,1.0,2113.7117812004553,8.916666666666666,1101.0967670918192,65.5,1018.8015611857965,60.333333333333336
2,60,phi+0.30,0,0.00017064063548928444,1.319993191922226,2990.007082724786,9.0,1101.2881321870116,63.833333333333336,1017.0440163618836,59.333333333333336
2,60,phi+0.30,1,0.003315933343435166,1.6283450510316209,2255.194233196224,9.0,1133.3248761440748,65.66666666666667,1024.0021602468748,59.416666666666664
2,60,phi+0.30,2,-0.008413760635639426,1.2314280636942188,2321.1099476687446,9.166666666666666,1086.806880631454,65.5,1011.2799992391655,57.416666666666664
2,60,phi+0.60,0,0.0042936860031739625,1.7829090255802837,2348.338220631759,9.25,1097.8272672133987,65.16666666666667,1023.6863887266212,60.083333333333336
2,60,phi+0.60,1,-0.005094289529000356,1.8168037037852618,2402.4171647791004,8.583333333333334,1094.9366466559823,65.16666666666667,1014.1483831648821,59.75
2,60,phi+0.60,2,0.02225555461069849,3.4320115246951657,2304.239393157396,9.166666666666666,1092.068050850175,64.41666666666667,1030.5853008073666,61.25
2,60,phi+0.90,0,0.1069463258377888,9.11732806110118,2240.163425417756,9.0,1090.687213092983,64.08333333333333,1003.590063040791,59.0
2,60,phi+0.90,1,0.07685235239871431,6.989398463098321,2210.1564716860635,9.083333333333334,1096.71910609286,65.0,1005.2928245774519,58.75
2,60,phi+0.90,2,0.04702087848285454,5.3877057404177995,3079.241157856261,9.333333333333334,1088.5576120419503,63.416666666666664,1018.4679376171644,58.75
2,60,phi+0.99,0,0.3813024506726354,37.98816285358106,1770.524031521407,7.916666666666667,1095.1031539806424,61.833333333333336,990.5778744360772,56.416666666666664
2,60,phi+0.99,1,0.473467123192042,44.68605682393471,1699.6169513938587,7.583333333333333,1065.1870422238774,62.083333333333336,986.2360516992107,56.666666666666664
2,60,phi+0.99,2,0.3943547687431072,28.681427773337937,2309.2294769199666,7.833333333333333,1135.6992504255322,62.25,1016.6914832132443,56.833333333333336
2,60,sorted,0,0.5337509508317493,45.35526194452598,1681.8574464075098,7.666666666666667,1020.1076907911997,59.5,959.3848998759339,55.916666666666664
2,62,real,0,0.003323006111423967,1.388548113718767,2432.336784123101,6.0,1084.2123771969273,57.5,959.5277426949729,52.5
2,62,phi-0.60,0,0.0036937294198158646,1.0,2454.2182488222725,6.0,1073.7005947592218,57.083333333333336,950.2579017667175,51.5
2,62,phi-0.60,1,0.003977659556210746,1.0,2701.526956749567,6.0,1072.8675631699257,57.666666666666664,959.2161923990026,53.166666666666664
2,62,phi-0.60,2,0.003567554780534768,1.0,2113.1634489316425,6.083333333333333,1069.1232786061069,57.416666666666664,960.6823880827793,53.416666666666664
2,62,phi-0.30,0,-0.0014299138506391885,1.0,2586.9286095753573,6.0,1066.1837608078142,54.666666666666664,961.5474507199075,52.5
2,62,phi-0.30,1,-0.0008735117796738521,1.0,2197.150826853553,6.0,1081.06276972466,57.166666666666664,954.4736069628381,52.0
2,62,phi-0.30,2,-0.004437786277331561,1.0,2979.6015498151905,6.0,1084.2661147598678,56.25,953.9648494389148,50.833333333333336
2,62,phi+0.00,0,-0.002594122993583622,1.0,2085.658636168451,6.0,1072.682822504328,55.083333333333336,958.8410041372155,51.583333333333336
2,62,phi+0.00,1,-0.00843775437973055,1.0051812411836962,2188.3728188431182,6.0,1061.498908490024,55.666666666666664,938.364966258578,51.083333333333336
2,62,phi+0.00,2,-0.005024552492710265,1.2201430369050787,2381.3507505499406,6.0,1091.9939768896998,57.416666666666664,939.3271505217555,51.416666666666664
2,62,phi+0.30,0,0.003978970684565823,1.8676276350860554,2122.673159158548,6.0,1063.8796503490587,55.666666666666664,949.3257555663058,52.166666666666664
2,62,phi+0.30,1,-0.019527672509575687,1.5294765353735382,2471.346121559601,6.0,1076.867050206413,56.833333333333336,952.9342810963855,50.833333333333336
2,62,phi+0.30,2,0.003515368643676742,1.62297993712901,2040.82731461455,6.0,1085.1706619374183,57.666666666666664,947.6123988929902,51.5
2,62,phi+0.60,0,0.01404795404624663,2.7213825080631606,2449.2548802600704,6.0,1088.212949229012,56.666666666666664,969.2288368370679,53.5
2,62,phi+0.60,1,0.06030565082484657,5.093568952828,2153.2318130146855,6.0,1063.475815134497,56.75,947.9177279792642,52.333333333333336
2,62,phi+0.60,2,0.020510177781075743,3.293445861746245,2625.7060382991995,6.0,1106.5598053452275,56.75,954.9428422572879,52.333333333333336
2,62,phi+0.90,0,0.22510623817514214,18.711844358045745,2075.305979183695,6.0,1046.6053540306773,56.5,952.720164450373,51.916666666666664
2,62,phi+0.90,1,0.21527586653236955,18.763599388549284,2137.6520808235514,6.0,1086.8364391962157,55.75,966.1209570953242,51.833333333333336
2,62,phi+0.90,2,0.1437612464447175,10.856408933247765,2373.2139154353504,6.083333333333333,1100.8800155102347,56.166666666666664,952.7655354935845,52.333333333333336
2,62,phi+0.99,0,0.7519937356012308,76.80132178111377,2523.8869513832133,6.0,1096.0506395943264,55.5,966.7063265463385,53.083333333333336
2,62,phi+0.99,1,0.5922455768641844,47.653514660954485,2189.391871794816,6.0,1062.7198936233954,55.0,948.8849681304347,51.333333333333336
2,62,phi+0.99,2,0.6131970582149435,58.84693028570591,2409.3140669311892,6.0,1162.7246005238353,56.083333333333336,966.831158909235,50.25
2,62,sorted,0,0.9672975264185624,113.51930916824617,1644.6655548884753,6.0,1002.1593752293165,54.0,931.6299874693277,51.75
2,63,real,0,0.1428148726662534,17.993176277103164,2090.6294970421704,6.083333333333333,1077.9915799266053,58.75,963.7507441557073,52.0
2,63,phi-0.60,0,0.003556665675486007,1.0,2137.6915549495416,6.333333333333333,1102.7910241146756,59.166666666666664,985.9287537222207,53.833333333333336
2,63,phi-0.60,1,0.008687114090723513,1.0,1996.146085458304,6.333333333333333,1094.8477956742124,57.75,982.7173332073575,52.833333333333336
2,63,phi-0.60,2,0.0070325399110241224,1.0,2007.8135069253347,6.333333333333333,1091.2918447714462,57.416666666666664,990.4961108718148,53.166666666666664
2,63,phi-0.30,0,-0.002192243539036877,1.0,2394.717304707577,6.25,1129.1059173314559,59.166666666666664,984.9266015522679,51.666666666666664
2,63,phi-0.30,1,0.014497715089303375,1.0,1994.9317869697998,6.25,1086.8231745598348,57.833333333333336,970.3159519394762,51.333333333333336
2,63,phi-0.30,2,-0.006055544303618301,1.0,2001.0763118052062,6.416666666666667,1109.9296287777431,59.25,977.0425217889293,52.833333333333336
2,63,phi+0.00,0,-0.0017156685301687375,1.0,2097.5074370258085,6.416666666666667,1085.4932668641695,58.0,979.8025379814184,51.833333333333336
2,63,phi+0.00,1,-0.0011714424189329716,1.0455243662397766,2339.3426220781794,6.25,1095.565728760843,58.416666666666664,996.9266033063035,52.833333333333336
2,63,phi+0.00,2,-0.005210412464547879,1.0499586303542847,2308.1084954066714,6.25,1099.6962816822822,57.083333333333336,983.9340937817177,51.916666666666664
2,63,phi+0.30,0,0.006468915023281566,1.9213814223320564,2361.0631550440085,6.583333333333333,1118.3036058058806,59.5,998.7274097498512,53.833333333333336
2,63,phi+0.30,1,-0.014019309877318246,1.7150330393439355,2094.5417510032985,6.5,1088.8226029243094,59.166666666666664,985.4020941469499,52.666666666666664
2,63,phi+0.30,2,0.005380898902484323,1.8684624610293143,2084.7276573762533,6.333333333333333,1102.982152827873,59.333333333333336,986.8903557860518,52.916666666666664
2,63,phi+0.60,0,0.002266367002952936,3.5028379142611206,2096.4764148112195,6.333333333333333,1096.2703279907332,57.666666666666664,985.9218235112488,52.416666666666664
2,63,phi+0.60,1,0.04044295993405029,4.00657902541251,2202.8505487065727,6.333333333333333,1096.81171717711,59.166666666666664,983.3340878662921,52.666666666666664
2,63,phi+0.60,2,0.00923784852136245,2.903170718393574,1945.7807436974344,6.083333333333333,1087.719646079018,58.333333333333336,986.699852621367,52.833333333333336
2,63,phi+0.90,0,0.18502854955856718,13.66910419765073,2071.8798035115083,6.166666666666667,1091.8267659955943,57.833333333333336,973.3149832859422,51.333333333333336
2,63,phi+0.90,1,0.17129112323318557,13.437764295452016,2154.598019174438,6.25,1090.6246297203777,55.75,978.8313031389938,51.916666666666664
2,63,phi+0.90,2,0.12244180738595029,9.888123339806665,2279.122514480638,6.25,1115.5333704723623,58.583333333333336,1003.9329755418747,53.583333333333336
2,63,phi+0.99,0,0.6774071237991879,68.76652318611191,1676.7311093588742,6.0,1071.378336419337,56.5,946.8173983636794,51.0
2,63,phi+0.99,1,0.6438782147298846,61.37052424409015,2498.4797341292265,6.25,1267.9013105917672,56.25,1030.514128854843,52.0
2,63,phi+0.99,2,0.45425420034180575,33.70303036855151,2032.4115232445981,6.083333333333333,1088.5670515039005,56.666666666666664,977.8591963141702,50.583333333333336
2,63,sorted,0,0.7571862912089246,84.75336316947184,1626.1927080673183,6.25,1008.4519479559103,55.0,937.1400579194705,51.166666666666664
2,64,real,0,0.008253036913297814,2.103053474948081,2588.947688488584,6.083333333333333,1092.0793647996454,61.333333333333336,989.3334094398793,56.25
2,64,phi-0.60,0,0.005664360567770672,1.0,2367.341253419377,6.0,1115.3343890237459,61.666666666666664,979.323040785724,54.5
2,64,phi-0.60,1,0.0053486119224376676,1.0,2271.162449545602,6.166666666666667,1073.4445378822559,59.25,957.1533777956316,53.916666666666664
2,64,phi-0.60,2,0.0023696317869103937,1.0,2440.468285168425,6.083333333333333,1128.5071053212278,63.25,987.79826865719,55.666666666666664
2,64,phi-0.30,0,0.0015818425684850784,1.0,2236.314208116311,6.166666666666667,1117.3763928244919,62.833333333333336,980.809461544885,54.5
2,64,phi-0.30,1,0.004188716455445237,1.0,1997.4810927736455,6.0,1109.5355915547923,62.333333333333336,971.1742107868213,54.25
2,64,phi-0.30,2,-0.00013621227135799548,1.0,2670.7407387416297,6.166666666666667,1097.1052762428574,61.833333333333336,987.2078012881703,55.083333333333336
2,64,phi+0.00,0,0.0010480885940111783,1.0,2410.256380463901,6.166666666666667,1096.6949679529732,60.916666666666664,982.6966755981216,55.333333333333336
2,64,phi+0.00,1,-0.010984624864519212,1.011693213100922,2174.7253290311573,6.166666666666667,1108.218169785945,62.166666666666664,974.6926459447819,54.416666666666664
2,64,phi+0.00,2,-0.0018936443998538322,1.0,2292.294206920011,6.083333333333333,1119.8840000578423,62.083333333333336,982.9862624603887,55.333333333333336
2,64,phi+0.30,0,0.00507844842270109,1.6278335234011012,2773.3564943747992,6.083333333333333,1122.3072562743164,62.5,976.8852360045239,53.833333333333336
2,64,phi+0.30,1,-0.015689024062342384,1.622237629550413,2209.8239812341803,6.166666666666667,1098.6648406196412,61.166666666666664,977.4543155678748,54.416666666666664
2,64,phi+0.30,2,0.0019984993198246845,1.835056909443612,2263.902654350162,6.166666666666667,1087.9015210730774,60.5,980.8300207734022,55.083333333333336
2,64,phi+0.60,0,0.025566506483935054,2.977275550890214,2759.703167149208,6.0,1128.408882687742,62.333333333333336,971.3754865418854,54.416666666666664
2,64,phi+0.60,1,0.046345664346754925,4.33982504607938,2291.8344999823576,6.25,1119.5124517354877,62.0,965.0129435456083,53.833333333333336
2,64,phi+0.60,2,0.01973288593578249,3.724316490804422,2745.630281680111,6.25,1100.298879663662,61.416666666666664,993.7706614474358,56.333333333333336
2,64,phi+0.90,0,0.1908256227370722,13.553206364329867,1990.3541965808429,6.0,1090.3843252628437,59.25,986.858257286223,54.583333333333336
2,64,phi+0.90,1,0.2523921656990027,20.965166452477526,2447.617214340385,6.083333333333333,1087.7982764088244,59.833333333333336,966.6887375592056,53.833333333333336
2,64,phi+0.90,2,0.15730842931649983,11.773754269554384,2659.0923742917907,6.166666666666667,1158.5389559126495,61.166666666666664,998.8710262745057,55.333333333333336
2,64,phi+0.99,0,0.6105293971932138,56.55609375476017,1782.4780751211501,6.166666666666667,1068.718122075654,60.916666666666664,946.5816794996387,53.833333333333336
2,64,phi+0.99,1,0.646122692732059,67.93950542374189,3083.4135414084826,6.083333333333333,1263.299550666816,58.916666666666664,999.453361914223,52.833333333333336
2,64,phi+0.99,2,0.4647976427086001,39.64910284969661,3370.128725914727,6.0,1294.753802279394,62.083333333333336,1036.7267734652053,54.416666666666664
2,64,sorted,0,0.9082652761292918,101.81042192435352,1662.8134414931153,6.083333333333333,1019.7678151882911,57.583333333333336,939.3729409438788,52.833333333333336
2,65,real,0,0.3312887792369091,38.98508869631492,2218.996853056911,6.916666666666667,1124.2643220254542,62.916666666666664,1008.8608596281994,57.916666666666664
2,65,phi-0.60,0,-0.0020153358375040375,1.0,2252.5319209116046,7.75,1127.081112676804,65.33333333333333,1019.1703543122659,58.666666666666664
2,65,phi-0.60,1,-0.0017980020837528423,1.0,2368.582128562272,7.5,1102.6533893444414,63.75,986.2182505432253,55.416666666666664
2,65,phi-0.60,2,-0.004971754693181624,1.0,2494.1867572956603,7.583333333333333,1107.9997866272813,63.5,1007.6739547278966,58.083333333333336
2,65,phi-0.30,0,0.00166964670885054,1.0,2259.856656220339,7.416666666666667,1095.2133447797762,63.5,1004.8434568681669,56.916666666666664
2,65,phi-0.30,1,-0.0007667837025177634,1.0,2460.684034001802,7.666666666666667,1092.7103040042987,62.916666666666664,1021.7715040793046,58.583333333333336
2,65,phi-0.30,2,-0.0036909518000012424,1.0,2898.3513290049395,7.75,1118.8705410633213,64.16666666666667,1011.799932285278,58.0
2,65,phi+0.00,0,-0.005370346510777923,1.0,3068.3982664058403,7.666666666666667,1145.9229518087418,65.58333333333333,1011.7177124628606,57.583333333333336
2,65,phi+0.00,1,-0.002803857721112891,1.110578638931241,2262.128306455031,7.25,1128.30815738085,65.41666666666667,1009.6976270644832,57.916666666666664
2,65,phi+0.00,2,0.005613353126110727,1.0,2349.0003154906017,7.416666666666667,1119.4894965008355,66.25,1013.3426312251236,58.0
2,65,phi+0.30,0,0.006384749198429843,1.420409380094101,3164.6159606109236,7.416666666666667,1106.6303188605477,63.916666666666664,1040.3325401961886,59.666666666666664
2,65,phi+0.30,1,0.0005718605917033536,1.9274991623722566,2771.7599548706626,7.666666666666667,1113.9818963973119,64.91666666666667,1017.7791615754945,58.166666666666664
2,65,phi+0.30,2,0.0004892886154215345,1.5106877726544865,2889.722402172152,7.666666666666667,1138.988337234955,65.91666666666667,1020.2423911564747,58.25
2,65,phi+0.60,0,-0.0026665993250778253,2.572200903518281,2641.0159627949847,7.416666666666667,1138.5147144921455,64.25,1009.1532122944823,57.666666666666664
2,65,phi+0.60,1,0.011049265023581297,2.378365614590959,2549.0946980529757,7.333333333333333,1093.6944726881904,62.083333333333336,1013.086912124048,57.166666666666664
2,65,phi+0.60,2,0.035611405961745224,3.5452005040655417,2637.7095223969795,7.5,1106.6505698042372,62.75,1034.752187429732,58.833333333333336
2,65,phi+0.90,0,0.2144576838002209,22.670250293661706,2623.1456477590123,6.916666666666667,1136.488394281221,63.333333333333336,1019.0874667956649,57.333333333333336
2,65,phi+0.90,1,0.07073494901850146,7.637081696191587,2274.0747490550125,7.5,1088.2484700876028,62.583333333333336,997.0962422045098,56.583333333333336
2,65,phi+0.90,2,0.23424514118521106,22.46395845649056,2636.1295818289927,7.5,1179.9740539135655,64.16666666666667,1044.9623295000554,56.416666666666664
2,65,phi+0.99,0,0.634464073054531,55.56457744741028,1868.5638700274349,6.583333333333333,1033.9310922941957,59.333333333333336,944.0705266020547,53.916666666666664
2,65,phi+0.99,1,0.5566666874523366,39.80956789997909,2592.454043624399,7.25,1190.5129766760165,61.083333333333336,1013.9379946570062,56.0
2,65,phi+0.99,2,0.7289761684165194,77.19640149603809,3132.3844465214365,7.0,1446.6374834544795,59.666666666666664,1099.9899352224845,52.583333333333336
2,65,sorted,0,0.7000972772254124,73.21919051770924,1879.047170155821,6.75,1009.9160117372568,57.916666666666664,938.674038493191,53.416666666666664
2,66,real,0,0.16171984663800437,19.57563046960639,2400.9599196318804,6.833333333333333,1158.0589313670105,65.0,1004.522234890755,54.666666666666664
2,66,phi-0.60,0,0.013420512005854738,1.0,2690.093643304782,6.916666666666667,1102.421471364863,61.583333333333336,1016.0839686973914,55.583333333333336
2,66,phi-0.60,1,0.0051031103222742725,1.0,2256.5183717713717,6.75,1137.0837683358998,64.58333333333333,1007.4512033441733,55.166666666666664
2,66,phi-0.60,2,0.00896177653860999,1.0,2764.882820206791,7.083333333333333,1139.4640355853974,64.58333333333333,1000.1293893721323,55.333333333333336
2,66,phi-0.30,0,-0.002284944766786982,1.0,2374.187464900778,7.083333333333333,1149.62545789025,64.08333333333333,1012.502532540947,56.416666666666664
2,66,phi-0.30,1,-0.002092608210896892,1.0,2287.141238055877,6.916666666666667,1123.6381319431982,64.66666666666667,1004.1503819982294,55.416666666666664
2,66,phi-0.30,2,0.004464985469010626,1.0,2305.1491146305502,7.0,1129.7691868462432,64.25,1004.4750036139149,56.166666666666664
2,66,phi+0.00,0,-0.006197257190825867,1.0997014503967077,2891.119973026069,7.083333333333333,1158.5052939229788,65.41666666666667,1034.3266754890935,56.25
2,66,phi+0.00,1,0.004701491302933872,1.0869623981802363,2395.030509381682,6.583333333333333,1142.8646014056835,64.91666666666667,1013.0112976057802,56.416666666666664
2,66,phi+0.00,2,-0.0011716573768579149,1.0,2586.1853029310537,6.916666666666667,1134.2591502606408,64.16666666666667,1033.2660984300335,56.5
2,66,phi+0.30,0,-0.008402418195739671,1.429813854093093,2491.6477906732375,7.0,1145.8756456784583,64.83333333333333,1020.4509410123204,55.666666666666664
2,66,phi+0.30,1,-0.000997878422771464,1.565426252698583,2440.4621763880505,6.916666666666667,1137.4816853084205,64.58333333333333,1022.6061359693689,56.583333333333336
2,66,phi+0.30,2,-0.0014678235720486006,1.494644960191561,2617.2833692645872,7.0,1125.194066935069,63.75,1016.532029652592,55.416666666666664
2,66,phi+0.60,0,0.03340492525932938,3.284978752633445,2131.1544666848263,6.916666666666667,1132.1187310551466,63.25,1034.5774537349141,57.5
2,66,phi+0.60,1,0.019528917537028498,2.9220981362215466,2491.385801863993,7.083333333333333,1136.9348950104275,63.75,1025.2283708236093,55.833333333333336
2,66,phi+0.60,2,0.03410651344344838,3.3976961114750774,2327.8912768458686,7.0,1153.3894058217795,63.583333333333336,995.2789884866911,54.0
2,66,phi+0.90,0,0.19643940496591047,14.009174789464762,3190.6963719584364,7.416666666666667,1165.7456846714679,63.583333333333336,1028.625538901342,55.166666666666664
2,66,phi+0.90,1,0.1953323356772745,13.957959183483853,2418.290996705847,7.0,1154.8924048526019,65.5,1006.2605730289112,54.416666666666664
2,66,phi+0.90,2,0.15221549444806318,12.104264206167262,2472.637016337431,7.083333333333333,1208.6873659505939,63.583333333333336,1040.8166639717276,56.333333333333336
2,66,phi+0.99,0,0.6247310478379495,53.39744761654825,2133.826689435311,6.166666666666667,1107.672870413495,60.75,997.671885807636,54.166666666666664
2,66,phi+0.99,1,0.6195562601025426,51.146525928021525,2436.956375901888,6.333333333333333,1160.1767548916353,61.75,1026.496971956325,55.75
2,66,phi+0.99,2,0.47126399259275964,41.2789221259199,2090.928718549317,6.416666666666667,1099.2296890313344,61.166666666666664,1004.2122469055713,53.833333333333336
2,66,sorted,0,0.7954563342296018,85.30307719648496,1796.2525015074125,6.333333333333333,1029.2237876081488,58.333333333333336,958.4017186859516,53.25
2,67,real,0,-0.007154209494221309,1.35849478987019,1949.1548479748215,5.833333333333333,1089.5511868901829,58.833333333333336,945.1786295311464,51.583333333333336
2,67,phi-0.60,0,0.003869379117172612,1.0,2161.178797568702,5.833333333333333,1081.8132912171611,56.75,942.3554943195437,50.166666666666664
2,67,phi-0.60,1,0.004724721674608655,1.0,2409.3315158152036,5.833333333333333,1084.6129227491158,57.416666666666664,956.1917997522551,51.166666666666664
2,67,phi-0.60,2,0.009030587926794821,1.0,2466.0556018574343,5.916666666666667,1087.8566231122488,57.25,949.0306893462712,50.5
2,67,phi-0.30,0,0.0036608011544336364,1.0,1939.4308164282118,5.833333333333333,1069.601388675611,56.5,943.0002254626198,51.916666666666664
2,67,phi-0.30,1,0.005761378678543651,1.0,2177.184738704111,5.833333333333333,1057.0127587570626,56.5,943.4202047036852,49.75
2,67,phi-0.30,2,0.001974363680111304,1.0,1996.918935340774,5.833333333333333,1079.3939347231044,56.583333333333336,947.1026964383294,51.75
2,67,phi+0.00,0,-0.006580469302904609,1.0203687080125672,2153.5478676029393,5.833333333333333,1089.1756661901225,56.0,948.1311091567877,51.0
2,67,phi+0.00,1,0.0012611693968765864,1.4821166054435453,2188.486322407243,5.833333333333333,1085.5223022748019,56.5,961.6322555613156,50.333333333333336
2,67,phi+0.00,2,0.004361047278038135,1.0,2029.5943595164608,5.833333333333333,1070.518480347874,57.833333333333336,955.7092452719509,51.333333333333336
2,67,phi+0.30,0,-0.0071098560157364255,1.5408905283332894,2219.3292391260584,5.833333333333333,1111.4973992358944,57.583333333333336,954.7225677149462,51.5
2,67,phi+0.30,1,-0.01006320255002679,1.6373982879969913,2245.921835817783,5.833333333333333,1089.001371846888,58.0,942.1496146646313,50.25
2,67,phi+0.30,2,-0.004285629172665428,1.4629948021146455,2141.8036450562417,5.833333333333333,1081.9085998217117,57.583333333333336,955.2880788287098,51.166666666666664
2,67,phi+0.60,0,0.013464086038193138,2.716666533997275,2255.508930874582,5.833333333333333,1096.7337363336267,56.166666666666664,951.2728120022811,50.083333333333336
2,67,phi+0.60,1,0.024011809677338552,4.541416330087801,2322.9567774518237,5.833333333333333,1099.9447930726049,56.916666666666664,970.569568987778,50.666666666666664
2,67,phi+0.60,2,0.0013449705293901802,3.1015006784138066,2194.1913487180886,5.833333333333333,1077.1216166250033,57.333333333333336,933.3722020685859,50.75
2,67,phi+0.90,0,0.21705013112296118,15.1372280723227,2084.000898996963,5.833333333333333,1095.749601695321,55.583333333333336,944.0513890746032,50.666666666666664
2,67,phi+0.90,1,0.18967518832909652,14.354777883637249,1935.2229606126245,5.833333333333333,1092.9070905445767,56.166666666666664,949.7303402880789,50.833333333333336
2,67,phi+0.90,2,0.11809546982771654,10.140121870610027,2050.6721397454744,5.833333333333333,1116.1519495563891,57.333333333333336,971.2701527818887,52.25
2,67,phi+0.99,0,0.6982056731423729,74.5239791305808,1757.3320054850171,5.833333333333333,1064.5486435808855,54.333333333333336,922.7049422138921,49.5
2,67,phi+0.99,1,0.7200152797841196,75.52408058463904,2154.764136884172,5.833333333333333,1198.187739226208,55.166666666666664,978.5268527966965,50.666666666666664
2,67,phi+0.99,2,0.6540298498414842,65.12865464668461,1917.9050296347193,5.833333333333333,1074.741329601107,55.0,943.0156695191008,49.416666666666664
2,67,sorted,0,0.9466822638549478,108.80356785681928,1653.4187299941962,5.833333333333333,1024.529651950775,53.583333333333336,925.2236119007654,50.75
2,68,real,0,0.0972790499081684,8.379168733245862,1761.1498219274029,10.0,1032.2979493619662,60.333333333333336,974.1787280433809,54.833333333333336
2,68,phi-0.60,0,0.010324177097560673,1.0,2584.0499062427734,10.5,1053.2366715048136,62.166666666666664,993.869633273985,56.666666666666664
2,68,phi-0.60,1,-0.00565947457455137,1.0,2682.5794990791023,10.5,1041.3725679220954,61.333333333333336,973.8458937329045,54.833333333333336
2,68,phi-0.60,2,-0.0004876758249305608,1.0,2343.233062640837,10.5,1034.0442817606456,61.083333333333336,989.7494963009835,56.333333333333336
2,68,phi-0.30,0,0.003081608276501209,1.0,2956.8617791069264,10.75,1039.3561365786438,60.916666666666664,988.0829508960815,56.0
2,68,phi-0.30,1,0.0028013739083282245,1.0,2600.55527616036,10.416666666666666,1040.879952945481,61.333333333333336,990.7651430834177,56.0
2,68,phi-0.30,2,-0.0002038539886919053,1.0,2649.5083626131764,10.083333333333334,1042.909537208967,60.416666666666664,998.2200431264928,56.25
2,68,phi+0.00,0,-0.00364505979539835,1.0,2568.7625349271493,10.083333333333334,1038.9262287118847,61.416666666666664,975.9801296444326,54.833333333333336
2,68,phi+0.00,1,-0.0006423936415928797,1.0,2372.5684035846484,9.75,1034.1089443971894,60.333333333333336,970.6191583776758,55.416666666666664
2,68,phi+0.00,2,0.0008679048534974115,1.1331680123014103,2481.10169633403,10.083333333333334,1054.150253925687,62.25,979.0922488577036,56.166666666666664
2,68,phi+0.30,0,-0.011337951106936837,1.3796171837812041,2479.502244701735,9.75,1050.3476554497886,62.583333333333336,983.58403358775,56.25
2,68,phi+0.30,1,-0.006402329048745967,1.1857917787004515,2373.0047770906376,10.416666666666666,1042.6624701026662,61.25,979.8523493424699,55.5
2,68,phi+0.30,2,-0.0015835134563054992,1.388115422214287,2197.9052966597005,10.0,1022.5635499097602,60.5,978.769748664999,55.583333333333336
2,68,phi+0.60,0,-0.009624264140567955,1.738469588119648,2644.974764592756,10.416666666666666,1054.3014824688858,61.583333333333336,991.7274885521584,55.75
2,68,phi+0.60,1,0.01651906479833584,1.8212531617433982,2526.4671568269046,10.083333333333334,1074.3587920545376,62.166666666666664,985.5223221187078,55.333333333333336
2,68,phi+0.60,2,0.01257937880154386,2.07491747933621,2208.739971297045,9.833333333333334,1045.4045327120782,62.0,974.4845038415955,55.333333333333336
2,68,phi+0.90,0,0.037624306908292784,5.05506029014005,1902.9938439328616,9.833333333333334,1041.8413060033579,61.083333333333336,965.8167993193077,54.416666666666664
2,68,phi+0.90,1,0.024181728608607664,4.740752160178592,1909.0416414936346,10.5,1032.357265459788,60.166666666666664,972.1139969174365,55.5
2,68,phi+0.90,2,0.155634050248755,11.401273177618195,2195.44743224613,9.166666666666666,1015.2307559385613,58.666666666666664,965.9850863325797,54.0
2,68,phi+0.99,0,0.31244176697196735,26.93959613534088,4470.910252880934,9.333333333333334,1233.47844901771,60.333333333333336,1097.2778575285968,55.416666666666664
2,68,phi+0.99,1,0.47431831293334276,30.893780032523196,1800.8721320498419,8.75,1053.126117775282,58.75,986.97009960971,53.75
2,68,phi+0.99,2,0.3780705922593418,37.46830034024209,1818.4099481869941,8.916666666666666,1035.403026061825,59.083333333333336,972.068370960405,54.25
2,68,sorted,0,0.5716377932216968,42.459950748061075,1699.433931496477,9.75,988.9522178863881,57.666666666666664,944.4421227416875,53.5
2,69,real,0,0.051837973037719705,1.8866219145238783,2121.443620139043,7.166666666666667,1093.4653823329952,63.916666666666664,1012.7709042340158,57.583333333333336
2,69,phi-0.60,0,0.003929670464190806,1.0,2475.4394039567414,7.75,1113.8520390022666,66.5,1023.5484324426135,59.5
2,69,phi-0.60,1,0.006578610313023442,1.0,1980.2806490843152,7.333333333333333,1111.2779506602717,64.58333333333333,1016.8951991606992,58.583333333333336
2,69,phi-0.60,2,0.007949339412752342,1.0,2436.1807051621495,7.166666666666667,1105.5754605163431,64.16666666666667,1020.9674205857751,59.166666666666664
2,69,phi-0.30,0,-0.0034418763868818347,1.0,3890.935369461013,7.833333333333333,1127.0430857726587,64.91666666666667,1033.742363405205,57.666666666666664
2,69,phi-0.30,1,-0.0023689635781684467,1.0,2316.8777821777617,7.583333333333333,1126.11016148236,66.66666666666667,1031.9237362059048,59.75
2,69,phi-0.30,2,0.0014388133395709505,1.0,2394.4735643278113,7.583333333333333,1097.0989416411348,63.666666666666664,1003.3757820259528,57.75
2,69,phi+0.00,0,-0.00675180395900879,1.0636526630188299,2294.2027869301796,7.416666666666667,1118.8797130445355,66.25,1026.8743081539071,59.5
2,69,phi+0.00,1,-0.006525311782591503,1.0,2293.1833022859596,7.5,1125.362465831471,65.5,1000.4875940665365,56.083333333333336
2,69,phi+0.00,2,-0.005339195818014389,1.0,2841.189548436976,7.833333333333333,1111.6611426411969,65.0,1010.1070803332449,57.166666666666664
2,69,phi+0.30,0,0.006971088525615599,1.672957562154013,2469.0341158638407,7.25,1121.3252176438882,66.33333333333333,1025.5123922627988,59.333333333333336
2,69,phi+0.30,1,-0.0029586010382898383,1.3784991420415007,1915.1509326116523,7.5,1116.7700373649488,66.16666666666667,997.530440599231,57.5
2,69,phi+0.30,2,0.0028598496005434286,1.6759936559050406,2543.017612882279,7.333333333333333,1108.759737999808,64.16666666666667,1039.6673516235905,58.75
2,69,phi+0.60,0,0.02675232435785068,3.5865019205024593,2422.6822460625285,7.416666666666667,1114.8773740728182,66.16666666666667,1019.4374021749321,58.666666666666664
2,69,phi+0.60,1,0.03061729010328487,4.365523665821975,3359.247480527362,8.166666666666666,1126.732013064953,66.41666666666667,1041.4559699120175,58.166666666666664
2,69,phi+0.60,2,0.03481104671520487,4.034558967937865,2227.0670517164776,7.666666666666667,1106.42491833687,64.5,1039.9301765323382,60.0
2,69,phi+0.90,0,0.1411822558788613,11.502327243748194,3516.203767300274,7.333333333333333,1152.0832489422771,66.08333333333333,1030.0938975586246,57.5
2,69,phi+0.90,1,0.1405432323898684,10.911308457673325,2029.668695300598,7.333333333333333,1109.8600363702558,65.33333333333333,1009.2781162503326,57.833333333333336
2,69,phi+0.90,2,0.1843675779657143,13.347132360863046,1858.2610827493918,7.416666666666667,1110.78113926723,65.58333333333333,1032.391350105224,58.666666666666664
2,69,phi+0.99,0,0.4322347750526915,30.232910148209243,2974.0570285907447,7.333333333333333,1172.2930781986913,62.166666666666664,1022.7418327632735,55.833333333333336
2,69,phi+0.99,1,0.6272955277358052,59.84652819320371,1703.3478845353031,6.833333333333333,1068.7474467769546,60.916666666666664,980.616595014571,56.333333333333336
2,69,phi+0.99,2,0.6028023652531429,63.69139580544493,2445.885520517339,7.0,1126.7741495752418,63.0,1017.7555216405876,56.666666666666664
2,69,sorted,0,0.804718620668757,85.80322541979419,1608.2176866322836,6.583333333333333,1020.6399085515072,59.083333333333336,943.5439829806506,53.916666666666664
2,70,real,0,0.390858792759256,47.50189113164211,1946.4227473710034,6.916666666666667,1068.9674913799586,64.91666666666667,974.5569559658392,55.5
2,70,phi-0.60,0,0.00613224323919962,1.0,2161.76931305301,7.0,1103.739424114947,66.41666666666667,983.8297371200639,55.583333333333336
2,70,phi-0.60,1,0.009005076307625986,1.0,2039.3533667481277,7.083333333333333,1114.498496033818,67.83333333333333,993.9459588138379,56.916666666666664
2,70,phi-0.60,2,0.006509247571232869,1.0,2452.0952532610254,7.083333333333333,1120.612970447991,67.83333333333333,977.2481073665102,55.166666666666664
2,70,phi-0.30,0,0.00884807513240887,1.0,2294.509695072019,6.833333333333333,1090.1682167071792,65.58333333333333,990.7007713058241,56.916666666666664
2,70,phi-0.30,1,0.007538783716130552,1.0,2137.3432782876894,7.25,1123.6243368655807,67.16666666666667,987.211726657857,56.833333333333336
2,70,phi-0.30,2,-0.0025994678994608338,1.0,2297.754491207997,7.25,1135.208020792644,66.83333333333333,995.7509736293138,56.5
2,70,phi+0.00,0,-0.00013949635861560221,1.152640715635329,2428.4537467284385,7.5,1118.117526868346,66.83333333333333,1000.0901726269107,56.25
2,70,phi+0.00,1,-0.0012149257626084629,1.0,2271.438490048073,6.916666666666667,1115.0963716912427,66.5,983.8500649988515,56.583333333333336
2,70,phi+0.00,2,0.005658207162850426,1.309896263189172,2084.496687874002,7.416666666666667,1123.4425787654934,68.0,992.1828049562027,57.416666666666664
2,70,phi+0.30,0,-0.004525591981300547,1.4354772415116415,2469.8672156166394,7.416666666666667,1104.6973536889311,67.58333333333333,995.7555232777307,56.5
2,70,phi+0.30,1,-0.011120757556148532,1.6607815714275982,2425.539725829632,7.333333333333333,1108.6459809090072,66.91666666666667,991.6876594655633,56.416666666666664
2,70,phi+0.30,2,0.0017030300797194874,1.548684806705792,2516.519480704564,7.083333333333333,1112.677845270174,66.33333333333333,994.4970469223475,55.833333333333336
2,70,phi+0.60,0,0.018776616483129276,2.9811995383171976,2252.131313062439,7.25,1086.924842543664,66.08333333333333,982.6401837479481,56.0
2,70,phi+0.60,1,0.017466949702269464,3.8906450395658814,2367.8201736270316,7.166666666666667,1117.377321568805,67.91666666666667,981.6831345328754,55.666666666666664
2,70,phi+0.60,2,0.003762122125545457,3.153306545690505,2481.4049207885746,7.083333333333333,1111.719712552039,66.58333333333333,997.7806035395757,55.833333333333336
2,70,phi+0.90,0,0.13154068065067717,10.258885218696081,2289.1345996097616,7.166666666666667,1117.7521569794799,67.16666666666667,988.7848609789806,55.416666666666664
2,70,phi+0.90,1,0.21952133783720848,15.713716933614172,2452.7558968493518,6.75,1152.0411640136388,65.33333333333333,983.5736098613189,55.5
2,70,phi+0.90,2,0.08902485327962333,11.526119122517708,2350.03034226769,7.0,1141.0985846194767,68.25,1000.8517142718212,55.666666666666664
2,70,phi+0.99,0,0.8844582191468587,99.70345183632827,1595.5304188589905,6.166666666666667,1041.3526785814927,61.666666666666664,957.7111784157111,53.75
2,70,phi+0.99,1,0.7634635950690044,75.77418342416952,2094.391473559413,6.25,1115.372018198017,64.0,993.6291282376557,54.333333333333336
2,70,phi+0.99,2,0.7804874555433821,80.44033063893818,2431.628938734932,6.583333333333333,1319.6220726099184,64.0,1036.6978844679081,53.0
2,70,sorted,0,0.8852694807876181,99.54130320758102,1537.1240448483306,6.25,1012.9452139986097,59.916666666666664,953.5571956444214,54.25
2,72,real,0,0.04072764518797917,2.9741450797215028,2096.2203051935035,6.0,1109.1346839937748,59.583333333333336,978.0137389568781,53.166666666666664
2,72,phi-0.60,0,0.006518557876383492,1.0,2622.8707070957166,6.083333333333333,1119.3226908022448,58.833333333333336,986.7619708736883,53.75
2,72,phi-0.60,1,0.007474758563734382,1.0,2295.633739250254,6.083333333333333,1116.5843689128374,59.166666666666664,990.1130735107223,54.416666666666664
2,72,phi-0.60,2,0.012530898226610859,1.0,2208.9568444050906,6.083333333333333,1153.1096582495945,61.5,985.6634038097774,53.666666666666664
2,72,phi-0.30,0,-0.00011987826431820643,1.0,2085.8190151674557,6.083333333333333,1126.812556710239,59.583333333333336,987.177401351797,54.666666666666664
2,72,phi-0.30,1,0.003247790830444945,1.0,2130.669056516968,6.0,1141.4683287232635,60.666666666666664,986.0953171015353,53.75
2,72,phi-0.30,2,-0.0034994879705616284,1.0,2225.064143309423,6.083333333333333,1120.567207916301,60.416666666666664,993.1830154613294,53.916666666666664
2,72,phi+0.00,0,0.004140114813710323,1.0,2422.360164186747,6.083333333333333,1110.5735559788648,60.666666666666664,992.9610294343289,53.916666666666664
2,72,phi+0.00,1,-0.003751680125944338,1.0481022099407886,2406.7427567164414,6.083333333333333,1131.215206682949,59.916666666666664,980.2806082926436,53.583333333333336
2,72,phi+0.00,2,0.002153652725372886,1.0,2274.8286058032477,6.0,1149.9095483459864,59.916666666666664,992.0305631136442,54.416666666666664
2,72,phi+0.30,0,0.008994514924763428,1.7343188578577773,2271.5334405736244,6.0,1122.7313625362963,59.583333333333336,978.6430355147019,53.333333333333336
2,72,phi+0.30,1,-0.003082419745382,1.5805429090686882,2159.4081293296763,6.083333333333333,1121.2776778975294,58.666666666666664,983.2981756903555,54.25
2,72,phi+0.30,2,0.015218107168318984,1.9485715205841778,2119.4420854133427,6.0,1111.931413401449,59.833333333333336,968.6594379418898,53.25
2,72,phi+0.60,0,0.014208209258755879,3.9512988018528246,2506.333850654529,6.083333333333333,1122.9349675377416,57.25,995.1962618456258,52.333333333333336
2,72,phi+0.60,1,-0.007294935885956861,3.244263462666089,2821.618558970449,6.166666666666667,1164.2186805780407,60.416666666666664,1001.7492456612455,53.583333333333336
2,72,phi+0.60,2,0.03167338721023931,3.893676051478182,2275.4670830950704,6.083333333333333,1134.6627462237911,60.5,982.1965767434646,53.416666666666664
2,72,phi+0.90,0,0.18265024632615454,13.95205446214041,2419.747048202856,6.083333333333333,1154.8475406685411,58.583333333333336,980.2480657072811,52.25
2,72,phi+0.90,1,0.21087067364394455,19.41173528400079,2754.656419294462,6.083333333333333,1190.487049696119,60.916666666666664,999.2513107142253,53.25
2,72,phi+0.90,2,0.2625472163882747,18.04053310057243,2080.2481909977855,6.0,1111.688275497483,58.166666666666664,992.8122884012049,54.25
2,72,phi+0.99,0,0.7276146362597877,70.02499661633976,1881.6029111152518,6.083333333333333,1074.457224696195,56.916666666666664,962.5179912468697,52.25
2,72,phi+0.99,1,0.753964976631938,79.91855234324069,2543.738997062615,6.083333333333333,1175.171655367434,56.5,1004.8098945267311,53.75
2,72,phi+0.99,2,0.8116676362169644,82.42521074139603,2551.0334533117903,6.0,1207.9692303230277,58.5,999.9554736818765,53.0
2,72,sorted,0,0.8983992259483005,101.803421382066,1827.5414455538948,6.083333333333333,1020.3657206968497,56.666666666666664,953.520071024465,52.166666666666664
2,71,real,0,0.0967102182461686,8.358961203982712,1800.913413683099,10.916666666666666,1048.7686510455878,63.916666666666664,1016.4784055348877,58.583333333333336
2,71,phi-0.60,0,0.0041154251919018545,1.0,2131.4101684772095,12.166666666666666,1056.2901561020892,63.75,1059.4778359744487,62.75
2,71,phi-0.60,1,0.002194645667959136,1.0,2145.400279085273,11.166666666666666,1056.575052890151,63.666666666666664,1049.6853236315471,61.166666666666664
2,71,phi-0.60,2,0.003167313618645293,1.0,2387.6497365283776,11.5,1072.7433375905052,64.58333333333333,1024.1630631222054,59.666666666666664
2,71,phi-0.30,0,-0.006426827737560049,1.0,1968.1269778532524,11.333333333333334,1069.1843768445754,64.5,1035.3011737930356,61.333333333333336
2,71,phi-0.30,1,-0.0029624832079365206,1.0,1930.7765827072635,12.083333333333334,1073.0370359597573,65.66666666666667,1040.253222259629,61.833333333333336
2,71,phi-0.30,2,0.0006586582378897358,1.0,2325.7587220514106,11.833333333333334,1085.3694939637714,65.91666666666667,1037.0927264749323,60.583333333333336
2,71,phi+0.00,0,-0.0004052165937683085,1.0942419324673716,2076.2390319739047,11.166666666666666,1067.9792803953933,64.91666666666667,1027.8872194846374,59.333333333333336
2,71,phi+0.00,1,-0.0003032909197052025,1.0,2188.9700828012005,11.25,1061.1015623082142,65.0,1033.214194627138,59.0
2,71,phi+0.00,2,-0.002693883185795545,1.0057055710767506,2307.288173326643,12.0,1076.9540229870502,65.41666666666667,1053.138699413269,62.083333333333336
2,71,phi+0.30,0,-0.008940957868665132,1.224006594396449,2218.4244542920637,10.75,1074.5238248318515,64.58333333333333,1045.1763586734053,61.916666666666664
2,71,phi+0.30,1,-0.0002991494832699571,1.066319471773232,2195.315553542146,11.25,1075.210238515631,64.75,1049.9794384234033,61.666666666666664
2,71,phi+0.30,2,0.0010777753436774303,1.3211674851253314,2106.382209044584,12.083333333333334,1077.179911287,65.16666666666667,1041.6430239588237,61.916666666666664
2,71,phi+0.60,0,0.006439418829779057,1.502206185772864,2782.064629458407,11.666666666666666,1073.5782704546198,65.75,1056.3080796507484,62.833333333333336
2,71,phi+0.60,1,-0.005283281581932012,1.8810949444147305,1952.148961793334,12.083333333333334,1062.9330368765795,64.58333333333333,1036.4671040275643,59.916666666666664
2,71,phi+0.60,2,0.011726878186000293,1.7069694816422105,2318.90686490488,12.333333333333334,1089.1398394426626,65.66666666666667,1046.1666014751204,62.75
2,71,phi+0.90,0,0.10827072822844783,8.689834495118374,3422.9676383277815,12.166666666666666,1304.8293622512203,65.08333333333333,1165.305235685024,61.75
2,71,phi+0.90,1,0.0396481980207793,3.903153551746484,1803.687353174898,11.75,1060.8468699322514,64.83333333333333,1012.2753960049428,58.416666666666664
2,71,phi+0.90,2,0.039483750972627074,4.588774097671964,2058.4618923443445,11.583333333333334,1060.7009832416145,64.08333333333333,1017.0310095605872,59.833333333333336
2,71,phi+0.99,0,0.13909096642551508,10.521980410262861,1854.1221852931167,11.833333333333334,1053.2652122254883,63.166666666666664,1026.5210598483554,59.833333333333336
2,71,phi+0.99,1,0.23760653910428886,16.598739132048014,2298.3109707775034,11.5,1074.6751384107786,64.16666666666667,1041.746814174371,60.416666666666664
2,71,phi+0.99,2,0.33937041948655083,27.29997949129304,1775.3478772976414,11.75,1024.9647379490568,61.666666666666664,1002.9741244525056,58.166666666666664
2,71,sorted,0,0.3439569119186277,28.37694893379231,1772.0145439643081,11.416666666666666,1019.8923154678643,61.333333333333336,995.7704203929179,57.333333333333336
2,74,real,0,0.02588941083865445,1.008897010655562,2575.3497177577196,7.25,1132.145846732766,66.08333333333333,1026.9353636055723,55.75
2,74,phi-0.60,0,0.0042001150875757036,1.0,2414.2940117862463,7.416666666666667,1134.7779305576285,64.33333333333333,1039.6146762616788,57.75
2,74,phi-0.60,1,0.019215372790758495,1.0,2378.012208157516,7.416666666666667,1119.3230783927795,65.75,1042.4719992281523,57.333333333333336
2,74,phi-0.60,2,0.014031660264251912,1.0,2411.8056377809135,7.583333333333333,1138.9561040492188,64.91666666666667,1043.5647317395733,57.166666666666664
2,74,phi-0.30,0,0.0014168446214840311,1.0,2821.2326295551725,7.5,1125.6541239501905,65.08333333333333,1058.0629704221371,58.583333333333336
2,74,phi-0.30,1,-0.004009701136307135,1.0,2161.580692462882,7.333333333333333,1130.8094057029302,65.0,1048.4582798949275,58.333333333333336
2,74,phi-0.30,2,-0.0008760980553781154,1.0,2506.328907827362,7.583333333333333,1124.9226659073938,65.25,1033.795018776331,56.0
2,74,phi+0.00,0,0.0021284216753858234,1.0,2114.6038077627813,7.5,1139.130343698598,66.08333333333333,1065.9405965458047,58.833333333333336
2,74,phi+0.00,1,0.000317389517568005,1.1278570168776896,2243.7361026224994,7.083333333333333,1128.656932164732,64.58333333333333,1041.5043719656699,57.25
2,74,phi+0.00,2,-0.0038897822548929722,1.0,2376.948772354564,7.333333333333333,1145.0228924448782,66.66666666666667,1018.1812474827435,56.25
2,74,phi+0.30,0,0.005243968316059304,1.6544064293964307,2341.5163972685236,7.166666666666667,1135.062298059702,66.91666666666667,1041.4224557373311,56.25
2,74,phi+0.30,1,-0.003789683484710083,1.4432640158656695,2406.1465074745565,7.25,1138.4664636328982,65.25,1060.3027461653298,58.166666666666664
2,74,phi+0.30,2,-0.0016009302310548469,1.545790501796315,2249.44572414343,7.25,1110.1928756917257,64.91666666666667,1038.086224926749,57.5
2,74,phi+0.60,0,-0.00550785835223566,2.902811466433009,2235.1163092987845,7.5,1125.5406483854633,64.83333333333333,1044.7920482170325,57.166666666666664
2,74,phi+0.60,1,0.030086786926982363,3.5435669575334288,2058.050848191825,7.0,1130.8011995419035,64.83333333333333,1042.2621569321898,56.0
2,74,phi+0.60,2,0.019582518268036305,2.770164570488494,2046.206058113191,6.833333333333333,1148.9864416319526,67.08333333333333,1041.3892815062745,57.25
2,74,phi+0.90,0,0.09116234163798982,9.036188039813146,2124.599177865133,7.0,1158.009421282158,65.08333333333333,1041.0790423511496,55.666666666666664
2,74,phi+0.90,1,0.11817062075542424,9.90182010799968,2642.0142347882515,7.583333333333333,1164.1286204174683,66.08333333333333,1049.3891147533648,56.666666666666664
2,74,phi+0.90,2,0.05605580390722856,6.3339864255256675,2172.2021244878665,7.416666666666667,1119.8566976434824,66.16666666666667,1020.9976745353609,56.583333333333336
2,74,phi+0.99,0,0.7727222100253165,78.53778045883575,1861.0839632450813,6.416666666666667,1058.638356647565,60.083333333333336,997.1207831824896,53.75
2,74,phi+0.99,1,0.6241353247698406,48.941563514016025,2152.512912245406,6.5,1104.294761291214,61.416666666666664,1018.4334939678573,54.5
2,74,phi+0.99,2,0.6364108306422381,50.081125108293804,2387.216616098555,6.416666666666667,1219.8790440259063,61.083333333333336,1071.9235474564555,55.583333333333336
2,74,sorted,0,0.7416809367985999,74.52607882885015,1794.933558550341,6.25,1029.7430538962342,59.916666666666664,994.4288922313808,54.833333333333336
2,73,real,0,0.00035261394755187,1.7089863488926105,2267.9472809898994,6.0,1065.0729729924449,55.5,957.9619701791084,51.0
2,73,phi-0.60,0,0.005278647822769787,1.0,2785.568359681416,6.0,1052.4885774847623,54.916666666666664,953.1739879440966,50.916666666666664
2,73,phi-0.60,1,0.013310700940079374,1.0,2460.5879144968744,6.0,1039.9801029139528,56.166666666666664,962.0852522411295,51.416666666666664
2,73,phi-0.60,2,0.004927682250250026,1.0,2337.1230004579234,6.0,1066.16510598257,57.583333333333336,935.2620237989789,49.25
2,73,phi-0.30,0,0.0024649260597231775,1.0,2998.655641608542,6.0,1069.702878774445,56.333333333333336,954.4060091568509,50.75
2,73,phi-0.30,1,0.0022753629310293694,1.0,2294.697733743011,6.0,1072.26692133469,57.083333333333336,957.4663584881545,50.083333333333336
2,73,phi-0.30,2,0.00031715234438493855,1.0,2196.297224621346,6.0,1058.804766000372,56.833333333333336,960.7679907053634,51.083333333333336
2,73,phi+0.00,0,-0.003241784579331418,1.0,2427.9534138192034,6.0,1070.3143196573567,57.416666666666664,959.8811780080595,49.5
2,73,phi+0.00,1,0.002356194526483403,1.0,2252.8209403577343,6.0,1051.3179493251425,55.916666666666664,970.0886667930954,51.166666666666664
2,73,phi+0.00,2,0.0002923813715845098,1.0,2375.7906548296237,6.0,1095.2710342462462,57.583333333333336,954.6883647767958,51.75
2,73,phi+0.30,0,0.007905413927943687,1.9966830590421405,2164.024194263856,6.0,1052.1138889557703,56.416666666666664,956.7827646532697,50.916666666666664
2,73,phi+0.30,1,0.016831829536889817,1.8124624793451467,2467.311275076459,6.0,1068.2358274934106,56.833333333333336,947.8561886142021,51.666666666666664
2,73,phi+0.30,2,0.005458563309425534,1.5500855125724193,2280.7804724372604,6.083333333333333,1060.4713775647099,57.083333333333336,949.6302233446467,50.416666666666664
2,73,phi+0.60,0,0.033543110029305476,3.5909177165874673,2564.0311669723155,6.0,1062.628238149948,56.916666666666664,966.1783056061578,51.5
2,73,phi+0.60,1,0.01459070836615628,3.081612133908546,2406.105268402689,6.0,1044.405428043108,56.25,952.7320244443569,51.833333333333336
2,73,phi+0.60,2,0.02378386824010071,4.081040669266565,2557.6147026442645,6.0,1079.7225703309016,55.666666666666664,962.2643394009446,49.75
2,73,phi+0.90,0,0.23917973185268898,16.50225291600831,2254.590119291312,6.0,1046.6129558867622,55.666666666666664,961.8144595622131,52.25
2,73,phi+0.90,1,0.21423353701308237,14.926821818889568,2797.003486207295,6.0,1157.5723334974043,58.25,960.7481673114249,50.0
2,73,phi+0.90,2,0.18534901824528952,13.268014089683975,2415.704302561056,6.0,1074.8236496116995,56.25,958.3452201775798,51.5
2,73,phi+0.99,0,0.6818192849947697,69.30246201249452,2693.0916487655936,6.0,1158.1267695669605,54.666666666666664,976.2943704685382,49.583333333333336
2,73,phi+0.99,1,0.6326603768575311,61.35562052012423,1948.5762582477364,6.0,1036.0800761792427,55.083333333333336,944.7416688244758,50.916666666666664
2,73,phi+0.99,2,0.620978907579013,59.728592103385736,2892.224388734794,6.083333333333333,1209.19639100799,54.75,1000.4639537656876,49.583333333333336
2,73,sorted,0,0.9415429348072665,107.62794633716219,1566.0535775832452,6.0,979.3045629156818,55.083333333333336,925.0865867913526,50.0
2,75,real,0,0.021445096893998736,2.1971000374227696,2566.235051660097,6.083333333333333,1092.430883428064,58.25,959.9654688873288,54.5
2,75,phi-0.60,0,0.00667711993777936,1.0,2242.2026813691095,6.0,1071.2567347495958,58.333333333333336,946.7015455179611,54.333333333333336
2,75,phi-0.60,1,0.0037769667976058794,1.0,2384.696794117144,6.0,1108.2834394277766,58.916666666666664,947.6806580430449,54.083333333333336
2,75,phi-0.60,2,0.0061616796474009035,1.0,2007.5886441531877,6.0,1079.0653529001559,58.833333333333336,947.8690110595129,52.333333333333336
2,75,phi-0.30,0,-0.00014476627022184832,1.0,1970.5800331602547,6.0,1080.3458092508906,57.583333333333336,966.406227133898,55.416666666666664
2,75,phi-0.30,1,-0.0008030176128488938,1.0,2278.957635703304,6.0,1074.9491220789757,57.583333333333336,952.9504995498927,53.166666666666664
2,75,phi-0.30,2,0.002406056878843432,1.0,2512.7930789635593,6.0,1082.61349013835,57.833333333333336,949.2193364913877,53.166666666666664
2,75,phi+0.00,0,-0.002391429494271345,1.036681610791727,2213.5937988600194,6.0,1088.1429941021154,58.166666666666664,952.2779770001911,53.75
2,75,phi+0.00,1,0.006127905262072494,1.0811858263401042,2100.114295831718,6.0,1067.997141007447,56.583333333333336,957.4493649202274,54.25
2,75,phi+0.00,2,-0.006007129809325411,1.0,2166.8989364900376,6.0,1089.157881298075,58.333333333333336,937.0656025123002,52.666666666666664
2,75,phi+0.30,0,-0.0030657744584787496,1.5824114937577587,2131.266354528171,6.0,1098.4653554582553,57.666666666666664,955.6766465120313,53.833333333333336
2,75,phi+0.30,1,0.009234291655515389,1.9689006098458801,2059.22764845022,6.0,1070.8238576199735,58.583333333333336,937.3081234199248,52.166666666666664
2,75,phi+0.30,2,0.015109574531863939,1.7248930552923398,2250.8621489007546,6.0,1065.9098127152854,57.25,961.6859546446431,53.083333333333336
2,75,phi+0.60,0,0.020317940269349858,2.7423643165389597,2494.291334355534,6.083333333333333,1081.4064700949566,57.416666666666664,947.6157554797737,54.166666666666664
2,75,phi+0.60,1,0.04785974527661834,4.83603272930557,2508.1155872864506,6.083333333333333,1133.009990777504,58.166666666666664,948.2718140031394,52.5
2,75,phi+0.60,2,0.03046723828906623,3.7273325439808636,2120.7302397057833,6.0,1076.5854890798898,57.5,945.9043760044851,54.25
2,75,phi+0.90,0,0.24990392725148278,19.100634304034248,2254.2032143530855,6.0,1105.1862489002394,57.333333333333336,940.8236304255615,52.0
2,75,phi+0.90,1,0.3048827223972657,23.00240663702949,2111.5227927257406,6.0,1093.0822049692267,55.583333333333336,953.6606155177004,53.416666666666664
2,75,phi+0.90,2,0.21750524501118465,18.153491154646343,2369.2024936259395,6.083333333333333,1093.9789423580835,56.416666666666664,956.7941908074963,54.166666666666664
2,75,phi+0.99,0,0.498115027571438,40.93163489919212,2099.257072873274,6.0,1102.7251950246944,56.666666666666664,956.3082398936396,54.166666666666664
2,75,phi+0.99,1,0.7147660598296581,76.9822794630207,2174.762682164848,6.0,1102.5510856272595,55.916666666666664,967.0859000936772,54.75
2,75,phi+0.99,2,0.7066815067987308,73.28561477245184,2233.0011253275893,6.0,1152.8287498063198,56.833333333333336,984.5054180263211,54.833333333333336
2,75,sorted,0,0.9562397733906196,110.9898481631043,1610.884671322041,6.0,1004.9919035431311,54.666666666666664,915.6655614561446,52.5
2,76,real,0,0.02183884627508177,1.858946835325141,1644.4747041044309,9.833333333333334,951.1280515568774,53.75,944.5242406802663,54.583333333333336
2,76,phi-0.60,0,0.009096522832438381,1.0,1693.906774282438,10.5,955.8407611145609,54.333333333333336,950.6107459211825,55.416666666666664
2,76,phi-0.60,1,-0.00187526400141742,1.0,1668.2013860280902,10.666666666666666,965.6755025711354,55.083333333333336,958.7653393892298,56.333333333333336
2,76,phi-0.60,2,-0.0057649044001228745,1.0,1695.909317398963,10.75,964.7294767591501,54.916666666666664,954.240090037114,55.5
2,76,phi-0.30,0,0.004318151541447111,1.0,1715.192500047972,10.5,965.7832494663063,55.083333333333336,943.2649347497489,54.75
2,76,phi-0.30,1,0.006146397948435076,1.0,1721.4363843549265,10.333333333333334,962.1151601207918,54.166666666666664,957.6948461356066,55.333333333333336
2,76,phi-0.30,2,-0.0029856005187926856,1.0599577771697897,1635.1600917129208,10.583333333333334,967.3521500604678,54.5,957.2470425616066,55.75
2,76,phi+0.00,0,0.004318151541447112,1.0,1664.6222718572747,10.416666666666666,961.2088144059943,54.5,952.2067075536785,55.416666666666664
2,76,phi+0.00,1,0.0011325706807862649,1.0,1640.2239885537904,10.833333333333334,959.4144098047672,54.333333333333336,952.9442819474261,55.583333333333336
2,76,phi+0.00,2,-0.0068313814708658525,1.0,1697.416555768632,10.75,965.9643942980839,55.0,958.5396469205343,55.833333333333336
2,76,phi+0.30,0,0.003258599646488177,1.0599577771697897,1673.8132830887514,10.583333333333334,967.7225294872851,55.333333333333336,966.0258487763411,55.833333333333336
2,76,phi+0.30,1,0.0021482631291129105,1.1523396221289544,1674.5879287042455,10.5,962.3820666123257,54.583333333333336,950.182519318199,54.916666666666664
2,76,phi+0.30,2,-0.008043287233073782,1.2122739206109892,1723.9693974158115,10.416666666666666,961.2902341669034,54.166666666666664,949.2631271073345,54.75
2,76,phi+0.60,0,0.014948296369956674,1.4894194554884828,1681.8875396087242,10.416666666666666,962.1729456555549,54.333333333333336,956.193709919639,55.083333333333336
2,76,phi+0.60,1,0.02024605584475135,1.6417121202419276,1657.2588565616195,10.083333333333334,957.3384540439694,54.083333333333336,956.8539888634859,55.416666666666664
2,76,phi+0.60,2,-0.003315700564498847,1.9513286802843057,1689.4509936747502,10.25,968.742958436963,54.166666666666664,957.7088097401319,55.166666666666664
2,76,phi+0.90,0,0.13970533811953303,10.634312646863071,1632.674555907238,8.75,954.8233737852901,53.583333333333336,937.3702589572955,53.583333333333336
2,76,phi+0.90,1,0.020246055844751344,2.685281773358869,1665.1691344540086,9.833333333333334,970.8889798072952,54.25,956.2353590221846,54.916666666666664
2,76,phi+0.90,2,0.03776675057838601,3.4841769167632015,1706.40035506269,9.0,952.5592452706579,53.666666666666664,945.8816091168451,54.25
2,76,phi+0.99,0,0.11103511037358549,7.070284713045806,1686.1016168848407,8.0,943.0822968696316,51.833333333333336,938.0660392660255,53.583333333333336
2,76,phi+0.99,1,0.17474672758680238,20.076059306001028,1619.6522255230175,7.666666666666667,929.8314071972171,51.666666666666664,922.771236155778,53.25
2,76,phi+0.99,2,0.06874075346849269,6.282860751977741,1664.2368027750465,9.166666666666666,1007.2944481871615,53.166666666666664,984.0490676619825,54.0
2,76,sorted,0,0.3289657755136357,21.994576423128642,1613.8188921896842,7.083333333333333,923.5110601176729,51.083333333333336,909.8255695128787,51.916666666666664
2,77,real,0,-0.0014126668644848727,1.9861858083103332,2762.396155848204,11.083333333333334,1301.2219757865987,55.583333333333336,1132.249306083213,56.0
2,77,phi-0.60,0,0.002898879467852417,1.0,1881.950097363382,10.666666666666666,972.0737237138613,54.916666666666664,964.9770345855086,56.0
2,77,phi-0.60,1,0.008093413035808326,1.0,2089.8484728273975,10.416666666666666,971.6654690569432,54.75,964.8971386879133,55.583333333333336
2,77,phi-0.60,2,0.01145525350887602,1.0,1934.8781986959675,11.416666666666666,972.426683241274,54.833333333333336,972.6408197307636,56.583333333333336
2,77,phi-0.30,0,-0.004993301037066305,1.0,2348.5121588287934,11.666666666666666,995.295636928042,56.416666666666664,986.9865217975389,57.416666666666664
2,77,phi-0.30,1,-0.002251174331134274,1.0,1899.4287934718102,11.0,973.2742613827987,55.416666666666664,969.5245687034312,56.166666666666664
2,77,phi-0.30,2,-0.0010472107846069437,1.0,2073.622586010048,11.5,982.370512159318,55.5,978.4090688403804,57.083333333333336
2,77,phi+0.00,0,0.0024787244349711367,1.0,2376.78036408467,10.5,985.6872382448197,55.083333333333336,972.3687756980868,55.75
2,77,phi+0.00,1,-0.0053220920748291226,1.0,2472.9536077447833,11.083333333333334,1163.161980480337,56.25,1059.4714216516327,57.25
2,77,phi+0.00,2,0.012236657701876118,1.0,2548.153229678747,11.75,987.9385836281866,56.25,986.0456695992438,57.166666666666664
2,77,phi+0.30,0,-0.005774705230066396,1.2369876520491383,1933.1260153317216,10.833333333333334,975.4407022344466,54.916666666666664,977.1704999889294,57.083333333333336
2,77,phi+0.30,1,-0.001880307894163973,1.261914446346115,1919.4941543245347,10.666666666666666,968.3989725609339,54.5,968.9299113659985,56.25
2,77,phi+0.30,2,-0.004710793513203602,1.0,1941.8721481012728,11.333333333333334,980.2344739493618,55.25,968.3768528194847,56.333333333333336
2,77,phi+0.60,0,-0.0010472107846069445,1.3121086215358722,1927.550137403933,10.916666666666666,968.7828652017225,54.583333333333336,966.5832048709102,56.166666666666664
2,77,phi+0.60,1,-0.005384003133566351,1.247359560582239,1956.7015803820816,11.583333333333334,981.1231084972129,55.5,975.4556699072091,57.0
2,77,phi+0.60,2,-0.0006565086881068979,2.281987288697608,2383.878916083488,10.583333333333334,972.909231012817,54.5,963.9135951971263,55.75
2,77,phi+0.90,0,0.02130094449629497,3.864995790912905,1893.8981314512566,9.5,961.181403096455,53.333333333333336,959.9183307425704,55.5
2,77,phi+0.90,1,0.014932502251562002,3.03236333174902,2237.242799865677,9.583333333333334,968.9833316125226,53.583333333333336,956.959181835663,54.916666666666664
2,77,phi+0.90,2,0.012275727920841181,1.523820311118861,1880.9644838336014,10.0,963.2652195518111,54.166666666666664,958.4985670431652,55.333333333333336
2,77,phi+0.99,0,0.07568666619431429,6.688418748857936,1888.819834684028,9.416666666666666,956.4336746986886,53.416666666666664,945.2252296729661,54.0
2,77,phi+0.99,1,0.03759321919103384,4.47159076030203,1878.1896892328484,9.166666666666666,946.876180941087,52.5,952.617502082422,54.75
2,77,phi+0.99,2,0.074788051344419,5.119687293163233,1855.2592805438437,8.5,944.8823525912231,51.916666666666664,949.5384003971731,54.25
2,77,sorted,0,0.10256095487249232,8.722345497702305,1852.7592805438437,8.25,936.0536627596649,51.416666666666664,943.4928353646404,53.916666666666664
2,78,real,0,0.07268258972944117,6.574451563487524,3271.195713103564,6.083333333333333,1161.9404468002995,64.33333333333333,985.3262238619606,54.5
2,78,phi-0.60,0,0.004962174444747262,1.0,2233.459018419882,6.0,1101.7506461375804,63.0,964.8000831695603,53.416666666666664
2,78,phi-0.60,1,0.009777263710254393,1.0,2517.609642470891,6.083333333333333,1109.377179238115,63.0,983.7239786738486,54.166666666666664
2,78,phi-0.60,2,0.007007246961821025,1.0,2873.7912732579766,6.0,1109.3150809013018,62.666666666666664,986.6827214294964,55.5
2,78,phi-0.30,0,0.0018445481164507858,1.0,2792.78680374821,6.083333333333333,1140.1281474756204,63.0,977.3736892274623,54.416666666666664
2,78,phi-0.30,1,-0.0007580711774292081,1.0,2086.993718034539,6.0,1109.649465622822,64.16666666666667,978.7104087492949,54.583333333333336
2,78,phi-0.30,2,-0.0020127608659880284,1.0,2121.696725230057,6.083333333333333,1116.168841547101,63.5,947.7629263404671,52.666666666666664
2,78,phi+0.00,0,0.004014043950069321,1.0,2255.8793192784506,6.0,1106.0045090454284,63.166666666666664,985.2033199649928,55.083333333333336
2,78,phi+0.00,1,-0.00485541476754641,1.0,2434.14650660075,6.083333333333333,1090.6793914969173,62.083333333333336,969.2054041842416,53.416666666666664
2,78,phi+0.00,2,0.008366036457613687,1.0,2330.184617028761,6.0,1107.8427981413188,64.33333333333333,961.3315228183883,52.583333333333336
2,78,phi+0.30,0,0.005943567232526444,1.3107477968619983,2278.7829809615155,6.166666666666667,1095.27599160696,63.083333333333336,972.9907176126926,53.5
2,78,phi+0.30,1,-0.004442894070922288,1.390334096200594,2051.6737688315375,6.0,1085.8249239008708,62.583333333333336,940.8347234365402,52.75
2,78,phi+0.30,2,0.0066179354025474,1.5094593996647192,2329.385458061695,6.083333333333333,1119.498282703918,63.833333333333336,963.4858726020193,53.083333333333336
2,78,phi+0.60,0,0.022724301017329213,3.270225183099292,2526.645826355637,6.0,1121.1294322216406,62.083333333333336,965.7205292943219,53.75
2,78,phi+0.60,1,0.04248520594531791,3.3938171905425984,2170.088753190783,6.0,1103.018558946308,63.166666666666664,976.4076637298158,53.916666666666664
2,78,phi+0.60,2,0.024039806092528364,3.6553860225451134,2409.2016488552326,6.0,1116.0712862785936,63.333333333333336,950.1428822648887,54.0
2,78,phi+0.90,0,0.2262769683522618,17.877930742270312,2771.5510704741373,6.0,1130.8842965224337,63.0,965.3025633787253,52.416666666666664
2,78,phi+0.90,1,0.1938182761176482,13.904226637014999,2148.708267426677,6.083333333333333,1094.1707796403691,62.583333333333336,945.1738327472357,52.333333333333336
2,78,phi+0.90,2,0.2068961285625167,14.607347390991752,2511.3403978199062,6.083333333333333,1163.740066059123,61.666666666666664,964.243597206656,53.5
2,78,phi+0.99,0,0.7813574640324145,84.1773341789527,2032.946179299306,6.0,1203.2528411178412,60.333333333333336,961.7557287705113,52.083333333333336
2,78,phi+0.99,1,0.7098121332671457,68.53895543772822,1910.687206215641,6.0,1083.604320915281,61.5,953.3174217880619,52.333333333333336
2,78,phi+0.99,2,0.6817604466423787,66.5386926904353,1845.708893993765,6.0,1076.396242784439,61.666666666666664,949.1834405144817,54.583333333333336
2,78,sorted,0,0.9543510201457479,110.55779585833983,1704.2703706369236,6.0,1031.3214500991137,58.25,933.6025665512647,52.25
2,79,real,0,0.16178618031461892,20.454927805420194,1818.493912324551,6.0,1043.8641270039386,56.75,933.5108335259553,50.75
2,79,phi-0.60,0,0.00791587818181211,1.0,1942.3776550278944,6.0,1048.5568449440418,57.0,960.5176604786652,51.25
2,79,phi-0.60,1,0.0056800844573544,1.0,2124.540326845567,6.083333333333333,1061.3645350793429,55.916666666666664,963.2069566488129,51.75
2,79,phi-0.60,2,0.008689515676907704,1.0,2149.759975786237,6.0,1078.3354752903422,56.5,941.7209188367597,51.833333333333336
2,79,phi-0.30,0,0.0028772126614215725,1.0,2376.9278687018077,6.0,1074.9921072628529,55.75,956.0266623867897,50.333333333333336
2,79,phi-0.30,1,-0.0006840452341231813,1.0,2025.0926672223934,6.083333333333333,1072.2743203691036,56.5,957.3071625914755,51.583333333333336
2,79,phi-0.30,2,0.0009019477625577188,1.0,2295.576181659478,6.0,1079.966350935878,57.416666666666664,964.6981363750938,52.166666666666664
2,79,phi+0.00,0,-0.0030195245136000978,1.0,2264.5092157992826,6.0,1057.3334927565265,56.0,956.0529777558503,49.75
2,79,phi+0.00,1,-0.0014783729016454967,1.0,2125.109755952155,6.083333333333333,1028.9672255097264,56.833333333333336,958.0599189098025,52.166666666666664
2,79,phi+0.00,2,0.0009420730050396957,1.2341709118175523,2088.244934310372,6.083333333333333,1085.390030293098,56.25,953.4329443961215,51.083333333333336
2,79,phi+0.30,0,0.0007973558982682122,1.7998639607933933,2563.9911076243884,6.0,1060.3419378160108,56.666666666666664,977.9122930015136,53.5
2,79,phi+0.30,1,-0.0009670898355931868,1.6967143232289246,2154.738826128056,6.0,1060.3773234654352,55.583333333333336,957.4090880131924,50.75
2,79,phi+0.30,2,0.0068133658319851145,1.8194414259333462,2101.810079887245,6.0,1059.3222558162306,56.416666666666664,960.1146225222424,52.333333333333336
2,79,phi+0.60,0,0.03915233353538663,3.4262702347609837,2184.0998793388194,6.166666666666667,1060.1899154318874,54.916666666666664,960.748589114542,52.5
2,79,phi+0.60,1,0.02427689826208086,3.7390695317255056,2044.7410149930004,6.166666666666667,1073.2624298886658,56.833333333333336,966.2372226843394,52.75
2,79,phi+0.60,2,0.043572423753666406,4.134446558094898,2766.8558804264535,6.0,1103.3618836734065,57.25,981.3255970771428,51.666666666666664
2,79,phi+0.90,0,0.1724606738503854,12.940803225963,1983.8107606687379,6.0,1046.6649590493723,55.333333333333336,956.6355013346919,52.166666666666664
2,79,phi+0.90,1,0.20949729956318847,14.796319076774871,2450.1431846581568,6.0,1132.7834272953123,57.0,980.515590626081,52.083333333333336
2,79,phi+0.90,2,0.28767104650321074,27.47537905199548,1940.453174948314,6.0,1051.5103672415978,54.75,954.6606298121413,51.083333333333336
2,79,phi+0.99,0,0.7706978787663095,76.97457388480747,2881.1227656080323,6.0,1225.9207702258363,54.5,1021.9670719330073,53.0
2,79,phi+0.99,1,0.8041262372947451,87.65939615242296,1939.903742389638,6.0,1118.2036755722322,53.083333333333336,976.4124939164191,52.083333333333336
2,79,phi+0.99,2,0.6273373855247695,54.87435373224483,2319.8271795847327,6.0,1123.3404841699382,54.916666666666664,976.3573678085355,52.666666666666664
2,79,sorted,0,0.891759500641542,100.94562316103938,1631.0162828702116,6.0,974.4610166272238,53.333333333333336,921.3879848881387,50.916666666666664
2,80,real,0,0.40825072384126787,47.987664392868105,1919.857440186586,6.083333333333333,1124.9013460333847,61.75,1020.7527990370328,57.583333333333336
2,80,phi-0.60,0,0.013180480198767856,1.0,2125.149162705549,6.25,1126.5103782634799,61.916666666666664,999.8303054031313,57.5
2,80,phi-0.60,1,0.006722745687126771,1.0,2307.997659883605,6.166666666666667,1140.7177003703175,62.166666666666664,992.2562791568433,55.75
2,80,phi-0.60,2,0.01189142284912396,1.0,2328.573147100434,6.25,1126.3740461124705,61.25,1002.0285825938677,57.166666666666664
2,80,phi-0.30,0,-0.003401609827539329,1.0,2428.2585885862745,6.416666666666667,1141.5907868359752,61.0,999.1435097403646,56.333333333333336
2,80,phi-0.30,1,0.008623970002747401,1.0,2232.5845790990497,6.666666666666667,1131.5705628454573,61.0,986.6739688939938,55.916666666666664
2,80,phi-0.30,2,0.010970251325342097,1.0,2215.5193073893015,6.166666666666667,1114.203380598864,62.083333333333336,1000.401030084884,58.416666666666664
2,80,phi+0.00,0,-0.004666808730988829,1.0,2203.3719280309997,6.25,1132.8651059969402,61.333333333333336,1017.2123323822516,57.75
2,80,phi+0.00,1,0.0005828446065543976,1.0,2663.50807992626,6.25,1144.5823691576063,63.416666666666664,1005.0710377257823,56.916666666666664
2,80,phi+0.00,2,0.013360441125067976,1.0,2107.335806094287,6.333333333333333,1138.2867182141895,63.5,1006.2809092995167,58.083333333333336
2,80,phi+0.30,0,0.004312013834687063,1.664888827802141,2086.2954175596556,6.0,1123.5500966160714,63.5,1002.6277556735434,57.166666666666664
2,80,phi+0.30,1,-0.005558486600134744,1.6651076820506785,2529.434850909512,6.583333333333333,1126.5046239361677,61.916666666666664,1003.0225693034967,56.416666666666664
2,80,phi+0.30,2,-0.006408854646255213,1.6277842721314824,2333.5162479101814,6.083333333333333,1145.9664202635386,61.666666666666664,1015.4866664570278,58.25
2,80,phi+0.60,0,0.012622564981195813,3.0460470519697034,2051.627670947583,6.083333333333333,1140.074031646671,60.833333333333336,1002.4736075777317,57.416666666666664
2,80,phi+0.60,1,0.0002132956681981586,2.6129590160769505,2962.343398499898,6.75,1150.7971648790272,62.583333333333336,1004.1060034815258,57.166666666666664
2,80,phi+0.60,2,0.04031541735818117,4.647726861049556,2099.061760585503,6.333333333333333,1111.9994933057712,61.25,1004.1217842758268,58.75
2,80,phi+0.90,0,0.2934973522645689,23.940693424459457,2127.5383643989976,6.083333333333333,1110.825338703362,60.5,973.5636892448592,53.416666666666664
2,80,phi+0.90,1,0.23835825000544533,17.560460262368775,2170.154581329915,6.0,1103.6204849829735,60.583333333333336,1000.1826234570167,56.916666666666664
2,80,phi+0.90,2,0.1875642987230067,15.596075577710737,2131.4355637278227,6.166666666666667,1108.0034130708414,59.833333333333336,1006.9363608962967,57.583333333333336
2,80,phi+0.99,0,0.6905892652135672,59.80459409278447,3946.0630556114625,6.333333333333333,1454.632943195089,57.416666666666664,1129.3153353637344,55.583333333333336
2,80,phi+0.99,1,0.7055869451574466,68.76649175537017,4553.115442808786,6.166666666666667,1502.8455061479779,59.083333333333336,1138.9497071332883,55.5
2,80,phi+0.99,2,0.6098230865273,51.04791906785253,2974.7437334621013,6.416666666666667,1321.241746280545,60.0,1078.099481264575,56.666666666666664
2,80,sorted,0,0.8982492532122085,102.0383416466079,1690.4071921842822,6.083333333333333,1037.3850576859984,56.833333333333336,970.5570184835645,56.75
2,82,real,0,0.01692426645893309,1.0,1630.3897360453102,7.166666666666667,882.7545305437117,48.833333333333336,873.2192971479138,49.666666666666664
2,82,phi-0.60,0,-0.0011679211192662012,1.0,1632.9897543017103,7.916666666666667,888.0670750321884,49.5,878.4654524072339,50.333333333333336
2,82,phi-0.60,1,-0.0014682063902736583,1.0,1630.4897543017103,7.666666666666667,888.0401917326843,49.25,876.6275076108673,50.083333333333336
2,82,phi-0.60,2,-0.0014682063902736583,1.0,1629.6564209683768,7.583333333333333,884.6598667474356,49.25,874.822157417986,49.916666666666664
2,82,phi-0.30,0,-0.0014682063902736583,1.0,1630.4897543017103,7.666666666666667,885.4932000807689,49.333333333333336,877.2321733024955,50.083333333333336
2,82,phi-0.30,1,-0.0014682063902736583,1.0,1632.9897543017103,7.916666666666667,889.2440040091327,49.583333333333336,878.2501274511574,50.333333333333336
2,82,phi-0.30,2,-0.0014682063902736583,1.0,1631.3230876350435,7.75,886.4600900770369,49.333333333333336,877.8671387699201,50.25
2,82,phi+0.00,0,-0.0014682063902736583,1.0,1630.4897543017103,7.666666666666667,886.2573396692496,49.416666666666664,877.4737273109394,50.25
2,82,phi+0.00,1,-0.0014682063902736583,1.0,1632.1564209683768,7.833333333333333,887.4568056926904,49.5,881.7295028889206,50.333333333333336
2,82,phi+0.00,2,0.015798196692655125,1.0,1631.8155507736828,7.166666666666667,881.4264811464527,48.833333333333336,876.2784512883362,49.916666666666664
2,82,phi+0.30,0,0.01579819669265512,1.0,1627.1564209683768,7.333333333333333,882.9932000807689,49.083333333333336,871.688216041371,49.666666666666664
2,82,phi+0.30,1,-0.0014682063902736583,1.0,1632.1564209683768,7.833333333333333,887.1598667474356,49.5,877.4456151707801,50.25
2,82,phi+0.30,2,-0.0014682063902736583,1.0,1631.3230876350435,7.75,886.3265334141023,49.416666666666664,876.4436332519463,50.0
2,82,phi+0.60,0,-0.0014682063902736583,1.0,1631.3230876350435,7.75,886.3265334141023,49.416666666666664,876.4628029328256,50.166666666666664
2,82,phi+0.60,1,-0.0014682063902736583,1.0,1631.3230876350435,7.75,886.3265334141023,49.416666666666664,876.4628029328256,50.166666666666664
2,82,phi+0.60,2,-0.0014682063902736583,1.0,1631.3230876350435,7.75,886.3265334141023,49.416666666666664,876.4628029328256,50.166666666666664
2,82,phi+0.90,0,-0.0014682063902736583,1.99854651774258,1622.9897543017103,6.916666666666667,880.0388261363702,48.75,868.9628029328256,49.416666666666664
2,82,phi+0.90,1,-0.0009927547111785184,1.99854651774258,1622.9897543017103,6.916666666666667,878.8265334141023,48.666666666666664,868.1294695994924,49.333333333333336
2,82,phi+0.90,2,-0.0014682063902736583,1.99854651774258,1623.8230876350435,7.0,880.0516929826013,48.75,870.0174801695816,49.5
2,82,phi+0.99,0,0.015798196692655125,1.0,1623.8230876350435,7.0,879.6598667474356,48.75,869.796136266159,49.5
2,82,phi+0.99,1,-0.0014682063902736583,1.99854651774258,1622.9897543017103,6.916666666666667,879.7458349431095,48.75,868.9628029328256,49.416666666666664
2,82,phi+0.99,2,-0.0014682063902736583,1.99854651774258,1622.9897543017103,6.916666666666667,880.4932000807689,48.833333333333336,871.2184697191251,49.583333333333336
2,82,sorted,0,-1.682758040428262e-05,1.9999978965524494,1622.9897543017103,6.916666666666667,879.6598667474356,48.75,868.1294695994924,49.333333333333336
2,81,real,0,0.14838206999591297,16.059963243775208,1661.7136544610057,8.083333333333334,930.5562526064706,52.416666666666664,994.1356799098313,56.333333333333336
2,81,phi-0.60,0,0.005804258496547076,1.0,1888.345040626965,8.166666666666666,938.2905174335232,54.5,1019.0559580517562,57.916666666666664
2,81,phi-0.60,1,0.00219971594297677,1.0,1745.5716297442984,8.5,938.9629505750371,53.5,1026.3947268069262,58.333333333333336
2,81,phi-0.60,2,0.011052682818820762,1.0,1796.5705314741108,8.333333333333334,928.0347180244826,53.583333333333336,1017.915414551809,58.333333333333336
2,81,phi-0.30,0,-0.0018667788896768235,1.0,1804.3541106354508,8.333333333333334,934.7039665392234,54.0,1016.4558871854615,58.083333333333336
2,81,phi-0.30,1,-0.00445771076506884,1.0,1814.4054102814941,8.583333333333334,967.1593748569511,53.666666666666664,1024.9851266705994,58.333333333333336
2,81,phi-0.30,2,0.00011579484053647489,1.0,1752.8491496724957,8.416666666666666,930.5372384731013,53.833333333333336,1029.0298890916358,58.25
2,81,phi+0.00,0,0.009329640535053581,1.1585257952951082,1751.4556168534102,8.25,931.4082700292942,52.75,1020.5232284462263,58.166666666666664
2,81,phi+0.00,1,-0.004807085287435126,1.0681544898584758,1807.2252553445899,8.583333333333334,938.344785298128,53.416666666666664,1019.6220376368274,58.333333333333336
2,81,phi+0.00,2,-0.0025243042059764757,1.0,1809.3115508565406,8.333333333333334,931.0356219505206,53.416666666666664,1015.6268717307806,57.583333333333336
2,81,phi+0.30,0,0.00011606875235332051,1.4766584393061637,1735.422541996774,8.166666666666666,938.8363671896008,54.416666666666664,1000.104150501479,57.666666666666664
2,81,phi+0.30,1,0.0026896072273766554,1.1367381740271947,1926.7333991644507,8.5,942.7208728300393,54.0,1018.8901324862139,57.25
2,81,phi+0.30,2,-0.0072677720939246454,1.2281830862521528,1794.0176735903403,8.25,930.665169647058,52.916666666666664,1017.7196519240455,57.833333333333336
2,81,phi+0.60,0,0.004000823094540379,2.50669383813516,1831.931062054853,8.416666666666666,945.210855763134,54.833333333333336,1025.8466268311277,58.666666666666664
2,81,phi+0.60,1,0.011546408868656276,1.7841756630249193,1787.693569350872,8.083333333333334,931.7223682355242,53.416666666666664,1014.5272570950028,57.833333333333336
2,81,phi+0.60,2,0.005394486418569855,2.3020377386945183,1866.1029728271094,8.416666666666666,940.4230960606073,54.0,1027.9526406409948,58.166666666666664
2,81,phi+0.90,0,0.03128559003667106,5.911435322684557,1686.4868778823131,8.166666666666666,944.3087436987813,53.416666666666664,1021.3784504737358,58.75
2,81,phi+0.90,1,0.10926075171312094,9.763068174886675,1745.4356682520156,8.083333333333334,925.9564687032266,52.25,1011.5844739813316,57.083333333333336
2,81,phi+0.90,2,0.08714483771047493,7.921791794473383,1792.3513286639838,8.166666666666666,938.3873917546777,54.083333333333336,1020.1878704187678,58.0
2,81,phi+0.99,0,0.47361783959224907,32.469832587667256,1717.0567217858031,7.916666666666667,952.1663015469095,53.416666666666664,1019.4428370024516,55.833333333333336
2,81,phi+0.99,1,0.24520291249387918,16.764472624130917,1630.9861942448795,7.833333333333333,927.6028497827238,52.666666666666664,985.9735242029178,55.0
2,81,phi+0.99,2,0.5853619456947302,42.20422517733502,1706.095456276728,7.916666666666667,930.3005296286061,52.583333333333336,996.907004234523,55.583333333333336
2,81,sorted,0,0.6943691249234498,65.14012846738314,1603.3567675370252,7.75,921.2089751731504,52.416666666666664,959.8943630270763,53.333333333333336
2,83,real,0,0.03699742029220425,3.891987368767291,2148.4677276182315,6.166666666666667,1125.9738134398744,58.583333333333336,976.6658576611386,51.75
2,83,phi-0.60,0,0.002686108051699446,1.0,3143.661635998707,6.333333333333333,1099.7904885591304,59.083333333333336,977.337331978547,51.666666666666664
2,83,phi-0.60,1,0.009652045616323837,1.0,2020.9395436292946,6.083333333333333,1095.647946821325,58.916666666666664,958.268424807346,52.083333333333336
2,83,phi-0.60,2,0.002106830046538852,1.0,2613.2012498778954,6.25,1118.472519412669,58.916666666666664,954.1413398989107,51.5
2,83,phi-0.30,0,0.003432186472008596,1.0,2430.977289027156,6.25,1080.479867657841,58.25,967.4521672135947,52.083333333333336
2,83,phi-0.30,1,0.0017239537212761413,1.0,2228.782784383327,6.166666666666667,1111.3576740860772,59.25,963.5634327695526,51.833333333333336
2,83,phi-0.30,2,0.0020248120411998053,1.0,1989.282168535331,6.416666666666667,1115.548504182029,58.833333333333336,960.2216499019833,51.416666666666664
2,83,phi+0.00,0,-0.0008803566991198925,1.0,3272.4706074870323,6.5,1116.3757040726082,58.5,976.0971233736528,53.25
2,83,phi+0.00,1,-0.006871202305260298,1.112239009925985,2241.338745216513,6.333333333333333,1115.1079902837748,59.583333333333336,972.5597470390999,53.25
2,83,phi+0.00,2,0.0004895557321110013,1.0,2053.6876649178544,6.166666666666667,1088.554403727067,57.25,961.9902231421307,51.0
2,83,phi+0.30,0,0.0038063971160652486,1.6966225391909335,2542.884635417865,6.25,1116.5712560242612,59.75,951.0136415326291,50.833333333333336
2,83,phi+0.30,1,0.016901497720618934,2.05731984100661,1992.6503531823273,6.166666666666667,1108.351393323285,58.916666666666664,965.5985670677466,51.333333333333336
2,83,phi+0.30,2,0.006205563136267069,1.7524013937738925,2292.147292994439,6.083333333333333,1101.2960682138053,58.583333333333336,983.4745300181875,54.0
2,83,phi+0.60,0,0.018962694113719675,3.9263976803790053,2051.6269610692857,6.083333333333333,1106.16014394336,60.25,950.4399357945185,52.0
2,83,phi+0.60,1,0.014615387616526188,3.3841692365752167,1954.2384708789968,6.416666666666667,1093.3755357801292,59.416666666666664,973.8432029072143,52.916666666666664
2,83,phi+0.60,2,0.012954216606971096,4.208968550570588,2320.535828157804,6.25,1127.372027117784,59.333333333333336,950.4911577507781,52.583333333333336
2,83,phi+0.90,0,0.20327377938675914,16.286453835283798,2067.7138588336015,6.0,1116.6217285866553,57.916666666666664,949.1531902892867,50.083333333333336
2,83,phi+0.90,1,0.289827713312079,25.04063471586819,2108.834438270259,6.333333333333333,1103.6971353747538,59.5,977.4751092838657,53.083333333333336
2,83,phi+0.90,2,0.17866251830091426,13.08226221416519,2040.7996605456385,6.083333333333333,1121.5359850540913,59.0,949.1472144413378,51.25
2,83,phi+0.99,0,0.768906873910816,78.00466186593087,1869.7947609485418,6.25,1083.9376918999408,57.916666666666664,952.8375725683682,51.666666666666664
2,83,phi+0.99,1,0.7214747702324027,74.51885266912562,2147.9424673272,6.25,1162.5504973087884,58.166666666666664,959.8901928145689,49.833333333333336
2,83,phi+0.99,2,0.6224455121085497,55.41042105578199,2092.990379926492,6.166666666666667,1188.4534231391153,58.416666666666664,987.1693420000562,51.666666666666664
2,83,sorted,0,0.7916175319837122,87.27398288739201,1689.0680785401137,6.0,988.7944363092174,53.333333333333336,930.2856713032853,50.416666666666664
2,84,real,0,0.1298494781254971,9.601654509995592,1704.9196546502217,8.25,999.9588560590555,56.583333333333336,943.0083655635822,52.5
2,84,phi-0.60,0,0.007802605465732569,1.0,2527.5812987377362,10.083333333333334,1041.3027543845963,59.333333333333336,959.9430961817401,53.916666666666664
2,84,phi-0.60,1,0.001500408065654958,1.0,2402.228958267822,9.75,1030.8611236855031,59.166666666666664,975.2517341405259,54.666666666666664
2,84,phi-0.60,2,0.0068172506294411715,1.0,1959.594285316581,9.583333333333334,1021.944643761358,59.416666666666664,960.3915756317934,54.333333333333336
2,84,phi-0.30,0,-0.004824430369369433,1.0,2146.654364639809,9.083333333333334,1032.9274315105379,59.583333333333336,964.7644564086204,54.666666666666664
2,84,phi-0.30,1,-0.007279122428944826,1.0,2396.557622268086,10.083333333333334,1027.6451919219205,58.916666666666664,974.3015462205644,54.583333333333336
2,84,phi-0.30,2,0.009187123070717562,1.0340010286358585,2410.253737327297,9.583333333333334,1036.1911612897857,59.416666666666664,969.8028077059327,54.916666666666664
2,84,phi+0.00,0,-0.00317253233061257,1.1790088169169775,2461.7740107251275,9.5,1032.6728271448749,58.75,966.4743874284363,54.25
2,84,phi+0.00,1,0.00191890541459783,1.0,2259.973545721396,9.75,1035.4540551567363,59.166666666666664,965.1888283218208,54.25
2,84,phi+0.00,2,-0.002206985162569397,1.0,2734.1495210337303,9.25,1051.6709786977246,59.25,956.0878461996946,53.833333333333336
2,84,phi+0.30,0,0.007919247141368243,1.213114238376612,2266.1425707334083,9.666666666666666,1034.3676438993107,59.083333333333336,960.0580647879464,54.333333333333336
2,84,phi+0.30,1,0.0018349739998924138,1.2883926796640206,2268.706347267565,9.333333333333334,1044.2837551835264,59.916666666666664,975.1954406007694,54.666666666666664
2,84,phi+0.30,2,-0.007464110159124162,1.5738527908431101,2811.958622892236,10.0,1031.8886963322298,58.916666666666664,974.1152385077162,55.583333333333336
2,84,phi+0.60,0,0.005034057998153084,2.6102475987455955,2230.890145617091,9.416666666666666,1048.1227996608206,60.25,972.3783743801472,55.25
2,84,phi+0.60,1,-0.001218511245027186,1.7102286944093434,2292.9214398996255,9.75,1031.7766327924999,59.25,950.659545253905,53.583333333333336
2,84,phi+0.60,2,0.002011408542368951,1.814981897203069,2347.7405619650685,9.916666666666666,1038.567695076549,59.75,970.1186129065114,55.0
2,84,phi+0.90,0,0.02494442348503966,4.656622362561759,2123.5449572305033,9.333333333333334,1033.8328917001934,59.0,977.2483645406828,55.0
2,84,phi+0.90,1,0.028975351392970753,4.445951770266115,2108.370564648466,9.583333333333334,1036.2769283060968,59.416666666666664,968.8659446660778,54.583333333333336
2,84,phi+0.90,2,0.0554027105171854,6.179082691466445,1850.8470912649475,9.333333333333334,1012.9282775317932,57.916666666666664,952.5626584276857,53.333333333333336
2,84,phi+0.99,0,0.3393968536129196,22.46729995734509,1652.0444506388333,8.666666666666666,998.9817181264785,57.0,938.9187261768611,52.25
2,84,phi+0.99,1,0.5738723742913732,37.637637928283944,1674.8086756115092,8.25,992.8735197543242,56.666666666666664,931.0286446976296,51.166666666666664
2,84,phi+0.99,2,0.30454875041176743,20.779383484664358,1647.0444506388333,8.166666666666666,994.1164687170741,56.666666666666664,937.758157476238,51.916666666666664
2,84,sorted,0,0.5820895988236081,40.40210281553281,1645.3777839721668,8.0,980.1512084659447,55.166666666666664,933.2785258592563,51.666666666666664
2,86,real,0,0.15845803576825074,9.549097113636712,1881.0581866633274,12.333333333333334,1004.6027298520397,59.5,961.7746943385138,56.0
2,86,phi-0.60,0,0.00603743637863918,1.0,1958.5954561453761,13.083333333333334,1017.9478355450157,60.25,971.540203869254,57.0
2,86,phi-0.60,1,-0.0025382488116573953,1.0,1931.7366513725613,13.083333333333334,1015.4177709767035,60.333333333333336,966.9288330036755,56.583333333333336
2,86,phi-0.60,2,0.006668055431885372,1.0,2069.757730843881,12.583333333333334,1015.0467033381933,60.083333333333336,978.4677286441344,57.666666666666664
2,86,phi-0.30,0,-0.004706397074762744,1.0,2534.386995888852,13.0,1038.6526145705855,61.916666666666664,973.3963736916721,56.333333333333336
2,86,phi-0.30,1,0.0016209639202321318,1.0,2223.936206934551,13.0,1021.2389359131162,60.083333333333336,979.502996464987,57.083333333333336
2,86,phi-0.30,2,-0.0018748776980906134,1.0,1883.6324671328464,12.583333333333334,1010.7475508751663,59.916666666666664,978.4771515422159,57.416666666666664
2,86,phi+0.00,0,-0.001195170472911346,1.0,2377.0436981060625,12.5,1029.0188080003338,60.583333333333336,991.5107666087551,57.416666666666664
2,86,phi+0.00,1,0.005714038415587382,1.0,2403.7316584294877,13.0,1026.0627823420778,60.666666666666664,990.6172530405684,57.583333333333336
2,86,phi+0.00,2,-0.0037231170510546945,1.0,2686.0518481550566,13.416666666666666,1029.9725412540065,61.166666666666664,994.6374856788196,58.166666666666664
2,86,phi+0.30,0,-0.0035826712778164907,1.3297542815177141,2726.5013435820715,12.583333333333334,1024.4394116558562,60.666666666666664,979.515187168583,56.416666666666664
2,86,phi+0.30,1,-0.0003695448936306259,1.0,2198.2248056288613,12.583333333333334,1012.9147711954978,59.5,974.0654473576377,57.583333333333336
2,86,phi+0.30,2,-0.004168800971764095,1.0399155085614573,2428.949860517474,12.833333333333334,1020.5346180878995,60.5,989.2434070407456,56.916666666666664
2,86,phi+0.60,0,0.000883840918123499,1.224930789574777,2311.861741713157,12.833333333333334,1019.0476192205861,60.416666666666664,995.5661757310919,57.25
2,86,phi+0.60,1,0.0019465038694019966,1.6623281693105654,2293.890629228694,13.416666666666666,1022.0787064420056,61.0,980.7492494774469,57.5
2,86,phi+0.60,2,0.016250018900159605,1.6623281947934154,2045.845552288665,13.083333333333334,1022.9331206273864,60.75,970.876353758844,56.666666666666664
2,86,phi+0.90,0,0.011691117809739825,2.696117008567936,2325.798635370897,12.916666666666666,1018.1574509808802,60.416666666666664,977.2270762597094,56.25
2,86,phi+0.90,1,0.13005679088128186,10.16677842977547,1889.9684418585728,12.75,1011.8887513365216,59.666666666666664,971.0993528572571,56.5
2,86,phi+0.90,2,0.03014194874877481,4.542611469695663,2229.2981783250784,12.333333333333334,1016.8868127309821,59.833333333333336,975.4093642948355,56.75
2,86,phi+0.99,0,0.0712987861391559,8.81126842711674,2560.341879980982,11.583333333333334,1302.2570044150186,58.75,1113.0084464077281,55.583333333333336
2,86,phi+0.99,1,0.07453942933751939,4.934219463999293,2520.2191526491574,12.916666666666666,1031.1438950509662,61.083333333333336,981.8525644080005,56.916666666666664
2,86,phi+0.99,2,0.24118590459197128,17.39509377037479,1852.57536762518,12.25,996.3301042574008,58.416666666666664,952.5165770998498,55.083333333333336
2,86,sorted,0,0.2659481585859604,18.23666818364075,1850.07536762518,12.0,996.5991741828735,58.5,948.992420468499,54.75
2,87,real,0,0.12450681933906554,16.897602660551275,1766.8318354080548,6.25,1081.62139534644,61.416666666666664,959.840584206365,54.333333333333336
2,87,phi-0.60,0,0.007511192235158079,1.0,2246.3240938697377,6.583333333333333,1127.2482070329481,62.583333333333336,962.9888165933527,53.0
2,87,phi-0.60,1,0.01268349885240953,1.0,2933.1271743694892,7.0,1154.2242442798786,63.666666666666664,979.9860120050811,53.333333333333336
2,87,phi-0.60,2,0.0035733694361527197,1.0,2558.8236505920063,6.666666666666667,1109.522600290895,63.0,988.4656105799319,55.583333333333336
2,87,phi-0.30,0,0.003262478577933389,1.0,2293.400310506631,6.583333333333333,1152.4195005255813,64.16666666666667,976.7630830371886,53.5
2,87,phi-0.30,1,-0.0006232931563486375,1.0,2564.6508919807425,6.833333333333333,1130.212992811346,62.75,970.9085131654205,54.166666666666664
2,87,phi-0.30,2,0.0060800103957138925,1.0,2360.977251294512,6.5,1152.3396308232677,65.16666666666667,960.7513983043126,53.583333333333336
2,87,phi+0.00,0,-0.010658653503200426,1.0,2464.94045843478,6.666666666666667,1152.2729986428337,63.833333333333336,968.8336419806415,54.25
2,87,phi+0.00,1,-0.001048538626460144,1.0,2524.4326332628116,6.75,1131.489623142379,61.75,972.4863720218185,54.75
2,87,phi+0.00,2,0.005950529833389296,1.0312686616340736,2029.9525788048522,6.25,1134.2290121448082,62.416666666666664,964.6299903827007,54.666666666666664
2,87,phi+0.30,0,0.004896910320848529,1.8710773168001276,2233.8700453093306,6.416666666666667,1123.9805992973243,62.25,971.9404768801761,54.5
2,87,phi+0.30,1,-0.008020246911262699,1.5997882371267695,1912.477350986408,6.333333333333333,1113.089065245419,61.833333333333336,965.4025621273045,53.916666666666664
2,87,phi+0.30,2,-0.0034447277928904506,1.5761009588117765,2287.003948492828,6.583333333333333,1131.2349064185698,63.583333333333336,963.9428585963115,53.833333333333336
2,87,phi+0.60,0,0.0174586886052333,3.3227581806024222,2240.34498132219,6.5,1135.630240698465,62.583333333333336,963.366971324462,53.25
2,87,phi+0.60,1,0.04780597597835276,4.662420978367224,2023.6445100940239,6.416666666666667,1132.825922726796,62.166666666666664,961.6610446433756,53.833333333333336
2,87,phi+0.60,2,0.006138451567839161,3.6586217807670933,2411.1383546116876,6.583333333333333,1135.02766549242,63.25,979.0993922221514,53.833333333333336
2,87,phi+0.90,0,0.22219099588414398,16.055046426008133,2021.4685659592058,6.333333333333333,1149.999506278641,61.083333333333336,975.1976719283484,53.25
2,87,phi+0.90,1,0.1690813977365633,14.639847365346311,2868.449398883098,6.333333333333333,1179.8317967409287,63.166666666666664,995.3534330462161,53.583333333333336
2,87,phi+0.90,2,0.2373884710313783,18.346875959274353,2007.2781760356477,6.333333333333333,1142.598700077151,61.5,960.4473519164436,52.416666666666664
2,87,phi+0.99,0,0.6531369069009277,70.52358332465245,2232.728966077743,6.416666666666667,1177.1810714810367,60.583333333333336,970.2863007041398,52.333333333333336
2,87,phi+0.99,1,0.5522375963490282,56.31215865384718,2259.8634942608346,6.416666666666667,1185.9911083729723,59.416666666666664,979.2448079609653,53.25
2,87,phi+0.99,2,0.604540908539869,63.66774168057331,2324.90926598802,6.083333333333333,1269.0186895492245,57.5,1007.211669192387,53.333333333333336
2,87,sorted,0,0.7725374185705784,86.11003599767689,1645.6519897554526,6.333333333333333,1037.6719204738636,59.25,931.6539139034722,52.916666666666664
2,89,real,0,0.008042879712033229,1.0,2235.739312755208,6.0,1077.1950305622847,54.583333333333336,956.0719705938169,51.083333333333336
2,89,phi-0.60,0,0.009422906657579872,1.0,1964.4580024420245,6.0,1071.9698717423646,54.166666666666664,944.4189698587073,50.583333333333336
2,89,phi-0.60,1,0.004188607180918436,1.0,2002.0594458010703,6.0,1075.4486723132447,55.083333333333336,953.1801999546752,51.833333333333336
2,89,phi-0.60,2,0.019741797259796325,1.0,2157.640489218913,6.0,1067.0217464779028,54.333333333333336,948.9931828210888,51.25
2,89,phi-0.30,0,0.000449493540129318,1.0,2182.454110304621,6.0,1055.483032484005,53.666666666666664,958.6134485852881,52.083333333333336
2,89,phi-0.30,1,-0.005155482821321429,1.0,1957.1190924503753,6.0,1087.8134053494252,54.0,957.3554219216771,50.583333333333336
2,89,phi-0.30,2,-0.0012314167807641286,1.0,2031.072910002096,6.0,1050.2126391639974,53.166666666666664,954.2983883909906,51.666666666666664
2,89,phi+0.00,0,-0.007351400188282218,1.0061000861532332,2280.3640896848833,6.0,1071.7101329051866,54.083333333333336,969.8861979900394,51.833333333333336
2,89,phi+0.00,1,-0.002958745358683759,1.0561007009494394,1974.3282923006873,6.0,1054.6735892646761,53.833333333333336,960.0425472972325,51.416666666666664
2,89,phi+0.00,2,-0.0032339188170968356,1.0875796902105186,1910.7007565933307,6.0,1081.4458014754014,55.416666666666664,970.403581804237,52.083333333333336
2,89,phi+0.30,0,0.012313165113483692,1.249924399284336,2352.734401825929,6.0,1070.5363530274815,54.333333333333336,954.2228640466224,52.0
2,89,phi+0.30,1,-0.0011893870438564728,1.5134920218513446,1980.1502415709765,6.0,1062.1430403800834,53.666666666666664,960.4504277476735,51.5
2,89,phi+0.30,2,0.005808870355483953,1.3186039352036445,2172.262198828644,6.0,1058.3152396092185,54.0,954.1584855615666,51.333333333333336
2,89,phi+0.60,0,0.006125441929353685,2.3611136132453905,2370.0167851770743,6.0,1070.4538035315434,54.416666666666664,968.1935183413517,51.25
2,89,phi+0.60,1,0.003443995365351617,2.47363429126185,1920.5903775115567,6.0,1056.2842586671457,54.583333333333336,938.361150024819,50.666666666666664
2,89,phi+0.60,2,0.03345432075932083,2.8551375808151382,1891.6662381733813,6.0,1061.0089254616971,54.833333333333336,953.4644583261816,51.583333333333336
2,89,phi+0.90,0,0.12866685425210028,10.44370764665375,2386.4875307421803,6.0,1081.9224887251162,54.666666666666664,964.037950861121,51.333333333333336
2,89,phi+0.90,1,0.1404947905386613,10.772654995845816,1973.5748760191207,6.0,1065.80489405304,54.833333333333336,946.9582346957126,51.083333333333336
2,89,phi+0.90,2,0.12057293426245702,10.02692098909176,1906.3697671863004,6.0,1062.5392728171287,53.166666666666664,954.9900009818047,51.75
2,89,phi+0.99,0,0.4847053756576539,40.79731696319627,1774.5345668085085,6.0,1029.8338953561938,53.416666666666664,951.7410134224402,52.0
2,89,phi+0.99,1,0.5829631137017834,47.759715010849675,2453.7813966095564,6.0,1094.700568231318,53.833333333333336,983.4532565308151,52.666666666666664
2,89,phi+0.99,2,0.3820753735267962,32.306504322840524,2346.2792419362254,6.0,1094.624215019491,54.166666666666664,970.7749135597395,52.25
2,89,sorted,0,0.9458641254524736,108.07026363140298,1706.0640713412488,6.0,1012.2148837939518,52.916666666666664,940.7995160626447,51.416666666666664
2,90,real,0,0.013920822197667626,1.9754690572796791,1605.8124668945957,12.166666666666666,969.3277981147259,56.666666666666664,957.8375929402356,53.916666666666664
2,90,phi-0.60,0,-0.0021759357915642733,1.0,1728.3425480446742,13.583333333333334,983.97039394766,57.916666666666664,968.0874664830367,55.0
2,90,phi-0.60,1,0.0025325064987780023,1.0,1721.2461994098878,13.583333333333334,986.5443567774828,58.166666666666664,976.3162832666271,55.25
2,90,phi-0.60,2,-0.0016090400062532477,1.0,1659.5190450504595,14.166666666666666,993.6747956571554,58.916666666666664,969.6202507689417,55.083333333333336
2,90,phi-0.30,0,-0.00033446167924976834,1.0,1645.278160829047,13.666666666666666,989.5108625732929,58.083333333333336,975.1496799593828,55.75
2,90,phi-0.30,1,-0.0006739327042523274,1.0,1632.9973918439573,13.333333333333334,985.5318805737284,58.0,969.6519063152786,55.0
2,90,phi-0.30,2,0.00013496635164334927,1.0,1703.1087992794248,14.0,992.9926179425638,58.25,975.4991683248383,54.833333333333336
2,90,phi+0.00,0,0.005179130907202882,1.0,1685.0998781029994,12.75,981.8848015932193,57.416666666666664,962.7145834251111,54.166666666666664
2,90,phi+0.00,1,0.00493004664591266,1.0,1667.0523622826229,13.416666666666666,989.0327072097116,58.416666666666664,978.5380126790892,55.583333333333336
2,90,phi+0.00,2,0.0013337364252106775,1.0,1696.1561176462865,13.583333333333334,988.4557675465481,58.25,968.0767818010377,55.166666666666664
2,90,phi+0.30,0,-0.005010414718119405,1.0,1719.8207554658104,13.25,988.694853160718,58.083333333333336,973.1491516435843,54.75
2,90,phi+0.30,1,-0.006165865789723217,1.1227147157569135,1686.2817831515322,13.833333333333334,994.8760514893073,58.5,975.9601077980806,55.25
2,90,phi+0.30,2,-0.005895122027451232,1.0,1645.0654416146047,13.166666666666666,984.2648648985427,57.916666666666664,966.2536712313084,54.5
2,90,phi+0.60,0,-0.002584134079297417,1.2617720442907236,1684.7928657088344,13.583333333333334,984.0929902317321,57.833333333333336,973.7816228176633,55.333333333333336
2,90,phi+0.60,1,0.0037312765723453343,1.349711078877534,1662.8465158263373,13.583333333333334,1001.0949917044985,58.5,980.8070803747441,55.166666666666664
2,90,phi+0.60,2,0.006128816719479992,1.7852820857622187,1618.6832344767583,13.666666666666666,988.9767192038057,57.916666666666664,971.7455635813225,55.0
2,90,phi+0.90,0,0.009725126940181976,3.071562374699962,1603.7247418329305,11.75,971.510799996547,56.666666666666664,967.7774541135797,54.583333333333336
2,90,phi+0.90,1,0.009125741903398309,2.672778061345136,1614.2695515677826,13.25,987.8722474436523,58.166666666666664,967.6881983543963,55.083333333333336
2,90,phi+0.90,2,0.011523282050532966,3.0387977058896145,1635.1141640341255,13.333333333333334,986.3635480603954,58.083333333333336,977.9074562676605,55.833333333333336
2,90,phi+0.99,0,0.01766874892524191,3.2126193665568765,1773.7018800212663,13.833333333333334,987.8613107731952,58.0,982.7960250547618,55.25
2,90,phi+0.99,1,0.13559598466475142,10.527492159889057,1612.5291767804222,11.416666666666666,968.2737980334133,56.083333333333336,966.8128571230405,54.083333333333336
2,90,phi+0.99,2,0.02650790797012456,4.255549330560452,1599.145800227929,11.5,959.9890833722848,55.666666666666664,962.0979208339712,54.416666666666664
2,90,sorted,0,0.15518991900480722,11.659958787215755,1583.3124668945957,9.916666666666666,943.5247790312601,54.083333333333336,944.3842579665735,52.666666666666664
2,91,real,0,-0.002940680822379508,1.9970888102460398,1543.6498627793983,7.666666666666667,884.1343160705977,48.916666666666664,883.9350260374468,50.333333333333336
2,91,phi-0.60,0,0.005705068977139338,1.0,1551.1498627793983,8.416666666666666,887.5691050755067,49.5,886.7832425738729,50.75
2,91,phi-0.60,1,-0.002940680822379508,1.0,1553.6498627793983,8.666666666666666,892.9712914337866,50.083333333333336,892.100835391157,51.166666666666664
2,91,phi-0.60,2,0.005705068977139338,1.0,1551.9831961127318,8.5,888.6647806125392,49.666666666666664,890.1996250854545,51.083333333333336
2,91,phi-0.30,0,-0.002940680822379508,1.0,1557.816529446065,9.083333333333334,893.5327003583689,50.166666666666664,894.4630374505065,51.5
2,91,phi-0.30,1,-0.002940680822379508,1.0,1546.8030207540687,9.0,896.0531555642477,50.333333333333336,895.3031890321566,51.25
2,91,phi-0.30,2,-0.002940680822379508,1.0,1554.4831961127318,8.75,892.3178542102356,50.0,890.5328467037228,51.083333333333336
2,91,phi+0.00,0,-0.002940680822379508,1.0,1557.816529446065,9.083333333333334,896.622613388914,50.25,895.116455737701,51.5
2,91,phi+0.00,1,-0.002940680822379508,1.0,1577.4924666605905,8.583333333333334,892.7241633902612,49.75,889.5735661266591,50.833333333333336
2,91,phi+0.00,2,-0.0024895982241437417,1.0,1552.8314139380336,8.833333333333334,894.3631313872489,50.083333333333336,895.4147051418753,51.083333333333336
2,91,phi+0.30,0,-0.002940680822379508,1.0,1557.816529446065,9.083333333333334,895.1437374983428,50.333333333333336,896.6929231378259,51.5
2,91,phi+0.30,1,-0.002940680822379508,1.0,1558.9406834737658,9.083333333333334,896.8671928535914,50.416666666666664,897.0813213791953,51.666666666666664
2,91,phi+0.30,2,-0.002940680822379508,1.0,1558.6498627793983,9.166666666666666,897.9683185593258,50.583333333333336,901.391152154671,51.75
2,91,phi+0.60,0,-0.002940680822379508,1.0,1556.1498627793983,8.916666666666666,894.150974430216,50.083333333333336,892.6165759072063,51.333333333333336
2,91,phi+0.60,1,-0.002940680822379508,1.0,1555.316529446065,8.833333333333334,891.2925907264198,49.833333333333336,891.3597481113978,51.083333333333336
2,91,phi+0.60,2,-0.002940680822379508,1.4956353218739467,1551.1498627793983,8.416666666666666,889.411418301559,49.75,889.0548104958986,50.916666666666664
2,91,phi+0.90,0,0.04028806817521471,3.489800303336704,1536.9831961127318,7.0,873.8500502479679,48.166666666666664,873.4499092405396,49.416666666666664
2,91,phi+0.90,1,-0.002940680822379508,1.9970888102460398,1544.4831961127318,7.75,882.0147469864223,49.0,882.633741133607,50.333333333333336
2,91,phi+0.90,2,0.014350818776658184,1.0,1556.8704123977714,7.833333333333333,886.6538947434541,49.0,883.8039731725762,50.25
2,91,phi+0.99,0,0.014350818776658184,1.4956353218739467,1545.316529446065,7.833333333333333,882.6378679772491,49.0,884.1395438380213,50.416666666666664
2,91,phi+0.99,1,0.005705068977139338,1.9912664307381194,1546.1498627793983,7.916666666666667,885.735004184366,49.333333333333336,883.8855942577017,50.416666666666664
2,91,phi+0.99,2,0.02299656857617704,3.9912537917087967,1537.816529446065,7.083333333333333,876.3358430379081,48.416666666666664,874.3183515112954,49.5
2,91,sorted,0,0.025828364887323783,3.9999747219413546,1536.9831961127318,7.0,876.8240774164942,48.5,873.4499092405396,49.416666666666664
2,92,real,0,0.032231872997749156,3.5022886767703967,1702.9279760556585,9.166666666666666,980.7789441848687,54.583333333333336,951.4913335289461,51.333333333333336
2,92,phi-0.60,0,0.0006429614468668754,1.0,1755.7074480581514,10.25,974.0805298976202,55.75,937.3411498016299,51.666666666666664
2,92,phi-0.60,1,0.0010059758430361878,1.0,1663.5489292388145,10.416666666666666,964.5758894772621,55.666666666666664,934.561816842779,52.0
2,92,phi-0.60,2,0.004577216359522137,1.0,1699.3992398624569,10.333333333333334,972.7930731892455,55.916666666666664,934.7867449000984,52.333333333333336
2,92,phi-0.30,0,0.00014666791740591356,1.0,1727.980522227127,10.416666666666666,998.5743798534436,56.0,955.5364028303457,52.0
2,92,phi-0.30,1,-0.0027191608238124687,1.0,1736.4671199782772,10.75,977.193141899228,56.083333333333336,939.5287516559605,52.583333333333336
2,92,phi-0.30,2,-0.003995235170743457,1.0,1689.9298881553686,10.333333333333334,962.2822542927961,55.0,937.6417778745489,51.916666666666664
2,92,phi+0.00,0,-0.0004151578318599579,1.0,1660.5291666157661,10.5,969.7134445907565,55.333333333333336,920.1247850607973,51.416666666666664
2,92,phi+0.00,1,-0.0038111507363283617,1.0,1611.490125980138,10.25,963.1143165440973,55.083333333333336,931.3340744654838,51.666666666666664
2,92,phi+0.00,2,-0.0025954560164043084,1.0,1655.5654355145991,10.583333333333334,972.9991227199956,55.583333333333336,935.2421185726668,51.833333333333336
2,92,phi+0.30,0,0.0027960142498447776,1.1646483643477148,1713.8965100723342,10.333333333333334,971.9996591511896,55.75,932.8809512235754,51.833333333333336
2,92,phi+0.30,1,0.0005546000499449176,1.0579007863763905,1623.4024806401103,10.5,962.9454441819647,55.333333333333336,932.3916834701859,51.083333333333336
2,92,phi+0.30,2,-0.0005292891890627728,1.0,1658.536089740983,10.333333333333334,972.8305699341789,55.75,940.942066429352,52.333333333333336
2,92,phi+0.60,0,-0.005223447588826952,1.2015477237132197,1713.872246713483,10.333333333333334,977.5657899073763,55.75,931.5568393948562,51.083333333333336
2,92,phi+0.60,1,-0.0012450115676097965,1.2044733576338895,1676.4978266167782,10.583333333333334,977.3887881383758,56.416666666666664,937.9769286938308,52.0
2,92,phi+0.60,2,0.0034933261163296813,1.982723748121888,1661.2152844770217,9.416666666666666,958.4371931014351,54.833333333333336,934.6114759028646,51.583333333333336
2,92,phi+0.90,0,0.028869766441518074,3.2903588180578485,1675.6113613653226,9.666666666666666,956.1254353938572,54.583333333333336,936.4088014254345,51.833333333333336
2,92,phi+0.90,1,0.016865966730054072,1.985616100515669,1671.5218146369298,10.083333333333334,973.3837971895882,55.75,932.7251589550493,52.0
2,92,phi+0.90,2,0.03267737266888544,4.491195038155087,1630.0948984851739,8.75,950.323689722285,53.916666666666664,922.708030748816,50.666666666666664
2,92,phi+0.99,0,0.029396246955911132,2.9066134942695134,1670.4502291573233,9.75,967.0450289045285,55.75,933.512473126408,52.0
2,92,phi+0.99,1,0.06993534999520752,6.114066687490959,1660.018231464607,8.0,953.2254795481921,53.083333333333336,928.588642224553,51.166666666666664
2,92,phi+0.99,2,0.0957005899123759,7.080555537847561,1632.364169602981,7.833333333333333,942.6438677573414,52.75,920.1865703518118,50.333333333333336
2,92,sorted,0,0.1415309942268111,10.837364032281034,1628.1975029363145,7.416666666666667,935.3470849789255,52.333333333333336,915.4981615140208,49.916666666666664
2,94,real,0,0.08182340486622611,8.761574215398,2081.1122501935783,6.25,1071.583213116702,57.0,972.1275080365828,53.083333333333336
2,94,phi-0.60,0,0.010179094060740582,1.0,2274.210332114104,6.083333333333333,1105.7886701863506,57.75,968.6332303586131,51.5
2,94,phi-0.60,1,0.007032030619946736,1.0,2243.1716384869346,6.25,1127.8281605949526,58.5,993.3518426842362,53.166666666666664
2,94,phi-0.60,2,0.008444855870820773,1.0,1915.2277470679555,6.083333333333333,1088.4906220886367,58.333333333333336,959.2357612037607,50.333333333333336
2,94,phi-0.30,0,-0.0001046783303050735,1.0,2298.8883606742606,6.083333333333333,1107.4184654068395,57.416666666666664,979.1681109057777,51.583333333333336
2,94,phi-0.30,1,0.0016013417988217725,1.0,1821.232471409259,6.25,1106.8208520397195,58.5,970.4984018010399,52.416666666666664
2,94,phi-0.30,2,0.0034155247536175734,1.0,2009.0015275341946,6.083333333333333,1092.183589550914,57.666666666666664,963.8607945458581,51.25
2,94,phi+0.00,0,0.002496477122395949,1.0376905381674413,1877.1462400081225,6.166666666666667,1069.5628100833576,56.25,968.2819609475619,51.5
2,94,phi+0.00,1,0.0005435681834429014,1.0194510602892188,1913.6309529182302,6.083333333333333,1101.17817562716,58.0,982.6428671733937,52.916666666666664
2,94,phi+0.00,2,0.018422593012626075,1.2761534491649404,1984.4084901084645,6.166666666666667,1095.176261008848,57.416666666666664,981.960854270585,52.75
2,94,phi+0.30,0,-0.001584800196190129,1.7507778870551145,2280.899925894442,6.416666666666667,1111.5317119622064,58.583333333333336,981.2796274217918,52.083333333333336
2,94,phi+0.30,1,-0.012574062551284472,1.650687079874602,2119.5277170932454,6.083333333333333,1100.8699368498144,58.25,975.4019181550308,52.416666666666664
2,94,phi+0.30,2,-0.008718568163266646,1.6082143501229873,2495.9527155729834,6.166666666666667,1109.626757326799,57.333333333333336,978.9419053236714,52.666666666666664
2,94,phi+0.60,0,0.026297700183110204,3.3970281627158743,2427.9658982786623,6.083333333333333,1099.941015664482,57.166666666666664,991.3409107706995,52.5
2,94,phi+0.60,1,0.04925505329363912,4.114072403330173,2103.0281602251594,6.25,1107.1631904753388,57.75,997.4456804869013,52.416666666666664
2,94,phi+0.60,2,0.005144669083789338,3.5107159477375065,2166.457051213175,6.333333333333333,1093.6923825887413,56.666666666666664,982.5450273828345,52.666666666666664
2,94,phi+0.90,0,0.21717558154650152,15.362024220757917,1940.0953040221596,6.0,1108.3671867980454,58.666666666666664,976.6461225869562,51.75
2,94,phi+0.90,1,0.19876785251969534,14.25751502916157,2002.8747204082129,6.25,1102.454961854156,57.416666666666664,999.4609132228185,53.416666666666664
2,94,phi+0.90,2,0.186868269372344,14.372785240448534,2045.823311975807,6.0,1147.1418493433493,56.583333333333336,980.8833726218263,52.166666666666664
2,94,phi+0.99,0,0.8256607332048345,90.37861351902168,1710.758121923732,6.25,1137.9369748298857,54.5,951.8116813556952,50.416666666666664
2,94,phi+0.99,1,0.7746552427736886,76.46788327655149,1765.9217464969906,6.166666666666667,1090.6091503177338,55.583333333333336,954.9815512710378,50.5
2,94,phi+0.99,2,0.7172623982165093,66.87473846613446,3006.986399122834,6.25,1224.103957108907,56.0,1013.3856083872165,51.583333333333336
2,94,sorted,0,0.8595392447267322,96.43273660539559,1590.3273549960406,6.5,996.5539430351345,55.0,943.6677309793241,51.916666666666664
2,93,real,0,0.3195323727541145,34.54324123558567,2175.3924941011624,7.75,1034.2251172617982,63.166666666666664,997.3425329431187,57.083333333333336
2,93,phi-0.60,0,0.0030833668705487665,1.0,2469.9626546957115,9.666666666666666,1085.9890706442422,66.91666666666667,1052.3629391570712,62.166666666666664
2,93,phi-0.60,1,-0.0014348714709184005,1.0,2520.558135874931,9.75,1099.0386163924743,68.16666666666667,1047.437472360948,61.5
2,93,phi-0.60,2,0.002246539875959842,1.0,2593.894159892004,9.666666666666666,1086.9159301343602,66.83333333333333,1050.7215045213568,61.416666666666664
2,93,phi-0.30,0,0.002165728661382578,1.0,2876.1543544460837,9.25,1093.7023005129408,68.16666666666667,1062.446870254868,61.833333333333336
2,93,phi-0.30,1,0.004710712776038067,1.0,2626.1041833601644,9.75,1083.1914161464504,65.58333333333333,1055.0003018095015,62.583333333333336
2,93,phi-0.30,2,0.004348570589118032,1.161990876941755,2596.3889269953165,9.833333333333334,1094.8291065338626,68.41666666666667,1037.748372221489,60.916666666666664
2,93,phi+0.00,0,0.003012440316960064,1.0370321656398866,2244.6451023773448,9.25,1068.3020809426866,67.41666666666667,1041.3733094819092,61.916666666666664
2,93,phi+0.00,1,0.002079308221438425,1.0,2751.6440663585777,9.583333333333334,1082.1606283216404,67.83333333333333,1034.1639211543404,60.5
2,93,phi+0.00,2,-0.002040139775972195,1.0,2734.121429713515,9.333333333333334,1085.2925565278076,67.75,1040.3385869696865,60.75
2,93,phi+0.30,0,0.0006235278735878886,1.372560138476754,2615.2974638725987,9.333333333333334,1086.154943538788,67.41666666666667,1050.9085074147551,62.333333333333336
2,93,phi+0.30,1,-0.004185438263043523,1.2231410476896813,2504.7431616300787,9.666666666666666,1091.4764226854845,67.75,1052.3454504253843,60.666666666666664
2,93,phi+0.30,2,-0.0018719653330829253,1.198123315209468,2781.773183931909,10.0,1098.5663110977932,67.41666666666667,1057.4246700003987,61.5
2,93,phi+0.60,0,0.027140718733327737,1.8691877924294964,2090.848929815554,9.666666666666666,1074.5001476397038,66.83333333333333,1046.138338711833,62.416666666666664
2,93,phi+0.60,1,0.01994124691406685,3.1255022035719255,2597.769046708338,9.25,1082.0151960311773,67.25,1035.07483420127,60.166666666666664
2,93,phi+0.60,2,0.004513063406888645,2.243788036453445,2957.9617872095337,9.666666666666666,1080.6907132063432,67.58333333333333,1056.579890078379,61.5
2,93,phi+0.90,0,0.06512890336600526,6.199585232967081,2713.7406530766198,8.75,1074.817297799986,65.75,1039.3653887626867,60.166666666666664
2,93,phi+0.90,1,0.1036550656975355,9.263092690060489,1977.9578450548152,9.083333333333334,1095.4842193630732,67.33333333333333,1055.816958802354,61.416666666666664
2,93,phi+0.90,2,0.11764104427851658,9.382833710093893,2506.9339680400576,8.75,1090.450655296938,67.16666666666667,1060.418304913534,60.583333333333336
2,93,phi+0.99,0,0.26049184628354977,18.03842879434948,1825.9969456266942,8.083333333333334,1037.2509572259357,62.666666666666664,1015.3361602224212,58.166666666666664
2,93,phi+0.99,1,0.2335451824342855,16.312494805868873,4381.579874949543,9.0,1366.1271280174708,64.83333333333333,1185.7191140052798,60.333333333333336
2,93,phi+0.99,2,0.1700806416457618,13.071343477415523,1979.3629952129593,8.583333333333334,1058.4259989266563,65.16666666666667,1031.9424967172245,60.0
2,93,sorted,0,0.5849162004438271,52.41873486797292,1706.7899304652485,7.333333333333333,1002.0991718406179,60.583333333333336,974.3061432787284,55.166666666666664
2,95,real,0,0.04948058891601454,2.959476622734525,2149.86759118723,6.25,1108.2265385702572,58.0,962.9068031925116,52.25
2,95,phi-0.60,0,0.014028658160950655,1.0,1935.5996967056033,6.0,1096.837258489155,57.416666666666664,933.5684538788031,50.75
2,95,phi-0.60,1,0.011706709784022053,1.0,2183.5832200072987,6.0,1100.6477043991038,59.333333333333336,955.824522125902,53.416666666666664
2,95,phi-0.60,2,0.009812566923591722,1.0,2379.5821102959694,6.0,1109.0421631220404,58.833333333333336,960.9093022920528,52.0
2,95,phi-0.30,0,0.00414644669617859,1.0,2222.9666597871164,6.0,1123.1689005346736,58.333333333333336,972.6578327653191,52.0
2,95,phi-0.30,1,0.004303912040249557,1.0,2199.3296641811353,6.0,1101.1882186128892,59.083333333333336,943.8930548250302,50.75
2,95,phi-0.30,2,0.002821117147922068,1.0,2016.946032886086,6.0,1110.5722990953043,57.75,941.1783757248946,49.833333333333336
2,95,phi+0.00,0,-0.007215797735551594,1.0,2199.0545023309473,6.0,1093.4939734105344,58.916666666666664,952.1321913445822,51.166666666666664
2,95,phi+0.00,1,-0.0024253085381832316,1.003462250518642,2020.1978392732744,6.083333333333333,1084.6191281142635,59.333333333333336,970.8191338698584,51.75
2,95,phi+0.00,2,-0.005057633086821555,1.051074950348429,2328.8643746461935,6.0,1118.711417063047,59.5,939.806520657638,51.25
2,95,phi+0.30,0,0.006512808307571202,1.6876182019544785,2012.1065921282104,6.083333333333333,1090.4486561342862,58.416666666666664,953.0115689465028,51.833333333333336
2,95,phi+0.30,1,0.004179203019555545,1.6528843099122335,1933.0443005429308,6.083333333333333,1102.7379467536514,59.333333333333336,950.6031529547864,52.5
2,95,phi+0.30,2,-0.0023238900229548397,1.919404487825031,2365.533335148378,6.083333333333333,1118.4810829310175,59.75,956.1036915394474,51.166666666666664
2,95,phi+0.60,0,0.014426397266240579,3.3496613468718084,2181.589776109276,6.083333333333333,1108.062434644984,58.5,951.1796318930845,51.583333333333336
2,95,phi+0.60,1,0.0398442966846391,3.7499758289768748,2303.8940601007102,6.0,1103.9680618512632,59.0,977.4149123857775,51.416666666666664
2,95,phi+0.60,2,0.005359052959982816,3.21504497871562,2367.27950975359,6.0,1105.7936547806332,58.166666666666664,967.2496845426127,52.75
2,95,phi+0.90,0,0.3520305990668835,31.833205402084086,2287.6846251901675,6.0,1103.4765537842618,57.75,952.3363387368471,51.833333333333336
2,95,phi+0.90,1,0.31760809745671625,21.325439516260243,1992.0951646175463,6.0,1128.386772735217,59.083333333333336,944.6251365622114,50.5
2,95,phi+0.90,2,0.23832016707526524,16.615105604743825,2198.806565183654,6.0,1147.1347180909177,58.333333333333336,963.8543882812861,52.666666666666664
2,95,phi+0.99,0,0.6891775819043554,63.337854950061455,2223.783810021547,6.0,1137.2026438859948,57.416666666666664,976.7794498694178,51.583333333333336
2,95,phi+0.99,1,0.7959410327345658,77.01867593384148,2617.884726725983,6.0,1306.4039342642966,56.916666666666664,1007.7168315194846,51.75
2,95,phi+0.99,2,0.7502511848393794,70.60528290736731,2169.506108791383,6.0,1123.9448440361618,56.083333333333336,959.2009323930197,51.166666666666664
2,95,sorted,0,0.8799308387458521,99.71258549450471,1664.5941465216854,6.0,1017.2063457601954,55.25,931.4635129299909,51.333333333333336
2,96,real,0,0.0020070782392989637,2.657971003721196,1705.755794964687,10.0,954.8223597347528,55.083333333333336,974.3211916086517,55.583333333333336
2,96,phi-0.60,0,-0.0030558982938248486,1.0,1718.255794964687,11.25,966.7640563594563,56.333333333333336,989.1811230087654,57.25
2,96,phi-0.60,1,-0.0037614278819719515,1.0,1712.4224616313538,10.666666666666666,961.3916514709063,55.666666666666664,985.0212043178235,56.75
2,96,phi-0.60,2,0.010659837421205336,1.0,1704.9224616313538,9.916666666666666,951.8897609334022,54.833333333333336,974.0177348213077,55.75
2,96,phi-0.30,0,0.0020070782392989637,1.0,1719.387173848843,10.916666666666666,966.8634456624404,55.833333333333336,986.72349810791,56.583333333333336
2,96,phi-0.30,1,0.0020070782392989637,1.0,1714.0891282980203,10.833333333333334,961.2544693484878,55.75,981.7759126003342,56.416666666666664
2,96,phi-0.30,2,-0.0037614278819719515,1.0,1714.0891282980203,10.833333333333334,964.5968231933736,56.0,984.0567947959298,56.75
2,96,phi+0.00,0,0.002007078239298964,1.0,1714.9224616313538,10.916666666666666,964.4199407926668,56.083333333333336,982.4934886843948,56.583333333333336
2,96,phi+0.00,1,0.002007078239298965,1.0,1714.0891282980203,10.833333333333334,960.3933556710605,55.666666666666664,983.3541401043316,56.666666666666664
2,96,phi+0.00,2,0.002007078239298964,1.0,1715.755794964687,11.0,964.2410832564327,56.083333333333336,983.8654197611451,56.583333333333336
2,96,phi+0.30,0,0.002007078239298964,1.0,1719.0891282980203,11.333333333333334,965.6830294324383,56.166666666666664,988.688886065347,57.166666666666664
2,96,phi+0.30,1,0.0048913312999344215,1.0,1716.4572991062826,10.666666666666666,961.9437330061633,55.416666666666664,982.3620424018263,56.333333333333336
2,96,phi+0.30,2,0.002007078239298964,1.0,1729.065285221576,11.083333333333334,969.2714478874668,56.166666666666664,989.6723868775138,57.0
2,96,phi+0.60,0,-0.0037614278819719515,1.0,1711.7324041530583,10.5,961.9361235665486,55.666666666666664,980.7672870217011,56.333333333333336
2,96,phi+0.60,1,0.007775584360569882,1.8215376161369135,1699.0891282980203,9.333333333333334,948.3014501175713,54.416666666666664,968.1659747689076,55.083333333333336
2,96,phi+0.60,2,-0.0037614278819719515,1.6617014095175435,1714.0891282980203,10.833333333333334,962.0618043111048,55.833333333333336,985.2751480064841,56.75
2,96,phi+0.90,0,0.05103938027010174,5.304704256924914,1687.4224616313538,8.166666666666666,940.2292717505261,53.666666666666664,961.0531024745096,54.416666666666664
2,96,phi+0.90,1,0.013544090481840796,1.159841376966974,1740.1550057071936,10.333333333333334,958.3902105968695,55.333333333333336,981.1246030504166,56.25
2,96,phi+0.90,2,0.016428343542476253,1.8140819748918227,1703.255794964687,9.75,951.1452061916256,54.833333333333336,977.1830649177249,55.916666666666664
2,96,phi+0.99,0,0.03084960884565354,4.148634648535119,1694.9224616313538,8.916666666666666,946.5097581688124,54.25,964.9224222190629,54.833333333333336
2,96,phi+0.99,1,0.05103938027010174,5.297227934289406,1691.916515708648,8.166666666666666,942.4823366825126,53.416666666666664,961.089000508985,54.25
2,96,phi+0.99,2,0.05969213945200812,2.6505153624761055,1690.755794964687,8.5,939.2410832564327,53.583333333333336,964.9858082800283,54.833333333333336
2,96,sorted,0,0.04883059161630031,5.334495799819651,1685.755794964687,8.0,934.3320425829169,53.083333333333336,956.5029856467214,54.0
2,97,real,0,0.1729966001295879,21.764326420647645,1877.994687285033,6.0,1017.8125164327948,57.916666666666664,934.5141310061749,53.083333333333336
2,97,phi-0.60,0,0.002533545245485774,1.0,2287.6058156312565,6.0,1053.9289530774518,58.916666666666664,944.3810193758201,52.416666666666664
2,97,phi-0.60,1,0.001088633019558702,1.0,2683.7639545361812,6.0,1064.7190886645092,59.666666666666664,944.8507301253453,51.416666666666664
2,97,phi-0.60,2,0.004036388115626001,1.0,2714.180373019407,6.0,1063.779894492278,59.5,946.4954206716676,52.083333333333336
2,97,phi-0.30,0,0.005247443477808391,1.0,2181.540154624748,6.0,1067.6434338888953,58.583333333333336,927.48837968231,50.833333333333336
2,97,phi-0.30,1,0.0024954329795560644,1.0,2340.3350287350445,6.0,1075.0490766206242,59.0,957.00622397206,52.833333333333336
2,97,phi-0.30,2,0.0027097763631447392,1.0,2841.075361385379,6.0,1053.3323376377075,58.666666666666664,946.144720435144,53.583333333333336
2,97,phi+0.00,0,0.001392006656359171,1.0644560527262719,2101.526352838284,6.0,1072.0214049012468,59.083333333333336,963.6772929406555,53.583333333333336
2,97,phi+0.00,1,0.006572225841525025,1.2977211613475994,2928.692470821923,6.0,1071.9867515408894,58.083333333333336,966.7197884260263,53.5
2,97,phi+0.00,2,-0.006784141529009132,1.0,2711.342649834456,6.0,1065.5494132201518,59.5,950.5187042286825,53.0
2,97,phi+0.30,0,0.002704593094978298,1.5793106894950346,2798.6992704456916,6.0,1116.2871001283327,60.25,971.7402893893201,54.583333333333336
2,97,phi+0.30,1,0.005860593612085521,1.8553388528201769,2183.289226419253,6.0,1094.5448473827057,60.416666666666664,966.2768400415616,53.083333333333336
2,97,phi+0.30,2,-0.0042848915784026295,1.500769898703474,2393.8967708303635,6.0,1076.3823130938088,59.416666666666664,954.5722388559853,52.416666666666664
2,97,phi+0.60,0,0.01803060236875974,2.785881482757242,1976.608635426607,6.0,1070.0050807306598,58.75,939.0515333897307,53.25
2,97,phi+0.60,1,0.03691843156726793,2.6017900913729313,2171.074217756745,6.0,1067.2445376218457,59.75,939.390185288743,51.416666666666664
2,97,phi+0.60,2,0.03521496572927373,3.97703190210087,2346.5026544570383,6.0,1079.7707680043263,58.25,965.4155860213738,54.416666666666664
2,97,phi+0.90,0,0.2834227745361952,24.94691466426367,2155.301651195495,6.0,1096.6843894847364,58.5,949.5308737913765,52.916666666666664
2,97,phi+0.90,1,0.1420238287519606,10.694356468225532,3027.895661807112,6.083333333333333,1176.6912108559272,58.583333333333336,992.7882055898723,52.666666666666664
2,97,phi+0.90,2,0.2071518981614095,17.929831831979595,2372.0396150107954,6.0,1075.3216054945299,59.666666666666664,949.9011372162773,53.416666666666664
2,97,phi+0.99,0,0.5531768193147538,45.53482228257026,1770.6420925774535,6.0,1034.2041665154898,57.083333333333336,929.6534090243721,51.583333333333336
2,97,phi+0.99,1,0.6461646502206916,58.50557279540891,1677.7321369418687,6.0,1026.0402113131624,57.083333333333336,935.6831227178045,52.416666666666664
2,97,phi+0.99,2,0.39987556532973517,31.32563716550156,2483.250796716669,6.0,1114.2862067432488,58.916666666666664,958.7278058004637,52.75
2,97,sorted,0,0.9627861106583301,112.48732281309302,1504.4482421596674,6.0,996.197045906731,58.0,922.1982865426941,51.833333333333336
2,99,real,0,0.18230162476863973,15.180577550640754,2286.002619865449,8.833333333333334,1111.5210996660862,67.41666666666667,1056.5163757883336,64.25
2,99,phi-0.60,0,-0.0031649249440654607,1.0,2567.7137531206035,8.666666666666666,1104.2937235944403,67.5,1061.9841065973415,63.916666666666664
2,99,phi-0.60,1,0.010914383295406994,1.0,2437.1028731707083,9.083333333333334,1113.400747246044,67.58333333333333,1065.8126875238734,64.41666666666667
2,99,phi-0.60,2,0.010179338619512632,1.0,2161.4989621551945,8.5,1114.0604666210959,67.66666666666667,1059.6469476551813,63.833333333333336
2,99,phi-0.30,0,0.0005057114611322785,1.0,2354.83962389824,8.75,1109.100505987866,67.41666666666667,1055.303709390612,64.75
2,99,phi-0.30,1,-0.00018786662265505135,1.0,2613.4121691875257,8.583333333333334,1111.2963491067464,67.66666666666667,1074.5028325282306,64.41666666666667
2,99,phi-0.30,2,-0.004273545212936832,1.0,2317.06342940014,8.666666666666666,1100.1460654827126,67.25,1050.270334973137,63.583333333333336
2,99,phi+0.00,0,0.00010683426741614022,1.1589662947495496,2657.6628093248896,8.583333333333334,1117.5696743213093,67.58333333333333,1069.0707555521078,63.416666666666664
2,99,phi+0.00,1,-0.0005592478209261187,1.0,2603.5495015984925,8.666666666666666,1116.9994016333978,67.33333333333333,1063.0784141516124,64.75
2,99,phi+0.00,2,0.006855634868427533,1.2085025493526445,2555.56563416685,8.833333333333334,1114.2235022977522,66.25,1052.6710087196132,62.333333333333336
2,99,phi+0.30,0,0.0024617242448026753,1.6402803881881456,2642.1815990897226,9.083333333333334,1122.5375628972931,66.41666666666667,1043.9040709731082,62.333333333333336
2,99,phi+0.30,1,-0.008247740509872183,1.3225684763744128,2489.6235612765345,8.75,1107.546916123664,67.08333333333333,1062.1616454511957,63.75
2,99,phi+0.30,2,0.00879043038286646,1.5993525530192199,2403.762715625261,8.333333333333334,1113.8199569160493,67.25,1047.4933973602647,63.333333333333336
2,99,phi+0.60,0,-0.001817175969377716,1.933005215211904,2496.3840986139817,8.833333333333334,1115.2985010382379,66.66666666666667,1064.0659521848474,63.083333333333336
2,99,phi+0.60,1,0.002347374451565492,2.376295639985121,3085.637270889222,9.166666666666666,1098.9321847979672,65.75,1057.1657718041636,64.08333333333333
2,99,phi+0.60,2,-0.002153869072277393,2.140832423512019,2346.222712255363,8.75,1111.6187058322225,67.75,1054.563373740045,64.0
2,99,phi+0.90,0,0.040604233464491706,4.727145773404489,2294.0048672681983,8.166666666666666,1109.9536526170496,65.41666666666667,1055.8519441607923,63.5
2,99,phi+0.90,1,0.20489815724012364,14.94261382781138,2267.6834039003775,8.25,1085.9421908552029,64.83333333333333,1043.9172042646724,61.916666666666664
2,99,phi+0.90,2,0.09158297802313242,8.516118223151587,3295.3121937009896,8.5,1151.920931734223,67.5,1049.0856561944308,62.166666666666664
2,99,phi+0.99,0,0.47055148843037964,46.65309125476495,1997.0727785359743,7.583333333333333,1112.5764897519216,65.08333333333333,1046.6896267289505,61.166666666666664
2,99,phi+0.99,1,0.44255775601228514,35.39275062783614,1908.494595864848,8.416666666666666,1076.4612738190092,65.83333333333333,1021.18316988952,61.0
2,99,phi+0.99,2,0.33325619077409374,28.17609535043647,1921.9857451073356,7.75,1099.6835794111123,65.41666666666667,1037.748218289686,61.833333333333336
2,99,sorted,0,0.6509564972913974,62.95661605296179,1848.8390364135118,7.833333333333333,1026.2690640304284,60.333333333333336,988.3649993735371,58.083333333333336
2,100,real,0,0.2889527760602833,28.14407687662282,2171.0823862559323,6.25,1076.4323014343581,64.66666666666667,965.7018296930687,53.833333333333336
2,100,phi-0.60,0,0.003802161839134197,1.0,2292.383202914639,7.083333333333333,1091.9306052360782,63.916666666666664,996.7720856120795,56.75
2,100,phi-0.60,1,0.013790750723338959,1.0,2106.043245262202,6.833333333333333,1071.0174452671165,64.0,979.7219257503974,56.083333333333336
2,100,phi-0.60,2,0.006163107718367659,1.0,2323.8646734449985,7.0,1080.068881939319,65.08333333333333,1004.7494845135379,56.916666666666664
2,100,phi-0.30,0,0.002901264915132521,1.0,2181.666876423703,6.833333333333333,1077.2518650908066,64.0,993.871420807538,56.416666666666664
2,100,phi-0.30,1,0.004134342289266295,1.0,2147.4752821927154,6.916666666666667,1085.643046271859,64.66666666666667,989.1084223058359,57.166666666666664
2,100,phi-0.30,2,0.004093693408048581,1.0,2454.9493488483495,6.666666666666667,1103.5029335213371,65.0,984.0822660390289,55.333333333333336
2,100,phi+0.00,0,-0.003230094611530569,1.0569621897110075,3101.05740663563,7.333333333333333,1096.5681610132146,63.916666666666664,994.3764091041126,56.583333333333336
2,100,phi+0.00,1,-0.003894639443383994,1.0176838867259066,2487.397983995184,7.333333333333333,1098.465471321649,65.25,971.1256338761245,55.5
2,100,phi+0.00,2,-0.008766619378654791,1.0,2853.563524296658,6.833333333333333,1107.684970650189,66.0,1008.0836248247188,56.75
2,100,phi+0.30,0,0.0023588506585214683,1.6622278376269843,2664.8892407170347,6.583333333333333,1104.6445565300928,63.75,994.2248537989898,56.916666666666664
2,100,phi+0.30,1,0.0046499025338511656,1.7250838832008177,2358.4986663110326,6.75,1079.9567830369988,64.66666666666667,1003.8453485727449,56.083333333333336
2,100,phi+0.30,2,-0.0026455600209880385,1.5713041994012915,2090.137009706241,6.833333333333333,1109.885158433672,64.5,992.5393006258145,56.0
2,100,phi+0.60,0,0.010440620757278016,3.1575102482683004,2241.5600833859276,6.5,1106.314552748367,65.41666666666667,982.5261001733517,55.583333333333336
2,100,phi+0.60,1,0.011026810732123532,3.501146581545046,2412.9610976098666,6.916666666666667,1094.4373188108837,64.75,973.292254329221,54.0
2,100,phi+0.60,2,0.014864911204386284,3.1639430716696957,2454.4360240032033,6.583333333333333,1099.6691531587278,64.08333333333333,989.0719723736057,56.0
2,100,phi+0.90,0,0.1790950361086499,16.93659431885542,1775.6764923961393,6.583333333333333,1052.8004889097033,62.5,954.3665017666675,53.416666666666664
2,100,phi+0.90,1,0.20850422577228314,14.924228678082386,2074.6078809643,6.666666666666667,1085.2383800614805,62.5,990.4678682156358,55.333333333333336
2,100,phi+0.90,2,0.11694473604265523,12.208237668914375,2240.2045333403385,6.333333333333333,1109.8070967000822,63.416666666666664,997.1505248015051,56.166666666666664
2,100,phi+0.99,0,0.6041927589620026,51.8121730596009,2139.3278540930733,6.583333333333333,1143.5420539750883,62.25,1004.561337308826,53.75
2,100,phi+0.99,1,0.7415357641540236,80.15950285114756,2208.0473567571385,6.5,1086.2298072927135,60.75,992.5124981166832,54.916666666666664
2,100,phi+0.99,2,0.7307410031142657,65.74944503041317,2325.497864135121,6.666666666666667,1147.652397697815,60.666666666666664,975.579752309519,53.083333333333336
2,100,sorted,0,0.8550818842642941,94.92144571316726,1600.4985809687598,6.0,968.7963972890533,57.166666666666664,952.9058191675175,53.833333333333336
2,101,real,0,0.4322448975324885,50.22227982636337,1680.660557796324,6.75,1034.409535767764,61.416666666666664,1005.324450785086,60.666666666666664
2,101,phi-0.60,0,0.005367460559419825,1.0,2391.301891810288,7.916666666666667,1107.8855735939446,67.0,1054.5921372849539,63.416666666666664
2,101,phi-0.60,1,0.006949512728571414,1.0,2327.8894250252815,7.666666666666667,1113.6096156838807,67.66666666666667,1056.1966841522815,63.416666666666664
2,101,phi-0.60,2,0.003882144669597899,1.0,2033.846598454675,7.5,1086.1420352754756,65.83333333333333,1075.2188722449812,64.16666666666667
2,101,phi-0.30,0,0.0037666882883556803,1.0,1771.474424220132,7.333333333333333,1093.2543946668477,67.25,1043.9860166064489,62.25
2,101,phi-0.30,1,0.003943669166874847,1.0,2235.0440891026897,7.666666666666667,1077.6954651146527,65.0,1058.7326131890263,64.66666666666667
2,101,phi-0.30,2,-0.0005136391406158263,1.0,2262.213592551179,7.75,1107.791321260512,67.58333333333333,1049.8494547785356,62.916666666666664
2,101,phi+0.00,0,0.003736932396789013,1.034199645361175,2375.0746902878277,7.416666666666667,1092.0091407862387,66.58333333333333,1058.7002383566194,63.25
2,101,phi+0.00,1,-0.0056651715867061725,1.0,2233.0969487136977,7.416666666666667,1096.8178159224974,66.33333333333333,1060.415735612893,63.333333333333336
2,101,phi+0.00,2,-0.005343551053254179,1.0039981944550798,2418.7199395244184,7.75,1088.2043259629509,65.66666666666667,1077.2128325972649,64.0
2,101,phi+0.30,0,0.0025201378075419343,1.4712657565308078,2540.96250997622,7.5,1071.7249233967243,64.5,1055.4835562798955,64.16666666666667
2,101,phi+0.30,1,0.004672481864177175,1.3877944334424273,1761.3713038672286,7.25,1061.3928203040903,64.16666666666667,1053.945668165002,62.833333333333336
2,101,phi+0.30,2,0.0018465752373409757,1.527609063212981,1860.9174762388457,7.333333333333333,1101.6338710845419,66.75,1072.0209536165655,64.41666666666667
2,101,phi+0.60,0,0.01961078114741134,3.1170472439809904,2121.609879142466,7.5,1090.4621016859403,66.25,1057.2221474405158,63.666666666666664
2,101,phi+0.60,1,0.0025716279269699677,2.5692160152742556,2153.958396039891,7.916666666666667,1109.6066435825526,67.58333333333333,1060.4150141027742,61.666666666666664
2,101,phi+0.60,2,0.004715821128897504,2.422985480106884,2025.583791164848,7.083333333333333,1100.174801306761,67.0,1057.036944179309,63.75
2,101,phi+0.90,0,0.17305296242308665,13.860192932789348,1872.3335249654867,7.166666666666667,1084.7831609714933,65.16666666666667,1047.4834665611386,61.666666666666664
2,101,phi+0.90,1,0.23012656938362427,16.10323334909966,2000.9467527538181,6.916666666666667,1111.807586540302,66.25,1045.772916403461,62.416666666666664
2,101,phi+0.90,2,0.14878598877244414,11.377348730717161,1885.4822130139637,7.25,1103.2921635223558,67.16666666666667,1033.6920410177995,62.333333333333336
2,101,phi+0.99,0,0.516155763209606,48.83397377679596,1591.8562597792495,6.916666666666667,1071.547883615214,64.08333333333333,1001.415641210986,59.333333333333336
2,101,phi+0.99,1,0.7661112457001866,70.68021854611202,1579.4918581226157,6.666666666666667,1031.761015213976,60.583333333333336,997.4868387341908,59.333333333333336
2,101,phi+0.99,2,0.6753740941763942,60.41064063123097,1588.290699484365,6.666666666666667,1061.8065624443586,63.416666666666664,1005.7628452220421,60.333333333333336
2,101,sorted,0,0.8187474805435493,86.7569060634489,1565.185989518589,6.5,1011.1539022597236,59.5,981.5756174948987,57.916666666666664
2,103,real,0,0.04341304820077514,6.950244684167806,3018.9847194940317,9.416666666666666,1117.399407510001,65.91666666666667,1025.2450150839384,60.0
2,103,phi-0.60,0,0.005369835235569003,1.0,2025.728981048387,9.666666666666666,1071.255997732601,65.75,1003.8844028136214,61.833333333333336
2,103,phi-0.60,1,-0.004334587776200529,1.0,1953.3950687839076,10.166666666666666,1071.4139543962121,66.25,1015.3228146364662,61.5
2,103,phi-0.60,2,0.00394592059940235,1.0,1893.5619336067323,9.333333333333334,1087.3060409500397,68.08333333333333,1017.0379298123762,62.416666666666664
2,103,phi-0.30,0,-0.0009055600575070096,1.0,2126.8565046461363,10.166666666666666,1070.7011053657645,67.0,995.5306258126662,61.833333333333336
2,103,phi-0.30,1,0.0015264003740981115,1.0,2079.2041976852747,9.25,1091.649275904935,68.16666666666667,997.5479037944432,61.0
2,103,phi-0.30,2,-0.0009643749973556162,1.0,2106.2828061316236,9.916666666666666,1077.569492645606,67.16666666666667,1016.4559085409429,62.666666666666664
2,103,phi+0.00,0,-0.003649345880016961,1.0,2303.1492248250916,10.166666666666666,1093.2614997850594,67.66666666666667,1020.5006521901469,62.333333333333336
2,103,phi+0.00,1,0.012522480647016257,1.0389354124542054,2266.1827576739415,9.083333333333334,1079.0578849562964,66.33333333333333,1003.4787000033825,60.75
2,103,phi+0.00,2,-0.0032365476565667547,1.0280498766893411,2006.6938479263433,10.083333333333334,1074.960937571356,67.08333333333333,1002.8640002800471,61.166666666666664
2,103,phi+0.30,0,-0.007291613246529182,1.1456751797220268,2506.5319777047284,10.166666666666666,1072.0560177401087,66.0,1014.9186135196431,62.25
2,103,phi+0.30,1,0.0050518475784830045,1.7323979838685404,1979.4693885692911,9.416666666666666,1079.7744847113725,64.58333333333333,1023.798083647121,62.083333333333336
2,103,phi+0.30,2,0.005925879858199918,1.4205349180076468,2091.07230780934,9.5,1086.6503002143118,67.33333333333333,1017.2730740814654,61.833333333333336
2,103,phi+0.60,0,-0.0029494133936369886,2.4740834410654715,2403.485462605653,10.25,1077.851055321741,66.08333333333333,1025.06502129249,62.333333333333336
2,103,phi+0.60,1,0.003076704561854326,2.7036285640739557,2100.573339049272,9.916666666666666,1088.5616892728765,66.75,1018.3416681529206,62.583333333333336
2,103,phi+0.60,2,0.01836150126480218,2.1875557759271596,1953.6084097852536,9.416666666666666,1077.6766061906096,67.41666666666667,990.0426887404151,60.5
2,103,phi+0.90,0,0.04423831865748507,5.806020338190564,1754.8725443900184,9.333333333333334,1073.203413467468,65.75,994.2197999821768,59.833333333333336
2,103,phi+0.90,1,0.060160489277680154,5.8292087775773025,1866.4616498114895,9.583333333333334,1091.2319422826915,65.75,1009.1086021210614,60.333333333333336
2,103,phi+0.90,2,0.07137944168275481,6.445000020021192,2076.138192040177,9.666666666666666,1072.5275508752538,66.0,999.1023564265882,60.083333333333336
2,103,phi+0.99,0,0.2435227680862377,17.144168074492413,2382.4394533230293,8.666666666666666,1074.4678763932054,63.583333333333336,1009.5045102906488,60.416666666666664
2,103,phi+0.99,1,0.5695876734061727,47.507047181412496,2331.136273308461,9.083333333333334,1211.6780187497936,65.08333333333333,1057.6045651989896,58.0
2,103,phi+0.99,2,0.1562095554703669,12.133036954269025,1681.4739336449202,9.25,1055.5435037243117,65.16666666666667,968.6276704733805,58.5
2,103,sorted,0,0.5118094980372049,48.08776086984368,1606.6729050833253,8.5,987.1017005154886,59.5,939.1292977113723,56.0
2,102,real,0,-0.013279027062618489,1.7488929993459958,2376.504183319897,6.75,1129.172636450357,66.25,1032.0248895519628,58.75
2,102,phi-0.60,0,0.010390786023121672,1.0,2299.9834608180554,6.416666666666667,1146.0726137282788,66.16666666666667,1049.412632903047,58.333333333333336
2,102,phi-0.60,1,0.009934317594369258,1.0,2138.6103761902004,6.416666666666667,1131.6771954800904,66.41666666666667,1034.0730880218923,58.833333333333336
2,102,phi-0.60,2,0.002620186539411443,1.0,3203.1378624429803,7.0,1138.4582093600688,66.41666666666667,1028.2231057608014,58.416666666666664
2,102,phi-0.30,0,0.005210045763128944,1.0,2347.3534759310905,6.666666666666667,1120.322186025482,65.16666666666667,1026.4904948533047,57.916666666666664
2,102,phi-0.30,1,0.0017261760496054617,1.0,2485.7337806500714,6.666666666666667,1135.0700501935507,66.0,1036.6308632844214,59.333333333333336
2,102,phi-0.30,2,-0.0023670256878073025,1.0,1995.7846942521628,6.416666666666667,1113.0747842253297,65.58333333333333,1022.481841812426,58.166666666666664
2,102,phi+0.00,0,-0.003168829658633467,1.033587945213412,2335.5229967946566,6.833333333333333,1110.1648296683477,65.33333333333333,1041.6719833599627,58.166666666666664
2,102,phi+0.00,1,0.0002999220628612177,1.1769345136577822,2202.875091535658,6.666666666666667,1124.1133924616663,66.58333333333333,1034.0659111354616,58.166666666666664
2,102,phi+0.00,2,0.0006033280467898811,1.0,1800.0073664648662,6.416666666666667,1120.6304614333042,65.5,1034.9776587355848,58.416666666666664
2,102,phi+0.30,0,0.003018241417640868,1.5912888362357052,2317.019581620964,6.583333333333333,1122.571597498605,65.33333333333333,1013.7806165459747,57.333333333333336
2,102,phi+0.30,1,-0.0030229689674699475,1.4790551138103871,3102.91568888845,7.166666666666667,1146.9942705412336,64.75,1040.3461803843509,59.0
2,102,phi+0.30,2,0.0057823179445387046,1.6907934125602697,2416.5829964914915,6.333333333333333,1144.7581369018299,66.25,1039.8067890004702,59.083333333333336
2,102,phi+0.60,0,0.014832049564148794,2.1273108352555115,3108.585610815537,7.0,1152.3611960755732,66.58333333333333,1023.1535879621593,58.083333333333336
2,102,phi+0.60,1,-0.0013966996789997984,2.9762846799671454,2025.6743434936382,6.5,1140.884633747764,67.66666666666667,1027.9935530517948,57.75
2,102,phi+0.60,2,0.014652175957374775,2.377313057005612,3317.3996526800997,7.083333333333333,1164.4451133074037,65.66666666666667,1052.9200593966918,59.5
2,102,phi+0.90,0,0.09907500605159356,8.750800926337295,1772.282962956501,6.5,1127.958181728876,66.41666666666667,1030.7445820863122,58.166666666666664
2,102,phi+0.90,1,0.06298876688238432,6.419688246726123,2127.5387036666116,6.5,1146.1716963980687,65.83333333333333,1044.2376521251515,57.833333333333336
2,102,phi+0.90,2,0.07978588479058907,7.9639822143582,3283.927383604514,6.75,1165.2085692500586,66.16666666666667,1057.5518539893885,58.333333333333336
2,102,phi+0.99,0,0.7236728329235989,76.8939765204613,2900.035771629109,6.416666666666667,1318.3338000333235,64.41666666666667,1100.9041478004353,56.333333333333336
2,102,phi+0.99,1,0.41744479695266035,28.41510060767359,2734.3062531278006,6.333333333333333,1223.1503160114844,65.91666666666667,1070.9178931636388,57.75
2,102,phi+0.99,2,0.5605429029619343,47.095227876852576,1870.678974798233,6.5,1143.9284675599142,63.75,1034.0331660568772,57.333333333333336
2,102,sorted,0,0.9444058728943661,107.93619959335419,1564.502269502991,6.166666666666667,1053.1884280726242,63.083333333333336,982.4082706114727,55.25
2,104,real,0,0.1575925593722606,19.56140742841194,1824.837548744579,6.083333333333333,1051.107194397159,54.583333333333336,969.8847850804964,54.25
2,104,phi-0.60,0,0.009764662857713838,1.0,2241.2071496244353,5.916666666666667,1110.143571535206,56.916666666666664,973.0864387888932,52.166666666666664
2,104,phi-0.60,1,0.0014091101195604814,1.0,2357.3352168759598,6.083333333333333,1092.9193108736379,56.583333333333336,992.2168746218967,54.583333333333336
2,104,phi-0.60,2,0.0029972268323896463,1.0,2254.07696762062,6.0,1103.1494110404587,56.666666666666664,978.1230983894988,52.333333333333336
2,104,phi-0.30,0,-0.001895692505798007,1.0,2289.468452582673,6.083333333333333,1113.7401737521434,58.416666666666664,995.5875519826935,53.333333333333336
2,104,phi-0.30,1,0.0025815192042187786,1.0,2045.7306829185857,6.0,1097.8156040892725,56.5,975.150623930027,51.583333333333336
2,104,phi-0.30,2,0.00492667778047155,1.0,2627.693319344967,6.0,1088.6964573481312,56.333333333333336,970.829418705312,53.75
2,104,phi+0.00,0,-0.0019335068868804857,1.0047414172098323,2356.458977288871,5.916666666666667,1095.0688321241523,58.333333333333336,989.3741931616208,54.416666666666664
2,104,phi+0.00,1,-0.0021028652777767705,1.1829609366875964,2481.6508281024285,6.083333333333333,1093.5515489565287,56.0,990.0750119751651,54.166666666666664
2,104,phi+0.00,2,-0.006583372108559053,1.0,2983.3172605808063,6.083333333333333,1105.5733938854655,56.666666666666664,1006.0469068483188,54.916666666666664
2,104,phi+0.30,0,0.006646492784639735,1.538630811991134,2115.225750280159,6.083333333333333,1072.9587261702432,56.583333333333336,981.8414123487313,53.75
2,104,phi+0.30,1,-0.005674186381753182,1.9586560711007581,2292.4765926293026,6.0,1099.2742189630624,57.583333333333336,986.9346954447205,54.416666666666664
2,104,phi+0.30,2,0.002991571010720664,1.8274669057830026,2221.75074410441,5.916666666666667,1082.4874359310813,56.083333333333336,978.2470533579316,52.416666666666664
2,104,phi+0.60,0,0.03535794455362201,4.751028886076605,2196.416030048393,5.916666666666667,1097.680190673582,56.5,990.608330816464,54.166666666666664
2,104,phi+0.60,1,0.051805725925552944,4.494478350794491,2415.690180202863,6.0,1140.443259579816,57.416666666666664,1006.6872270931955,53.333333333333336
2,104,phi+0.60,2,0.0191353110294542,3.994152467692928,2140.703680418912,5.916666666666667,1064.9070541101437,55.833333333333336,966.3566136306662,52.916666666666664
2,104,phi+0.90,0,0.20129725974669524,15.123181216250925,2226.738467600538,6.0,1089.2691103163568,56.333333333333336,983.6807158831631,53.666666666666664
2,104,phi+0.90,1,0.2645888640719323,18.18215784308046,2244.1056916855578,6.0,1102.434797537547,54.666666666666664,975.4606063421397,52.5
2,104,phi+0.90,2,0.14099386602166497,11.738118356748595,2536.90270499267,6.0,1182.839748580042,56.583333333333336,1002.389000992026,53.416666666666664
2,104,phi+0.99,0,0.8337409855763416,91.98161002959571,2131.438225086455,5.916666666666667,1136.0273513109917,55.416666666666664,984.2783025221494,51.833333333333336
2,104,phi+0.99,1,0.6853461062047164,71.22181571121614,1877.1020576743633,5.916666666666667,1033.3193420171413,54.333333333333336,976.4320806549626,54.083333333333336
2,104,phi+0.99,2,0.7510645613086167,79.01039020258476,3258.1091629325115,5.916666666666667,1297.834848465425,55.583333333333336,1042.4938673405359,52.5
2,104,sorted,0,0.8924116154003086,101.62285120137994,1730.9782418771158,5.916666666666667,1002.8183288793634,53.583333333333336,957.8345187372994,53.25
2,105,real,0,-0.0014072635108177943,1.9986062771690114,1663.3879353186985,7.0,911.1142563044727,50.333333333333336,890.1698316726234,50.333333333333336
2,105,phi-0.60,0,-0.0008793437546207362,1.0,1670.0546019853653,7.666666666666667,916.9738660649631,50.916666666666664,896.8364983392902,51.0
2,105,phi-0.60,1,-0.0014072635108177943,1.0,1672.5546019853653,7.916666666666667,919.4105499442986,51.166666666666664,899.0282472276398,51.166666666666664
2,105,phi-0.60,2,-0.0014072635108177943,1.0,1671.7212686520318,7.833333333333333,918.7366265140859,51.083333333333336,898.5031650059567,51.166666666666664
2,105,phi-0.30,0,-0.0014072635108177943,1.0,1672.5546019853653,7.916666666666667,921.0495419366854,51.166666666666664,899.33649833929,51.25
2,105,phi-0.30,1,-0.0014072635108177943,1.0,1670.8879353186985,7.75,919.4046451989155,51.166666666666664,897.6868867171314,51.083333333333336
2,105,phi-0.30,2,-0.0014072635108177943,1.0,1671.7212686520318,7.833333333333333,921.3333208649178,51.166666666666664,899.33649833929,51.25
2,105,phi+0.00,0,-0.0014072635108177943,1.0,1670.0546019853653,7.666666666666667,918.5713118655822,51.083333333333336,896.83649833929,51.0
2,105,phi+0.00,1,-0.0014072635108177943,1.0,1668.3879353186985,7.5,916.9046451989155,50.916666666666664,896.0031650059568,50.916666666666664
2,105,phi+0.00,2,-0.0014072635108177943,1.0,1671.092987028772,7.916666666666667,920.7774698564608,51.25,900.7402043464027,51.25
2,105,phi+0.30,0,-0.0014072635108177943,1.0,1670.0546019853653,7.666666666666667,919.8284193814535,51.0,897.6698316726233,51.083333333333336
2,105,phi+0.30,1,-0.0014072635108177943,1.0,1671.7212686520318,7.833333333333333,919.4046451989155,51.166666666666664,898.5031650059567,51.166666666666664
2,105,phi+0.30,2,-0.0014072635108177943,1.0,1653.5747939432667,7.75,922.305431371779,51.166666666666664,897.6284215667561,51.083333333333336
2,105,phi+0.60,0,0.015858112152081442,1.0,1665.0546019853653,7.166666666666667,912.7545413048189,50.5,891.8364983392902,50.5
2,105,phi+0.60,1,-0.0014072635108177943,1.9986062771690114,1663.3879353186985,7.0,911.1867652779264,50.333333333333336,893.5174221497906,50.666666666666664
2,105,phi+0.60,2,-0.0014072635108177943,1.0,1672.5546019853653,7.916666666666667,920.2379785322488,51.25,899.33649833929,51.25
2,105,phi+0.90,0,-0.0014072635108177943,1.9986062771690114,1664.2212686520318,7.083333333333333,912.7379785322488,50.5,892.6698316726234,50.583333333333336
2,105,phi+0.90,1,0.015858112152081445,1.0,1662.7596536954388,7.083333333333333,912.4441365231274,50.416666666666664,892.7951551235847,50.5
2,105,phi+0.90,2,-0.0014072635108177943,1.9986062771690114,1663.3879353186985,7.0,913.5713118655822,50.583333333333336,894.7198644440547,50.666666666666664
2,105,phi+0.99,0,-0.00037542035097808986,1.9986062771690114,1663.3879353186985,7.0,911.1405327316297,50.333333333333336,890.1698316726234,50.333333333333336
2,105,phi+0.99,1,-0.0008553474020663245,1.9986062771690114,1663.3879353186985,7.0,912.7379785322488,50.5,891.0139106450489,50.416666666666664
2,105,phi+0.99,2,-0.0014072635108177943,1.9986062771690114,1663.3879353186985,7.0,911.0713118655822,50.333333333333336,890.1698316726234,50.333333333333336
2,105,sorted,0,-1.547506266191389e-05,1.9999980656171674,1663.3879353186985,7.0,912.7379785322488,50.5,891.047785028154,50.416666666666664
2,106,real,0,-0.013613532216942377,1.4627118644067796,1639.5582304603913,10.5,923.9801777268725,53.666666666666664,955.3293105064087,55.0
2,106,phi-0.60,0,-0.0002981560067423918,1.0,1659.902185942203,10.583333333333334,927.630217499368,53.583333333333336,951.9795107035892,55.166666666666664
2,106,phi-0.60,1,0.0011502723214663858,1.0,1663.5436513540035,10.166666666666666,927.0821477164926,53.833333333333336,952.8620021460316,55.416666666666664
2,106,phi-0.60,2,0.012178656434494617,1.0,1658.9373341689445,10.5,922.224098991229,53.5,948.637428303452,54.583333333333336
2,106,phi-0.30,0,-0.004313097688443914,1.0,1654.5754448853934,10.583333333333334,924.9533801894454,53.25,962.3098816878199,55.833333333333336
2,106,phi-0.30,1,-0.00022192293683666726,1.0,1656.0718302667372,10.666666666666666,928.3914723701351,53.5,963.826607931048,55.666666666666664
2,106,phi-0.30,2,0.008239947822698818,1.0,1673.338933915701,10.416666666666666,938.6943831258423,54.25,954.8036982193404,54.916666666666664
2,106,phi+0.00,0,-0.004948373270991625,1.0,1685.992646215824,10.416666666666666,932.543535551003,54.416666666666664,952.9617698238948,55.416666666666664
2,106,phi+0.00,1,0.0026749337195808884,1.0,1657.4053760323995,10.833333333333334,931.507295301789,54.583333333333336,964.1844082101696,56.416666666666664
2,106,phi+0.00,2,-0.005583648853539334,1.0,1658.4484714003804,10.583333333333334,936.8864654984947,54.583333333333336,952.418053757679,55.25
2,106,phi+0.30,0,-0.0011367197757053678,1.1119380987472365,1651.6334688504085,10.416666666666666,924.2209503429871,53.666666666666664,956.4351297381669,55.5
2,106,phi+0.30,1,-0.0028138473136313192,1.1974207811348563,1654.870958748372,10.666666666666666,932.7697160719217,54.416666666666664,957.5124931916607,55.75
2,106,phi+0.30,2,0.004606171490525924,1.5375829034635224,1646.3360365285616,10.5,924.95791665894,53.666666666666664,956.026140714244,55.25
2,106,phi+0.60,0,0.018404357143462165,1.9248833210513387,1673.56172094901,10.166666666666666,937.1220898547241,53.75,958.2561425413497,54.5
2,106,phi+0.60,1,-0.004948373270991624,1.1974207811348563,1651.7586112798292,10.333333333333334,926.532990421316,53.833333333333336,957.9136236213536,55.5
2,106,phi+0.60,2,0.005470146282790808,1.6600343895848686,1645.892749558935,10.75,924.8113917356585,53.333333333333336,958.379571162565,55.5
2,106,phi+0.90,0,0.024020193293183913,3.7686563497912062,1643.239541148396,9.583333333333334,925.8532021420847,53.75,941.6886927445847,54.25
2,106,phi+0.90,1,0.05314122599717091,6.122181282240236,1664.5300016549224,9.25,958.2173637087623,52.333333333333336,983.345410580809,54.25
2,106,phi+0.90,2,0.07585868082907699,7.34620486366986,1647.2217570232897,9.5,928.0474035670451,53.333333333333336,948.9893980022467,54.333333333333336
2,106,phi+0.99,0,0.3365757799066569,22.586440677966102,1615.739541148396,6.833333333333333,888.4667297485663,50.083333333333336,909.5395835262042,51.166666666666664
2,106,phi+0.99,1,0.14977934761432843,10.767133382461312,1621.742138793853,8.0,907.086750044747,51.416666666666664,934.4365859005889,53.416666666666664
2,106,phi+0.99,2,0.2836700293920835,19.045910095799552,1628.239541148396,8.083333333333334,895.8109212820679,51.083333333333336,915.1299803595249,52.25
2,106,sorted,0,0.3461303246681744,22.993785310734463,1621.5728744817295,7.416666666666667,891.9935631187278,50.666666666666664,917.3113146444922,52.5
2,107,real,0,0.344917694523114,41.45784725178405,2393.5781977131487,6.083333333333333,1117.59991276803,60.75,1008.1944509232421,54.583333333333336
2,107,phi-0.60,0,-0.0004935468742857417,1.0,2209.1128288392715,6.5,1114.5309275129573,61.916666666666664,1029.752816759332,57.166666666666664
2,107,phi-0.60,1,0.003929795097662782,1.0,2332.691471275456,6.333333333333333,1104.4689096728891,61.666666666666664,1018.2560902225847,55.75
2,107,phi-0.60,2,0.005277530461557047,1.0,2103.152028538378,6.416666666666667,1120.999548940544,62.166666666666664,986.715208639332,53.583333333333336
2,107,phi-0.30,0,0.003741298078185046,1.0,2361.3129301788563,6.0,1099.2599342478636,61.666666666666664,998.3211007285564,55.666666666666664
2,107,phi-0.30,1,0.000548568603836476,1.0,2425.54069183548,6.583333333333333,1107.7120157143784,62.333333333333336,1010.2784702934936,56.5
2,107,phi-0.30,2,0.003047273143829118,1.0,2320.9105504721797,6.583333333333333,1101.7809562883153,61.666666666666664,1006.5134071147899,56.5
2,107,phi+0.00,0,-0.0014474739941412256,1.0409854120737192,2013.1943224021434,6.5,1097.9486619796314,62.583333333333336,1003.6799548311413,56.333333333333336
2,107,phi+0.00,1,0.005845707549024339,1.0,2400.887275976061,6.416666666666667,1138.7803496106685,63.916666666666664,1008.6370132941291,54.833333333333336
2,107,phi+0.00,2,0.008102246961175478,1.0,2438.0641693814964,6.916666666666667,1123.8974322959014,63.166666666666664,1012.9884400550494,55.833333333333336
2,107,phi+0.30,0,0.011216278985466819,1.5312475613671768,2064.498339833984,6.166666666666667,1115.457822686345,63.916666666666664,1013.9875363934648,55.333333333333336
2,107,phi+0.30,1,0.005733765527878661,1.8770762822147398,2211.268222107991,6.166666666666667,1123.0902835573318,63.25,1021.890244683154,55.916666666666664
2,107,phi+0.30,2,0.007547668369011251,1.8444640480257983,2501.584746220112,6.5,1123.0762699139643,63.25,1014.8685589818114,55.916666666666664
2,107,phi+0.60,0,0.016471257137343417,3.433181201037136,2255.6019509528774,6.583333333333333,1132.1605218447955,64.25,1010.0144359658722,55.75
2,107,phi+0.60,1,0.013788175245197919,3.842062355013097,2298.030612161309,6.083333333333333,1119.1257123758912,62.333333333333336,995.3204339986287,55.416666666666664
2,107,phi+0.60,2,0.029247111761834105,3.8117617326880975,2399.1710244051264,6.416666666666667,1109.0205527563626,62.083333333333336,1020.8538615647894,56.5
2,107,phi+0.90,0,0.20200286228642653,19.175632062996172,2170.3819329312105,6.333333333333333,1130.8392290871018,61.583333333333336,1028.2406106899914,56.083333333333336
2,107,phi+0.90,1,0.19484738827732082,15.204292382613607,2329.5085843338575,6.166666666666667,1139.7503695974895,63.333333333333336,1024.286741541863,56.083333333333336
2,107,phi+0.90,2,0.16577061528342252,12.418461378759712,3020.43174053733,6.166666666666667,1134.950746882638,61.416666666666664,1033.7279787781788,55.666666666666664
2,107,phi+0.99,0,0.7197873534552097,74.60847366219896,3529.6519393026647,6.166666666666667,1395.7456918505275,63.083333333333336,1116.2175002204024,56.5
2,107,phi+0.99,1,0.7060797971865702,68.03068587589509,3181.202980267242,6.166666666666667,1338.2477629896225,59.25,1104.155730920749,54.5
2,107,phi+0.99,2,0.687286213649156,64.79624472683608,2446.5891314675087,6.166666666666667,1211.586792043586,61.083333333333336,1046.6025545968619,56.083333333333336
2,107,sorted,0,0.861403981006435,97.23186304628469,1596.3281587167983,6.166666666666667,1023.4682729443276,57.75,962.9839104867309,52.833333333333336
2,108,real,0,0.10280607131635675,13.208171015350462,2328.509595050216,8.5,1156.4017889795123,66.75,1013.9182326520073,55.75
2,108,phi-0.60,0,0.005076587782672745,1.0,2548.9637998139924,8.083333333333334,1174.3523187925632,68.0,1001.1999076191561,55.5
2,108,phi-0.60,1,0.0004749631837924098,1.0,2431.8010142693383,8.416666666666666,1169.3243427160335,68.0,988.3057673012164,54.416666666666664
2,108,phi-0.60,2,0.014464583215269187,1.0,2625.5321634222696,8.0,1153.7702983661195,66.66666666666667,1011.5805475995271,56.25
2,108,phi-0.30,0,0.002269176716053638,1.0,2785.6058535148154,8.333333333333334,1175.536890520654,66.41666666666667,1000.4108747899136,54.5
2,108,phi-0.30,1,-0.0027389195134854888,1.0,2456.1327620022826,8.666666666666666,1158.8157368507084,68.33333333333333,994.0974771074865,54.5
2,108,phi-0.30,2,0.00204674886164925,1.0,2367.518129004135,7.916666666666667,1161.432358025928,67.0,1007.7869201671655,56.083333333333336
2,108,phi+0.00,0,-0.0006574056303522993,1.0,2415.85558968555,8.25,1164.9061736456958,68.0,1004.7429283481516,55.166666666666664
2,108,phi+0.00,1,-0.0011008806062185684,1.3596791486801743,2642.552612464016,8.25,1178.5172381842099,68.16666666666667,1000.3027049710371,55.0
2,108,phi+0.00,2,0.014701296130464461,1.0,3139.324072962981,8.166666666666666,1165.7238599652735,67.16666666666667,1005.400756987261,55.666666666666664
2,108,phi+0.30,0,0.006186554195523519,1.1667993164719244,3146.534927475923,8.083333333333334,1187.5638424364531,67.91666666666667,1014.5943663627099,55.916666666666664
2,108,phi+0.30,1,-0.002254971314906515,1.6290208999733378,2193.3609324587505,8.083333333333334,1164.3929541142227,69.33333333333333,1017.7785723875487,55.916666666666664
2,108,phi+0.30,2,0.0027053807991247996,1.3311276850271747,2330.8028517878242,8.0,1129.2671699655532,66.58333333333333,1001.2945088633332,56.333333333333336
2,108,phi+0.60,0,0.0029341609180205904,1.7208628014968372,2238.166401040537,8.666666666666666,1163.9772385249437,67.5,1000.9368644345317,54.916666666666664
2,108,phi+0.60,1,0.003517225352714214,1.9335892421106333,2313.834601543392,8.0,1163.8401112969914,66.91666666666667,1012.4970329110538,57.166666666666664
2,108,phi+0.60,2,0.01007927939708846,2.5044853021369806,2389.8893341144353,8.25,1184.2564760969958,68.41666666666667,1008.7266301397877,55.0
2,108,phi+0.90,0,0.08495926684129615,7.8791621300099255,2478.9599402552954,7.416666666666667,1183.3645774494428,68.08333333333333,994.1831927275463,55.583333333333336
2,108,phi+0.90,1,0.07295806409528494,6.914459371852374,3096.7887350235105,8.5,1209.36958113937,68.0,1029.9573284092523,56.25
2,108,phi+0.90,2,0.1307257839675779,9.795322274823,2040.5370571765488,7.916666666666667,1161.4053038570466,65.83333333333333,1001.5717386258857,55.666666666666664
2,108,phi+0.99,0,0.2521739321875649,23.70144919885901,2346.602071936599,7.75,1285.3195833032896,67.16666666666667,1040.764248525482,55.333333333333336
2,108,phi+0.99,1,0.3016063719216006,30.133229322798513,1733.889725359235,7.333333333333333,1089.587718438197,63.916666666666664,981.7243042502164,55.25
2,108,phi+0.99,2,0.3069042356645398,26.658244155650493,2227.6826576159333,7.916666666666667,1182.4679640435795,62.833333333333336,1008.9570542946029,53.833333333333336
2,108,sorted,0,0.3168156371532433,34.005298407569995,1721.672231931321,7.166666666666667,1078.2925435214518,63.083333333333336,978.5005403856385,55.25
2,109,real,0,0.46368861424342867,42.66564931744366,1635.4753822963514,6.75,1062.9641613451984,61.833333333333336,983.0964833121981,55.0
2,109,phi-0.60,0,0.01762480046246326,1.0,2797.935542824414,7.416666666666667,1118.1083123552228,66.33333333333333,1010.682871006532,56.25
2,109,phi-0.60,1,0.005179941019661535,1.0,2160.646943319729,7.416666666666667,1136.8259311168822,65.41666666666667,1013.3998999055012,56.5
2,109,phi-0.60,2,-0.0002331926655071629,1.0,2490.2854101192074,7.25,1119.1437729078382,64.83333333333333,1018.7131523363096,58.5
2,109,phi-0.30,0,-0.0043083953719029984,1.0,2630.0301721582623,7.25,1121.3446007568352,66.16666666666667,999.8968786630271,56.083333333333336
2,109,phi-0.30,1,-8.41276521083256e-05,1.0,2480.9088940449315,7.083333333333333,1110.8232948313284,65.58333333333333,1019.8207804044429,58.5
2,109,phi-0.30,2,0.0019437444150511877,1.0,2707.8884072285095,7.083333333333333,1115.1379011177714,65.08333333333333,1015.6308400283151,57.166666666666664
2,109,phi+0.00,0,0.0046762303330331895,1.048041704410272,2637.6284295506935,7.25,1122.8457251302614,65.41666666666667,1025.9929761016017,58.5
2,109,phi+0.00,1,0.00783366111007583,1.0,2390.5001448962485,7.416666666666667,1108.4298098770612,64.58333333333333,1022.4011514110304,57.0
2,109,phi+0.00,2,-0.0021631055858664008,1.0191139014258521,2501.388846727458,7.083333333333333,1127.5143001707381,65.66666666666667,1006.3778445356897,56.666666666666664
2,109,phi+0.30,0,0.0018867322323767597,1.5750328336790003,2477.481265614972,7.083333333333333,1127.1861990278785,66.5,1010.7547354456013,57.0
2,109,phi+0.30,1,0.0005344102434574012,1.5937202513834774,2327.627757589507,7.25,1111.8476111248824,66.41666666666667,1001.3347259417815,55.5
2,109,phi+0.30,2,0.0005462781972780645,1.4031414308902483,2248.4419748557502,7.0,1132.9342522213192,65.75,1000.959006315978,56.916666666666664
2,109,phi+0.60,0,0.016298098326651494,2.439907339172178,2449.28553398345,7.25,1139.6803742164054,65.08333333333333,1019.214119950704,58.416666666666664
2,109,phi+0.60,1,0.03334498698214882,3.54106526878274,2193.1202060879245,6.833333333333333,1120.3356532189475,65.83333333333333,1017.7796965189341,58.0
2,109,phi+0.60,2,0.019002469287201215,2.6324693975137983,2612.730217864502,7.25,1123.7383709085493,66.16666666666667,1032.2518766290766,58.25
2,109,phi+0.90,0,0.15478455508638414,12.27593201244905,2240.746844986536,6.833333333333333,1119.320946828453,65.08333333333333,985.816460017536,55.75
2,109,phi+0.90,1,0.07642162358689604,7.484189300468394,2081.7683535782935,7.083333333333333,1110.234362765757,63.666666666666664,1001.2982571493029,56.333333333333336
2,109,phi+0.90,2,0.26284926563257355,18.838119746255476,2792.523026248941,6.916666666666667,1178.3970454450991,64.5,1023.6603097017222,54.416666666666664
2,109,phi+0.99,0,0.6619491613090568,52.918504617393886,1703.392971087671,6.5,1039.9283419020096,61.083333333333336,969.227855324318,54.833333333333336
2,109,phi+0.99,1,0.43266118951068105,31.62007421208326,2417.315148133301,6.75,1123.6048030593172,63.416666666666664,1019.5557107523468,56.333333333333336
2,109,phi+0.99,2,0.7536220750336491,71.80280613031357,1683.4700075302778,6.833333333333333,1044.9940047080815,62.75,965.6571643177753,53.833333333333336
2,109,sorted,0,0.8705801620740833,91.20007816126426,1661.4567761649312,6.416666666666667,1016.9592566964193,61.0,944.4988374130844,52.583333333333336
2,110,real,0,0.25940662510514295,30.30291977202046,2068.5987525334735,6.5,1127.507458605923,62.416666666666664,972.2313895836592,52.666666666666664
2,110,phi-0.60,0,0.00792285519930453,1.0,2476.6984178234857,6.833333333333333,1118.720241723645,63.333333333333336,991.4849646073698,54.333333333333336
2,110,phi-0.60,1,0.008311829533170285,1.0,2543.368629408883,6.75,1094.423673039157,60.083333333333336,973.5640097350998,52.083333333333336
2,110,phi-0.60,2,0.005996299341915591,1.0,2389.6742993478897,6.666666666666667,1113.9170942644562,62.5,992.3623922622047,55.5
2,110,phi-0.30,0,-0.0020795471983978543,1.0,2424.387638418645,6.5,1131.613562996956,62.25,1002.7449411570745,55.0
2,110,phi-0.30,1,0.00860178615145587,1.0,2367.541873521548,6.75,1135.9626850873144,62.75,977.3689434955978,52.5
2,110,phi-0.30,2,0.00046305498738299336,1.0,2084.741259328975,6.916666666666667,1127.374669263205,62.666666666666664,989.291632993367,53.0
2,110,phi+0.00,0,0.0063855772557577075,1.311551232466072,2541.614715866991,6.5,1128.3042833441675,62.083333333333336,988.0443455809573,53.0
2,110,phi+0.00,1,7.909838940041116e-05,1.0,2335.320852936272,6.5,1127.8227305902578,62.083333333333336,986.3345497005627,53.833333333333336
2,110,phi+0.00,2,0.008433748248839733,1.2141871615979192,2710.448674085905,7.0,1132.1867427147145,61.0,994.4860531767471,53.166666666666664
2,110,phi+0.30,0,0.003062735780342104,1.6311234341345,2348.9034399384323,6.666666666666667,1127.0816822952117,62.25,980.4232612841676,53.916666666666664
2,110,phi+0.30,1,0.002252869300903005,1.8272850026699188,2240.7261320862194,6.833333333333333,1118.162328507715,62.416666666666664,985.6794512972015,53.333333333333336
2,110,phi+0.30,2,0.010380384627224386,1.627788760431013,2597.872704505317,6.25,1138.8981435673124,62.5,989.4888924629159,53.666666666666664
2,110,phi+0.60,0,0.012922930596866423,3.9882056781260156,2367.610032979445,6.416666666666667,1127.7243891712153,61.666666666666664,984.248465887047,53.25
2,110,phi+0.60,1,0.007965405224442739,3.195621221481587,2635.150869603795,6.583333333333333,1156.0432420320192,63.0,994.1028546799713,52.833333333333336
2,110,phi+0.60,2,0.021200737548720303,3.5512756809577315,2345.69318992259,6.5,1103.3518463826545,60.5,994.7741394056115,53.5
2,110,phi+0.90,0,0.2772767050399288,18.9064845839177,2278.5408858552382,6.166666666666667,1104.2856382058806,59.0,988.3853651356427,52.833333333333336
2,110,phi+0.90,1,0.1881655735335081,14.004861347705795,2501.2674015125663,6.25,1140.391434876551,61.333333333333336,991.7244769365602,51.833333333333336
2,110,phi+0.90,2,0.15659844835137798,12.422857423828196,2555.52224347453,6.833333333333333,1157.0584144308025,60.416666666666664,1008.6768279374104,53.0
2,110,phi+0.99,0,0.7124059784776742,73.30948042154532,1823.9257010736262,6.333333333333333,1059.8302873404857,58.416666666666664,960.3241122508653,53.333333333333336
2,110,phi+0.99,1,0.7238412776166541,75.76778346871868,2116.0833382118144,6.0,1158.2939466961147,58.583333333333336,990.7104132566989,52.333333333333336
2,110,phi+0.99,2,0.617849652891505,55.10602941786304,2293.5666320548353,6.666666666666667,1139.5641253617,58.666666666666664,998.3234937466328,51.583333333333336
2,110,sorted,0,0.8139895572514946,90.19930789379013,1740.717404377643,6.333333333333333,1025.7005217932199,56.75,932.3076758341572,50.5
2,111,real,0,0.003211762265922913,1.8014963974924476,2765.3991375385613,6.833333333333333,1124.2041664691976,65.91666666666667,1034.2311136666742,58.083333333333336
2,111,phi-0.60,0,0.01400286485146573,1.0,2723.3775686559034,6.916666666666667,1145.6174610229837,68.41666666666667,1061.3762096420335,60.083333333333336
2,111,phi-0.60,1,0.00017376871732368361,1.0,2222.1100129772485,7.5,1146.1131667326792,68.83333333333333,1064.3910501396083,61.75
2,111,phi-0.60,2,-0.0011194043483230005,1.0,2543.588055777426,7.25,1136.5657398894657,67.33333333333333,1059.4265263974014,60.25
2,111,phi-0.30,0,0.005976640189563788,1.0,2270.5995457153285,7.25,1153.3886281878406,68.91666666666667,1051.3972631415945,60.25
2,111,phi-0.30,1,0.0022832106009124005,1.0,3035.4831514886687,7.083333333333333,1160.2167429191572,66.75,1087.9962280709212,61.833333333333336
2,111,phi-0.30,2,0.0008313353744651108,1.0,2261.9542382001555,7.25,1132.5211702138874,68.91666666666667,1057.3302665012031,61.75
2,111,phi+0.00,0,0.0018003201199457322,1.0628812458850918,2146.5572646369446,7.0,1133.0942384385542,68.25,1062.9893782731208,60.333333333333336
2,111,phi+0.00,1,-0.003112882139510604,1.0,2386.026350180567,7.166666666666667,1137.8131886442632,68.08333333333333,1064.769905666951,59.833333333333336
2,111,phi+0.00,2,0.004169350791861822,1.0,2845.3574130660454,7.75,1150.9632355560163,68.16666666666667,1060.9130421448615,59.75
2,111,phi+0.30,0,-0.0022933219784148787,1.4432245385783222,2353.339005748464,7.333333333333333,1150.7876661042994,69.41666666666667,1051.8952309538454,60.0
2,111,phi+0.30,1,-0.00875827953055793,1.5084928268333213,2303.6179584098013,7.166666666666667,1154.039916647034,68.66666666666667,1058.7764815481812,59.916666666666664
2,111,phi+0.30,2,0.01171142171967216,1.8384701268144807,2798.8903667080817,6.916666666666667,1128.8490395681272,67.41666666666667,1072.0502450299502,61.5
2,111,phi+0.60,0,0.011069734782944136,3.531355260442943,2772.3955779181524,7.666666666666667,1154.385089226664,69.41666666666667,1071.88219983586,59.75
2,111,phi+0.60,1,0.0021199845271140496,2.7051083656958173,2975.1936377814454,7.166666666666667,1135.4456251742056,69.0,1062.3193674005147,59.333333333333336
2,111,phi+0.60,2,0.021998725039261747,3.191214522667502,2442.399747702338,7.083333333333333,1138.2176130028713,67.5,1064.0122777787144,59.75
2,111,phi+0.90,0,0.35526837210491324,30.6135097453463,2599.430919162187,7.25,1176.6954243141479,67.0,1080.9137704638886,59.666666666666664
2,111,phi+0.90,1,0.17890186745729503,13.231810355277753,3589.507621328963,7.083333333333333,1203.2906002242626,66.58333333333333,1077.3309797448594,59.166666666666664
2,111,phi+0.90,2,0.08572155471901734,9.486546750376002,2226.0743356596045,6.666666666666667,1116.8188792592211,66.5,1051.65646780856,60.0
2,111,phi+0.99,0,0.5862257648415853,52.17553339854274,2104.7953038494015,6.416666666666667,1122.844514568442,64.75,1052.6616264633785,57.583333333333336
2,111,phi+0.99,1,0.7267903004197379,59.02400408627393,2050.2465980712636,6.75,1152.1517420501589,65.66666666666667,1041.8145017425804,57.916666666666664
2,111,phi+0.99,2,0.8136328886944554,84.59799961627664,1746.2309956259442,6.25,1055.550353825738,62.666666666666664,1019.1973506560148,56.833333333333336
2,111,sorted,0,0.8856369540286081,99.97316933766426,1711.2571741474605,6.166666666666667,1052.71521119995,61.75,998.4595445382238,54.916666666666664
2,112,real,0,0.6462404623582723,61.55440610750516,1915.300087181302,6.75,1050.1428083749836,53.416666666666664,1023.5549957293657,54.75
2,112,phi-0.60,0,-0.0015452033811988715,1.0,3024.422997733724,7.333333333333333,1010.6747480386642,57.416666666666664,1000.7415243253531,58.75
2,112,phi-0.60,1,0.0025581614112218467,1.0,2759.660262258385,7.0,1027.5852006569232,57.666666666666664,999.8186261820183,56.916666666666664
2,112,phi-0.60,2,0.003302085942190883,1.0,2650.0435327622217,7.166666666666667,1010.3180125442741,57.083333333333336,1009.4784031395435,58.75
2,112,phi-0.30,0,-0.007759598077593157,1.0,2694.165342238438,7.416666666666667,1013.1427800723035,56.75,1000.0970398585238,58.5
2,112,phi-0.30,1,0.002099258568021674,1.0,2950.844945912773,7.75,1015.256102989846,56.666666666666664,1000.5935173616799,58.666666666666664
2,112,phi-0.30,2,0.0036433181065682416,1.0,2642.7017745034013,7.333333333333333,1013.85693124799,58.0,1001.4509037526282,57.5
2,112,phi+0.00,0,0.0003936099144866645,1.0,2537.1593705078126,7.166666666666667,1014.5640307972554,58.166666666666664,992.1895772921043,57.833333333333336
2,112,phi+0.00,1,0.00923965364444488,1.0,2668.8870718984526,7.416666666666667,1006.334825138109,57.083333333333336,991.2873709507206,57.833333333333336
2,112,phi+0.00,2,-0.000693467412178912,1.0744263074249558,3117.1708509079203,6.916666666666667,1007.2603889451553,57.5,996.074925099722,58.083333333333336
2,112,phi+0.30,0,-0.005740886519029008,1.3231912902698768,2697.0971313032765,6.916666666666667,1005.144772909215,56.666666666666664,1010.9073761786732,59.166666666666664
2,112,phi+0.30,1,0.007114026942445432,1.635314212722979,2543.584422887155,7.333333333333333,1012.9659718789699,56.75,1002.6911561224251,57.75
2,112,phi+0.30,2,-0.0020295865999003988,1.6492328486342775,2611.2937629210187,7.333333333333333,1011.163648762273,57.5,1012.3222214430658,58.75
2,112,phi+0.60,0,0.02785671714768665,2.557725726677262,1900.7550544423004,7.083333333333333,984.2938755285501,55.916666666666664,985.2754937407963,57.583333333333336
2,112,phi+0.60,1,0.01624458019182071,2.456651863294072,2591.8930781715285,7.083333333333333,1005.1803848322247,56.666666666666664,1006.979668154243,58.333333333333336
2,112,phi+0.60,2,0.0016561049016389304,2.0618870091741304,2953.864645429834,7.5,1056.3815832494818,58.166666666666664,1029.133712233076,58.75
2,112,phi+0.90,0,0.11885238778860903,9.863714408781025,2218.720656716617,7.0,993.9285159159485,56.75,1002.2774536159637,57.583333333333336
2,112,phi+0.90,1,0.05260021043290348,5.914202325961353,2244.7760107897884,7.0,999.7820481864193,57.25,995.2099377694653,57.0
2,112,phi+0.90,2,0.0371411769867736,4.9971378495997145,1982.052415004654,7.166666666666667,986.9132461110481,56.75,969.2501611788298,56.166666666666664
2,112,phi+0.99,0,0.4916807299559927,31.957208846376634,1734.6070594431858,6.833333333333333,968.5826748063682,54.75,967.4712099737125,55.75
2,112,phi+0.99,1,0.5159774843963644,44.339923062070184,1834.2972061892442,6.833333333333333,1036.1409926938493,56.083333333333336,1026.3507500827545,56.0
2,112,phi+0.99,2,0.2829626514887284,19.217708596353134,1720.060687485924,6.833333333333333,964.1349027930987,54.833333333333336,975.7898590157237,56.833333333333336
2,112,sorted,0,0.820315857637002,78.93087468623277,1713.4880191038037,6.416666666666667,947.7166024586573,53.25,945.1032383747187,54.166666666666664
2,113,real,0,0.1663274663146904,1.0,2218.615863801633,6.0,1122.3600056376338,50.666666666666664,981.4465356018078,51.333333333333336
2,113,phi-0.60,0,0.0026551632581947693,1.0,2084.644043583901,6.0,1091.3381102983346,51.833333333333336,974.6181070980966,50.833333333333336
2,113,phi-0.60,1,0.005301296832621578,1.0,2206.1831698281912,6.0,1051.5103005150631,50.333333333333336,970.3901544705791,51.25
2,113,phi-0.60,2,0.006690997583301474,1.0,2067.581171312154,6.0,1087.9820809952646,51.833333333333336,964.3089190295528,50.166666666666664
2,113,phi-0.30,0,0.00017866331052743172,1.0,2263.557975312548,6.0,1096.3532244811788,52.916666666666664,975.0147528005072,51.666666666666664
2,113,phi-0.30,1,0.002776831329841889,1.0,2168.384297361758,6.0,1081.9582425522215,51.833333333333336,967.8662711476596,50.583333333333336
2,113,phi-0.30,2,2.2863745115360577e-05,1.0,2052.5884813597495,6.0,1087.0590153406595,50.333333333333336,947.0027230415517,49.333333333333336
2,113,phi+0.00,0,0.003558164936317318,1.0,2092.1925241252416,6.0,1068.9919389664865,51.5,963.7250593853797,51.083333333333336
2,113,phi+0.00,1,0.0034448098186697085,1.0,2160.843614026017,6.0,1080.8328929273946,51.166666666666664,983.3311754041612,52.0
2,113,phi+0.00,2,-0.006189837276968247,1.013699175285494,2085.1547716865043,6.0,1079.2163368205356,51.0,984.8356964106083,51.666666666666664
2,113,phi+0.30,0,0.008103999040193524,1.616218081781913,2255.807588418915,6.0,1058.3941026345178,49.916666666666664,980.665165725842,51.416666666666664
2,113,phi+0.30,1,0.01932908170950404,2.0755094274093793,2147.027588948426,6.0,1035.9882834919945,49.75,960.4157733894721,50.083333333333336
2,113,phi+0.30,2,-0.0007889119663455848,1.777595553245075,2195.1483411713175,6.0,1073.7122989120326,50.75,975.9227163554784,50.583333333333336
2,113,phi+0.60,0,0.046371428485863855,5.385932825710343,2234.962042607535,6.0,1075.970595536954,51.5,967.9682001856905,50.0
2,113,phi+0.60,1,0.016987168335608423,3.259464242340186,2227.2057309841316,6.0,1076.5714179863078,51.166666666666664,981.290407365011,51.666666666666664
2,113,phi+0.60,2,0.0387537645671399,3.7153087942552894,2283.188714639777,6.0,1091.2162347105589,50.333333333333336,972.9718354261755,50.833333333333336
2,113,phi+0.90,0,0.17881737847097073,13.424307806105393,2292.347364314345,6.0,1106.9188270731372,51.25,967.5345313213279,51.0
2,113,phi+0.90,1,0.256227490951794,18.085798184351976,2120.8740169967637,6.0,1065.6722088063655,49.583333333333336,965.1375814221979,50.583333333333336
2,113,phi+0.90,2,0.2183855350702721,15.279467442818213,2166.6948105010024,6.0,1086.4984673825163,52.166666666666664,964.5199668063677,50.583333333333336
2,113,phi+0.99,0,0.5940494789198386,51.6467713193532,2100.2348809990567,6.0,1113.8666733017637,51.416666666666664,966.1422893542453,50.5
2,113,phi+0.99,1,0.7627601316395897,78.90116192047219,1870.2512831695894,6.0,1027.7516897912142,50.583333333333336,947.5555288122946,50.166666666666664
2,113,phi+0.99,2,0.8030180132399993,84.42399930474419,2484.236948535038,6.0,1158.0578191108884,50.583333333333336,988.7132424350599,51.333333333333336
2,113,sorted,0,0.9347801179061066,105.47878250846931,1812.9664806332357,6.0,1006.480975612732,50.333333333333336,946.5975583686677,50.166666666666664
2,114,real,0,0.04431120503061211,6.597784456645154,1764.0558099365546,8.25,1111.380133350615,63.916666666666664,1015.2014665653556,58.916666666666664
2,114,phi-0.60,0,0.0005891099661879689,1.0,3334.2030850497626,8.666666666666666,1155.5982024201364,67.16666666666667,1037.0874973865152,58.666666666666664
2,114,phi-0.60,1,4.728008330163008e-05,1.0,2275.88278881185,8.416666666666666,1142.7751413935391,66.41666666666667,1037.0551000631178,60.25
2,114,phi-0.60,2,0.004007391331160671,1.0,2203.5411240549524,8.166666666666666,1141.214684474134,66.16666666666667,1018.0339566223905,59.25
2,114,phi-0.30,0,-0.0002492012412294535,1.0,2155.4781140833293,8.166666666666666,1143.349308074013,67.33333333333333,997.9857151233881,56.5
2,114,phi-0.30,1,0.0023213578617125295,1.0,2692.5499322546416,8.416666666666666,1147.339915687043,66.33333333333333,1034.1514444756758,59.25
2,114,phi-0.30,2,-0.0005439696592374534,1.0,2545.6301908655637,8.25,1145.6372375674762,66.75,1020.9241488425273,58.75
2,114,phi+0.00,0,-0.0019142967693736206,1.0550908420874605,2285.1512778348283,8.166666666666666,1146.9228313608135,67.25,991.1392956965216,56.25
2,114,phi+0.00,1,-0.0021046980104721005,1.0,2115.2219982028505,8.416666666666666,1130.4557702955603,65.58333333333333,1023.3045868050513,58.25
2,114,phi+0.00,2,-0.00095339025997055,1.0,2242.901341806514,8.166666666666666,1138.6969606721088,66.66666666666667,1010.4954152029958,58.25
2,114,phi+0.30,0,-0.004035304453875207,1.1485775697572975,2045.8424161708529,8.166666666666666,1137.3213472098407,66.75,1015.629235238961,58.833333333333336
2,114,phi+0.30,1,0.0009052211427235125,1.0360993727562962,2194.2280514906647,8.583333333333334,1127.3742059436076,66.41666666666667,1014.9155371653882,59.083333333333336
2,114,phi+0.30,2,0.0007887803867045725,1.1036331786180755,2437.8248426788573,8.083333333333334,1142.9098505978502,67.66666666666667,1007.1300065816326,57.666666666666664
2,114,phi+0.60,0,0.005783314086768009,1.643764706599201,2662.500237289938,8.333333333333334,1181.666708779972,66.5,1027.0329444591862,58.25
2,114,phi+0.60,1,1.2653077332500659e-05,1.4681572298725707,2338.1946081050037,8.083333333333334,1145.8949291482124,67.0,1013.1761929352192,57.583333333333336
2,114,phi+0.60,2,0.003836672908806184,1.5621477446121443,2188.033243457157,8.333333333333334,1147.144465727017,66.5,1005.3496596370278,56.833333333333336
2,114,phi+0.90,0,0.02929271019908575,3.7616233801952013,2223.307102240788,8.25,1143.578047268662,66.0,1029.2092572488243,57.916666666666664
2,114,phi+0.90,1,0.03465958967387906,3.453021731372101,2452.8521204881126,8.0,1161.8789422958619,66.91666666666667,1013.7854363776887,57.416666666666664
2,114,phi+0.90,2,0.027340547238527704,3.82050110068205,2949.8561702460847,8.0,1211.1847912165692,65.08333333333333,1067.3998681071873,58.5
2,114,phi+0.99,0,0.07364559373127506,7.403919465203463,2510.4263938344834,8.333333333333334,1172.5070973530733,65.33333333333333,1043.712021262657,58.916666666666664
2,114,phi+0.99,1,0.08949418235891429,11.378545513933462,1921.9412713462973,8.166666666666666,1130.258028704021,63.833333333333336,1019.6925999291412,58.25
2,114,phi+0.99,2,0.07553791373450819,8.10133895238502,1753.1987397565572,8.083333333333334,1084.7139429411934,63.25,1001.6270515053626,57.916666666666664
2,114,sorted,0,0.11319735728781033,14.04052385298103,1663.7656876690407,8.166666666666666,1037.268440846772,60.583333333333336,988.1529426677236,56.833333333333336
2,115,real,0,0.6357333616608694,63.02743082314675,1823.7567356105471,6.75,1002.2099246807952,60.5,969.9343889937303,56.416666666666664
2,115,phi-0.60,0,-0.00038475191347662764,1.0,1888.68667707668,7.333333333333333,1050.4004808973198,63.916666666666664,1035.721709333957,61.083333333333336
2,115,phi-0.60,1,-0.005486175834368286,1.0,2123.5670877828557,7.25,1042.1785122822714,64.41666666666667,1019.490552304958,59.916666666666664
2,115,phi-0.60,2,0.007743110607350007,1.0,2411.1386922929664,7.166666666666667,1051.1331471992758,63.416666666666664,1039.561137687798,61.083333333333336
2,115,phi-0.30,0,-0.0005409382228580287,1.0,2180.0865930478803,7.25,1057.294136787689,64.16666666666667,1027.998836932408,61.333333333333336
2,115,phi-0.30,1,0.005825224338043358,1.0,2018.4584886771872,7.25,1066.667125575034,64.5,1038.272629789343,60.75
2,115,phi-0.30,2,0.0027524506452943115,1.0,1875.3582229984586,7.333333333333333,1052.4378093544126,63.666666666666664,1038.126573571405,61.583333333333336
2,115,phi+0.00,0,0.0036233678417452284,1.1249758050933054,1968.9429498326297,7.333333333333333,1046.061411814424,63.0,1038.3720635993207,60.75
2,115,phi+0.00,1,-0.00836050861976991,1.023024533933255,2165.492472103869,7.416666666666667,1045.0095288384807,63.75,1024.640441461149,60.75
2,115,phi+0.00,2,0.008135321329258269,1.0613227018358884,2819.8356275474252,7.666666666666667,1059.128966707938,63.583333333333336,1042.6324848447416,61.333333333333336
2,115,phi+0.30,0,-0.011373846683613761,1.3905138906114014,1887.9673217322559,7.25,1053.353571873554,63.666666666666664,1039.5881843799837,61.166666666666664
2,115,phi+0.30,1,0.01182226318736099,1.9719397301760178,2188.4687156783853,7.166666666666667,1041.9652206601625,65.0,1020.0727670503137,60.416666666666664
2,115,phi+0.30,2,-0.005276137731136921,1.7179634793656846,1855.6786786096866,7.25,1050.4383093189601,63.333333333333336,1027.3531327773712,60.166666666666664
2,115,phi+0.60,0,0.022207927936481433,2.3897628601277145,2249.760888477294,7.5,1058.1860687581068,62.583333333333336,1051.8261628802945,61.083333333333336
2,115,phi+0.60,1,0.028820423528473183,2.9713333546353216,1786.4658250522227,7.0,1042.6450509621345,63.583333333333336,1043.9346971280277,59.916666666666664
2,115,phi+0.60,2,0.018710353253761382,2.2080514204725468,1661.1242056784422,7.083333333333333,1046.0047316707776,63.75,1013.8302169853783,60.166666666666664
2,115,phi+0.90,0,0.15614045330319978,12.128930663652616,2075.763768812643,7.333333333333333,1063.1136845322037,63.75,1004.7396426418213,59.083333333333336
2,115,phi+0.90,1,0.1511234311967968,9.409307118528778,1935.9864603437798,7.083333333333333,1037.3681958476811,61.916666666666664,1006.1461107643378,58.833333333333336
2,115,phi+0.90,2,0.11568599785382778,9.710852451416574,1852.2265268756576,7.083333333333333,1037.9132075804607,64.41666666666667,1019.2317341181612,61.583333333333336
2,115,phi+0.99,0,0.7603125874750248,69.28178116756203,1866.4770200491623,6.916666666666667,1131.208740112798,61.083333333333336,1047.630261795383,56.75
2,115,phi+0.99,1,0.5680060061522657,60.21263030994936,1707.8797888705874,7.083333333333333,1021.7739359273452,62.583333333333336,994.000948412125,57.833333333333336
2,115,phi+0.99,2,0.587111097793737,50.01358259006544,1600.441560428633,7.0,1018.4180029089256,62.166666666666664,975.935747130034,56.333333333333336
2,115,sorted,0,0.8637734269659678,92.45675096116196,1593.7071757556516,6.75,960.6091670525592,56.75,938.494879034672,53.666666666666664
2,116,real,0,0.18561071080345481,22.376197982216567,1836.1225955544585,6.666666666666667,1089.5805182325514,61.166666666666664,955.8677746033003,52.583333333333336
2,116,phi-0.60,0,0.007945221970314041,1.0,2682.8063085246627,6.416666666666667,1094.6755541944824,58.833333333333336,992.0873794244482,54.666666666666664
2,116,phi-0.60,1,0.010567871525635425,1.0,2491.647638158589,6.75,1129.0350229576206,62.833333333333336,1000.116218815802,55.583333333333336
2,116,phi-0.60,2,0.006044034344992498,1.0,2394.254173239361,6.75,1104.0361937004254,61.166666666666664,982.1686125367064,54.916666666666664
2,116,phi-0.30,0,0.0015352702291488841,1.0,2204.944553411934,6.666666666666667,1106.6717417791513,61.666666666666664,980.1813093709516,55.0
2,116,phi-0.30,1,0.0026849714068421294,1.0,2167.6342658790986,6.5,1112.4879670812743,62.333333333333336,976.7632452921742,54.583333333333336
2,116,phi-0.30,2,0.003944942456316302,1.0,2356.971916211375,6.583333333333333,1115.129578654109,61.333333333333336,991.5464422202498,54.75
2,116,phi+0.00,0,-0.007446319205875811,1.1112792303986916,1945.6643075678737,6.5,1091.3105551683507,60.916666666666664,969.5321379996309,54.083333333333336
2,116,phi+0.00,1,0.000561103452821394,1.011389262590963,2249.307903145037,6.416666666666667,1092.090351140406,60.416666666666664,995.6182996017878,55.25
2,116,phi+0.00,2,-0.007149849545024259,1.0,2546.860532804882,6.833333333333333,1119.7400163838859,60.75,999.62398220362,56.5
2,116,phi+0.30,0,-0.010828945247510293,1.4811191204036682,2205.275466428792,6.666666666666667,1113.8590113746366,60.833333333333336,1002.6246723940376,56.0
2,116,phi+0.30,1,0.0013914891690262735,1.5639003345279616,2099.053858728456,7.166666666666667,1128.7384558474093,61.0,988.5163960758078,54.333333333333336
2,116,phi+0.30,2,-0.009482000106785545,1.5131589099605198,2428.076129195147,6.916666666666667,1103.6751610229069,60.666666666666664,988.8515525023707,55.75
2,116,phi+0.60,0,-0.002378258502650635,2.8030969056944897,2238.325392229085,6.75,1122.6347614472277,62.833333333333336,979.6106069866704,54.083333333333336
2,116,phi+0.60,1,-0.012788285852086398,2.7113084912637486,2128.3023517921774,6.833333333333333,1135.3560388139574,61.75,983.5192612299879,54.666666666666664
2,116,phi+0.60,2,0.009010188376298488,2.8826172399394636,2330.5199886331843,6.75,1117.2273688122405,60.083333333333336,989.2450816317902,54.416666666666664
2,116,phi+0.90,0,0.19600146280328226,17.705034308337368,2081.320649708388,6.75,1123.9287156487467,60.25,983.7250093399406,53.333333333333336
2,116,phi+0.90,1,0.18948745438491318,14.357384934770355,1980.6660218700436,6.416666666666667,1114.6133138883188,60.583333333333336,981.261911716887,55.416666666666664
2,116,phi+0.90,2,0.1765697053434836,12.732651442272072,2078.8365891213166,6.666666666666667,1117.6326349604146,60.5,990.14349069639,54.5
2,116,phi+0.99,0,0.5189560576441002,44.25563698357241,2385.2292130595865,6.583333333333333,1137.2247766725225,58.666666666666664,998.2161154339943,53.333333333333336
2,116,phi+0.99,1,0.6136919170685653,62.928956790774905,1862.3272554999623,6.583333333333333,1090.059971457363,58.416666666666664,970.3525643818035,52.75
2,116,phi+0.99,2,0.5794719164571227,52.071321866376955,2089.7242671331937,6.666666666666667,1129.766235766333,59.083333333333336,988.9841235369386,54.083333333333336
2,116,sorted,0,0.6632008931034575,72.75084739899006,1702.7786757210868,6.583333333333333,1022.8408820457913,57.5,942.3635252938611,52.5
2,118,real,0,0.08830988546883836,3.178841879242283,2145.6606659541912,7.5,1046.3509468851537,60.916666666666664,985.8061164527768,54.416666666666664
2,118,phi-0.60,0,0.0023705892438452706,1.0,1988.1986898071502,7.5,1028.241319542809,59.416666666666664,1002.7875003688096,55.5
2,118,phi-0.60,1,0.007542978981868359,1.0,1974.814992165974,7.333333333333333,1050.4700981932665,60.5,1001.3556224002263,56.583333333333336
2,118,phi-0.60,2,0.00029987815725523,1.0,2243.4885227790237,7.416666666666667,1051.6656996979652,60.166666666666664,995.9784526930279,55.166666666666664
2,118,phi-0.30,0,0.005078834613694375,1.0,2068.610945654172,7.666666666666667,1060.0121623127172,62.75,993.969185905652,55.083333333333336
2,118,phi-0.30,1,-0.006933318610133488,1.0,2333.125867454956,7.333333333333333,1059.9201712600643,60.25,990.3212277004146,54.25
2,118,phi-0.30,2,-0.0004050020561587889,1.0,2513.910609960813,7.75,1053.6571581746425,59.75,1001.7251992808903,55.916666666666664
2,118,phi+0.00,0,-0.007354655784935968,1.0,2116.68276272287,7.5,1028.887985378651,60.583333333333336,987.5054398434777,55.916666666666664
2,118,phi+0.00,1,-0.003475881909874703,1.0,2071.190880919266,7.75,1056.8085893060922,61.333333333333336,998.3060395609209,56.75
2,118,phi+0.00,2,-0.001383811570895321,1.013797950865539,2401.8278771372024,7.75,1058.264549113301,59.333333333333336,1000.0089351345047,55.75
2,118,phi+0.30,0,0.008613338814516007,1.5276018346203184,2403.5706970809138,7.666666666666667,1041.3498974988124,60.0,991.965414734677,55.5
2,118,phi+0.30,1,0.0034467388854901053,1.3964489416242256,2971.0983162882017,8.333333333333334,1071.1918329983207,61.916666666666664,1013.9412834278088,56.416666666666664
2,118,phi+0.30,2,0.0005380649271037025,1.2447271169720535,2239.64022992296,8.083333333333334,1035.8244882519073,59.25,985.7548976440481,56.166666666666664
2,118,phi+0.60,0,-0.00958705019097182,2.1001360562317695,2157.461979870246,7.666666666666667,1071.9487701714263,62.166666666666664,1003.6291503169905,56.416666666666664
2,118,phi+0.60,1,0.03894595736910861,3.9096471728409186,2010.7414748254223,7.833333333333333,1048.0600246430834,60.0,992.9819080809508,56.333333333333336
2,118,phi+0.60,2,0.022649494794757464,3.316878903943441,2356.3935474787754,7.416666666666667,1049.7727692868311,59.833333333333336,981.4638089041092,53.666666666666664
2,118,phi+0.90,0,0.2874685897241839,19.389570832753485,2039.922265255928,7.166666666666667,1045.1897501844812,59.833333333333336,963.16286345363,53.416666666666664
2,118,phi+0.90,1,0.09682929908826411,11.578172788227914,2400.0013825465912,7.75,1060.2460479220656,59.916666666666664,1020.1910929496584,56.5
2,118,phi+0.90,2,0.13101333508514906,10.125756860158553,2196.0064552611734,7.083333333333333,1058.2011674759779,59.416666666666664,1007.2544602977246,56.083333333333336
2,118,phi+0.99,0,0.5948607972086416,47.38871256979816,2530.180660637621,6.583333333333333,1121.6177019917068,56.083333333333336,1024.293478583454,53.75
2,118,phi+0.99,1,0.3266553607837058,24.218913530750527,2906.6355645644458,7.0,1118.3993020643536,57.166666666666664,1021.9436451455258,54.0
2,118,phi+0.99,2,0.5367158191637136,43.153579932490565,1773.1116761349092,7.25,1015.5102568017619,58.25,946.9168468745719,52.583333333333336
2,118,sorted,0,0.571390305069734,50.089331218354886,1624.7723101099873,6.583333333333333,974.3437267892365,56.5,954.9775528374872,53.666666666666664
2,119,real,0,0.09462612485455484,11.676979931276172,2068.1998296712422,6.0,1121.5945844919913,56.75,986.7450574302143,50.916666666666664
2,119,phi-0.60,0,0.0037478173084608125,1.0,1966.771671512083,6.0,1106.9057807004492,59.083333333333336,960.5822227031182,50.166666666666664
2,119,phi-0.60,1,0.005663807775710941,1.0,2090.988542241847,6.0,1147.1157471612757,59.0,976.5743999131029,52.666666666666664
2,119,phi-0.60,2,0.009956879028324591,1.0,2097.0251273594167,6.0,1138.6959728392164,57.75,983.6281767789898,52.0
2,119,phi-0.30,0,0.0013002472142245806,1.0,2031.8505681490449,6.0,1128.7809146513257,58.333333333333336,975.956737010374,51.166666666666664
2,119,phi-0.30,1,0.000758823432531648,1.0,2073.480217973861,6.0,1127.2418279356123,58.166666666666664,972.9459001542424,50.833333333333336
2,119,phi-0.30,2,0.0041810627178600806,1.0,2060.7197616209246,6.0,1095.3329924963411,56.833333333333336,977.01543461032,51.083333333333336
2,119,phi+0.00,0,0.002461807417442666,1.0161810576848862,2118.9460269007545,6.0,1091.0896070903823,56.0,973.5723324645804,50.416666666666664
2,119,phi+0.00,1,0.002609446334271491,1.0,2302.912962166844,6.0,1110.6993761334818,57.5,973.4663478464709,50.833333333333336
2,119,phi+0.00,2,-0.0008323557486652509,1.0,2197.850059356964,6.0,1109.5911216260363,56.75,985.5616216711,52.25
2,119,phi+0.30,0,0.014120059623941377,1.744677673620736,2195.530970082247,6.0,1122.7799193236906,57.0,997.252616948448,51.25
2,119,phi+0.30,1,-0.008342780347814813,1.8274926077098241,1975.913760922942,6.0,1124.0590525732384,57.0,966.6815819585539,50.583333333333336
2,119,phi+0.30,2,0.005407890885408172,1.5632247181400636,2018.8330037717167,6.0,1088.6841146152074,56.416666666666664,968.1314108613939,51.166666666666664
2,119,phi+0.60,0,0.01280590626692189,3.499525951319877,2212.8768901211483,6.0,1103.5668367467877,56.0,973.6684998950686,50.833333333333336
2,119,phi+0.60,1,0.024433182367956784,3.6516136763530453,1875.236621772151,6.0,1137.2417366821524,56.916666666666664,980.2083455638043,52.333333333333336
2,119,phi+0.60,2,0.002354861322447683,3.1875876503490277,1996.2046495174466,6.0,1113.0078132774736,57.25,985.6980251671695,51.083333333333336
2,119,phi+0.90,0,0.32387356792489086,25.39060742213334,2163.932779433913,6.0,1111.7119841522222,56.0,965.984280997669,50.666666666666664
2,119,phi+0.90,1,0.13961926706523348,12.20213133908943,2103.699703406444,6.0,1117.086076504812,57.916666666666664,956.6274379193537,49.833333333333336
2,119,phi+0.90,2,0.19059134320106025,13.849267504097874,1863.06856149529,6.0,1079.8697770721324,53.5,980.4450111912055,51.75
2,119,phi+0.99,0,0.7598340317395158,80.5599407146808,1907.943034807022,6.0,1109.1886600306327,55.5,964.148112933506,49.25
2,119,phi+0.99,1,0.7956475486019075,84.27291647556525,2182.44451825866,6.0,1163.4575746340472,57.0,985.2645031314636,51.166666666666664
2,119,phi+0.99,2,0.8394445409713024,84.3220553907436,2940.0705271554684,6.0,1279.3460903731159,55.25,1028.5152676614587,51.0
2,119,sorted,0,0.9096839988858177,103.99892046564665,1592.7055655337044,6.0,1019.038450822914,54.166666666666664,932.6971988670061,50.416666666666664
2,120,real,0,-0.0014072635108177943,1.9986062771690114,1805.3373016383393,6.916666666666667,919.4270581056177,49.666666666666664,935.1238859213826,53.916666666666664
2,120,phi-0.60,0,-0.0014072635108177943,1.0,1813.670634971673,7.75,925.5119889894977,50.25,942.3718494381502,54.666666666666664
2,120,phi-0.60,1,0.015858112152081445,1.0,1809.503968305006,7.333333333333333,921.6100618578345,49.916666666666664,939.1885521854764,54.333333333333336
2,120,phi-0.60,2,-0.0014072635108177943,1.0,1813.670634971673,7.75,925.7767285245012,50.333333333333336,942.3718494381502,54.666666666666664
2,120,phi-0.30,0,-0.0014072635108177943,1.0,1812.8373016383396,7.666666666666667,924.9433951911678,50.25,942.5500407296504,54.666666666666664
2,120,phi-0.30,1,-0.0014072635108177943,1.0,1811.170634971673,7.5,924.1100618578345,50.166666666666664,940.7051827714836,54.5
2,120,phi-0.30,2,-0.0014072635108177943,1.0,1812.0039683050063,7.583333333333333,924.9433951911678,50.25,940.3533930003564,54.416666666666664
2,120,phi+0.00,0,-0.0014072635108177943,1.0,1812.8373016383396,7.666666666666667,924.9433951911678,50.25,941.538516104817,54.583333333333336
2,120,phi+0.00,1,-0.0014072635108177943,1.0,1815.3373016383396,7.916666666666667,926.6576938590703,50.416666666666664,943.2723640069289,54.75
2,120,phi+0.00,2,-0.0011193072801648535,1.0,1812.8373016383396,7.666666666666667,923.8675651239131,50.083333333333336,941.0740455099846,54.5
2,120,phi+0.30,0,0.015858112152081445,1.0,1807.8373016383393,7.166666666666667,921.5597045472774,49.75,940.7230784645208,54.25
2,120,phi+0.30,1,-0.0014072635108177943,1.0,1812.8373016383396,7.666666666666667,925.8623859329558,50.333333333333336,942.3718494381502,54.666666666666664
2,120,phi+0.30,2,-0.0014072635108177943,1.0,1814.5039683050063,7.833333333333333,926.7004470651021,50.416666666666664,943.0973408729925,54.666666666666664
2,120,phi+0.60,0,-0.0014072635108177943,1.0,1813.670634971673,7.75,925.7767285245012,50.333333333333336,941.7817661645822,54.583333333333336
2,120,phi+0.60,1,-0.0014072635108177943,1.0,1815.3373016383396,7.916666666666667,927.4433951911678,50.5,944.038516104817,54.833333333333336
2,120,phi+0.60,2,-0.0007353656392942658,1.0,1813.670634971673,7.75,925.7767285245012,50.333333333333336,944.2078429845133,54.666666666666664
2,120,phi+0.90,0,-0.0014072635108177943,1.0,1814.5039683050063,7.833333333333333,925.8569728686165,50.333333333333336,941.8444523981484,54.5
2,120,phi+0.90,1,-0.0008793437546207362,1.0,1808.6706349716726,7.25,920.7767285245012,49.833333333333336,936.5803894951619,54.083333333333336
2,120,phi+0.90,2,-0.0010473182225016182,1.0,1814.5039683050063,7.833333333333333,927.4736590395966,50.5,942.4337283794563,54.666666666666664
2,120,phi+0.99,0,-0.0014072635108177943,1.9986062771690114,1805.7919542017355,7.0,922.0389568388082,49.75,939.7046090952158,54.083333333333336
2,120,phi+0.99,1,-0.0014072635108177943,1.9986062771690114,1805.3373016383393,6.916666666666667,918.1359014892178,49.583333333333336,936.6159129788624,54.083333333333336
2,120,phi+0.99,2,0.015858112152081445,1.0,1806.1706349716726,7.0,919.1100618578345,49.666666666666664,936.538516104817,54.083333333333336
2,120,sorted,0,-1.547506266191389e-05,1.9999980656171674,1805.3373016383393,6.916666666666667,919.1100618578345,49.666666666666664,934.0478782116705,53.833333333333336
2,121,real,0,0.13148645570398712,16.29246487220522,1802.225309544279,6.916666666666667,1088.9190798618936,66.33333333333333,990.7615343737984,57.083333333333336
2,121,phi-0.60,0,0.013920558759251881,1.0,2205.0683299530547,7.166666666666667,1111.7201409906702,67.41666666666667,1010.7261683148566,57.666666666666664
2,121,phi-0.60,1,0.0026862827252005796,1.0,2299.608392460445,7.083333333333333,1117.2449764867972,69.16666666666667,994.8146155921696,57.0
2,121,phi-0.60,2,0.008728710852842844,1.0,1893.8677289498864,7.0,1113.4567962036406,68.33333333333333,993.748288772325,57.333333333333336
2,121,phi-0.30,0,0.0013967759117173917,1.0,2184.6031673657685,7.166666666666667,1122.5824086367875,68.0,1012.7037536418702,58.333333333333336
2,121,phi-0.30,1,-0.00404267946429006,1.0,2088.2507862746934,7.166666666666667,1106.4604523740766,66.83333333333333,1014.9614767058359,56.916666666666664
2,121,phi-0.30,2,0.0009025206650138733,1.0,2163.049462201848,7.416666666666667,1096.9538676857642,67.16666666666667,999.6487467022148,57.166666666666664
2,121,phi+0.00,0,0.0008627785056641051,1.0,2017.8843303945314,7.166666666666667,1113.2949615976115,68.41666666666667,977.8927353378717,57.583333333333336
2,121,phi+0.00,1,-0.004374086465642927,1.0,2152.3478053179415,7.416666666666667,1129.4642079605953,68.91666666666667,988.6860275288483,56.416666666666664
2,121,phi+0.00,2,-0.002306854384459647,1.0,2403.787102869571,7.25,1096.228764868948,66.0,995.4714093237602,58.25
2,121,phi+0.30,0,0.011629813615748517,1.8775119620017073,2275.5647196958394,7.25,1113.0947322428444,67.0,1008.7183664076229,57.583333333333336
2,121,phi+0.30,1,0.011326115182765734,1.5469895840007544,2066.3720908020696,7.25,1108.1491366133807,67.83333333333333,993.2924640592518,57.25
2,121,phi+0.30,2,-0.009692729488771746,1.2633991454184264,2268.033996122451,7.166666666666667,1101.7142161821546,66.75,995.2001517887651,57.666666666666664
2,121,phi+0.60,0,0.009222932067897661,2.8408052360263722,2329.547382123611,7.25,1095.2856495825552,67.33333333333333,1005.8078341012252,57.916666666666664
2,121,phi+0.60,1,0.013134216678101407,2.644201980002002,2177.8510069363097,7.0,1127.9874598920105,66.91666666666667,1006.5471732751174,58.083333333333336
2,121,phi+0.60,2,0.020283646693588123,3.570222051530257,2382.0774516791757,7.5,1160.5147486793048,66.58333333333333,1031.2261351855727,57.25
2,121,phi+0.90,0,0.16627127243219234,11.77292482922789,2157.0189185729864,7.083333333333333,1121.2757862441958,67.25,1000.2923420980627,56.5
2,121,phi+0.90,1,0.1052645531009594,9.330390784954437,2096.5539772757375,7.25,1113.8223512149505,67.41666666666667,993.3975291651888,55.916666666666664
2,121,phi+0.90,2,0.1421902463981308,11.354077304476975,2229.1160656448806,7.25,1113.5546972473044,65.91666666666667,999.5823542816373,56.916666666666664
2,121,phi+0.99,0,0.5740930602859456,44.7177652775435,1890.4231335868064,6.666666666666667,1095.3882533896012,64.08333333333333,998.787277755852,56.833333333333336
2,121,phi+0.99,1,0.7198903129817321,70.77792145394032,3335.2772379527323,6.75,1356.4871253485906,63.75,1089.97609535722,55.083333333333336
2,121,phi+0.99,2,0.6588970701833837,57.28239554715042,2815.142922019655,6.583333333333333,1410.9948821233295,63.083333333333336,1164.0030303360352,56.416666666666664
2,121,sorted,0,0.8401818114770365,93.52449951380999,1608.8878424223824,6.25,1019.797776292109,61.5,954.7736888718445,54.333333333333336
2,123,real,0,0.12092310814439367,16.98342215927073,1992.9860206013889,9.0,1134.6438484721357,68.91666666666667,1065.1660699854017,62.083333333333336
2,123,phi-0.60,0,0.013730217099090366,1.0,2288.3519887702,8.666666666666666,1110.441674894822,67.08333333333333,1050.184861008853,62.166666666666664
2,123,phi-0.60,1,-1.83246207435143e-05,1.0,2109.5362237541444,9.0,1096.6591255634962,67.33333333333333,1039.5884860095973,61.916666666666664
2,123,phi-0.60,2,0.006074550537924913,1.0,2583.5065770138267,9.75,1117.9586445905218,67.66666666666667,1050.3875909989417,63.083333333333336
2,123,phi-0.30,0,-0.0025654790408870492,1.0,2594.3699692277,9.333333333333334,1102.7379727025123,68.16666666666667,1027.910416688999,62.416666666666664
2,123,phi-0.30,1,-0.007840201939637718,1.0,2580.692973425567,8.666666666666666,1127.904142994416,68.25,1029.6551665902891,61.333333333333336
2,123,phi-0.30,2,-0.006405474641605956,1.0,3351.405591451787,9.166666666666666,1132.6640420342565,69.08333333333333,1032.362954292492,61.416666666666664
2,123,phi+0.00,0,-0.003134590336227774,1.2891861028420233,2631.1110583218265,9.25,1116.1338544310706,67.91666666666667,1029.364576681648,60.916666666666664
2,123,phi+0.00,1,-0.006488797396930541,1.0,2222.157935271383,9.333333333333334,1112.528493050824,68.83333333333333,1035.9286397782587,60.5
2,123,phi+0.00,2,-0.005465021197295783,1.0,3045.0193717792495,9.75,1132.5938135029935,68.91666666666667,1036.5433898112087,60.75
2,123,phi+0.30,0,0.009000028621539147,1.2957921542595732,2697.8500204902507,9.083333333333334,1122.8298272346406,68.16666666666667,1046.4496325491737,62.0
2,123,phi+0.30,1,0.0032319814226101236,1.1640856857971282,2687.201935192417,9.333333333333334,1131.7272904986971,69.66666666666667,1041.3230237293876,62.583333333333336
2,123,phi+0.30,2,0.007206777311308293,1.3832202627182248,2794.1690407780316,9.75,1121.9392568050173,67.41666666666667,1041.664672894861,62.25
2,123,phi+0.60,0,0.016238125892907684,1.9477536693177284,2527.8315769754604,9.0,1117.9052834230026,69.16666666666667,1040.7989860147593,62.75
2,123,phi+0.60,1,0.019074996529336943,1.8053164616324566,2199.7046590971345,8.916666666666666,1115.0094809675886,68.33333333333333,1051.9626894355793,61.416666666666664
2,123,phi+0.60,2,0.012386490790308178,2.9515919002264037,2062.0588450357436,9.25,1109.0104874830738,69.25,1024.1046883220877,59.583333333333336
2,123,phi+0.90,0,0.1386065113390585,10.607531404607528,1790.348349590234,8.416666666666666,1101.7444931146022,67.41666666666667,1028.1880217590203,60.916666666666664
2,123,phi+0.90,1,0.16977309786282582,12.825801283541205,1934.8850025021927,8.666666666666666,1083.593336489918,67.16666666666667,1033.170881210446,61.666666666666664
2,123,phi+0.90,2,0.05558330103389042,5.641162501365453,1834.3282606924777,9.0,1099.805813561737,67.5,1049.7609653053796,62.666666666666664
2,123,phi+0.99,0,0.2858381163070087,21.48557501168266,2567.146558853653,8.833333333333334,1156.7858603131083,67.83333333333333,1038.5628110451228,60.833333333333336
2,123,phi+0.99,1,0.5230203520564408,37.22222329017054,2016.6947232564646,8.416666666666666,1126.1831732484218,64.5,1066.6201522807494,61.583333333333336
2,123,phi+0.99,2,0.44992399362658964,34.65076277231144,2920.1623381321956,8.75,1319.900966403503,66.41666666666667,1158.1490474097657,60.833333333333336
2,123,sorted,0,0.5678054244784007,53.464527994789115,1744.4457126743719,8.0,1028.4649684677313,62.166666666666664,998.3939525545437,58.583333333333336
2,122,real,0,0.3519436484516904,39.7434495099179,3837.0993100710534,6.583333333333333,1264.5451095352032,62.916666666666664,1083.0334835376984,58.416666666666664
2,122,phi-0.60,0,0.0013175343157911116,1.0,2202.944197670409,7.333333333333333,1114.1761953663872,66.91666666666667,1001.6486598284868,58.583333333333336
2,122,phi-0.60,1,0.011836442455857361,1.0,2367.4293119410386,7.0,1097.0526366744627,63.916666666666664,1006.5617215236716,58.833333333333336
2,122,phi-0.60,2,-0.0008866103645973675,1.0,2410.996552526505,7.25,1098.2269589530572,65.0,999.1094237540132,58.083333333333336
2,122,phi-0.30,0,0.007213223038450695,1.0,2730.2416454569016,7.416666666666667,1114.3208209483842,64.25,1002.5144878465129,58.75
2,122,phi-0.30,1,-0.001080739529272938,1.0,3258.189611291537,7.166666666666667,1136.4276590441204,67.5,1004.5826223472026,57.0
2,122,phi-0.30,2,0.0017199448538034211,1.0,2884.777421848315,7.083333333333333,1104.3692784723487,64.25,1010.7116033786461,58.5
2,122,phi+0.00,0,-0.003029599668103863,1.0276239053271936,2297.9809654994456,7.833333333333333,1133.780496780824,66.66666666666667,1009.3826454176625,58.416666666666664
2,122,phi+0.00,1,3.0299925457561075e-05,1.0,2747.1240803782352,7.0,1121.8719458098828,65.08333333333333,1010.5050077466385,57.916666666666664
2,122,phi+0.00,2,0.00035068260978707825,1.0,2311.3470673177753,7.25,1144.3730683451852,67.08333333333333,1015.0394579321684,59.166666666666664
2,122,phi+0.30,0,-0.004461987215852237,1.3853301988696076,2421.3593473412234,7.083333333333333,1095.6726332153005,64.58333333333333,1034.760637418328,61.25
2,122,phi+0.30,1,0.001016228573559106,1.5529915004520953,2994.759622541524,7.25,1114.9406150685827,64.33333333333333,997.8578831238625,58.666666666666664
2,122,phi+0.30,2,-0.008204970887770864,1.446466416153545,3274.009108805362,7.833333333333333,1128.742393823348,64.41666666666667,1015.1388843138121,57.75
2,122,phi+0.60,0,0.017233028551824982,2.881841700127216,3153.148326727986,7.666666666666667,1127.6819424672035,65.16666666666667,1025.848915546195,58.75
2,122,phi+0.60,1,0.023760992642445477,3.238393376195402,2559.647898363064,7.583333333333333,1149.1986273708776,65.25,1001.2971101967951,58.5
2,122,phi+0.60,2,0.012689242285812849,3.0512022311383604,3188.7524802197236,7.5,1160.336781660437,64.33333333333333,1015.772396634458,58.75
2,122,phi+0.90,0,0.20535924481966836,15.099834506858471,2269.0020824453536,7.416666666666667,1135.5094110956804,64.66666666666667,1016.2652148967563,58.166666666666664
2,122,phi+0.90,1,0.15847845886941325,12.465598614181431,2195.2445576074842,6.916666666666667,1104.202272573167,64.66666666666667,1014.2011578128883,59.083333333333336
2,122,phi+0.90,2,0.14955346387356122,12.95205274468905,2338.7586287181675,7.083333333333333,1120.955765136043,63.0,992.6712110661624,57.75
2,122,phi+0.99,0,0.5499811328612609,44.98251520023407,2802.914150177896,6.75,1226.8075625210347,62.833333333333336,1046.2486766490567,57.583333333333336
2,122,phi+0.99,1,0.6671721324425339,60.38846969742455,2008.8884856230077,6.5,1070.3635600730622,59.666666666666664,984.8788654605478,56.083333333333336
2,122,phi+0.99,2,0.5780819857030696,41.61713575534359,3544.9336754299916,7.416666666666667,1281.8094571111349,61.916666666666664,1097.7617701905885,57.416666666666664
2,122,sorted,0,0.8361998550620828,93.26671759090694,1708.3739820640096,6.166666666666667,1011.0983811281443,58.166666666666664,957.5874955777831,55.25
2,124,real,0,0.043508555456784885,6.045184045145569,1615.1783840834075,8.5,931.5175008359724,54.083333333333336,929.200936875492,52.583333333333336
2,124,phi-0.60,0,-0.004744419825485487,1.0,1618.0389558307022,10.833333333333334,948.9410629659869,55.833333333333336,942.2245090661996,54.083333333333336
2,124,phi-0.60,1,0.01172135171352377,1.0,1620.8648630735806,10.666666666666666,943.6636244845077,55.333333333333336,950.0117531533664,54.5
2,124,phi-0.60,2,-0.0084953098671903,1.0,1607.5996935747808,11.0,950.3939860055563,55.666666666666664,943.6558426792745,54.166666666666664
2,124,phi-0.30,0,-0.0037017995427065234,1.0,1676.758842420407,10.75,956.8076542627814,56.25,942.0752333871211,53.916666666666664
2,124,phi-0.30,1,-0.00035778570891545396,1.0,1652.7127931800114,10.75,959.6611445931709,56.833333333333336,948.1363592765398,54.416666666666664
2,124,phi-0.30,2,-0.0032822084532954767,1.0,1680.157508863341,10.75,950.4830448882317,55.666666666666664,948.4345031828243,54.833333333333336
2,124,phi+0.00,0,0.0006594048108689023,1.0,1668.4482606985027,10.833333333333334,962.7937203429182,56.416666666666664,951.4185731804704,54.666666666666664
2,124,phi+0.00,1,-0.0031550596383224305,1.0,1611.1557307270025,10.75,957.4905170813668,56.0,947.1841314522553,54.666666666666664
2,124,phi+0.00,2,0.008415482524224614,1.0,1600.1769862248948,10.583333333333334,952.5206817683851,56.083333333333336,940.9345487461766,54.083333333333336
2,124,phi+0.30,0,-0.0006247982203588472,1.1341926381941771,1726.5659507485645,10.666666666666666,958.2221836337657,56.166666666666664,937.9438389646816,53.583333333333336
2,124,phi+0.30,1,-0.00035778570891545385,1.0,1729.8096241920794,10.666666666666666,960.2643126777642,56.166666666666664,958.5089726938126,54.833333333333336
2,124,phi+0.30,2,-0.003282208453295476,1.0,1597.1964197209109,10.583333333333334,957.4515379925347,56.25,947.8392565846793,54.583333333333336
2,124,phi+0.60,0,0.04058413271240486,1.6569257406694882,1618.3848699070925,10.25,948.5047743945994,55.166666666666664,933.4671728533532,53.416666666666664
2,124,phi+0.60,1,0.023876778424946815,1.4409259971784019,1654.6483992641067,10.666666666666666,955.2457392077037,56.0,945.2979761583039,54.166666666666664
2,124,phi+0.60,2,0.003965274000168057,1.8280171860972168,1632.1569740066673,10.5,963.8712110769346,56.0,947.671673403855,53.583333333333336
2,124,phi+0.90,0,0.03816830522791701,4.875920225727844,1662.7175952879686,9.5,945.9732680926882,55.416666666666664,939.7113653653765,53.833333333333336
2,124,phi+0.90,1,0.04319068341935226,4.255681672438117,1616.2248554599457,9.833333333333334,951.7826595028573,55.583333333333336,935.9131753666502,53.083333333333336
2,124,phi+0.90,2,0.09468595348343528,7.436257534949341,1648.1426242712248,10.25,952.0063018218971,56.0,942.484415310466,53.916666666666664
2,124,phi+0.99,0,0.2891600659847068,19.841419776837242,1595.1706594617,8.25,929.8288658043144,53.416666666666664,921.0458298227263,51.75
2,124,phi+0.99,1,0.3037821797066069,22.424817237399008,1589.6001620387644,8.25,925.0203004557621,53.666666666666664,918.1462631793485,52.333333333333336
2,124,phi+0.99,2,0.35642178910544736,23.297011671155577,1579.6001620387644,7.25,915.7318959690932,52.083333333333336,911.1808016195473,51.333333333333336
2,124,sorted,0,0.36330053999548906,23.992920353982303,1582.933495372098,7.583333333333333,913.90843286333,52.583333333333336,909.1330398837343,51.5
2,125,real,0,0.037021220414344705,3.5919014721785,1797.514888955245,8.166666666666666,947.8995214251339,53.416666666666664,960.7693166995551,56.0
2,125,phi-0.60,0,0.0011934268552464703,1.0,1832.514888955245,11.666666666666666,982.7675226249293,56.833333333333336,975.0793957050728,57.416666666666664
2,125,phi-0.60,1,-0.0022372677183750004,1.0,1840.0601099451876,12.083333333333334,991.319881090315,57.333333333333336,980.9942735544814,57.583333333333336
2,125,phi-0.60,2,0.003707657653560727,1.0,1833.3482222885784,11.75,986.2432171260058,57.083333333333336,972.7029725593892,57.0
2,125,phi-0.30,0,0.00057805549586702,1.0,1835.014888955245,11.916666666666666,984.2825185860221,57.0,981.7331045922683,57.5
2,125,phi-0.30,1,0.00402193659701241,1.0,1835.8482222885784,12.0,985.1298038226041,57.083333333333336,978.699258248687,57.666666666666664
2,125,phi-0.30,2,-0.0016350828865194713,1.0,1835.645231233064,11.833333333333334,985.974637167583,57.166666666666664,975.7453946107688,57.333333333333336
2,125,phi+0.00,0,-0.0019405708116218747,1.0,1830.8482222885784,11.5,984.2082483611892,57.0,976.0097588536556,57.5
2,125,phi+0.00,1,0.0008791479117947867,1.0,1834.1815556219117,11.833333333333334,983.0303200174394,56.916666666666664,977.9543680295161,57.5
2,125,phi+0.00,2,-0.002263640773422838,1.013125823098002,1808.8131299570693,11.666666666666666,986.4578389290722,57.166666666666664,978.2234010970166,57.333333333333336
2,125,phi+0.30,0,0.0006923387344076467,1.0133807626301312,1837.514888955245,12.166666666666666,987.182573432065,57.333333333333336,978.7377658720839,57.75
2,125,phi+0.30,1,-0.0018306830822558886,1.0,1829.1815556219117,11.333333333333334,982.392784323364,56.666666666666664,973.7123373212142,57.083333333333336
2,125,phi+0.30,2,-0.0024240769062418475,1.0,1821.673254726343,12.083333333333334,983.8657243140077,56.916666666666664,974.5769935730391,57.166666666666664
2,125,phi+0.60,0,-0.0016350828865194704,1.2136357455608218,1829.2208339565877,11.25,978.5147408835666,56.333333333333336,971.7563662916751,56.75
2,125,phi+0.60,1,0.0008791479117947851,1.226758003071387,1843.4820075314012,11.166666666666666,975.045692516615,56.166666666666664,980.010253241977,57.75
2,125,phi+0.60,2,-0.002105402443135816,1.195407566840624,1830.7419710760078,11.666666666666666,983.3362903613835,56.666666666666664,986.4988476250829,57.25
2,125,phi+0.90,0,0.012821745515061123,1.640896539920155,1822.2995437189431,10.416666666666666,974.4632419082105,55.916666666666664,967.9341030504235,56.333333333333336
2,125,phi+0.90,1,0.0018219847421498375,1.6357834875356485,1825.014888955245,10.916666666666666,977.5717551160051,56.5,968.2103145378337,56.833333333333336
2,125,phi+0.90,2,-0.0006988393573913399,1.2588696923111002,1812.7608826121632,10.666666666666666,978.4468584076711,55.916666666666664,984.9370926790092,56.916666666666664
2,125,phi+0.99,0,0.02527642072393714,2.9230667287715084,1799.1815556219117,8.333333333333334,956.7522873588774,54.0,959.1328846194996,55.583333333333336
2,125,phi+0.99,1,0.016278813893029643,1.7166875796053134,1808.3482222885784,9.25,962.9139191125345,54.916666666666664,960.3980225579231,56.0
2,125,phi+0.99,2,0.01823701242575187,2.3808789979934923,1814.1815556219117,9.833333333333334,969.1313580893038,55.583333333333336,965.1216581093255,56.416666666666664
2,125,sorted,0,0.0393728175188653,3.628867698258987,1795.8482222885784,8.0,950.8039703411199,53.75,953.3759015587619,55.25
2,126,real,0,0.14582048735863087,18.436399396736125,2373.2460476960964,6.0,1114.9421750385013,56.416666666666664,956.6696673772167,49.5
2,126,phi-0.60,0,0.01007005362554691,1.0,2624.3685198326853,6.0,1108.6426894531387,58.416666666666664,951.0343644371516,49.416666666666664
2,126,phi-0.60,1,0.005337346168020719,1.0,2058.6847665161335,6.0,1110.6122393015678,58.583333333333336,948.5805141216864,49.75
2,126,phi-0.60,2,0.006305118921376209,1.0,2338.3928422146387,6.0,1099.231640226996,57.25,958.8128386929092,49.666666666666664
2,126,phi-0.30,0,-0.0011244741627409005,1.0,2074.9041137580493,6.0,1090.1648714593002,57.583333333333336,950.970935998298,49.833333333333336
2,126,phi-0.30,1,-0.0004466068627644121,1.0,2293.0728716812414,6.0,1133.865325871808,58.166666666666664,943.0479848618915,49.583333333333336
2,126,phi-0.30,2,-0.0017882676743274889,1.0,2380.1994833393105,6.083333333333333,1116.9308516811864,58.166666666666664,957.2565985405845,49.75
2,126,phi+0.00,0,0.0008871464629963998,1.0,2176.222473265145,6.0,1106.2464982469685,58.083333333333336,967.446785025077,50.25
2,126,phi+0.00,1,-0.006792315723560127,1.0,2361.669062776374,6.083333333333333,1109.2674594597245,57.0,967.6595046518854,50.333333333333336
2,126,phi+0.00,2,0.005064482428965646,1.0,2140.036675202621,6.0,1072.4021352415277,57.75,938.9100207919922,49.083333333333336
2,126,phi+0.30,0,0.012053593404342405,1.7823811220274104,2259.4664213072233,6.0,1132.0612603268876,58.833333333333336,955.1027068720965,51.166666666666664
2,126,phi+0.30,1,-0.0008498940701783574,1.7196659723072432,2055.8169218223993,6.0,1110.334921198033,57.75,941.4817847760715,49.666666666666664
2,126,phi+0.30,2,-0.00509506014053995,1.7140410294166994,2305.6906676690955,6.0,1091.6485243363466,58.25,962.1139896930234,50.083333333333336
2,126,phi+0.60,0,0.04248986706394186,4.169933128318119,2267.294168170681,6.0,1101.7168111248914,57.666666666666664,949.8397060205912,49.583333333333336
2,126,phi+0.60,1,0.0010460201201910992,3.6932991289951986,2168.1574527307134,6.0,1093.7058289195636,57.916666666666664,956.4412764877264,49.666666666666664
2,126,phi+0.60,2,0.04534542771007018,4.41182827060854,3300.5978388506824,6.0,1140.0748903357426,57.5,965.1874245294567,49.75
2,126,phi+0.90,0,0.26448375288511694,18.391411362555246,2241.4778074815,6.0,1144.5244996912802,58.916666666666664,953.4051371052873,49.416666666666664
2,126,phi+0.90,1,0.19962812946948894,15.511057134441355,2285.2813488680545,6.0,1135.6751218183992,57.75,957.0117320786686,51.166666666666664
2,126,phi+0.90,2,0.19639231427305143,14.189195364264684,2438.3226869357914,6.0,1148.7314891031765,56.666666666666664,967.2100078824693,51.0
2,126,phi+0.99,0,0.7133042150083019,63.54151307554656,2268.950225333231,6.0,1141.5174213888388,55.916666666666664,947.8256605284613,48.5
2,126,phi+0.99,1,0.6039225927508183,49.04183368293284,3297.83994689069,6.0,1236.6060481825407,57.25,981.4079235832131,49.916666666666664
2,126,phi+0.99,2,0.8028223702698142,80.01081608840992,2005.1197249145307,6.0,1089.148902358158,55.583333333333336,963.6558244174888,51.333333333333336
2,126,sorted,0,0.9201624125941604,105.29057591549439,1662.1305641429244,6.0,1015.9672627936225,53.916666666666664,923.2330025314569,49.25
2,127,real,0,0.053966791446191736,5.0019475752253575,1673.6197910761746,11.416666666666666,1017.4521243278928,60.75,958.5451816283897,54.166666666666664
2,127,phi-0.60,0,0.0030394419894812274,1.0,2364.5772242220337,12.333333333333334,1039.5349270016675,63.0,980.3600711532517,55.333333333333336
2,127,phi-0.60,1,0.0005488144808833627,1.0,1981.9060393410093,11.833333333333334,1037.2660105338066,62.583333333333336,977.7973846354715,56.083333333333336
2,127,phi-0.60,2,-0.0019513379488045907,1.0,2333.43559446256,12.25,1065.2973110549276,62.583333333333336,1001.5856610200145,55.25
2,127,phi-0.30,0,0.004236515017333895,1.0,2318.6933102023268,12.083333333333334,1037.0995049837336,62.166666666666664,996.2838419289884,56.25
2,127,phi-0.30,1,0.006354720082326463,1.0,2096.0178860453416,11.916666666666666,1030.4591925930113,60.75,1002.2821450003981,56.666666666666664
2,127,phi-0.30,2,0.0033330263551224837,1.0,1999.1380922811234,12.0,1031.5227939302406,61.25,980.6561160523596,55.333333333333336
2,127,phi+0.00,0,-0.00179382810240465,1.0827035419571371,2102.677383741376,11.333333333333334,1022.1072248117675,61.5,975.9231415444862,55.166666666666664
2,127,phi+0.00,1,0.0007409445725106556,1.1471728573074067,1807.8613500649064,11.666666666666666,1013.7221303646146,60.0,972.1740917124507,54.833333333333336
2,127,phi+0.00,2,-0.0055309247059572315,1.0,2184.7327338733194,11.916666666666666,1027.7350240998558,61.5,1006.2270980005923,57.416666666666664
2,127,phi+0.30,0,-0.001935775619804002,1.0233342844872477,2084.1829149630903,11.916666666666666,1011.2987234586686,60.666666666666664,976.8175659304856,55.583333333333336
2,127,phi+0.30,1,0.0040385178643475225,1.4051844793251476,1953.298076589779,11.75,1030.661943787666,61.916666666666664,982.125469853282,55.333333333333336
2,127,phi+0.30,2,-0.004735812941973507,1.0,2971.4430588698815,12.083333333333334,1031.1923185733056,61.583333333333336,991.9170068838868,55.583333333333336
2,127,phi+0.60,0,0.0009246873920427539,1.4888504508121887,1973.113887552432,12.166666666666666,1045.8631006987396,63.0,983.4924502830369,55.5
2,127,phi+0.60,1,0.008555512907504626,1.9923245868930488,2382.717057599391,12.25,1056.113371333918,62.416666666666664,984.8034739954805,54.916666666666664
2,127,phi+0.60,2,-0.001792441582797455,1.1888627065529618,1721.4015314035612,12.0,1108.588304931051,61.333333333333336,1031.154955421517,55.666666666666664
2,127,phi+0.90,0,0.06490022362996128,6.602737149755194,2037.1861597922396,11.833333333333334,1027.689689297754,61.0,987.721206656668,55.5
2,127,phi+0.90,1,0.014084862703334922,3.4880345489777858,2150.669981648815,11.916666666666666,1034.5618557639193,61.833333333333336,991.5850732903965,55.333333333333336
2,127,phi+0.90,2,0.047608566044189324,4.642379549556959,2178.0471080398515,11.833333333333334,1042.648744291828,62.333333333333336,1001.4562226603784,56.0
2,127,phi+0.99,0,0.3343498078589827,22.196907794844357,2046.7122044613145,11.083333333333334,1061.7271045648538,61.25,1003.6705209531666,53.75
2,127,phi+0.99,1,0.15603118514379305,11.718405392266067,2607.5503812491925,11.25,1046.3762403767998,62.916666666666664,979.6751707440238,54.833333333333336
2,127,phi+0.99,2,0.17487845622359932,12.709904950362116,2064.8182643869336,10.916666666666666,1019.3282491446929,60.5,960.9326943543807,53.833333333333336
2,127,sorted,0,0.37243717929830783,25.76393029956512,1649.2199315106902,10.333333333333334,994.2514901823071,58.666666666666664,950.2485154752864,53.166666666666664
2,128,real,0,0.169129354506114,15.319608914439206,1742.468032175908,7.666666666666667,1069.150397767443,62.166666666666664,965.8969658624787,53.833333333333336
2,128,phi-0.60,0,-0.0005156890396650699,1.0,2152.3120285615214,8.416666666666666,1125.4593692831038,64.58333333333333,997.8835000507511,55.333333333333336
2,128,phi-0.60,1,0.00468781856102706,1.0,2332.130779700667,8.25,1125.4762023260398,64.91666666666667,995.7330411101885,54.916666666666664
2,128,phi-0.60,2,0.006680324799486922,1.0,2313.631978192722,8.583333333333334,1131.635223673782,63.583333333333336,1007.6137409484885,55.916666666666664
2,128,phi-0.30,0,0.0012504312669422053,1.0,2370.630992767115,8.25,1133.0973719318258,64.41666666666667,1002.3828088944139,56.333333333333336
2,128,phi-0.30,1,-0.002497468505887148,1.0,2712.3992042350314,8.833333333333334,1129.054585665854,63.333333333333336,1009.1518737421346,56.333333333333336
2,128,phi-0.30,2,0.008986985826180873,1.0,3429.091058176257,9.25,1162.8365321387462,62.666666666666664,1030.0693747543394,58.416666666666664
2,128,phi+0.00,0,0.00014041903069424467,1.0,2068.076195637943,8.25,1109.5882208359697,63.5,995.4883621037387,54.5
2,128,phi+0.00,1,0.018530087124310098,1.0,2090.782498747635,9.083333333333334,1129.2692883356908,64.75,1011.9182719574061,57.5
2,128,phi+0.00,2,-0.0004366241096443946,1.0185597429059663,2428.6183603509376,8.5,1117.5207775314423,63.833333333333336,1007.4043956671572,56.666666666666664
2,128,phi+0.30,0,0.0006896253668287381,1.1291500842105635,2386.555809073965,8.5,1132.708796318592,64.33333333333333,996.6477504164932,55.5
2,128,phi+0.30,1,-0.0007351285243790072,1.130069832797605,2898.4430685974244,9.083333333333334,1139.8264634624768,64.75,998.0121423742104,55.833333333333336
2,128,phi+0.30,2,0.0061885270012908035,1.2516579952697713,2104.4908631118983,8.583333333333334,1108.8847512274544,64.33333333333333,1000.0630529842828,57.666666666666664
2,128,phi+0.60,0,0.016104915283821686,1.8521884743982535,2535.9726589351653,9.166666666666666,1131.463868453957,64.91666666666667,1020.4969451699188,57.333333333333336
2,128,phi+0.60,1,0.010505503585590652,2.695387358941644,2490.792415684956,9.25,1124.997942468604,65.58333333333333,982.6326762011362,54.083333333333336
2,128,phi+0.60,2,0.005104279720471756,1.563573261554521,2456.5677909517017,8.333333333333334,1155.2565106056807,65.33333333333333,1010.7032022832476,56.416666666666664
2,128,phi+0.90,0,0.05404018458674049,4.947208303247805,2149.4473372064203,8.083333333333334,1142.539040967293,63.25,1009.5075224109102,56.166666666666664
2,128,phi+0.90,1,0.05003176292660577,6.162664300482122,3001.510748276934,7.5,1144.390081235314,64.16666666666667,1022.8437119284303,54.5
2,128,phi+0.90,2,0.0657268233792729,5.731731359999526,3488.943853326777,8.583333333333334,1157.1363208083035,63.666666666666664,1017.1661900661516,56.333333333333336
2,128,phi+0.99,0,0.09538705848010093,7.9722215106170875,1939.0498068734403,8.416666666666666,1130.034734012486,62.916666666666664,998.9050890282816,55.75
2,128,phi+0.99,1,0.12523805466623542,12.366765154350558,2077.037004386631,8.666666666666666,1158.949583296975,64.75,1016.3052372836906,56.583333333333336
2,128,phi+0.99,2,0.28456036422462716,22.98244698753618,2028.9840782593985,8.5,1111.9902637116718,61.083333333333336,1002.0826463510731,56.666666666666664
2,128,sorted,0,0.2552224816816015,25.876393151200798,1710.8590224891739,7.75,1025.5345827131052,58.583333333333336,967.4722217942171,54.416666666666664
2,129,real,0,0.01254540809069663,2.897058949019165,2284.945252717111,6.166666666666667,1127.01792084643,61.166666666666664,986.6802356474262,53.75
2,129,phi-0.60,0,0.004968141803557696,1.0,2561.972383890215,6.0,1114.995503083427,60.25,1020.3676462512952,54.666666666666664
2,129,phi-0.60,1,0.011447118689722154,1.0,2646.3243183221016,6.083333333333333,1126.1033487426896,60.75,998.5385795023543,53.5
2,129,phi-0.60,2,0.004174918113831363,1.0,2305.4639513522216,6.0,1124.7916034623204,61.25,1000.7558243804091,54.083333333333336
2,129,phi-0.30,0,0.0030984107334252253,1.0,2325.5304914644535,6.0,1099.184728359717,59.5,993.8835136143983,54.583333333333336
2,129,phi-0.30,1,0.0025971307021248717,1.0,2150.2615845700116,6.083333333333333,1110.0584335459605,61.5,1001.6542489913654,53.666666666666664
2,129,phi-0.30,2,0.0012387193547137405,1.0,2408.296160445105,6.0,1102.7722746386305,61.083333333333336,1005.0948823167549,55.0
2,129,phi+0.00,0,-0.005320340216235646,1.0152067592147807,2548.4660758238874,6.0,1145.2199020460312,60.916666666666664,1004.8624276558699,53.833333333333336
2,129,phi+0.00,1,-0.0012320428328258203,1.0,2352.484772233407,6.0,1103.9335731420435,59.083333333333336,1007.9320182628476,55.083333333333336
2,129,phi+0.00,2,0.003613987050462479,1.0,2233.969345601065,6.0,1112.30589637995,60.083333333333336,1006.2584473424766,54.333333333333336
2,129,phi+0.30,0,-0.004121507121936992,1.516770784008802,2201.558622784861,6.0,1094.521167448558,60.75,996.5592242716742,53.833333333333336
2,129,phi+0.30,1,0.0034876395888369946,1.652522089931938,2464.476779776938,6.0,1117.0104912425984,60.583333333333336,1002.9911556278481,53.833333333333336
2,129,phi+0.30,2,-0.004524269011691083,1.8517551643960264,2732.220927130637,6.083333333333333,1111.4832883431634,59.916666666666664,1011.069894060823,54.166666666666664
2,129,phi+0.60,0,0.04517364195749964,3.9937943268243483,2572.2676364341955,6.0,1121.3838613184644,59.75,999.7312069669773,54.166666666666664
2,129,phi+0.60,1,0.03027890841560688,4.771755986584283,2684.6212468007425,6.0,1143.3595126820105,60.25,993.4184199951311,53.416666666666664
2,129,phi+0.60,2,0.014528364569632411,3.636950997007148,2277.3558447959886,6.0,1119.6820355066263,60.583333333333336,1002.1923742523057,53.166666666666664
2,129,phi+0.90,0,0.17920469666054908,14.598400039256036,2258.4218724470666,6.083333333333333,1139.006579320179,58.5,1022.2543529091976,54.5
2,129,phi+0.90,1,0.10404295781887345,10.980142259251128,2137.2714832783063,6.0,1120.6387611197422,61.5,997.8030920835763,54.416666666666664
2,129,phi+0.90,2,0.1756499413577719,12.83642826569075,2377.0586175999556,6.0,1153.49652375966,60.583333333333336,998.9752053252126,52.916666666666664
2,129,phi+0.99,0,0.789549800191491,88.23213798139217,2024.8262688278312,6.0,1138.1024117855652,58.666666666666664,1000.1869017999298,53.833333333333336
2,129,phi+0.99,1,0.7365548780443076,80.97483196290834,3575.897830194285,6.0,1373.3239960744531,58.916666666666664,1083.1571622191784,53.666666666666664
2,129,phi+0.99,2,0.693326843656192,67.70354047814016,3488.180391803171,6.083333333333333,1389.7939531101247,59.916666666666664,1078.1167409484801,55.166666666666664
2,129,sorted,0,0.9590726025030387,111.63785782257013,1715.4229455964266,6.0,1034.401331293949,58.833333333333336,949.8727072846709,52.0
2,130,real,0,0.27169537146058653,33.01387218584462,1857.3956915510314,6.916666666666667,1070.8992913340837,66.66666666666667,984.6902306507014,58.25
2,130,phi-0.60,0,0.009119074258394035,1.0,2522.5271276695808,7.416666666666667,1115.6204455419027,67.83333333333333,1012.5083825665873,59.25
2,130,phi-0.60,1,0.005859886689244089,1.0,2491.509298104934,7.416666666666667,1130.0979413848638,68.41666666666667,1018.769997888893,60.083333333333336
2,130,phi-0.60,2,0.003323647160123954,1.0,2186.2726514624696,7.333333333333333,1099.2517018498042,66.41666666666667,1024.7510322693279,59.0
2,130,phi-0.30,0,0.006642437593950346,1.0,2529.1151006263185,7.416666666666667,1105.2610270167688,67.5,1026.3718710976116,59.916666666666664
2,130,phi-0.30,1,0.0037723681646318584,1.0,2685.73480103881,7.583333333333333,1132.9959118140064,68.41666666666667,1011.6179435734484,59.0
2,130,phi-0.30,2,0.0008093218569521266,1.0,2538.4466208396802,7.5,1115.7753146562725,68.5,1023.8830025770163,59.25
2,130,phi+0.00,0,-0.0029062824279480846,1.0,1828.9215726985267,7.083333333333333,1121.2718458001577,69.16666666666667,1004.9671036752762,58.583333333333336
2,130,phi+0.00,1,0.0033555670075320026,1.0,3299.976732524123,7.833333333333333,1116.070840359468,67.41666666666667,1022.9774758588255,59.333333333333336
2,130,phi+0.00,2,-0.00017683626339182597,1.0,2568.5766608072818,7.416666666666667,1121.3258746954896,67.83333333333333,1014.1848132253043,59.166666666666664
2,130,phi+0.30,0,-0.003993370459500163,1.3570384429937938,2961.977176319931,7.916666666666667,1115.8207870543968,67.83333333333333,1023.1272441031759,59.0
2,130,phi+0.30,1,0.011923801952832791,1.7229246126799762,1982.9703166113068,7.25,1124.1219734883439,69.16666666666667,1010.0409619085341,58.583333333333336
2,130,phi+0.30,2,0.009536473837829997,1.8267433318981623,2858.0390424534603,7.5,1136.5591460692779,68.33333333333333,1024.1719643017527,60.333333333333336
2,130,phi+0.60,0,0.006106927398036567,3.372672880262014,2484.129199761572,7.583333333333333,1129.3484488805245,66.91666666666667,1008.4999843592437,58.5
2,130,phi+0.60,1,-0.004188276614370833,2.359062383897882,2693.087472071285,7.25,1145.5990342072598,69.08333333333333,1037.9213896134718,60.833333333333336
2,130,phi+0.60,2,-0.0019914562500683106,2.7717836033354986,2661.451340711395,7.083333333333333,1145.6636169134958,69.41666666666667,1021.8404448054054,59.166666666666664
2,130,phi+0.90,0,0.2520477060156309,17.882417939270002,1989.8844780224042,7.083333333333333,1124.7694629339205,66.83333333333333,1025.4808799529158,59.416666666666664
2,130,phi+0.90,1,0.18488690487126555,18.656181703018213,2484.640715507751,7.083333333333333,1102.5051810997672,66.91666666666667,1002.0848605965313,58.083333333333336
2,130,phi+0.90,2,0.1876872162088638,13.96879610127619,2119.5171609508393,7.0,1114.5712213920876,67.41666666666667,1000.0650795382104,58.166666666666664
2,130,phi+0.99,0,0.5009667129155722,36.363670303880575,2489.491458369954,7.0,1263.5473107685893,64.25,1106.760884758341,57.666666666666664
2,130,phi+0.99,1,0.6536053945691438,65.6927523092958,1688.8892235892417,6.416666666666667,1078.2547662672139,62.083333333333336,996.4466805793771,56.583333333333336
2,130,phi+0.99,2,0.5341111239184477,41.99499180555058,2435.255842290246,6.666666666666667,1119.5985663669746,63.75,1021.1026385116726,56.583333333333336
2,130,sorted,0,0.8545922444657086,92.78809619933372,1652.3158784197337,6.416666666666667,1028.484700228649,61.166666666666664,956.0549615355161,55.0
2,132,real,0,0.3280765535445512,34.9441785489681,1911.6467089299604,8.666666666666666,1077.9483246902603,65.08333333333333,1055.332172363373,62.0
2,132,phi-0.60,0,-0.0004861936181614562,1.0,2312.0709439005923,8.916666666666666,1111.4973833237702,67.58333333333333,1091.956141424364,63.916666666666664
2,132,phi-0.60,1,0.006036614067503859,1.0,2575.1486071626637,8.916666666666666,1097.7109924543863,66.83333333333333,1076.8006633083248,63.333333333333336
2,132,phi-0.60,2,0.010405907136353667,1.0,2378.9682935300934,8.583333333333334,1106.154991096823,66.0,1069.1691280248795,63.416666666666664
2,132,phi-0.30,0,-0.0011676292486501043,1.0,2169.0813154060284,9.0,1097.14296977064,67.5,1093.5559581326859,64.66666666666667
2,132,phi-0.30,1,-0.0018215113428637869,1.0,2305.7584395641425,9.166666666666666,1111.039054801383,67.83333333333333,1078.1539100912141,63.666666666666664
2,132,phi-0.30,2,-0.002070097021188686,1.0,3200.2673010485873,9.333333333333334,1109.3124835488518,65.0,1102.1250485617763,64.16666666666667
2,132,phi+0.00,0,-0.00044150858124799094,1.0,2168.356286362767,8.833333333333334,1093.6233813765994,65.66666666666667,1070.6755115306607,63.333333333333336
2,132,phi+0.00,1,-0.0051880972320448035,1.0138374324561403,2697.824018099653,8.833333333333334,1107.987565797286,66.66666666666667,1083.156925015657,64.08333333333333
2,132,phi+0.00,2,-0.0011117617700666055,1.1295677418425432,2353.5966914566343,9.25,1088.899064574642,66.08333333333333,1067.8444904610249,62.833333333333336
2,132,phi+0.30,0,-0.005407809845977681,1.151967156562492,2614.6152757842506,9.5,1109.434000127502,66.83333333333333,1088.3853144864067,63.833333333333336
2,132,phi+0.30,1,0.007781991928246414,1.4575247004556453,2462.9738067426147,9.333333333333334,1089.4570372962091,65.75,1076.6395077654756,64.33333333333333
2,132,phi+0.30,2,0.0034651668757124214,1.380993366829153,2822.3593876718,9.166666666666666,1118.7022745620422,67.25,1096.9657478722945,64.33333333333333
2,132,phi+0.60,0,0.003667703259240108,2.3605437299745975,2171.7959900515702,9.083333333333334,1099.037158208793,65.41666666666667,1069.9689943631176,62.666666666666664
2,132,phi+0.60,1,0.013005802459753687,2.847602497140005,2618.410194137122,9.0,1078.355580363112,65.25,1095.8770616886084,65.91666666666667
2,132,phi+0.60,2,-0.003789777630973491,1.9745778569078,2342.053914466237,8.666666666666666,1096.405069407899,66.41666666666667,1070.7927610732502,62.833333333333336
2,132,phi+0.90,0,0.16761178085250314,12.305705148268789,2119.2232925456196,8.333333333333334,1088.0237396195664,65.25,1074.5615203249677,62.5
2,132,phi+0.90,1,0.1036162550816046,8.935796866985168,2666.6794128360248,9.583333333333334,1130.802155477569,67.16666666666667,1097.119357686743,63.666666666666664
2,132,phi+0.90,2,0.07294576974529696,6.108399536952569,2769.1310016848497,8.5,1088.4376772573114,65.41666666666667,1068.0538588504853,62.833333333333336
2,132,phi+0.99,0,0.4377219820259705,45.171310534029956,1992.4312488027788,8.083333333333334,1075.3395110677466,64.33333333333333,1047.5020520948465,60.916666666666664
2,132,phi+0.99,1,0.6106760659811483,61.4165535121611,1906.7488115573622,8.25,1070.715746484251,62.25,1058.190014687831,60.833333333333336
2,132,phi+0.99,2,0.4621190281258548,39.3232641267181,1876.2585519068336,7.75,1054.172838481763,62.5,1059.4535398930916,61.0
2,132,sorted,0,0.6263086274084251,60.2991161359591,1778.1770122718763,7.666666666666667,1026.4262040393312,61.083333333333336,1018.3791939216502,58.75
2,131,real,0,0.07841974207487751,7.7326340871041355,1660.5713684625764,14.666666666666666,982.8056545016061,57.0,979.4206830652238,56.25
2,131,phi-0.60,0,-0.0006851001342761523,1.0,1661.6035539260486,13.083333333333334,965.468003241111,55.25,976.9461372226615,55.75
2,131,phi-0.60,1,0.002575087628547987,1.0,1785.2521653716474,13.083333333333334,963.6469266990734,54.916666666666664,971.9590453141587,55.5
2,131,phi-0.60,2,0.005605390865835182,1.0,1694.4031696999784,13.833333333333334,962.3841923512409,54.583333333333336,994.1510857854734,57.333333333333336
2,131,phi-0.30,0,0.00034589909701931716,1.0,1811.6245891783929,13.333333333333334,980.9570934952968,55.333333333333336,973.65095012836,54.75
2,131,phi-0.30,1,-0.0018519410759620194,1.0,1767.832322084041,13.083333333333334,976.7547591432177,55.25,992.0842985366753,56.833333333333336
2,131,phi-0.30,2,-0.005258419678359547,1.0,1945.6246306896255,13.5,976.2570656935337,55.583333333333336,982.3727408834061,55.833333333333336
2,131,phi+0.00,0,0.003118452710964784,1.0,1838.2725488157457,13.5,974.4237053123278,55.583333333333336,983.573199603402,55.916666666666664
2,131,phi+0.00,1,0.001613750495500157,1.0,1810.8226145262622,13.0,967.0480117584665,55.0,978.607642731063,55.666666666666664
2,131,phi+0.00,2,0.009792085333134753,1.0696814282333487,1949.2775630307194,13.916666666666666,977.9499831424567,55.25,985.6226514245014,56.25
2,131,phi+0.30,0,-0.004533933574816706,1.282408701281523,1755.64556571083,13.666666666666666,971.2592618872,55.416666666666664,981.0965300854263,56.0
2,131,phi+0.30,1,-0.000782627343910472,1.0,1704.0635829943076,13.583333333333334,973.2351893036983,55.666666666666664,973.1389145002216,55.916666666666664
2,131,phi+0.30,2,0.0016694801610547308,1.5096503271947237,1904.723306961673,12.916666666666666,976.9325779377729,55.583333333333336,986.0679521672291,56.5
2,131,phi+0.60,0,0.006716501939195828,1.174856257610657,1894.201807593013,13.25,971.0395952309209,55.0,982.2390189850308,55.75
2,131,phi+0.60,1,0.008869062215077233,1.6934887233212972,1649.6823026034406,12.916666666666666,961.4379435989384,54.5,978.4736436719344,56.583333333333336
2,131,phi+0.60,2,0.013557324049304044,2.335726498941698,1898.5881569240516,13.416666666666666,976.2910548130099,55.5,982.5916578960126,56.5
2,131,phi+0.90,0,0.049032768403732115,5.423278974405317,1745.5692685344754,13.75,983.9869669250414,56.5,978.0987615803078,55.833333333333336
2,131,phi+0.90,1,0.01090319628408846,2.608857831788902,2062.028311633197,13.25,975.6245885631789,55.583333333333336,984.4990695446903,55.583333333333336
2,131,phi+0.90,2,0.020683760850752665,3.187925419719409,1726.530519656163,13.833333333333334,976.5351219827907,55.75,988.032719194819,56.75
2,131,phi+0.99,0,0.18393349986785387,15.052494206301517,1657.2380351292431,14.333333333333334,967.0581532888177,55.416666666666664,976.478674060044,56.166666666666664
2,131,phi+0.99,1,0.07457090871193095,4.590349670891248,1873.5275793555172,13.083333333333334,988.0498818593865,55.25,1003.4535943110259,56.833333333333336
2,131,phi+0.99,2,0.1879982870328968,14.884615489465366,1877.4059475361591,13.166666666666666,999.9587946087773,53.833333333333336,1010.5306764842054,56.083333333333336
2,131,sorted,0,0.2218715020166904,15.730380840172451,1654.7380351292431,14.083333333333334,962.920619285116,55.0,972.0621217328653,55.75
2,133,real,0,0.16470720528744437,19.824931239773004,1876.1368855997289,6.083333333333333,1062.5722154632538,56.583333333333336,948.5943671743029,52.083333333333336
2,133,phi-0.60,0,0.010333742713296769,1.0,2021.0462226425434,6.083333333333333,1086.345055920551,57.583333333333336,943.8606285200972,51.416666666666664
2,133,phi-0.60,1,0.007189560530809345,1.0,1987.122377169899,6.083333333333333,1088.052030783036,58.416666666666664,955.3521091274275,52.083333333333336
2,133,phi-0.60,2,0.004862437527537102,1.0,2089.910140364511,6.083333333333333,1082.6273591127504,59.25,961.651052984238,53.166666666666664
2,133,phi-0.30,0,0.0041142086061032425,1.0,1892.8741889098626,6.083333333333333,1066.7435029513342,58.666666666666664,945.4095635990121,50.666666666666664
2,133,phi-0.30,1,0.005188780988122379,1.0,2082.676611413137,6.166666666666667,1074.2835159713884,58.916666666666664,958.7519193771178,52.583333333333336
2,133,phi-0.30,2,0.0034887336473113577,1.0,2189.639471110528,6.166666666666667,1086.4503113617689,58.0,960.3977782457132,52.25
2,133,phi+0.00,0,-0.00011755167571664498,1.0,1888.4518082281736,6.0,1083.6413086257728,58.25,948.8963385529937,51.5
2,133,phi+0.00,1,-0.007157946633340017,1.0,2148.2423455981366,6.0,1069.7355939726133,57.833333333333336,965.7199480028886,52.416666666666664
2,133,phi+0.00,2,0.003810575128826632,1.0,2320.4603067894664,6.0,1085.4985428759458,57.75,969.236241650371,51.916666666666664
2,133,phi+0.30,0,-0.004121011596697909,1.762478385498265,1996.4177790749143,6.0,1066.627396053129,56.916666666666664,955.5268395830817,52.166666666666664
2,133,phi+0.30,1,-0.004397733243533858,1.8157864197101046,1884.833880596059,6.25,1099.3358360213676,59.5,945.245485224079,52.0
2,133,phi+0.30,2,-0.0036041843994620015,1.7411191959985608,2092.2641861880898,6.083333333333333,1064.2210505609232,58.5,961.6998811050012,51.833333333333336
2,133,phi+0.60,0,0.02582275168163925,3.5339623298401976,1979.9234286353992,6.0,1085.49642968604,57.833333333333336,935.8249760356606,50.416666666666664
2,133,phi+0.60,1,0.028774549291868706,3.900909839965649,1891.6432391322405,6.166666666666667,1046.777772600629,55.666666666666664,943.8086015619842,50.333333333333336
2,133,phi+0.60,2,0.03122302564207225,3.6706704267195858,1947.2216552351167,6.25,1061.9354093418094,57.666666666666664,948.6979663350343,51.416666666666664
2,133,phi+0.90,0,0.2556775958711449,21.26453248848194,2123.828453961045,6.0,1095.378300363605,57.083333333333336,967.787550849894,51.833333333333336
2,133,phi+0.90,1,0.16472341241209637,13.626037205955738,2182.382215198675,6.0,1115.9201716222315,59.25,946.1202919201208,50.25
2,133,phi+0.90,2,0.17526204519506774,12.872982162958836,3051.5282719647907,6.0,1131.6667938196877,57.916666666666664,969.7047646730998,52.5
2,133,phi+0.99,0,0.6584900722357548,57.36397660411516,2037.8682154633532,6.0,1066.6169205715378,56.333333333333336,947.3333446197786,50.75
2,133,phi+0.99,1,0.8036814983866908,80.47066810569929,2159.871163468139,6.083333333333333,1076.6006004035435,56.5,962.7649831595769,52.0
2,133,phi+0.99,2,0.8215729634747435,88.82886536921632,2130.3860140061456,6.166666666666667,1151.9717310195122,55.416666666666664,986.7005052294334,52.5
2,133,sorted,0,0.8835845237566434,100.19784957467301,1623.461262985678,6.166666666666667,990.4005508944568,55.833333333333336,916.9696445861754,50.25
2,134,real,0,0.002604081647099311,1.0,2159.7780570965465,6.083333333333333,1146.9815284348347,60.916666666666664,988.0772691316175,53.916666666666664
2,134,phi-0.60,0,0.0017205992308628566,1.0,2032.8536535538278,6.083333333333333,1115.30769834154,59.416666666666664,991.847975420828,53.5
2,134,phi-0.60,1,0.0019967892922530435,1.0,1965.8505343611298,6.0,1134.1575330997698,58.0,999.8433479498098,53.5
2,134,phi-0.60,2,0.002560399230451143,1.0,2124.8090283120646,6.083333333333333,1131.7961788238051,58.583333333333336,989.6692658529673,53.666666666666664
2,134,phi-0.30,0,0.0017636404093261484,1.0,2255.0830928297887,6.0,1159.6555271924196,59.916666666666664,1003.5423714608702,54.416666666666664
2,134,phi-0.30,1,-0.0012491688643544716,1.0,2565.6218873278244,6.166666666666667,1156.4379262001464,60.166666666666664,996.2572112612794,53.166666666666664
2,134,phi-0.30,2,0.0039375797545586665,1.0,2062.095462688701,6.0,1154.46535316276,59.583333333333336,993.0524035099683,54.75
2,134,phi+0.00,0,0.0006318969229584617,1.0184936233470179,2283.389150939243,6.0,1146.919451524049,59.666666666666664,975.1026809284317,51.416666666666664
2,134,phi+0.00,1,0.004427561157568686,1.0,2102.0981809168693,6.166666666666667,1125.929760535496,59.0,982.1130294930367,53.583333333333336
2,134,phi+0.00,2,4.1755374556574215e-05,1.0,2311.0708479971686,6.083333333333333,1150.7658753749627,58.833333333333336,980.2375093014274,52.0
2,134,phi+0.30,0,0.0037304176684722005,1.9946188357025676,2116.297143703509,6.0,1117.269425813143,58.416666666666664,976.9593417288828,52.916666666666664
2,134,phi+0.30,1,0.005423182424609497,1.3965955600368312,2835.6824058291404,6.0,1132.733804180293,58.25,980.8589381416868,53.333333333333336
2,134,phi+0.30,2,0.017644860313340685,1.6531393133112773,2014.1150321192508,6.083333333333333,1128.4578555924422,58.5,976.2512082750046,53.25
2,134,phi+0.60,0,0.01043731537766404,3.325013770362654,2151.6922758143915,6.083333333333333,1149.553384085165,59.416666666666664,980.3402831503132,52.666666666666664
2,134,phi+0.60,1,0.030333753509334285,3.460410360473256,2088.2508715188173,6.0,1115.5497760358292,58.666666666666664,991.2003552241413,53.25
2,134,phi+0.60,2,0.020340510898310994,2.9380234745537166,2127.1705772105024,6.0,1125.0142653772568,59.333333333333336,1007.7128572985724,53.833333333333336
2,134,phi+0.90,0,0.14898615772964455,11.955031850683485,2264.678681115891,6.083333333333333,1172.5364663376095,59.166666666666664,1005.1688630103863,53.333333333333336
2,134,phi+0.90,1,0.13217739641443202,10.377664443139512,2095.192064034614,6.166666666666667,1125.0786060626851,59.5,987.9433354455368,53.583333333333336
2,134,phi+0.90,2,0.16031603622882779,12.119928195518282,2213.852182694179,6.0,1161.8251385560518,59.416666666666664,985.5563671176395,52.916666666666664
2,134,phi+0.99,0,0.5412652315083811,55.72194746405672,3332.9690623351103,6.666666666666667,1297.2362427040973,58.666666666666664,1046.4131821111062,52.583333333333336
2,134,phi+0.99,1,0.4774030388838679,37.18439880424383,2869.956039506835,6.083333333333333,1219.724999543577,59.0,1016.3527449781449,53.666666666666664
2,134,phi+0.99,2,0.6450077279549922,56.52781103710598,2315.5208888420325,6.0,1175.171891487756,56.166666666666664,1002.1528345128453,53.166666666666664
2,134,sorted,0,0.839626097515546,94.45779759432898,1802.1294186099076,6.0,1040.4914274673213,55.333333333333336,964.7178674895708,52.5
2,136,real,0,-0.002940680822379508,1.9970888102460398,1637.9412862070533,7.666666666666667,906.0151040524238,52.416666666666664,907.5255658550908,50.666666666666664
2,136,phi-0.60,0,-0.002514658368490173,1.0,1650.4412862070533,8.916666666666666,917.6817707190904,53.583333333333336,916.8576481402861,51.666666666666664
2,136,phi-0.60,1,-0.002940680822379508,1.0,1653.7746195403868,9.25,921.2568237679656,53.833333333333336,920.5003825801213,51.916666666666664
2,136,phi-0.60,2,-0.002940680822379508,1.0,1652.9412862070533,9.166666666666666,918.5577091625281,53.666666666666664,917.0795566314395,51.666666666666664
2,136,phi-0.30,0,-0.002940680822379508,1.0,1634.5588846771427,9.083333333333334,918.2968618841597,53.5,918.9151801854283,51.666666666666664
2,136,phi-0.30,1,0.022996568576177035,1.0,1644.60795287372,8.333333333333334,910.1817707190904,52.833333333333336,911.0243148069527,51.083333333333336
2,136,phi-0.30,2,-0.002940680822379508,1.0,1654.60795287372,9.333333333333334,919.6547066251613,53.75,921.0243148069527,52.083333333333336
2,136,phi+0.00,0,-0.0025647786571830365,1.0,1647.6186116433444,8.833333333333334,915.3960483855461,53.333333333333336,918.905942655624,51.666666666666664
2,136,phi+0.00,1,0.005705068977139339,1.0,1648.7746195403868,8.75,916.0796527497542,53.416666666666664,913.799044712808,51.333333333333336
2,136,phi+0.00,2,-0.002940680822379508,1.0,1649.60795287372,8.833333333333334,916.2792090226077,53.416666666666664,914.5354411933122,51.416666666666664
2,136,phi+0.30,0,-0.002940680822379508,1.0,1653.7746195403868,9.25,918.779156411139,53.583333333333336,920.260925539852,51.833333333333336
2,136,phi+0.30,1,-0.002940680822379508,1.0,1652.10795287372,9.083333333333334,922.1277255006563,54.0,916.907838339837,51.666666666666664
2,136,phi+0.30,2,0.005705068977139338,1.0,1648.7746195403868,8.75,913.9095111196976,53.166666666666664,913.6424357004576,51.333333333333336
2,136,phi+0.60,0,-0.0026900793789151932,1.0,1650.4412862070533,8.916666666666666,914.9495600919468,53.333333333333336,917.1235952614612,51.583333333333336
2,136,phi+0.60,1,-0.002940680822379508,1.0,1652.10795287372,9.083333333333334,918.5384456190682,53.666666666666664,918.5243148069527,51.833333333333336
2,136,phi+0.60,2,0.005705068977139338,1.0,1647.10795287372,8.583333333333334,915.1817707190904,53.333333333333336,912.4528228889905,51.166666666666664
2,136,phi+0.90,0,0.02299656857617703,1.0,1645.4412862070533,8.416666666666666,913.5908524054965,53.166666666666664,914.3576481402861,51.416666666666664
2,136,phi+0.90,1,0.005705068977139338,1.9912664307381194,1637.9412862070533,7.666666666666667,906.651484495514,52.416666666666664,905.9535498291107,50.5
2,136,phi+0.90,2,0.02299656857617704,3.9912537917087967,1640.88811177703,7.083333333333333,907.5049882227631,51.916666666666664,905.3628993299599,50.0
2,136,phi+0.99,0,0.03164231837569588,3.9854229861813284,1632.9412862070533,7.166666666666667,900.1817707190903,51.833333333333336,900.580196694499,50.0
2,136,phi+0.99,1,0.005705068977139338,1.4956353218739467,1640.4412862070533,7.916666666666667,909.0778914957173,52.666666666666664,906.962260595171,50.666666666666664
2,136,phi+0.99,2,0.02299656857617704,3.9912537917087967,1631.2746195403868,7.0,901.2850115303563,51.916666666666664,897.5061290968115,49.666666666666664
2,136,sorted,0,0.025828364887323783,3.9999747219413546,1632.10795287372,7.083333333333333,901.0403578418163,51.916666666666664,901.8576481402862,50.166666666666664
2,135,real,0,0.13777928662142147,11.16288568661493,2444.461574271749,6.0,1092.9845526270728,59.833333333333336,993.3364650185657,53.166666666666664
2,135,phi-0.60,0,0.0046631152789555486,1.0,2234.1450770604547,6.0,1108.1314413541381,61.25,1001.225119237191,53.25
2,135,phi-0.60,1,0.0026903267865999326,1.0,2291.53381288747,6.0,1089.357040233796,60.333333333333336,999.3578673275473,54.166666666666664
2,135,phi-0.60,2,0.012990305385707588,1.0,2535.3644683987745,6.083333333333333,1064.6914729226596,60.5,1011.1868683634299,53.833333333333336
2,135,phi-0.30,0,0.0010724879215028744,1.0,2459.6484388018703,6.083333333333333,1084.0384110551247,59.75,1005.540103416888,53.583333333333336
2,135,phi-0.30,1,-0.0017793539320238845,1.0,2689.6025001257462,6.083333333333333,1121.5382212202232,61.083333333333336,984.681155390614,53.666666666666664
2,135,phi-0.30,2,-0.004390870546397663,1.0,2517.394020468972,6.0,1101.9234979972282,60.416666666666664,989.9689308421248,52.833333333333336
2,135,phi+0.00,0,-0.004769688008056727,1.0046276693585412,2567.930398335577,6.083333333333333,1102.6777427760155,62.333333333333336,995.6923364949567,53.583333333333336
2,135,phi+0.00,1,0.004686458438795652,1.1759198049107782,2394.335222027676,6.0,1096.0423019417365,59.833333333333336,990.5507337425879,53.0
2,135,phi+0.00,2,-1.565068103731785e-05,1.0,2521.751282684599,6.0,1126.292405018876,61.5,981.2248169544979,53.0
2,135,phi+0.30,0,-0.0007255985165322556,1.6906092931997887,2317.750958457165,6.166666666666667,1108.8139686659244,60.583333333333336,996.7273478058073,54.25
2,135,phi+0.30,1,-0.0060359973467334,1.783596816844851,2397.6423368088413,6.0,1102.9268033265123,61.0,986.437547774563,53.166666666666664
2,135,phi+0.30,2,0.005338138249499291,1.7887247430933302,2369.8401438693913,6.0,1084.4644086510013,59.5,993.0576922176255,53.833333333333336
2,135,phi+0.60,0,0.053899219725026384,4.741943949369736,2487.165037696406,6.0,1104.152541610091,60.333333333333336,1004.6612104102297,53.583333333333336
2,135,phi+0.60,1,0.03095626026396743,4.456491205772161,2100.1267031200036,6.0,1101.1320136487473,59.166666666666664,980.6831333551046,52.75
2,135,phi+0.60,2,-0.0015627337809957299,3.2904146518018798,2529.560111007158,6.0,1105.769673081152,60.416666666666664,1006.8012572297715,53.25
2,135,phi+0.90,0,0.20856842446277543,15.55502310389707,2235.1173067712148,6.0,1109.803908360874,59.333333333333336,983.0410342077985,52.5
2,135,phi+0.90,1,0.2461215300299593,17.616458920524895,2325.3714507197883,6.083333333333333,1126.359229709975,60.666666666666664,998.9667909894646,53.416666666666664
2,135,phi+0.90,2,0.2433767217867546,16.975378580766634,2215.146398841706,6.0,1096.6539953172835,59.25,981.9661059888381,52.75
2,135,phi+0.99,0,0.8057796873561913,83.99750476488474,3770.5447324601264,6.083333333333333,1377.5142905423136,59.916666666666664,1093.7358366006044,53.666666666666664
2,135,phi+0.99,1,0.8336918420078654,87.78969864608723,2086.3131665168726,6.0,1077.499439391244,58.083333333333336,992.5582298205765,51.666666666666664
2,135,phi+0.99,2,0.757562255572483,72.43547838448103,2589.740291298895,6.0,1156.791485327312,59.833333333333336,1006.1549307298852,53.5
2,135,sorted,0,0.9307610492640527,107.09957470124426,1850.3882998131833,6.0,992.008378439679,57.916666666666664,950.9043962619335,53.166666666666664
2,138,real,0,0.25211726506393234,28.934804266841297,1642.3246111787173,6.333333333333333,1075.7816494872848,65.0,977.0689852392601,54.0
2,138,phi-0.60,0,-0.0020765709600348396,1.0,2345.8885470062623,6.25,1114.414056578162,64.16666666666667,1006.7107274784879,56.0
2,138,phi-0.60,1,0.00342936246211079,1.0,2517.4860203093617,6.25,1106.6117157049546,64.08333333333333,988.8815560290432,55.25
2,138,phi-0.60,2,0.006480380111668584,1.0,2943.02748644135,6.333333333333333,1126.7095336334467,66.75,986.1681782381098,53.0
2,138,phi-0.30,0,0.0012874057238512317,1.0,2066.612471068118,6.666666666666667,1105.0424733359614,64.66666666666667,999.4215341194276,56.083333333333336
2,138,phi-0.30,1,0.007799913061371852,1.0,2397.816152260282,6.416666666666667,1116.34804916666,65.66666666666667,995.7164109580236,55.5
2,138,phi-0.30,2,-0.004184272371369107,1.0,2329.051602132517,6.25,1118.2806455174466,65.66666666666667,999.6137921653477,55.25
2,138,phi+0.00,0,0.006994579943484552,1.0,2156.2582660289168,6.25,1121.3354235332727,64.75,998.0311772393402,54.0
2,138,phi+0.00,1,-0.002434661202623224,1.0420390850614372,2144.372618905227,6.333333333333333,1127.4123896554563,65.58333333333333,1011.8490201285222,55.666666666666664
2,138,phi+0.00,2,-0.0017866954289477992,1.0623415484314538,2996.983078164773,6.083333333333333,1133.806464733593,65.58333333333333,1002.6848119391807,55.166666666666664
2,138,phi+0.30,0,0.0026674588839754273,1.6932370148011135,2135.5800328784076,6.5,1121.1223539759405,64.91666666666667,1007.3289079614906,55.833333333333336
2,138,phi+0.30,1,-0.007720709459278634,1.5236879219414177,2659.5980711407456,6.166666666666667,1114.2035043627577,64.33333333333333,1012.3785595082009,56.333333333333336
2,138,phi+0.30,2,0.0011915943882826476,1.647493205878067,3236.4742628406366,6.416666666666667,1138.4739946583227,66.08333333333333,1010.4986369072736,54.75
2,138,phi+0.60,0,0.024504970849294525,3.7493208830292404,2713.7746849489467,6.333333333333333,1122.8863908624614,64.58333333333333,1006.1797120896005,55.25
2,138,phi+0.60,1,0.02772253005589086,2.8846103716815166,2545.2433213277595,6.333333333333333,1145.768253206326,66.08333333333333,1014.6348090522309,55.75
2,138,phi+0.60,2,0.0017035746524792627,2.5984320438391286,3573.320340789512,6.083333333333333,1145.3440832483877,65.58333333333333,1015.7046217976573,54.333333333333336
2,138,phi+0.90,0,0.14713068087047954,10.884676224201337,2761.1831374566136,6.25,1129.5197005781677,64.83333333333333,1008.589700094817,54.833333333333336
2,138,phi+0.90,1,0.21781347757894953,19.473989031492405,3198.947934787981,6.5,1174.507245252538,65.58333333333333,1016.173299171376,53.0
2,138,phi+0.90,2,0.19162916438789643,18.038182700308955,2270.1549689879453,6.333333333333333,1150.4455817055305,65.08333333333333,1006.9269130176837,55.75
2,138,phi+0.99,0,0.6784041666703515,65.2992914512798,2259.3369319176286,6.5,1152.0228308456803,64.08333333333333,1011.3236161131939,53.5
2,138,phi+0.99,1,0.623940120484405,69.4634799706995,1895.5381879439465,6.25,1091.4904006518295,63.416666666666664,996.9795237104045,53.833333333333336
2,138,phi+0.99,2,0.5656098094623134,61.63726782413048,2407.630021809104,6.25,1233.50660876436,63.083333333333336,1060.0839086788678,53.916666666666664
2,138,sorted,0,0.8922793349320738,103.8894724096684,1639.8246111787173,6.083333333333333,1040.1127788956126,62.25,951.2237516979905,52.333333333333336
2,139,real,0,-0.006530086403457692,1.3008891555863666,2326.2753244395485,9.5,990.5804524323457,58.166666666666664,1013.7889423379343,58.916666666666664
2,139,phi-0.60,0,0.02145166102453299,1.0,2256.131375940427,9.0,978.3454241117371,57.916666666666664,1001.1984967621279,58.0
2,139,phi-0.60,1,-0.00403689429728626,1.0,2507.4117446477285,9.75,1006.1922218113882,59.083333333333336,1008.7982406199422,58.25
2,139,phi-0.60,2,-0.003598977231073777,1.0,2562.0622317308826,10.083333333333334,1004.3475842552725,59.75,1007.0608962710289,58.583333333333336
2,139,phi-0.30,0,-0.0002815785580332439,1.0,2821.5786813803747,9.916666666666666,1012.8629565551664,59.25,1026.9887411962247,59.583333333333336
2,139,phi-0.30,1,-0.0006985301153905539,1.0,2839.0408684330655,10.333333333333334,1005.6768886434346,58.416666666666664,1016.4774782631998,58.833333333333336
2,139,phi-0.30,2,-0.0008805369391395475,1.0,2570.114547935084,9.75,994.496750875239,57.416666666666664,1013.9183084634716,59.583333333333336
2,139,phi+0.00,0,0.011305271979640331,1.0439332583687257,2378.5223623825864,9.25,1012.4743180541467,59.0,1012.6569270247146,59.166666666666664
2,139,phi+0.00,1,-0.002154453670952166,1.0,2445.435343644917,10.083333333333334,1005.4321962177615,59.083333333333336,1012.1024292224366,58.333333333333336
2,139,phi+0.00,2,-0.0037604116492586316,1.0,2625.6598567931774,9.833333333333334,1014.359998509353,59.75,1000.1032793317326,56.916666666666664
2,139,phi+0.30,0,-0.004635983712822909,1.3176197007782067,2596.295093645635,10.166666666666666,1005.3231163195115,59.416666666666664,1011.0335605974161,59.0
2,139,phi+0.30,1,0.0068241565307072,1.4950365411158184,2774.8001125098876,9.916666666666666,1002.4496155816663,58.416666666666664,1001.8096644633605,58.333333333333336
2,139,phi+0.30,2,-0.0017052676437300245,1.6893116836956166,2512.37054738846,9.333333333333334,1002.5973503618644,58.583333333333336,998.2450244244463,57.583333333333336
2,139,phi+0.60,0,0.012326554329748081,2.1355838796794915,2444.5693519158563,9.416666666666666,1016.1938024243449,59.583333333333336,995.342098330901,57.166666666666664
2,139,phi+0.60,1,0.01467875338886845,1.5964787892345713,2105.2366641377835,8.833333333333334,986.3740297550277,58.0,992.1821801058469,57.166666666666664
2,139,phi+0.60,2,-0.0029280809477081515,2.4479102156185224,2526.760868833249,9.916666666666666,1017.865488564932,60.333333333333336,1016.0133861225386,58.416666666666664
2,139,phi+0.90,0,0.16015304692328894,12.202847046977125,1951.163849194719,8.916666666666666,983.6821567907433,57.666666666666664,992.3637689804204,56.583333333333336
2,139,phi+0.90,1,0.030623022873229624,3.9458423555761013,1954.7976279936822,8.833333333333334,1003.5692725110652,59.583333333333336,987.56733316051,56.666666666666664
2,139,phi+0.90,2,0.06033770064253094,5.72775522194139,2315.1751817899426,9.583333333333334,1016.5071229647625,59.916666666666664,1012.3598419240329,58.666666666666664
2,139,phi+0.99,0,0.2790485786754211,37.83346424052735,1614.7690438358065,7.833333333333333,947.6801728206141,54.583333333333336,963.5059884783891,54.5
2,139,phi+0.99,1,0.3277433316113131,21.769517359439433,1684.7516812148672,8.75,954.5852723641591,55.166666666666664,965.6209969398057,55.0
2,139,phi+0.99,2,0.4558978872460424,33.532111628314766,1729.2867234795358,8.75,978.8860788974522,56.166666666666664,980.1885747511823,54.916666666666664
2,139,sorted,0,0.5446602172583519,48.295331255780546,1618.1023771691398,8.166666666666666,940.6529548272919,54.333333333333336,936.4111931271101,52.5
2,140,real,0,0.23281177810207776,19.157702981957907,2043.6533522960729,7.0,1088.9102768495443,65.16666666666667,1046.5129313385955,57.166666666666664
2,140,phi-0.60,0,0.007411358757857042,1.0,2280.4191766495956,6.916666666666667,1146.5879178616026,67.66666666666667,1038.399691323105,57.0
2,140,phi-0.60,1,0.0007992475847831448,1.0,2588.546683461971,7.083333333333333,1144.0939462436115,66.41666666666667,1024.4151409411727,56.083333333333336
2,140,phi-0.60,2,0.004322475290708903,1.0,2054.817088070164,7.083333333333333,1130.1111927086333,66.25,1025.5938616774722,56.833333333333336
2,140,phi-0.30,0,0.006653848475525792,1.0,2230.53372544933,6.916666666666667,1129.6981353997226,65.5,1019.7309104156648,55.833333333333336
2,140,phi-0.30,1,-0.0032185116632366876,1.0,1945.2406338466992,7.083333333333333,1159.2223075288491,67.0,1029.534033618316,56.583333333333336
2,140,phi-0.30,2,-0.007318587423979852,1.0,2439.5859471314698,7.25,1136.593809464391,67.33333333333333,1021.7434527408185,55.833333333333336
2,140,phi+0.00,0,0.008896531545220451,1.0,2259.5892792584423,6.916666666666667,1127.4822178815255,66.91666666666667,1016.9090850197132,55.083333333333336
2,140,phi+0.00,1,-0.008230728034445951,1.0650949699643109,2524.2651886058034,7.166666666666667,1137.6589226673036,66.41666666666667,1013.2718304153983,54.5
2,140,phi+0.00,2,-0.0034813604126501204,1.0302998801069891,2464.4475597190903,6.916666666666667,1127.2034611248735,64.33333333333333,1035.3814501448426,56.833333333333336
2,140,phi+0.30,0,0.01892316730374688,1.9903796520367583,2205.5872472575115,6.833333333333333,1140.0555012831144,67.08333333333333,1029.2623969108874,56.5
2,140,phi+0.30,1,0.008752708342766329,1.698662653090648,2189.690924308479,7.083333333333333,1130.9786080263555,65.08333333333333,1026.1672185344953,56.833333333333336
2,140,phi+0.30,2,-0.014604002949754396,1.6021160508494514,2495.805502463168,6.916666666666667,1123.0071293060646,65.25,1023.8857380234339,55.333333333333336
2,140,phi+0.60,0,0.003770842108268647,3.3632624872490613,2184.4428990896727,7.25,1142.6182199142622,67.0,1048.6748432242227,57.416666666666664
2,140,phi+0.60,1,0.020788769100346518,3.9056500313750457,2210.186663862885,6.916666666666667,1108.051260505603,65.91666666666667,1022.3150539580625,56.25
2,140,phi+0.60,2,0.005146558720724216,2.8248552552627864,2423.214182142338,7.0,1169.7478637319325,68.16666666666667,1057.949316631339,58.083333333333336
2,140,phi+0.90,0,0.13659218595991296,10.82364549606692,3002.9393679880536,7.25,1143.2685917625633,66.41666666666667,1029.0922734767166,55.75
2,140,phi+0.90,1,0.16072759962164682,12.565712304551834,2501.489943752142,6.666666666666667,1159.8198422575322,65.08333333333333,1013.0061847583323,54.666666666666664
2,140,phi+0.90,2,0.2268058552983784,21.09411015653206,2756.678538334078,6.833333333333333,1174.1399907994107,65.16666666666667,1043.7183896383983,55.583333333333336
2,140,phi+0.99,0,0.7013777005945966,76.68535123468055,2465.2090237761045,6.083333333333333,1289.6119165565408,61.916666666666664,1079.353487037504,54.75
2,140,phi+0.99,1,0.5344351971197774,50.69674981037357,2913.4398742717494,6.75,1225.7932541614923,64.16666666666667,1053.3753022522944,55.166666666666664
2,140,phi+0.99,2,0.5727893584232358,40.42460824473799,1794.635518405862,6.75,1108.707669868799,65.08333333333333,1006.1704086692683,55.25
2,140,sorted,0,0.8080382734119612,87.81796386865203,1612.752772827973,6.166666666666667,995.1729260505473,58.666666666666664,980.411608462509,54.0
2,142,real,0,0.03509607454617858,2.6774466964751755,2180.9329253575866,6.166666666666667,1086.455264277782,61.083333333333336,1001.3989331188526,55.333333333333336
2,142,phi-0.60,0,0.0031831441231484755,1.0,2213.830275296618,6.0,1102.3166880432332,61.583333333333336,984.3920272828042,54.5
2,142,phi-0.60,1,0.00919011954323256,1.0,1950.3300463646199,6.083333333333333,1088.9941430343092,61.666666666666664,991.5233794648628,55.916666666666664
2,142,phi-0.60,2,0.008274968653377112,1.0,2208.265231340751,6.5,1080.9236723390047,61.75,1004.7941425078246,56.083333333333336
2,142,phi-0.30,0,0.0019108004473022012,1.0,1935.589008471666,6.083333333333333,1086.60723189098,60.583333333333336,1007.0530608253815,55.25
2,142,phi-0.30,1,0.000816330264727024,1.0,2646.943269682755,6.25,1124.7984453483205,61.75,1005.2368986693482,55.916666666666664
2,142,phi-0.30,2,0.0024833771900356952,1.0,2230.8935007427713,6.083333333333333,1098.717193563164,62.416666666666664,999.5779374615225,56.333333333333336
2,142,phi+0.00,0,-0.004610678770997408,1.0,1981.0568211581522,6.083333333333333,1079.6404618300944,61.25,993.317782836075,55.833333333333336
2,142,phi+0.00,1,-0.0006844497239949399,1.0,2074.808334848549,6.333333333333333,1096.6416960108068,61.25,985.4280043625462,54.833333333333336
2,142,phi+0.00,2,-0.0066192958160331385,1.0,2286.695139353142,5.916666666666667,1077.2986313248077,60.833333333333336,1001.5014586110337,55.166666666666664
2,142,phi+0.30,0,-0.011911363569890119,1.534559994344759,1981.251635080208,6.166666666666667,1082.519747136033,61.5,967.5418664572271,55.083333333333336
2,142,phi+0.30,1,0.017037356694784355,1.8606570835109673,2168.836306091756,6.166666666666667,1084.286711407402,61.0,1013.1299836678787,56.166666666666664
2,142,phi+0.30,2,0.0019080694927881923,1.7331627916264285,2316.2883075431123,6.0,1108.0423500936636,63.416666666666664,990.2187744206576,54.833333333333336
2,142,phi+0.60,0,0.02995878765551126,3.5811934658402365,2329.4076448116666,6.0,1075.1242462378302,60.833333333333336,998.8411467856284,56.583333333333336
2,142,phi+0.60,1,0.0329568937787169,3.102969916409819,2116.322801365714,6.166666666666667,1107.1629514084514,62.166666666666664,991.6825081327779,55.083333333333336
2,142,phi+0.60,2,0.020358197383789696,3.3240462085047064,2046.3273164345858,6.083333333333333,1068.6814731869902,60.5,983.4535888802187,53.75
2,142,phi+0.90,0,0.16839404469596214,12.408920016908333,2685.7734894337,6.166666666666667,1172.5232715245554,61.333333333333336,1014.4039912372555,54.75
2,142,phi+0.90,1,0.20272511485783826,17.13998231623138,2316.435263064815,6.083333333333333,1106.6573563991049,61.0,993.7088748098372,54.583333333333336
2,142,phi+0.90,2,0.19022441153664824,13.416915488664463,2235.1523950010683,6.166666666666667,1122.3498440581907,61.666666666666664,1001.5944013080448,55.083333333333336
2,142,phi+0.99,0,0.628139955884759,64.27126917271289,2859.2128041506694,5.916666666666667,1257.828310107107,60.0,1033.493201510145,53.25
2,142,phi+0.99,1,0.5776458519151519,52.002581722866545,2734.897800686915,6.083333333333333,1215.418123609192,61.5,1028.7302058469502,55.25
2,142,phi+0.99,2,0.6528440499349769,69.44909009510964,1863.248926325781,6.166666666666667,1033.0013799207659,58.416666666666664,962.3049047809108,53.583333333333336
2,142,sorted,0,0.8297897415710954,93.52730246369097,1597.1542858150608,5.916666666666667,1002.6558822353528,56.416666666666664,951.5208851822235,53.0
2,141,real,0,-0.012887827273752898,1.0,2146.6806107380044,5.916666666666667,1043.5959897138007,52.25,966.12619394482,50.333333333333336
2,141,phi-0.60,0,0.0024652082685187745,1.0,2318.0420061491636,5.916666666666667,1054.6568813546055,50.75,978.9292929294633,50.916666666666664
2,141,phi-0.60,1,-4.585635523730217e-05,1.0,2322.1703380269923,5.916666666666667,1048.116410043279,51.666666666666664,957.6862826152604,49.5
2,141,phi-0.60,2,-0.0009027165153975713,1.0,2295.363698053623,5.916666666666667,1067.6061794961645,50.833333333333336,974.3301053205427,49.666666666666664
2,141,phi-0.30,0,0.005156782523659609,1.0,2270.412207442374,5.916666666666667,1051.5978060278387,51.666666666666664,975.3831915004872,50.666666666666664
2,141,phi-0.30,1,0.006249557186535445,1.0,2115.341036165932,5.916666666666667,1081.0185654626512,51.0,966.4325434020698,50.666666666666664
2,141,phi-0.30,2,-0.00029812136804208795,1.0,2232.1517262118527,5.916666666666667,1042.7536828144607,50.166666666666664,980.9821295222764,51.0
2,141,phi+0.00,0,0.002485015743598261,1.0,2419.6895284492016,5.916666666666667,1053.0168777871381,50.333333333333336,992.0676484670335,50.916666666666664
2,141,phi+0.00,1,-0.003416116926309233,1.0656811809138884,2365.456190216592,5.916666666666667,1059.7885777538816,51.583333333333336,968.6206141362022,49.583333333333336
2,141,phi+0.00,2,-0.0035942907705384065,1.0110953299912993,2260.6626635936,5.916666666666667,1037.8364102807184,50.916666666666664,962.1146664067418,50.333333333333336
2,141,phi+0.30,0,0.008503685223175527,2.105153235957939,2290.1199734044935,5.916666666666667,1056.0760822096756,50.5,969.8986930291024,51.666666666666664
2,141,phi+0.30,1,0.006463048132557262,1.7196312998509695,2112.674245360807,5.916666666666667,1026.1270198996308,50.833333333333336,971.9012395420413,51.25
2,141,phi+0.30,2,0.006425114949150335,1.5737402162146266,2306.254320363425,5.916666666666667,1062.0973394084874,51.75,992.9162561627945,52.083333333333336
2,141,phi+0.60,0,0.018930265359828433,2.7252139060798406,2206.842500721767,5.916666666666667,1056.575756002528,51.666666666666664,979.7469558682204,50.833333333333336
2,141,phi+0.60,1,0.034233969077373846,4.326831973075537,2380.221283886781,5.916666666666667,1066.8903524579925,52.25,972.8503137635256,50.75
2,141,phi+0.60,2,0.004851168132220923,2.7142881400167918,2295.3376956070883,5.916666666666667,1058.0244259807266,52.25,971.0865407419009,51.25
2,141,phi+0.90,0,0.16196648968135235,11.900947642321604,2249.33668240837,5.916666666666667,1055.8735978971422,50.666666666666664,984.7478240235649,51.25
2,141,phi+0.90,1,0.09717278173136061,9.020584274584731,2440.9142483455203,5.916666666666667,1071.6514455970712,51.333333333333336,991.0109647368021,51.166666666666664
2,141,phi+0.90,2,0.19647475509778117,15.01486955181923,2018.061397966129,5.916666666666667,1034.782510253748,50.5,968.6296250148706,51.25
2,141,phi+0.99,0,0.5215939970320747,49.24429185519422,2323.9156844792383,5.916666666666667,1092.7430674854083,51.583333333333336,989.579024507128,50.75
2,141,phi+0.99,1,0.47995588147040646,43.64322430703262,2416.464831762372,5.916666666666667,1070.5463756880183,50.666666666666664,1000.6800860687463,50.666666666666664
2,141,phi+0.99,2,0.5869554881238495,61.16030778713122,2190.2915288254826,5.916666666666667,1059.7548742088572,49.833333333333336,979.7065967623743,51.166666666666664
2,141,sorted,0,0.9487350028967687,109.27313191263586,1779.7462682842454,5.916666666666667,1016.6175928987244,51.416666666666664,948.587267164338,50.0
2,144,real,0,0.01966115227180143,1.4905506932261623,1680.4270337276066,9.916666666666666,969.6916263343534,54.083333333333336,962.3174061659978,55.333333333333336
2,144,phi-0.60,0,0.0023112607839789047,1.0,1703.7603670609399,12.25,990.8864090675469,56.166666666666664,978.2353859852734,56.833333333333336
2,144,phi-0.60,1,0.00014252434800109107,1.0,1701.2603670609399,12.0,986.683390423696,55.833333333333336,974.7588916245114,56.333333333333336
2,144,phi-0.60,2,0.004479997219956724,1.0,1710.9529271605063,12.25,990.8735316292319,56.083333333333336,978.3891849163093,56.833333333333336
2,144,phi-0.30,0,-0.004194948523954538,1.0,1702.6609816497278,12.0,990.0406660445232,56.166666666666664,976.1160360648333,56.333333333333336
2,144,phi-0.30,1,-0.0039960095319120995,1.0,1719.5051960737849,11.916666666666666,988.9697003779443,55.75,972.9440249019626,56.0
2,144,phi-0.30,2,-0.004194948523954538,1.0,1701.7813325315662,11.916666666666666,989.1516071063023,55.666666666666664,976.6963767039709,56.416666666666664
2,144,phi+0.00,0,0.004479997219956724,1.0,1693.7603670609399,11.25,982.9944669728396,55.416666666666664,966.8569569432833,55.75
2,144,phi+0.00,1,0.0005042316062600766,1.2389772666527357,1706.2603670609399,12.5,992.0200155409617,56.416666666666664,980.5090119759133,56.75
2,144,phi+0.00,2,-0.0017911023701083844,1.0,1708.7603670609399,12.75,994.6777138833063,56.666666666666664,975.8274001001874,56.75
2,144,phi+0.30,0,-0.005983892338760421,1.0,1748.1184815780434,12.583333333333334,997.8770506045012,56.333333333333336,989.3776823439617,57.25
2,144,phi+0.30,1,0.00028720725130468544,1.1131905533660225,1702.0937003942734,12.083333333333334,987.9873910176738,55.916666666666664,973.5668292114502,56.5
2,144,phi+0.30,2,0.004479997219956723,1.0,1708.1849212876607,11.666666666666666,987.7342362902923,55.666666666666664,972.3127768666591,56.25
2,144,phi+0.60,0,-0.005875380161282726,1.2389772666527357,1702.9566227644318,12.333333333333334,996.90736308012,56.5,983.3696062340674,56.75
2,144,phi+0.60,1,0.00014252434800109254,1.1131905533660225,1679.6465086953697,11.75,987.8132250557569,55.583333333333336,973.939263505204,56.333333333333336
2,144,phi+0.60,2,-0.004194948523954538,1.6037324992589066,1696.2603670609399,11.5,989.2978302358507,55.75,966.5802428961935,55.916666666666664
2,144,phi+0.90,0,0.04134851663157958,1.9810926391190462,1682.0937003942734,10.083333333333334,970.919438809833,54.166666666666664,955.5105763429048,54.5
2,144,phi+0.90,1,0.030504834451690506,4.458959699091736,1679.5937003942734,9.833333333333334,967.0924095301835,53.916666666666664,956.7910398257563,54.833333333333336
2,144,phi+0.90,2,0.004859789841128653,2.345839124391939,1699.5937003942734,11.833333333333334,985.7038259416034,55.583333333333336,974.6599690260791,56.416666666666664
2,144,phi+0.99,0,0.09994207824238256,6.295148328044435,1687.398189317655,9.083333333333334,971.2403167046432,53.083333333333336,963.8874460788611,54.333333333333336
2,144,phi+0.99,1,0.11291681901884748,8.835025294372063,1663.7603670609399,8.25,952.8271479773316,52.416666666666664,951.0957166808121,54.166666666666664
2,144,phi+0.99,2,0.060867144555379914,5.301520760337646,1674.4025844525383,9.333333333333334,972.0780001579295,53.583333333333336,960.6890340482072,54.583333333333336
2,144,sorted,0,0.10988450650377635,9.00170427210038,1662.0937003942734,8.083333333333334,947.9497485161218,52.0,945.0843673697804,53.666666666666664
2,145,real,0,0.08890860035678044,1.569047934769002,2647.0817880165378,8.416666666666666,1059.4392065273378,61.583333333333336,1024.6222505991216,58.833333333333336
2,145,phi-0.60,0,-0.006034237009829166,1.0,2339.1361593908327,9.333333333333334,1059.7284113975886,62.083333333333336,1015.9064738002734,59.083333333333336
2,145,phi-0.60,1,0.009764710942780499,1.0,2875.616088678115,9.166666666666666,1070.515453623065,62.75,1009.4865573565481,58.5
2,145,phi-0.60,2,0.012275530724004348,1.0,2580.563304259417,9.25,1080.983553875317,63.5,1013.0507342455812,59.333333333333336
2,145,phi-0.30,0,0.00021963419910710392,1.0,2554.382726435088,9.166666666666666,1081.1640090707426,62.583333333333336,1014.57977074365,59.083333333333336
2,145,phi-0.30,1,-0.005287468368123371,1.0,2181.4107297641044,9.083333333333334,1059.187584830867,63.166666666666664,1014.2364495789434,59.666666666666664
2,145,phi-0.30,2,-0.00010525700507205975,1.0,2272.599391140055,8.916666666666666,1072.0850197287452,63.25,1010.9430039886051,59.166666666666664
2,145,phi+0.00,0,0.0038935776017186142,1.0,3192.3175002822845,9.166666666666666,1064.4170747057826,61.916666666666664,1025.8894846793346,58.916666666666664
2,145,phi+0.00,1,-0.004951655931521095,1.0,2149.5962286547415,9.166666666666666,1061.7088679775015,63.0,1010.4129155543219,59.083333333333336
2,145,phi+0.00,2,0.007012362478931002,1.0,1988.501033079692,9.0,1061.1462777399618,63.083333333333336,1030.781495821673,60.25
2,145,phi+0.30,0,0.013702817065768843,1.5291476349107713,2371.0469670802554,9.416666666666666,1056.0684790762905,61.666666666666664,1016.6240794885692,58.833333333333336
2,145,phi+0.30,1,-0.0008794462269387032,1.0925059473936647,2137.2597838785155,9.166666666666666,1056.0368628129672,63.166666666666664,1022.8632250605319,59.083333333333336
2,145,phi+0.30,2,-0.006808092286876525,1.8417133775209156,2528.368394974236,9.25,1061.6897675939128,63.166666666666664,1018.9064084256385,59.083333333333336
2,145,phi+0.60,0,-0.00559778968352064,1.5056722574243828,2414.2846132962554,9.0,1063.425825161903,63.416666666666664,1027.051690865752,59.833333333333336
2,145,phi+0.60,1,0.02877957842586969,2.7618761782588903,2531.8949810053145,9.333333333333334,1078.8154438029194,63.5,997.8072129265438,57.416666666666664
2,145,phi+0.60,2,-0.0005217975096535265,1.9172896508995332,2067.635237038314,8.833333333333334,1079.3125062172046,63.333333333333336,1019.4402296980437,59.583333333333336
2,145,phi+0.90,0,0.08798651068495285,8.132512959148608,1991.1336149808637,8.166666666666666,1035.7571231288048,61.583333333333336,1008.1629495629763,59.166666666666664
2,145,phi+0.90,1,0.02230684349287553,4.816629968613655,2623.268347596383,8.5,1079.5154165439694,61.833333333333336,1022.8887369489595,57.833333333333336
2,145,phi+0.90,2,0.15976137582350203,11.875890975304358,2489.7788791998405,8.5,1052.369912357263,62.25,985.7507965921064,57.166666666666664
2,145,phi+0.99,0,0.32958728210243277,28.85890177316057,1731.814751978739,7.666666666666667,1002.2251379122026,58.833333333333336,979.5890813025841,56.5
2,145,phi+0.99,1,0.4361062176827578,42.67058826116322,1747.5530595095343,7.5,1016.7049694274184,57.916666666666664,986.9035893921568,56.0
2,145,phi+0.99,2,0.3961664172969128,33.11548599928198,1859.5988096372905,8.0,1014.1722375443384,58.0,968.6678963214243,55.083333333333336
2,145,sorted,0,0.4472211071802317,45.73484066675018,1681.3332439062863,7.0,953.4279274114223,54.25,957.2019277806525,55.333333333333336
2,146,real,0,0.1053719476165919,9.51897763688969,2438.1418759922813,6.75,1151.8796363822164,61.75,1012.0908205676607,56.333333333333336
2,146,phi-0.60,0,0.0039210948003554,1.0,2100.2142122666646,7.0,1142.5552423328002,62.583333333333336,1021.4780665130423,58.666666666666664
2,146,phi-0.60,1,0.011087519896647472,1.0,2513.4948421543218,6.916666666666667,1156.9335531618697,63.333333333333336,991.7230400905214,54.833333333333336
2,146,phi-0.60,2,0.005588137684079016,1.0,2379.459695196702,6.75,1168.1364155017625,64.25,1007.8326425644512,56.583333333333336
2,146,phi-0.30,0,0.004706550746892901,1.0,2131.914187100363,6.583333333333333,1119.4243852491193,62.083333333333336,1027.8708100913027,58.25
2,146,phi-0.30,1,-0.0012056452121970312,1.0,2259.6835203411406,6.666666666666667,1158.1116956897008,63.75,1005.6961152353409,56.25
2,146,phi-0.30,2,0.0037969355515325544,1.0,2142.413233690849,6.5,1134.995515199329,63.5,1018.8691615597177,57.916666666666664
2,146,phi+0.00,0,0.001120801604784771,1.0,2929.280404290968,7.0,1161.558562893881,63.583333333333336,991.779285190424,54.833333333333336
2,146,phi+0.00,1,0.003300865774581958,1.0,2306.97822588818,6.666666666666667,1145.459451131368,63.75,993.3257459559946,56.333333333333336
2,146,phi+0.00,2,0.0020920242693982048,1.0587819943335108,2438.8637957289534,6.416666666666667,1157.0740648385645,61.666666666666664,1009.2908470053308,56.666666666666664
2,146,phi+0.30,0,-0.002224230922901368,1.6645981715854261,3378.3314115346425,6.75,1169.181907736567,64.16666666666667,995.8541396583241,54.5
2,146,phi+0.30,1,-0.008831218359771083,1.6104453876683482,2371.797352266456,6.333333333333333,1154.3513677049007,62.416666666666664,1022.5389658837107,58.333333333333336
2,146,phi+0.30,2,-0.01095914157989996,1.6447993079917018,2201.8633146208135,6.5,1144.7523047597617,64.5,1015.2563728563955,55.916666666666664
2,146,phi+0.60,0,-0.0023511842326797,3.00104096189742,2282.6555454061713,6.666666666666667,1158.3069623540812,63.166666666666664,1015.3837602867758,57.75
2,146,phi+0.60,1,0.030854937994152145,2.553991039317224,2437.5241283417686,6.416666666666667,1151.6914204749894,61.75,1025.1674658976144,57.083333333333336
2,146,phi+0.60,2,0.021166324083676972,2.3200905901867825,2549.7620763944656,7.0,1158.1677030874916,63.583333333333336,1015.2315318605268,56.083333333333336
2,146,phi+0.90,0,0.24931136545896526,23.25837309312745,2412.129737496575,6.416666666666667,1157.9335184448869,61.666666666666664,1015.5324890984622,56.75
2,146,phi+0.90,1,0.2734315510901071,18.733527350847353,2052.0336747845577,7.0,1103.9990536338626,61.25,1009.1076347595769,56.416666666666664
2,146,phi+0.90,2,0.17352261589343987,13.041391873817313,2281.3615278196858,6.166666666666667,1123.600623589365,62.333333333333336,1002.2928158378717,56.666666666666664
2,146,phi+0.99,0,0.5987580808785059,55.32843124445925,1921.0364553726488,6.333333333333333,1100.0129311329663,60.833333333333336,993.3603993479809,55.25
2,146,phi+0.99,1,0.6167501742008953,52.65767002503974,3803.708825230184,6.75,1337.2987824421664,58.916666666666664,1088.1231248390889,55.25
2,146,phi+0.99,2,0.5430594184181151,47.88382181154361,2541.6983002964025,6.166666666666667,1203.5581110103485,60.333333333333336,1021.6584100072911,55.583333333333336
2,146,sorted,0,0.7215929955131414,77.53665793365074,1789.0544913803421,6.333333333333333,1052.9739552891635,58.583333333333336,967.0958046676229,54.5
2,147,real,0,0.037853970366417175,4.253556083044155,2952.0985676879645,6.0,1128.0188606627464,59.166666666666664,986.5675868095082,52.333333333333336
2,147,phi-0.60,0,0.004405785112655749,1.0,2132.5288522079472,6.0,1115.0088827802226,61.333333333333336,964.6435396719708,52.666666666666664
2,147,phi-0.60,1,0.008326168813776335,1.0,2079.9008624573785,6.333333333333333,1100.3489908217618,59.583333333333336,959.8103065462691,52.166666666666664
2,147,phi-0.60,2,0.00579668689472837,1.0,2327.0544608131563,6.0,1098.1309944200964,57.833333333333336,970.3944032359244,53.0
2,147,phi-0.30,0,0.001926073501548143,1.0,1980.4570393276142,6.0,1077.606809154778,59.416666666666664,952.7445092618113,52.083333333333336
2,147,phi-0.30,1,-0.0035940930480881468,1.0,2038.7543312117377,6.0,1095.2994256154886,58.5,958.1419133793324,52.333333333333336
2,147,phi-0.30,2,0.0011084459830468588,1.0,2207.7822360690657,6.083333333333333,1094.1206914927734,59.0,973.0869025977837,52.833333333333336
2,147,phi+0.00,0,-0.0033045962924117787,1.0,2048.9934266627583,6.083333333333333,1092.6960099353998,60.333333333333336,953.90811827546,53.5
2,147,phi+0.00,1,-0.0028762953209172186,1.0,2080.365947971891,6.083333333333333,1100.9761103828944,58.833333333333336,975.3961146635916,53.25
2,147,phi+0.00,2,0.004622506046844102,1.0,2649.1035951765866,6.083333333333333,1105.1846922515526,60.166666666666664,965.4378830861907,52.583333333333336
2,147,phi+0.30,0,-0.012863419302063748,1.7395355572185507,2316.5864279091597,6.083333333333333,1091.1839866139035,60.0,951.3073879164652,51.5
2,147,phi+0.30,1,-0.008869745689766928,1.6487578332268806,2192.266318598974,6.166666666666667,1087.584465096765,59.25,964.9086647478398,52.666666666666664
2,147,phi+0.30,2,-0.005650451800950263,1.721470060007391,2511.447033370331,6.0,1102.4737322453132,59.833333333333336,967.0123460069154,51.083333333333336
2,147,phi+0.60,0,0.03682206383974653,3.403514315715348,2149.430333274054,6.083333333333333,1105.6613283586462,60.5,972.4916310976422,52.833333333333336
2,147,phi+0.60,1,0.04582226414194131,5.2173763119065395,2026.8232093040024,6.0,1084.4530941032785,60.5,954.9498524979398,52.5
2,147,phi+0.60,2,0.007822264527508576,4.007712199072943,2056.517405490293,6.166666666666667,1112.8982559630897,59.75,950.3665608432958,52.583333333333336
2,147,phi+0.90,0,0.1497553265799975,11.357105274551257,2842.217325827638,6.0,1157.8856206913158,58.666666666666664,1004.4283392913893,52.583333333333336
2,147,phi+0.90,1,0.1599436845434749,11.739414306986333,2287.545980298914,6.083333333333333,1120.5362333861767,58.5,964.3192425756702,52.833333333333336
2,147,phi+0.90,2,0.20299872806213093,14.635449220940579,2297.9516924008162,6.0,1153.497722489166,60.333333333333336,973.1554592054832,53.166666666666664
2,147,phi+0.99,0,0.7646126021090006,81.69093677384716,2111.026162393309,6.0,1092.3823332520394,59.0,962.5058152264692,52.5
2,147,phi+0.99,1,0.8039343584424411,86.43047419723094,1762.1755767747607,6.083333333333333,1074.5810753259366,57.833333333333336,961.8842161478964,52.666666666666664
2,147,phi+0.99,2,0.578965401426958,53.242391014691876,2546.7020988152835,6.083333333333333,1117.0934569368947,58.25,982.3767794367983,52.333333333333336
2,147,sorted,0,0.9537505360352379,110.42043511806065,1728.1906518536528,6.0,1029.677637232176,56.916666666666664,940.3935007352687,52.333333333333336
2,148,real,0,0.007478434452423125,1.6150009066925752,1746.5672895985992,13.333333333333334,1016.1865040897787,61.75,968.5772846837353,56.916666666666664
2,148,phi-0.60,0,-0.0018855505338298713,1.0,1775.8897676453762,14.0,1033.0716050626788,63.0,969.1773145818456,56.583333333333336
2,148,phi-0.60,1,0.010670184052941682,1.0,1856.5351100966852,13.5,1024.4535352618643,61.75,987.0170433191893,57.75
2,148,phi-0.60,2,-0.004035872754927277,1.0,1933.4939833147298,13.916666666666666,1032.8537382418124,62.583333333333336,979.2858419258556,58.333333333333336
2,148,phi-0.30,0,0.0010865780486939058,1.0,1994.0386033413663,13.75,1025.842882640881,62.5,979.8209262403099,58.083333333333336
2,148,phi-0.30,1,0.005684003690934369,1.0,1826.983274619368,14.333333333333334,1045.5655149557845,63.25,982.4841575873116,57.916666666666664
2,148,phi-0.30,2,0.0006070967460934842,1.0,2087.9865955320665,13.5,1029.186065028535,62.583333333333336,977.6711693503233,57.833333333333336
2,148,phi+0.00,0,-0.002122161918651202,1.0,1882.2310962209415,12.833333333333334,1024.187393916686,62.25,985.4425402207135,58.0
2,148,phi+0.00,1,-0.004300315362248327,1.0,2504.353624070032,13.666666666666666,1038.8718765427009,63.833333333333336,979.1657863793663,57.333333333333336
2,148,phi+0.00,2,0.004801676600350819,1.0,2252.471148524543,13.5,1038.1262594842226,62.833333333333336,984.7059404544656,57.416666666666664
2,148,phi+0.30,0,-0.0072916385962059896,1.0210232045684968,2017.0839814475742,13.25,1022.6419241688706,61.75,975.551194391318,57.416666666666664
2,148,phi+0.30,1,-1.846355358374391e-05,1.0,1750.4828508635565,13.75,1022.9876329918653,62.25,982.6402428929279,58.416666666666664
2,148,phi+0.30,2,-0.0038347275258437457,1.0329307023202798,1797.5608296253047,13.833333333333334,1047.316760853321,63.5,977.0608023172928,57.166666666666664
2,148,phi+0.60,0,0.006228601673132922,1.5989550186578834,1701.4471866271033,13.333333333333334,1023.0432451727182,62.25,969.5014638814723,56.75
2,148,phi+0.60,1,0.003223517843303503,1.1457000601852796,1876.4713990337502,13.25,1019.466756858823,61.583333333333336,975.0502731293941,57.75
2,148,phi+0.60,2,0.004722390493114506,2.3481703569287875,1921.8328168930068,13.583333333333334,1026.8760410562643,61.833333333333336,991.32130633107,57.833333333333336
2,148,phi+0.90,0,0.03030453405162286,3.4729794357897004,1860.5970167469793,13.666666666666666,1027.0680790532922,62.25,988.4621079191547,57.333333333333336
2,148,phi+0.90,1,0.017764675765114334,3.553327273079831,1961.255758624203,13.916666666666666,1033.1406681003325,62.916666666666664,986.3477539151469,58.583333333333336
2,148,phi+0.90,2,0.020840283074652906,3.579601533979329,1717.226265240277,13.166666666666666,1024.9257185050835,62.833333333333336,976.1620796106766,57.25
2,148,phi+0.99,0,0.05684016868352465,3.147867267217582,1792.1545659240285,12.916666666666666,996.8306681718519,59.916666666666664,973.225872716564,57.25
2,148,phi+0.99,1,0.16930717110509647,12.49372782405956,2889.1082354332007,14.083333333333334,1087.4110410624435,62.416666666666664,1002.2000979697937,56.5
2,148,phi+0.99,2,0.08690432808354168,7.49158977878978,1741.3631270644826,14.25,1038.52749661372,63.666666666666664,980.9635188043843,57.666666666666664
2,148,sorted,0,0.18472580464719596,13.47426845390878,1656.2830549743203,14.5,1007.2252538595188,61.25,971.8141530310613,57.5
2,149,real,0,0.008234868579696165,1.0,2764.3697222137325,6.0,1099.3435805053932,53.833333333333336,975.3867819161997,52.75
2,149,phi-0.60,0,0.006938750904268146,1.0,2519.2568052150873,6.0,1073.927440293076,53.416666666666664,981.5876834716827,52.666666666666664
2,149,phi-0.60,1,0.007692307692307692,1.0,2266.5277097455923,6.0,1087.6733903567972,52.916666666666664,979.4885140945448,52.75
2,149,phi-0.60,2,-0.0017422232939474317,1.0,2361.871934579364,6.0,1126.57804212693,54.916666666666664,979.5648245415938,52.916666666666664
2,149,phi-0.30,0,0.003231251507113576,1.0,2129.662712380285,6.0,1103.5192747202618,54.666666666666664,979.3166743853195,54.166666666666664
2,149,phi-0.30,1,-0.005751145406317821,1.0,2237.8364167494356,6.0,1104.8118936756332,53.833333333333336,976.7757819170369,52.083333333333336
2,149,phi-0.30,2,0.006788039546660235,1.0,2344.0678456860765,6.0,1111.8712288236727,54.833333333333336,974.6273779985721,52.916666666666664
2,149,phi+0.00,0,-0.0031287677839401985,1.1475524475524477,2223.09950648141,6.0,1113.0424240988557,53.916666666666664,979.214726517982,53.416666666666664
2,149,phi+0.00,1,0.0019049915601639742,1.0251748251748252,2283.1337631683746,6.0,1094.7211678239294,54.833333333333336,968.2195003631427,52.583333333333336
2,149,phi+0.00,2,-0.0026163491680733057,1.0,2377.0212610393355,6.0,1122.037214016303,54.416666666666664,975.3429291260255,52.75
2,149,phi+0.30,0,-0.010332770677598264,1.587062937062937,2476.0980948514275,6.0,1120.4495434820922,55.75,974.0852344300856,52.833333333333336
2,149,phi+0.30,1,-0.0033397636845912725,1.303146853146853,2316.5872478396254,6.0,1091.702985355026,54.0,971.5528546419318,53.0
2,149,phi+0.30,2,-0.002706775982638052,1.2506993006993006,2406.124520336249,6.0,1115.953104066847,54.083333333333336,989.5121274064671,52.833333333333336
2,149,phi+0.60,0,0.008897998553170968,2.017132867132867,2313.401823520631,6.0,1103.0947143984852,53.333333333333336,987.7573653134147,53.416666666666664
2,149,phi+0.60,1,0.02038220400289366,2.490909090909091,2918.3392293412185,6.0,1146.9867309180474,54.666666666666664,972.0925001660348,51.75
2,149,phi+0.60,2,-0.003128767783940198,2.28986013986014,2857.356118486949,6.0,1126.703665172081,55.083333333333336,982.759766665427,52.75
2,149,phi+0.90,0,0.155449722691102,16.162587412587413,2310.79815032315,6.0,1105.1230910158442,54.333333333333336,969.5844410633018,52.75
2,149,phi+0.90,1,0.10906076681938749,9.136013986013985,2798.810679926051,6.0,1131.1205574930098,54.833333333333336,981.2538658346243,52.583333333333336
2,149,phi+0.90,2,0.2816252712804437,20.92622377622378,2658.2150403286723,6.0,1157.290839054166,54.416666666666664,999.0629410914152,52.916666666666664
2,149,phi+0.99,0,0.6130395466602365,57.431818181818194,2635.445147302112,6.0,1132.5644940249038,52.75,998.525045798203,54.0
2,149,phi+0.99,1,0.6314866168314444,64.42832167832168,2256.495537662932,6.0,1101.6884750855168,53.166666666666664,976.8158579743613,52.666666666666664
2,149,phi+0.99,2,0.45678201109235594,38.96503496503498,2034.7711059904047,6.0,1062.27474006632,53.416666666666664,966.8958240176335,53.333333333333336
2,149,sorted,0,0.9412587412587413,107.56293706293707,2029.9273559904047,6.0,1048.3307247843975,52.416666666666664,952.8916958737324,52.25
2,150,real,0,0.21268766559814542,14.97671920131756,1752.3389629750052,9.0,1090.005688472996,65.91666666666667,1032.553472405933,60.583333333333336
2,150,phi-0.60,0,0.013931894194386316,1.0,2356.3580605545208,9.583333333333334,1067.6454898258262,64.91666666666667,1036.1160982259082,62.416666666666664
2,150,phi-0.60,1,0.008228172298248059,1.0,2232.4572884864615,8.916666666666666,1084.485920013243,66.0,1038.041426710993,61.75
2,150,phi-0.60,2,-0.00393146974834044,1.0,2259.262246891355,9.083333333333334,1095.8845829829568,67.0,1038.0653917203642,61.333333333333336
2,150,phi-0.30,0,-0.004154640920848906,1.0,2366.571749584484,9.5,1084.7087486553307,66.83333333333333,1038.7918074168638,60.416666666666664
2,150,phi-0.30,1,0.003868919745622764,1.0,2205.9074286945615,9.0,1087.0764378059177,67.33333333333333,1008.1006766643792,59.75
2,150,phi-0.30,2,-0.002999602263657067,1.0,2299.0339346615283,9.416666666666666,1094.3989515829112,66.08333333333333,1038.2164089831788,61.416666666666664
2,150,phi+0.00,0,0.0036404614982827725,1.0,2509.701790234524,9.666666666666666,1089.8335709787527,67.33333333333333,1040.5858152130634,61.75
2,150,phi+0.00,1,0.003655473503503882,1.1638056574152884,2264.030587859178,9.833333333333334,1086.8793562265894,67.25,1024.0717990771002,60.75
2,150,phi+0.00,2,0.010070147165156222,1.4101130242943096,2870.3787170674186,9.583333333333334,1083.7265401575078,66.25,1037.5855830984522,61.416666666666664
2,150,phi+0.30,0,-0.004093506264550044,1.3332244436033198,2143.2491944056014,9.0,1086.4081116943905,67.0,1042.389380103261,61.916666666666664
2,150,phi+0.30,1,0.010554320859097157,1.780309026279435,1983.948306837884,9.083333333333334,1092.8869478713548,67.16666666666667,1040.6426424856618,60.416666666666664
2,150,phi+0.30,2,-0.0032467524664031478,1.0828772829902356,2613.5740116755273,9.0,1087.7317739358916,67.33333333333333,1016.7654877180394,60.166666666666664
2,150,phi+0.60,0,0.0018861936326816401,1.8209736480299663,2500.711410958051,9.333333333333334,1106.8475094313667,67.91666666666667,1046.8781749325958,61.25
2,150,phi+0.60,1,0.006153894868794258,2.1739112303633386,2434.749984467444,9.083333333333334,1092.6178255524155,67.08333333333333,1023.596761571639,59.833333333333336
2,150,phi+0.60,2,-0.0036816897052636545,2.0595184835933553,2654.82019993132,9.416666666666666,1087.3525062434085,66.58333333333333,1025.1787583020323,60.833333333333336
2,150,phi+0.90,0,0.09236485488908494,8.41802333927005,2448.2303528233856,9.166666666666666,1082.5581822051588,66.25,1028.9460734774652,60.083333333333336
2,150,phi+0.90,1,0.15115271655422385,11.115879141583946,1965.4191169174412,8.75,1085.1655547413313,66.41666666666667,1028.842906065396,60.666666666666664
2,150,phi+0.90,2,0.2412785591623709,23.14514310271184,2820.132442840087,8.166666666666666,1103.482754142116,65.91666666666667,1057.746291656942,60.916666666666664
2,150,phi+0.99,0,0.3086495987324096,20.871151303618134,1870.7459934738138,8.916666666666666,1092.1066930126522,66.83333333333333,1021.2189574769641,59.916666666666664
2,150,phi+0.99,1,0.3811959266571353,40.35783639605738,2545.206813510524,8.166666666666666,1117.425493767852,64.75,1090.5230994200008,59.0
2,150,phi+0.99,2,0.43637108169352795,32.47311745462859,2781.132846449286,7.916666666666667,1078.7982557578546,64.5,1045.3847446816012,58.583333333333336
2,150,sorted,0,0.640953885284487,58.42691746190827,1641.9074797458106,8.25,1027.9309618706209,62.25,975.258687811188,56.5
2,151,real,0,0.2916251204975043,35.088833556783285,1781.2524570483329,6.916666666666667,1061.5283781355345,62.0,1000.3205222214219,58.0
2,151,phi-0.60,0,0.007942183273189069,1.0,2350.86328358365,7.25,1140.0777526137963,67.91666666666667,1021.2771399572149,57.833333333333336
2,151,phi-0.60,1,0.0040431955227845946,1.0,2149.0841312662706,7.0,1109.9334260040466,66.25,1022.6867055764911,58.416666666666664
2,151,phi-0.60,2,0.0009551527849693501,1.0,2130.495123936243,7.25,1116.998346778374,66.5,1026.2270408934862,58.166666666666664
2,151,phi-0.30,0,-7.721715140986237e-05,1.0,2180.3647328517136,6.916666666666667,1082.5013729488853,63.166666666666664,1030.7272945937746,58.916666666666664
2,151,phi-0.30,1,-0.00011065076980069676,1.0,2510.7592013364424,7.583333333333333,1113.2424484272772,66.91666666666667,1025.5874708210943,56.75
2,151,phi-0.30,2,0.006513558697796873,1.0,1875.5458318048125,6.833333333333333,1110.7740451218356,66.91666666666667,1011.1077852620073,58.416666666666664
2,151,phi+0.00,0,-0.007962508712477698,1.0,2249.2409241622054,7.083333333333333,1125.2524476558212,65.91666666666667,1020.9809351217618,57.666666666666664
2,151,phi+0.00,1,0.00016386621703651848,1.0,2016.9099205274063,7.0,1136.3023665333892,68.5,1019.1493029236859,57.5
2,151,phi+0.00,2,-0.0011044347687089414,1.1363114380741324,2431.4881369904806,7.166666666666667,1137.5561180963698,65.83333333333333,1035.069561804655,57.833333333333336
2,151,phi+0.30,0,-0.01020198024594374,1.7206839530375075,2157.2419880137754,7.0,1134.3435287617622,66.91666666666667,1011.2895433892669,56.833333333333336
2,151,phi+0.30,1,0.013403574642783326,1.831227549935459,2160.021998256176,7.25,1118.8279860228765,66.58333333333333,1038.595766757149,58.416666666666664
2,151,phi+0.30,2,-0.0009223698187915241,1.4197774023231053,2513.806265744145,6.916666666666667,1122.467695964259,66.58333333333333,1050.0042597849545,59.083333333333336
2,151,phi+0.60,0,0.00662027023833004,3.6311445664507804,2061.059184804784,6.75,1078.924996870507,64.0,1018.0570261243391,58.083333333333336
2,151,phi+0.60,1,0.002843627780961704,2.7783510273783962,2423.7729762970503,6.916666666666667,1103.0900331395653,65.16666666666667,1039.3971192084587,58.833333333333336
2,151,phi+0.60,2,0.02179542771562739,3.3801148874638263,1774.6048298789074,6.916666666666667,1098.6638854622072,65.83333333333333,1008.9236688893965,57.166666666666664
2,151,phi+0.90,0,0.15153918798645716,11.5700795175941,2174.940310970622,6.583333333333333,1119.5375047210468,63.5,1005.0657720383098,56.25
2,151,phi+0.90,1,0.08649497926879837,8.784674037759228,2610.628574069138,7.083333333333333,1117.6143381842642,64.75,1036.4608244873639,58.083333333333336
2,151,phi+0.90,2,0.1453312184509135,11.297073345841428,2664.9015894718273,7.0,1152.9788751692695,63.833333333333336,1027.4207230390593,57.5
2,151,phi+0.99,0,0.47582667830474373,42.66133140697147,2071.394902286589,6.666666666666667,1144.9546463910287,62.75,1008.5438492454246,55.25
2,151,phi+0.99,1,0.6441309294141332,52.60995410346086,2044.3370639681823,6.25,1176.3741384203875,63.416666666666664,1040.9310462372543,55.416666666666664
2,151,phi+0.99,2,0.7519763233357355,85.25367783992102,1962.4998530364717,6.416666666666667,1156.9847396842326,62.333333333333336,1048.939955302249,56.083333333333336
2,151,sorted,0,0.7880313162836173,86.19409176448882,1505.9591499776652,6.5,991.369777539568,59.083333333333336,967.0960421729978,55.166666666666664
2,152,real,0,0.5028635470064942,58.54831924687243,1581.1428636344554,6.666666666666667,1086.761909682071,64.83333333333333,1005.8402314835763,57.833333333333336
2,152,phi-0.60,0,-0.0013600797868994715,1.0,2998.04917787947,6.666666666666667,1155.305028578847,69.33333333333333,1025.0075917210982,58.0
2,152,phi-0.60,1,0.011677810794986894,1.0,2633.4990349598756,7.083333333333333,1155.5685059042828,69.33333333333333,1020.2252663581063,57.666666666666664
2,152,phi-0.60,2,0.001371636520868733,1.0,2282.7873664963367,7.083333333333333,1145.9119774106257,69.91666666666667,1004.516092077209,57.0
2,152,phi-0.30,0,0.006277280040915862,1.0,2994.262717739268,7.166666666666667,1163.7096073427404,69.41666666666667,1042.2446436263338,59.083333333333336
2,152,phi-0.30,1,-0.005972303138694634,1.0,2453.1275035949534,6.833333333333333,1169.232578123723,70.91666666666667,1001.8389232010987,56.25
2,152,phi-0.30,2,0.00402322488800302,1.0,2459.1284260979405,7.083333333333333,1135.2474727457159,68.33333333333333,1024.5231353744612,58.166666666666664
2,152,phi+0.00,0,0.002453377611871881,1.0695956212273106,2637.9491619905525,7.0,1151.1988557432549,68.58333333333333,1004.9806335996722,56.166666666666664
2,152,phi+0.00,1,-0.0003850117990554662,1.0,2890.475234050097,7.5,1153.0532577150948,68.58333333333333,1041.6485609587683,58.166666666666664
2,152,phi+0.00,2,-0.004416648395807387,1.0,2357.930302799961,6.75,1152.3630651419592,69.16666666666667,1026.8915083384022,58.416666666666664
2,152,phi+0.30,0,0.000571196559077423,1.5681595133277941,2507.6500955562,6.5,1124.453889720788,67.16666666666667,1026.4179736956823,57.833333333333336
2,152,phi+0.30,1,-0.0024406402262525523,1.6765586787392985,2223.0122130761315,6.833333333333333,1164.93778918618,69.25,1010.9421988257554,57.666666666666664
2,152,phi+0.30,2,0.008209886710712449,1.6313349197288094,2484.6387332793415,7.083333333333333,1168.971461037948,69.0,1015.8106554610687,56.0
2,152,phi+0.60,0,0.023133252892197444,2.968419564531188,2795.25174441715,6.666666666666667,1184.3227840032673,69.0,1037.5438293780903,58.583333333333336
2,152,phi+0.60,1,0.028640067145060125,3.7348641002814533,2765.8447000283472,6.75,1153.7282965552595,69.41666666666667,1010.6937687608502,57.333333333333336
2,152,phi+0.60,2,0.052421121772106734,4.572673717261278,2259.4408961787676,6.75,1154.5296633960222,67.5,1021.5024711781493,58.25
2,152,phi+0.90,0,0.15758947952126048,12.13098829109309,2041.2202333394737,6.75,1120.7508956253678,66.41666666666667,999.5351389713311,56.166666666666664
2,152,phi+0.90,1,0.2130825651317228,15.062022017761684,2428.963091377131,6.333333333333333,1170.9572867732734,67.5,1015.802972046341,56.75
2,152,phi+0.90,2,0.1988581690953405,19.79607566222368,3167.0197347303474,6.666666666666667,1175.9079657263678,67.41666666666667,1024.4491366156262,57.666666666666664
2,152,phi+0.99,0,0.6385112736050876,60.131495947259864,3161.189115619454,6.666666666666667,1504.4679877303663,64.58333333333333,1166.5205297137431,55.75
2,152,phi+0.99,1,0.6891074160547925,62.78734384691147,3717.1345664851337,6.166666666666667,1399.7538917921167,63.333333333333336,1110.6808659899812,56.5
2,152,phi+0.99,2,0.6964613870164221,67.3710642150569,2302.5393128962664,6.166666666666667,1188.4766753431304,64.16666666666667,1047.0527915899781,55.75
2,152,sorted,0,0.8445514557356172,93.56107601799592,1559.9722469232813,6.166666666666667,1055.7321875287737,62.166666666666664,975.3965802161755,56.583333333333336
2,155,real,0,0.01958731559061215,1.1721052017866727,2170.3905742276434,6.0,1091.4148410082068,58.916666666666664,968.4277829086974,55.416666666666664
2,155,phi-0.60,0,0.0033666078825514917,1.0,2550.625534616743,6.0,1079.927354171131,57.583333333333336,964.5803344459135,53.833333333333336
2,155,phi-0.60,1,0.0019919086849703436,1.0,2567.1046862985645,6.0,1080.4373952530248,57.916666666666664,974.8729936757109,54.75
2,155,phi-0.60,2,0.003392354523652438,1.0,2360.263469739479,6.0,1081.344436747626,59.0,958.7286419907374,53.083333333333336
2,155,phi-0.30,0,0.00032576382007371474,1.0,2408.7849476527335,6.0,1076.584748344731,56.416666666666664,953.7315181823045,53.0
2,155,phi-0.30,1,0.006072419676123713,1.0,1971.329211454584,6.0,1068.2306643326501,57.416666666666664,957.4477933280309,53.083333333333336
2,155,phi-0.30,2,-0.0036030677344687937,1.0,2234.825894214009,6.0,1048.102142944382,56.666666666666664,945.496933291258,52.833333333333336
2,155,phi+0.00,0,-0.006168983106859743,1.0293193042096112,2108.5116078954743,6.0,1071.9766441313952,57.75,964.1420301967686,52.833333333333336
2,155,phi+0.00,1,-0.010773933609222061,1.090768958705614,2274.1529592299407,6.0,1071.4196728610082,59.166666666666664,960.0678714335612,54.083333333333336
2,155,phi+0.00,2,0.0006495507628273799,1.0385127137913512,2125.091524845011,6.0,1073.0223438242363,58.666666666666664,976.3812824495782,54.666666666666664
2,155,phi+0.30,0,0.006019187760479122,2.2068755699765563,2336.074251630504,6.0,1067.2854818101148,58.75,978.7103010787291,54.666666666666664
2,155,phi+0.30,1,0.011322480060071426,1.8251920430688602,2137.5766248887594,6.0,1073.3193124230638,57.5,956.1526061348544,54.0
2,155,phi+0.30,2,-0.00020021400264270243,1.3852713983576317,2411.190457461026,6.0,1085.1713423913789,58.5,969.9628671495251,53.5
2,155,phi+0.60,0,0.010952148466772891,3.5290794727818438,2241.290488326159,6.0,1059.7747994844929,59.25,960.3330700203819,53.25
2,155,phi+0.60,1,0.021608482392722405,3.895095396743449,1979.9442901825603,6.0,1072.3610938068778,58.416666666666664,966.3650667215002,53.583333333333336
2,155,phi+0.60,2,0.06468930387876122,4.234279140304489,1969.5066556027548,6.0,1048.126096255635,56.583333333333336,962.0482611995177,53.333333333333336
2,155,phi+0.90,0,0.2716773693921028,18.51940370029946,2709.99286614516,6.0,1115.205689612884,57.5,967.7465508414325,52.75
2,155,phi+0.90,1,0.16246470382422237,12.728024551413487,2325.5973981439306,6.0,1106.9301767643897,58.416666666666664,970.512390114136,52.166666666666664
2,155,phi+0.90,2,0.18010763009469746,13.32371155817267,2452.2451500480533,6.0,1082.2369036168961,57.5,971.8319551964768,55.0
2,155,phi+0.99,0,0.7452846972082436,77.19045118900684,2004.493999483838,6.0,1033.1434841830803,56.333333333333336,937.7152056221806,52.75
2,155,phi+0.99,1,0.7191001053434285,78.44410583773318,2522.1424608574794,6.0,1150.1740080604256,58.166666666666664,986.0643777127889,54.0
2,155,phi+0.99,2,0.6241854077960362,58.907882221487945,3135.317879568521,6.0,1247.8397972074083,59.25,1002.3589675181242,52.75
2,155,sorted,0,0.9532098844338346,111.99344226003775,1654.898715871808,6.0,1011.939132979994,56.416666666666664,922.8164449841157,53.333333333333336
2,156,real,0,-0.015435893628115885,1.7811899000276303,2995.0523639661164,7.666666666666667,1131.9371702483354,65.66666666666667,1053.6550829569169,62.416666666666664
2,156,phi-0.60,0,0.0044599620403903825,1.0,2639.1803073627593,7.25,1131.1106791004152,65.75,1049.8398143559,62.0
2,156,phi-0.60,1,0.0039056350752456953,1.0,2973.415665978608,7.5,1127.9000332442704,64.83333333333333,1058.1587877706258,62.666666666666664
2,156,phi-0.60,2,0.00014165905468394813,1.0,2295.732571391791,7.416666666666667,1123.465334781396,66.91666666666667,1038.0128902946178,61.583333333333336
2,156,phi-0.30,0,-0.002548397537881135,1.0,2464.6787506473997,7.333333333333333,1117.744002125253,65.66666666666667,1025.143543152349,60.5
2,156,phi-0.30,1,0.012573794354772565,1.0,2587.5560252743667,7.416666666666667,1120.8136361959891,64.66666666666667,1040.998530514469,62.0
2,156,phi-0.30,2,0.01585095973054339,1.0,3071.686469094002,7.5,1153.047149501301,66.08333333333333,1055.8848831477176,62.166666666666664
2,156,phi+0.00,0,0.0018783350289213014,1.1090181784804543,3143.9241184386337,7.583333333333333,1153.4620909918424,67.25,1045.7514583985198,62.083333333333336
2,156,phi+0.00,1,-0.009781031305751458,1.082590751823636,2262.026651737922,7.25,1141.3413736642876,66.0,1025.2025813736739,61.5
2,156,phi+0.00,2,0.0021007910237984505,1.12124338930209,2816.57365607435,7.5,1117.1850817181464,64.08333333333333,1032.1442460157746,62.166666666666664
2,156,phi+0.30,0,0.0056613826965349065,1.5967943734972856,2415.642295105168,7.416666666666667,1129.6101836829514,66.16666666666667,1039.8365655721202,62.0
2,156,phi+0.30,1,0.006559475194571406,1.3948248259741582,2431.3558023384044,7.25,1113.5166434070322,64.91666666666667,1033.4931244606335,61.0
2,156,phi+0.30,2,0.0014471280375027453,1.435105045157214,2408.5101369243434,7.416666666666667,1147.4771279767626,66.83333333333333,1035.1260436072891,61.25
2,156,phi+0.60,0,0.035736581264606465,2.7917111371582934,2689.936679866108,7.333333333333333,1122.1728672651395,64.66666666666667,1053.5234225190195,61.916666666666664
2,156,phi+0.60,1,0.0162878152813817,2.611855125377468,2980.30391138105,7.333333333333333,1137.991082595435,65.58333333333333,1054.6756598902714,62.166666666666664
2,156,phi+0.60,2,0.029403615073841628,2.8890866965371558,2420.440319423257,7.5,1127.2173203129043,66.41666666666667,1036.3156332934589,61.0
2,156,phi+0.90,0,0.13249934220348145,10.282756741400233,2246.6912188487254,7.25,1137.1699497858579,65.83333333333333,1048.7798430449975,62.166666666666664
2,156,phi+0.90,1,0.24282499262009782,19.152421403083274,2401.318781858769,7.416666666666667,1128.9688827083955,63.75,1037.7469097040182,60.25
2,156,phi+0.90,2,0.16750237349358324,12.940007978636807,2139.7917121767437,7.25,1112.3366433057138,64.5,1034.6740928889092,60.666666666666664
2,156,phi+0.99,0,0.8691664944462483,94.80118862887697,4836.32249767134,6.833333333333333,1875.3351363135407,62.083333333333336,1369.748852190762,59.25
2,156,phi+0.99,1,0.5331833160217258,42.43304284795876,2007.4122949755254,6.583333333333333,1095.1381253851644,64.25,997.6955046254456,58.5
2,156,phi+0.99,2,0.6519088967355325,58.55628228457845,1839.0048050019166,6.333333333333333,1093.2187750202445,61.583333333333336,1009.7618097913916,58.416666666666664
2,156,sorted,0,0.9487569364381606,108.30951464684307,1621.1663050504915,6.333333333333333,1020.1703701316474,58.833333333333336,975.6110690617701,57.833333333333336
2,157,real,0,0.001209685072638976,1.867651734189601,2115.0169772852237,9.833333333333334,1067.0710884692983,65.66666666666667,980.9386689211195,56.916666666666664
2,157,phi-0.60,0,0.0001163476152273524,1.0,2061.451519800097,9.75,1087.7058453446973,64.41666666666667,971.9530094270004,56.25
2,157,phi-0.60,1,-0.003532327003814471,1.0,2079.0578731304818,10.333333333333334,1099.228735746464,66.5,955.3538892583839,55.833333333333336
2,157,phi-0.60,2,-0.0012377572199200007,1.0,1894.7164115316282,10.333333333333334,1067.0421557405666,65.16666666666667,971.6576271564799,57.166666666666664
2,157,phi-0.30,0,-0.0009573836480014625,1.0,1933.5770986284952,10.0,1070.5910343849794,65.5,965.1078236275107,56.0
2,157,phi-0.30,1,0.0025964900311564406,1.0,2102.1640775569304,10.416666666666666,1092.292271316529,66.08333333333333,960.8811543880253,55.25
2,157,phi-0.30,2,-0.0016787964822278841,1.0,2692.0921285194945,10.25,1104.6160121220198,67.08333333333333,997.5589224374863,57.166666666666664
2,157,phi+0.00,0,-0.002544323605602369,1.0107842056802052,1827.4873980133934,10.25,1097.457681545198,67.41666666666667,972.5788082421699,57.166666666666664
2,157,phi+0.00,1,-0.003225484087105655,1.0207845152251867,2091.5882314204223,9.916666666666666,1097.840623411202,66.5,965.0483003830012,55.5
2,157,phi+0.00,2,0.009140543134042476,1.0,2491.748475146583,9.75,1088.345807197968,65.08333333333333,980.2212768237381,56.333333333333336
2,157,phi+0.30,0,0.002630332682298074,1.039174241808391,2456.5626849123455,10.583333333333334,1103.6016337104086,65.75,966.927369921089,55.5
2,157,phi+0.30,1,-0.002618909726493459,1.0736218972730172,1879.2904190078464,10.833333333333334,1098.557014013062,66.5,964.156805640525,56.083333333333336
2,157,phi+0.30,2,0.0007107212286388325,1.138981114962728,2171.2973107661214,10.0,1070.9463314287011,64.33333333333333,954.8836260217057,55.416666666666664
2,157,phi+0.60,0,0.006145564111030462,2.074900190276594,2042.7760199133506,9.0,1063.759678914261,64.33333333333333,955.0442619665249,54.25
2,157,phi+0.60,1,-0.005395917747538336,1.136810025592485,2126.00938148648,10.0,1095.947077430938,66.5,969.7977421058732,55.5
2,157,phi+0.60,2,0.0008141231650812082,1.215295388653414,2049.331034979598,10.166666666666666,1083.2424501809533,65.75,977.2351442421685,56.25
2,157,phi+0.90,0,0.03800051438458812,4.2047800011324235,2497.1442728166326,9.916666666666666,1107.5105073905104,64.25,994.5519868577908,56.25
2,157,phi+0.90,1,0.04950360313379894,5.715037238071307,2077.9524913078917,8.833333333333334,1069.7481431243843,63.25,973.720387156913,56.25
2,157,phi+0.90,2,0.05550184691159587,5.540396237747794,2454.0802671791093,8.5,1098.6669119420837,64.16666666666667,965.8210932869957,54.916666666666664
2,157,phi+0.99,0,0.1295501090869969,14.681811461754508,2681.7740042881555,8.416666666666666,1207.3395554433434,61.416666666666664,1027.334810893629,54.416666666666664
2,157,phi+0.99,1,0.1171820817769171,10.959581728155435,1939.2900332234374,8.25,1078.034617945346,62.083333333333336,964.1356114773812,54.25
2,157,phi+0.99,2,0.12034745527499614,12.750105384344023,1659.597344683624,8.25,1024.5905227672936,61.0,953.395212482454,54.833333333333336
2,157,sorted,0,0.115661574251153,12.842437024259304,1565.7864595911662,8.166666666666666,984.8960337617278,59.0,939.9509973926296,53.75
2,159,real,0,0.06490183220282714,6.316128047948876,1810.6797878181385,12.0,996.8278345358448,57.833333333333336,961.1335805365184,55.166666666666664
2,159,phi-0.60,0,0.002717958225432141,1.0,1833.4321908990494,13.333333333333334,1024.7317871852817,60.0,985.8728090441891,56.666666666666664
2,159,phi-0.60,1,0.0007028989387990485,1.0,2349.7672708518085,13.5,1140.757375439617,60.5,1028.0290687898191,55.333333333333336
2,159,phi-0.60,2,-0.005255842061619996,1.0,1826.6749273468092,13.083333333333334,1026.3182080909726,60.583333333333336,970.9070579432677,55.666666666666664
2,159,phi-0.30,0,0.0009334459001492143,1.0,2113.3626591825578,13.5,1032.8819512178823,60.666666666666664,976.8948888155941,55.5
2,159,phi-0.30,1,-0.0013701256066408953,1.0,1931.1934436635438,12.916666666666666,1026.3426073656124,60.5,980.6151349751844,56.75
2,159,phi-0.30,2,-0.005686274260518218,1.0,2064.769519619205,13.75,1021.1754621148133,59.75,975.4183674164807,55.75
2,159,phi+0.00,0,-0.006321555976056265,1.0,1790.3619524120252,13.666666666666666,1017.0431381538539,60.166666666666664,989.0271220210763,56.333333333333336
2,159,phi+0.00,1,-0.001281498624031934,1.0,1849.5667157516411,13.666666666666666,1018.9185188554543,59.916666666666664,985.9546399218283,56.0
2,159,phi+0.00,2,-0.00443308580626332,1.0,1870.721463815106,12.916666666666666,1023.6708205697028,60.25,979.8392607419959,56.25
2,159,phi+0.30,0,-0.0011068728065684766,1.501089223163854,2126.2582468370006,12.166666666666666,1017.6674584003025,59.583333333333336,965.259215293655,55.416666666666664
2,159,phi+0.30,1,-0.0038989877792722414,1.0,2130.5587051808525,13.166666666666666,1019.248856402969,59.5,971.6151475551445,55.666666666666664
2,159,phi+0.30,2,-0.004263570276100216,1.2329942068620374,2013.4224025309152,13.333333333333334,1029.0543372099257,60.333333333333336,987.8029538792226,56.666666666666664
2,159,phi+0.60,0,0.0013914736504693384,1.1861317081078127,1838.0267284322135,13.333333333333334,1021.8789357936181,60.083333333333336,971.9573637293106,56.083333333333336
2,159,phi+0.60,1,0.007122733861918426,2.956910816442014,2110.9210458664584,12.833333333333334,1022.9613257358855,59.333333333333336,985.2124192111486,56.0
2,159,phi+0.60,2,0.005651993176877112,1.9304714866733463,1874.0999713769309,13.166666666666666,1009.6137048654103,59.0,972.9614114818008,56.166666666666664
2,159,phi+0.90,0,0.011324850104893609,2.8228633082911063,2062.4622425711996,12.833333333333334,1033.991958402749,60.25,973.8133460483131,55.666666666666664
2,159,phi+0.90,1,0.09431664590365342,8.203763328397118,1881.6346870612667,11.75,992.7108860194612,57.416666666666664,963.8377992528127,55.166666666666664
2,159,phi+0.90,2,0.1470532047529919,11.067505547984698,1721.9293488811097,11.5,983.6449726025943,56.916666666666664,959.436089568933,55.0
2,159,phi+0.99,0,0.06048961014770321,5.130129593283928,1976.160569243858,11.75,1004.2373688311536,57.583333333333336,965.8515243967287,54.416666666666664
2,159,phi+0.99,1,0.09830865633447983,8.454955707780844,1937.8907260196704,12.25,1015.6369544160503,58.666666666666664,980.7523853473555,55.416666666666664
2,159,phi+0.99,2,0.17730844170241325,13.115915924098328,1694.7200826068995,11.25,981.9041854541333,56.583333333333336,953.1773829116925,54.5
2,159,sorted,0,0.23240215707109127,16.302776750931734,1686.3867492735662,10.416666666666666,973.8056888018651,55.916666666666664,948.7860582292641,54.083333333333336
2,160,real,0,0.05016544634220535,1.931752381826185,2224.473490018436,6.166666666666667,1100.0575602402857,59.166666666666664,969.9840059624045,52.083333333333336
2,160,phi-0.60,0,0.004555000350976325,1.0,2182.65637197211,6.083333333333333,1125.557260273654,61.0,966.2227587202225,51.916666666666664
2,160,phi-0.60,1,0.003973950844254384,1.0,1913.4127449235618,6.416666666666667,1092.084006512013,59.416666666666664,964.5257684081151,53.25
2,160,phi-0.60,2,0.010360325338169532,1.0,2208.8114276993115,6.083333333333333,1135.8423011940604,60.0,955.6338820896491,51.833333333333336
2,160,phi-0.30,0,-0.00260413841203129,1.0,2341.7303748370446,6.166666666666667,1135.4960044187494,59.416666666666664,969.9165025111666,52.083333333333336
2,160,phi-0.30,1,0.008555702276713031,1.0,1994.440342889381,6.083333333333333,1133.5465523374685,61.666666666666664,950.9275501424686,50.916666666666664
2,160,phi-0.30,2,-0.000967573080098121,1.0,2018.4349849462615,6.083333333333333,1136.1027640996836,61.0,962.9621129371623,51.916666666666664
2,160,phi+0.00,0,-0.0009519784797393434,1.07994251495242,2081.62016831014,6.0,1082.8272260323556,59.416666666666664,973.0308997337287,53.25
2,160,phi+0.00,1,-0.003725816799815711,1.0888496830803733,1978.1968954997656,6.083333333333333,1103.9145131077473,60.75,980.7169108580218,52.416666666666664
2,160,phi+0.00,2,-0.001152960821457545,1.0651862388518765,2318.379065571425,6.083333333333333,1139.9119904695629,61.416666666666664,957.269676836282,51.666666666666664
2,160,phi+0.30,0,0.006547517859259512,1.8981130363273389,2659.2362291922927,6.0,1122.8431036594584,59.25,980.1667957290484,53.166666666666664
2,160,phi+0.30,1,0.016899440145026843,1.7890899546768386,2171.2768880572135,6.25,1110.7730136904222,59.833333333333336,973.4300859297205,52.583333333333336
2,160,phi+0.30,2,0.0023866639673962007,1.662235328565758,2101.4766896382475,6.083333333333333,1120.5633191594625,60.416666666666664,969.1981151298046,52.916666666666664
2,160,phi+0.60,0,0.024291063788653647,2.996896075780205,2374.5474559509025,6.083333333333333,1114.7022131973822,59.0,967.09662507619,51.75
2,160,phi+0.60,1,0.0236704613620109,3.444588250345837,2245.5904701701756,6.083333333333333,1120.050874973774,60.25,976.8494995994902,52.916666666666664
2,160,phi+0.60,2,0.03670337745381749,4.282655948063253,2090.6559762806405,6.166666666666667,1109.9127851466058,60.25,961.9958517001154,51.5
2,160,phi+0.90,0,0.15240723763200406,12.848341947135355,2189.6679632894125,6.083333333333333,1147.2937743660593,59.25,984.5574844033863,52.166666666666664
2,160,phi+0.90,1,0.3120793022277793,29.36904786958967,2130.7179000274996,6.166666666666667,1138.2058805539561,59.833333333333336,990.4626799708395,53.583333333333336
2,160,phi+0.90,2,0.22869895109402105,16.210787819660553,2115.305454772597,6.416666666666667,1107.259619086942,59.0,963.4004888166702,52.416666666666664
2,160,phi+0.99,0,0.7327371391128149,77.01369568765503,2088.4526793403547,6.083333333333333,1137.9662978961562,57.166666666666664,969.8512915937627,51.416666666666664
2,160,phi+0.99,1,0.6163031407099478,54.72431162989925,1942.4051746523558,6.0,1127.2802292777455,59.666666666666664,985.8030854652849,52.083333333333336
2,160,phi+0.99,2,0.7019449981309752,65.86359595994467,2599.440731500243,6.083333333333333,1223.0197461333971,58.0,1008.9086761186641,52.25
2,160,sorted,0,0.8669838588747976,97.22261047472139,1658.418419149962,6.0,1032.1114116160732,57.0,928.4906912648443,49.916666666666664
2,161,real,0,0.07797970266176979,4.062836553904383,1831.9616681675695,8.166666666666666,1097.9060445966045,66.33333333333333,1026.4782509236309,59.416666666666664
2,161,phi-0.60,0,-0.0019144987251018839,1.0,2409.4916399952276,8.5,1126.7832912023382,69.0,1030.6759886781049,58.416666666666664
2,161,phi-0.60,1,-0.0010494988916122073,1.0,2615.7358580457253,9.083333333333334,1129.1824611206862,68.41666666666667,1026.2708667519346,59.583333333333336
2,161,phi-0.60,2,0.007267086520225884,1.0,2170.389607500488,9.083333333333334,1114.8319000818299,68.25,1033.4706672774048,59.916666666666664
2,161,phi-0.30,0,0.011879455976962968,1.0,2359.855416693182,8.833333333333334,1121.9487509859857,67.58333333333333,1022.4677137915725,57.75
2,161,phi-0.30,1,-0.0017921029538466788,1.0,2242.6223368374294,9.416666666666666,1117.7599176007386,68.33333333333333,1026.194031593747,58.333333333333336
2,161,phi-0.30,2,0.0019258436089105923,1.0,2359.223246343518,8.75,1126.2576217337091,68.08333333333333,1009.2797938755535,58.5
2,161,phi+0.00,0,0.0003570111838018961,1.0,2355.530929873718,8.333333333333334,1098.209115008063,66.0,1024.8724247665857,57.583333333333336
2,161,phi+0.00,1,-0.002055546114713309,1.0893515566865792,2434.1256209610515,9.333333333333334,1129.5831957289276,69.0,1034.572086102045,58.916666666666664
2,161,phi+0.00,2,0.00800929696751441,1.0,2131.789528300311,9.0,1115.242717630805,67.0,1017.7817165156142,57.583333333333336
2,161,phi+0.30,0,-0.004940157031068938,1.6779016336659027,2147.788309913064,8.916666666666666,1130.1166141047863,68.66666666666667,1060.5776387744172,61.75
2,161,phi+0.30,1,-0.004084874259696625,1.473470660153725,2978.4825797178733,9.416666666666666,1128.049985752524,67.66666666666667,1035.611539339842,59.0
2,161,phi+0.30,2,-0.0012768695289662806,1.2715685409530069,2365.8228285249756,9.0,1124.8339867939449,67.41666666666667,1029.683032313579,58.75
2,161,phi+0.60,0,0.030885399438432604,3.056611209172806,2681.3318037799268,8.583333333333334,1156.6833483229866,67.58333333333333,1039.4248529656977,58.416666666666664
2,161,phi+0.60,1,0.011266581331573228,2.9700226599215025,2287.9371433731885,9.0,1130.0933825089517,68.91666666666667,1038.9273638277862,58.916666666666664
2,161,phi+0.60,2,0.003997749323814714,2.1281036473799255,2243.6042865540826,9.083333333333334,1103.0955749697168,66.66666666666667,1025.4180115132697,59.083333333333336
2,161,phi+0.90,0,0.10323418283221637,8.377798955704431,3028.171581483766,9.083333333333334,1139.838632573927,68.08333333333333,1040.4874307681205,58.166666666666664
2,161,phi+0.90,1,0.11062815224211449,9.918240266185624,2016.2627611971204,8.75,1114.7563462378346,67.25,1025.6413876960796,59.0
2,161,phi+0.90,2,0.18468257947462005,13.33008959138889,2653.335732024116,9.166666666666666,1184.2029007821475,68.0,1056.2649149739686,57.666666666666664
2,161,phi+0.99,0,0.3840667031499009,30.252226621050966,1765.8511583338989,8.666666666666666,1094.326823952045,65.5,1008.8110666511515,55.833333333333336
2,161,phi+0.99,1,0.5608877330592236,50.67277837320827,1780.04239510569,7.5,1120.94587556102,63.583333333333336,1010.4537670286117,56.166666666666664
2,161,phi+0.99,2,0.5504700967378064,50.22940711149107,2281.6974443445856,7.333333333333333,1236.874499796434,63.916666666666664,1063.0349845523315,55.916666666666664
2,161,sorted,0,0.503914929346125,48.557032775548834,1634.804898790605,8.166666666666666,1016.2521762839323,60.5,967.873130342147,53.833333333333336
2,163,real,0,0.23462203235097895,27.329435178077514,1715.5141074332134,6.75,1066.528411427487,63.083333333333336,974.3347303812492,55.333333333333336
2,163,phi-0.60,0,0.0006458716911623524,1.0,2286.900931552121,7.083333333333333,1116.355054196444,65.33333333333333,999.9903348411432,56.5
2,163,phi-0.60,1,0.010741449271284887,1.0,2277.4894433074223,6.75,1130.1595911077184,66.16666666666667,987.4172177171904,55.5
2,163,phi-0.60,2,0.004535594684674583,1.0,2086.2636385887404,6.833333333333333,1097.982780036609,65.08333333333333,971.7469740006263,55.333333333333336
2,163,phi-0.30,0,-0.0018406840645216111,1.0,2074.0725912573316,6.833333333333333,1113.0559659306662,65.08333333333333,984.581335451095,56.083333333333336
2,163,phi-0.30,1,-0.0005194610962493245,1.0,2168.952505925429,6.666666666666667,1121.5967066440635,65.66666666666667,1002.4999647270726,56.75
2,163,phi-0.30,2,-6.0753694431662875e-05,1.0,2107.700891050752,6.666666666666667,1119.7327476975524,64.66666666666667,996.5253296517676,55.583333333333336
2,163,phi+0.00,0,-0.0010980816278046521,1.0303012226100172,2132.628895554189,6.833333333333333,1106.5942930228887,64.41666666666667,986.1796571354294,54.75
2,163,phi+0.00,1,-0.00513834181533223,1.0,1781.6361348661928,7.083333333333333,1114.5178907186523,64.58333333333333,1001.6606969642677,56.666666666666664
2,163,phi+0.00,2,-0.0012877080745971766,1.0766186968772717,2214.9801251698113,6.833333333333333,1134.4884357155336,66.41666666666667,998.159629480392,56.666666666666664
2,163,phi+0.30,0,-0.006121890904120046,1.458201331848566,2248.967903291805,7.0,1141.453484456021,66.5,1004.3105240341534,56.666666666666664
2,163,phi+0.30,1,0.003911753863083225,1.7792739807809534,2987.207591507768,6.666666666666667,1106.1428960914307,63.083333333333336,1013.6937458264798,56.75
2,163,phi+0.30,2,0.0010813309466228727,2.081862005947493,2061.0097091212456,6.916666666666667,1138.6342890893575,67.25,1005.3092937625075,57.333333333333336
2,163,phi+0.60,0,0.03379800849458392,3.9650067466713397,2491.2150102441124,6.25,1096.6968405799496,62.75,994.3788415114783,56.25
2,163,phi+0.60,1,0.012009951543534432,3.6019443896599226,2324.3254237503925,6.833333333333333,1110.6001537285465,64.25,994.5297852498824,56.333333333333336
2,163,phi+0.60,2,0.027926808951853486,3.5212538472664736,2054.6593840113537,6.916666666666667,1118.8568698663319,64.58333333333333,984.7346420760045,54.75
2,163,phi+0.90,0,0.18902703323577794,14.694125785139805,1880.8747181034225,6.583333333333333,1111.2431674002614,63.0,975.4191183275329,54.25
2,163,phi+0.90,1,0.20635683019511958,16.446958292284187,1909.500789669399,6.416666666666667,1093.6136774029997,63.25,994.7512763538671,55.5
2,163,phi+0.90,2,0.26207930695739906,17.88643801730661,2326.86327497715,6.75,1131.8092280671844,62.583333333333336,1000.0712890778019,54.833333333333336
2,163,phi+0.99,0,0.6772191845495285,63.608254585542944,2876.164428944307,6.333333333333333,1214.973740566795,61.666666666666664,1043.8732166303223,55.75
2,163,phi+0.99,1,0.6348562690962831,53.51628049922776,3296.9561050664993,6.333333333333333,1278.3894557788556,61.333333333333336,1060.5596645699968,55.666666666666664
2,163,phi+0.99,2,0.5794839461421218,51.35142101544373,3021.9531528551033,6.25,1216.8426103898198,62.25,1031.3102438370913,53.75
2,163,sorted,0,0.8278692892408797,89.70376481762172,1614.479360551208,6.416666666666667,1009.4450040279635,58.583333333333336,951.4445714566945,53.75
2,162,real,0,0.310808726555938,1.851593188916677,2182.163841644183,6.0,1081.5666675775894,51.75,948.6429665935289,48.5
2,162,phi-0.60,0,0.007215370912386937,1.0,2158.3573408862894,6.0,1046.6895348839619,51.25,941.6315271935347,48.75
2,162,phi-0.60,1,0.00613388461878965,1.0,2159.638431669406,6.0,1050.7146556656694,51.583333333333336,943.6705741971591,48.75
2,162,phi-0.60,2,0.001585470922663185,1.0,2185.1512000827433,6.0,1058.8005194920481,51.666666666666664,942.6763646229389,49.416666666666664
2,162,phi-0.30,0,0.005841162879661599,1.0,2141.091346609419,6.0,1073.5134279126169,52.166666666666664,953.0828886022482,49.916666666666664
2,162,phi-0.30,1,-0.0069556672951697224,1.0,2079.5632523140434,6.0,1054.6249241366054,51.416666666666664,949.1349747196036,49.5
2,162,phi-0.30,2,-0.0035912269391870258,1.0,2062.6343721601693,6.0,1041.5034559734854,51.5,955.8430764789409,49.083333333333336
2,162,phi+0.00,0,0.0015572318843002555,1.0,2170.1197129707384,6.0,1052.2535801669635,52.0,957.8724420647508,49.833333333333336
2,162,phi+0.00,1,-0.0038636992215377443,1.0904410641574118,2110.4843655121367,6.0,1062.7713309456663,52.25,948.4492583191178,49.75
2,162,phi+0.00,2,-0.0010911766599235987,1.0,2166.1736627544738,6.0,1044.8453196346811,51.25,961.1290030551835,50.333333333333336
2,162,phi+0.30,0,0.006481844671983736,1.5294822195359687,2103.134475441461,6.0,1034.9796488869347,49.666666666666664,939.9314750470588,48.583333333333336
2,162,phi+0.30,1,-0.0039041981350924006,1.3812688240635673,2144.0566576658466,6.0,1058.1992159125355,52.75,958.7371054544756,50.916666666666664
2,162,phi+0.30,2,0.008391216919538438,1.462032506137362,2144.8012273630893,6.0,1076.368985225001,51.083333333333336,952.2171214283449,49.25
2,162,phi+0.60,0,0.006055641819813309,2.0323784428607534,2091.0696288402332,6.0,1058.7357174808662,50.833333333333336,952.437413304835,49.333333333333336
2,162,phi+0.60,1,0.011763646857106742,2.1573594676044876,2125.688196449448,6.0,1076.5140928502017,51.583333333333336,970.7470302083026,50.083333333333336
2,162,phi+0.60,2,0.011318709813632123,2.21528226844731,1976.268092427725,6.0,1059.547285244297,50.416666666666664,950.6996628524789,49.833333333333336
2,162,phi+0.90,0,0.14927054475879467,11.075655191356672,2120.717629829256,6.0,1062.6417824907137,51.916666666666664,970.3417074721486,50.5
2,162,phi+0.90,1,0.08611524409844197,7.3369482275724,2035.235424698936,6.0,1080.6589395832027,52.583333333333336,955.1228227636349,50.25
2,162,phi+0.90,2,0.09494097672241064,8.253335601730454,2100.8463155831364,6.0,1071.7834558119705,50.666666666666664,944.0861924818868,48.5
2,162,phi+0.99,0,0.5110298451138903,44.51530162277842,2207.569631339266,6.0,1097.5387882393886,50.5,965.4683232124216,49.666666666666664
2,162,phi+0.99,1,0.584174602281578,53.87386605475911,2164.998351983685,6.0,1067.9412701799808,50.5,961.8835774961643,49.583333333333336
2,162,phi+0.99,2,0.5383847949489604,47.309074542890556,2031.6985081349478,6.0,1070.2879957772475,50.75,951.2204168360346,50.0
2,162,sorted,0,0.8816650196049747,97.84929809138336,1878.317435770485,6.0,1004.8802159335028,50.833333333333336,942.3331930411777,49.833333333333336
2,165,real,0,0.0004497463436825333,2.2336147400637816,2296.071211621724,5.916666666666667,1084.0751154560717,54.5,971.1745662764735,52.916666666666664
2,165,phi-0.60,0,0.006698961103939716,1.0,2275.8858589970573,5.916666666666667,1102.7372196323347,56.5,955.2162684600249,52.416666666666664
2,165,phi-0.60,1,0.008653157928027583,1.0,2219.7717632618846,5.916666666666667,1095.6054907759797,56.833333333333336,964.3991716668343,52.583333333333336
2,165,phi-0.60,2,0.003325911281906035,1.0,2522.490645745864,5.916666666666667,1079.9923905226037,55.666666666666664,984.1955828308288,53.0
2,165,phi-0.30,0,0.0010229677222498184,1.0,2437.9414934113483,5.916666666666667,1079.0886694651983,56.25,978.3684193581694,52.583333333333336
2,165,phi-0.30,1,-0.0005396629996370292,1.0,2161.664638080089,5.916666666666667,1081.170216757331,55.583333333333336,974.6405986514075,51.583333333333336
2,165,phi-0.30,2,0.005068540318924933,1.0,2333.219220777726,5.916666666666667,1102.048652263422,54.666666666666664,977.8929882144981,53.166666666666664
2,165,phi+0.00,0,0.004229594683474194,1.0,2410.2330433095635,5.916666666666667,1087.491295559281,56.0,979.830273395948,53.916666666666664
2,165,phi+0.00,1,-0.004030909389714382,1.0,2363.744440068464,5.916666666666667,1085.4032561759534,56.083333333333336,976.6925116129488,52.833333333333336
2,165,phi+0.00,2,0.0010572115877578215,1.1026916383916443,2535.3077863504245,5.916666666666667,1062.0424324781623,54.75,957.0705854483741,52.333333333333336
2,165,phi+0.30,0,-0.0029960934946771625,1.6924550960250095,2356.058566525379,5.916666666666667,1124.9580645893302,56.333333333333336,958.7421231568023,51.75
2,165,phi+0.30,1,-0.001693111505148112,1.5170533660161778,2335.5775307232184,5.916666666666667,1104.9288472029446,55.333333333333336,970.5104021038163,52.166666666666664
2,165,phi+0.30,2,-0.0056178131402083884,1.6729960670339619,2149.542413982079,5.916666666666667,1081.278910534504,56.5,983.9759000973548,53.833333333333336
2,165,phi+0.60,0,0.022847966918478277,3.243861379165099,2287.2778814509124,5.916666666666667,1087.4846402569335,54.916666666666664,982.0188539795603,53.166666666666664
2,165,phi+0.60,1,0.022513667722092845,3.2198517204281583,2357.8285874836133,5.916666666666667,1095.9965028159359,56.333333333333336,972.1819130338304,52.166666666666664
2,165,phi+0.60,2,0.034709076823205336,3.4517956368456235,2342.3681309570134,5.916666666666667,1077.981719156013,55.166666666666664,976.5500798664551,52.416666666666664
2,165,phi+0.90,0,0.2482541709650567,17.137964280006045,2208.1699916058324,5.916666666666667,1109.583821787134,56.25,975.0271650618312,53.833333333333336
2,165,phi+0.90,1,0.1586704746264003,12.224037211455105,2462.3960800392133,5.916666666666667,1122.3301124024676,55.166666666666664,992.4985848448954,53.75
2,165,phi+0.90,2,0.1916437415626808,13.846804507376671,2463.618722990827,5.916666666666667,1102.8480846436066,54.75,979.7384501469019,53.25
2,165,phi+0.99,0,0.7101340336012264,71.28355659303506,2337.811427154735,5.916666666666667,1142.7564672066287,55.5,977.775484233265,52.25
2,165,phi+0.99,1,0.7585427955889773,79.42322906470554,2609.5899141301747,5.916666666666667,1200.4831022991937,53.833333333333336,1003.7589586243854,52.083333333333336
2,165,phi+0.99,2,0.7008502832921452,71.9330291183213,2510.8950601897973,5.916666666666667,1143.6377024606722,54.583333333333336,981.8680135796147,51.666666666666664
2,165,sorted,0,0.9610099992389898,112.0810373259189,1795.9165596949745,5.916666666666667,1012.7152036419325,54.0,949.4701871113199,53.0
2,166,real,0,-0.0058985084717116665,1.7427029196771877,1493.0408352053134,9.5,932.507163309364,52.916666666666664,916.2198429443501,52.416666666666664
2,166,phi-0.60,0,-0.0058985084717116665,1.0,1516.2942054407133,10.416666666666666,939.2266074677809,53.5,928.9696687627107,53.666666666666664
2,166,phi-0.60,1,-0.0015630304381337027,1.0,1513.456404862739,10.166666666666666,940.4485818070317,53.5,926.2600146080495,53.583333333333336
2,166,phi-0.60,2,0.0027724475954442607,1.0,1486.502099517705,9.75,938.4278797958614,53.25,921.1850865514316,52.666666666666664
2,166,phi-0.30,0,-0.0009849667003233081,1.0,1503.0408352053134,10.5,940.0645721155078,53.75,931.1818824551516,54.0
2,166,phi-0.30,1,0.00277244759544426,1.0,1498.0408352053134,10.0,939.2507764635621,53.5,924.5366562232124,53.333333333333336
2,166,phi-0.30,2,-0.0015630304381337023,1.0,1501.3741685386467,10.333333333333334,937.7469692687523,53.5,923.9331422895675,53.25
2,166,phi+0.00,0,-0.000959833494331551,1.0,1504.70750187198,10.666666666666666,942.8670980932972,54.0,930.3207119766261,53.916666666666664
2,166,phi+0.00,1,0.011946067782435312,1.0,1497.480610524114,10.0,936.7362638828623,53.25,923.4954446397605,52.916666666666664
2,166,phi+0.00,2,0.0029986464493700683,1.0,1502.20750187198,10.416666666666666,941.4947288019835,53.666666666666664,928.3332369483683,53.583333333333336
2,166,phi+0.30,0,0.011443403662600186,1.0,1493.0408352053134,9.5,932.4797211657456,52.833333333333336,919.7487431282656,52.75
2,166,phi+0.30,1,-0.001563030438133703,1.0,1500.5408352053134,10.25,937.5491258752659,53.416666666666664,923.9489472114739,53.166666666666664
2,166,phi+0.30,2,0.003074046067345336,1.0,1498.0408352053134,10.0,936.4766882841882,53.333333333333336,925.3776272317965,53.333333333333336
2,166,phi+0.60,0,-0.0015630304381337031,1.0,1502.20750187198,10.416666666666666,945.3485817583537,54.25,926.3159623265828,53.5
2,166,phi+0.60,1,0.007107925629022222,1.7310242109266065,1492.20750187198,9.416666666666666,930.897905448841,52.833333333333336,917.5467180263028,52.666666666666664
2,166,phi+0.60,2,-0.0015630304381337023,1.0,1499.70750187198,10.166666666666666,939.201712603035,53.416666666666664,925.6439185773473,53.416666666666664
2,166,phi+0.90,0,0.02444983776333408,1.9824819368741284,1491.3741685386467,9.333333333333334,931.2243588918092,52.583333333333336,918.0145643509987,52.666666666666664
2,166,phi+0.90,1,0.02444983776333407,4.222218701145055,1479.6601077033895,7.833333333333333,918.8812259364573,51.0,909.7930523395686,51.333333333333336
2,166,phi+0.90,2,0.024449837763334082,3.70759918874382,1482.20750187198,8.416666666666666,922.9069481218556,51.666666666666664,908.6680378138425,51.75
2,166,phi+0.99,0,0.08514653023342555,7.958947057083703,1472.20750187198,7.416666666666667,916.6868997184088,51.416666666666664,899.4656364790047,50.75
2,166,phi+0.99,1,0.03941666193142496,2.7251679553809103,1486.448703895029,8.083333333333334,935.2371668005566,51.583333333333336,915.2068206961111,51.166666666666664
2,166,phi+0.99,2,0.08514653023342555,7.958947057083703,1469.70750187198,7.166666666666667,907.8431901721079,50.5,896.8532368053078,50.5
2,166,sorted,0,0.09044963669768613,7.999763383614316,1469.70750187198,7.166666666666667,912.6174677168906,51.0,896.695500194654,50.583333333333336
