day,k,variant,algo,forecaster,trigger,cost_real,perm_mean,perm_sd,perm_min,perm_max,gap,z,p_lo,p_hi,sham_gap,sham_p_lo,sham_p_hi,gap_half_a,gap_half_b,nfac_real,nfac_perm,serve_real,serve_perm
2,0,dwell5,thr,naive,orchestration,1691.7427864481333,1697.4929990880714,3.0407227916353903,1683.6959600337625,1701.7427864481333,-0.3387473552484317,-1.891067694745529,0.04878048780487805,0.975609756097561,0.1030806819823054,0.8292682926829268,0.34146341463414637,-0.49713308550622665,-0.1694429555032959,8.5,9.109375,1606.7427864481333,1606.3992490880714
2,0,dwell5,mey,naive,orchestration,953.8653983762526,960.1437580542795,2.041496763722776,955.1153983762526,963.294977561503,-0.6538978799122613,-3.0753708698405813,0.024390243902439025,1.0,0.12723514700015287,0.7317073170731707,0.3902439024390244,-0.9884356908949842,-0.3130019971160201,52.75,53.30625,426.36539837625264,427.0812580542795
2,0,dwell5,trust,naive,orchestration,970.253733632025,977.293846782075,2.2566711030157367,972.8511499034499,981.5373643047288,-0.7203681035372154,-3.1196895022237716,0.024390243902439025,1.0,0.10561727643803236,0.6341463414634146,0.3902439024390244,-0.9077207367700675,-0.5287004450386968,55.875,56.503125,411.50373363202505,412.262596782075
2,1,signed,thr,seasonal60,timer,1826.1201017174733,1824.5808379071739,6.196522178869998,1792.4270973919236,1839.5903367411104,0.08436259870321665,0.24840769803879217,0.6585365853658537,0.4146341463414634,0.1528714843623345,0.9024390243902439,0.36585365853658536,0.09733196373623326,0.07180646725919068,11.625,11.546875,1709.8701017174733,1709.1120879071739
2,1,signed,mey,seasonal60,timer,950.6126842313781,951.1867525369009,2.385517875262301,943.8707683343441,956.1189318452833,-0.06035284911104183,-0.24064724539517132,0.4634146341463415,0.5609756097560976,0.1963242859502015,0.8048780487804879,0.2926829268292683,-0.009003373330938898,-0.11137964526651027,54.125,54.103125,409.3626842313781,410.15550253690094
2,1,signed,trust,seasonal60,timer,924.784263801375,925.3954044279269,3.782451439862097,916.046636804077,932.6252120458084,-0.06604102674679953,-0.1615726298852847,0.4146341463414634,0.6097560975609756,0.19804123313248423,0.7073170731707317,0.3170731707317073,-0.3416461850660595,0.20514347721000076,54.75,54.88125,377.284263801375,376.5829044279269
2,0,signed,thr,naive,orchestration,1748.3801205758205,1749.5453031739642,4.81368182295449,1741.0730851003677,1775.8205595579134,-0.06659916699669724,-0.24205642188218998,0.21951219512195122,0.8048780487804879,0.015877378305073592,0.8780487804878049,0.5121951219512195,-0.22003967794665982,0.11520807615741714,9.5,9.628125,1653.3801205758205,1653.2640531739642
2,0,signed,mey,naive,orchestration,929.4595658534913,928.6653078399671,2.333388393871824,920.729144209719,932.82281567156,0.08552683155265134,0.34038825924143573,0.6341463414634146,0.3902439024390244,-0.032501187276441176,0.4634146341463415,0.5609756097560976,-0.22903646597819802,0.3833893543617215,51.875,51.725,410.7095658534913,411.4153078399671
2,0,signed,trust,naive,orchestration,916.1933848743595,918.9832901280618,1.9789233779040385,913.4006332175123,921.9657911158952,-0.3035860699179302,-1.409809639349038,0.0975609756097561,0.926829268292683,0.07119729377931137,0.6097560975609756,0.4634146341463415,-0.9296127390735205,0.34651231675163835,51.125,51.45625,404.9433848743595,404.42079012806175
2,0,f50,thr,naive,orchestration,2055.955028953404,2065.847329817757,21.103630700809035,1991.906319154778,2105.955028953404,-0.47884956073813495,-0.4687487667216232,0.34146341463414637,0.8536585365853658,-0.17631026319230148,0.3902439024390244,0.6829268292682927,-0.4486811750752818,-0.5141288585583627,8.75,8.990625,1618.455028953404,1616.3160798177569
2,0,f50,mey,naive,orchestration,2122.025973297802,2118.499559548918,11.61898682613913,2090.775973297802,2147.025973297802,0.166458082702399,0.30350441063850386,0.7317073170731707,0.43902439024390244,0.13500340164442037,0.5853658536585366,0.43902439024390244,0.3919591839322506,-0.05606712596424046,24.875,24.7875,878.275973297802,879.1245595489181
2,0,f50,trust,naive,orchestration,2103.2164119221475,2099.685471854644,13.652846860337982,2067.7029386144386,2129.855317935809,0.16816519020748313,0.25862298930201594,0.6829268292682927,0.43902439024390244,-0.4271620703540141,0.34146341463414637,0.8292682926829268,0.5389276822578283,-0.22371152917038392,22.5,22.40625,978.2164119221475,979.3729718546442
2,0,dwell200,thr,naive,orchestration,1797.9573398284638,1807.1045502050197,46.62340444912654,1760.730478226374,2089.928305853164,-0.506180473925437,-0.1961935316529051,0.36585365853658536,0.7804878048780488,0.04719093996788095,0.9512195121951219,0.07317073170731707,-0.8911002442940279,-0.19768639554787903,7.625,7.865625,1721.7073398284638,1728.4483002050197
2,0,dwell200,mey,naive,orchestration,817.5309673790841,823.0894261710321,3.767463564025731,816.3989693358703,830.1620454979303,-0.6753165106014779,-1.4753848836187389,0.0975609756097561,0.926829268292683,0.24986666994912574,0.6829268292682927,0.34146341463414637,-0.5319766168508574,-0.8151057695337338,43.625,44.090625,381.28096737908413,382.1831761710321
2,0,dwell200,trust,naive,orchestration,797.0534738225446,803.9816614608895,3.6445268222722738,798.0340693953257,811.5406693227958,-0.8617345358047086,-1.900984126665152,0.024390243902439025,1.0,0.8187757596677352,0.9512195121951219,0.07317073170731707,-0.6386284897171188,-1.071949057465912,44.125,44.7625,355.80347382254456,356.35666146088954
2,0,f2,thr,naive,orchestration,1754.7351879279936,1754.6953642427447,8.403338112900046,1704.2812219382763,1766.4719741679576,0.0022695498067856544,0.00473903164597344,0.1951219512195122,0.926829268292683,0.05925949919504083,0.5853658536585366,0.4878048780487805,-0.07699313580077838,0.06983117977551533,8.375,8.809375,1737.9851879279936,1737.0766142427447
2,0,f2,mey,naive,orchestration,396.5109010947668,397.68468606955634,1.5879579175241685,396.0416349138485,404.738954570449,-0.29515468307076237,-0.7391788924857893,0.14634146341463414,0.8780487804878049,-0.330136641975596,0.0975609756097561,0.926829268292683,-0.11004529036583313,-0.47115329821277513,116.875,117.14375,162.76090109476678,163.39718606955634
2,0,f2,trust,naive,orchestration,394.5574257437476,396.25045726224755,1.6887114301486381,393.7153922469791,403.54584588871546,-0.4272629816498733,-1.002558215852733,0.04878048780487805,0.975609756097561,-0.30011627152022424,0.0975609756097561,0.926829268292683,-0.23674070653441895,-0.6147295859155087,114.875,115.375,164.80742574374761,165.50045726224755
2,1,dwell5,thr,seasonal60,timer,1810.233495371193,1826.1891438678808,77.09262756465502,1796.785535890172,2300.0446251649923,-0.8737128106508031,-0.20696724188452947,0.21951219512195122,0.8780487804878049,-1.1475070130087235,0.07317073170731707,0.975609756097561,-0.6639206725564445,-1.1113801944755346,10.625,10.959375,1703.983495371193,1716.5953938678808
2,1,dwell5,mey,seasonal60,timer,1007.1535143714207,1024.1739055548535,78.73174545068686,1004.404944312012,1509.168699827961,-1.661865342508595,-0.2161820633596068,0.12195121951219512,0.9024390243902439,-1.99923723048531,0.024390243902439025,1.0,-1.255618073058765,-2.0659793805317057,57.375,57.728125,433.40351437142067,446.8926555548535
2,1,dwell5,trust,seasonal60,timer,950.1951676662745,957.752741583351,38.41557439994355,942.6951676662745,1193.5353611799178,-0.7890944696835207,-0.1967320295251821,0.3170731707317073,0.7073170731707317,-1.0921277109222005,0.12195121951219512,0.9024390243902439,-1.1336956522923742,-0.46247081512972166,53.5,53.525,415.19516766627453,422.50274158335105
2,1,f50,thr,seasonal60,timer,2132.4254384661103,2151.269964993541,18.128359643169794,2107.4254384661103,2176.1754384661103,-0.8759721854568551,-1.0395053329897324,0.24390243902439024,0.8536585365853658,-1.1664982515342368,0.17073170731707318,0.9512195121951219,-1.5027237422472626,-0.2175213451442241,10.125,10.496875,1626.1754384661103,1626.4262149935412
2,1,f50,mey,seasonal60,timer,2055.772387347044,2076.3033009308433,13.23069017251384,2049.1860297133635,2106.14026747791,-0.9888205434434785,-1.5517643687591816,0.07317073170731707,0.9512195121951219,-1.0050203748231121,0.07317073170731707,0.9512195121951219,-0.6311998110469479,-1.3617455114895813,22.875,23.253125,912.0223873470441,913.6470509308433
2,1,f50,trust,seasonal60,timer,2182.0666515090243,2184.284857781412,15.756070356511097,2157.0666515090243,2225.653910216087,-0.10155297577078856,-0.1407842325019259,0.5121951219512195,0.5853658536585366,-1.1645539616977487,0.04878048780487805,0.975609756097561,-0.8653738428687737,0.7012260728309779,24.125,24.0875,975.8166515090243,979.909857781412
2,1,f2,thr,seasonal60,timer,1478.8260778265712,1480.8796276945807,6.6012975600734,1467.0593637337065,1507.8965700316708,-0.13867095134574764,-0.3110827605211917,0.2682926829268293,0.8048780487804879,-0.07114351823784605,0.7804878048780488,0.36585365853658536,-0.07800618863422949,-0.19457723595349302,10.5,10.715625,1457.8260778265712,1459.4483776945806
2,1,f2,mey,seasonal60,timer,397.02955892247826,398.32734582710634,2.038443991525879,396.37583968561455,406.40122739500634,-0.32580914120603366,-0.6366556599166717,0.1951219512195122,0.8292682926829268,-0.21768797463838555,0.34146341463414637,0.6829268292682927,-0.1525994340210182,-0.4993118532603581,114.125,114.221875,168.77955892247826,169.88359582710635
2,1,f2,trust,seasonal60,timer,394.18194816520395,395.91192066486445,2.00355544337221,393.2425963030249,403.77185891166135,-0.4369589318642693,-0.863451273775966,0.0975609756097561,0.926829268292683,0.013935397868996882,0.6829268292682927,0.34146341463414637,-0.06683408538377224,-0.8040090826759412,117.125,117.309375,159.93194816520395,161.29317066486445
2,1,dwell200,thr,seasonal60,timer,1727.1877555085898,1734.4755482185806,15.564506209707972,1720.9377555085898,1826.3667710752597,-0.4201726981666471,-0.4682315398766185,0.1951219512195122,0.8780487804878049,-0.2039690160881367,0.3902439024390244,0.7317073170731707,0.028352942215588133,-0.7921047593054384,8.5,9.009375,1642.1877555085898,1644.3817982185806
2,1,dwell200,mey,seasonal60,timer,811.26134750912,819.1480883487766,4.052318888661449,807.083902827117,824.7731572382351,-0.9627979301709063,-1.9462290743514745,0.07317073170731707,0.9512195121951219,-0.20668265534519253,0.3170731707317073,0.7073170731707317,-0.530719784677463,-1.3602401925665697,47.0,47.759375,341.26134750912,341.5543383487766
2,1,dwell200,trust,seasonal60,timer,772.7792817567749,783.5881155679838,4.254516389307403,774.621106350933,792.3441590337648,-1.3794024687796675,-2.540555217597463,0.024390243902439025,1.0,-0.16402886534771272,0.4634146341463415,0.5609756097560976,-0.5952140752439422,-2.137520661309961,43.125,44.171875,341.52928175677494,341.8693655679838
2,3,signed,thr,naive,queue,1702.0296871958546,2193.6356996646514,215.86506299042804,1816.504684695144,2812.7242854115993,-22.41055853275684,-2.277376457581724,0.024390243902439025,1.0,-7.7581127337687725,0.21951219512195122,0.8048780487804879,-20.070554708212832,-24.66402191753924,6.125,6.446875,1640.7796871958546,2129.1669496646514
2,3,signed,mey,naive,queue,1114.0213598526861,1141.6404215717644,17.890430199695814,1087.4422177964918,1181.4513934777606,-2.4192435023501893,-1.543789691516072,0.07317073170731707,0.9512195121951219,1.4191264232279561,0.8048780487804879,0.21951219512195122,-3.5186196890315045,-1.2778875666250382,70.0,69.625,414.02135985268615,445.39042157176436
2,3,signed,trust,naive,queue,970.8922994696857,974.8169814488865,13.34115865580592,944.6625435724964,999.6082570953342,-0.4026070589545457,-0.29417849532078416,0.34146341463414637,0.6829268292682927,-0.17851024488905012,0.43902439024390244,0.5853658536585366,-1.4425920493630462,0.6453252724284199,55.125,56.215625,419.64229946968567,412.6607314488865
2,0,base,thr,naive,orchestration,1706.3707639802235,1711.7185065285637,5.062507054632462,1703.0532093652857,1744.193419509919,-0.3124195086951322,-1.0563427350578654,0.06557377049180328,0.9672131147540983,0.22310468127563138,0.9508196721311475,0.08196721311475409,-0.5387877399661932,-0.09279908681979815,8.5,9.002777777777778,1621.3707639802235,1621.6907287507859
2,0,base,mey,naive,orchestration,956.214783155507,960.010831082187,2.634535588852603,954.3056497256654,966.432580070627,-0.3954171977831579,-1.4408793499476884,0.09836065573770492,0.9180327868852459,0.2661834753796749,0.8852459016393442,0.13114754098360656,-0.6470620248543929,-0.14569757116976115,54.25,54.62222222222222,413.714783155507,413.7886088599648
2,0,base,trust,naive,orchestration,944.3393204265889,949.8026998765404,2.4023442486219238,945.419064390052,955.2756065859525,-0.5752120362114845,-2.2741867461690832,0.01639344262295082,1.0,0.401441496498684,0.9344262295081968,0.08196721311475409,-0.8063798841349459,-0.3347063343182683,53.25,53.78194444444444,411.83932042658887,411.9832554320959
2,1,base,thr,seasonal60,timer,1609.4159759541697,1611.0071830908225,13.223726799206142,1579.6659370386635,1700.4316747224873,-0.09877095231816711,-0.12032970438775309,0.4918032786885246,0.6229508196721312,-0.3056808511889013,0.21311475409836064,0.8688524590163934,-0.1873741503142997,0.0032992286774504685,10.833333333333334,10.766666666666667,1501.0826426208364,1503.3405164241558
2,1,base,mey,seasonal60,timer,948.238051643964,951.227012077579,13.142214286250939,942.5865596467814,1048.6944656479732,-0.3142215681077888,-0.22743202694100118,0.2786885245901639,0.7377049180327869,-0.36886146797479774,0.2459016393442623,0.7704918032786885,-0.310413171244002,-0.3179798089708665,54.166666666666664,54.225,406.5713849772974,408.97701207757905
2,1,base,trust,seasonal60,timer,938.8427126375922,940.6070382481089,7.853870522356415,927.0291275784251,993.1463162969831,-0.18757308193257805,-0.2246440917881807,0.4098360655737705,0.6065573770491803,-0.2779740196552507,0.32786885245901637,0.6885245901639344,-0.4773530542754277,0.10347880633955402,52.166666666666664,52.27916666666667,417.17604597092554,417.81537158144215
2,3,dwell5,thr,naive,queue,1958.4537460245745,2460.6185939339443,297.1118908496675,2042.0971477348676,3252.8016279053572,-20.408073366076927,-1.6901539903815395,0.024390243902439025,1.0,-14.837458704213166,0.12195121951219512,0.9024390243902439,-19.86047186000693,-21.00883022735167,6.0,6.146875,1898.4537460245745,2399.1498439339443
2,3,dwell5,mey,naive,queue,1128.803325281486,1166.7114508908555,11.878374785271824,1136.59040191585,1191.7129639362597,-3.2491431862115,-3.1913562498779227,0.024390243902439025,1.0,-1.544842539325551,0.0975609756097561,0.926829268292683,-5.114149932810572,-1.361967498534411,66.375,65.1375,465.05332528148597,515.3364508908555
2,3,dwell5,trust,naive,queue,994.9088320627229,1009.2540369596072,11.678242885338195,990.5241156256861,1041.420467853064,-1.421367105956736,-1.2283701441844834,0.14634146341463414,0.8780487804878049,-1.8029449918052962,0.04878048780487805,0.975609756097561,-0.35799370643683026,-2.4345054791558174,56.25,55.55,432.4088320627229,453.7540369596072
2,3,dwell200,thr,naive,queue,2018.2830900147123,2550.21314493782,466.69909301122107,1712.7805330329156,3791.412734505821,-20.85825869021929,-1.1397709206825437,0.0975609756097561,0.926829268292683,-10.610475963140905,0.3170731707317073,0.7073170731707317,-11.506555184362831,-31.36589310038184,4.25,4.184375,1975.7830900147123,2508.36939493782
2,3,dwell200,mey,naive,queue,869.6931048953348,895.3496146669604,15.172987126336226,866.452461951761,927.734016190776,-2.8655297719839767,-1.690933338175234,0.04878048780487805,0.975609756097561,1.1599694796627675,0.6585365853658537,0.36585365853658536,-4.590097812512828,-1.188991381277954,49.125,49.275,378.44310489533484,402.5996146669604
2,3,dwell200,trust,naive,queue,750.847779863883,771.6002208842395,9.485055941235178,752.4335151375922,794.8283576948709,-2.6895327993263924,-2.1879091856630692,0.024390243902439025,1.0,0.5000900569339274,0.7560975609756098,0.2682926829268293,-2.8260113305231456,-2.5593707973922766,38.875,40.325,362.09777986388303,368.35022088423955
2,3,f2,thr,naive,queue,1771.8836081448032,2275.5381544884694,281.390922509785,1867.0293676875333,2878.452820961278,-22.13342568439093,-1.7898748895361123,0.024390243902439025,1.0,10.790936938315088,0.7560975609756098,0.2682926829268293,-15.578183280178825,-28.673636107594064,6.125,6.103125,1759.6336081448032,2263.3319044884693
2,3,f2,mey,naive,queue,477.57018754584317,500.51039574259977,4.940263349410499,488.8895206126888,515.0451491336987,-4.583362981446282,-4.643519297305064,0.024390243902439025,1.0,0.7858489383322292,0.8048780487804879,0.21951219512195122,-3.9926306856143543,-5.171140529335951,137.5,138.05625,202.57018754584317,224.39789574259976
2,3,f2,trust,naive,queue,421.47559266184504,440.0549528356627,3.545511564217295,434.2545365907795,448.09324695672785,-4.222054553435749,-5.240248081920782,0.024390243902439025,1.0,0.6117766062905432,0.7804878048780488,0.24390243902439024,-2.7372723207337106,-5.679123258127331,116.5,118.90625,188.47559266184504,202.24245283566268
2,4,signed,thr,seasonal60,timer,1609.3186530098233,1608.9537271390363,2.3079938576131447,1594.7216181783515,1609.3186530098233,0.022680942567305084,0.15811388300847315,1.0,0.975609756097561,0.022680942567305084,1.0,0.975609756097561,0.0,0.04523437143569342,8.0,8.0,1529.3186530098233,1528.9537271390363
2,4,signed,mey,seasonal60,timer,915.6469605920811,915.5257980455448,1.2165335547628398,913.268357243888,920.7409199165652,0.013234203426595722,0.09959655125166823,0.9024390243902439,0.6829268292682927,-0.002213318123808469,0.3170731707317073,0.7073170731707317,0.02979915564147629,-0.0038187670598064517,51.0,50.95625,405.6469605920811,405.9632980455448
2,4,signed,trust,seasonal60,timer,914.3477759742447,914.2657008053641,0.9524214166314005,912.9189148848786,918.3641619220173,0.008977168104226118,0.08617526595618617,0.8780487804878049,0.14634146341463414,-0.05432155965188704,0.24390243902439024,0.7804878048780488,0.0352963189988562,-0.019261010261052623,51.25,51.209375,401.84777597424466,402.1719508053641
2,3,f50,thr,naive,queue,2163.614900035056,2701.550280035992,312.074797666832,2152.1534441790473,3649.291839504409,-19.912099507315816,-1.7237386165839328,0.04878048780487805,0.975609756097561,-10.25235692002668,0.1951219512195122,0.8292682926829268,-14.994013704125233,-24.88201467948992,6.125,6.06875,1857.364900035056,2398.112780035992
2,3,f50,mey,naive,queue,2346.1877196274763,2455.3750053967988,57.63498615839719,2305.924784050584,2592.2552828861294,-4.446868015245489,-1.8944619066836417,0.04878048780487805,0.975609756097561,-2.488060676323845,0.12195121951219512,0.9024390243902439,-4.427579744353563,-4.4653788144412685,25.5,26.146875,1071.1877196274763,1148.0312553967988
2,3,f50,trust,naive,queue,2107.254341391646,2188.866115445634,37.45305682968654,2091.241545870816,2268.9798770670423,-3.728495474350773,-2.179041738171284,0.04878048780487805,0.975609756097561,-2.161173440021708,0.12195121951219512,0.9024390243902439,-1.2276106242882394,-6.253445007910291,23.875,23.41875,913.504341391646,1017.928615445634
2,4,dwell5,thr,seasonal60,timer,1604.6588075448187,1607.296977540454,7.329005321810641,1577.651233024554,1637.307929225493,-0.16413705945445795,-0.3599628980735297,0.12195121951219512,0.9024390243902439,-0.008596419800820713,0.5365853658536586,0.8536585365853658,-0.1729469132272254,-0.15470217675911016,7.5,7.803125,1529.6588075448187,1529.265727540454
2,4,dwell5,mey,seasonal60,timer,933.1602176969395,936.5658064254472,2.0131165735216903,930.8124683920298,941.7455629559591,-0.3636251403951737,-1.6916997124265292,0.07317073170731707,0.975609756097561,-0.09669248250307655,0.4146341463414634,0.8292682926829268,-0.31601652402056685,-0.40929802378256847,54.375,54.634375,389.4102176969395,390.22205642544725
2,4,dwell5,trust,seasonal60,timer,918.0898637399874,921.452345930092,1.9040746101396728,916.8398637399874,925.9151164282333,-0.36491113240484574,-1.7659403534916425,0.07317073170731707,0.9512195121951219,-0.21168627172939844,0.14634146341463414,0.8780487804878049,-0.3033590593878376,-0.42643980481418614,51.375,51.65625,404.33986373998744,404.88984593009195
2,3,base,thr,naive,queue,1739.134079704605,2361.9928843116627,246.5109006847537,2007.9293579870002,3081.288606219623,-26.370054234459417,-2.5266988310735603,0.01639344262295082,1.0,-7.905466989911639,0.21311475409836064,0.8032786885245902,-26.58108689578806,-26.153719960892882,6.0,6.065277777777778,1679.134079704605,2301.340106533885
2,3,base,mey,naive,queue,1058.2236014049538,1119.905424010508,16.195567909742376,1085.1264574327645,1159.622729585615,-5.507770681622804,-3.808561882442534,0.01639344262295082,1.0,-2.2203556286512582,0.08196721311475409,0.9344262295081968,-5.058280292422234,-5.973406726249088,61.0,62.37083333333333,448.2236014049538,496.19709067717486
2,3,base,trust,naive,queue,992.8388941358371,997.463018465933,9.629358528155102,973.9883225760836,1019.7043265430902,-0.4635885485967874,-0.4802110458942341,0.29508196721311475,0.7213114754098361,-0.5768754044835236,0.2786885245901639,0.7377049180327869,-0.931311028831405,0.0003808470253799143,56.416666666666664,55.645833333333336,428.6722274691705,441.00468513259966
2,4,dwell200,thr,seasonal60,timer,1595.3667095817732,1602.412566042521,12.272833782590501,1570.222847768735,1655.6588914575723,-0.4397030209360412,-0.5741018403380094,0.07317073170731707,0.9512195121951219,-0.04966613952068706,0.6097560975609756,0.5609756097560976,-0.2600745933231693,-0.6696549859193722,5.625,6.2125,1539.1167095817732,1540.287566042521
2,4,dwell200,mey,seasonal60,timer,695.1668355133354,700.2310177421152,2.304303371761197,695.1218994547146,703.8718994547146,-0.7232159245257672,-2.1977063831266426,0.04878048780487805,0.975609756097561,-0.015583183925854055,0.5365853658536586,0.6097560975609756,-0.9441515950776317,-0.44001047281788946,40.375,40.853125,291.4168355133354,291.6997677421152
2,4,dwell200,trust,seasonal60,timer,706.9914116779934,713.6001912482532,2.6824770265882196,708.2414116779934,718.7520356946582,-0.9261179651170639,-2.4636854313214203,0.024390243902439025,1.0,0.12489072181738754,0.6341463414634146,0.4634146341463415,-1.0368333584057954,-0.7936029563263568,38.125,38.734375,325.74141167799337,326.25644124825317
2,4,f2,thr,seasonal60,timer,1631.3309431055327,1630.949447939596,5.1204512683056675,1601.2390394699473,1637.253964579908,0.02339098654582221,0.07450420791973428,0.21951219512195122,0.8536585365853658,0.0693764707033776,0.8292682926829268,0.5365853658536586,0.08889683185186413,-0.04973890257835808,7.5,7.740625,1616.3309431055327,1615.468197939596
2,4,f2,mey,seasonal60,timer,375.3811058655274,375.92459587514094,0.8999333287463731,374.3439381151722,379.89662128059877,-0.14457420865169018,-0.6039225265394302,0.17073170731707318,0.8536585365853658,0.02101536180923091,0.8048780487804879,0.36585365853658536,-0.17381514266291773,-0.11565278822991909,107.625,107.78125,160.1311058655274,160.36209587514094
2,4,f2,trust,seasonal60,timer,379.7126820902312,380.1001291922011,1.026583383809741,378.6375067664436,384.2529596156737,-0.10193290457261774,-0.3774141565900209,0.2682926829268293,0.7804878048780488,0.024947964251348338,0.7073170731707317,0.3170731707317073,0.03180486466535632,-0.23480372738819014,108.875,108.896875,161.96268209023123,162.30637919220112
2,4,f50,thr,seasonal60,timer,1835.731151624681,1840.4627502349242,7.961522253842048,1816.981151624681,1857.5096445440095,-0.2570874422554502,-0.5943082816806698,0.34146341463414637,0.8536585365853658,-0.2570874422554502,0.34146341463414637,0.8536585365853658,-0.4150349522425515,-0.10476817769304245,7.75,7.834375,1448.231151624681,1448.7440002349242
2,4,f50,mey,seasonal60,timer,2211.502814195985,2216.5248283145966,10.39077640330674,2198.474264430648,2235.974264430648,-0.22657152559080818,-0.4833146170880193,0.43902439024390244,0.5853658536585366,0.3135284580293026,0.8048780487804879,0.4146341463414634,-1.180272486208601,0.6526057955752623,25.0,25.0875,961.5028141959851,962.1498283145966
2,4,f50,trust,seasonal60,timer,2044.0652963863017,2053.8235764352007,6.692089703909275,2044.0652963863017,2069.0652963863013,-0.4751274725279148,-1.4581812977190913,0.1951219512195122,1.0,-0.17081701121516385,0.4634146341463415,0.8048780487804879,-0.39768882627781205,-0.553455426349762,23.0,23.1875,894.0652963863017,894.4485764352007
2,5,signed,thr,ma10,http,3181.4699903639466,2888.0928868623305,495.2110500923123,2172.328414951615,4462.259385939506,10.158160246028155,0.5924284271260258,0.8048780487804879,0.21951219512195122,-12.385185952765701,0.2682926829268293,0.7560975609756098,26.814454710040895,-7.025592276959221,11.625,13.18125,3065.2199903639466,2756.2803868623305
2,5,signed,mey,ma10,http,1180.6949556781042,1077.840277849827,12.15805466844809,1058.0907012838252,1115.7145549380216,9.54266415367784,8.4597972811555,1.0,0.024390243902439025,0.41774249421101994,0.6585365853658537,0.36585365853658536,9.046515357588323,10.046844597967501,65.0,64.790625,530.6949556781042,429.9340278498271
2,5,signed,trust,ma10,http,1081.6312544001337,1045.3645934731062,14.235285286025592,1021.7644247117917,1073.1127957965646,3.4692834589447483,2.547659579582119,1.0,0.024390243902439025,-0.49544373867066566,0.43902439024390244,0.5853658536585366,1.6247350398978415,5.321230435312305,59.0,61.471875,491.6312544001337,430.6458434731062
2,4,base,thr,seasonal60,timer,1603.6154428621394,1606.5675660644624,2.522281874719497,1598.6154428621394,1617.418141009122,-0.18375344210108277,-1.1704176412286762,0.09836065573770492,0.9508196721311475,0.12746907387739417,0.9508196721311475,0.13114754098360656,-0.15845713646388904,-0.21109922970265763,7.5,7.780555555555556,1528.6154428621394,1528.7620105089068
2,4,base,mey,seasonal60,timer,892.461865171836,895.3996615268063,1.7233255439589972,889.4678704954368,899.523687358091,-0.32809889049553864,-1.7047251259453033,0.06557377049180328,0.9672131147540983,0.355421078942469,0.9836065573770492,0.03278688524590164,-0.3201321574617639,-0.3358787881801509,49.166666666666664,49.43472222222222,400.7951985051694,401.05243930458414
2,4,base,trust,seasonal60,timer,906.4267434325799,907.8670258657023,1.7797139902763774,901.4267434325799,911.1775394958814,-0.15864464641713838,-0.809277468734607,0.19672131147540983,0.8852459016393442,0.26325365752868274,0.9344262295081968,0.08196721311475409,-0.3145647480234244,-0.008450486707788538,50.5,50.61527777777778,401.4267434325799,401.71424808792455
2,5,dwell5,thr,ma10,http,2665.5589362431165,1858.6190479282109,336.7748230335555,1541.2524384845883,3188.903800614236,43.41609913093248,2.3960813966028094,0.975609756097561,0.04878048780487805,4.349004461614303,0.6829268292682927,0.34146341463414637,37.45286667673821,49.813820856598596,11.125,11.16875,2554.3089362431165,1746.9315479282109
2,5,dwell5,mey,ma10,http,1226.2162825151095,1106.5317531186115,13.155171182409985,1085.9418048718971,1143.4870223339253,10.816185713530873,9.097907411233864,1.0,0.024390243902439025,0.26458110993260053,0.6585365853658537,0.36585365853658536,10.6650699970786,10.968498020505951,66.875,66.6875,557.4662825151095,439.6567531186115
2,5,dwell5,trust,ma10,http,1125.4929409049628,1041.0849635412244,14.01448562844295,1015.8300635469641,1078.4224263919518,8.107693446712243,6.0229094097059885,1.0,0.024390243902439025,0.10807987011453467,0.6341463414634146,0.3902439024390244,9.569760506070683,6.653227839708644,60.75,60.7625,517.9929409049628,433.4599635412244
2,5,dwell200,thr,ma10,http,2232.4410232970167,2316.7864095710393,266.2034713899805,1685.6474580351996,3070.4786356322593,-3.640619865757904,-0.3168455536421572,0.36585365853658536,0.6585365853658537,4.766676477588464,0.7560975609756098,0.2682926829268293,-18.97105979885663,13.410049566489551,9.5,9.790625,2137.4410232970167,2218.8801595710393
2,5,dwell200,mey,ma10,http,956.1617112923332,879.2394747561932,11.186681835663208,852.1270024539078,902.85457454486,8.748724180914415,6.876233512864505,1.0,0.024390243902439025,-0.303613683119219,0.43902439024390244,0.5853658536585366,2.0912824739838354,16.489432562272615,52.25,53.990625,433.66171129233317,339.3332247561932
2,5,dwell200,trust,ma10,http,887.993094065262,843.7236407068492,9.405570288371619,826.7876048748062,869.0771373155569,5.246913944632983,4.706727184118158,1.0,0.024390243902439025,-1.7551690389979735,0.04878048780487805,0.975609756097561,2.700510567106246,8.036114682272093,47.875,48.828125,409.24309406526197,355.4423907068492
2,5,f50,thr,ma10,http,3347.51992649404,2821.903115560824,308.3291470906829,2228.2618562784073,3368.8831196102647,18.626323775426826,1.7047263156688413,0.975609756097561,0.04878048780487805,5.308232373123094,0.6829268292682927,0.34146341463414637,17.316232454531054,19.66701358116574,10.25,11.178125,2835.01992649404,2262.996865560824
2,5,f50,mey,ma10,http,2621.9027835622164,2383.249821410477,62.19028994328726,2268.901077496438,2563.389398011951,10.013761881265872,3.8374634105962904,1.0,0.024390243902439025,0.6960050246440604,0.7317073170731707,0.2926829268292683,1.799739504399117,18.40961564020624,26.375,25.9875,1303.1527835622164,1083.8748214104771
2,5,f50,trust,ma10,http,2453.821736745504,2306.2915353039953,43.08301851429501,2205.809553406232,2401.973614506959,6.39685829753794,3.4243237017517245,1.0,0.024390243902439025,-3.4035612396150117,0.04878048780487805,0.975609756097561,4.6070002467257245,8.227510334921122,28.5,28.35625,1028.821736745504,888.4790353039953
2,5,f2,thr,ma10,http,2521.489078657051,2284.079247377996,268.45506775457636,1745.8642998368248,2859.966018538197,10.394115333414497,0.8843559306397472,0.8292682926829268,0.1951219512195122,3.3070949486506236,0.5853658536585366,0.43902439024390244,20.31577824172755,1.7307355529177546,10.0,11.296875,2501.489078657051,2261.485497377996
2,5,f2,mey,ma10,http,525.2621153971179,453.9833160151,4.611032104786687,447.90152787297654,473.0346086534431,15.700753060195517,15.458317739324299,1.0,0.024390243902439025,0.2185719260380791,0.6097560975609756,0.4146341463414634,17.55208175461748,13.82888238632549,136.875,140.9625,251.5121153971179,172.0583160151
2,5,f2,trust,ma10,http,479.541821041851,444.7002125012048,2.8270016637911874,438.5447516977131,451.2873544684418,7.834853135032351,12.32458013269132,1.0,0.024390243902439025,-0.0353684305948597,0.6097560975609756,0.4146341463414634,9.28205484803939,6.382544544733688,134.0,137.86875,211.541821041851,168.9627125012048
2,6,signed,thr,naive,event,2524.765492122379,2339.349560827429,210.1878348611001,1964.4398329539054,2738.778370867924,7.9259608909994785,0.8821439709747224,0.8048780487804879,0.21951219512195122,8.359826336334383,0.8048780487804879,0.21951219512195122,-0.9941458767966317,17.59714652056169,13.25,12.690625,2392.265492122379,2212.443310827429
2,6,signed,mey,naive,event,1107.6627431503914,1075.0284223542171,17.42314087134133,1056.033314276931,1154.1904065336241,3.0356705104324595,1.8730446500523477,0.9512195121951219,0.07317073170731707,-0.2195045256063903,0.4878048780487805,0.5365853658536586,-0.5749590470209547,6.518450351065552,65.125,64.6125,456.4127431503914,428.9034223542171
2,6,signed,trust,naive,event,1034.527191188541,1027.3591398764327,11.955524743374003,1000.2392647122756,1066.2145853564539,0.6977162156722132,0.5995597404523065,0.7804878048780488,0.24390243902439024,-0.7049885813806848,0.2926829268292683,0.7317073170731707,1.1098631964189092,0.27332645192911176,59.125,60.13125,443.2771911885411,426.04663987643266
2,5,base,thr,ma10,http,3204.4205943413776,2690.369273256473,335.6879994139785,1974.6581932404363,3512.0683285716327,19.107091587568092,1.5313366041750096,0.9180327868852459,0.09836065573770492,-10.545391567958879,0.26229508196721313,0.7540983606557377,7.942809225428427,30.26730874486984,10.666666666666666,11.511111111111111,3097.753927674711,2575.258162145362
2,5,base,mey,ma10,http,1122.7578199910035,1050.1232521727768,11.837288347404572,1019.9097471088759,1083.8550000525481,6.9167659765595,6.136081650334428,1.0,0.01639344262295082,-1.9335603921818503,0.06557377049180328,0.9508196721311475,7.4249860921183215,6.410304501911018,62.0,63.0375,502.75781999100354,419.7482521727768
2,5,base,trust,ma10,http,1053.7843634371854,1008.8295347302617,9.265496451336755,990.1235791234263,1031.005630459299,4.456137252062478,4.8518532107837595,1.0,0.01639344262295082,1.2401074620837884,0.9016393442622951,0.11475409836065574,1.3898662018230754,7.469995020015822,58.416666666666664,61.23888888888889,469.6176967705188,396.44064584137277
2,6,dwell5,thr,naive,event,2095.004102665068,1880.3732181086257,189.8097741208253,1643.8260562901944,2415.219761089481,11.414270448519192,1.1307683471548562,0.8780487804878049,0.14634146341463414,-9.645966114695538,0.2682926829268293,0.7560975609756098,8.32929307037811,14.244472914169188,10.0,10.059375,1995.0041026650679,1779.7794681086257
2,6,dwell5,mey,naive,event,1076.310440967909,1040.4626980615678,10.043308705240277,1026.1571908585863,1082.7774737313434,3.4453655064354787,3.569316044983958,0.975609756097561,0.04878048780487805,-0.5251807632023275,0.36585365853658536,0.6585365853658537,3.881784442534284,2.9986803787862106,58.75,59.759375,488.810440967909,442.86894806156783
2,6,dwell5,trust,naive,event,1072.8309801114237,1028.027383219382,10.805693074838194,1008.8137380300548,1057.999477422171,4.358210454641223,4.146295529749034,1.0,0.024390243902439025,0.9933151124408331,0.7804878048780488,0.24390243902439024,4.372999077064614,4.343454460337455,59.625,59.184375,476.58098011142374,436.18363321938205
2,6,dwell200,thr,naive,event,2701.213952122538,2641.234800483571,151.68487884957548,2317.143762593392,3072.2345647981283,2.2708754113033054,0.39541945178627924,0.6829268292682927,0.34146341463414637,6.262393755290599,0.8048780487804879,0.21951219512195122,13.521352408151175,-6.20766516716977,9.75,9.909375,2603.713952122538,2542.141050483571
2,6,dwell200,mey,naive,event,906.4850063599288,898.3694968083607,16.910746271322733,880.7350872747984,990.7803539551744,0.9033598736822684,0.47990250822521835,0.926829268292683,0.0975609756097561,-1.0258939409935293,0.21951219512195122,0.8048780487804879,2.5301402054847824,-0.7080945488298044,52.5,52.16875,381.4850063599288,376.68199680836074
2,6,dwell200,trust,naive,event,930.5705860627239,911.4213961576661,10.295728063851245,894.6046081046902,947.6607806666287,2.101024837225263,1.8599160531727206,0.975609756097561,0.04878048780487805,-0.3667333100815247,0.4146341463414634,0.6097560975609756,2.9669802992737906,1.249789048510494,55.25,53.921875,378.0705860627239,372.2026461576661
2,6,f2,thr,naive,event,2244.4264493920173,2108.42750557477,279.7673606552402,1769.3156914143578,2775.699288267806,6.450254678316451,0.48611440412035817,0.7804878048780488,0.24390243902439024,21.881834221711053,0.9024390243902439,0.12195121951219512,7.786094240503011,4.7289783290075125,10.75,10.40625,2222.9264493920173,2087.61500557477
2,6,f2,mey,naive,event,444.12077550505023,429.35248705459287,2.324585493151802,424.7387118779937,436.38541891853083,3.4396652856885748,6.353084665616534,1.0,0.024390243902439025,1.9239939387255915,1.0,0.024390243902439025,0.6197296471959789,6.301963224408373,128.875,129.34375,186.37077550505023,170.66498705459287
2,6,f2,trust,naive,event,438.182257978175,428.6217493393875,2.5280114481606324,423.8458830254873,435.184732129024,2.2305234518599706,3.781829645488224,1.0,0.024390243902439025,1.39203383612086,0.975609756097561,0.04878048780487805,1.473598276945055,3.02890023104353,129.375,131.475,179.43225797817502,165.67174933938753
2,6,f50,thr,naive,event,2752.21161153965,2943.0667474803545,265.7104938929615,2411.121424162484,3444.5081025239333,-6.48490681035695,-0.7182822670812096,0.34146341463414637,0.6829268292682927,5.542264533405759,0.6829268292682927,0.34146341463414637,-5.511674196215749,-7.3612930797804585,10.25,10.215625,2239.71161153965,2432.2854974803545
2,6,f50,mey,naive,event,2361.1621546772953,2313.7335574264966,40.550380490211715,2244.6353691627464,2441.6037342465975,2.049872903410376,1.1696215097722027,0.8780487804878049,0.14634146341463414,0.16024905647065885,0.5609756097560976,0.4634146341463415,1.7777879391651459,2.331478363789626,27.375,27.484375,992.4121546772953,939.5148074264966
2,6,f50,trust,naive,event,2176.5134972563474,2181.23865238824,27.4085942578613,2135.0987567277425,2262.8242308528115,-0.21662715020748222,-0.17239684339292485,0.4878048780487805,0.5365853658536586,1.3378914294398454,0.8292682926829268,0.1951219512195122,-1.4510470469608734,0.9552728095106687,24.25,24.015625,964.0134972563474,980.4574023882401
2,7,dwell5,thr,seasonal60,queue,2870.604760831429,1943.0830119548307,282.3976298875032,1518.2704074325397,2930.0211571514137,47.73454058164343,3.2844530219537917,0.975609756097561,0.04878048780487805,-13.058530439190116,0.12195121951219512,0.9024390243902439,16.4305741458485,79.99278164952494,9.5,9.009375,2775.604760831429,1852.9892619548307
2,7,dwell5,mey,seasonal60,queue,1111.065602002825,1097.7052167121658,14.550019082134549,1066.9038620219067,1131.8050232277812,1.2171195952476292,0.918238334619366,0.8292682926829268,0.1951219512195122,-2.212732983095994,0.07317073170731707,0.9512195121951219,1.87070799693667,0.5547138635942378,64.5,65.5125,466.065602002825,442.5802167121658
2,7,dwell5,trust,seasonal60,queue,1062.7666604151486,1067.172641325076,11.386619295833539,1038.3139460647085,1095.199320393218,-0.412864867342984,-0.38694372714643926,0.34146341463414637,0.6829268292682927,0.6954279193996649,0.7804878048780488,0.24390243902439024,-0.44889139924799987,-0.37599049982186805,61.875,63.571875,444.01666041514864,431.45389132507603
2,7,signed,thr,seasonal60,queue,2956.2057021603914,2349.5165202372905,285.6949070128803,1966.6443078190755,3051.853734522201,25.821873423636454,2.1235561678939865,0.926829268292683,0.0975609756097561,3.30508200576591,0.6585365853658537,0.36585365853658536,21.866120788391665,29.787263437656193,10.625,10.99375,2849.9557021603914,2239.5790202372905
2,7,signed,mey,seasonal60,queue,1075.0119884398832,1064.2893395364295,15.489021156473672,1034.8211716331537,1100.8248306750418,1.007493780603329,0.6922741466443293,0.7317073170731707,0.2926829268292683,-0.017420425053320695,0.5609756097560976,0.4634146341463415,4.8417493260964095,-2.647004524562778,64.125,65.221875,433.7619884398832,412.07058953642945
2,7,signed,trust,seasonal60,queue,1030.4517600453357,1037.7405722692095,15.022446554288724,1007.1462668874301,1060.793552598236,-0.7023732538408323,-0.48519475156946745,0.36585365853658536,0.6585365853658537,2.3947786140684735,1.0,0.024390243902439025,0.35042490821040884,-1.7868650821629695,62.875,63.06875,401.70176004533573,407.05307226920945
2,7,dwell200,thr,seasonal60,queue,2346.1173147348463,1963.4752896570146,277.65657757079157,1563.909502948888,2621.077719148111,19.487997994854965,1.3781125893920987,0.8780487804878049,0.14634146341463414,11.408810120520872,0.8292682926829268,0.1951219512195122,21.07787138088853,17.75720168900215,7.875,8.209375,2267.3673147348463,1881.3815396570146
2,7,dwell200,mey,seasonal60,queue,925.5850431028094,903.4900468605935,13.581838466789034,876.2089853221607,944.9490613126673,2.4455162864262516,1.626804522542639,0.926829268292683,0.0975609756097561,1.5151038119927898,0.8292682926829268,0.1951219512195122,1.5209580895763197,3.352941517110518,53.625,54.259375,389.33504310280944,360.89629686059345
2,7,dwell200,trust,seasonal60,queue,890.3965449238318,882.643794135331,11.327157140324323,854.8471890895639,911.0402328311725,0.8783555540766851,0.6844392368232726,0.8048780487804879,0.21951219512195122,-1.3170780149977335,0.14634146341463414,0.8780487804878049,2.85143736936955,-1.0721259463213004,52.375,53.34375,366.6465449238318,349.20629413533095
2,6,base,thr,naive,event,2269.8980711399668,2356.9667112216184,193.4111515976238,2003.8342994619952,2813.0442820679805,-3.6940971489802625,-0.45017383621597423,0.4098360655737705,0.6065573770491803,-13.388990085804835,0.04918032786885246,0.9672131147540983,1.4160023015966896,-9.25917732199972,10.5,10.198611111111111,2164.8980711399668,2254.980600110507
2,6,base,mey,naive,event,1017.2987456416919,1001.7322335683722,9.269844992109974,982.6665772013572,1043.4698078528415,1.5539593867184094,1.679263470594075,0.9672131147540983,0.04918032786885246,0.2878302926242526,0.7049180327868853,0.3114754098360656,1.7260844772137656,1.3886319667642546,59.0,58.455555555555556,427.2987456416919,417.17667801281664
2,6,base,trust,naive,event,1022.9736547275625,1002.6466421110956,6.712105620917492,987.5176806910558,1019.8045947591567,2.027335629795543,3.028410720045896,1.0,0.01639344262295082,0.38404647136333725,0.7704918032786885,0.2459016393442623,3.1320433642252823,0.9248496446188985,57.416666666666664,57.18472222222222,448.80698806089583,430.79941988887344
2,7,f50,thr,seasonal60,queue,3084.7570314211707,2629.857439783975,332.85287285957475,2129.815118881419,3467.9339522854234,17.29750003766601,1.3666686657354172,0.8536585365853658,0.17073170731707318,0.6473047023929646,0.6097560975609756,0.4146341463414634,19.83806582162762,14.300930784951776,8.375,8.79375,2666.0070314211707,2190.169939783975
2,7,f50,mey,seasonal60,queue,2363.4107332924577,2319.834722288019,64.97680820340001,2198.3463079747253,2469.1235740681386,1.8784101550760701,0.6706394513567183,0.7804878048780488,0.24390243902439024,-1.4587545088374687,0.34146341463414637,0.6829268292682927,1.7390729852934343,2.022081480602084,27.5,27.525,988.4107332924577,943.5847222880188
2,7,f50,trust,seasonal60,queue,2262.4524810020075,2292.3350736407115,35.78522647149094,2225.81811706597,2359.601375439389,-1.3035874633826587,-0.8350538919324867,0.21951219512195122,0.8048780487804879,1.5766408158818035,0.8292682926829268,0.1951219512195122,-3.82714367603704,1.3493399911084372,24.625,25.659375,1031.2024810020075,1009.3663236407115
2,7,f2,thr,seasonal60,queue,2648.7190234820373,2235.391379259182,383.1751410472114,1549.4176264640187,3167.297833083231,18.490169017285634,1.0786911778599142,0.8780487804878049,0.14634146341463414,-7.722704677094235,0.4634146341463415,0.5609756097560976,0.8448523893697352,37.32679033584686,8.75,9.06875,2631.2190234820373,2217.253879259182
2,7,f2,mey,seasonal60,queue,483.83437685666115,455.6554510395123,4.751223398404129,448.66786859905767,470.870902396674,6.1842617602538725,5.930877892757849,1.0,0.024390243902439025,0.12149912905730384,0.6341463414634146,0.3902439024390244,7.854593824636164,4.503468957812557,144.125,144.2875,195.58437685666115,167.0804510395123
2,7,f2,trust,seasonal60,queue,444.5083916343991,438.7301328777336,3.4935915020404367,427.5096165766335,445.8367217761779,1.3170416900167274,1.6539594721623112,0.9512195121951219,0.07317073170731707,-0.4532967824961627,0.2682926829268293,0.7560975609756098,1.3442379998160037,1.2889229790756156,133.625,135.840625,177.25839163439912,167.0488828777336
2,7,base,thr,seasonal60,queue,2699.4937878511314,2414.710054854398,241.29459019151076,2071.533171134066,3171.9401087858423,11.793703033795714,1.180232564562289,0.8688524590163934,0.14754098360655737,-7.522355533030503,0.26229508196721313,0.7540983606557377,11.313208815451006,12.219951553004288,8.75,8.8125,2611.9937878511314,2326.585054854398
2,7,base,mey,seasonal60,queue,1049.71816367094,1038.0275298012696,10.621508524333494,1017.9045356006382,1073.3036640327196,1.126235435384699,1.100656638639186,0.9016393442622951,0.11475409836065574,1.4601411533923228,0.9180327868852459,0.09836065573770492,1.1708846280998373,1.0819115075590833,61.416666666666664,62.52361111111111,435.5514970042733,412.7914186901585
2,7,base,trust,seasonal60,queue,1032.4972027881702,1022.5593085846169,11.658715542547633,995.1319529232113,1058.054076758743,0.9718648219347641,0.8524004353040111,0.7704918032786885,0.2459016393442623,-0.46888617608732697,0.36065573770491804,0.6557377049180327,1.5197834832404062,0.4184210739942659,59.666666666666664,59.25277777777778,435.83053612150354,430.0315308068391
2,8,signed,thr,ma10,event,2018.3797750088697,2222.619898615755,233.95136253243592,1862.0215531522256,3126.348824772047,-9.18916112170533,-0.8730024967414701,0.17073170731707318,0.8536585365853658,1.2452025741385662,0.5365853658536586,0.4878048780487805,-1.8936901699610167,-16.833092271821076,6.125,6.3625,1957.1297750088697,2158.994898615755
2,8,signed,mey,ma10,event,1063.5945721139854,1085.9889140246637,13.9761029395197,1056.5229115758673,1127.8514185845743,-2.0621151488264413,-1.6023309221166877,0.0975609756097561,0.926829268292683,1.6547480824995353,0.926829268292683,0.0975609756097561,-1.220583821505214,-2.9248151687331676,62.0,63.04375,443.59457211398535,455.5514140246637
2,8,signed,trust,ma10,event,965.1581993372752,985.0151546994509,9.818244826508593,963.3062875559259,1006.2384977992294,-2.0159035388886526,-2.022454696644286,0.04878048780487805,0.975609756097561,-0.840630322983734,0.21951219512195122,0.8048780487804879,-1.079034789559094,-3.00180353327161,54.75,56.571875,417.65819933727516,419.29640469945093
2,8,dwell200,thr,ma10,event,2237.3946152137496,2075.0119831980014,304.4244227283739,1660.792338371949,3106.4503464650843,7.825623819554267,0.5334086883056551,0.8048780487804879,0.21951219512195122,-6.0909252464889265,0.3902439024390244,0.6341463414634146,15.951044372443862,-0.5584950035311114,4.625,4.775,2191.1446152137496,2027.2619831980014
2,8,dwell200,mey,ma10,event,931.317198660076,954.8476477343371,20.41656061483202,904.996912081529,1012.3215736603463,-2.4643145040042973,-1.152517778002577,0.12195121951219512,0.9024390243902439,-3.607718542822312,0.07317073170731707,0.9512195121951219,-5.077957679287407,0.15613382465390618,48.25,49.203125,448.817198660076,462.8163977343371
2,8,dwell200,trust,ma10,event,815.8726297789347,828.7395537457869,9.70760452287839,806.1853814346756,849.5661556379941,-1.5525895812134896,-1.325447893610431,0.0975609756097561,0.926829268292683,-1.246944207881814,0.12195121951219512,0.9024390243902439,-2.9036747162281173,-0.30517334993894796,43.25,44.215625,383.37262977893465,386.5833037457869
2,8,dwell5,thr,ma10,event,2225.243374637104,2314.740687130873,214.22972875132297,1958.1937561844438,2926.624048236574,-3.8664077143216127,-0.4177632722378009,0.36585365853658536,0.6585365853658537,-1.8242071152911412,0.4878048780487805,0.5365853658536586,-3.912512137941198,-3.8126208608493504,6.125,6.0875,2163.993374637104,2253.865687130873
2,8,dwell5,mey,ma10,event,1102.185818276904,1123.5547507933577,18.250580076114268,1070.5472263912143,1159.934810367583,-1.9019039794335608,-1.1708631959825004,0.0975609756097561,0.926829268292683,3.2525626872745015,1.0,0.024390243902439025,1.3662968694608213,-5.148545237980517,58.25,58.940625,519.685818276904,534.1485007933577
2,8,dwell5,trust,ma10,event,1008.8393875641262,1002.0832259068806,11.947097697024635,980.0722382784701,1030.9393582433524,0.6742116305890052,0.5655065212137901,0.7073170731707317,0.3170731707317073,-0.352161684911051,0.4146341463414634,0.6097560975609756,0.07739094216344057,1.2462457791440635,53.75,52.803125,471.33938756412624,474.05197590688056
2,8,f50,thr,ma10,event,2442.7688687430264,2466.007143905132,233.53340128187966,2119.753163700442,3155.141575739686,-0.9423441947254856,-0.09950728690007253,0.5609756097560976,0.4634146341463415,-14.65559855774905,0.024390243902439025,1.0,-8.46068735578356,6.304190117621235,6.125,6.078125,2136.5188687430264,2162.100893905132
2,8,f50,mey,ma10,event,2512.6457459389812,2461.4999332556254,49.859696692911555,2379.516209279938,2597.0016767483103,2.0778311627134385,1.0257947014472546,0.8536585365853658,0.17073170731707318,-2.3370259652921552,0.17073170731707318,0.8536585365853658,-0.3997200533770604,4.610403429862068,27.25,26.375,1150.1457459389812,1142.7499332556254
2,8,f50,trust,ma10,event,2358.1648694415653,2317.6675527978323,33.01876335547465,2251.4868532572827,2401.3433002506367,1.747330698695145,1.226494045453656,0.9024390243902439,0.12195121951219512,-0.8172321089693597,0.24390243902439024,0.7804878048780488,1.5358130661710188,1.950248204651999,25.875,24.58125,1064.4148694415653,1088.6050527978323
2,8,f2,thr,ma10,event,2163.3501540393145,2182.7095229725337,159.95254595107502,1896.7245518442287,2584.7766422761124,-0.8869420657886982,-0.12103195243382193,0.5121951219512195,0.5121951219512195,16.411002753884997,0.975609756097561,0.04878048780487805,3.9042121171199375,-5.743546075389938,5.875,5.971875,2151.6001540393145,2170.765772972534
2,8,f2,mey,ma10,event,493.49010842078286,503.4902382027773,4.9442080421410655,493.68055820473023,515.3905275753183,-1.986161602197128,-2.0225948618585856,0.024390243902439025,1.0,0.6911457908780902,0.7317073170731707,0.2926829268292683,-1.0110759225109343,-3.0024986129767197,129.5,128.6625,234.49010842078286,246.1652382027773
2,8,f2,trust,ma10,event,429.66523655397737,437.39596513917513,3.9040782173565187,427.28316546706964,444.1212545586799,-1.7674439641293729,-1.9801674440919121,0.04878048780487805,0.975609756097561,0.33255603593934224,0.5853658536585366,0.43902439024390244,-1.5892548567867308,-1.9507836893337331,114.25,115.584375,201.16523655397737,206.22721513917514
2,10,signed,thr,seasonal60,queue,1709.7147717509715,2646.374807844929,349.72699109544146,1941.3914771218992,3920.981131926757,-35.39408073706403,-2.6782606431378935,0.024390243902439025,1.0,21.95568218142052,0.9512195121951219,0.07317073170731707,-34.49670495671699,-36.233904702598636,8.0,8.8125,1629.7147717509715,2558.249807844929
2,10,signed,mey,seasonal60,queue,1103.2781550557545,1139.81398192844,16.467835530144242,1100.1414353725468,1179.2729049061431,-3.205420134509216,-2.2186174258181595,0.07317073170731707,0.9512195121951219,0.4922688682286772,0.6341463414634146,0.3902439024390244,-2.656785049704135,-3.7532580748623765,69.375,69.821875,409.5281550557545,441.59523192843994
2,10,signed,trust,seasonal60,queue,1019.8777184274362,1043.4080608398808,15.980806001970413,1008.3770739623668,1083.4982085269298,-2.255142862659514,-1.4724127437341614,0.04878048780487805,0.975609756097561,-1.0774187265085617,0.24390243902439024,0.7804878048780488,-1.6776186933514567,-2.846094261738782,58.75,60.70625,432.3777184274362,436.3455608398808
2,8,base,thr,ma10,event,2244.1468644156007,2303.0132158487586,191.94240001384432,1960.2518752752567,2751.7497510002636,-2.556057908311357,-0.3066875866349072,0.4426229508196721,0.5737704918032787,-4.5806015435012,0.3114754098360656,0.7049180327868853,4.402367876698181,-8.655723833588652,6.166666666666667,6.101388888888889,2182.480197748934,2241.99932695987
2,8,base,mey,ma10,event,1129.4771721543648,1114.4226359019124,13.973155606919219,1080.2294979739015,1151.1173732205027,1.3508821310210228,1.0773898663947972,0.8688524590163934,0.14754098360655737,0.298653799292549,0.5901639344262295,0.4262295081967213,1.9937354316366673,0.6821046018710143,58.833333333333336,59.00833333333333,541.1438388210314,524.339302568579
2,8,base,trust,ma10,event,968.2271969457437,983.7154254792033,9.474265571119123,963.4883749456448,1004.1084163270947,-1.5744623020336135,-1.6347682484933883,0.06557377049180328,0.9508196721311475,0.4276675870032009,0.639344262295082,0.3770491803278688,-1.5294763071210236,-1.6185950814505514,51.666666666666664,51.50277777777778,451.56053027907706,468.6876477014255
2,10,dwell5,thr,seasonal60,queue,2088.6465786743897,2322.9118404359583,285.31889143785844,1821.1536616337994,3167.3327352378697,-10.084982894469308,-0.8210646711158656,0.21951219512195122,0.8048780487804879,-9.517459265666073,0.21951219512195122,0.8048780487804879,-1.2472271900912357,-18.65304540308175,7.5,7.65625,2013.6465786743897,2246.3493404359583
2,10,dwell5,mey,seasonal60,queue,1126.0734440998772,1147.1378597556472,11.170715784849849,1128.44962975838,1171.6476645550517,-1.8362584301992273,-1.885681818557986,0.024390243902439025,1.0,-0.6917365095320326,0.34146341463414637,0.6829268292682927,-2.7791548075533368,-0.9034450849361767,68.625,69.009375,439.8234440998772,457.04410975564724
2,10,dwell5,trust,seasonal60,queue,1020.4224700939992,1060.9447712505869,15.116470036861113,1027.519839844879,1094.0564455100114,-3.8194543443408535,-2.6806722110238113,0.024390243902439025,1.0,-1.1927673846865166,0.2682926829268293,0.7560975609756098,-2.520422671710479,-5.101919274409893,59.875,62.1125,421.6724700939992,439.8197712505869
2,10,dwell200,thr,seasonal60,queue,1960.8577135149603,2427.437035170003,591.8559075215486,1783.8569114188658,4081.111030805522,-19.22106793688127,-0.7883326257718486,0.21951219512195122,0.8048780487804879,36.81472199164214,0.9024390243902439,0.12195121951219512,-17.4409934620505,-20.993589246960298,6.75,6.95625,1893.3577135149603,2357.874535170003
2,10,dwell200,mey,seasonal60,queue,883.1972545019894,908.6988582009133,12.612654744004885,889.3867981768311,934.984168745468,-2.8063866779158504,-2.0219061106897764,0.024390243902439025,1.0,0.9697233329845933,0.8048780487804879,0.21951219512195122,-5.715318013225338,0.29607950126279875,52.75,55.190625,355.6972545019894,356.79260820091326
2,10,dwell200,trust,seasonal60,queue,822.2770222948113,836.7909714798686,11.045200253717772,817.020635202317,866.732063010846,-1.7344772684854994,-1.3140503432857147,0.07317073170731707,0.9512195121951219,-1.094980358253686,0.2682926829268293,0.7560975609756098,-5.010249282659613,1.8853721728357542,45.75,47.934375,364.77702229481133,357.44722147986863
2,10,f2,thr,seasonal60,queue,1611.407654036941,2418.1646396734914,325.1394345898361,1894.2412006675481,3489.3565258688463,-33.362367987709945,-2.481264650823655,0.024390243902439025,1.0,14.515852913738536,0.926829268292683,0.0975609756097561,-34.19331782534637,-32.51258130088878,7.5,7.95625,1596.407654036941,2402.2521396734915
2,10,f2,mey,seasonal60,queue,471.04103017723446,488.71258170966485,5.657370047446901,478.62547488975883,507.50820487163054,-3.6159395509339944,-3.123633664445431,0.024390243902439025,1.0,-1.6050145995762388,0.07317073170731707,0.9512195121951219,-4.689191103131813,-2.57352834345653,148.125,149.75625,174.79103017723446,189.20008170966486
2,10,f2,trust,seasonal60,queue,437.5152899516104,452.9804932324596,3.7990136510541954,446.7461798451111,463.2747539257325,-3.4140991746664042,-4.070846988548657,0.024390243902439025,1.0,0.07804507128811992,0.6097560975609756,0.4146341463414634,-3.7411917056289443,-3.0814686395980986,134.625,136.475,168.26528995161038,180.0304932324596
2,10,f50,thr,seasonal60,queue,1834.1655085550938,2761.959440355232,380.44852544717025,2191.103043732871,3613.5908422864904,-33.591873879248894,-2.4386845256125804,0.024390243902439025,1.0,-5.360593302919334,0.3902439024390244,0.6341463414634146,-35.2228946046992,-31.786724113399575,6.875,7.759375,1490.4155085550938,2373.990690355232
2,10,f50,mey,seasonal60,queue,2353.819290334303,2523.0343341488237,64.18940467907328,2370.0201785514437,2695.1984386854792,-6.7068070190018885,-2.636183411585488,0.024390243902439025,1.0,-1.2142073286527044,0.3170731707317073,0.7073170731707317,-4.886085801865975,-8.529676393296254,27.625,29.8875,972.5692903343029,1028.6593341488237
2,10,f50,trust,seasonal60,queue,2218.273272143923,2324.5249388653124,45.23771530443187,2256.9501930215665,2454.368120214629,-4.570898119649983,-2.3487407798196247,0.024390243902439025,1.0,0.5652083003377845,0.7317073170731707,0.2926829268292683,-3.3517457842328673,-5.806619749832313,24.0,25.75,1018.2732721439229,1037.0249388653124
2,10,base,thr,seasonal60,queue,1754.2474189129782,2521.52442916067,427.9636532577928,1791.4283650766408,4051.507136264903,-30.429092868360282,-1.7928555483787931,0.01639344262295082,1.0,3.4287953417019805,0.7377049180327869,0.2786885245901639,-34.48843022456416,-26.922471117361688,7.166666666666667,7.801388888888889,1682.5807522463115,2443.5105402717813
2,10,base,mey,seasonal60,queue,1058.3174941763873,1109.3522580634287,12.144000885972064,1076.5073647867569,1139.3784648132048,-4.600411052133402,-4.202467075409503,0.01639344262295082,1.0,-0.4986640832661713,0.32786885245901637,0.6885245901639344,-4.016498145567831,-5.155383410240536,63.666666666666664,66.2,421.65082750972067,447.35225806342874
2,10,base,trust,seasonal60,queue,972.619566369208,1013.2257838687718,9.914818395542213,992.2048382625466,1042.7359791781917,-4.007617862281225,-4.095507943728022,0.01639344262295082,1.0,0.1448219247534234,0.6065573770491803,0.4098360655737705,-2.803703170329594,-5.1602187772852925,56.75,59.40416666666667,405.119566369208,419.1841172021051
2,11,signed,thr,ma10,event,2027.4976817194593,2475.17479350648,333.8561219636236,1995.7428056070503,3379.0956604618896,-18.086686764970434,-1.340928269201542,0.0975609756097561,0.926829268292683,8.526636669943636,0.7317073170731707,0.2926829268292683,-6.399376713992774,-29.979498763113014,7.25,7.4625,1954.9976817194593,2400.54979350648
2,11,signed,mey,ma10,event,1080.217088016728,1083.2960873912627,15.163083731189134,1052.2557252004835,1109.968123011997,-0.2842250987861911,-0.20305891790345576,0.43902439024390244,0.5853658536585366,-1.7856846244324085,0.14634146341463414,0.8780487804878049,-4.330311386014336,3.7068293986651244,63.25,64.775,447.717088016728,435.54608739126274
2,11,signed,trust,ma10,event,985.36133648697,1014.7685747089727,13.555589519677389,985.5704762963518,1040.0859363081456,-2.8979255915996824,-2.169380990720832,0.024390243902439025,1.0,-1.6219328811861524,0.1951219512195122,0.8292682926829268,-4.035034521264784,-1.783465794901653,55.125,57.5,434.11133648697,439.76857470897266
2,11,dwell5,thr,ma10,event,1740.5049008752503,2180.774777500613,307.5774175910072,1839.7445644503298,3157.7009969497376,-20.188690788599274,-1.4314115778512697,0.024390243902439025,1.0,-4.506464037169697,0.5121951219512195,0.5121951219512195,-21.61723310560386,-18.587127723038478,7.375,7.425,1666.7549008752503,2106.524777500613
2,11,dwell5,mey,ma10,event,1104.885660787953,1139.0686823827878,16.99325645705494,1103.8132571751614,1178.3314285916372,-3.0009622881851397,-2.011563921325001,0.04878048780487805,0.975609756097561,1.5132191640657635,0.9024390243902439,0.12195121951219512,-3.3894737560772024,-2.6032783707487677,65.75,64.59375,447.38566078795293,493.13118238278776
2,11,dwell5,trust,ma10,event,1061.62969774852,1076.9236163917499,12.393157784811722,1039.813014508085,1107.4346356705453,-1.4201488768973696,-1.234061480438282,0.12195121951219512,0.9024390243902439,-1.2563005573528077,0.14634146341463414,0.8780487804878049,-2.5150389519846916,-0.322216367992763,62.0,62.175,441.6296977485199,455.1736163917499
2,11,dwell200,thr,ma10,event,1947.8247282500795,2475.494946034163,315.35812122090186,1980.4637728287025,3522.1790437639634,-21.31574611491053,-1.673241252647055,0.024390243902439025,1.0,8.166063875662147,0.8048780487804879,0.21951219512195122,-13.02902750897688,-29.46188902092184,6.5,7.125,1882.8247282500795,2404.244946034163
2,11,dwell200,mey,ma10,event,966.8442352708272,976.5847022208469,18.807921110622203,940.2488559928515,1027.1198179908104,-0.9974011396931527,-0.5178917378868927,0.34146341463414637,0.6829268292682927,-0.38887601102798997,0.4634146341463415,0.5609756097560976,-1.5508667754432932,-0.503655263662402,56.5,58.696875,401.8442352708272,389.6159522208469
2,11,dwell200,trust,ma10,event,880.6743468624361,886.3747314184848,13.363718840335682,853.5250813431044,918.1765615902134,-0.6431122587312734,-0.4265567559565244,0.3902439024390244,0.6341463414634146,-1.7175280055558733,0.14634146341463414,0.8780487804878049,1.2914122703649364,-2.4293222800276113,49.625,51.11875,384.4243468624361,375.18723141848477
2,11,f2,thr,ma10,event,2225.343187621591,2320.363035490115,326.5664268201699,1725.8913155099065,3211.7168255876645,-4.095042302225515,-0.29096637028413447,0.4634146341463415,0.5609756097560976,-21.875554456032603,0.04878048780487805,0.975609756097561,-17.79976606956194,7.885112310829586,7.5,7.5625,2210.343187621591,2305.238035490115
2,11,f2,mey,ma10,event,499.9645187691533,503.5476309731174,4.820387808886424,490.57872101022554,515.765269092054,-0.7115736394270507,-0.7433244680767406,0.24390243902439024,0.7804878048780488,1.1003522267061858,0.926829268292683,0.0975609756097561,-0.8159620561675642,-0.6090659151616729,147.625,150.69375,204.7145187691533,202.16013097311742
2,11,f2,trust,ma10,event,459.38487599669725,464.962621297124,3.923358295047254,457.2089113862853,474.0144605014267,-1.199611548314632,-1.421676247990893,0.04878048780487805,0.975609756097561,-0.7583373685330785,0.2682926829268293,0.7560975609756098,-1.303273083528592,-1.09724938907791,133.25,135.51875,192.88487599669725,193.92512129712395
2,11,f50,thr,ma10,event,2635.651128950597,2808.1746099698125,205.55343717233376,2429.6897784334415,3175.138864196884,-6.143616583053935,-0.8393120708294152,0.2682926829268293,0.7560975609756098,-11.316366079055692,0.12195121951219512,0.9024390243902439,-4.052819946138646,-8.137942021278842,7.625,7.65625,2254.401128950597,2425.3621099698125
2,11,f50,mey,ma10,event,2514.101139159323,2477.6656460494,42.30932691982305,2346.98672295658,2570.5235327680703,1.4705573033237427,0.861169292032671,0.8536585365853658,0.17073170731707318,1.628958026348624,0.8780487804878049,0.14634146341463414,0.012443115032643138,2.8962708771855206,29.375,29.096875,1045.3511391593229,1022.8218960494
2,11,f50,trust,ma10,event,2307.0903480289003,2282.3166097554686,32.79705672572265,2206.983425779057,2347.264111377297,1.0854645743513218,0.755364680453223,0.7804878048780488,0.24390243902439024,1.0869502046550048,0.7804878048780488,0.24390243902439024,2.7714164974652924,-0.6147279992555053,25.75,25.928125,1019.5903480289003,985.9103597554686
2,13,signed,thr,seasonal60,orchestration,2057.9482628821747,2062.7397090521627,288.4156056440592,1733.5413900953145,3058.8852974126535,-0.23228554475201382,-0.016612992071937893,0.5853658536585366,0.43902439024390244,-14.16033062587524,0.0975609756097561,0.926829268292683,3.666164331819244,-3.5569610125152558,14.625,14.803125,1911.6982628821747,1914.7084590521627
2,13,signed,mey,seasonal60,orchestration,1052.3940057376265,1039.4124994222614,15.473047792075937,1014.7695967331947,1105.3538523540624,1.248927285613809,0.8389753906152342,0.9024390243902439,0.12195121951219512,-0.5145305662045097,0.34146341463414637,0.6829268292682927,2.176631242105566,0.32131411829404943,63.75,63.865625,414.89400573762646,400.75624942226136
2,13,signed,trust,seasonal60,orchestration,992.2795443900325,987.5829744424758,12.258956457496629,968.3608930358715,1019.6513996400045,0.4755620610215604,0.38311335584234085,0.6097560975609756,0.4146341463414634,-0.6197995582242852,0.36585365853658536,0.6585365853658537,-1.2381290062160408,2.204966708850952,59.625,60.159375,396.02954439003247,385.9892244424758
2,11,base,thr,ma10,event,1783.1731680240175,2268.0349177489998,247.74631771713055,1949.8704539850362,3484.3170616281227,-21.378054893713994,-1.957089631816781,0.01639344262295082,1.0,1.7136072843496233,0.6557377049180327,0.36065573770491804,-16.845591016129156,-25.87310920256707,7.583333333333333,7.5569444444444445,1707.3398346906843,2192.4654733045554
2,11,base,mey,ma10,event,1106.8673510279311,1116.14358485246,12.259935504816175,1083.6338197244388,1152.4445026509445,-0.8310968185831615,-0.7566299040386292,0.21311475409836064,0.8032786885245902,-1.183360305482618,0.13114754098360656,0.8852459016393442,-0.5919813674221013,-1.0530598395714617,66.5,66.10277777777777,441.86735102793114,455.11580707468227
2,11,base,trust,ma10,event,1021.8944587118617,1025.1491988933442,9.366278529532892,1006.5259673083577,1046.0670215974621,-0.31748941373567774,-0.34749555773084545,0.4098360655737705,0.6065573770491803,0.3485187894774207,0.6229508196721312,0.39344262295081966,-0.8179852863689374,0.1891384009384576,57.666666666666664,58.15694444444444,445.2277920451951,443.57975444889973
2,13,dwell5,thr,seasonal60,orchestration,1678.5264756023603,1657.8041623591648,167.72590852598213,1494.8885171171373,2292.837926053043,1.249985596230271,0.12354867190947665,0.7073170731707317,0.3170731707317073,-7.582002057960304,0.07317073170731707,0.9512195121951219,2.969393578852627,-0.43627203430955597,12.0,11.753125,1558.5264756023603,1540.2729123591648
2,13,dwell5,mey,seasonal60,orchestration,1038.4307050212865,1014.0470920513744,14.140486793908392,996.9810247294402,1081.0899882464823,2.4045838858020927,1.724382853666419,0.975609756097561,0.04878048780487805,-1.6967116123590067,0.024390243902439025,1.0,3.8218242942275213,1.0254738900201947,60.0,59.85,438.4307050212865,415.5470920513744
2,13,dwell5,trust,seasonal60,orchestration,995.0827033161369,985.581646119738,9.501969416561082,966.7262270224207,1007.7675122063038,0.9640050861138465,0.999903996727179,0.8292682926829268,0.1951219512195122,-1.8025880660994285,0.04878048780487805,0.975609756097561,0.9302869164507905,0.9978214604831145,54.625,55.325,448.8327033161369,432.331646119738
2,13,dwell200,thr,seasonal60,orchestration,2021.0632076137729,2166.173623278034,370.3591639612311,1751.1830713605516,3302.3439822949385,-6.698928197854612,-0.3918099774073666,0.43902439024390244,0.5853658536585366,-9.846781871643767,0.3902439024390244,0.6341463414634146,8.052935968901522,-23.01262446839177,11.375,11.015625,1907.3132076137729,2056.017373278034
2,13,dwell200,mey,seasonal60,orchestration,895.6276610590944,849.7410550287572,10.74046184592005,827.9184661697248,881.9572900257924,5.400069322151833,4.272312186255572,1.0,0.024390243902439025,0.13595414284080048,0.5853658536585366,0.43902439024390244,7.823971574913867,2.692081837441515,51.0,51.11875,385.6276610590944,338.55355502875716
2,13,dwell200,trust,seasonal60,orchestration,838.9904090632369,815.4037739663453,10.561024692741832,789.8477331439708,837.236184763469,2.8926325643748076,2.2333661536746336,1.0,0.024390243902439025,-0.011805508613491864,0.5121951219512195,0.5121951219512195,3.8455599927667827,1.8137980552203168,50.0,49.65,338.99040906323694,318.9037739663453
2,13,f2,thr,seasonal60,orchestration,1882.3520900379008,1695.9877720337668,214.12912236416076,1384.1603871167422,2331.9244411244463,10.98854137259803,0.870336159540185,0.8292682926829268,0.1951219512195122,7.491916651075955,0.7804878048780488,0.24390243902439024,3.9693010811209914,18.353089980820602,11.75,11.559375,1858.8520900379008,1672.8690220337667
2,13,f2,mey,seasonal60,orchestration,443.42811152905955,415.66333686313567,2.9131828398780355,411.62231556872166,423.4345216851324,6.6796304132702256,9.53073534755762,1.0,0.024390243902439025,0.016043625289183714,0.5609756097560976,0.4634146341463415,7.137111956284929,6.2075982266828715,126.75,126.9125,189.92811152905955,161.83833686313568
2,13,f2,trust,seasonal60,orchestration,424.5956312654592,412.97757373776346,2.1278314670917604,409.98406548483365,419.45652240904724,2.8132417512513825,5.460045923455981,1.0,0.024390243902439025,0.20441652235937297,0.7317073170731707,0.2926829268292683,2.932620840798374,2.6898740139468216,122.875,124.04375,178.8456312654592,164.89007373776346
2,13,f50,thr,seasonal60,orchestration,2618.2227080021694,2490.6731554480853,269.05417810457914,2139.0010135982357,3225.4797684880205,5.121087537121557,0.47406642577580294,0.7073170731707317,0.3170731707317073,22.248592504085476,0.975609756097561,0.04878048780487805,7.288789163791015,2.979497359768545,11.625,12.128125,2036.9727080021694,1884.2669054480853
2,13,f50,mey,seasonal60,orchestration,2376.514087876796,2309.1585087884173,32.336200418400196,2256.0240757834745,2368.5257311943615,2.9168885042767956,2.082977536533687,1.0,0.024390243902439025,-1.4664356549722004,0.21951219512195122,0.8048780487804879,3.097864159603976,2.7451080668400283,27.0,26.521875,1026.514087876796,983.0647587884173
2,13,f50,trust,seasonal60,orchestration,2270.676360776733,2260.1272930564364,30.267052293744264,2202.1518926623107,2316.213825767823,0.4667466187725524,0.3485330390920448,0.6341463414634146,0.3902439024390244,0.11662658217346153,0.5121951219512195,0.5121951219512195,4.378233030516796,-3.1728744352073925,25.75,26.5875,983.176360776733,930.7522930564364
2,14,signed,thr,ma10,timer,1921.9520869477496,2176.505355169742,149.8768311565729,1896.0794677060996,2521.8968394606,-11.695503878148747,-1.6984164013720462,0.04878048780487805,0.975609756097561,-10.966441231766487,0.04878048780487805,0.975609756097561,-10.381936445647085,-13.108463189512237,6.0,6.040625,1861.9520869477496,2116.099105169742
2,14,signed,mey,ma10,timer,1065.7547412254853,1077.9701709911783,13.67311944787665,1053.280620218856,1108.1718835483798,-1.1331881061663398,-0.8933901157127658,0.21951219512195122,0.8048780487804879,-1.0883564939183163,0.24390243902439024,0.7804878048780488,-2.929277817545055,0.78740086132317,62.0,61.915625,445.7547412254853,458.8139209911783
2,14,signed,trust,ma10,timer,955.0195838883749,944.5389486614959,14.981632954058526,911.7048919981636,969.0545537264928,1.1096032875860882,0.6995656120409641,0.7317073170731707,0.2926829268292683,-1.4761409948966617,0.21951219512195122,0.8048780487804879,1.6243074972602078,0.5842144827707025,55.0,53.984375,405.0195838883749,404.69519866149585
2,13,base,thr,seasonal60,orchestration,2009.3974219774261,2119.334773333118,255.09287078568923,1711.8425993875717,2856.02882628384,-5.187351839784673,-0.4309699091828141,0.4098360655737705,0.6065573770491803,-13.799279751005841,0.09836065573770492,0.9180327868852459,-8.158471384891124,-2.2560084617121587,11.916666666666666,11.866666666666667,1890.2307553107594,2000.6681066664512
2,13,base,mey,seasonal60,orchestration,1012.1821776338935,1000.4788887018218,16.020805977458537,979.5180803439216,1087.5669981151984,1.1697687041909883,0.7305056280276016,0.9016393442622951,0.11475409836065574,-0.5659788238417269,0.3442622950819672,0.6721311475409836,2.0926742857541445,0.20776088052127673,58.166666666666664,58.52361111111111,430.5155109672269,415.2427775907107
2,13,base,trust,seasonal60,orchestration,958.4297633697064,955.0601792341945,11.244540996286991,934.3593690734187,1003.6070921281402,0.3528138026039121,0.29966400021348627,0.7049180327868853,0.3114754098360656,-1.1049849898801092,0.14754098360655737,0.8688524590163934,1.0798933797505588,-0.375459810088423,54.833333333333336,55.794444444444444,410.096430036373,397.11573478975004
2,14,dwell5,thr,ma10,timer,2051.1162918528444,2207.490900155295,145.68996774297864,1863.4583227262788,2508.8549595446602,-7.083816666761793,-1.073338203892814,0.12195121951219512,0.9024390243902439,3.0674799549301124,0.6341463414634146,0.3902439024390244,4.508361753363712,-17.66344223055247,6.0,6.0,1991.1162918528444,2147.490900155295
2,14,dwell5,mey,ma10,timer,1097.5513247949434,1091.6905142981564,15.136775491039,1059.5316990814667,1117.8569401272503,0.5368564093968469,0.3871901581850549,0.7073170731707317,0.3170731707317073,0.6580830291101616,0.7317073170731707,0.2926829268292683,1.9096130283388324,-0.8473824673137901,58.125,56.79375,516.3013247949434,523.7530142981564
2,14,dwell5,trust,ma10,timer,1034.642572947933,1040.6210461157411,13.700462068041897,1018.4734986899119,1079.2822822028888,-0.5745101149091202,-0.4363701850431451,0.43902439024390244,0.5853658536585366,0.7702046670880551,0.7317073170731707,0.2926829268292683,-1.0466235155427044,-0.07187676958500251,57.25,56.646875,462.1425729479331,474.15229611574114
2,14,dwell200,thr,ma10,timer,2015.8385869133317,2356.4940880188515,212.6533052261547,1939.3093583396903,2806.157249994264,-14.456030373151295,-1.6019290212453363,0.04878048780487805,0.975609756097561,-15.214218902156771,0.04878048780487805,0.975609756097561,-13.131082057018636,-15.721642059215675,4.75,4.75,1968.3385869133317,2308.9940880188515
2,14,dwell200,mey,ma10,timer,900.2406618168955,906.2852377008742,14.534734287846572,885.3161344448507,938.802000205546,-0.6669617502887957,-0.41587109638687947,0.3902439024390244,0.6341463414634146,-3.0431121175271234,0.024390243902439025,1.0,0.703098402958546,-1.849573330584515,47.875,47.171875,421.49066181689545,434.5664877008742
2,14,dwell200,trust,ma10,timer,761.7905821216405,786.4125314121032,9.251200813345108,768.8979347634311,802.9455402780555,-3.130920262200167,-2.66148684773386,0.024390243902439025,1.0,-0.8202315710217762,0.2682926829268293,0.7560975609756098,-2.771175285664324,-3.455865901550391,41.75,43.35,344.29058212164045,352.91253141210325
2,14,f2,thr,ma10,timer,1999.3430472350458,2179.3765153681156,159.0664928929306,1842.462030076731,2464.9099790813175,-8.26077856962961,-1.131812645509525,0.14634146341463414,0.8780487804878049,3.3471836966066593,0.6829268292682927,0.34146341463414637,-16.440294527926202,-0.26009370012690963,6.0,6.0,1987.3430472350458,2167.3765153681156
2,14,f2,mey,ma10,timer,484.30642681854266,489.0796101875118,5.433467074030409,477.7251512512787,506.36123342265256,-0.9759522314044311,-0.8784783829431559,0.14634146341463414,0.8780487804878049,-1.0569277061655744,0.12195121951219512,0.9024390243902439,-2.140493283391865,0.1293675534080308,128.125,125.4625,228.05642681854266,238.15461018751176
2,14,f2,trust,ma10,timer,432.28500651113194,435.0208241224802,4.327202751169137,425.7895904016235,444.81798795520535,-0.6288934827124434,-0.6322369827965807,0.3170731707317073,0.7073170731707317,-0.5412631610884444,0.3170731707317073,0.7073170731707317,-0.9244884670052551,-0.3458067975136617,118.875,118.715625,194.53500651113194,197.58957412248017
2,14,f50,thr,ma10,timer,2338.087156591269,2584.9165016473194,256.0881825924262,2193.605259358505,2991.18779485512,-9.548832424519349,-0.9638451199010946,0.1951219512195122,0.8292682926829268,12.422334388611157,0.8780487804878049,0.14634146341463414,-0.08333846680025676,-19.03517543878834,6.0,6.0,2038.087156591269,2284.9165016473194
2,14,f50,mey,ma10,timer,2314.663093628864,2286.4166392940742,43.49777211129788,2191.7419009091673,2369.707950354832,1.2354027629675866,0.6493770361965976,0.8048780487804879,0.21951219512195122,2.111658711811247,0.8780487804878049,0.14634146341463414,-0.5358512345528526,3.040854348978914,24.25,23.31875,1102.1630936288639,1120.4791392940742
2,14,f50,trust,ma10,timer,2040.9748249550562,2072.0094423924006,43.13826256881056,1996.5071838705458,2154.326202754887,-1.4978028961832808,-0.7194220533995913,0.2926829268292683,0.7317073170731707,2.337555827416202,0.8780487804878049,0.14634146341463414,-3.6226557883872115,0.5361016176687979,20.625,21.328125,1009.7248249550562,1005.6031923924006
2,15,signed,thr,naive,event,1822.3517131262442,2673.900298669939,437.9569573172306,2019.9276355317613,4033.1767422305265,-31.846684259965674,-1.9443659275559406,0.024390243902439025,1.0,-6.365742665645404,0.4878048780487805,0.5365853658536586,-34.86633510331716,-28.785366869650666,8.375,8.759375,1738.6017131262442,2586.306548669939
2,15,signed,mey,naive,event,1132.6989353996187,1174.9232959362678,16.970228033931,1135.1506160545996,1202.9369452256308,-3.593797202140037,-2.4881433798192876,0.024390243902439025,1.0,1.0457319536233898,0.7073170731707317,0.3170731707317073,-3.420695025867117,-3.7676277865210395,71.0,72.978125,422.6989353996187,445.1420459362678
2,15,signed,trust,naive,event,1039.8544119417675,1052.1175796826483,15.372968544071233,1022.8720686804205,1089.5425290691633,-1.1655700824407642,-0.7977098050857753,0.21951219512195122,0.8048780487804879,-1.391669983768871,0.21951219512195122,0.8048780487804879,-0.08447708632145065,-2.2578489429598947,63.75,63.73125,402.35441194176747,414.8050796826483
2,15,dwell5,thr,naive,event,1612.9869244281315,2378.817765305338,357.0832912689924,1943.3016983004022,3249.017793985216,-32.193758262895216,-2.144684054399798,0.024390243902439025,1.0,-14.3438105772747,0.12195121951219512,0.9024390243902439,-35.038693643995046,-29.542347890558222,7.5,7.534375,1537.9869244281315,2303.474015305338
2,15,dwell5,mey,naive,event,1127.1853065708658,1173.5280459276914,13.421626904666843,1145.2967243611997,1212.1436980432252,-3.9490099548657147,-3.4528406791513304,0.024390243902439025,1.0,-1.555634962304822,0.12195121951219512,0.9024390243902439,-4.125931426706995,-3.7741426068363233,71.25,70.990625,414.6853065708658,463.62179592769144
2,15,dwell5,trust,naive,event,1052.9333615414735,1082.3889179733656,14.067145142802245,1057.4832183443818,1113.2729673087651,-2.721346823011071,-2.0939256780871176,0.024390243902439025,1.0,-0.5880563613905301,0.3902439024390244,0.6341463414634146,-3.5575184275695224,-1.9018607958400777,62.125,63.6375,431.68336154147346,446.01391797336555
2,14,base,thr,ma10,timer,2115.0486387070555,2139.5233262017155,118.52881730369548,1905.6484676115954,2409.4282873055618,-1.14393179055027,-0.2064872328216246,0.45901639344262296,0.5573770491803278,-7.239248964035128,0.09836065573770492,0.9180327868852459,-2.8563663542368367,0.7168680344457973,6.0,6.0,2055.0486387070555,2079.5233262017155
2,14,base,mey,ma10,timer,1097.1893326888842,1095.7234387844258,14.556727624313975,1061.4341664947133,1126.646287635047,0.1337832022727067,0.10070215932390986,0.5409836065573771,0.47540983606557374,-1.2303620622264195,0.19672131147540983,0.819672131147541,-0.023545688792294597,0.28907332662069474,56.416666666666664,56.96527777777778,533.0226660222175,526.0706610066479
2,14,base,trust,ma10,timer,966.8331679919387,972.0657749842808,9.320279532880582,952.9370956647563,994.4451558385275,-0.5382976262513409,-0.5614216798844083,0.29508196721311475,0.7213114754098361,-0.6679398639785106,0.26229508196721313,0.7540983606557377,-0.7173245562513124,-0.36489625702992085,52.666666666666664,52.74861111111111,440.16650132527207,444.5796638731697
2,15,dwell200,thr,naive,event,2147.2740186685924,2948.900543787318,321.32200684397264,2403.2694691585584,4021.6785675319416,-27.183911875481037,-2.4947762930784223,0.024390243902439025,1.0,36.15539466186785,0.975609756097561,0.04878048780487805,-36.88368700912111,-15.52809392797064,5.875,6.4375,2088.5240186685924,2884.525543787318
2,15,dwell200,mey,naive,event,909.4781587907397,947.3146536725432,12.415256483851227,918.1821051277556,970.4183604820591,-3.9940789193030186,-3.04758060624991,0.024390243902439025,1.0,0.058290542257988825,0.5365853658536586,0.4878048780487805,-5.489802319953168,-2.367295097871651,55.375,57.14375,355.7281587907397,375.87715367254316
2,15,dwell200,trust,naive,event,838.7836540856902,841.199735536073,11.356432339811999,821.7147479902942,863.9763882299021,-0.2872185223457274,-0.21275004139397471,0.4146341463414634,0.6097560975609756,-1.9321381456732443,0.07317073170731707,0.9512195121951219,-1.1423178212760454,0.5788565573932412,48.625,48.228125,352.53365408569016,358.91848553607304
2,15,f2,thr,naive,event,1678.8653933064363,2623.414021486031,353.8212494785131,2095.817676947387,3351.3718690957558,-36.00455819949288,-2.669564446939627,0.024390243902439025,1.0,2.015438099393007,0.6341463414634146,0.3902439024390244,-40.47511421095648,-31.22082655429398,7.0,7.8375,1664.8653933064363,2607.7390214860307
2,15,f2,mey,naive,event,483.3773837214286,501.2305233229269,4.817221497914521,492.55032676873236,511.50300196297667,-3.5618620117426665,-3.706107267275816,0.024390243902439025,1.0,-0.31302059108717534,0.4146341463414634,0.6097560975609756,-2.9092232418164823,-4.230992682642752,153.0,153.6125,177.3773837214286,194.00552332292688
2,15,f2,trust,naive,event,432.0578247806504,452.08040989842067,4.095006264504716,442.3956042788086,460.4576876734852,-4.428987560480497,-4.889512695334543,0.024390243902439025,1.0,0.4184539738851851,0.7317073170731707,0.2926829268292683,-2.8423846510101547,-6.01386991149211,129.25,135.7625,173.55782478065038,180.5554098984207
2,15,f50,thr,naive,event,1900.9960873442528,2741.7597142216755,330.29901867227284,2089.9673866564344,3500.5846900431407,-30.665109802158454,-2.545462079351921,0.024390243902439025,1.0,13.771407446767924,0.8292682926829268,0.1951219512195122,-33.31327492786234,-27.91246144358504,7.625,7.853125,1519.7460873442528,2349.1034642216755
2,15,f50,mey,naive,event,2521.9907309017954,2634.393691006887,55.42655010073038,2517.3405905079517,2800.554291017194,-4.266748758502008,-2.0279624097262796,0.04878048780487805,0.975609756097561,-0.7931772654162059,0.34146341463414637,0.6829268292682927,-5.663437998293203,-2.9984053488403593,30.375,30.83125,1003.2407309017954,1092.831191006887
2,15,f50,trust,naive,event,2190.063525443497,2279.0414081553145,44.7569324513133,2200.2927471778885,2381.8337204535346,-3.9041801694966733,-1.9880245995099841,0.024390243902439025,1.0,-0.24510991873741855,0.43902439024390244,0.5853658536585366,-3.9303844809718074,-3.8784659251236895,25.125,26.1,933.8135254434969,974.0414081553145
2,16,dwell5,thr,seasonal60,orchestration,2008.5002987257926,2330.2218983887396,309.2718207816854,1886.744088442764,3120.9567337186,-13.806479111942316,-1.0402551349482627,0.14634146341463414,0.8780487804878049,-2.1704394344560893,0.5609756097560976,0.4634146341463415,-9.3776752410945,-17.682132804495076,6.25,6.475,1946.0002987257926,2265.4718983887396
2,16,dwell5,mey,seasonal60,orchestration,1090.7718840564614,1124.9381132677954,17.173647926054915,1090.3570459813066,1167.3332977613763,-3.037165227879571,-1.98945671638574,0.04878048780487805,0.975609756097561,1.4079597613351715,0.8048780487804879,0.21951219512195122,-2.333793978444652,-3.7511663780180484,63.5,64.884375,455.77188405646143,476.0943632677954
2,16,dwell5,trust,seasonal60,orchestration,996.0899661741327,1012.8167503629614,13.314033955578962,986.96475095354,1045.1966658760878,-1.6515114094266745,-1.2563272892825834,0.12195121951219512,0.9024390243902439,1.878696218465766,0.9512195121951219,0.07317073170731707,-2.4117063702374177,-0.8898848480340943,54.25,54.51875,453.58996617413266,467.62925036296144
2,15,base,thr,naive,event,1871.334272245257,2811.225811660906,282.57940022528345,2237.721228087629,3547.303663381788,-33.433512723061895,-3.326114850078705,0.01639344262295082,1.0,2.3976350852457746,0.6229508196721312,0.39344262295081966,-33.97137797424357,-32.924245908308905,7.166666666666667,7.6875,1799.6676055785902,2734.350811660906
2,15,base,mey,naive,event,1101.9843444500086,1147.8805949964933,14.137909699925075,1120.2831799389,1179.5980866758712,-3.9983471056608364,-3.2463250594059114,0.01639344262295082,1.0,-0.8087501721579514,0.26229508196721313,0.7540983606557377,-2.3979122696975947,-5.569769376755057,66.25,68.98611111111111,439.4843444500086,458.0194838853822
2,15,base,trust,naive,event,1019.7985413075113,1045.9957409234642,11.937109380653,1021.5769109255576,1082.6226538010374,-2.5045225894346843,-2.194601622601516,0.01639344262295082,1.0,-1.920957854863548,0.03278688524590164,0.9836065573770492,-2.858571645295105,-2.169139137633265,60.166666666666664,61.11805555555556,418.13187464084467,434.8151853679086
2,16,signed,thr,seasonal60,orchestration,1803.756060588547,2356.1733109734646,313.4254874225153,1936.9679955794854,3047.3401275324386,-23.445527025203585,-1.7625154065413575,0.024390243902439025,1.0,-1.3599470868050734,0.5609756097560976,0.4634146341463415,-18.435616953395236,-27.84845421720682,6.625,6.95,1737.506060588547,2286.6733109734646
2,16,signed,mey,seasonal60,orchestration,1063.0786932463482,1130.2628177265262,16.21222419661538,1098.0892153137147,1160.5089161765977,-5.944115247046343,-4.144041167047521,0.024390243902439025,1.0,1.4249788009074607,0.8292682926829268,0.1951219512195122,-6.425346431429361,-5.465910532753933,63.75,67.5,425.57869324634817,455.26281772652624
2,16,signed,trust,seasonal60,orchestration,955.518078513168,969.1736266592652,11.13165818996703,945.8275143260901,993.7283633679356,-1.4089888303262836,-1.226730817013853,0.17073170731707318,0.8536585365853658,1.6115235011764955,0.926829268292683,0.0975609756097561,-1.1071634788121791,-1.699028137633387,55.0,56.11875,405.518078513168,407.9861266592652
2,16,dwell200,thr,seasonal60,orchestration,1858.8447957945377,2262.3604922088434,355.51480640455213,1777.9274368321726,3208.2708110853605,-17.836047694606588,-1.1350179771560112,0.07317073170731707,0.9512195121951219,-1.4807983507908504,0.6097560975609756,0.4146341463414634,-14.993474154794262,-20.749098155753106,5.25,5.228125,1806.3447957945377,2210.0792422088434
2,16,dwell200,mey,seasonal60,orchestration,854.9233157028771,869.7602089796362,12.31863571603982,842.2717098011864,902.5399028381124,-1.7058602041780153,-1.204426660449125,0.12195121951219512,0.9024390243902439,0.24286187806615495,0.6341463414634146,0.3902439024390244,-2.5805309012148094,-0.8246001311998907,47.25,48.75625,382.42331570287706,382.1977089796362
2,16,dwell200,trust,seasonal60,orchestration,767.7266833825328,779.5447949828718,12.124935704865889,763.198615088084,809.224193533767,-1.5160272605756733,-0.9746947850285361,0.21951219512195122,0.8048780487804879,2.726794545259517,0.9512195121951219,0.07317073170731707,-1.2717597304423036,-1.747769551357208,41.75,42.753125,350.22668338253277,352.01354498287185
2,16,f2,thr,seasonal60,orchestration,1818.6670711651939,2241.0342437182762,261.88674508080766,1720.5493801010834,2887.5960288367387,-18.846975397051484,-1.612785604795527,0.04878048780487805,0.975609756097561,-10.82093365301529,0.17073170731707318,0.8536585365853658,-27.086020041085046,-10.182150257094966,6.5,6.40625,1805.6670711651939,2228.2217437182762
2,16,f2,mey,seasonal60,orchestration,473.2612873859181,493.5241496444548,5.733037529531341,480.68852333588995,506.01400617954096,-4.105748882427434,-3.5344025142275894,0.024390243902439025,1.0,-0.8887002602882762,0.24390243902439024,0.7804878048780488,-6.052005588555302,-2.179664322694803,132.375,135.971875,208.51128738591808,221.58039964445476
2,16,f2,trust,seasonal60,orchestration,420.7819250630922,431.5597947397946,3.905240115637735,423.0243751444248,442.75987359342844,-2.497422097255563,-2.759848141870869,0.024390243902439025,1.0,0.2581506918129654,0.6341463414634146,0.3902439024390244,-3.068601393217755,-1.937527579315048,117.5,119.003125,185.78192506309222,193.5535447397946
2,16,f50,thr,seasonal60,orchestration,2037.4038304104247,2642.7849193745865,237.15864532889447,2258.4012012118683,3638.9025514711607,-22.906937470621894,-2.5526418744912798,0.024390243902439025,1.0,-9.083371963717594,0.0975609756097561,0.926829268292683,-22.47609691549789,-23.334744391485884,6.375,6.465625,1718.6538304104247,2319.5036693745865
2,16,f50,mey,seasonal60,orchestration,2352.7273200509417,2455.4121738510908,55.537371530231276,2363.29269401695,2583.369636973137,-4.181980316530614,-1.8489325470553373,0.024390243902439025,1.0,-0.9113940276151967,0.3902439024390244,0.6341463414634146,0.10101912916804073,-8.59371887122726,27.75,28.64375,965.2273200509417,1023.2246738510908
2,16,f50,trust,seasonal60,orchestration,2097.389529707558,2154.8308702796035,33.5531743692326,2089.461341979636,2230.7225930392074,-2.6657006526267306,-1.711949514520983,0.07317073170731707,0.9512195121951219,-0.36259879090818703,0.4146341463414634,0.6097560975609756,-2.4526672264970726,-2.884849487367217,22.75,22.75625,959.8895297075578,1017.0183702796035
2,16,base,thr,seasonal60,orchestration,1753.3735777138847,2151.5761092725656,262.51303498215606,1673.9898198507492,2971.4345440363827,-18.507480625136274,-1.5168867008289633,0.03278688524590164,0.9836065573770492,-15.212258850490077,0.08196721311475409,0.9344262295081968,-16.31262137418597,-20.860389785743056,6.583333333333333,6.481944444444444,1687.5402443805515,2086.7566648281213
2,16,base,mey,seasonal60,orchestration,1066.2856806936336,1109.8712938324231,13.29793684204784,1082.4194937047953,1143.359675032229,-3.927087165962005,-3.277622209858345,0.01639344262295082,1.0,1.1486298495888054,0.819672131147541,0.19672131147540983,-5.262107566023087,-2.5596849780579136,60.5,61.670833333333334,461.2856806936336,493.16296049908976
2,16,base,trust,seasonal60,orchestration,945.4190320216494,956.6000417288465,10.495519366169386,933.2086355113315,984.2596128746854,-1.168828059738511,-1.0653126650632692,0.09836065573770492,0.9180327868852459,-0.3712811877997046,0.4426229508196721,0.5737704918032787,-1.0488172813472034,-1.2847583957730606,52.833333333333336,53.16388888888889,417.08569868831603,424.96115283995755
2,17,signed,thr,ma10,http,2084.835355138291,2093.628454039634,175.63895496248512,1700.5670301515308,2447.7970014825987,-0.41999328411766707,-0.05006348906608518,0.5365853658536586,0.4878048780487805,25.201564834076024,1.0,0.024390243902439025,-20.757754920229257,20.880054612694778,6.25,6.203125,2022.335355138291,2031.597204039634
2,17,signed,mey,ma10,http,1107.8323985040897,1095.427623284099,17.123580719474408,1063.0133406697307,1134.9449422590656,1.13241395016142,0.7244264750002345,0.7560975609756098,0.2682926829268293,1.1492943721728077,0.7560975609756098,0.2682926829268293,0.37275339694736076,1.896938248522961,63.25,63.68125,475.3323985040897,458.6151232840989
2,17,signed,trust,ma10,http,955.4505757030897,964.1860634563542,13.251683678536946,937.7645745188865,1005.6199718809053,-0.9059960607551236,-0.6591983302025897,0.2682926829268293,0.7560975609756098,-0.8906995526363459,0.2682926829268293,0.7560975609756098,2.05095503251492,-3.889265391280402,55.375,54.765625,401.7005757030897,416.5298134563542
2,17,dwell5,thr,ma10,http,2394.7262121925783,2234.0549809519007,164.05738250079742,1898.0273167875512,2537.576837769864,7.191910342878747,0.9793599580311274,0.7560975609756098,0.2682926829268293,-2.8716220918262505,0.3902439024390244,0.6341463414634146,11.905120754080814,1.6075929983603015,6.125,6.090625,2333.4762121925783,2173.1487309519007
2,17,dwell5,mey,ma10,http,1181.1784330093342,1156.9952996266245,18.11515210677196,1124.5213892828697,1191.8649688555076,2.0901669514572667,1.3349671722419234,0.9024390243902439,0.12195121951219512,-0.8759339902798114,0.2926829268292683,0.7317073170731707,1.6875474958528949,2.501873349244109,62.375,61.84375,557.4284330093342,538.5577996266245
2,17,dwell5,trust,ma10,http,1030.9497937136375,1010.0874679852153,10.057936834577031,987.7648669331585,1037.3564616908693,2.065397937273247,2.0742152263973264,0.975609756097561,0.04878048780487805,0.006589567499056113,0.5365853658536586,0.4878048780487805,3.631468886180033,0.44634884652547685,53.25,52.825,498.4497937136375,481.8374679852153
2,17,dwell200,thr,ma10,http,2248.9329507040748,2306.0930151552993,250.50629901249377,1717.2461785912396,2885.7793579748813,-2.4786538997159764,-0.2281781523121451,0.4146341463414634,0.6097560975609756,2.111613409773915,0.5853658536585366,0.43902439024390244,6.275587558052923,-11.246413255884015,4.375,4.290625,2205.1829507040748,2263.1867651552993
2,17,dwell200,mey,ma10,http,865.5420344369284,876.3512278615523,15.066250162053324,841.2925830155568,919.122202825766,-1.2334316517134578,-0.7174441754490799,0.1951219512195122,0.8292682926829268,-0.31006498819471956,0.4634146341463415,0.5609756097560976,1.1046893690395043,-3.494137515641519,45.375,46.33125,411.79203443692836,413.0387278615523
2,17,dwell200,trust,ma10,http,774.5097188512941,770.459345872527,7.651974305675796,753.7511012694456,784.0225509400123,0.5257088515397441,0.5293239126224917,0.6585365853658537,0.36585365853658536,0.5655938413628974,0.6829268292682927,0.34146341463414637,-0.13459439128603534,1.1605835315212334,39.75,40.103125,377.0097188512941,369.428095872527
2,17,f2,thr,ma10,http,2458.2598292312796,2415.354900053197,232.6369785037623,2126.722075940643,3473.185573637975,1.7763405774090404,0.1844286727502723,0.6585365853658537,0.36585365853658536,-2.205718790258185,0.43902439024390244,0.5853658536585366,-10.911679871308252,14.5638033032422,6.0,6.08125,2446.2598292312796,2403.192400053197
2,17,f2,mey,ma10,http,517.3664493166308,507.08230196702107,6.045218233887946,493.37530627666706,521.8732574321106,2.0281022054440725,1.7012036541475755,0.975609756097561,0.04878048780487805,-0.7967586730978266,0.34146341463414637,0.6829268292682927,1.0468894451346575,2.9863590756082226,129.625,128.6375,258.1164493166308,249.8073019670211
2,17,f2,trust,ma10,http,454.49443273401346,444.13343883114294,4.61188774744499,432.86797697561644,454.41292451142954,2.3328560736472066,2.246584147372313,1.0,0.024390243902439025,0.8582310919326573,0.8048780487804879,0.21951219512195122,1.9537232741101398,2.7029923959868154,118.0,116.234375,218.49443273401346,211.66468883114294
2,17,f50,thr,ma10,http,2348.270292374812,2401.249066356179,156.44436816616292,2186.791381097693,2871.1800942339523,-2.2063006592548327,-0.338642896528541,0.4146341463414634,0.6097560975609756,0.26879607833053737,0.5365853658536586,0.4878048780487805,-3.3969759706940454,-0.906691234982746,6.0,6.040625,2048.270292374812,2099.217816356179
2,17,f50,mey,ma10,http,2507.897035316415,2425.0378648271444,51.21705510189325,2326.5300788134273,2540.5293942948156,3.4168196584087873,1.6178042709489495,0.9024390243902439,0.12195121951219512,0.16710504318452896,0.5609756097560976,0.4634146341463415,3.662954273555043,3.1535657074667323,24.375,24.9375,1289.147035316415,1178.1628648271444
2,17,f50,trust,ma10,http,2157.3983991345885,2175.3653309052893,33.45255422614915,2087.6124461044487,2251.8855136619304,-0.8259270990231194,-0.5370869933948533,0.2926829268292683,0.7317073170731707,2.4620003433315,0.926829268292683,0.0975609756097561,1.4040421486999144,-3.1792610058578945,20.625,21.690625,1126.1483991345885,1090.8340809052893
2,18,signed,thr,naive,http,1560.7886564878731,1566.5586654206113,2.0691966450096166,1560.7886564878731,1571.1888351426364,-0.36832383364263943,-2.788526139675501,0.07317073170731707,1.0,0.1902253093382702,0.975609756097561,0.0975609756097561,-0.48034900436233147,-0.264817749976084,9.125,9.69375,1469.5386564878731,1469.6211654206113
2,18,signed,mey,naive,http,930.3374052299105,929.8447848641332,1.9681526796324793,923.1459014257201,934.4054008906262,0.05297877385517099,0.2502958082851881,0.7317073170731707,0.5121951219512195,0.18740981227656162,0.8292682926829268,0.21951219512195122,-0.1057598245799232,0.21418648322941966,50.875,50.778125,421.5874052299105,422.0635348641332
2,18,signed,trust,naive,http,932.5636274080466,939.0427430610314,1.8328519761930824,934.4157656910256,941.3467515047467,-0.689970259699209,-3.534991225228234,0.024390243902439025,1.0,0.23810252565740678,0.975609756097561,0.12195121951219512,-0.5608249850564954,-0.8180721316809486,54.0,54.6,392.5636274080466,393.0427430610314
2,17,base,thr,ma10,http,2182.5237802212705,2173.425344486013,188.61741755771436,1840.9222682240377,2816.6547795747924,0.41862195811512193,0.048237516201141306,0.5409836065573771,0.47540983606557374,-7.778367654472674,0.18032786885245902,0.8360655737704918,3.97834665374624,-3.129974266469813,6.083333333333333,6.05,2121.690446887937,2112.925344486013
2,17,base,mey,ma10,http,1120.927954050716,1110.6904986629431,15.358157476503422,1073.6952035169284,1148.4544108328957,0.9217199030780147,0.6665809621652317,0.7377049180327869,0.2786885245901639,-0.22330082027624065,0.4098360655737705,0.6065573770491803,1.0410023071219023,0.8014984334747915,58.25,58.40972222222222,538.4279540507159,526.593276440721
2,17,base,trust,ma10,http,988.577303016563,973.457518701182,9.13539457311486,946.6051771960534,996.0852171575889,1.5532043283772885,1.655077314326181,0.9180327868852459,0.09836065573770492,1.1211307577507428,0.9180327868852459,0.09836065573770492,1.5739241966577155,1.5319837865111308,52.416666666666664,51.666666666666664,464.4106363498963,456.7908520345154
2,18,dwell5,thr,naive,http,1655.557911206034,1660.3779516282448,10.554093179340988,1605.9644320398497,1696.7582058283797,-0.29029778536169654,-0.45669867986817086,0.04878048780487805,0.975609756097561,0.08612253471488338,0.926829268292683,0.4146341463414634,-0.26992698039487056,-0.3121896048626945,9.25,9.78125,1563.057911206034,1562.5654516282448
2,18,dwell5,mey,naive,http,981.4438005456607,984.2207332385053,2.0858078157336006,980.6086414166044,993.5963290753184,-0.28214531548297583,-1.3313463838316102,0.04878048780487805,0.975609756097561,-0.23821457946096894,0.0975609756097561,0.926829268292683,0.04743594067920208,-0.62017367288262,57.125,57.41875,410.1938005456607,410.0332332385053
2,18,dwell5,trust,naive,http,982.358900151457,985.0693480942955,2.2633919358856787,981.4608007656828,993.9509134967369,-0.2751530080681254,-1.1975159493434853,0.12195121951219512,0.975609756097561,-0.02136376928646271,0.5609756097560976,0.6097560975609756,-0.12519305015369844,-0.43050855384592385,55.125,55.315625,431.10890015145696,431.9130980942955
2,18,dwell200,thr,naive,http,1918.2808074973034,1922.2195594354205,9.881458072938974,1864.672028010718,1935.1269945898862,-0.2049064540407628,-0.3986002783236642,0.12195121951219512,0.9512195121951219,0.05520951322514939,0.5609756097560976,0.6829268292682927,-0.2875662652541652,-0.12403195379353175,7.625,8.159375,1842.0308074973034,1840.6258094354205
2,18,dwell200,mey,naive,http,759.0892446914023,762.2565496201953,2.2814431142621117,755.3392446914023,766.448470104893,-0.4155169188603417,-1.3882901173353999,0.12195121951219512,0.926829268292683,0.38768699299289994,0.926829268292683,0.0975609756097561,-0.6011850317048989,-0.2424092420957722,44.125,44.409375,317.8392446914023,318.1627996201953
2,18,dwell200,trust,naive,http,779.1179756626696,780.9116535401431,2.749947608228861,773.4844148004686,786.1890447676121,-0.22969024336391863,-0.652258927445093,0.2682926829268293,0.7560975609756098,0.07732666014206395,0.5609756097560976,0.4634146341463415,-0.44801531926273125,-0.02556614087731071,42.5,42.721875,354.11797566266955,353.6929035401431
2,18,f2,thr,naive,http,1519.722779694408,1539.662115904794,115.28848551872925,1518.5487231332856,2250.5059349230833,-1.2950462315342834,-0.17295167093809027,0.07317073170731707,0.975609756097561,-1.1651476012218343,0.9024390243902439,0.17073170731707318,-1.340510761895581,-1.2485461887094997,9.0,9.721875,1501.722779694408,1520.2183659047942
2,18,f2,mey,naive,http,394.3872656556075,413.2046910260362,113.65083773816094,394.2721900608422,1114.0056702862646,-4.554020266251766,-0.1655722539747746,0.04878048780487805,0.975609756097561,-4.407209598041061,0.4634146341463415,0.6585365853658537,-4.556084279225617,-4.551979554478733,115.625,115.84375,163.1372656556075,181.5171910260362
2,18,f2,trust,naive,http,398.5393654329218,408.0495508120199,56.72687797910577,398.1769464175662,757.8122397457263,-2.330644736692595,-0.16764866528704447,0.17073170731707318,0.8536585365853658,-2.2424756244643347,0.5853658536585366,0.43902439024390244,-2.182049451456968,-2.4761137858945914,117.875,117.8875,162.78936543292178,172.2745508120199
2,18,f50,thr,naive,http,2122.235941353639,2159.8345842419913,8.457745524154475,2134.735941353639,2172.235941353639,-1.740811225205358,-4.445468686776411,0.024390243902439025,1.0,-0.29394116265529474,0.2926829268292683,0.926829268292683,-1.7244653696316785,-1.758287801437146,9.0,9.740625,1672.2359413536392,1672.8033342419913
2,18,f50,mey,naive,http,2243.2709929801495,2268.397020975885,10.86320612918849,2243.381580360791,2295.1847442522694,-1.1076556600716247,-2.3129477335631203,0.024390243902439025,1.0,-0.6271534425282547,0.04878048780487805,0.975609756097561,-1.2430168718710208,-0.9719325753116231,24.5,24.95,1018.2709929801495,1020.897020975885
2,18,f50,trust,naive,http,2218.0237147072394,2246.669847116436,9.561356017641945,2225.8136783498167,2265.7482412421905,-1.2750485989725358,-2.996032399205791,0.024390243902439025,1.0,-0.4699181617147037,0.21951219512195122,0.926829268292683,-1.3669088692052926,-1.1891219641896917,24.5,25.05625,993.0237147072394,993.8573471164359
2,18,base,thr,naive,http,1883.7497199166128,1889.783789901005,4.873208698314229,1855.6866156288488,1894.1743173012685,-0.3192994890017766,-1.2382129225205687,0.04918032786885246,0.9672131147540983,0.07757130860374636,0.7868852459016393,0.5081967213114754,-0.379390873686801,-0.2583007490442991,9.083333333333334,9.755555555555556,1792.9163865832795,1792.2282343454494
2,18,base,mey,naive,http,936.7695869102077,943.6828282714584,1.5944851908817388,938.5202948590771,947.8133451812131,-0.7325810276651601,-4.33572001846422,0.01639344262295082,1.0,0.02126488122842653,0.5573770491803278,0.45901639344262296,-0.7848568970723644,-0.6843901545059136,53.0,53.62361111111111,406.76958691020775,407.44671716034736
2,18,base,trust,naive,http,944.0257156530275,951.2262682791674,1.6680090134243744,946.961080982028,954.7476956257142,-0.7569757970588965,-4.3168547461007405,0.01639344262295082,1.0,0.005599415651063379,0.5081967213114754,0.5081967213114754,-0.7056281057377897,-0.8080034675098983,53.666666666666664,54.32222222222222,407.3590489863609,408.0040460569452
2,19,signed,thr,seasonal60,queue,2053.440869265899,2580.494186470539,407.21604735161975,1783.0969707077134,4322.217540476233,-20.42451093158691,-1.2942842518913404,0.04878048780487805,0.975609756097561,7.354686427820508,0.7073170731707317,0.3170731707317073,-26.24127994239573,-14.76815857099372,8.375,9.0375,1969.690869265899,2490.119186470539
2,19,signed,mey,seasonal60,queue,1228.0676289629548,1062.1741740854209,16.854501273477005,1033.278438181756,1105.3612319571941,15.618291135761758,9.842679542146481,1.0,0.024390243902439025,-1.3843020670562978,0.24390243902439024,0.7804878048780488,8.961983044362015,22.37655673738529,61.5,62.715625,613.0676289629548,435.0179240854209
2,19,signed,trust,seasonal60,queue,1128.276013096553,1057.2413122781418,12.865114045849264,1033.2281058398332,1100.015706780482,6.718872975682892,5.521497949046905,1.0,0.024390243902439025,-0.21437609399714552,0.4878048780487805,0.5365853658536586,6.248783104804948,7.181593205402913,57.125,62.009375,557.026013096553,437.1475622781418
2,19,dwell5,thr,seasonal60,queue,1730.517869663217,1963.8807855509272,236.85141068255828,1646.3809283240275,2728.198243074818,-11.882743474280947,-0.9852713784359782,0.12195121951219512,0.9024390243902439,9.352611263900789,0.8536585365853658,0.17073170731707318,-12.219226537487527,-11.529692416480513,7.5,7.65,1655.517869663217,1887.3807855509272
2,19,dwell5,mey,seasonal60,queue,1045.1975282021765,1043.0954453540792,11.4141188556888,1015.2186780828088,1075.5322958010381,0.20152353818243088,0.18416514447364865,0.6097560975609756,0.4146341463414634,0.7649133087921984,0.7560975609756098,0.2682926829268293,-0.2730148086631177,0.6773809352523957,62.75,61.778125,417.6975282021765,425.3141953540792
2,19,dwell5,trust,seasonal60,queue,1058.7325536751305,1061.528967174738,14.397463456064843,1039.1162278130269,1090.633631527502,-0.2634326133416958,-0.19422959524370612,0.4634146341463415,0.5609756097560976,0.3417134000496158,0.5853658536585366,0.43902439024390244,-0.14227571920806167,-0.38270022443415813,61.875,62.421875,439.9825536751305,437.310217174738
2,19,dwell200,thr,seasonal60,queue,2023.9736027315944,2186.4882330978594,191.243568174743,1830.159572386558,2581.162790518253,-7.432678022511518,-0.849778279694992,0.24390243902439024,0.7804878048780488,5.971286357035202,0.7073170731707317,0.3170731707317073,-0.21934721791933381,-15.514420319237935,5.125,6.65,1972.7236027315944,2119.9882330978594
2,19,dwell200,mey,seasonal60,queue,861.8674918723284,869.6478250022304,13.64415945595611,845.5814901927758,900.4967102617193,-0.8946533189894517,-0.5702317651019293,0.36585365853658536,0.6585365853658537,3.0419181816760115,0.975609756097561,0.04878048780487805,4.114896507913694,-5.975222029078326,50.75,51.971875,354.3674918723284,349.92907500223043
2,19,dwell200,trust,seasonal60,queue,807.9005786797916,854.0181058206874,10.980791096689542,830.3691390294207,886.5431016087008,-5.400064334300992,-4.199836490359901,0.024390243902439025,1.0,3.460344487814527,0.975609756097561,0.04878048780487805,-1.1519568291790243,-9.781299358564258,44.0,49.103125,367.9005786797916,362.9868558206874
2,19,f50,thr,seasonal60,queue,2477.3980333524323,2471.273419345735,215.69989875982895,2055.367119878485,2895.640410973394,0.24783231020705257,0.028394144095156986,0.4634146341463415,0.5609756097560976,-4.69077890636617,0.3902439024390244,0.6341463414634146,14.551971749387382,-12.636485686398885,7.125,7.775,2121.1480333524323,2082.523419345735
2,19,f50,mey,seasonal60,queue,2346.8845767250064,2266.4656324281405,49.400995379892784,2149.359071888167,2353.2398159273507,3.5482092976062645,1.6278810513522175,0.975609756097561,0.04878048780487805,3.360794354088483,0.9512195121951219,0.07317073170731707,8.00731589235407,-0.8809467997000779,25.25,25.915625,1084.3845767250064,970.6843824281405
2,19,f50,trust,seasonal60,queue,2349.4191202078937,2264.1365758054726,43.01101014068508,2162.651035000402,2348.089997620605,3.7666696132092468,1.9828072887260653,1.0,0.024390243902439025,-1.6761600289835739,0.17073170731707318,0.8536585365853658,5.056715965496223,2.4990889041879627,26.125,26.221875,1043.1691202078937,953.0428258054726
2,19,f2,thr,seasonal60,queue,1960.3881034739984,2280.2671994630664,259.0803827363924,1698.9068462776713,2842.4960850171333,-14.028140915432623,-1.2346712345046083,0.14634146341463414,0.8780487804878049,-7.7470109600733315,0.34146341463414637,0.6829268292682927,-9.271406979649122,-18.690640160076157,7.375,7.78125,1945.6381034739984,2264.7046994630664
2,19,f2,mey,seasonal60,queue,528.9677503358716,453.4260677915871,4.650788308952524,444.9223869378852,466.3971742244682,16.660198411664,16.242769510465727,1.0,0.024390243902439025,-0.07620677695148965,0.5609756097560976,0.4634146341463415,5.961841274164208,27.375040384389,130.75,135.5875,267.46775033587164,182.2510677915871
2,19,f2,trust,seasonal60,queue,487.1898552694674,452.2265312068106,3.2295798378243283,446.79408030573694,458.26284549528236,7.731373913280531,10.825966787744917,1.0,0.024390243902439025,0.12898261171570488,0.6097560975609756,0.4146341463414634,2.94504160751442,12.398632063177002,125.25,135.85,236.6898552694674,180.5265312068106
2,19,base,thr,seasonal60,queue,2030.927751540914,2116.342395584627,256.0506364842992,1689.8192954904382,2669.7590601511342,-4.035955818014869,-0.3335849705999483,0.4098360655737705,0.6065573770491803,-6.162760680185398,0.36065573770491804,0.6557377049180327,-4.265228475392443,-3.7941703652452103,7.25,7.75,1958.427751540914,2038.842395584627
2,19,base,mey,seasonal60,queue,1097.1246308814234,1041.9915317624584,13.528823086058658,1019.0375040071335,1075.0701594742698,5.2911273689250695,4.075232469835399,1.0,0.01639344262295082,-1.372366769689004,0.13114754098360656,0.8852459016393442,3.860746629940395,6.706151678402048,60.416666666666664,61.6625,492.95796421475677,425.3665317624584
2,19,base,trust,seasonal60,queue,1032.770796610592,1004.8826579439991,8.150329523364306,984.744664527576,1024.9872889508179,2.775263205721188,3.42171915707786,1.0,0.01639344262295082,-0.969885112872731,0.11475409836065574,0.9016393442622951,2.1926285630741718,3.3606460778552147,57.083333333333336,60.897222222222226,461.93746327725864,395.9104357217768
2,20,signed,thr,ma10,queue,1765.961526021111,2270.4526033048032,302.4398229070694,1800.8008520427825,3517.4323248973787,-22.219846234595252,-1.6680709320435856,0.024390243902439025,1.0,1.5830601518755596,0.5609756097560976,0.4634146341463415,-20.196062587433367,-24.23804305629864,9.875,11.325,1667.211526021111,2157.2026033048032
2,20,signed,mey,ma10,queue,1064.3912209720788,1100.2902506621897,11.82695264093399,1070.3281528807097,1138.343048477718,-3.262687247160982,-3.035357524461675,0.024390243902439025,1.0,0.33444205939782234,0.6585365853658537,0.36585365853658536,-2.539287218784317,-3.996544302257936,64.5,67.4,419.3912209720788,426.2902506621897
2,20,signed,trust,ma10,queue,1009.1333550585056,1034.8482547636925,12.846457327105584,1002.379181069672,1067.7302244360558,-2.4848956923697854,-2.0017113707239225,0.07317073170731707,0.9512195121951219,1.450192930249393,0.926829268292683,0.0975609756097561,-4.182733338643751,-0.8381268298363911,57.625,60.83125,432.8833550585056,426.53575476369247
2,20,dwell5,thr,ma10,queue,1724.0809658714943,2026.434002842613,185.00121349679424,1742.6851965503195,2446.0914464041844,-14.920448262661802,-1.6343300200912352,0.024390243902439025,1.0,-2.01339736206314,0.43902439024390244,0.5853658536585366,-17.669165918937832,-12.188199856805552,9.5,9.878125,1629.0809658714943,1927.652752842613
2,20,dwell5,mey,ma10,queue,1105.354825767411,1143.7327148600568,13.244726436349682,1113.9147680499154,1168.7806726679705,-3.355494565646097,-2.897597717633414,0.024390243902439025,1.0,-0.7084650067359296,0.3170731707317073,0.7073170731707317,-2.1336017758857273,-4.601750634626248,69.5,71.15,410.35482576741106,432.23271486005683
2,20,dwell5,trust,ma10,queue,1037.2615232065307,1057.1348146906057,8.427607288635295,1032.6039073235718,1074.1583751062572,-1.879920253112787,-2.3581178860664687,0.04878048780487805,0.975609756097561,-1.437773679081502,0.04878048780487805,0.975609756097561,-2.67486688569139,-1.0952262459998847,62.125,62.73125,416.0115232065307,429.8223146906057
2,20,f2,thr,ma10,queue,1619.7328690907038,2218.3903528945684,238.56094160125937,1797.5465776899734,2785.8610503031377,-26.98612004973484,-2.509453055414601,0.024390243902439025,1.0,1.5210462134388045,0.6097560975609756,0.4146341463414634,-26.53139477340256,-27.408119788435176,9.875,9.928125,1599.9828690907038,2198.5341028945686
2,20,f2,mey,ma10,queue,458.3831818969221,466.2177166312642,6.184098422347651,455.3260754186937,483.5818872487399,-1.680445520378728,-1.2668839011407373,0.0975609756097561,0.926829268292683,-0.5452697396891009,0.4146341463414634,0.6097560975609756,-1.4947531269735808,-1.86770859260315,139.375,141.646875,179.6331818969221,182.9239666312642
2,20,f2,trust,ma10,queue,440.03795673744065,451.9389986448955,3.6371589841054717,445.680234495882,462.0032352405897,-2.6333292641571546,-3.2720708551544937,0.024390243902439025,1.0,-0.35948610786847685,0.36585365853658536,0.6585365853658537,-0.9410589681369478,-4.373120362077407,135.125,137.771875,169.78795673744065,176.3952486448955
2,20,dwell200,thr,ma10,queue,1743.4422386895612,2075.440485623255,409.5990005353143,1601.2254090232948,3654.3846565529234,-15.996519738025377,-0.8105445728622327,0.12195121951219512,0.9024390243902439,-18.72381247238997,0.0975609756097561,0.926829268292683,-18.729075498194888,-13.102269456095973,7.875,8.446875,1664.6922386895612,1990.971735623255
2,20,dwell200,mey,ma10,queue,858.3556105330623,873.318381618297,13.198683918136908,848.5656487324945,906.3648345110284,-1.713323731662224,-1.1336562931606937,0.14634146341463414,0.8780487804878049,1.4223492297324796,0.8536585365853658,0.17073170731707318,-1.5019476500408453,-1.9126259017620377,53.875,54.9,319.6056105330623,324.31838161829705
2,20,dwell200,trust,ma10,queue,793.4584637495688,794.243995611003,11.906338345508829,771.1379705692198,814.7602246098071,-0.0989030909613568,-0.06597593975905904,0.5121951219512195,0.5121951219512195,-2.172225297377093,0.0975609756097561,0.926829268292683,0.03666024167048245,-0.2258196357379542,47.375,47.98125,319.70846374956875,314.431495611003
2,20,f50,thr,ma10,queue,2124.063915444698,2649.9887324176125,318.5836590594115,2186.146654121152,3632.4502165712224,-19.84630389326628,-1.6508216979039614,0.024390243902439025,1.0,-8.567175931010496,0.2926829268292683,0.7317073170731707,-15.555309300409133,-24.488427074426806,9.0,9.83125,1674.063915444698,2158.4262324176125
2,20,f50,mey,ma10,queue,2349.9537350421697,2407.1016298970485,65.8023776379218,2302.3484644950895,2723.527426972698,-2.374137184117275,-0.8684776585024883,0.12195121951219512,0.9024390243902439,-3.0203869258194906,0.04878048780487805,0.975609756097561,-1.5734258195020547,-3.1450922701369532,27.25,27.8,987.4537350421697,1017.1016298970485
2,20,f50,trust,ma10,queue,2319.787253832571,2333.509282267448,51.58549458626311,2226.87375806978,2483.143601873123,-0.5880425905802821,-0.26600556115499446,0.43902439024390244,0.5853658536585366,-2.0154823807351456,0.17073170731707318,0.8536585365853658,-2.1755237466911543,0.8976215777672125,26.875,27.003125,976.037253832571,983.3530322674478
2,20,base,thr,ma10,queue,1762.3280896850627,2324.442274455594,260.5489325020301,1882.6130386446137,3109.688989259151,-24.182755190261016,-2.157422712780263,0.01639344262295082,1.0,-3.7135911432994058,0.4262295081967213,0.5901639344262295,-22.973589712516844,-25.344355132062425,9.416666666666666,9.904166666666667,1668.161423018396,2225.4006077889276
2,20,base,mey,ma10,queue,1050.0814359375102,1094.5611191946125,14.141878033762353,1063.209125189661,1129.05852353212,-4.063700279234373,-3.1452458542572246,0.01639344262295082,1.0,0.10964852281246888,0.5737704918032787,0.4426229508196721,-2.7309128925302266,-5.377225797813662,63.833333333333336,67.3013888888889,411.7481026041768,421.5472303057236
2,20,base,trust,ma10,queue,1021.418105756395,1035.1285719738112,11.7877944610119,1013.9797748266086,1071.434596779262,-1.324518189201627,-1.1631069970522063,0.08196721311475409,0.9344262295081968,-1.2722708230755162,0.08196721311475409,0.9344262295081968,-0.6871785174808036,-1.9500682030309369,59.0,61.359722222222224,431.418105756395,421.5313497515889
2,21,signed,thr,naive,queue,2719.119539223335,2694.926690690577,284.97573117207804,2167.05544320438,3326.190202437787,0.8977182428127053,0.08489441691492519,0.5609756097560976,0.4634146341463415,4.407875961289034,0.6829268292682927,0.34146341463414637,11.131105161723832,-9.325376527789846,11.25,10.478125,2606.619539223335,2590.145440690577
2,21,signed,mey,naive,queue,1124.9891176988199,1125.8754910518012,16.074529206023403,1093.7117474943843,1164.3158128916293,-0.07872747564237786,-0.05514148138467219,0.5853658536585366,0.43902439024390244,1.2550488425568465,0.7317073170731707,0.2926829268292683,1.1178784030656772,-1.2429287399152371,69.0,70.36875,434.9891176988199,422.1879910518012
2,21,signed,trust,naive,queue,1076.8306813125046,1066.9686989507227,12.449620335446333,1046.925475016288,1105.0891350643888,0.9242991262518145,0.7921512540991331,0.7804878048780488,0.24390243902439024,1.1174122802682527,0.8536585365853658,0.17073170731707318,0.9865832106279321,0.8614457119657772,64.75,63.49375,429.33068131250457,432.0311989507227
2,21,dwell5,thr,naive,queue,2571.8381243371014,2243.1178297579836,395.85143938535964,1704.1571607049173,3294.8337722650904,14.654615563132692,0.8304132860790484,0.8048780487804879,0.21951219512195122,-9.80997751586817,0.34146341463414637,0.6829268292682927,16.489532782426025,12.781738570246853,8.125,8.725,2490.5881243371014,2155.8678297579836
2,21,dwell5,mey,naive,queue,1192.6115739216116,1150.1842842231185,13.046460251857408,1117.9083099048687,1172.8477035638002,3.68873842917704,3.25201540336987,1.0,0.024390243902439025,0.8494231890077297,0.7317073170731707,0.2926829268292683,4.632251463565887,2.7518551434962086,69.5,70.278125,497.6115739216116,447.40303422311854
2,21,dwell5,trust,naive,queue,1111.4970076229743,1087.5455864413238,12.724555836411342,1061.7743726035503,1111.4471065799298,2.20233721512534,1.8822991929599115,1.0,0.024390243902439025,-1.7917243350598915,0.07317073170731707,0.9512195121951219,2.2950651226819234,2.1097339236591663,64.25,65.54375,468.99700762297425,432.10808644132385
2,21,f2,thr,naive,queue,2296.540523779131,2776.615612034629,375.2265800957601,2088.7842522652363,3670.7591198499495,-17.28993693526458,-1.2794271880552277,0.0975609756097561,0.926829268292683,-10.943979699372333,0.1951219512195122,0.8292682926829268,-22.89940951809822,-11.545954947552797,8.5,8.70625,2279.540523779131,2759.203112034629
2,21,f2,mey,naive,queue,483.48092236642844,476.82796405172394,3.9951525872314835,468.9040039009745,483.9995893493664,1.395253386184126,1.665257626446453,0.975609756097561,0.04878048780487805,0.940586166522799,0.926829268292683,0.0975609756097561,3.0758668090405203,-0.2763105567511393,148.0,150.884375,187.48092236642844,175.05921405172393
2,21,f2,trust,naive,queue,455.0909533285219,448.7806131486139,3.6889386965565043,439.5896677898853,457.26105328108054,1.4061080169294935,1.7106112893116057,0.975609756097561,0.04878048780487805,0.0893297667704819,0.5609756097560976,0.4634146341463415,1.3692521753799052,1.4433942104356596,136.625,138.046875,181.8409533285219,172.6868631486139
2,21,dwell200,thr,naive,queue,2385.341731248446,2455.021492091172,328.766438811508,2009.3970392071883,3693.405719610742,-2.8382546168006524,-0.2119430471510978,0.43902439024390244,0.5853658536585366,-12.414083490700937,0.14634146341463414,0.8780487804878049,-23.315838131666688,18.840690051357658,8.375,8.428125,2301.591731248446,2370.740242091172
2,21,dwell200,mey,naive,queue,998.482442164624,988.9094657648762,12.982188095500861,966.2652756320667,1022.1440223754196,0.9680336503143374,0.7373931366057913,0.7804878048780488,0.24390243902439024,-0.874893280208525,0.34146341463414637,0.6829268292682927,0.21263992270950036,1.7674022494643467,60.25,61.128125,395.982442164624,377.62821576487624
2,21,dwell200,trust,naive,queue,896.5781801364856,916.8099771274708,12.335440673366287,892.572536078326,943.9030367770267,-2.2067601243144255,-1.6401357297812744,0.04878048780487805,0.975609756097561,-1.605884189843808,0.14634146341463414,0.8780487804878049,-3.782199293221342,-0.39220172477024157,52.875,54.8,367.82818013648557,368.8099771274708
2,21,f50,thr,naive,queue,2635.972386163012,2963.0653407635455,330.17388850091794,2377.4559019570765,3581.549147167949,-11.039005792435404,-0.9906687536244232,0.24390243902439024,0.7804878048780488,-11.887558009409538,0.21951219512195122,0.8048780487804879,-5.1495673885299125,-17.199319822226208,9.25,8.94375,2173.472386163012,2515.8778407635455
2,21,f50,mey,naive,queue,2566.1740512386414,2554.292898371991,50.4885688335303,2441.710690312087,2665.476290512038,0.4651444974937192,0.2353236215869855,0.6097560975609756,0.4146341463414634,-0.6225885788555825,0.4146341463414634,0.6097560975609756,1.0456371160059796,-0.15123972329022212,28.5,29.296875,1141.1740512386414,1089.4491483719912
2,21,f50,trust,naive,queue,2346.257792548441,2361.6874600926985,49.82724987721911,2268.534847836361,2463.8832062887996,-0.6533323229675698,-0.3096632381333137,0.4878048780487805,0.5365853658536586,1.5091063504249538,0.7560975609756098,0.2682926829268293,-2.2632400943362687,1.1728827271553333,25.0,25.853125,1096.257792548441,1069.0312100926985
2,21,base,thr,naive,queue,2408.9511963423884,2530.856188505283,346.26777327075706,1875.3604355490213,3755.3864873239654,-4.816749079484108,-0.35205410833185935,0.3770491803278688,0.639344262295082,8.942722774578153,0.7704918032786885,0.2459016393442623,-2.7486071270444277,-6.895456534357632,8.75,8.958333333333334,2321.4511963423884,2441.2728551719497
2,21,base,mey,naive,queue,1120.7010316399246,1125.086138385934,13.64066856015309,1098.6920976244219,1159.4747601551248,-0.38975742357827675,-0.3214730074755315,0.36065573770491804,0.6557377049180327,-0.9394285528255935,0.26229508196721313,0.7540983606557377,-1.492140665642163,0.7228766069103525,66.0,67.52777777777777,460.7010316399246,449.80836060815625
2,21,base,trust,naive,queue,1030.9193904208314,1041.295042310493,10.010776225428272,1015.0394883372219,1062.0456446030275,-0.9964180628997781,-1.0364482889255433,0.16393442622950818,0.8524590163934426,1.8014200185214313,0.9672131147540983,0.04918032786885246,-3.2113756990595537,1.1549546256353,60.916666666666664,62.49305555555556,421.7527237541648,416.3644867549375
2,23,signed,thr,ma10,event,2662.7347970636774,2408.5613263318423,227.6936692859826,2039.3140454861825,2928.209444686302,10.552916712273744,1.116295729823713,0.8292682926829268,0.1951219512195122,-14.982678804123344,0.04878048780487805,0.975609756097561,9.700609225538532,11.349433597710519,10.0,9.828125,2562.7347970636774,2310.2800763318423
2,23,signed,mey,ma10,event,997.1170373864828,992.7240748676464,11.42399593301314,975.3451470585806,1026.4235516169601,0.4425159649142255,0.3845381725094607,0.7804878048780488,0.24390243902439024,-0.7864386922375376,0.2926829268292683,0.7317073170731707,0.7563324756129243,0.10283277712274037,57.875,58.125,418.3670373864828,411.47407486764644
2,23,signed,trust,ma10,event,955.7296630437888,957.4013624181731,10.859869442842816,937.114992093581,982.0628792818279,-0.17460800036485757,-0.15393365299488074,0.5365853658536586,0.4878048780487805,-2.1019842923583747,0.04878048780487805,0.975609756097561,-2.4348719703900588,2.1342304502137543,54.75,54.69375,408.22966304378883,410.4638624181731
2,23,dwell5,thr,ma10,event,1871.2876983597473,1782.0593045407077,184.22385819250457,1535.775090963338,2280.3779359247183,5.007038407290074,0.4843476555886725,0.7560975609756098,0.2682926829268293,-1.396121596195656,0.4878048780487805,0.5365853658536586,0.3921890071779274,9.409961624860578,8.125,8.08125,1790.0376983597473,1701.2468045407077
2,23,dwell5,mey,ma10,event,1014.1770013256205,1020.6639413192191,11.18811238229588,1002.7956644819644,1047.3526570461454,-0.6355608081161562,-0.5798064742238023,0.36585365853658536,0.6585365853658537,0.21518864157458703,0.5609756097560976,0.4634146341463415,-1.4752901600178034,0.22870282785631305,57.75,57.709375,436.6770013256205,443.57019131921913
2,23,dwell5,trust,ma10,event,998.4903549451271,982.8056234742189,8.429642369780469,968.6109231812238,1004.7968076141244,1.5959138914430175,1.8606639265191856,0.9512195121951219,0.07317073170731707,-0.07853483747378888,0.5121951219512195,0.5121951219512195,1.1533616163017464,2.0352432278886488,57.375,56.5375,424.74035494512714,417.4306234742189
2,23,f2,thr,ma10,event,2483.8648012856447,2335.3525172941827,231.7990509399801,1812.876999183545,2865.796038813781,6.359309050418363,0.6406940985703881,0.6585365853658537,0.36585365853658536,-20.880967347509383,0.04878048780487805,0.975609756097561,9.195313107460857,3.31522891720083,8.125,8.00625,2467.6148012856447,2319.340017294183
2,23,f2,mey,ma10,event,434.37294929726977,435.74249559049883,5.585018523908039,428.8872229268569,465.1912453961344,-0.31430175093964974,-0.24521786048987762,0.3902439024390244,0.6341463414634146,0.6719528872827101,0.9024390243902439,0.12195121951219512,-0.58509065562801,-0.05238473333135594,130.5,130.084375,173.37294929726977,175.57374559049885
2,23,f2,trust,ma10,event,419.59006571054783,423.93019622964374,4.235648544136539,418.2521061840439,440.8861155025729,-1.0237842356350695,-1.0246672909403696,0.14634146341463414,0.8780487804878049,1.0266221080811564,0.8780487804878049,0.14634146341463414,-0.4117161467348352,-1.615932436799679,125.0,126.21875,169.59006571054783,171.49269622964374
2,23,dwell200,thr,ma10,event,2346.3727628082715,1964.5074144267942,177.1130010105315,1671.001438377944,2529.6828317430045,19.438223830420025,2.156054870070046,0.975609756097561,0.04878048780487805,4.315919680676847,0.7317073170731707,0.2926829268292683,32.54975631901722,8.323750642378686,6.75,7.196875,2278.8727628082715,1892.5386644267942
2,23,dwell200,mey,ma10,event,839.9012138628353,848.0958081484187,10.616211745557043,825.0246175125942,872.8286679319269,-0.9662344993160548,-0.7718943896360031,0.1951219512195122,0.8292682926829268,1.1235929095937873,0.8780487804878049,0.14634146341463414,-0.18200867131770826,-1.6540837829747952,48.5,50.66875,354.90121386283533,341.40830814841866
2,23,dwell200,trust,ma10,event,819.545270198931,828.0693309395632,8.948237872218169,812.5876877980638,847.309569502551,-1.0293897409484332,-0.952596574024599,0.1951219512195122,0.8292682926829268,-0.377617331776421,0.4146341463414634,0.6097560975609756,1.6054247232618355,-3.550735704150538,46.375,47.846875,355.795270198931,349.6005809395632
2,23,f50,thr,ma10,event,2487.527645583715,2256.6189058436294,192.30503364978685,1937.4751115923052,2850.966786813956,10.23250931480437,1.200742046932591,0.8536585365853658,0.17073170731707318,-8.38457010588344,0.14634146341463414,0.8780487804878049,5.723852158264394,14.904416061892395,8.0,8.08125,2087.527645583715,1852.5564058436294
2,23,f50,mey,ma10,event,2299.874913492928,2247.8974042315663,45.41580570690224,2163.4506610219396,2355.9882583507824,2.312272311161374,1.1444806153348126,0.926829268292683,0.0975609756097561,-2.193548683936339,0.12195121951219512,0.9024390243902439,2.65648074025136,1.9816144010073014,26.25,25.7875,987.374913492928,958.5224042315663
2,23,f50,trust,ma10,event,2171.2491187378973,2167.0071550696093,37.42238520784164,2115.1717131341625,2230.3794843403184,0.1957521763767202,0.11335364233809259,0.5609756097560976,0.4634146341463415,-0.8147411985826423,0.4878048780487805,0.5365853658536586,-0.4739151391659195,0.8471172029747579,23.875,23.840625,977.4991187378973,974.9759050696093
2,23,base,thr,ma10,event,2270.9194911188274,2071.1159548855085,227.83265200689726,1749.15017108478,2612.8400615715227,9.647143886946886,0.8769749834947723,0.8032786885245902,0.21311475409836064,-1.2830888982505082,0.5245901639344263,0.4918032786885246,14.672636635040185,5.3687280560309585,8.166666666666666,8.059722222222222,2189.252824452161,1990.5187326632863
2,23,base,mey,ma10,event,975.3981007928998,974.7613053990065,13.351564723250618,956.3844828579039,1045.3083931314961,0.06532834144792297,0.04769443934794916,0.5573770491803278,0.45901639344262296,-0.10407491714134406,0.4918032786885246,0.5245901639344263,1.3965913272712953,-1.2483892303507567,57.25,56.672222222222224,402.89810079289975,408.0390831767842
2,23,base,trust,ma10,event,941.1961904924066,947.5050525282866,8.722942004230262,931.0377242192662,969.2730410049453,-0.6658394083541475,-0.7232493386773021,0.3114754098360656,0.7049180327868853,-0.27151386924754534,0.4918032786885246,0.5245901639344263,-0.8074226054445318,-0.5252454919416757,53.916666666666664,54.47222222222222,402.02952382573994,402.7828303060644
2,24,signed,thr,naive,http,1619.9105266277961,2462.0567981562463,292.39853278183364,1909.3244003361451,3248.108105150941,-34.2049895907806,-2.8801316597467266,0.024390243902439025,1.0,13.199271628771232,0.926829268292683,0.0975609756097561,-30.544181561567218,-37.71901685735899,8.0,8.334375,1539.9105266277961,2378.7130481562463
2,24,signed,mey,naive,http,1103.4821582059963,1134.1792546156678,15.852913758533616,1092.3302455284575,1169.8511777806443,-2.7065471604022298,-1.9363693562735305,0.04878048780487805,0.975609756097561,-2.0271724174304624,0.04878048780487805,0.975609756097561,-3.3958162715288176,-2.0201641034407842,68.625,69.1875,417.23215820599626,442.3042546156678
2,24,signed,trust,naive,http,1031.0184906808245,1056.0053296326216,16.44197662317725,1026.0435722440914,1100.6075531034742,-2.3661659890002578,-1.519697997658915,0.07317073170731707,0.9512195121951219,0.010449657579525786,0.4878048780487805,0.5365853658536586,-2.734578295648575,-1.983344986381566,62.375,62.45625,407.26849068082447,431.4428296326216
2,24,dwell5,thr,naive,http,1560.4544287302965,2141.4523359468876,259.6521502292745,1687.8955406254354,2868.3039751835286,-27.13102213221528,-2.237600985409003,0.024390243902439025,1.0,1.0198173104285713,0.5609756097560976,0.4634146341463415,-27.306927014765407,-26.957104498099568,7.0,7.15625,1490.4544287302965,2069.8898359468876
2,24,dwell5,mey,naive,http,1098.9510236567398,1143.8049826064416,12.5078477890057,1121.7663621511313,1167.764212180272,-3.9214690993468997,-3.586065301268542,0.024390243902439025,1.0,2.082341777461722,0.975609756097561,0.04878048780487805,-4.348916487692195,-3.4839361717626502,66.625,68.178125,432.70102365673984,462.0237326064416
2,24,dwell5,trust,naive,http,1081.8698679940924,1100.9666253383689,12.375461155379385,1071.2331607541369,1125.522046173271,-1.7345446178631756,-1.5431148063501055,0.0975609756097561,0.926829268292683,0.19653672291177382,0.5853658536585366,0.43902439024390244,-0.28101727742002686,-3.169996691824581,62.75,64.3375,454.3698679940924,457.5916253383689
2,24,dwell200,thr,naive,http,1946.7471228486968,2474.221445729361,307.7170632183038,1778.7429749502462,3472.6788458343553,-21.318800052885862,-1.7141536363437155,0.07317073170731707,0.9512195121951219,-4.334912046434737,0.36585365853658536,0.6585365853658537,-25.959439912853224,-16.91374444955156,5.875,6.184375,1887.9971228486968,2412.377695729361
2,24,dwell200,mey,naive,http,913.6424855787861,933.5763494930665,14.024647300316621,907.3624092410907,966.1855308843197,-2.1352151781806,-1.421345113886058,0.04878048780487805,0.975609756097561,2.4804117972026036,0.926829268292683,0.0975609756097561,-3.8193642984759735,-0.3994821896155832,54.75,56.61875,366.14248557878614,367.38884949306646
2,24,dwell200,trust,naive,http,853.7743845069275,869.9574767383571,11.221827029400757,846.235635800215,904.6561124859443,-1.8602164662235185,-1.4421085077350126,0.14634146341463414,0.8780487804878049,0.09365926415973,0.5609756097560976,0.4634146341463415,-1.9091121106544384,-1.810542792498647,50.25,51.01875,351.2743845069275,359.76997673835706
2,24,f2,thr,naive,http,1508.9517130751333,2160.2122483485978,360.47597410277143,1660.535172646551,3002.2543597183344,-30.147988271584378,-1.8066683553445106,0.024390243902439025,1.0,-15.810157642317376,0.14634146341463414,0.8780487804878049,-32.58854743122664,-27.363794735380523,7.0,7.16875,1494.9517130751333,2145.8747483485977
2,24,f2,mey,naive,http,468.10344624339564,486.71705513140023,5.865905451372979,477.17398389853486,499.65409999224266,-3.8243181930371084,-3.173185971425413,0.024390243902439025,1.0,-1.8346736498571752,0.07317073170731707,0.9512195121951219,-3.0876451244359093,-4.586908011019239,147.25,148.809375,173.60344624339564,189.09830513140025
2,24,f2,trust,naive,http,436.9442664490965,452.2755114847121,4.288078698000615,443.22199870246766,462.06359806629297,-3.389802155170154,-3.575318018944952,0.024390243902439025,1.0,-1.388091188532237,0.0975609756097561,0.926829268292683,-3.049315815350267,-3.743668875220829,134.125,133.875,168.69426644909652,184.52551148471213
2,24,f50,thr,naive,http,2044.778917691925,2606.1498933800754,194.93061989538137,2205.431556715214,3049.3518318449774,-21.540241300552132,-2.8798501538108088,0.024390243902439025,1.0,8.892150916432113,0.8292682926829268,0.1951219512195122,-25.951276716961537,-17.204234196448237,7.0,7.2,1694.778917691925,2246.1498933800754
2,24,f50,mey,naive,http,2480.1969889804313,2567.910376614741,53.15034498403008,2481.9651466673986,2682.735975239677,-3.415749569497887,-1.6502882090542321,0.024390243902439025,1.0,1.2251875766217635,0.7073170731707317,0.3170731707317073,-3.489987832837328,-3.3423597851533677,28.625,30.103125,1048.9469889804313,1062.754126614741
2,24,f50,trust,naive,http,2302.0944926939587,2352.3490293580335,45.402989252018195,2226.8869413632174,2442.8083391470846,-2.136355448825102,-1.1068552421763926,0.14634146341463414,0.8780487804878049,1.520241567172976,0.8292682926829268,0.1951219512195122,-0.9943105027726187,-3.3320588127999216,26.25,26.509375,989.5944926939587,1026.8802793580335
2,25,signed,thr,seasonal60,timer,2398.1709316927163,2260.4793655592302,228.60081906153064,1953.6648227615062,3027.871510982105,6.091255166110393,0.6023231530785754,0.8048780487804879,0.21951219512195122,9.50785047432826,0.8292682926829268,0.1951219512195122,-8.825060794602294,20.7160953449339,6.25,6.1875,2335.6709316927163,2198.6043655592302
2,25,signed,mey,seasonal60,timer,1106.7745349009415,1105.2735561431255,15.332087401479406,1073.6885571143846,1132.7686381168412,0.1358015623800613,0.0978978738192686,0.5365853658536586,0.4878048780487805,0.5701978940146478,0.6829268292682927,0.34146341463414637,0.6536521292042815,-0.3836026104758981,64.875,65.63125,458.0245349009415,448.96105614312546
2,25,signed,trust,seasonal60,timer,973.2391914242124,970.9479363876131,11.66444122002178,946.0276589421342,998.4686181615363,0.2359812458249668,0.19643075852329747,0.6097560975609756,0.4146341463414634,-0.056836361915643806,0.5609756097560976,0.4634146341463415,2.108595109697042,-1.5553303288078266,54.75,55.3375,425.73919142421244,417.57293638761314
2,25,dwell200,thr,seasonal60,timer,2454.05763513702,2211.9941545832808,433.942375525035,1676.3515201390785,3328.2966331573643,10.943224241898678,0.5578240204378799,0.8780487804878049,0.14634146341463414,-24.64994266699431,0.024390243902439025,1.0,2.337883518249654,20.691987292402136,4.5,4.509375,2409.05763513702,2166.9004045832808
2,25,dwell200,mey,seasonal60,timer,889.0417903175377,878.3185161818113,17.523878133139227,849.1888813811285,924.5069056287605,1.2208867214074115,0.6119235738947344,0.7560975609756098,0.2682926829268293,-0.7134667896240837,0.36585365853658536,0.6585365853658537,4.757786678766276,-2.380590960649482,46.125,45.821875,427.7917903175377,420.09976618181133
2,25,dwell200,trust,seasonal60,timer,791.1296876199752,779.9709891279914,11.561312938486507,757.7837633058709,804.7666584044882,1.4306555817491726,0.9651757158858315,0.8048780487804879,0.21951219512195122,-0.38139759634244447,0.3902439024390244,0.6341463414634146,1.9277644081100174,0.909256770054919,41.625,42.04375,374.87968761997524,359.5334891279914
2,25,dwell5,thr,seasonal60,timer,2070.7245933892145,2214.6753742197393,230.35687827025595,1837.672609637586,2866.813120260589,-6.499859189577191,-0.6249033322184585,0.2926829268292683,0.7317073170731707,1.4140180664870772,0.6585365853658537,0.36585365853658536,-8.635811154879837,-4.3355840543613535,6.0,6.003125,2010.7245933892145,2154.6441242197393
2,25,dwell5,mey,seasonal60,timer,1092.9939729654657,1075.8059188796328,15.060151055254323,1045.433547321965,1112.3429763513868,1.5976909760575448,1.141293604743501,0.8780487804878049,0.14634146341463414,-0.40940299607416103,0.43902439024390244,0.5853658536585366,1.2555631511672831,1.933473683708356,58.25,58.15625,510.4939729654657,494.2434188796328
2,25,dwell5,trust,seasonal60,timer,1000.1881416659054,998.0822429553504,12.864159786504034,957.4498666397834,1030.3132898700555,0.2109945072581806,0.16370277931127425,0.5365853658536586,0.4878048780487805,1.105989789387683,0.8780487804878049,0.14634146341463414,-1.9630485797712984,2.3826860423579674,53.75,54.18125,462.6881416659054,456.26974295535035
2,24,base,thr,naive,http,1626.0838811792582,2251.60483452083,218.78344835069265,1771.9285028452705,3261.5629808806225,-27.781116106667564,-2.8590871844149333,0.01639344262295082,1.0,11.443930746984218,0.9508196721311475,0.06557377049180328,-22.239414476374627,-32.80517303530635,6.833333333333333,7.165277777777778,1557.750547845925,2179.9520567430523
2,24,base,mey,naive,http,1081.2969920537018,1111.452786763391,11.905639419650438,1085.5991148308563,1146.3742321540874,-2.7131871968673047,-2.532900052383293,0.01639344262295082,1.0,-0.1408307935842395,0.47540983606557374,0.5409836065573771,-3.9733417230489234,-1.4752805273635134,66.41666666666667,67.42916666666666,417.1303253870351,437.1611200967244
2,24,base,trust,naive,http,1016.3169722946105,1033.4512021839496,10.64445106905991,1009.6663839788147,1076.3136156728328,-1.6579621614576474,-1.609686566096668,0.06557377049180328,0.9508196721311475,0.16526640543178964,0.6065573770491803,0.4098360655737705,-1.7771482459348165,-1.5428928568962657,59.833333333333336,60.3875,417.98363896127717,429.5762021839496
2,25,f2,thr,seasonal60,timer,2166.2428850182464,2210.067082429551,198.86235881304063,1900.973741210168,2695.1876752855624,-1.9829351678831562,-0.22037452272456387,0.4878048780487805,0.5365853658536586,-0.07680457571432814,0.4878048780487805,0.5365853658536586,-0.30586877041753513,-3.605766485612592,6.0,6.0125,2154.2428850182464,2198.042082429551
2,25,f2,mey,seasonal60,timer,487.80710397882683,486.43944314163525,5.784843301330688,475.01226599454424,499.62492693451486,0.2811574711866778,0.23642141471264674,0.5121951219512195,0.5121951219512195,0.35748843979492984,0.5609756097560976,0.4634146341463415,0.784784192405222,-0.2400914576326949,131.125,132.73125,225.55710397882683,220.97694314163527
2,25,f2,trust,seasonal60,timer,431.81859989286056,431.0524522923512,4.19608951063784,421.3097272318744,441.355935188992,0.1777388335073809,0.1825860955937815,0.6341463414634146,0.3902439024390244,0.06599030364402092,0.5121951219512195,0.5121951219512195,-0.3312892080013075,0.711111220929114,118.75,117.3875,194.31859989286056,196.27745229235117
2,25,f50,thr,seasonal60,timer,2603.190808485394,2627.7949751100386,217.28738009718472,2223.7342313405916,3373.0734485691487,-0.9363046530528654,-0.1132332978272375,0.4634146341463415,0.5609756097560976,-13.124493795428261,0.04878048780487805,0.975609756097561,-10.229871475644039,7.117366506947338,6.0,5.996875,2303.190808485394,2327.9512251100386
2,25,f50,mey,seasonal60,timer,2427.4726868409443,2383.02266716434,50.02791534358925,2304.6957456130735,2469.476344980644,1.8652789286934202,0.8885043354559916,0.7560975609756098,0.2682926829268293,0.820040270610145,0.6585365853658537,0.36585365853658536,0.8932852193776685,2.899960696864413,24.75,24.190625,1189.9726868409443,1173.49141716434
2,25,f50,trust,seasonal60,timer,2095.7092766886653,2101.688543018391,33.1819129690421,2029.3196668989744,2165.9248713671377,-0.28449821214415016,-0.18019655272148616,0.43902439024390244,0.5853658536585366,-0.9430318347055312,0.3170731707317073,0.7073170731707317,-1.571784180942575,0.9163790206717968,22.75,22.653125,958.2092766886653,969.0322930183911
2,25,base,thr,seasonal60,timer,2489.8131472560335,2127.378729887333,221.73611830902846,1744.5038930032651,2735.7433783495576,17.036666404382785,1.6345303603790162,0.9180327868852459,0.09836065573770492,-4.378614652037248,0.3442622950819672,0.6721311475409836,15.391526473420624,18.72267358831625,6.0,5.9222222222222225,2429.8131472560335,2068.156507665111
2,25,base,mey,seasonal60,timer,1112.1208499878692,1082.9860890520733,14.803724329847922,1048.655908134792,1124.472341874708,2.6902248542543328,1.9680696753487261,0.9836065573770492,0.03278688524590164,1.9603727575487018,0.9672131147540983,0.04918032786885246,2.783134176963147,2.5967504242045547,59.833333333333336,59.06666666666667,513.7875166545358,492.3194223854066
2,25,base,trust,seasonal60,timer,964.4428020379413,956.782073982377,9.750556713830226,937.7232944906127,977.3725313893679,0.8006763780260143,0.7856708371018726,0.8360655737704918,0.18032786885245902,-1.066229459278259,0.14754098360655737,0.8688524590163934,0.6798314546141389,0.9253536818024956,51.75,51.043055555555554,446.9428020379413,446.3515184268215
2,26,signed,thr,ma10,http,3705.7404501459728,3294.5358942162893,403.7213607437525,2733.0938710688743,4459.044934326099,12.481410709519729,1.018535544347084,0.8292682926829268,0.1951219512195122,-5.27053748613898,0.43902439024390244,0.5853658536585366,-0.13807733992127283,25.7739345010566,10.25,10.003125,3603.2404501459728,3194.5046442162893
2,26,signed,mey,ma10,http,1163.4754534688213,1128.5793603367595,13.430722731822897,1105.8841575470997,1150.2703504072454,3.0920371538293194,2.5982289880334366,1.0,0.024390243902439025,0.7723608278831572,0.7073170731707317,0.3170731707317073,2.4318521961893675,3.753651284225656,68.0,68.728125,483.47545346882134,441.29811033675946
2,26,signed,trust,ma10,http,1073.0932435852499,1069.954028298478,13.670235351472353,1043.9621560646078,1093.8925110765435,0.2933972118189045,0.22963871550563156,0.5853658536585366,0.43902439024390244,1.3128860209707103,0.8536585365853658,0.17073170731707318,-2.2751620507246577,2.7940596782254024,62.875,62.671875,444.34324358524987,443.2352782984781
2,26,dwell5,thr,ma10,http,2211.576628746915,2189.928881837874,339.14423314924767,1800.230832984649,3357.548698296632,0.9885136950599658,0.06383050275696242,0.6585365853658537,0.36585365853658536,13.791416224495475,0.926829268292683,0.0975609756097561,7.188648567682828,-4.893119349001091,8.375,8.30625,2127.826628746915,2106.866381837874
2,26,dwell5,mey,ma10,http,1124.295332468124,1115.7703672143502,13.344696074177142,1088.6023148982727,1143.70507870874,0.7640429880798147,0.6388279812733996,0.7317073170731707,0.2926829268292683,1.0487102564286874,0.8048780487804879,0.21951219512195122,0.5141848035824892,1.014588295469902,66.375,68.75,460.5453324681239,428.27036721435024
2,26,dwell5,trust,ma10,http,1098.143351319437,1079.0633059674124,14.420328995903047,1057.32021610304,1119.2437145583613,1.7682044460698993,1.3231352320356526,0.9024390243902439,0.12195121951219512,0.5843172347514162,0.7317073170731707,0.2926829268292683,0.762272363611513,2.7682255936839986,64.375,63.259375,454.393351319437,446.46955596741236
2,26,dwell200,thr,ma10,http,2775.671343041442,3123.5594906298347,474.5207610072638,2425.153056264129,4574.314205176137,-11.137554723449322,-0.7331357786115229,0.21951219512195122,0.8048780487804879,-14.422250515760517,0.1951219512195122,0.8292682926829268,-0.20743161934063375,-21.231142554266807,7.5,7.60625,2700.671343041442,3047.4969906298347
2,26,dwell200,mey,ma10,http,912.1359043800153,907.2178153854886,11.344263779493263,888.9969671221332,929.2336276155727,0.5421067478086186,0.43353090955245366,0.7073170731707317,0.3170731707317073,0.002716763434947027,0.4634146341463415,0.5609756097560976,2.510752476422501,-1.3654251861677353,53.25,54.85,379.6359043800153,358.7178153854886
2,26,dwell200,trust,ma10,http,873.0971379086006,888.1811813721736,12.588087257676538,864.8441001713259,920.5469024617742,-1.6983070323860279,-1.1982792266056377,0.17073170731707318,0.8536585365853658,-0.6108357700660677,0.36585365853658536,0.6585365853658537,-2.394205927586596,-0.9928475379068511,51.875,52.7375,354.34713790860064,360.80618137217357
2,26,f2,thr,ma10,http,3416.7850576689457,3008.9997197518633,380.53303392191555,2368.42877840814,4245.990641738212,13.552189295341988,1.0716161320195896,0.8536585365853658,0.17073170731707318,-12.558211350889884,0.1951219512195122,0.8292682926829268,-10.068208798613288,37.86700180446304,7.875,8.3625,3401.0350576689457,2992.2747197518634
2,26,f2,mey,ma10,http,472.9005807242128,461.32499544209514,4.361492107434595,453.6272303842825,473.50018713894195,2.5092040094260577,2.6540424691783575,0.975609756097561,0.04878048780487805,-0.3789923195485595,0.3170731707317073,0.7073170731707317,-1.73995251172462,6.5999858922771315,140.375,141.05,192.15058072421277,179.22499544209512
2,26,f2,trust,ma10,http,457.91870691424697,453.76430946834114,3.793309502946341,444.5597941264242,462.81462152122106,0.9155408125362223,1.0951907411401638,0.8780487804878049,0.14634146341463414,-0.05724226275054189,0.4146341463414634,0.6097560975609756,-1.966951296220754,3.699926115390917,134.5,135.803125,188.91870691424697,182.15805946834115
2,26,f50,thr,ma10,http,3127.9497514661994,3071.9976716948718,287.7498379515695,2481.254053342018,3664.951763472728,1.8213581438184459,0.19444695493015277,0.5365853658536586,0.4878048780487805,-4.890326211126932,0.36585365853658536,0.6585365853658537,1.720108744781708,1.9215606702089136,8.375,8.40625,2709.1997514661994,2651.6851716948718
2,26,f50,mey,ma10,http,2466.566519917196,2431.834789246049,40.6417967245828,2333.0056762841778,2517.1507002312637,1.4282109469251836,0.8545815753794918,0.8292682926829268,0.1951219512195122,-0.4201614473795486,0.43902439024390244,0.5853658536585366,-2.5362771008658034,5.415000671397212,29.5,28.871875,991.5665199171958,988.2410392460488
2,26,f50,trust,ma10,http,2408.5054539976663,2367.8696586868055,40.09962650889039,2286.5650482453093,2465.5480649059623,1.7161331140750817,1.0133709176032257,0.8536585365853658,0.17073170731707318,-0.711391794575628,0.4146341463414634,0.6097560975609756,1.112368157542534,2.312814464922537,28.875,27.85,964.7554539976663,975.3696586868055
2,26,base,thr,ma10,http,2928.9144585716076,2732.0297979823126,281.3609224414612,2143.4964484321476,3217.475093360432,7.2065341576691555,0.6997583704263622,0.7049180327868853,0.3114754098360656,-6.332494320276184,0.3114754098360656,0.7049180327868853,3.1438013681497203,11.316812612751736,8.416666666666666,8.394444444444444,2844.747791904941,2648.0853535378683
2,26,base,mey,ma10,http,1101.2064322789145,1084.6377167913172,11.130471302879545,1060.4994087832954,1108.0200351637195,1.5275806134247747,1.488590647847123,0.9344262295081968,0.08196721311475409,0.6010058531030102,0.7377049180327869,0.2786885245901639,-0.6510417536380794,3.7099254576922305,64.5,64.10416666666667,456.20643227891446,443.59605012465045
2,26,base,trust,ma10,http,1043.7053921808877,1045.3189094809554,11.112006100665448,1021.4931856677568,1073.2971314878007,-0.1543564634135384,-0.145204860891063,0.47540983606557374,0.5409836065573771,-1.3976526241894043,0.08196721311475409,0.9344262295081968,-3.0422362040146917,2.6866964948236234,60.666666666666664,61.25,437.038725514221,432.8189094809554
2,27,signed,thr,naive,timer,1994.433664238746,2195.4710623270403,197.18278524025501,1795.4647428109754,2597.231488022323,-9.15691404628259,-1.019548424794501,0.14634146341463414,0.8780487804878049,12.0081710925889,0.926829268292683,0.0975609756097561,-2.770542207136737,-15.72604056494097,6.0,6.08125,1934.433664238746,2134.6585623270403
2,27,signed,mey,naive,timer,1084.3207209495677,1097.7425348945767,15.978055569640972,1056.5839516879764,1129.1592284832502,-1.2226741260689165,-0.8400154753818161,0.1951219512195122,0.8292682926829268,1.9092311106880937,0.926829268292683,0.0975609756097561,-1.4576709382337785,-0.9856043430862773,62.125,63.665625,463.07072094956766,461.0862848945767
2,27,signed,trust,naive,timer,996.0822993472902,971.367818906441,11.673100489012125,948.8933244779938,993.3186417574553,2.544296811137167,2.117216455397856,1.0,0.024390243902439025,1.5381054383325985,0.9024390243902439,0.12195121951219512,4.683236810089612,0.400057652090006,56.5,54.684375,431.08229934729025,424.524068906441
2,27,dwell5,thr,naive,timer,2240.1882368904285,2251.1175281421993,164.33678113641176,1927.7333425533302,2516.1184246728853,-0.4855051375656299,-0.06650544799644498,0.5121951219512195,0.5121951219512195,7.633990070357592,0.7804878048780488,0.24390243902439024,4.333788959546521,-5.252321235906742,6.0,6.0,2180.1882368904285,2191.1175281421993
2,27,dwell5,mey,naive,timer,1110.1606691201978,1146.9330461618804,22.270591912592774,1100.6819572929085,1192.9322897701113,-3.20614853366885,-1.6511629859684995,0.04878048780487805,0.975609756097561,-0.6152409482391747,0.3902439024390244,0.6341463414634146,-3.2770320094776277,-3.134031581377284,59.0,59.225,520.1606691201978,554.6830461618804
2,27,dwell5,trust,naive,timer,990.307619555464,1019.1040168200874,12.754239803307607,998.1451821448156,1045.7372297129764,-2.825658302719365,-2.2577901708540455,0.024390243902439025,1.0,-0.2011837059040563,0.43902439024390244,0.5853658536585366,-2.127485874574203,-3.5236513995087746,54.0,55.509375,450.30761955546404,464.0102668200874
2,27,dwell200,thr,naive,timer,2389.4671733200144,2279.55589837584,187.63155864521823,1927.3779949080351,2746.0809196164337,4.821609113533249,0.5857824543897713,0.7073170731707317,0.3170731707317073,-6.25084972121067,0.21951219512195122,0.8048780487804879,-1.6349976191282896,10.274767516978168,4.5,4.503125,2344.4671733200144,2234.52464837584
2,27,dwell200,mey,naive,timer,951.7334406151143,931.6225552273469,14.966725294002725,889.9601016573072,958.5201399492862,2.158694556601811,1.343706455000281,0.926829268292683,0.0975609756097561,2.4280000145599563,0.975609756097561,0.04878048780487805,3.7746816661067784,0.7567550500440622,49.875,47.459375,452.9834406151143,457.0288052273469
2,27,dwell200,trust,naive,timer,817.8093246488176,823.4692183191576,10.60150461688341,805.1977353353761,841.8231269252722,-0.6873230406708861,-0.5338764519638426,0.34146341463414637,0.6829268292682927,1.3970061097625812,0.8536585365853658,0.17073170731707318,3.1809417421779678,-3.964945375705519,44.25,44.15625,375.30932464881755,381.90671831915756
2,27,f50,thr,naive,timer,2243.186209024321,2369.7775712350667,133.84284981623486,2097.5915591261014,2647.457721443508,-5.34190903599317,-0.9458208816126854,0.1951219512195122,0.8292682926829268,-10.700497072667035,0.04878048780487805,0.975609756097561,-3.7847649455315784,-6.880136652086734,6.0,6.0,1943.1862090243212,2069.7775712350667
2,27,f50,mey,naive,timer,2510.153453749506,2454.821287531709,45.37982946878541,2356.03735794808,2567.858164754006,2.254020139829919,1.2193119027883779,0.9024390243902439,0.12195121951219512,-0.7987869811345093,0.3170731707317073,0.7073170731707317,-0.709288201859955,5.1741349247000565,28.0,27.6375,1110.1534537495058,1072.946287531709
2,27,f50,trust,naive,timer,2201.0553195421103,2208.235248330533,28.134194260554022,2149.6609139557168,2265.206638163352,-0.3251432923123089,-0.2552029292869963,0.3902439024390244,0.6341463414634146,-2.1834703736676295,0.07317073170731707,0.9512195121951219,-2.9426500292789477,2.071859896526494,23.875,24.2625,1007.3053195421103,995.1102483305331
2,27,f2,thr,naive,timer,2117.8334531749447,2271.3332915855017,148.68417422829882,1970.36356311228,2664.651893755353,-6.758138005515105,-1.0323885457699347,0.17073170731707318,0.8536585365853658,-5.43272231667172,0.21951219512195122,0.8048780487804879,-8.576100911222847,-5.168254737914994,6.0,6.0,2105.8334531749447,2259.3332915855017
2,27,f2,mey,naive,timer,504.0390269166407,505.50508929969493,5.489372278250759,492.913973110816,518.356752585728,-0.29001931218640276,-0.2670728653006225,0.3902439024390244,0.6341463414634146,-1.8904020722936,0.0975609756097561,0.926829268292683,-1.7958634770695403,1.229177959005433,126.125,127.084375,251.7890269166407,251.33633929969494
2,27,f2,trust,naive,timer,447.9698394431825,447.98546413629526,3.7530575141405143,438.56035544220276,455.4168928030663,-0.003487767877225198,-0.004163190426449438,0.5121951219512195,0.5121951219512195,-0.3514618097653744,0.34146341463414637,0.6829268292682927,-0.2991012475774005,0.2867304758799438,121.875,120.2125,204.21983944318248,207.56046413629525
2,28,signed,thr,seasonal60,orchestration,1800.1184005574917,1751.5131458599117,66.73393672069787,1604.4359064560672,1917.5458768585286,2.7750436708093944,0.7283438844767692,0.8048780487804879,0.21951219512195122,3.0981096498126557,0.8048780487804879,0.21951219512195122,-0.6250318123383249,6.098874382160822,7.375,7.890625,1726.3684005574917,1672.6068958599117
2,28,signed,mey,seasonal60,orchestration,885.9326416256163,910.1649691132409,7.307000972702427,898.1891276027033,926.2593236746536,-2.6624104761177287,-3.316316444756475,0.024390243902439025,1.0,-0.7572545380771321,0.1951219512195122,0.8292682926829268,-2.755738687448497,-2.563402193762836,51.125,52.575,374.68264162561627,384.4149691132409
2,28,signed,trust,seasonal60,orchestration,1030.5196625228318,1066.8735760293998,10.79019272187659,1048.046263592258,1088.037985765617,-3.4075184092446023,-3.369162576017963,0.024390243902439025,1.0,-1.178335739178489,0.12195121951219512,0.9024390243902439,-2.5396313590140562,-4.2884211805975925,59.375,61.76875,436.7696625228318,449.1860760293998
2,27,base,thr,naive,timer,2160.7970622402277,2236.240654974022,152.11079014388122,1931.657245506008,2685.487824631854,-3.3736795083296127,-0.4959779162440258,0.32786885245901637,0.6885245901639344,-8.022753160977178,0.06557377049180328,0.9508196721311475,-7.01133774304163,0.2344010693450927,6.0,5.9222222222222225,2100.7970622402277,2177.0184327518
2,27,base,mey,naive,timer,1070.8604265165466,1083.0828334244152,14.002692558446698,1059.336149712046,1113.9746598132958,-1.1284831160350561,-0.8728611912925148,0.22950819672131148,0.7868852459016393,-0.5470214314136411,0.4098360655737705,0.6065573770491803,-0.2879660901834753,-1.9926662078488042,55.416666666666664,55.236111111111114,516.6937598498799,530.7217223133041
2,27,base,trust,naive,timer,958.2182391662668,957.8463788974677,9.26976226102249,933.9128354104515,977.7909375622862,0.03882253741222193,0.04011540515582379,0.45901639344262296,0.5573770491803278,-0.5861307980021807,0.26229508196721313,0.7540983606557377,2.6818377095272727,-2.568616326721098,51.333333333333336,51.330555555555556,444.88490583293344,444.5408233419122
2,28,dwell5,thr,seasonal60,orchestration,1752.810221507822,1717.8597140852412,50.901976612085335,1620.5482148562078,1836.4874729958278,2.0345379273994983,0.6866237766940221,0.7317073170731707,0.2926829268292683,0.10077922118658134,0.6097560975609756,0.4146341463414634,6.726139331437451,-3.8547672231393575,7.0,7.0,1682.810221507822,1647.8597140852412
2,28,dwell5,mey,seasonal60,orchestration,959.3161190934351,964.9249363712955,11.391533263938783,941.692211873398,991.1187561633609,-0.5812698031157757,-0.49236719481966607,0.3170731707317073,0.7073170731707317,-0.7441780753345375,0.2682926829268293,0.7560975609756098,-0.4561384611442443,-0.7091720800590847,53.875,54.009375,420.5661190934351,424.83118637129553
2,28,dwell5,trust,seasonal60,orchestration,1030.5791750733115,1054.697955173187,11.758889405601577,1032.8698399082787,1086.8881475667172,-2.286794999608685,-2.0511103785350717,0.024390243902439025,1.0,-2.214974810134911,0.024390243902439025,1.0,-2.059136389493627,-2.517702029321132,60.375,60.88125,426.8291750733115,445.885455173187
2,28,dwell200,thr,seasonal60,orchestration,1835.970021213696,1570.1999814740132,85.59523867129246,1427.3728169701117,1895.4147264392407,16.925872046578,3.1049628912223453,0.975609756097561,0.04878048780487805,0.4819236508910566,0.6829268292682927,0.34146341463414637,8.54128241435892,25.949515776332586,5.0,5.371875,1785.970021213696,1516.4812314740132
2,28,dwell200,mey,seasonal60,orchestration,772.3885312231391,764.0549927423206,9.352209736234057,748.5573272345327,784.9505022225194,1.0906987795352405,0.8910769450059731,0.8292682926829268,0.1951219512195122,0.2732051336690187,0.6097560975609756,0.4146341463414634,1.6322036717493977,0.5326849639323118,42.75,42.371875,344.8885312231391,340.33624274232056
2,28,dwell200,trust,seasonal60,orchestration,821.3894605056233,826.1554990305307,9.254518924225655,808.5570278092,849.1159810037457,-0.5768936393330494,-0.5149958159825286,0.2926829268292683,0.7317073170731707,0.06134631832049403,0.5365853658536586,0.4878048780487805,-1.7700820535494581,0.5927254959887688,48.5,48.7375,336.38946050562333,338.7804990305307
2,28,f2,thr,seasonal60,orchestration,1423.049840908844,1559.8479034960953,64.3325617793696,1447.0356952627253,1694.6759244906716,-8.769961627710307,-2.126420257542428,0.024390243902439025,1.0,9.066538673586006,1.0,0.024390243902439025,-8.569843931364668,-8.966573126311095,6.875,7.0,1409.299840908844,1545.8479034960953
2,28,f2,mey,seasonal60,orchestration,392.4553700149486,396.7729986724568,4.3768206412482025,389.31736940865756,409.61566921116173,-1.0881861094263918,-0.9864760316696266,0.17073170731707318,0.8536585365853658,-1.5058924730405574,0.12195121951219512,0.9024390243902439,0.42639799048771077,-2.666454022210045,113.0,113.584375,166.45537001494858,169.60424867245683
2,28,f2,trust,seasonal60,orchestration,428.8972833759062,448.39964406627234,3.2622287043319047,441.1206352130557,457.3783573707189,-4.349325640295048,-5.978232201951073,0.024390243902439025,1.0,-1.315020705656501,0.04878048780487805,0.975609756097561,-4.015049522467488,-4.696108285820699,132.25,138.309375,164.39728337590623,171.78089406627237
2,28,f50,thr,seasonal60,orchestration,1815.6936948028488,1858.5693959765783,50.94620012939658,1743.7165213725802,2005.0422012439722,-2.3069195730085017,-0.8415878135136866,0.17073170731707318,0.8536585365853658,-0.8471670418472158,0.3902439024390244,0.6341463414634146,3.879667027069601,-8.499687201646678,6.625,7.0,1484.4436948028488,1508.5693959765783
2,28,f50,mey,seasonal60,orchestration,2091.0458736885425,2096.3671698585886,28.70882603984593,2010.4583055228288,2155.4165247593382,-0.2538341682962425,-0.18535401491723913,0.43902439024390244,0.5853658536585366,0.597633310948668,0.6585365853658537,0.36585365853658536,0.29180760162219954,-0.7769881408909812,22.375,23.475,972.2958736885425,922.6171698585886
2,28,f50,trust,seasonal60,orchestration,2322.151361749782,2380.758411630234,39.83817966812098,2304.9993692199278,2462.2191229461127,-2.46169664230318,-1.4711277063532626,0.12195121951219512,0.9024390243902439,-1.4297631793183356,0.21951219512195122,0.8048780487804879,-2.8994309215591136,-2.0432785393368724,26.25,26.740625,1009.6513617497822,1043.7271616302341
2,28,base,thr,seasonal60,orchestration,1590.24394818572,1649.1269755476667,57.701411395666604,1562.4705306331437,1875.3300914888357,-3.5705575274088237,-1.0204781120201303,0.11475409836065574,0.9016393442622951,-1.0014629827635422,0.45901639344262296,0.5573770491803278,-0.37655659876378417,-6.867039028317355,6.916666666666667,6.977777777777778,1521.0772815190533,1579.3491977698889
2,28,base,mey,seasonal60,orchestration,909.6778800381139,918.7944130557185,8.683169484932112,898.2214348600475,949.2783397298055,-0.9922277375724171,-1.049908450298526,0.11475409836065574,0.9016393442622951,0.1566562864197618,0.5737704918032787,0.4426229508196721,-1.4640650955798522,-0.5459713149912755,53.083333333333336,53.71666666666667,378.84454670478056,381.6277463890517
2,28,base,trust,seasonal60,orchestration,979.7148847751369,1011.9527559995215,10.343213899840041,991.3473103722821,1044.2569355021726,-3.1857091186577,-3.1168137424754625,0.01639344262295082,1.0,-1.0008598693696935,0.19672131147540983,0.819672131147541,-1.4936239322515568,-4.814098856040359,59.833333333333336,60.984722222222224,381.3815514418035,402.10553377729923
2,30,signed,thr,naive,http,1984.7464548611351,2380.2551461926096,344.1754883180463,1893.1110043422782,3086.0740656110183,-16.616230909703912,-1.1491483407615364,0.14634146341463414,0.8780487804878049,-10.713672486648493,0.3170731707317073,0.7073170731707317,-16.942866240267417,-16.279743018437642,13.125,14.046875,1853.4964548611351,2239.7863961926096
2,30,signed,mey,naive,http,1022.7698764214017,1040.0645771087297,8.295539980993176,1021.7838871930865,1059.5003893199525,-1.6628487372779759,-2.0848191590847396,0.04878048780487805,0.975609756097561,0.5864788060106733,0.8048780487804879,0.21951219512195122,0.4712411687688509,-3.8187742687534127,61.0,62.553125,412.7698764214017,414.53332710872974
2,30,signed,trust,naive,http,983.4007800784531,1003.9621954633512,12.486026939126498,979.3461126902331,1031.317047726514,-2.048026855773051,-1.6467540463545254,0.07317073170731707,0.9512195121951219,-0.004971212122717378,0.5853658536585366,0.43902439024390244,-3.2326097333783292,-0.8155151090116233,57.0,57.928125,413.40078007845307,424.68094546335124
2,30,dwell5,thr,naive,http,1706.5611405282593,1890.0768255427095,252.69017014745884,1683.2037605462142,2609.0311102188166,-9.709429930804857,-0.7262478192458316,0.14634146341463414,0.9512195121951219,36.9852599935333,0.975609756097561,0.04878048780487805,-8.197489681374233,-11.372250311850438,10.625,10.83125,1600.3111405282593,1781.7643255427095
2,30,dwell5,mey,naive,http,1026.7309698385652,1038.7007599927579,11.299916797962611,1014.745554649437,1069.105914481417,-1.1523809951073982,-1.0592812644736305,0.14634146341463414,0.8780487804878049,2.6894207501378977,0.975609756097561,0.04878048780487805,-2.101259862864102,-0.2013249048215492,60.0,60.478125,426.7309698385652,433.91950999275787
2,30,dwell5,trust,naive,http,1021.7053346100337,1026.9674215830069,9.577106532775453,1005.5199859830609,1054.1203810194556,-0.5123908375654213,-0.5494443394740252,0.2682926829268293,0.7560975609756098,-0.20869149641069454,0.4634146341463415,0.5609756097560976,-1.8888827479374761,0.7953813090222724,58.75,59.49375,434.2053346100337,432.02992158300685
2,30,dwell200,thr,naive,http,1900.7146459408505,2048.980659033948,150.51470877908937,1836.4404974386416,2459.918031029683,-7.2360865115731245,-0.9850599605564652,0.14634146341463414,0.8780487804878049,-1.596975226360686,0.4878048780487805,0.5365853658536586,3.8508699859685644,-16.88454759870301,9.25,9.13125,1808.2146459408505,1957.668159033948
2,30,dwell200,mey,naive,http,868.5230116713986,879.5729556998937,7.76224673578774,860.3532604524244,900.9518901498061,-1.2562851048213914,-1.4235497021177377,0.04878048780487805,0.975609756097561,0.4362099178839692,0.7804878048780488,0.24390243902439024,-1.9919634396066312,-0.5997284196538766,51.5,52.10625,353.52301167139865,358.51045569989367
2,30,dwell200,trust,naive,http,819.6160429788307,837.0546636077673,7.504406898195373,823.1437084993478,853.0111629606763,-2.0833311594938007,-2.3237839932600397,0.024390243902439025,1.0,-0.9836217892454767,0.21951219512195122,0.8048780487804879,-1.7636325805751294,-2.3790322242998165,45.375,46.86875,365.8660429788307,368.36716360776734
2,30,f2,thr,naive,http,2083.459562992739,2798.213475947291,375.4900393180789,2096.4258652437143,3474.6545029011672,-25.543223170726222,-1.903522964956952,0.024390243902439025,1.0,2.775794975583714,0.5853658536585366,0.43902439024390244,-32.79175905634901,-15.448121150803088,9.0,10.65625,2065.459562992739,2776.900975947291
2,30,f2,mey,naive,http,428.28008226863466,431.80008123704084,3.508218459320882,427.1904885439711,447.37429372739507,-0.8151918263474914,-1.0033579747732082,0.14634146341463414,0.8780487804878049,0.0232178179467654,0.6097560975609756,0.4146341463414634,0.3113502079687391,-1.9034218478613814,125.125,126.209375,178.03008226863466,179.38133123704085
2,30,f2,trust,naive,http,427.72352136611084,431.0209380065127,2.7120093599685315,427.3301193356707,441.6467254998697,-0.7650247005754633,-1.215857396760658,0.07317073170731707,0.9512195121951219,0.03988078323870015,0.6341463414634146,0.3902439024390244,-0.1233872536728745,-1.3975629450727793,124.75,127.015625,178.22352136611084,176.98968800651272
2,30,f50,thr,naive,http,2216.275520697498,2925.282522356632,205.23449145814322,2500.8730899499883,3453.77762781547,-24.237214567841196,-3.4546191364901895,0.024390243902439025,1.0,3.6363498642299135,0.7073170731707317,0.3170731707317073,-28.56711319296193,-19.286990580979683,10.125,10.86875,1710.025520697498,2381.845022356632
2,30,f50,mey,naive,http,2268.8673396795616,2341.67420052993,33.32735498837852,2290.248919650647,2471.2001802855093,-3.1091797840148776,-2.1845976338583384,0.024390243902439025,1.0,-0.30063645014064916,0.5121951219512195,0.5121951219512195,-5.577907724395727,-0.7229071996984543,26.125,27.453125,962.6173396795616,969.0179505299302
2,30,f50,trust,naive,http,2105.690951884921,2145.493594448509,26.80665132804299,2095.9890177421803,2206.471846886385,-1.8551741504415522,-1.4848047253835726,0.0975609756097561,0.926829268292683,-1.2500940781768066,0.21951219512195122,0.8048780487804879,-2.143506954470503,-1.5610048505902132,23.625,24.115625,924.4409518849211,939.7123444485092
2,30,base,thr,naive,http,1875.6637473187402,2365.8357264082297,234.13927341439782,1905.2214994859926,2823.063368381158,-20.71876646455331,-2.093506022895805,0.01639344262295082,1.0,-2.6857447120955684,0.4262295081967213,0.5901639344262295,-25.87978923897843,-15.24761707655991,9.833333333333334,10.768055555555556,1777.330413985407,2258.155170852674
2,30,base,mey,naive,http,1020.4592581771398,1037.2150341159036,11.624408717239058,1024.3425077519066,1098.5762556673346,-1.6154582596313805,-1.4414303855227408,0.01639344262295082,1.0,-0.6128681878628027,0.2786885245901639,0.7377049180327869,-2.1339320253195737,-1.0881778233448787,60.416666666666664,62.35,416.29259151047313,413.71503411590356
2,30,base,trust,naive,http,1008.7040175489491,1020.5717452819445,6.73388610751312,1005.6138963893592,1041.384080428019,-1.1628509007680574,-1.7623891380868968,0.08196721311475409,0.9344262295081968,0.9721478891759919,0.9180327868852459,0.09836065573770492,-1.4189817808057665,-0.8955763279742398,58.833333333333336,59.708333333333336,420.3706842156157,423.4884119486111
2,31,signed,thr,seasonal60,http,2015.4886080257302,2416.521686380501,181.92921753571582,2161.746940084139,2887.8534570468005,-16.595467800474964,-2.2043357509413846,0.024390243902439025,1.0,1.0127796361335708,0.6585365853658537,0.36585365853658536,-16.927730596673854,-16.240986094947907,7.25,8.49375,1942.9886080257302,2331.584186380501
2,31,signed,mey,seasonal60,http,1105.268035547142,1037.0669368529602,13.050836244858198,1015.9861952921217,1070.3116988001966,6.576344907990417,5.2258029611743755,1.0,0.024390243902439025,-0.23964849749355535,0.4146341463414634,0.6097560975609756,2.664300633202068,10.452845976918113,60.75,63.0125,497.76803554714206,406.9419368529602
2,31,signed,trust,seasonal60,http,1049.3027905034699,1060.9829891393406,13.019787500787375,1036.611576062679,1092.618924054822,-1.1008846282583291,-0.8971113111611365,0.24390243902439024,0.7804878048780488,-0.8114191388407537,0.2682926829268293,0.7560975609756098,-2.0303243256426393,-0.18573132403759093,57.875,63.73125,470.55279050346985,423.6704891393406
2,31,dwell5,thr,seasonal60,http,1633.5459245110178,1978.0709582314735,253.2375391527383,1671.9058894028956,2928.7208074585706,-17.4172231934735,-1.360481684007591,0.024390243902439025,1.0,2.5200032667750043,0.7317073170731707,0.2926829268292683,-16.453109688227393,-18.52737761004575,7.625,7.425,1557.2959245110178,1903.8209582314735
2,31,dwell5,mey,seasonal60,http,1025.7739567211574,1026.9052358223346,15.398009561094332,998.4991841426358,1074.8217281701197,-0.11016392376958,-0.0734691777329136,0.5853658536585366,0.43902439024390244,0.18373032436245307,0.6341463414634146,0.3902439024390244,-0.6861990072941445,0.46330587175472865,60.75,60.090625,418.27395672115745,425.9989858223346
2,31,dwell5,trust,seasonal60,http,1074.510019123803,1068.8757374552176,12.071398215831504,1050.1265128041932,1112.5932924606982,0.5271222342458122,0.4667464006941671,0.7560975609756098,0.2682926829268293,0.5868784947611659,0.7560975609756098,0.2682926829268293,1.4620569952615583,-0.42404510413161006,62.75,62.70625,447.010019123803,441.81323745521763
2,31,f2,thr,seasonal60,http,1702.6007900678123,1944.4661725729934,184.9292742276924,1670.397160526483,2511.1825757950483,-12.438652104970041,-1.3078804505953268,0.04878048780487805,0.975609756097561,-0.18757772703575662,0.5121951219512195,0.5121951219512195,-13.862901548555262,-11.0935181634675,7.375,7.434375,1687.8507900678123,1929.5974225729933
2,31,f2,mey,seasonal60,http,547.2640774120991,451.1437256446503,6.085599176574739,436.7392986463043,472.230180540943,21.305926759836925,15.79472275095677,1.0,0.024390243902439025,-0.6833945175684909,0.3170731707317073,0.7073170731707317,26.37861638503186,16.31793138021794,128.875,133.165625,289.51407741209914,184.8124756446503
2,31,f2,trust,seasonal60,http,484.03412242638234,448.3417705528926,4.453241673930298,441.6748961649611,459.2030612975581,7.960969558886762,8.014914636777103,1.0,0.024390243902439025,-0.30232904456507537,0.43902439024390244,0.5853658536585366,9.758195411537557,6.197416580031048,128.875,135.4375,226.28412242638234,177.46677055289263
2,31,dwell200,thr,seasonal60,http,2272.1383307688493,2141.8557316168635,231.30528306526202,1753.3695818011427,2520.5471947337846,6.082697225066455,0.5632495610367316,0.7073170731707317,0.3170731707317073,19.469439730905734,1.0,0.024390243902439025,3.2160345870875777,10.19994170074112,6.125,6.45,2210.8883307688493,2077.3557316168635
2,31,dwell200,mey,seasonal60,http,951.1195578985743,811.0048892720818,11.663409013374135,787.0041238725222,833.4983546267532,17.27667372662236,12.013183149611454,1.0,0.024390243902439025,2.60372969386345,0.975609756097561,0.04878048780487805,12.303492653277779,23.214188461878763,48.0,48.41875,471.11955789857427,326.81738927208175
2,31,dwell200,trust,seasonal60,http,876.5357223599444,790.3293580749413,10.848509941524206,768.5326091611757,815.2953671210964,10.907650513575986,7.946378327500635,1.0,0.024390243902439025,1.1083524609853124,0.8048780487804879,0.21951219512195122,3.8567503362064106,19.345747942751892,45.75,45.484375,419.03572235994443,335.4856080749413
2,31,f50,thr,seasonal60,http,2369.214521937035,2527.7586535437213,152.0565945850936,2143.0854816203946,3005.0351207641015,-6.272122988657154,-1.0426652789331154,0.14634146341463414,0.8780487804878049,-1.2536584325682425,0.3902439024390244,0.6341463414634146,-9.325337373243565,-3.193149683680332,7.0,7.45625,2019.214521937035,2154.9461535437213
2,31,f50,mey,seasonal60,http,2341.322056224284,2252.76414326273,49.378899502289414,2173.8478677941366,2409.742057519691,3.931077881650472,1.7934363433402971,0.9512195121951219,0.07317073170731707,3.0305577944985234,0.926829268292683,0.0975609756097561,0.9995052004957512,6.816863552325248,24.125,25.65625,1135.072056224284,969.9516432627302
2,31,f50,trust,seasonal60,http,2428.974514197374,2335.4892904672943,45.123814398186006,2244.6638982071863,2449.4457065072247,4.0028110645446295,2.0717491412658116,0.9512195121951219,0.07317073170731707,-0.051587893729625606,0.5609756097560976,0.4634146341463415,0.9662109143388613,7.11862889643748,25.75,26.203125,1141.474514197374,1025.3330404672943
2,31,base,thr,seasonal60,http,1808.1577757528141,2188.1182395232386,177.29807742914087,1677.3110761824698,2656.010909541806,-17.36471351992444,-2.143060259197,0.04918032786885246,0.9672131147540983,0.022315812282540676,0.5245901639344263,0.4918032786885246,-17.366258320477087,-17.362937601416576,7.25,7.418055555555555,1735.6577757528141,2113.937683967683
2,31,base,mey,seasonal60,http,1076.3436150745838,1009.4694464212614,10.981750201746264,989.4021536701063,1039.3017095269458,6.624684767865192,6.089572920961941,1.0,0.01639344262295082,1.040790922358773,0.819672131147541,0.19672131147540983,8.392379866210703,4.863909346398694,56.25,58.083333333333336,513.8436150745838,428.63611308792804
2,31,base,trust,seasonal60,http,1053.9831046650606,1024.575175888827,9.890088806905196,1001.3293335906516,1050.542682452817,2.8702558356171344,2.973474692734928,1.0,0.01639344262295082,-0.8014974360353623,0.21311475409836064,0.8032786885245902,1.639509476957395,4.113581609983133,58.083333333333336,61.06111111111111,473.14977133172727,413.964064777716
2,32,signed,thr,ma10,storage,2202.66054006007,2174.821121569791,157.0982353588475,1841.99266588167,2526.77636201508,1.2800785413645652,0.17721025590572423,0.5365853658536586,0.4878048780487805,-1.65920156519601,0.4146341463414634,0.6097560975609756,9.527843653496031,-7.251325907365488,6.5,6.4875,2137.66054006007,2109.946121569791
2,32,signed,mey,ma10,storage,1126.5306472114194,1111.4029522504138,14.892105540987458,1068.4123234072463,1143.5061941813028,1.3611350348111253,1.0158197522418624,0.8780487804878049,0.14634146341463414,0.02499038713943306,0.4634146341463415,0.5609756097560976,3.2656601227512985,-0.544357981919496,65.25,64.109375,474.03064721141936,470.3092022504138
2,32,signed,trust,ma10,storage,1017.1223616418175,1003.6096850394786,12.02636148589016,979.5721235073252,1028.4424548603852,1.3464075530326727,1.1235880958835809,0.9024390243902439,0.12195121951219512,-0.5496005589469962,0.2926829268292683,0.7317073170731707,2.829108745240042,-0.15747747885152835,58.875,57.56875,428.3723616418175,427.92218503947856
2,32,dwell5,thr,ma10,storage,1855.8066030977197,2253.952603819852,216.90516118452726,1873.4346794722805,2784.3332731354003,-17.66434662589534,-1.8355764268025798,0.024390243902439025,1.0,0.9951704121431159,0.6097560975609756,0.4146341463414634,-14.30277504642198,-21.144925991207124,6.0,6.115625,1795.8066030977197,2192.796353819852
2,32,dwell5,mey,ma10,storage,1098.1328943362146,1128.6304470478813,17.163929873408005,1100.3508978680775,1178.9649663084108,-2.7021734874721886,-1.7768397410500028,0.024390243902439025,1.0,1.1727167820559663,0.8292682926829268,0.1951219512195122,-1.2543411712304997,-4.145853760132342,59.375,60.23125,504.3828943362146,526.3179470478813
2,32,dwell5,trust,ma10,storage,997.5995620227931,1014.6525276451626,9.372409480599252,990.3250226450147,1037.4625945040507,-1.6806704913993207,-1.8194857637909407,0.04878048780487805,0.975609756097561,-0.8031768809120126,0.21951219512195122,0.8048780487804879,-0.8989817014448749,-2.453036802608339,53.125,54.340625,466.34956202279307,471.24627764516265
2,32,dwell200,thr,ma10,storage,2091.1530654447533,2109.2240963654795,163.75891207920367,1728.7611056390874,2474.5892186544843,-0.8567620174577613,-0.11035143487021871,0.4878048780487805,0.5365853658536586,-6.848328145055352,0.17073170731707318,0.8536585365853658,7.406322124318186,-8.510717456276863,5.125,4.971875,2039.9030654447533,2059.5053463654795
2,32,dwell200,mey,ma10,storage,915.9711047439869,915.2659904808504,15.555808807630182,873.1755795921367,940.1952215905849,0.07703927278735899,0.045328036096111204,0.5365853658536586,0.4878048780487805,2.051436415231577,0.9024390243902439,0.12195121951219512,-1.5845127517267124,1.8501447780937603,47.25,47.946875,443.47110474398687,435.7972404808504
2,32,dwell200,trust,ma10,storage,820.0038083227222,809.8846692417771,11.24802402255469,789.9067696139623,833.1765175974009,1.2494543316172035,0.8996370438624609,0.8292682926829268,0.1951219512195122,1.7083505054609023,0.8780487804878049,0.14634146341463414,1.4554237790982876,1.0460637440695495,45.875,44.365625,361.2538083227222,366.22841924177715
2,32,f50,thr,ma10,storage,2248.8545735051766,2565.420804838309,266.1297572035716,2206.49590137429,3357.5935405487153,-12.339738990815759,-1.1895183562316936,0.0975609756097561,0.926829268292683,13.170808770387602,0.926829268292683,0.0975609756097561,-2.613837573665302,-20.87413505189092,6.125,6.1875,1942.6045735051766,2256.045804838309
2,32,f50,mey,ma10,storage,2250.8517669761677,2329.6982938075034,55.282441477473625,2230.015201806719,2449.8670825450276,-3.3844093478076176,-1.4262489992136824,0.04878048780487805,0.975609756097561,-0.03288402170278613,0.5365853658536586,0.4878048780487805,-2.3218233403050235,-4.448239181011979,23.75,24.428125,1063.3517669761677,1108.2920438075034
2,32,f50,trust,ma10,storage,2119.273059923922,2147.6225327134334,36.01405252439633,2086.7221635756523,2229.1534966988156,-1.3200398281206758,-0.7871780819530669,0.3170731707317073,0.7073170731707317,-0.41918094699407943,0.3902439024390244,0.6341463414634146,-1.7005811932201749,-0.9460480266951669,22.375,22.803125,1000.5230599239221,1007.4662827134334
2,32,f2,thr,ma10,storage,2248.7520267367167,2333.3669714071643,226.12121706196766,1972.1043260060173,3292.665570973386,-3.6263024936630326,-0.3742017037138942,0.3902439024390244,0.6341463414634146,5.124385503176393,0.8292682926829268,0.1951219512195122,0.05869769356811724,-6.813705328010587,6.125,6.10625,2236.5020267367167,2321.1544714071642
2,32,f2,mey,ma10,storage,497.68035073087515,504.07986315235684,5.656188425802596,491.00036011972634,513.7885351704335,-1.2695433579633892,-1.1314178276466482,0.17073170731707318,0.8536585365853658,1.6331516120561533,0.9512195121951219,0.07317073170731707,-1.2386439407665983,-1.299568661120892,129.75,130.1875,238.18035073087515,243.70486315235684
2,32,f2,trust,ma10,storage,431.9831952654886,438.25757090230763,4.370980138750665,428.8773521774972,446.74323227456773,-1.43166394682037,-1.4354619416350018,0.0975609756097561,0.926829268292683,-0.677631442175031,0.2682926829268293,0.7560975609756098,-3.3336189151457543,0.43272886969894025,116.875,117.425,198.23319526548858,203.40757090230764
2,32,base,thr,ma10,storage,2031.5176784685652,2134.071541183091,184.0656135785449,1855.6769787343221,2757.7123428796913,-4.805549426785937,-0.5571592690275298,0.3442622950819672,0.6721311475409836,0.3315106904882896,0.6229508196721312,0.39344262295081966,-2.710534851198337,-7.063512034283365,6.166666666666667,6.138888888888889,1969.8510118018985,2072.6826522942024
2,32,base,mey,ma10,storage,1088.490432011038,1117.452407682287,17.34281426596991,1085.7489667807324,1159.7842641554894,-2.5917860547921907,-1.669969776939739,0.06557377049180328,0.9508196721311475,0.21884939383286744,0.5409836065573771,0.47540983606557374,-1.7051521872934012,-3.474451581765639,57.916666666666664,57.94027777777778,509.3237653443713,538.0496299045092
2,32,base,trust,ma10,storage,990.5684194851992,1003.4107017454851,11.025447156413861,980.9903828641568,1031.0777509720958,-1.2798629950772937,-1.164785616229187,0.09836065573770492,0.9180327868852459,0.3786279913497245,0.6885245901639344,0.32786885245901637,-2.204161007464507,-0.3414800926108896,56.083333333333336,56.9875,429.73508615186586,433.5357017454851
2,33,signed,thr,naive,http,2461.3409763265563,2627.490809805878,325.01754553629354,1899.7047998561638,3232.2747616337233,-6.323517207338859,-0.5112026589369727,0.4146341463414634,0.6097560975609756,-10.453336241734144,0.21951219512195122,0.8048780487804879,-9.666927005702588,-2.6500297854658044,7.75,7.90625,2383.8409763265563,2548.428309805878
2,33,signed,mey,naive,http,1207.249158581117,1198.698858676246,12.853550439658022,1175.3154780507386,1222.9827544548357,0.7132984104375781,0.6652091922003256,0.7317073170731707,0.2926829268292683,-0.5746979463538807,0.36585365853658536,0.6585365853658537,0.299857321793201,1.1188555737210708,73.5,72.19375,472.24915858111694,476.7613586762459
2,33,signed,trust,naive,http,1064.8904635285835,1036.5111409388317,12.745918670824828,1010.6706617770355,1072.2817473380164,2.7379659965880294,2.226541948263924,0.9512195121951219,0.07317073170731707,0.9632527782912929,0.8536585365853658,0.17073170731707318,3.6919263884475866,1.8003798445196306,65.0,62.053125,414.8904635285835,415.97989093883166
2,33,dwell5,thr,naive,http,2222.9464144465487,2374.136803955338,420.21154926102787,1762.6555671771694,3436.7062819861994,-6.3682256749865696,-0.35979589274656665,0.3902439024390244,0.6341463414634146,-8.694638648821943,0.34146341463414637,0.6829268292682927,-4.717357793709944,-7.928212694245977,6.875,7.084375,2154.1964144465487,2303.293053955338
2,33,dwell5,mey,naive,http,1195.105433141208,1185.0632440679021,14.10996271266748,1156.5230866189538,1215.915827015103,0.8473968898769222,0.7117091148859239,0.7560975609756098,0.2682926829268293,-0.17253211360855,0.5121951219512195,0.5121951219512195,2.277264611338334,-0.5548634328830028,69.125,69.70625,503.8554331412081,488.00074406790213
2,33,dwell5,trust,naive,http,1068.8018553460188,1077.1685978987352,15.836864342540764,1052.241582198602,1134.2088456038432,-0.7767347255608558,-0.5283080268763705,0.3170731707317073,0.7073170731707317,0.33469649141224866,0.6341463414634146,0.3902439024390244,1.3239276930016821,-2.858139098313442,61.625,61.725,452.5518553460188,459.91859789873524
2,33,dwell200,thr,naive,http,2305.6889539144227,2581.858988419444,339.8216179973649,2088.059560096085,3408.317303050996,-10.69655762548389,-0.8126911881961635,0.1951219512195122,0.8292682926829268,-9.323634703945677,0.21951219512195122,0.8048780487804879,-1.9303553663721102,-18.215180705269493,6.5,6.621875,2240.6889539144227,2515.640238419444
2,33,dwell200,mey,naive,http,1037.8542521172299,1031.9110963085873,15.914660955758709,1004.8780589040907,1071.2940781118043,0.5759368059809408,0.3734390462457235,0.6585365853658537,0.36585365853658536,-2.518629161893754,0.04878048780487805,0.975609756097561,-1.0549548059080693,2.179345795870272,62.25,62.43125,415.35425211722986,407.5985963085873
2,33,dwell200,trust,naive,http,929.9686345248965,914.2256741110975,11.966292030674744,887.97580546644,936.1242985001013,1.7219993771347406,1.3156089098814416,0.9024390243902439,0.12195121951219512,1.794991444143045,0.9024390243902439,0.12195121951219512,4.782912146691349,-1.216695562279789,51.0,51.8375,419.9686345248965,395.85067411109753
2,33,f2,thr,naive,http,2487.8589270818284,2719.8077405065924,384.9535941016312,2136.00756517869,3623.740116877584,-8.528132704761004,-0.6025370771405953,0.2682926829268293,0.7560975609756098,-9.576509803218912,0.2682926829268293,0.7560975609756098,-3.467374600348264,-13.497489911332897,6.875,7.34375,2474.1089270818284,2705.1202405065924
2,33,f2,mey,naive,http,511.01614800289826,516.5452021708122,6.067174086427249,505.04181884819184,533.0131104689193,-1.070391157381343,-0.911306332924069,0.1951219512195122,0.8292682926829268,0.8186813859248679,0.7073170731707317,0.3170731707317073,-0.5376637427244645,-1.5973203039614279,160.5,161.70625,190.01614800289826,193.1327021708122
2,33,f2,trust,naive,http,448.3263531580709,448.78955367631454,3.869511112665704,439.46557306499585,457.34687049173476,-0.10321107397649411,-0.11970517844682972,0.4146341463414634,0.6097560975609756,0.27286873991777694,0.7073170731707317,0.3170731707317073,1.001859420122209,-1.2129865617713997,132.75,131.8375,182.8263531580709,185.11455367631453
2,33,f50,thr,naive,http,2653.3557457900515,2553.1500338021287,473.18832725334255,2068.714630922892,3866.401108537243,3.9247874453620453,0.21176708345612497,0.7804878048780488,0.24390243902439024,-4.248306540149157,0.5609756097560976,0.4634146341463415,-5.760975536577158,14.083790892971946,7.125,7.134375,2297.1057457900515,2196.4312838021287
2,33,f50,mey,naive,http,2548.2776393505865,2559.835115986602,66.41339251055025,2430.5062825537007,2749.060835708884,-0.4514930107739017,-0.17402328354449773,0.5121951219512195,0.5121951219512195,-0.854317282605146,0.3902439024390244,0.6341463414634146,1.3513399361970329,-2.298505528914525,29.875,30.296875,1054.5276393505865,1044.991365986602
2,33,f50,trust,naive,http,2233.036255315831,2331.5836544120652,48.621574540613985,2259.2702831993274,2448.4138456937435,-4.226629351674879,-2.0268245121086466,0.024390243902439025,1.0,0.3882027666264521,0.6585365853658537,0.36585365853658536,-2.4117919002967274,-6.067274455904034,25.875,26.875,939.2862553158311,987.8336544120652
2,33,base,thr,naive,http,2519.8430123178837,2505.545233667533,312.45782510383873,2001.6866808650032,3352.7221670751283,0.5706454011776932,0.04575906730964124,0.639344262295082,0.3770491803278688,-3.491449841321456,0.5245901639344263,0.4918032786885246,-4.610359047658829,6.154490139055651,6.916666666666667,7.055555555555555,2450.676345651217,2434.9896781119774
2,33,base,mey,naive,http,1122.0739069796862,1117.5762927697358,12.691485087224063,1090.4953053459396,1147.6880451537556,0.4024435950411713,0.3543804510693483,0.6721311475409836,0.3442622950819672,-1.6587915128770114,0.06557377049180328,0.9508196721311475,0.3661679662691312,0.4393074319319592,66.0,66.24722222222222,462.07390697968617,455.10407054751363
2,33,base,trust,naive,http,1006.4312639976783,1014.0214839406251,9.452481268842861,992.464713738584,1043.6015658254453,-0.7485265414150927,-0.8029870387541035,0.21311475409836064,0.8032786885245902,-0.5350083594995465,0.29508196721311475,0.7213114754098361,-0.17164226701720714,-1.3370918645508203,58.75,59.34444444444444,418.93126399767834,420.57703949618065
2,34,dwell5,thr,seasonal60,queue,2228.0848735501786,2067.5504798142792,281.9487636307461,1660.1462128874962,2942.5071977224934,7.764472756685467,0.569374348972649,0.7804878048780488,0.24390243902439024,-3.9821433650312397,0.5121951219512195,0.5121951219512195,6.827990550379309,8.776145264650538,8.125,8.18125,2146.8348735501786,1985.7379798142792
2,34,dwell5,mey,seasonal60,queue,1093.9525460392365,1079.3002114901515,14.14487447878065,1056.7158356547088,1106.0953586621497,1.357577288792992,1.0358758977370663,0.8292682926829268,0.1951219512195122,-0.4331744224984527,0.4146341463414634,0.6097560975609756,1.9883973391814291,0.7362667985032931,62.875,63.91875,465.2025460392365,440.11271149015147
2,34,dwell5,trust,seasonal60,queue,1011.262086286895,1019.8042770059037,12.63290759037013,1001.9009854569742,1061.9585944345547,-0.837630407286398,-0.6761856411836843,0.3170731707317073,0.7073170731707317,0.35142990822146664,0.6341463414634146,0.3902439024390244,2.16913919030949,-3.7876027783240036,57.625,58.703125,435.01208628689506,432.7730270059037
2,34,signed,thr,seasonal60,queue,3346.564285781732,2634.144959658369,383.6707188848663,1768.8789911048318,3748.0834453072453,27.04556267912299,1.8568509168330598,0.975609756097561,0.04878048780487805,28.389467626625983,0.975609756097561,0.04878048780487805,34.88545325663236,19.799345444701583,10.25,9.934375,3244.064285781732,2534.801209658369
2,34,signed,mey,seasonal60,queue,1091.8678721694655,1083.1413026790044,12.133005835879072,1048.0374474640357,1105.7235704022187,0.8056723041469374,0.719242173662799,0.7804878048780488,0.24390243902439024,2.153703923373307,1.0,0.024390243902439025,0.19811940097474487,1.406416757035105,65.125,65.203125,440.6178721694655,431.1100526790044
2,34,signed,trust,seasonal60,queue,989.075549072399,990.5962550451984,13.74377789299536,961.0614911534067,1019.8033290757935,-0.15351420571744775,-0.11064686759631503,0.4634146341463415,0.5609756097560976,0.18188634780830307,0.5609756097560976,0.4634146341463415,-2.4681087573452425,2.157560700313744,55.75,57.1125,431.575549072399,419.4712550451984
2,34,dwell200,thr,seasonal60,queue,3116.6662233271904,2999.690280778499,407.5173977808826,1972.2408016391812,4058.03713333789,3.8996006787185045,0.2870452726329686,0.6585365853658537,0.36585365853658536,-2.0634090015294184,0.43902439024390244,0.5853658536585366,13.769786500930048,-5.64097469893137,7.5,7.7375,3041.6662233271904,2922.315280778499
2,34,dwell200,mey,seasonal60,queue,929.7634056233182,920.5743285900684,12.638941116965048,891.824996937165,966.0272020909435,0.9981895809894746,0.7270448487900242,0.7804878048780488,0.24390243902439024,-0.8430595851298323,0.2682926829268293,0.7560975609756098,3.6047165640022896,-1.6758096538575724,54.75,54.615625,382.26340562331825,374.4180785900684
2,34,dwell200,trust,seasonal60,queue,843.3735584797874,819.1392839630562,8.86649589718606,803.5989390408553,838.1838872623291,2.958504736762722,2.733241496725041,1.0,0.024390243902439025,-1.190790517651493,0.1951219512195122,0.8292682926829268,3.161490818132782,2.7471542140824354,50.5,48.471875,338.37355847978745,334.4205339630562
2,34,f50,thr,seasonal60,queue,2677.5122570818007,2634.815402933763,309.8194948825023,2121.240004719518,3315.8692134091502,1.6204874960309,0.13781203201635325,0.5121951219512195,0.5121951219512195,-0.2752305960486802,0.43902439024390244,0.5853658536585366,-2.2914225273956537,5.310824507843778,8.25,8.4,2265.0122570818007,2214.815402933763
2,34,f50,mey,seasonal60,queue,2363.194926294851,2338.0556995879765,43.850310282922386,2257.2327869212822,2468.5024198999995,1.0752193248135482,0.573296438375832,0.7560975609756098,0.2682926829268293,0.9136016615536144,0.7317073170731707,0.2926829268292683,-0.8641566175094741,3.0452648879498505,27.375,27.0875,994.444926294851,983.6806995879765
2,34,f50,trust,seasonal60,queue,2125.504958461393,2148.8562739760373,37.899246977862624,2063.6178630489926,2249.4814925337196,-1.0866857777992407,-0.616141938869763,0.24390243902439024,0.7804878048780488,1.2597168631320783,0.8048780487804879,0.21951219512195122,-2.041175080953447,-0.17407168626091388,24.875,24.4625,881.754958461393,925.7312739760373
2,34,f2,thr,seasonal60,queue,2602.846709734979,2531.1503166217067,372.09485874549955,1673.070499277567,3388.562775157559,2.8325616476608357,0.1926831060095625,0.6341463414634146,0.3902439024390244,-3.2031585162250056,0.43902439024390244,0.5853658536585366,-1.41068490643317,6.507018615321692,9.25,8.44375,2584.346709734979,2514.262816621707
2,34,f2,mey,seasonal60,queue,469.22000742055087,457.6206976507516,6.158628792564167,447.82838403727317,478.210522514981,2.534699551254055,1.883424080341407,0.9512195121951219,0.07317073170731707,0.45662154916536507,0.7317073170731707,0.2926829268292683,1.288816438540899,3.797841312606434,146.375,142.8,176.47000742055087,172.02069765075157
2,34,f2,trust,seasonal60,queue,429.9541585137746,425.8988772248382,3.902965748455851,420.79562713984194,437.4007090894771,0.952169988181383,1.039025589845567,0.8292682926829268,0.1951219512195122,0.43554584801890933,0.7804878048780488,0.24390243902439024,0.7260950008244492,1.1780805226086446,128.625,127.40625,172.7041585137746,171.0863772248382
2,34,base,thr,seasonal60,queue,2323.6043993646113,2412.143624848416,240.9841067842691,2036.5896288928052,3068.467690873931,-3.6705619255722706,-0.36740690772220014,0.4918032786885246,0.5245901639344263,-6.0191491935633215,0.39344262295081966,0.6229508196721312,1.476497794962814,-8.96599294518297,8.583333333333334,8.301388888888889,2237.7710660312778,2329.1297359595274
2,34,base,mey,seasonal60,queue,1067.1555058349325,1072.429812396175,10.94964965075015,1054.7341761605096,1105.105718989155,-0.4918090209985869,-0.48168724383626954,0.39344262295081966,0.6229508196721312,-0.2057153541427954,0.4918032786885246,0.5245901639344263,0.186848604386133,-1.1768035527189753,64.83333333333333,64.58472222222223,418.8221725015992,426.5825901739528
2,34,base,trust,seasonal60,queue,994.4183114070979,993.0172790654004,9.522488210519066,975.7486135276731,1018.2047889620197,0.1410884152001966,0.14712880821945565,0.5737704918032787,0.4426229508196721,-1.039748839364436,0.16393442622950818,0.8524590163934426,2.710639116001917,-2.4553175704328507,57.75,57.361111111111114,416.9183114070979,419.40616795428934
2,35,dwell5,thr,ma10,timer,1623.450406359368,1677.8903386570223,45.41526647202099,1628.3168933784846,1820.7172274221866,-3.2445465024387685,-1.198714364721239,0.024390243902439025,1.0,-2.030372463960804,0.36585365853658536,0.6585365853658537,-3.1749350808998402,-3.311371952779619,9.75,11.55625,1525.950406359368,1562.3278386570223
2,35,dwell5,mey,ma10,timer,1015.2908156795309,1040.4180160688927,7.367761418155971,1023.7251349994692,1055.5757246491298,-2.415106236270521,-3.4104253603329604,0.024390243902439025,1.0,-0.7747569637650444,0.1951219512195122,0.8292682926829268,-2.6896327135061098,-2.144579960737058,58.875,60.90625,426.54081567953085,431.3555160688927
2,35,dwell5,trust,ma10,timer,995.0926098023817,1009.3797822097473,5.590303230393729,997.5470016318402,1019.564325772827,-1.415440715098128,-2.5557061609266802,0.024390243902439025,1.0,-0.6773009786341786,0.14634146341463414,0.8780487804878049,-2.0379643299209267,-0.7785398618396714,57.375,58.421875,421.34260980238173,425.1610322097473
2,35,signed,thr,ma10,timer,1582.9608088663836,1923.550774078171,191.19587493659597,1672.8731683879114,2478.9921308850844,-17.706315310289085,-1.7813667022090993,0.024390243902439025,1.0,-5.00262645850918,0.3902439024390244,0.6341463414634146,-17.000141423140747,-18.42858236508904,9.75,12.15625,1485.4608088663836,1801.988274078171
2,35,signed,mey,ma10,timer,972.0206230083354,1005.4669128580845,13.478246199501886,987.0791892957213,1069.931415982076,-3.3264436076445816,-2.481501625262279,0.024390243902439025,1.0,-0.3029820635802008,0.5121951219512195,0.5121951219512195,-3.495477743589919,-3.1551261004300017,57.5,60.11875,397.0206230083354,404.27941285808447
2,35,signed,trust,ma10,timer,934.1091155717404,964.6976787166586,8.911305520131883,952.1462559259435,995.4889745465289,-3.170792655540575,-3.4325568880804718,0.024390243902439025,1.0,-0.2729100039999628,0.5121951219512195,0.5121951219512195,-3.1492037350955333,-3.1921242964843084,53.5,55.9,399.1091155717404,405.69767871665863
2,35,dwell200,thr,ma10,timer,1818.433698171702,1942.9201313619797,156.31827260857838,1706.5731414747258,2304.41381620451,-6.407182219220363,-0.7963652048663067,0.21951219512195122,0.8048780487804879,-1.4264561363809358,0.4878048780487805,0.5365853658536586,6.665317662851269,-20.796858457292156,9.125,10.15,1727.183698171702,1841.4201313619797
2,35,dwell200,mey,ma10,timer,831.9378672449259,847.7139098742762,8.49323429473119,828.8056883028561,875.7580758788952,-1.8610102353623075,-1.8574835076829346,0.04878048780487805,0.975609756097561,-0.7155112593436018,0.2682926829268293,0.7560975609756098,-0.048883774845332253,-3.3715526575734223,49.125,51.503125,340.6878672449259,332.68265987427617
2,35,dwell200,trust,ma10,timer,833.302650449521,853.977313413389,9.48010270884171,832.4054345314221,876.135343889789,-2.420985035449046,-2.1808479927739097,0.04878048780487805,0.975609756097561,0.5600824504097595,0.7560975609756098,0.2682926829268293,-1.0449753769590984,-3.6548012909448584,48.375,50.328125,349.552650449521,350.69606341338897
2,35,f2,thr,ma10,timer,1652.3115117294055,1925.8879068513743,202.24209034669371,1617.4858651710238,2463.9182016501313,-14.20520862863912,-1.3527174024605368,0.04878048780487805,0.975609756097561,-9.636762096356716,0.17073170731707318,0.8536585365853658,-8.9407651813208,-19.404202647570955,9.5,11.325,1633.3115117294055,1903.2379068513742
2,35,f2,mey,ma10,timer,414.66127558686446,425.09774903458054,3.6436369345120716,418.0171025096727,436.80302656364825,-2.4550761492898667,-2.8643011461606167,0.024390243902439025,1.0,0.6245579447630116,0.8048780487804879,0.21951219512195122,-2.68173226211737,-2.238935099819398,125.0,129.10625,164.66127558686446,166.88524903458057
2,35,f2,trust,ma10,timer,413.2464072358197,425.2421201844747,2.4821660993584467,419.8561448543689,430.8881757061456,-2.8209136346726753,-4.832759963870059,0.024390243902439025,1.0,-0.18556574993805647,0.3170731707317073,0.7073170731707317,-2.6296325165757515,-3.0101541497460698,125.125,129.684375,162.99640723581967,165.8733701844747
2,35,f50,thr,ma10,timer,2173.7969396006615,2447.5317262555877,118.90497212218145,2314.5719895832863,2774.6276336298206,-11.184115969508008,-2.3021306995778827,0.024390243902439025,1.0,11.469289288870264,0.9512195121951219,0.07317073170731707,-13.70811849260145,-8.60521734455291,9.25,11.43125,1711.2969396006615,1875.9692262555877
2,35,f50,mey,ma10,timer,2322.6517970276127,2356.2708797992977,27.90904513163436,2298.1897451173586,2419.284438869253,-1.4267919304145815,-1.2045945181255402,0.14634146341463414,0.8780487804878049,-0.587586899334804,0.2682926829268293,0.7560975609756098,-1.027105116747649,-1.8291873228584212,24.75,25.690625,1085.1517970276127,1071.7396297992977
2,35,f50,trust,ma10,timer,2219.596503199675,2262.700826607229,29.925911295067475,2202.987071385771,2336.4072503499697,-1.9049943722425642,-1.4403679467785613,0.0975609756097561,0.926829268292683,0.6376313989587108,0.6829268292682927,0.34146341463414637,-2.4629530942883298,-1.3532247254534169,24.625,25.40625,988.3465031996752,992.3883266072289
2,36,signed,thr,naive,timer,1598.8717192686056,1604.2709121800187,3.541953088871073,1587.6757497892766,1607.356685574653,-0.33655119409204143,-1.5243547206702344,0.0975609756097561,0.926829268292683,0.1144303858342549,0.8536585365853658,0.4146341463414634,-0.4707180072186884,-0.2085159105966989,8.0,8.734375,1518.8717192686056,1516.9271621800187
2,36,signed,mey,naive,timer,951.8467212858566,952.8900119502257,2.4335642412912852,946.3630856139964,960.7697689720814,-0.10948699758473493,-0.428708906330551,0.34146341463414637,0.6829268292682927,0.11630072053289986,0.7317073170731707,0.2926829268292683,-0.8207375098442166,0.5943989645857487,53.5,53.975,416.8467212858566,413.1400119502257
2,36,signed,trust,naive,timer,945.315356147026,948.447742400281,2.643165123979703,942.1344677495547,956.8011438834712,-0.33026450622652753,-1.1850891284985754,0.12195121951219512,0.9024390243902439,0.0986310292540633,0.6829268292682927,0.43902439024390244,-0.8263833300477854,0.16530198520012776,53.125,53.84375,414.065356147026,410.01024240028096
2,35,base,thr,ma10,timer,1698.4954219398696,1872.6802249815141,136.08941691373985,1692.3604743434025,2295.903834854896,-9.301363933789814,-1.2799290862716486,0.03278688524590164,0.9836065573770492,-4.434450051913527,0.19672131147540983,0.819672131147541,-11.497636781794279,-7.282816517414311,10.0,11.436111111111112,1598.4954219398696,1758.319113870403
2,35,base,mey,ma10,timer,959.4056104101464,987.4294508524815,6.103706719507198,974.8237954928098,998.9185914902437,-2.8380600171628614,-4.591282269964255,0.01639344262295082,1.0,-0.9105998484384613,0.09836065573770492,0.9180327868852459,-2.5729740113450483,-3.1142512196959617,57.083333333333336,59.17638888888889,388.57227707681307,395.6655619635926
2,35,base,trust,ma10,timer,952.036901645673,980.7145603864413,6.738521203572833,963.4397909399348,1001.1130551282546,-2.924159577019864,-4.255779253994659,0.01639344262295082,1.0,-1.251130870090995,0.06557377049180328,0.9508196721311475,-3.041613983083383,-2.8023283285996743,55.0,57.43888888888889,402.03690164567297,406.32567149755243
2,36,dwell200,thr,naive,timer,1554.8247039865578,1561.7934539865578,2.6687817133166463,1556.0747039865578,1564.8247039865578,-0.4462017677313161,-2.6112101882396144,0.024390243902439025,1.0,-0.2861293846886915,0.14634146341463414,0.926829268292683,-0.5043448953336072,-0.4019009778888916,6.625,7.321875,1488.5747039865578,1488.5747039865578
2,36,dwell200,mey,naive,timer,812.1859232956335,818.1376927563995,2.4623994495830397,812.1859232956335,822.4697006088353,-0.7274777233051998,-2.417060912588233,0.04878048780487805,1.0,-0.4219056879211296,0.14634146341463414,0.8780487804878049,-0.5591512349231615,-0.892979657295043,46.0,46.546875,352.18592329563353,352.6689427563995
2,36,dwell200,trust,naive,timer,786.3182961369621,793.5595819375874,2.5493932937889587,787.5682961369621,797.5022593992264,-0.9125068823370104,-2.840395720137457,0.024390243902439025,1.0,-0.5974706762469902,0.0975609756097561,0.975609756097561,-0.8902262756544416,-0.9350983982120215,43.5,44.184375,351.3182961369621,351.7158319375874
2,36,dwell5,thr,naive,timer,1645.077727360743,1651.2570873680677,5.436982148463733,1645.077727360743,1670.5939096192237,-0.374221558508128,-1.1365422652841954,0.04878048780487805,1.0,-0.14712185194595295,0.36585365853658536,0.7560975609756098,-0.41482806138638717,-0.33409524870702784,8.375,8.815625,1561.327727360743,1563.1008373680677
2,36,dwell5,mey,naive,timer,931.6855006531105,936.2083657293722,2.132885359008794,932.5103073403528,942.5399432133827,-0.48310453546717597,-2.120538292017539,0.024390243902439025,1.0,0.14777167770049948,0.8536585365853658,0.17073170731707318,-0.5401286490200183,-0.4264816530581993,51.0,51.415625,421.68550065311047,422.0521157293722
2,36,dwell5,trust,naive,timer,939.9634562644046,943.6315591062836,2.350779340904957,938.7134562644046,950.7439942227412,-0.38872193352170714,-1.5603773514816164,0.07317073170731707,0.9512195121951219,-0.24565251845197902,0.17073170731707318,0.8536585365853658,-0.6589593204070336,-0.11257516624727841,52.5,52.7875,414.9634562644046,415.7565591062836
2,36,f2,thr,naive,timer,1643.1821599422678,1652.2045410038743,2.966048766798098,1644.0125621751552,1668.5952246330817,-0.5460813620645582,-3.041885609772444,0.024390243902439025,1.0,0.2373363090438696,0.975609756097561,0.04878048780487805,-1.0638588018906652,-0.0677996344369405,8.25,8.809375,1626.6821599422678,1634.5857910038742
2,36,f2,mey,naive,timer,416.25466424746185,407.6393806964872,0.49798382682923875,406.80130582832567,408.98278296539894,2.1134571287628527,17.300328016333104,1.0,0.024390243902439025,0.30118461541258357,0.9512195121951219,0.07317073170731707,4.4245192419424075,-0.20242625748136558,119.875,120.028125,176.50466424746185,167.5831306964872
2,36,f2,trust,naive,timer,410.49678299651475,402.96117418647043,0.6502676985091298,401.91261013354597,404.96773758916976,1.8700582817334201,11.588471682233687,1.0,0.024390243902439025,0.2850518051244989,0.926829268292683,0.0975609756097561,4.019388863035769,-0.3117388374453698,115.375,115.525,179.74678299651475,171.91117418647042
2,36,f50,thr,naive,timer,2023.4184377310935,2080.4181944191814,121.06197297098576,2023.4184377310935,2822.6897824450307,-2.7398220627464434,-0.47083122213569684,0.04878048780487805,1.0,-0.336459117059498,0.9512195121951219,0.1951219512195122,-2.773665296420319,-2.706361226424248,8.0,8.771875,1623.4184377310935,1641.8244444191814
2,36,f50,mey,naive,timer,2257.8883601291136,2282.763206703118,115.7671506069377,2239.536062518607,2993.9232179879364,-1.0896814221011586,-0.2148696451764776,0.3170731707317073,0.7073170731707317,-0.36452741009493744,0.8536585365853658,0.2682926829268293,-0.410257977677386,-1.737800172039139,26.5,26.790625,932.8883601291136,943.2319567031182
2,36,f50,trust,naive,timer,2183.3795175667315,2205.263259958202,57.018880309476444,2180.9807837930784,2551.053052903614,-0.9923414944973682,-0.38379817829978613,0.12195121951219512,0.9024390243902439,0.31594975354590704,0.9512195121951219,0.14634146341463414,-0.09204339013792594,-1.9087768357913573,24.125,24.66875,977.1295175667315,971.8257599582021
2,36,base,thr,naive,timer,1755.674607635004,1756.1608389188175,8.858225032036598,1700.4278337456096,1765.86300287648,-0.027687172668816814,-0.05489037386780016,0.16393442622950818,0.8524590163934426,0.12358892818233781,0.7377049180327869,0.5901639344262295,-0.29926765233554553,0.26629874683862637,8.083333333333334,8.772222222222222,1674.8412743016706,1668.4386166965953
2,36,base,mey,naive,timer,914.4021107182294,921.2930740386895,2.1007880594114625,914.9870675149514,925.1219071617458,-0.7479664739312558,-3.2801801636242014,0.01639344262295082,1.0,-0.0006334143333184245,0.39344262295081966,0.6229508196721312,-0.7861687763264749,-0.7077376053786127,50.833333333333336,51.49722222222222,406.06877738489607,406.3208518164673
2,36,base,trust,naive,timer,911.7412983963404,919.7703424275549,2.0220254970098046,912.2654364007672,923.5684038384297,-0.8729400874160963,-3.9707926745176416,0.01639344262295082,1.0,-0.12701496223198538,0.19672131147540983,0.819672131147541,-0.9331449836714087,-0.8118522911392358,49.583333333333336,50.265277777777776,415.90796506300705,417.1175646497771
2,37,signed,thr,seasonal60,queue,1577.1582302903662,2674.1040520725105,368.1411004137257,1686.9762762126743,3594.5027207969133,-41.021059780077685,-2.9796885502579595,0.024390243902439025,1.0,4.306490551563193,0.7073170731707317,0.3170731707317073,-33.47597070573669,-48.46942128340231,7.375,8.31875,1503.4082302903662,2590.9165520725105
2,37,signed,mey,seasonal60,queue,1061.8617019929845,1110.1365406131347,16.623176356458593,1075.3264054619112,1154.179345737639,-4.348549647189136,-2.9040682469445107,0.024390243902439025,1.0,1.6275783006674927,0.9024390243902439,0.12195121951219512,-3.17794371458312,-5.606014040352933,65.375,68.553125,408.11170199298454,424.6052906131347
2,37,signed,trust,seasonal60,queue,1038.778101785033,1048.1350420581014,13.202592375745368,1021.9129933766008,1073.5064891361153,-0.8927227788029359,-0.708719924600425,0.2926829268292683,0.7317073170731707,0.9640540381408682,0.7560975609756098,0.2682926829268293,0.5959598933215448,-2.4292650517695895,62.375,63.21875,415.02810178503296,415.94754205810136
2,37,dwell5,thr,seasonal60,queue,1729.300300172104,2377.4640018020937,389.43133099312337,1877.6987354907362,3483.3912806745366,-27.26281874883019,-1.6643850919160765,0.024390243902439025,1.0,-9.606711552437872,0.34146341463414637,0.6829268292682927,-31.18493745826991,-23.933319830971435,6.875,7.275,1660.550300172104,2304.7140018020937
2,37,dwell5,mey,seasonal60,queue,1106.9322383235658,1150.3928775896266,16.0646903423371,1107.9570205001253,1175.7735900215048,-3.777895370590449,-2.705351820664977,0.024390243902439025,1.0,2.7476716494188302,1.0,0.024390243902439025,-3.053774510187174,-4.49683208489932,67.875,69.271875,428.1822383235658,457.67412758962655
2,37,dwell5,trust,seasonal60,queue,1040.116246276942,1062.0568074654323,13.342350719987802,1027.715164112425,1097.5466285661187,-2.065855708872172,-1.644429954582263,0.07317073170731707,0.9512195121951219,-0.8955513354130384,0.21951219512195122,0.8048780487804879,-3.2676683968772173,-0.8680153295514413,58.625,60.03125,453.8662462769421,461.74430746543226
2,37,dwell200,thr,seasonal60,queue,2303.2891738795115,3043.1016786542564,505.80398901099306,2292.5059369460487,4396.350843756443,-24.311133274452743,-1.4626466395041933,0.04878048780487805,0.975609756097561,-19.31195537366543,0.17073170731707318,0.8536585365853658,-21.09946725908235,-27.047071039384036,5.625,6.675,2247.0391738795115,2976.3516786542564
2,37,dwell200,mey,seasonal60,queue,905.7921996271073,947.0111510421341,18.04191049132093,893.2009492045754,986.9176169550374,-4.352530735215485,-2.284622320615947,0.04878048780487805,0.975609756097561,-0.754396275839803,0.34146341463414637,0.6829268292682927,-3.1081215914840046,-5.66891426635142,49.875,55.8,407.04219962710727,389.0111510421341
2,37,dwell200,trust,seasonal60,queue,834.8344385574641,863.9660208252499,15.166079702860033,831.0475494330426,896.3424817132573,-3.3718435176373798,-1.9208380041872088,0.07317073170731707,0.9512195121951219,0.4089316334467667,0.6341463414634146,0.3902439024390244,-5.852067900704174,-0.8445395387764537,47.125,50.125,363.58443855746407,362.71602082524987
2,37,f2,thr,seasonal60,queue,1578.4131165438828,2357.4924846438653,379.3584136794334,1742.1300416766696,3603.2797138514006,-33.04695023100675,-2.053676259723931,0.024390243902439025,1.0,24.13061258408682,0.9024390243902439,0.12195121951219512,-28.03469791178021,-37.90287995808859,6.875,7.346875,1564.6631165438828,2342.7987346438654
2,37,f2,mey,seasonal60,queue,472.6444145059138,491.960326335466,7.197652280558985,473.17671317843224,520.9873601204606,-3.9263149476774557,-2.683640592325485,0.024390243902439025,1.0,1.6012100119866657,0.9512195121951219,0.07317073170731707,-4.942472135466834,-2.921928627024068,146.375,151.99375,179.8944145059138,187.97282633546598
2,37,f2,trust,seasonal60,queue,433.41090108932747,445.4555053745124,4.53387787681931,436.58739804996867,454.20744526891167,-2.703884931236527,-2.6565788961291372,0.024390243902439025,1.0,0.4435732115677031,0.6341463414634146,0.3902439024390244,-2.9499402011618727,-2.458536445473872,131.5,132.8875,170.41090108932747,179.68050537451245
2,37,f50,thr,seasonal60,queue,1974.711557963613,2720.909874270232,318.10567589056615,2120.860298443272,3720.0505075772753,-27.42458775878253,-2.345756058006725,0.024390243902439025,1.0,27.011205521574844,0.975609756097561,0.04878048780487805,-27.445820796162682,-27.401474661969026,7.0,7.409375,1624.711557963613,2350.441124270232
2,37,f50,mey,seasonal60,queue,2389.4898825867776,2461.7669872515826,48.12804776507605,2341.2742965110074,2582.4325149163797,-2.9359848043741157,-1.5017668079454611,0.0975609756097561,0.926829268292683,4.974549268969877,1.0,0.024390243902439025,-2.8836805423045297,-2.986575348396831,27.75,28.846875,1001.9898825867776,1019.4232372515826
2,37,f50,trust,seasonal60,queue,2206.122287729806,2282.6302367025437,45.502310327277975,2194.639901806542,2401.662956003126,-3.3517451816138233,-1.681408008130794,0.04878048780487805,0.975609756097561,-0.25235143932964293,0.5365853658536586,0.4878048780487805,-4.286018101953085,-2.4392171566156224,24.25,25.6125,993.622287729806,1002.0052367025437
2,37,base,thr,seasonal60,queue,1823.7852861204656,2540.5580041047524,320.9242768207282,1979.422495549111,3606.3935540646266,-28.21320028222953,-2.2334636852190646,0.01639344262295082,1.0,4.790774140458473,0.7049180327868853,0.3114754098360656,-19.377064641182933,-36.60859887312449,6.75,7.440277777777778,1756.2852861204656,2466.1552263269746
2,37,base,mey,seasonal60,queue,1106.4551126146605,1111.8798653989272,13.775156973316426,1085.2702902365581,1148.609024684455,-0.4878901896762383,-0.3938069667572505,0.39344262295081966,0.6229508196721312,1.3539332211030621,0.8688524590163934,0.14754098360655737,-0.6379109680154482,-0.33986499260761427,65.66666666666667,66.9888888888889,449.78844594799375,441.9909765100383
2,37,base,trust,seasonal60,queue,963.4842845195936,998.0214932903974,12.239345963719746,971.4168284749356,1034.5634702612012,-3.4605676333620177,-2.8218181652173286,0.01639344262295082,1.0,-0.9674237283705311,0.21311475409836064,0.8032786885245902,-3.7021508456076244,-3.221592839266476,56.166666666666664,58.358333333333334,401.817617852927,414.43815995706404
2,38,signed,thr,ma10,event,2147.318236618335,2447.8511695490065,361.7013098877688,1991.2059639853437,3398.9196935850564,-12.277418524020879,-0.8308870460655033,0.1951219512195122,0.8292682926829268,-1.3309668690461096,0.5609756097560976,0.4634146341463415,-23.420183952685566,-1.482128612285316,7.875,8.60625,2068.568236618335,2361.7886695490065
2,38,signed,mey,ma10,event,1077.1785785918723,1106.6948660262217,15.154315751808184,1070.3365971835979,1136.4142333894083,-2.667066446267403,-1.9477149557760485,0.07317073170731707,0.9512195121951219,1.8310680500348497,0.926829268292683,0.0975609756097561,-3.163014279752673,-2.142061308453915,65.125,66.21875,425.92857859187234,444.5073660262217
2,38,signed,trust,ma10,event,991.4599596659496,1019.3418367870408,12.68075952156481,998.1772818280209,1048.5199297196073,-2.7352823277591347,-2.198754504702622,0.024390243902439025,1.0,-0.25979921475367623,0.4146341463414634,0.6097560975609756,-4.561101848943415,-0.8690481825449616,56.375,59.059375,427.70995966594955,428.74808678704085
2,38,dwell5,thr,ma10,event,2463.556884000583,2268.2054759266784,295.04378574420605,1779.7945583023409,3215.5952607139207,8.612597498209174,0.6621098884735309,0.8292682926829268,0.1951219512195122,-5.456652157094612,0.34146341463414637,0.6829268292682927,3.7127163594356083,13.842833927837946,7.75,7.925,2386.056884000583,2188.9554759266784
2,38,dwell5,mey,ma10,event,1141.9464341628764,1133.06011541876,16.89820338947175,1090.3009035572618,1161.6893420381334,0.784276017061294,0.5258735819011908,0.7073170731707317,0.3170731707317073,0.9567210513318596,0.7560975609756098,0.2682926829268293,1.1452845311029913,0.41287954089908346,64.75,64.3125,494.44643416287636,489.93511541876
2,38,dwell5,trust,ma10,event,1021.670881231101,1035.9257921796184,12.016287468325682,1012.8800985682153,1057.3364858333484,-1.3760552209559924,-1.1862990949652776,0.14634146341463414,0.8780487804878049,-0.3281221935067616,0.43902439024390244,0.5853658536585366,-2.1736579933733267,-0.5865353778562947,58.25,59.3,439.170881231101,442.9257921796184
2,38,dwell200,thr,ma10,event,1896.4114992271598,2371.331408224093,262.9122303975345,1857.3218802250735,3206.872256760576,-20.027563728538656,-1.8063819559814098,0.04878048780487805,0.975609756097561,-2.6829231134987133,0.43902439024390244,0.5853658536585366,-23.33271526649651,-16.600194070818816,6.5,7.321875,1831.4114992271598,2298.112658224093
2,38,dwell200,mey,ma10,event,976.2597254194309,954.8736005426684,16.151904559179542,920.6720194144052,991.7579186230089,2.2396812378736195,1.3240621128242214,0.9024390243902439,0.12195121951219512,-1.0620699788896408,0.2926829268292683,0.7317073170731707,0.317698088950304,4.153516288694389,56.0,54.68125,416.2597254194309,408.06110054266844
2,38,dwell200,trust,ma10,event,870.8409977425132,878.1248684800743,11.829383311291096,854.1968888712329,906.7880609656131,-0.8294800658781655,-0.6157439103869979,0.3170731707317073,0.7073170731707317,1.1686099146956834,0.8048780487804879,0.21951219512195122,0.06485700064970243,-1.753662331043906,48.75,50.065625,383.3409977425132,377.46861848007427
2,38,f50,thr,ma10,event,2449.7226760110966,2742.8365464264225,253.2241874639521,2351.5622041020324,3561.5619093226496,-10.686523438562793,-1.1575271436384895,0.14634146341463414,0.8780487804878049,20.27281469700185,0.9512195121951219,0.07317073170731707,-2.250866335501759,-19.025241354677092,7.875,8.121875,2055.9726760110966,2336.7427964264225
2,38,f50,mey,ma10,event,2540.461713484608,2536.232634060382,52.549001480946245,2414.9198979440803,2672.6895969507623,0.16674651084570488,0.08047877799845968,0.5365853658536586,0.4878048780487805,-2.717189356298314,0.12195121951219512,0.9024390243902439,-0.774808849826042,1.0980444136498968,28.75,28.684375,1102.961713484608,1102.0138840603822
2,38,f50,trust,ma10,event,2221.057643311956,2260.2041707751514,37.44084602467809,2183.713994801302,2348.2592493016164,-1.7319907630189875,-1.045556701293373,0.1951219512195122,0.8292682926829268,0.23791811749114944,0.5365853658536586,0.4878048780487805,-1.7598366310446663,-1.7025606205558033,25.375,24.93125,952.3076433119559,1013.6416707751514
2,38,f2,thr,ma10,event,1796.1955561316088,2078.9793394392277,277.7730476603083,1629.6491930676923,2845.6142543277156,-13.602048752629521,-1.0180389555052811,0.17073170731707318,0.8536585365853658,38.17799617584343,1.0,0.024390243902439025,-7.86944610879471,-19.456310512119266,7.5,7.84375,1781.1955561316088,2063.2918394392277
2,38,f2,mey,ma10,event,493.66405174383624,494.1105771527935,5.979960352216595,484.07044285637545,509.9293555155008,-0.09036953054724389,-0.07467029589782197,0.5853658536585366,0.43902439024390244,-0.17357796248699925,0.5609756097560976,0.4634146341463415,0.09656058538525583,-0.2766877926518137,137.125,137.73125,219.41405174383624,218.64807715279352
2,38,f2,trust,ma10,event,441.41680826840906,446.51681984814934,3.704715596151272,439.3801225863066,454.04142664716295,-1.1421768123930216,-1.3766270169398551,0.14634146341463414,0.8780487804878049,0.5095830741049114,0.7560975609756098,0.2682926829268293,-1.7161812797144098,-0.5642118160110952,123.25,124.775,194.91680826840906,196.96681984814933
2,38,base,thr,ma10,event,2029.4445332905436,2284.048308243932,190.50801068352783,1878.4431360600586,2814.8153330711125,-11.14703984300305,-1.3364465569709632,0.06557377049180328,0.9508196721311475,3.8890271800577105,0.7704918032786885,0.2459016393442623,-12.545631243067653,-9.836933359246043,7.666666666666667,7.883333333333334,1952.777866623877,2205.2149749105984
2,38,base,mey,ma10,event,1097.983552741185,1101.8320359195627,12.634856065912707,1082.2833167367862,1149.2744697878081,-0.3492803851147754,-0.3045925619018767,0.4262295081967213,0.5901639344262295,-0.584411387590863,0.2786885245901639,0.7377049180327869,-1.0899993000248802,0.37231458190543887,62.666666666666664,62.41111111111111,471.31688607451827,477.7209248084516
2,38,base,trust,ma10,event,996.3511466245396,1010.5079867117531,10.869904495697567,984.0675030107973,1037.0261018955412,-1.4009627111687255,-1.3023886357802796,0.11475409836065574,0.9016393442622951,-1.7824326677326252,0.08196721311475409,0.9344262295081968,-1.9792322004894205,-0.8383003182034788,55.25,56.265277777777776,443.85114662453964,447.8552089339754
2,39,signed,thr,naive,queue,2668.8442352512275,2393.0014172457973,278.09719545936633,1957.7174206519612,2995.04896378312,11.527064548206953,0.9918935627875992,0.8048780487804879,0.21951219512195122,-1.2896077564089203,0.4878048780487805,0.5365853658536586,15.318690464044424,7.467657310966518,6.375,6.3,2605.0942352512275,2330.0014172457973
2,39,signed,mey,naive,queue,1130.0816301825434,1143.9532560655273,19.745164172392382,1099.5257667386272,1187.5696704782474,-1.2126042571611202,-0.7025328207895629,0.24390243902439024,0.7804878048780488,-2.3223118664253146,0.0975609756097561,0.926829268292683,-0.2339078420863821,-2.1880063705967228,63.875,66.084375,491.33163018254345,483.1095060655273
2,39,signed,trust,naive,queue,970.1019724116029,966.4102645398428,12.196525214258916,944.4014781638282,992.4758222755099,0.38200213793443816,0.3026852162322508,0.6585365853658537,0.36585365853658536,0.07684314353496262,0.5609756097560976,0.4634146341463415,1.3817409974037598,-0.6075735750912542,55.5,55.459375,415.1019724116029,411.81651453984284
2,39,dwell5,thr,naive,queue,2658.651871725308,2414.7623360997045,258.9641775452644,1905.7244255545831,2924.0536953099195,10.099939525292205,0.941788698102748,0.8048780487804879,0.21951219512195122,-10.304548647223937,0.17073170731707318,0.8536585365853658,20.983824053395505,-2.592462552759567,6.125,6.0,2597.401871725308,2354.7623360997045
2,39,dwell5,mey,naive,queue,1166.266495824569,1158.8296838790097,23.295108473364646,1114.1451608539653,1210.6697543235864,0.6417519372359825,0.319243499297817,0.6585365853658537,0.36585365853658536,0.9492843713275162,0.6829268292682927,0.34146341463414637,-0.09191154422289059,1.4156306934552096,63.375,63.896875,532.5164958245689,519.8609338790097
2,39,dwell5,trust,naive,queue,1028.6977033049543,1034.2155771181356,12.906866393203329,1005.1576327288585,1068.9094986385594,-0.5335322668951616,-0.42751459921262874,0.3170731707317073,0.7073170731707317,-1.3789335635322548,0.14634146341463414,0.8780487804878049,0.4827352330886406,-1.578281922703003,53.125,55.91875,497.4477033049543,475.02807711813557
2,39,dwell200,thr,naive,queue,2888.2873880212633,2480.5644170500063,364.6289493718172,1880.5641791459002,3328.61966456809,16.436701589718787,1.1181859577350677,0.8536585365853658,0.17073170731707318,19.303922542227966,0.9024390243902439,0.12195121951219512,32.35542592032178,-2.457488941708902,4.75,4.76875,2840.7873880212633,2432.8769170500063
2,39,dwell200,mey,naive,queue,945.4851109313873,938.2167009678924,15.10441422921747,893.3772525817142,962.7490614365142,0.7747048156355176,0.48121097933312623,0.6585365853658537,0.36585365853658536,1.555244349515782,0.7804878048780488,0.24390243902439024,2.157170198998968,-0.5732776146399362,51.375,51.346875,431.73511093138734,424.7479509678924
2,39,dwell200,trust,naive,queue,837.8636378258357,836.2029838097799,12.096900327427981,808.7516486309194,861.6497155745886,0.19859460540188098,0.13727930057342813,0.5365853658536586,0.4878048780487805,1.5056641701226807,0.926829268292683,0.0975609756097561,0.9894585286298574,-0.5430500771781647,46.5,46.959375,372.86363782583567,366.6092338097799
2,39,f2,thr,naive,queue,2503.4252549005478,2351.548492679862,306.2994585902122,1907.8436012777167,3041.4328747796126,6.458585170302161,0.49584404399446363,0.6585365853658537,0.36585365853658536,-15.284676875964614,0.1951219512195122,0.8292682926829268,10.864737960288943,2.237674482969503,6.0,6.01875,2491.4252549005478,2339.5109926798623
2,39,f2,mey,naive,queue,514.4911719928859,505.80774984029887,5.417394943996479,494.0036628142168,520.9190688775096,1.716743595828401,1.6028778116334275,0.9512195121951219,0.07317073170731707,-0.9944998030209018,0.12195121951219512,0.9024390243902439,1.8402167294807643,1.5899517793802502,145.75,143.23125,222.99117199288594,219.3452498402989
2,39,f2,trust,naive,queue,446.53673605353714,446.1958404491964,4.601452870684629,435.1188313104266,453.2991793108241,0.07640044425280976,0.0740843411681024,0.5609756097560976,0.4634146341463415,-0.5880483249305255,0.36585365853658536,0.6585365853658537,-0.7810941353716557,0.9517003495049716,123.375,123.115625,199.78673605353714,199.9645904491964
2,39,f50,thr,naive,queue,2872.4689092617027,2729.3120727997893,254.35991502354926,2140.1716377723396,3420.4526480817876,5.245161881215727,0.5628120942274241,0.7073170731707317,0.3170731707317073,7.3831783238666615,0.7560975609756098,0.2682926829268293,13.030543568919825,-2.2209569339404274,6.0,6.028125,2572.4689092617027,2427.9058227997893
2,39,f50,mey,naive,queue,2446.4854306564457,2492.421953737954,60.92394874464877,2371.687243281428,2624.488553994124,-1.8430476032605971,-0.7539977960726508,0.2682926829268293,0.7560975609756098,3.32325117430738,0.926829268292683,0.0975609756097561,-2.6693474308871163,-0.9968180206211417,26.5,27.7625,1121.4854306564457,1104.296953737954
2,39,f50,trust,naive,queue,2175.764057036966,2160.7945327515727,40.892464863433155,2079.710198595244,2252.3584160548744,0.6927787005426589,0.366070481087072,0.6341463414634146,0.3902439024390244,-1.9321728999407974,0.1951219512195122,0.8292682926829268,0.5481004126228242,0.8436519175207845,24.125,23.875,969.5140570369658,967.0445327515727
2,39,base,thr,naive,queue,2901.5852398926418,2433.4606738520524,317.0956680399992,1867.0312775737348,3034.575772448778,19.236989159950976,1.476288114984715,0.9180327868852459,0.09836065573770492,12.892957656409138,0.819672131147541,0.19672131147540983,9.94274318627618,28.842314092400123,5.916666666666667,5.920833333333333,2842.4185732259753,2374.252340518719
2,39,base,mey,naive,queue,1119.3032461292141,1120.9816625868004,17.18084240595236,1088.755850090647,1156.3878323049087,-0.14972737856506593,-0.09769116193073371,0.45901639344262296,0.5573770491803278,-0.34580270910130434,0.39344262295081966,0.6229508196721312,-0.09866996033963402,-0.19874273323895206,62.166666666666664,61.375,497.6365794625475,507.23166258680044
2,39,base,trust,naive,queue,979.1487200738082,984.9524378149712,10.390411180789606,964.0629073728361,1008.8777681402579,-0.5892383752090563,-0.558564780563562,0.3442622950819672,0.6721311475409836,1.6343019847065432,0.9180327868852459,0.09836065573770492,-0.24380448695371257,-0.925550349398176,51.916666666666664,52.334722222222226,459.9820534071416,461.6052155927489
2,40,signed,thr,seasonal60,http,1735.289266526449,2251.541133465428,307.2022870653252,1811.2134235686954,3028.0416628382877,-22.928822363746796,-1.680494868285927,0.024390243902439025,1.0,-7.211338457147791,0.43902439024390244,0.5853658536585366,-23.59418914816088,-22.149162491824992,9.5,10.134375,1640.289266526449,2150.197383465428
2,40,signed,mey,seasonal60,http,1067.7438446877964,1113.346033930801,15.256925482409654,1081.518925095503,1138.77130264854,-4.095958296272066,-2.988950119444532,0.024390243902439025,1.0,-2.4698353049834245,0.07317073170731707,0.9512195121951219,-4.332543359857859,-3.869348074827313,63.375,68.59375,433.99384468779635,427.408533930801
2,40,signed,trust,seasonal60,http,993.2872881844544,1022.4927588339924,15.396755950980785,985.3114545223161,1050.7416547239732,-2.8563009759445843,-1.896858711180495,0.04878048780487805,0.975609756097561,-0.3129053192206091,0.3902439024390244,0.6341463414634146,-2.3526604310471537,-3.3692317728170007,58.25,61.159375,410.7872881844544,410.8990088339924
2,40,dwell5,thr,seasonal60,http,1653.5681869007135,2134.6700094847815,203.60539377180658,1804.6832943463078,2793.3421442484114,-22.53752666437589,-2.3629129546699006,0.024390243902439025,1.0,-12.507835763057496,0.0975609756097561,0.926829268292683,-23.946292767456484,-20.90720351464364,9.5,8.78125,1558.5681869007135,2046.8575094847815
2,40,dwell5,mey,seasonal60,http,1065.2096009384156,1111.3269968166219,11.374790780087661,1090.1870933682253,1142.6451761472251,-4.149759342687506,-4.054351132236899,0.024390243902439025,1.0,-1.1351675154309722,0.14634146341463414,0.8780487804878049,-3.7979681823785256,-4.511855988998647,63.25,64.04375,432.70960093841563,470.8894968166219
2,40,dwell5,trust,seasonal60,http,999.9843338428633,1022.4054182997648,11.809296523755402,996.1213562205837,1047.838171987265,-2.1929739470852243,-1.8985961112755227,0.0975609756097561,0.926829268292683,-0.5434393033414766,0.36585365853658536,0.6585365853658537,-2.6822358395843815,-1.680176638442694,57.375,57.7,426.2343338428633,445.40541829976485
2,40,dwell200,thr,seasonal60,http,2073.0061474464796,2279.8097459243377,208.34551293279424,1916.4867897548343,2756.391814184213,-9.071090201608492,-0.9925992432799186,0.21951219512195122,0.8048780487804879,-4.492743150112293,0.34146341463414637,0.6829268292682927,-1.7596368605779886,-17.688237114523687,7.875,8.409375,1994.2561474464796,2195.7159959243377
2,40,dwell200,mey,seasonal60,http,885.0887892644134,901.7116231860339,12.938433362501259,872.4756927327292,920.8624381342727,-1.843475618389689,-1.2847640402737996,0.14634146341463414,0.8780487804878049,-2.8410743659001754,0.04878048780487805,0.975609756097561,-4.214783033195879,0.5710062094444733,47.875,52.296875,406.33878926441344,378.7428731860339
2,40,dwell200,trust,seasonal60,http,833.064903517916,842.3245104623738,12.64435119220601,821.0699094047649,876.2979315036895,-1.0992921171645547,-0.7323117496266184,0.24390243902439024,0.7804878048780488,-0.067109899454005,0.5365853658536586,0.4878048780487805,-0.17725103121764094,-2.0689860858236906,46.875,49.25625,364.31490351791604,349.76201046237384
2,40,f50,thr,seasonal60,http,2123.1390155519603,2624.6191511679217,229.6796374889214,2265.7058921307644,3379.436979825278,-19.10677727825042,-2.183389616505078,0.024390243902439025,1.0,0.15439614804025034,0.5853658536585366,0.43902439024390244,-19.480810891802932,-18.743445942250805,8.75,9.00625,1685.6390155519603,2174.3066511679217
2,40,f50,mey,seasonal60,http,2438.0379524366454,2520.146427746838,50.57074608339048,2387.861362149447,2631.2037758650085,-3.2580835147584106,-1.6236358303829834,0.0975609756097561,0.926829268292683,-2.1078703041922995,0.14634146341463414,0.8780487804878049,-0.871779707277442,-5.531498584501532,28.5,29.146875,1013.0379524366454,1062.802677746838
2,40,f50,trust,seasonal60,http,2234.09107428627,2290.9368656171414,45.21512454022913,2162.0415598626128,2425.359105335981,-2.481333823905175,-1.2572295644191787,0.0975609756097561,0.926829268292683,0.971988504125319,0.7073170731707317,0.3170731707317073,-5.339675294909364,0.2600847919278785,23.375,24.375,1065.3410742862702,1072.1868656171414
2,40,f2,thr,seasonal60,http,1652.753400202609,2049.410880199238,337.2727428886377,1506.360117841822,3222.4952350414624,-19.354707434658827,-1.1760733363727498,0.04878048780487805,0.975609756097561,-19.030320495591333,0.04878048780487805,0.975609756097561,-22.384169820824127,-16.578804904545084,8.875,8.98125,1635.003400202609,2031.4483801992378
2,40,f2,mey,seasonal60,http,455.8991534030728,476.1333232236899,13.363268761648085,463.67403186460126,552.5081709678718,-4.249685714837272,-1.5141632022464582,0.024390243902439025,1.0,0.16023283627652746,0.7560975609756098,0.2682926829268293,-5.654163089044876,-2.8919959913451834,131.5,137.60625,192.89915340307277,200.92082322368992
2,40,f2,trust,seasonal60,http,422.5433272362036,430.460529098753,7.407188726629938,422.84315470769064,469.726953747466,-1.839239913384277,-1.068853806044646,0.024390243902439025,1.0,0.3985456285119486,0.8048780487804879,0.21951219512195122,-2.053902482890151,-1.6302761367246965,121.25,122.915625,180.0433272362036,184.629279098753
2,40,base,thr,seasonal60,http,1655.8434641397278,2094.964369092884,262.1792476527467,1752.823948206624,3096.01090547039,-20.960781549869274,-1.6748881114143972,0.01639344262295082,1.0,7.4270349674488285,0.8524590163934426,0.16393442622950818,-24.242541823058705,-17.350443225874887,8.583333333333334,9.004166666666666,1570.0101308063945,2004.9227024262175
2,40,base,mey,seasonal60,http,1019.4916254731285,1066.08558495355,11.43927118729389,1046.0601245376242,1099.1729099867227,-4.3705646280220325,-4.073158046307673,0.01639344262295082,1.0,-0.7347806988962329,0.32786885245901637,0.6885245901639344,-3.1670366981812212,-5.599524213684445,58.0,62.82222222222222,439.49162547312847,437.8633627313279
2,40,base,trust,seasonal60,http,960.6920987139274,984.2713438466802,8.83083450502721,961.5737875235938,1004.8892005298621,-2.3956041471858347,-2.670103841186203,0.01639344262295082,1.0,-1.0160993830551601,0.13114754098360656,0.8852459016393442,-4.241395282990524,-0.5095020154365077,53.666666666666664,56.96388888888889,424.0254320472608,414.6324549577913
2,41,signed,thr,ma10,http,2676.143302693247,2535.6466751497255,306.9864677705073,1939.1896050722687,3255.687059526194,5.540859809863897,0.4576639112592801,0.7804878048780488,0.24390243902439024,-11.864652329933515,0.1951219512195122,0.8292682926829268,13.456337283014241,-1.096827320418388,7.25,7.303125,2603.643302693247,2462.6154251497255
2,41,signed,mey,ma10,http,1133.7067218714596,1133.0693726425375,15.992712758676829,1105.2060831185975,1166.0412654248582,0.05624979761263459,0.039852477721541185,0.5609756097560976,0.4634146341463415,-1.2933010249141068,0.1951219512195122,0.8292682926829268,1.5654695202075586,-1.4025148329814392,67.25,68.803125,461.20672187145965,445.0381226425375
2,41,signed,trust,ma10,http,1036.4784708017323,1035.5772526294706,10.480670430640847,1015.75238865897,1066.5011390963775,0.08702568253342413,0.08598859951047742,0.6097560975609756,0.4146341463414634,-1.247626833854151,0.12195121951219512,0.9024390243902439,2.509757503701105,-2.269964060327318,60.5,59.446875,431.4784708017323,441.10850262947065
2,41,dwell5,thr,ma10,http,1911.6407187062646,2113.2505104837765,283.67470822239625,1590.3952875141522,2889.8820933411375,-9.540269399076509,-0.7107076730275621,0.2682926829268293,0.7560975609756098,4.634241672165857,0.6829268292682927,0.34146341463414637,-10.990041026670523,-8.150203682274084,7.125,7.0375,1840.3907187062646,2042.8755104837765
2,41,dwell5,mey,ma10,http,1189.9418325173478,1145.6754841425452,16.8214414580874,1117.6835331615275,1192.0621204369504,3.8637772202948715,2.631543110327225,0.975609756097561,0.04878048780487805,0.4794947191971138,0.6829268292682927,0.34146341463414637,1.2400993828293658,6.567234056593004,65.0,63.15625,539.9418325173478,514.1129841425452
2,41,dwell5,trust,ma10,http,1068.4056915323652,1041.76914998092,15.029499550477476,1012.2804770093059,1070.3180339936664,2.5568564352220435,1.7722839980123564,0.9512195121951219,0.07317073170731707,-0.18111725213275393,0.4634146341463415,0.5609756097560976,1.8067957279350875,3.3214337922113595,58.875,57.921875,479.65569153236515,462.55039998092
2,41,dwell200,thr,ma10,http,2016.7085575087015,2315.8974987595493,477.4282730669397,1707.0179458315079,3737.982116919175,-12.918919831775831,-0.6266678329058633,0.2926829268292683,0.7317073170731707,31.307340666129345,0.8780487804878049,0.14634146341463414,-13.157012325868342,-12.666352249316999,5.375,5.58125,1962.9585575087015,2260.0849987595493
2,41,dwell200,mey,ma10,http,872.6083049031408,893.0780284165309,15.330153558466236,845.1678867079886,928.72597634775,-2.2920420010425966,-1.3352588697381578,0.12195121951219512,0.9024390243902439,1.6681422535912256,0.9024390243902439,0.12195121951219512,-3.3532345286615226,-1.3409089135404184,52.0,52.078125,352.60830490314083,372.29677841653086
2,41,dwell200,trust,ma10,http,821.8772135824643,818.3798770402766,12.255698625900054,789.0587265892095,842.8958764956515,0.4273487948941279,0.2853641109285049,0.6097560975609756,0.4146341463414634,4.086681174025114,1.0,0.024390243902439025,-0.24982504466512162,1.0607313019862294,46.625,46.184375,355.62721358246426,356.5361270402766
2,41,f2,thr,ma10,http,2109.3555506564608,2209.376096131947,219.30086132288957,1725.8101859914004,2828.6638040335906,-4.527094578899302,-0.45608824731527287,0.36585365853658536,0.6585365853658537,12.130514030187285,0.926829268292683,0.0975609756097561,2.1073134136370286,-10.953915949667085,6.875,6.925,2095.6055506564608,2195.5260961319473
2,41,f2,mey,ma10,http,505.8490238532004,502.262898147954,6.128201714772195,488.4789685991445,516.8070105745803,0.713993750776711,0.5851840184375681,0.7073170731707317,0.3170731707317073,0.6452473869856346,0.7073170731707317,0.3170731707317073,-0.8433251574610693,2.25215161940778,142.625,145.459375,220.59902385320038,211.344148147954
2,41,f2,trust,ma10,http,459.9234255033008,459.99088437470874,3.5886545029958885,452.84672393278424,466.5542907863978,-0.01466526266050926,-0.018797817218579923,0.5365853658536586,0.4878048780487805,-0.19659261175994594,0.43902439024390244,0.5853658536585366,-1.1042559956500666,1.0822171342965925,129.5,129.2125,200.9234255033008,201.56588437470873
2,41,f50,thr,ma10,http,2663.786114028645,2615.26388125626,231.77796874926875,2079.6390072221648,3287.6603932607914,1.8553474897942996,0.20934790754368487,0.5609756097560976,0.4634146341463415,-9.390466620468782,0.12195121951219512,0.9024390243902439,2.0227148543561846,1.6799655160550757,7.125,7.03125,2307.536114028645,2263.70138125626
2,41,f50,mey,ma10,http,2425.31379467761,2374.866309372599,53.98822775630122,2258.2274533185855,2549.352533492694,2.1242242186819524,0.9344163978252287,0.8780487804878049,0.14634146341463414,-0.4468704075293817,0.5121951219512195,0.5121951219512195,1.5038021826473185,2.710396696965106,27.125,26.9375,1069.06379467761,1027.991309372599
2,41,f50,trust,ma10,http,2369.137088468563,2337.2171738872107,41.41971376087137,2248.41959693231,2445.2626903989426,1.3657230888930927,0.7706454652399496,0.8292682926829268,0.1951219512195122,1.0644040791898286,0.8048780487804879,0.21951219512195122,3.6626969429453324,-0.8555578172118299,27.375,26.371875,1000.387088468563,1018.6234238872107
2,43,signed,thr,seasonal60,http,1810.1382110438346,2533.69089626724,330.51483378697236,1886.8814792257162,3098.532073100406,-28.557259541382074,-2.1891685675135504,0.024390243902439025,1.0,5.466686595082548,0.7073170731707317,0.3170731707317073,-31.279411013864614,-25.460397489181,8.5,8.909375,1725.1382110438346,2444.59714626724
2,43,signed,mey,seasonal60,http,1026.1208084527862,1058.7196655367943,11.469182047937625,1031.614897095629,1084.3955116281152,-3.079082985341527,-2.8423000827569953,0.024390243902439025,1.0,2.567249045909011,1.0,0.024390243902439025,-2.5902680937865865,-3.564670095026342,61.0,63.409375,416.12080845278615,424.6259155367943
2,43,signed,trust,seasonal60,http,1025.5411214485162,1067.679188999999,10.280002791256189,1049.8401568015856,1087.744479111916,-3.946697471077422,-4.099032695528455,0.024390243902439025,1.0,1.7441265496529943,0.9512195121951219,0.07317073170731707,-6.67525524370398,-1.2290503002826698,62.375,64.38125,401.79112144851615,423.86668899999904
2,41,base,thr,ma10,http,2465.400820167086,2376.243376508752,224.48281468803177,1937.861685898704,3119.3657484944047,3.7520333371460666,0.39716823660749967,0.6721311475409836,0.3442622950819672,14.253505627584653,0.9508196721311475,0.06557377049180328,10.949828488724169,-3.5527276097886533,7.416666666666667,7.105555555555555,2391.2341535004193,2305.1878209531965
2,41,base,mey,ma10,http,1160.199666765132,1128.5984300810203,12.431828534303714,1101.2270681183722,1155.8399848135039,2.8000425874988193,2.541962077172551,1.0,0.01639344262295082,1.0728687182088383,0.8360655737704918,0.18032786885245902,3.5516228600426007,2.0294895940464825,66.0,65.64861111111111,500.19966676513195,472.1123189699092
2,41,base,trust,ma10,http,1015.5086998467068,1017.4829732766323,11.529774645494303,993.635245631253,1043.185711163939,-0.19403503368391967,-0.17123261213929997,0.4918032786885246,0.5245901639344263,0.018524554297362945,0.5737704918032787,0.4426229508196721,-0.11188176101587576,-0.27746796104293736,54.5,55.675,470.5086998467068,460.73297327663226
2,43,dwell5,thr,seasonal60,http,1531.8410723427364,1902.2514350975362,226.6448847215746,1494.967178920924,2684.808332185359,-19.47220834851452,-1.6343204180841586,0.04878048780487805,0.975609756097561,-1.6134519142460673,0.5609756097560976,0.4634146341463415,-21.00192396387244,-17.756679085505088,7.375,7.58125,1458.0910723427364,1826.4389350975362
2,43,dwell5,mey,seasonal60,http,1062.4041159768417,1077.4777023296142,12.910990987271987,1050.2960511889355,1114.950778920596,-1.398969678925319,-1.167500338868834,0.14634146341463414,0.8780487804878049,0.1812148894521277,0.5609756097560976,0.4634146341463415,-0.5881756638951395,-2.1855279045341365,65.75,65.4375,404.9041159768417,423.1027023296142
2,43,dwell5,trust,seasonal60,http,1050.3262219332446,1072.6893240486686,11.464371027316583,1045.1434257879762,1094.7317824833826,-2.0847697104897605,-1.9506610578232861,0.04878048780487805,0.975609756097561,-1.1780199556114535,0.14634146341463414,0.8780487804878049,-2.0158203891744675,-2.151455229158565,60.875,61.74375,441.5762219332446,455.2518240486686
2,43,dwell200,thr,seasonal60,http,2011.0500912412901,2222.0014290476306,243.89698636902176,1851.260526008456,3112.3615383053984,-9.49375347147081,-0.8649198210557888,0.24390243902439024,0.7804878048780488,1.0543146576280569,0.5853658536585366,0.43902439024390244,-5.462062419392955,-13.673945892863825,6.625,7.39375,1944.8000912412901,2148.0639290476306
2,43,dwell200,mey,seasonal60,http,889.0101603656655,940.7498682887806,13.503539958816326,915.1259821331014,974.506608492419,-5.499836850068276,-3.83156624714061,0.024390243902439025,1.0,0.09112885776945695,0.5121951219512195,0.5121951219512195,-4.899485840984576,-6.063911135763046,54.125,58.140625,347.76016036566546,359.3436182887806
2,43,dwell200,trust,seasonal60,http,852.7711750052472,893.7857190587722,11.247005149706752,861.4267611660704,913.3778192819382,-4.588856498704925,-3.6467080353914842,0.024390243902439025,1.0,-0.8372061275993822,0.24390243902439024,0.7804878048780488,-4.712989102847367,-4.474033129639084,49.375,52.23125,359.0211750052472,371.4732190587722
2,43,f2,thr,seasonal60,http,1886.8260130921747,2381.3231573753496,241.5114664326377,1933.9685171398983,3239.9468002142066,-20.765646306828874,-2.0475100068223884,0.024390243902439025,1.0,-4.557241255680926,0.34146341463414637,0.6829268292682927,-19.58782970572556,-21.78853321896525,7.625,7.7,1871.5760130921747,2365.9231573753495
2,43,f2,mey,seasonal60,http,449.17180634526227,460.38635453994203,5.808128825537476,450.50099732334706,479.1092453497806,-2.435899344993905,-1.9308366827834584,0.024390243902439025,1.0,0.1884594636975942,0.6341463414634146,0.3902439024390244,-2.054896815846559,-2.822738993625365,139.625,141.509375,169.92180634526227,177.36760453994202
2,43,f2,trust,seasonal60,http,441.15917201127104,456.84989234518446,4.379775925714807,448.7299217206943,468.30951950900425,-3.434546137981335,-3.5825395180125787,0.024390243902439025,1.0,1.6053394954335864,0.9024390243902439,0.12195121951219512,-3.073598866794207,-3.7965294021116214,136.25,140.7375,168.65917201127104,175.37489234518443
2,43,f50,thr,seasonal60,http,2055.820760598477,2622.36035126719,300.8317072828111,2039.9518246275838,3441.1448381036744,-21.604185343747535,-1.883244275631193,0.04878048780487805,0.975609756097561,-11.33633707209389,0.12195121951219512,0.9024390243902439,-22.212108342845085,-20.954515845016058,7.5,7.521875,1680.8207605984771,2246.26660126719
2,43,f50,mey,seasonal60,http,2266.7542486042094,2292.2497887731233,47.78613133751622,2215.350097659212,2402.2329373625935,-1.1122496463424218,-0.5335343007542815,0.2926829268292683,0.7317073170731707,-2.1316807195679033,0.21951219512195122,0.8048780487804879,-1.9657656648133341,-0.22379017829055,27.375,28.59375,898.0042486042094,862.5622887731233
2,43,f50,trust,seasonal60,http,2184.5433573796786,2235.026948172385,35.96813648808012,2128.0743517147603,2297.8139716781566,-2.2587464027665303,-1.4035642577545442,0.12195121951219512,0.9024390243902439,-2.0708717954437477,0.12195121951219512,0.9024390243902439,-4.103850758735341,-0.26808241963378115,24.125,25.103125,978.2933573796786,979.8706981723849
2,43,base,thr,seasonal60,http,1959.9417002071452,2478.1527198126437,278.2422555053215,1955.940709065798,3279.9534208030764,-20.9111817630302,-1.862445438649729,0.03278688524590164,0.9836065573770492,9.72243292480313,0.8524590163934426,0.16393442622950818,-15.328578991012463,-26.793005997894614,7.166666666666667,7.695833333333334,1888.2750335404785,2401.19438647931
2,43,base,mey,seasonal60,http,1010.8924325457415,1046.8446344841047,10.864546663802454,1023.0025835382095,1067.3002972260822,-3.4343398011569173,-3.3091304267803148,0.01639344262295082,1.0,1.6709513430449623,0.9672131147540983,0.04918032786885246,-3.5976294751516202,-3.2719397980048868,61.25,63.831944444444446,398.3924325457415,408.5251900396603
2,43,base,trust,seasonal60,http,1011.8515446261484,1045.733066131247,10.681305740148176,1026.9292374398228,1084.9368976935955,-3.2399780213936644,-3.1720392927006,0.01639344262295082,1.0,-0.2777344642183236,0.45901639344262296,0.5573770491803278,-2.1094015251758993,-4.393808328413497,60.083333333333336,62.043055555555554,411.01821129281507,425.3025105756914
2,44,signed,thr,ma10,queue,2460.9653264111907,2545.8572077342055,283.620410876578,1851.9937994786317,3081.131362089266,-3.3345107127421314,-0.2993151341281882,0.4146341463414634,0.6097560975609756,5.263363256878344,0.6585365853658537,0.36585365853658536,-1.9030582826184164,-4.748971746208961,7.5,7.89375,2385.9653264111907,2466.9197077342055
2,44,signed,mey,ma10,queue,1095.7878476502588,1135.1150237585232,18.007603488911705,1094.5102177271915,1173.8148592396058,-3.4645983257314934,-2.183920594013545,0.04878048780487805,0.975609756097561,1.0236130434721118,0.7317073170731707,0.2926829268292683,-4.723891836115009,-2.262759982340631,66.875,69.003125,427.03784765025875,445.0837737585232
2,44,signed,trust,ma10,queue,1060.8743397429243,1040.996668669248,13.763416301080127,999.4794839956227,1067.8632131946397,1.909484599896637,1.4442396160113495,0.9512195121951219,0.07317073170731707,-0.6873605384168561,0.2926829268292683,0.7317073170731707,3.541668779001689,0.262692166301719,62.25,61.896875,438.37433974292435,422.02791866924804
2,44,dwell5,thr,ma10,queue,2070.359222897033,2435.7186395063422,301.67870459726845,2035.3740464350572,3517.3275042754194,-15.00006653820075,-1.2110878595062011,0.04878048780487805,0.975609756097561,-13.737770678466957,0.0975609756097561,0.926829268292683,-14.493641379750914,-15.48967084310254,7.75,7.534375,1992.8592228970329,2360.3748895063422
2,44,dwell5,mey,ma10,queue,1171.4508348020922,1180.5998409435463,16.447103595077813,1140.0297197974446,1225.09591322951,-0.7749455678515141,-0.556268530113235,0.34146341463414637,0.6829268292682927,-3.153751245413942,0.04878048780487805,0.975609756097561,-0.21909720717973574,-1.3407222700970687,69.25,68.896875,478.95083480209223,491.63109094354627
2,44,dwell5,trust,ma10,queue,1069.2920868561982,1073.4864648308107,14.05342298349807,1039.582383915125,1100.185527943314,-0.39072481228476147,-0.2984595268738204,0.3170731707317073,0.7073170731707317,-1.3944337381458212,0.1951219512195122,0.8292682926829268,-0.772826534828343,-0.010996697444076792,61.5,62.00625,454.29208685619824,453.42396483081075
2,44,dwell200,thr,ma10,queue,2089.4677810635526,2419.912566869929,328.85011365137666,1943.552316405276,3382.6694222345013,-13.655236570542503,-1.0048492370499535,0.17073170731707318,0.8536585365853658,1.286568885845196,0.6097560975609756,0.4146341463414634,-16.64622939442383,-10.837449617313222,6.5,6.771875,2024.4677810635526,2352.193816869929
2,44,dwell200,mey,ma10,queue,937.5538572382031,946.9525237819059,14.87805160188782,910.3406215139096,977.2934865764379,-0.9925171862013458,-0.6317135331423531,0.2682926829268293,0.7560975609756098,-1.1395471471817733,0.24390243902439024,0.7804878048780488,0.7983191056628023,-2.893693777843527,56.0,57.184375,377.55385723820314,375.10877378190594
2,44,dwell200,trust,ma10,queue,808.0274782930662,816.887959933835,11.167302601095026,791.3125275658637,840.7868976888395,-1.0846630230033514,-0.7934307824612823,0.24390243902439024,0.7804878048780488,-0.009608414189973472,0.4878048780487805,0.5365853658536586,0.8732861782947928,-3.1833895424302185,45.0,45.625,358.0274782930662,360.63795993383496
2,44,f2,thr,ma10,queue,2093.7154244205076,2341.5967254453594,326.73533039449245,1898.6719709690037,3220.095048300738,-10.585994519517708,-0.7586608424793421,0.2682926829268293,0.7560975609756098,-13.643401840422756,0.17073170731707318,0.8536585365853658,-15.259175043577002,-5.762975879529552,7.25,7.60625,2079.2154244205076,2326.3842254453593
2,44,f2,mey,ma10,queue,500.58430380814673,506.6175810422775,5.01612829606945,496.8725592756157,518.7658950347445,-1.1908937746926087,-1.2027757022997867,0.12195121951219512,0.9024390243902439,0.30324191295808733,0.6341463414634146,0.3902439024390244,1.228667140617133,-3.5948541320517418,148.625,151.95625,203.33430380814673,202.70508104227747
2,44,f2,trust,ma10,queue,454.6599143314338,457.67066938617137,4.50645052438859,450.85860781185863,468.0560233800859,-0.6578431295970064,-0.6680989924206568,0.36585365853658536,0.6585365853658537,-1.0191545161737072,0.17073170731707318,0.8536585365853658,-0.14511424381854074,-1.1668719947437798,133.125,133.615625,188.4099143314338,190.43941938617138
2,44,f50,thr,ma10,queue,2654.035974515799,2824.2577892184904,351.8385581717143,2269.51370085543,3695.729010898298,-6.027134468833107,-0.4838065946700902,0.36585365853658536,0.6585365853658537,19.894095622367356,0.975609756097561,0.04878048780487805,-8.686468678021502,-3.5942563038251745,7.5,7.41875,2279.035974515799,2453.3202892184904
2,44,f50,mey,ma10,queue,2535.570292574551,2528.9754252578546,67.81325567650696,2414.03040203168,2700.5187779164376,0.26077229738299634,0.09725041587969382,0.5365853658536586,0.4878048780487805,0.19618936029805947,0.5365853658536586,0.4878048780487805,-4.657877439041427,5.331485418630876,30.375,29.953125,1016.8202925745509,1031.3191752578546
2,44,f50,trust,ma10,queue,2275.8727803252636,2316.6620882036104,46.66762153889611,2229.5160443945256,2420.0562856886713,-1.7606930283896387,-0.8740387132082591,0.21951219512195122,0.8048780487804879,-1.4769400114563955,0.24390243902439024,0.7804878048780488,-1.237260823650987,-2.2730498508291785,24.625,25.465625,1044.6227803252636,1043.3808382036104
2,45,signed,thr,naive,http,1763.4468957760491,1940.3117780974621,194.28665385538395,1769.1802839859838,2819.3535198817317,-9.11528159123142,-0.9103295507526794,0.024390243902439025,1.0,2.711536248311235,0.7560975609756098,0.2682926829268293,-10.595055394955546,-7.409797518374737,15.375,16.2125,1609.6968957760491,1778.1867780974621
2,45,signed,mey,naive,http,1040.927526392864,1051.0301160818985,8.471363329608751,1034.4255332495795,1070.454242104311,-0.961208393028332,-1.1925577142612318,0.17073170731707318,0.8536585365853658,-0.4000373274028938,0.2682926829268293,0.7560975609756098,-0.8092141600387052,-1.1129106906839286,61.375,61.978125,427.1775263928639,431.24886608189854
2,45,signed,trust,naive,http,969.5258495971655,989.8498562615001,8.281308575813558,975.064780991308,1006.1117606950384,-2.05324136138132,-2.454202313350946,0.024390243902439025,1.0,-0.2001795072545923,0.4878048780487805,0.5365853658536586,-2.315455197362092,-1.8039379892237402,55.125,56.865625,418.27584959716546,421.1936062615001
2,44,base,thr,ma10,queue,2110.1416481168676,2545.355598367825,337.2149872266691,2017.4321115551654,4061.480608816121,-17.09835555118635,-1.290612715141322,0.03278688524590164,0.9836065573770492,-6.390563180226978,0.4098360655737705,0.6065573770491803,-21.367374810853185,-12.818107235569752,6.916666666666667,7.5777777777777775,2040.9749814502009,2469.5778205900474
2,44,base,mey,ma10,queue,1092.9249885918846,1126.1351420287008,11.727557773871323,1100.567999334202,1149.2427617362216,-2.9490380148326643,-2.8318047181833124,0.01639344262295082,1.0,0.2888406121569967,0.5081967213114754,0.5081967213114754,-1.625727091932954,-4.342727400341932,63.583333333333336,65.925,457.0916552585512,466.8851420287008
2,44,base,trust,ma10,queue,1001.5908426386704,1021.290959439873,10.95368252172052,997.4740096767592,1046.4355790723087,-1.9289426405974495,-1.798492585679594,0.03278688524590164,0.9836065573770492,0.9784893294694142,0.8524590163934426,0.16393442622950818,-4.447821710712638,0.7483601336962724,57.666666666666664,59.6625,424.9241759720038,424.66595943987295
2,45,dwell5,thr,naive,http,1693.992916328621,1727.1914857679628,80.46816777860336,1622.2228465519106,2033.0341997598962,-1.922112846948216,-0.412567731511955,0.2926829268292683,0.7560975609756098,-1.3431382467142594,0.7073170731707317,0.3170731707317073,-1.8323489903258725,-2.015713658579781,13.375,13.63125,1560.242916328621,1590.8789857679628
2,45,dwell5,mey,naive,http,1037.8551638309955,1046.7979894295395,28.66803392693503,1028.6706629410196,1214.2659255673375,-0.8543029016914204,-0.3119441542917172,0.2926829268292683,0.7317073170731707,0.15103390176513704,0.8536585365853658,0.17073170731707318,-1.155124129059505,-0.5439564041402691,62.875,62.90625,409.1051638309955,417.7354894295395
2,45,dwell5,trust,naive,http,1033.4355499394132,1037.4499483720913,15.319003446401279,1020.5327875255002,1117.5009097194618,-0.386948636797101,-0.26205349758708313,0.4146341463414634,0.6097560975609756,0.026631503660585847,0.5853658536585366,0.43902439024390244,-1.2046247609593803,0.4092597421862695,59.875,59.765625,434.68554993941325,439.7936983720913
2,45,dwell200,thr,naive,http,1753.7720369854624,2162.712837956893,214.99848043224057,1700.276474869759,2713.6218950668354,-18.90869623531507,-1.9020636804003526,0.04878048780487805,0.975609756097561,1.825405774725218,0.6829268292682927,0.34146341463414637,-15.77230065585941,-21.12127223358104,13.0,12.884375,1623.7720369854624,2033.869087956893
2,45,dwell200,mey,naive,http,852.8037565813391,848.9814629685148,5.987365484065586,833.3417649807861,859.687347589214,0.45022109192577847,0.6383932337180215,0.7073170731707317,0.3170731707317073,0.5146144573561564,0.7317073170731707,0.2926829268292683,0.8824232224075785,0.023685010114944404,51.5,50.753125,337.80375658133914,341.45021296851485
2,45,dwell200,trust,naive,http,813.937167980347,829.0679687641947,7.455523336868129,814.5695419920115,850.413267651248,-1.825037434072094,-2.0294753433370305,0.024390243902439025,1.0,0.1356733516735147,0.5609756097560976,0.4634146341463415,-2.534719557406657,-1.1498148410588032,47.75,48.69375,336.437167980347,342.1304687641947
2,45,f2,thr,naive,http,1576.8560425602627,1760.576767025735,215.91262135090585,1547.1140270550418,2615.1930405312487,-10.435257803375686,-0.850903126070085,0.0975609756097561,0.926829268292683,2.7083832513472674,0.7317073170731707,0.2926829268292683,-9.730449524411469,-11.146280098199448,13.375,13.665625,1550.1060425602627,1733.2455170257351
2,45,f2,mey,naive,http,425.69642311577985,435.26756022772406,22.963383494866783,427.58943676931085,576.0526689049873,-2.1989088979975366,-0.41679995084712734,0.024390243902439025,1.0,-1.3288401694675138,0.24390243902439024,0.7804878048780488,-2.533397696427293,-1.869732086377668,129.75,131.390625,166.19642311577985,172.48631022772406
2,45,f2,trust,naive,http,421.46886949409674,427.8167678309205,11.444110309725826,422.98711862685525,497.397046260346,-1.483789045718884,-0.5546869232315071,0.024390243902439025,1.0,-1.162165932822415,0.024390243902439025,1.0,-1.6135567934570463,-1.3590509631062389,125.5,126.40625,170.46886949409674,175.00426783092053
2,45,f50,thr,naive,http,2059.5304228380674,2494.2326328369704,352.3017472651038,2050.8295522803046,3355.6685449072966,-17.428294549432923,-1.2338917231420758,0.04878048780487805,0.975609756097561,-16.663022969137046,0.0975609756097561,0.926829268292683,-12.252422970317463,-22.365070463318425,13.75,14.04375,1372.0304228380674,1792.0451328369704
2,45,f50,mey,naive,http,2259.6035716874603,2269.811883024415,36.15074507674492,2181.915979387199,2392.604573243922,-0.4497426158220823,-0.2823817687652938,0.4634146341463415,0.5609756097560976,-0.8209207557721704,0.3170731707317073,0.7073170731707317,-0.484922814545613,-0.41353453471282275,27.625,27.571875,878.3535716874603,891.2181330244148
2,45,f50,trust,naive,http,2158.2130172457173,2184.3364822829167,42.542881401880045,2121.234195504743,2325.381604168817,-1.1959450958717193,-0.6140502047904288,0.3170731707317073,0.7073170731707317,-0.869729944347455,0.3902439024390244,0.6341463414634146,0.034370984165852526,-2.406000969248935,24.625,24.84375,926.9630172457173,942.1489822829167
2,46,signed,thr,seasonal60,http,1979.3918648872532,2399.6583555532698,314.05953667298496,1799.9034624797205,3082.8928370341882,-17.513596870714505,-1.3381745866345711,0.0975609756097561,0.926829268292683,14.573028207708393,0.8536585365853658,0.17073170731707318,-8.583143726134232,-27.470407961537983,6.5,6.828125,1914.3918648872532,2331.3771055532698
2,46,signed,mey,seasonal60,http,1099.375633862297,1150.9192814692265,18.665568851537518,1102.8233708232735,1210.222445687845,-4.478476330775384,-2.761429239949667,0.024390243902439025,1.0,0.8471114318184162,0.7804878048780488,0.24390243902439024,-4.192816844451685,-4.775313326372587,66.875,69.234375,430.62563386229704,458.57553146922646
2,46,signed,trust,seasonal60,http,981.0054615669922,981.5651674446514,11.608570874671377,962.5848333594624,1003.6428736992812,-0.057021774633294824,-0.048214882236747046,0.5365853658536586,0.4878048780487805,0.7053768506530418,0.6829268292682927,0.34146341463414637,1.3045989885992968,-1.429204007415143,56.625,55.86875,414.75546156699215,422.87766744465137
2,46,dwell5,thr,seasonal60,http,1691.0132040921608,2287.8669726950416,289.58391906048655,1845.016195517008,2973.373314206993,-26.08778288799738,-2.0610735932412516,0.024390243902439025,1.0,-5.1712106728945955,0.4146341463414634,0.6097560975609756,-22.786818712750755,-29.066582759564938,6.375,6.253125,1627.2632040921608,2225.3357226950416
2,46,dwell5,mey,seasonal60,http,1074.1836263343312,1118.6847501166988,15.630127242841647,1088.3964161656395,1163.4286232243917,-3.9779860928403044,-2.8471376522381417,0.024390243902439025,1.0,-1.4139091193893734,0.1951219512195122,0.8292682926829268,-3.9479186081392985,-4.008561128997084,63.625,63.4,437.93362633433117,484.68475011669875
2,46,dwell5,trust,seasonal60,http,978.8928049854617,998.4342555374209,15.085748379879462,965.1507614915562,1039.4731274862716,-1.9572095452034295,-1.295358377978948,0.14634146341463414,0.8780487804878049,0.005448023558810448,0.4878048780487805,0.5365853658536586,-1.4982117524907372,-2.415413133736294,55.375,56.775,425.1428049854617,430.6842555374209
2,46,dwell200,thr,seasonal60,http,1974.548524681389,2357.7273551272847,362.28358615038235,1797.174733114929,3533.564208501706,-16.252041594741957,-1.0576764863060615,0.07317073170731707,0.9512195121951219,-1.7712855973105333,0.5121951219512195,0.5121951219512195,-13.181104563548574,-20.0654757838511,4.5,4.628125,1929.548524681389,2311.4461051272847
2,46,dwell200,mey,seasonal60,http,837.8364737850208,866.1532665224502,12.868861887977616,840.5758655909392,895.4356744565908,-3.2692588981531543,-2.2004115813756306,0.024390243902439025,1.0,-2.3044824606243655,0.0975609756097561,0.926829268292683,-3.547584758295595,-2.9490626945198395,47.0,48.934375,367.83647378502076,376.80951652245017
2,46,dwell200,trust,seasonal60,http,758.3416082381374,774.5312654555025,10.279521831219029,759.260223436625,806.0570779625187,-2.090252251836987,-1.5749426367476522,0.024390243902439025,1.0,-2.1106748056292743,0.024390243902439025,1.0,-2.554425071058475,-1.5549128340055811,41.0,42.45,348.3416082381374,350.03126545550253
2,45,base,thr,naive,http,1725.842909412773,2040.3172002329554,218.1577405888705,1753.9615173401437,2715.8234726992796,-15.413009839071934,-1.44149957719275,0.01639344262295082,1.0,3.9776211321226413,0.7377049180327869,0.2786885245901639,-18.183514705709452,-12.4223838967402,13.833333333333334,13.748611111111112,1587.5095760794397,1902.8310891218443
2,45,base,mey,naive,http,1001.9122494177108,1016.3346510768218,12.049185130349144,993.2111097604567,1073.285552250331,-1.4190603108759818,-1.1969607490538376,0.09836065573770492,0.9180327868852459,0.3646886847085879,0.6557377049180327,0.36065573770491804,-1.672664972323435,-1.160464591471022,59.916666666666664,60.355555555555554,402.74558275104414,412.7790955212663
2,45,base,trust,naive,http,974.2706150098028,986.2963896067326,8.855075615156489,969.1410933827647,1012.5482289129685,-1.2192860811064024,-1.3580657150286053,0.11475409836065574,0.9016393442622951,1.2385115762448375,0.9180327868852459,0.09836065573770492,-1.380309487033918,-1.05995521761907,55.833333333333336,56.28888888888889,415.9372816764694,423.40750071784373
2,46,f2,thr,seasonal60,http,1788.7562499779724,2258.0152879080374,315.49564640465167,1770.0099290882513,3178.0132971068742,-20.78192474794159,-1.4873708822219305,0.04878048780487805,0.975609756097561,34.51913812686044,0.9512195121951219,0.07317073170731707,-19.99372743926621,-21.638471496906227,6.125,6.321875,1776.5062499779724,2245.371537908037
2,46,f2,mey,seasonal60,http,479.45691712102877,500.54091593140475,5.8451759796177365,488.7261297878895,513.3417320742121,-4.212242823574764,-3.607076824358476,0.024390243902439025,1.0,1.5474069303304483,0.9024390243902439,0.12195121951219512,-3.6319169908586413,-4.799902875273953,144.375,144.378125,190.70691712102877,211.78466593140473
2,46,f2,trust,seasonal60,http,425.92091921245645,438.72602215658173,3.875203051449714,429.91125071912376,446.06170003620184,-2.9187014896406414,-3.304369545057746,0.024390243902439025,1.0,1.1739481084275876,0.9512195121951219,0.07317073170731707,-2.802789230570832,-3.0310658452963555,123.0,124.121875,179.92091921245645,190.48227215658173
2,46,f50,thr,seasonal60,http,2296.083156292581,2783.338774083351,377.62202523820514,2145.7019451214874,3685.1210655445047,-17.50615564040493,-1.2903262660153565,0.07317073170731707,0.9512195121951219,28.82629694578587,0.9512195121951219,0.07317073170731707,-18.69436096542759,-16.194017782432038,6.25,6.34375,1983.583156292581,2466.151274083351
2,46,f50,mey,seasonal60,http,2286.0714545035694,2407.139290689881,60.46756775485386,2290.012920450702,2612.019651444238,-5.029531803770847,-2.0021945760600426,0.024390243902439025,1.0,1.6221459952941815,0.7317073170731707,0.2926829268292683,-4.189828561402601,-5.825614800224372,24.75,25.209375,1048.5714545035694,1146.670540689881
2,46,f50,trust,seasonal60,http,2098.85665384859,2141.486827607698,43.81510095593563,2040.1616769887803,2256.7596177226856,-1.9906811104101465,-0.9729561915646537,0.1951219512195122,0.8292682926829268,2.6927064845591078,0.9024390243902439,0.12195121951219512,1.1814722464119387,-5.050176163817199,22.125,22.54375,992.6066538485902,1014.2993276076982
2,46,base,thr,seasonal60,http,1963.8309110490911,2513.3284133414327,348.7540960588093,1944.3626292533152,3425.7547680773223,-21.863338645895176,-1.5756015728620476,0.03278688524590164,0.9836065573770492,14.075594126181171,0.819672131147541,0.19672131147540983,-19.629234605987595,-24.29759647224528,6.25,6.2652777777777775,1901.3309110490911,2450.675635563655
2,46,base,mey,seasonal60,http,1064.8511217197893,1103.2369487096826,12.983634234375662,1071.2002979808924,1127.1307268115684,-3.4793819255952565,-2.956477847185684,0.01639344262295082,1.0,-1.1171530576225364,0.16393442622950818,0.8524590163934426,-1.8606014492218972,-5.06283785957989,62.666666666666664,62.49722222222222,438.18445505312263,478.2647264874604
2,46,base,trust,seasonal60,http,950.1552635573794,977.5027733356651,9.976500792667872,958.0569846119416,998.3273919877264,-2.7976912725233607,-2.741192563066249,0.01639344262295082,1.0,1.4701650215956545,0.9180327868852459,0.09836065573770492,-2.217113193079983,-3.343066374740117,53.333333333333336,53.959722222222226,416.821930224046,437.9055511134428
2,47,signed,thr,ma10,http,1645.91073000946,2867.3413301627797,263.67688667944594,2445.798011956844,3427.1267492891648,-42.59801884430616,-4.632300599173194,0.024390243902439025,1.0,-11.615201247934671,0.0975609756097561,0.926829268292683,-34.46090494677233,-49.747225601990074,6.5,7.08125,1580.91073000946,2796.5288301627797
2,47,signed,mey,ma10,http,1059.6053307768634,1103.1973592170145,18.550381082767558,1062.0556984628051,1147.0838990754569,-3.9514261048530988,-2.3499263031661433,0.024390243902439025,1.0,-1.9290801922875862,0.12195121951219512,0.9024390243902439,-1.8680436377090741,-6.189669601233806,61.5,62.559375,444.6053307768634,477.60360921701454
2,47,signed,trust,ma10,http,980.6506137452194,1008.3704671799887,12.513422139294812,982.5465495814099,1034.1420948104808,-2.748975137311463,-2.2152096465860516,0.024390243902439025,1.0,-1.0445009551267952,0.24390243902439024,0.7804878048780488,-2.8423026866101124,-2.652634760678223,58.125,58.590625,399.4006137452194,422.46421717998874
2,47,dwell5,thr,ma10,http,1673.614034328538,2219.018539360267,264.0486234575444,1786.4383724890686,2989.550809929475,-24.578636697148394,-2.065545723700479,0.024390243902439025,1.0,-3.257199276870098,0.43902439024390244,0.5853658536585366,-22.733100112776654,-26.451104182716207,6.75,6.7,1606.114034328538,2152.018539360267
2,47,dwell5,mey,ma10,http,1095.749992034338,1163.9979150265021,16.450561301375675,1126.7697370745996,1200.628536392267,-5.863234127065448,-4.148668348870073,0.024390243902439025,1.0,1.0626391354238065,0.7560975609756098,0.2682926829268293,-5.612967058707943,-6.11286836776847,67.0,68.171875,425.749992034338,482.27916502650214
2,47,dwell5,trust,ma10,http,1028.3404864431416,1070.6024756007914,14.243250500941453,1033.00953544634,1097.5875345633212,-3.947495930637899,-2.9671590171679147,0.024390243902439025,1.0,0.9466765402165904,0.8048780487804879,0.21951219512195122,-3.2929779817292566,-4.6265137779614465,60.0,61.98125,428.3404864431416,450.7899756007914
2,47,dwell200,thr,ma10,http,1604.7814180162427,2346.7864802160902,266.13939270833765,1956.6076702320292,3632.1222341989856,-31.617919587278532,-2.788031695153868,0.024390243902439025,1.0,1.6803747595462977,0.6829268292682927,0.34146341463414637,-30.867828139522477,-32.21544997902674,5.875,5.6125,1546.0314180162427,2290.6614802160902
2,47,dwell200,mey,ma10,http,912.8793511942192,933.2967496884106,12.677938526801507,897.3620275709472,952.0011100173186,-2.1876641594442408,-1.6104667530157568,0.0975609756097561,0.926829268292683,1.8268011718644113,0.9512195121951219,0.07317073170731707,-2.6034191779930116,-1.8135816313712565,54.375,55.390625,369.1293511942192,379.3904996884106
2,47,dwell200,trust,ma10,http,851.1607376567808,851.2547779299344,13.347419135909345,822.8855093873626,890.2780537914467,-0.011047253488819766,-0.007045577290714395,0.5853658536585366,0.43902439024390244,0.5112695470268966,0.6341463414634146,0.3902439024390244,1.056053641736725,-0.9304808727086847,48.75,47.959375,363.66073765678084,371.66102792993445
2,47,f2,thr,ma10,http,1770.391875385563,2542.9327770313075,284.0989716896827,1913.9479284831718,3148.4280112299903,-30.379918361335168,-2.719266800055792,0.024390243902439025,1.0,-4.610477909825326,0.3902439024390244,0.6341463414634146,-32.8756379224475,-27.715813677464567,6.375,6.953125,1757.641875385563,2529.0265270313075
2,47,f2,mey,ma10,http,475.8168742608693,502.8567242987923,5.73670750977669,490.3938390723433,514.8517487771844,-5.377247381076319,-4.7134789409850075,0.024390243902439025,1.0,-0.9030225116879198,0.24390243902439024,0.7804878048780488,-5.910904337639463,-4.8433517861209765,145.75,146.15625,184.31687426086933,210.5442242987923
2,47,f2,trust,ma10,http,445.2378494113194,457.91155846529654,4.401811321259641,449.83533213378587,471.05795441857583,-2.76771984014848,-2.879203157292612,0.024390243902439025,1.0,1.248921203623602,0.9024390243902439,0.12195121951219512,-3.596830602734697,-1.9422066727058371,135.375,133.49375,174.48784941131942,190.92405846529653
2,47,f50,thr,ma10,http,1949.9764393230798,2729.958114181798,244.70732739643856,2285.4496731373456,3370.40182169354,-28.571195682703294,-3.1874062912513748,0.024390243902439025,1.0,17.459176579524126,0.975609756097561,0.04878048780487805,-31.388237479696333,-25.519883924814955,6.625,6.84375,1618.7264393230798,2387.770614181798
2,47,f50,mey,ma10,http,2347.4411845365057,2452.6066934755822,49.31525882954052,2331.593176898145,2541.3612081121646,-4.28790760535872,-2.132514589502285,0.07317073170731707,0.9512195121951219,3.0231280080238117,0.975609756097561,0.04878048780487805,-3.216074295364831,-5.382250528464757,28.25,28.359375,934.9411845365057,1034.6379434755822
2,47,f50,trust,ma10,http,2291.1629843392475,2366.611793649288,38.93573740037096,2293.0762322397286,2440.8732443412173,-3.1880517756441655,-1.9377778449194472,0.024390243902439025,1.0,-0.4372464898312068,0.4634146341463415,0.5609756097560976,-1.0395114204400495,-5.322782372504808,25.375,25.925,1022.4129843392475,1070.3617936492878
2,47,base,thr,ma10,http,1793.6752399493364,2434.5141274317607,213.38716840744593,2178.7195635352805,3325.677600575154,-26.3230712141508,-3.0031744282711186,0.01639344262295082,1.0,5.378526475903675,0.8852459016393442,0.13114754098360656,-25.606133338441023,-26.962064190693788,6.416666666666667,6.8375,1729.5085732826697,2366.1391274317607
2,47,base,mey,ma10,http,1070.4236759170399,1110.3760413916102,13.012481250349195,1087.8857188941722,1146.153884019497,-3.59809325717249,-3.070311088709404,0.01639344262295082,1.0,2.393211598136534,0.9672131147540983,0.04918032786885246,-4.008668664697108,-3.182890665203279,64.33333333333333,65.15555555555555,427.0903425837066,458.8204858360547
2,47,base,trust,ma10,http,959.1462829658414,1004.6133869279761,11.1881127774105,984.6491622053959,1033.8646875748284,-4.525830986701197,-4.063876085869965,0.01639344262295082,1.0,-0.8319122303915955,0.2459016393442623,0.7704918032786885,-3.700316718232871,-5.353382168867122,55.166666666666664,57.2125,407.4796162991747,432.4883869279761
2,48,signed,thr,naive,timer,2267.7287816064168,2273.1989188866582,197.9350096587859,2006.6775024061935,2833.811172809341,-0.24063610248946407,-0.027636027045803015,0.5853658536585366,0.43902439024390244,-6.873597234075626,0.2682926829268293,0.7560975609756098,7.485095657949713,-8.091594162024819,6.125,6.09375,2206.4787816064168,2212.2614188866582
2,48,signed,mey,naive,timer,1097.836424487099,1090.0470178343423,15.98155407767,1057.4096493818129,1131.7880513160412,0.7145936391103914,0.4873998245039488,0.7317073170731707,0.2926829268292683,0.2597390304836299,0.6097560975609756,0.4146341463414634,0.764687354895143,0.6638502759879067,59.75,61.3625,500.33642448709907,476.42201783434234
2,48,signed,trust,naive,timer,947.8316565133246,956.2667637036818,14.836531818814501,921.5990166474273,995.5380516176191,-0.882087249136167,-0.5685363192266086,0.24390243902439024,0.7804878048780488,0.24070102112666517,0.6341463414634146,0.3902439024390244,-1.1357490302477447,-0.6454961238483936,52.5,53.1625,422.83165651332456,424.6417637036818
2,48,dwell5,thr,naive,timer,2593.902871368627,2347.4004900390346,223.3769916382071,1982.0314111353514,2967.107270727689,10.501079060671637,1.1035262831762032,0.8536585365853658,0.17073170731707318,-12.154848318552325,0.0975609756097561,0.926829268292683,8.655624672527042,12.474842884186266,6.0,6.0,2533.902871368627,2287.4004900390346
2,48,dwell5,mey,naive,timer,1145.3036363603874,1120.2996331602553,22.2102435461366,1082.4622053240212,1188.0144094843786,2.2319031855431577,1.1257869887015,0.8536585365853658,0.17073170731707318,-1.9582735887177833,0.17073170731707318,0.8536585365853658,3.328258240945325,1.1383208183141176,59.0,59.43125,555.3036363603874,525.9871331602553
2,48,dwell5,trust,naive,timer,1006.3395074801324,1009.7564548975167,10.922736367456015,986.0096360313836,1036.034532506262,-0.3383932235155785,-0.3128288830228508,0.4146341463414634,0.6097560975609756,0.08490428881713885,0.5853658536585366,0.43902439024390244,-0.07031306959901709,-0.5973460680128184,55.75,55.884375,448.8395074801324,450.91270489751673
2,48,dwell200,thr,naive,timer,2122.2373057815703,2057.064039487006,170.24273121413606,1711.2921121215531,2337.854219803974,3.168266278711343,0.3828255446195083,0.6341463414634146,0.3902439024390244,1.6747427698170942,0.5609756097560976,0.4634146341463415,16.35368521757043,-11.038653345705715,4.5,4.5,2077.2373057815703,2012.064039487006
2,48,dwell200,mey,naive,timer,874.3783603090124,883.7403335076858,14.449844830777561,848.3623836585646,916.8978393346374,-1.0593579181244925,-0.6478943759128029,0.24390243902439024,0.7804878048780488,1.0161700619611338,0.7317073170731707,0.2926829268292683,-0.8257849760233492,-1.2666012084996385,46.375,47.10625,410.62836030901235,412.6778335076858
2,48,dwell200,trust,naive,timer,816.0920024868279,810.822175502626,11.67991231782122,793.5145721067119,838.1978828820676,0.6499362182509597,0.4511872042190951,0.6829268292682927,0.34146341463414637,1.8869197082728566,0.9024390243902439,0.12195121951219512,2.477467550005777,-1.0222250838959066,43.75,43.075,378.59200248682794,380.072175502626
2,48,f2,thr,naive,timer,2474.2601674294037,2215.4883071588156,241.29299584410668,1810.4546973813121,2756.9906969200138,11.680127556278649,1.0724383414667127,0.8292682926829268,0.1951219512195122,0.3402765393260455,0.6829268292682927,0.34146341463414637,15.390732809868208,7.6772181886605,6.0,6.0,2462.2601674294037,2203.4883071588156
2,48,f2,mey,naive,timer,506.5309758549251,495.6487451920242,5.671751637617943,482.090119988305,504.3510950709358,2.1955529532683276,1.9186719303300244,1.0,0.024390243902439025,0.9348619353414527,0.7560975609756098,0.2682926829268293,1.23202250289485,3.16018067965946,131.875,130.171875,242.7809758549251,235.3049951920242
2,48,f2,trust,naive,timer,443.44092322747065,439.09784357474183,4.200952519043747,431.5133081683232,451.35216046032633,0.9890915467430559,1.0338321209394252,0.8780487804878049,0.14634146341463414,1.6526812487061058,0.9512195121951219,0.07317073170731707,0.5055851120594784,1.4746150585546196,115.375,117.103125,212.69092322747065,204.89159357474182
2,48,f50,thr,naive,timer,2722.1207650585216,2591.655450461532,237.29902139971512,2095.452308951778,3171.0870409216277,5.034053217751452,0.5497928892729359,0.7073170731707317,0.3170731707317073,-7.384411611281121,0.1951219512195122,0.8292682926829268,12.69011678924485,-3.155003873705663,6.0,6.0,2422.1207650585216,2291.655450461532
2,48,f50,mey,naive,timer,2362.397440247204,2370.243081963973,47.153943120643035,2279.3896144259306,2457.671096198481,-0.3310057848694641,-0.1663835768028138,0.43902439024390244,0.5853658536585366,-0.5455151824893322,0.43902439024390244,0.5853658536585366,0.32864269706513727,-0.9852764765775014,26.25,26.3125,1049.897440247204,1054.618081963973
2,48,f50,trust,naive,timer,2256.8039989160216,2272.3707968750523,32.182554849447435,2222.5285948970886,2386.2067929262894,-0.6850465593220122,-0.4837029885244805,0.34146341463414637,0.6829268292682927,0.8325715162510179,0.8048780487804879,0.21951219512195122,-0.6330235119196334,-0.7397311374135087,23.75,23.815625,1069.3039989160216,1081.5895468750523
2,48,base,thr,naive,timer,2390.7919487436316,2289.703881620089,174.43226073231165,1994.608499366769,2699.558467024823,4.414896962659532,0.5795262109150504,0.7213114754098361,0.29508196721311475,-11.745639910057305,0.04918032786885246,0.9672131147540983,7.742152265527841,0.9072859055111442,6.0,6.002777777777778,2330.7919487436316,2229.676103842311
2,48,base,mey,naive,timer,1096.2789280370869,1089.1023931170596,14.395346232546222,1059.5336589781361,1116.5465725022539,0.6589403315410699,0.49853159514857376,0.639344262295082,0.3770491803278688,-1.5782333125400003,0.14754098360655737,0.8688524590163934,-0.34582926865550845,1.6899560244901866,57.916666666666664,58.856944444444444,517.1122613704202,500.53294867261513
2,48,base,trust,naive,timer,980.3724232083099,965.757378469213,8.333890389675807,948.119476835831,983.4545895904467,1.513324678115603,1.753688140319474,0.9672131147540983,0.04918032786885246,0.0041654618872461234,0.5081967213114754,0.5081967213114754,1.7175961814649554,1.311142064483136,52.166666666666664,52.03194444444444,458.70575654164327,445.43793402476854
2,49,signed,thr,seasonal60,queue,2649.0255774706775,2608.7031789835164,291.59252875513084,2145.491723486263,3553.417258612971,1.545687482271277,0.1382833732376676,0.6341463414634146,0.3902439024390244,8.128155187243685,0.8292682926829268,0.1951219512195122,-7.4544009827660025,10.265045623848502,7.625,8.53125,2572.7755774706775,2523.3906789835164
2,49,signed,mey,seasonal60,queue,1183.3071353730297,1130.7173827147758,14.760514083334767,1109.6763186829028,1171.2371245127163,4.6510077108737375,3.5628672796450864,1.0,0.024390243902439025,-0.25102706561299376,0.4634146341463415,0.5609756097560976,4.68141861496264,4.620650299076705,67.375,69.084375,509.5571353730297,439.8736327147758
2,49,signed,trust,seasonal60,queue,1127.6100294304783,1092.7268376847871,11.286934020518759,1071.555396475264,1114.4707523757277,3.1923066719583724,3.090581701131263,1.0,0.024390243902439025,-0.5903142682647203,0.3170731707317073,0.7073170731707317,0.23703943651241477,6.132976071457291,65.125,65.459375,476.36002943047833,438.13308768478714
2,49,dwell5,thr,seasonal60,queue,2132.831727333177,2029.3047008160647,223.15215797213426,1586.2615104708136,2657.8065389877634,5.101600882089303,0.4639302055507786,0.7560975609756098,0.2682926829268293,-9.46747132916223,0.1951219512195122,0.8292682926829268,-7.512960545596131,18.09640355097986,7.125,7.3,2061.581727333177,1956.3047008160647
2,49,dwell5,mey,seasonal60,queue,1210.2480380790869,1141.069668563498,16.441964926204886,1097.300160797592,1171.171315629871,6.062589465083065,4.2074271430499,1.0,0.024390243902439025,-1.0048076458842332,0.21951219512195122,0.8048780487804879,10.40084799345727,1.767293395972416,70.75,69.59375,502.7480380790869,445.132168563498
2,49,dwell5,trust,seasonal60,queue,1095.4990889782416,1053.568897367903,14.186150242084947,1025.0652118671892,1083.8260169463956,3.979824358434599,2.955713205824339,1.0,0.024390243902439025,-1.239032351214189,0.1951219512195122,0.8292682926829268,5.027821533880953,2.920220350049234,62.875,62.86875,466.7490889782416,424.881397367903
2,49,dwell200,thr,seasonal60,queue,2290.328462476722,2466.444588568007,271.06127567652607,1955.5716017652394,3058.6009242336036,-7.140485819449778,-0.6497280943274799,0.2926829268292683,0.7317073170731707,-2.1010970553989208,0.4878048780487805,0.5365853658536586,3.7421630283987093,-18.94874796433158,6.25,6.821875,2227.828462476722,2398.225838568007
2,49,dwell200,mey,seasonal60,queue,924.9340203525977,943.9913013987418,11.370930251235341,919.9129110251004,973.2209042986209,-2.018798374297129,-1.6759649936357426,0.07317073170731707,0.9512195121951219,-0.40866813921626133,0.34146341463414637,0.6829268292682927,-2.522326717739514,-1.5397643141868809,57.5,59.365625,349.9340203525977,350.3350513987418
2,49,dwell200,trust,seasonal60,queue,895.0241154111824,890.4479829690914,14.576010694187564,864.9514333138661,921.3199757671405,0.5139135052934147,0.3139495804511023,0.6341463414634146,0.3902439024390244,2.836917402240325,0.9512195121951219,0.07317073170731707,1.6455567111008857,-0.5891575208633322,51.25,51.94375,382.5241154111824,371.0104829690914
2,49,f2,thr,seasonal60,queue,2376.6291963407143,2352.6206360699116,242.0935333073754,1951.3069341204503,3041.4777948947403,1.020502834273756,0.0991705971770841,0.6097560975609756,0.4146341463414634,-8.607430139412278,0.17073170731707318,0.8536585365853658,4.834470537609361,-2.864189206024752,7.625,7.340625,2361.3791963407143,2337.9393860699115
2,49,f2,mey,seasonal60,queue,501.57126694370237,477.4602840794265,4.33569478987903,469.1799449678225,488.4269650951675,5.0498405141201115,5.561042470184709,1.0,0.024390243902439025,-2.020295007516558,0.024390243902439025,1.0,1.5343233021156502,8.549924457755441,144.875,148.190625,211.82126694370237,181.0790340794265
2,49,f2,trust,seasonal60,queue,462.1828084804722,452.02737748727156,4.228170475751773,443.57797381591433,459.71640819696006,2.2466406901397473,2.401849937565489,1.0,0.024390243902439025,0.43869356899936196,0.6585365853658537,0.36585365853658536,0.02798596413980338,4.356767217488088,132.25,138.221875,197.6828084804722,175.58362748727154
2,49,f50,thr,seasonal60,queue,2530.5097714153753,2845.9075646996866,352.1528299017489,2380.6794360242943,3728.0272069187968,-11.082503072006611,-0.8956275983137996,0.1951219512195122,0.8292682926829268,-0.5471813614770756,0.6585365853658537,0.36585365853658536,-16.0775615860297,-6.281696709699804,7.0,7.50625,2180.5097714153753,2470.5950646996866
2,49,f50,mey,seasonal60,queue,2565.2491054480492,2449.167111149657,70.41787968211226,2333.488071248102,2668.0176556732026,4.739651850212148,1.648473297157222,0.9512195121951219,0.07317073170731707,0.6894275921821241,0.7560975609756098,0.2682926829268293,0.8345990439384793,8.344001380674884,27.625,28.6875,1183.9991054480492,1014.7921111496571
2,49,f50,trust,seasonal60,queue,2363.9581232385813,2284.3594676339317,42.26796132598244,2216.0468505906897,2397.057273395125,3.484506564419802,1.8831912660930654,0.975609756097561,0.04878048780487805,1.8450498891424723,0.8536585365853658,0.17073170731707318,2.474253568547407,4.447512174623854,25.375,25.003125,1095.2081232385813,1034.2032176339317
2,49,base,thr,seasonal60,queue,2164.6572735473706,2412.4474431294516,356.51609845098267,1845.54363927537,3602.1593671267146,-10.271318875268225,-0.6950322037593757,0.22950819672131148,0.7868852459016393,3.87406556259486,0.7540983606557377,0.26229508196721313,-15.491729805507283,-4.658218177117694,6.916666666666667,7.386111111111111,2095.490606880704,2338.5863320183403
2,49,base,mey,seasonal60,queue,1156.3666158035555,1118.0971500510088,12.079486709514999,1092.2727971190302,1145.5085113672988,3.4227317143953724,3.1681367489234353,1.0,0.01639344262295082,1.2041877294255394,0.8360655737704918,0.18032786885245902,4.3465499581573726,2.498653349128958,65.33333333333333,67.0625,503.0332824702223,447.47215005100884
2,49,base,trust,seasonal60,queue,1060.881500036107,1039.1104973544775,10.156588661509312,1015.840896467529,1061.6927433158162,2.0951576119245514,2.1435349414253166,0.9836065573770492,0.03278688524590164,2.195054064127603,1.0,0.01639344262295082,2.4215987207746834,1.7634644832821866,58.5,61.486111111111114,475.8815000361069,424.2493862433664
2,50,signed,thr,ma10,http,2985.4187168406024,2802.5649120501926,593.3660516413254,2197.6943713778983,5245.297769423061,6.524516310191178,0.30816357674088896,0.7804878048780488,0.24390243902439024,10.36150474993015,0.8292682926829268,0.1951219512195122,-5.0936497289599805,18.248276955479614,8.5,8.50625,2900.4187168406024,2717.5024120501926
2,50,signed,mey,ma10,http,1200.0227984440517,1151.206798833433,13.982333802636607,1112.8923514357184,1175.630120950656,4.240419676124749,3.491262638960433,1.0,0.024390243902439025,-1.2106245742323274,0.12195121951219512,0.9024390243902439,1.4895652551301704,6.8427242736971525,73.125,69.64375,468.77279844405166,454.7692988334329
2,50,signed,trust,ma10,http,1134.8057085001078,1105.9503426185784,12.338877497217549,1084.824410447473,1138.391479292215,2.609101400810464,2.338573009419732,0.975609756097561,0.04878048780487805,-0.6599022542694728,0.3902439024390244,0.6341463414634146,0.666578728697855,4.500106959334162,64.875,65.690625,486.0557085001078,449.04409261857836
2,50,dwell5,thr,ma10,http,2654.844074342899,2250.8014982560617,389.25752618518385,1632.1050769221479,3258.815245585961,17.951053275906062,1.0379826950208275,0.8780487804878049,0.14634146341463414,0.010229921668270955,0.5853658536585366,0.43902439024390244,16.807842695224622,19.1002545672811,7.625,7.478125,2578.594074342899,2176.0202482560617
2,50,dwell5,mey,ma10,http,1232.6107894067848,1181.9220649068511,16.392483824138026,1140.9464281878033,1211.4138615865272,4.288668940614835,3.0921930467483034,1.0,0.024390243902439025,-1.2425419997605496,0.24390243902439024,0.7804878048780488,3.887956354634037,4.683505643292898,73.25,73.271875,500.11078940678476,449.2033149068511
2,50,dwell5,trust,ma10,http,1126.253518235444,1076.4135923112517,14.399530104731607,1052.8076723803738,1111.6952575862192,4.630183628318662,3.4612189121237527,1.0,0.024390243902439025,0.07613573590530788,0.5365853658536586,0.4878048780487805,4.828234882998063,4.437362222203801,64.25,62.003125,483.75351823544406,456.3823423112517
2,50,dwell200,thr,ma10,http,2199.8631984244093,2550.388598168378,304.30726362166234,2007.2934622125067,3263.2135444692153,-13.743999639729676,-1.1518798321546742,0.0975609756097561,0.926829268292683,-23.287359663090793,0.024390243902439025,1.0,-3.2368452869680513,-24.303827268495006,6.0,6.45625,2139.8631984244093,2485.826098168378
2,50,dwell200,mey,ma10,http,942.1582230694183,944.5833999313949,14.179263017443752,915.0516400600557,974.3543950943784,-0.2567456576256438,-0.17103687681038143,0.5365853658536586,0.4878048780487805,-0.6953661604519574,0.4634146341463415,0.5609756097560976,0.19520832943209523,-0.6831623679128033,56.875,57.903125,373.40822306941834,365.55214993139487
2,50,dwell200,trust,ma10,http,884.3038639466924,875.4226786112913,13.604908008071563,845.3032047824056,901.3916005624037,1.014502542873304,0.652792751713726,0.7560975609756098,0.2682926829268293,-0.7938828626742463,0.3170731707317073,0.7073170731707317,1.9267053677666117,0.1656608636212316,51.75,51.61875,366.80386394669245,359.2351786112913
2,50,f2,thr,ma10,http,2080.322216447401,2389.6134003926154,341.02565997929645,1866.65966434975,3227.3018227501457,-12.943147368289686,-0.9069440228163225,0.1951219512195122,0.8292682926829268,-0.598181133205582,0.5365853658536586,0.4878048780487805,-21.689484888770185,-1.7228480872844814,7.25,7.515625,2065.822216447401,2374.5821503926154
2,50,f2,mey,ma10,http,498.9096811313162,494.5648433751726,5.82468487098519,478.8368540050835,511.4131436490112,0.8785173095790868,0.7459352484091903,0.8048780487804879,0.21951219512195122,-0.23671594925309636,0.4634146341463415,0.5609756097560976,-0.3883230990748775,2.0956549989931053,147.5,153.75625,203.90968113131618,187.0523433751726
2,50,f2,trust,ma10,http,455.1555572020017,459.9790967489731,4.113466971522414,453.40346135369214,471.44467877501245,-1.0486432059767663,-1.1726214359723393,0.14634146341463414,0.8780487804878049,-0.8972663913115587,0.1951219512195122,0.8292682926829268,-2.246775658620851,0.14912894805436339,133.375,137.134375,188.40555720200172,185.7103467489731
2,50,f50,thr,ma10,http,2550.1785819322304,2591.1195313078433,245.9411858195183,2169.3808600483785,3223.4466078992605,-1.5800486577687285,-0.16646642260909114,0.5121951219512195,0.5121951219512195,5.247308323171362,0.6829268292682927,0.34146341463414637,-4.441896907318523,1.2814039788385925,7.5,7.646875,2175.1785819322304,2208.7757813078433
2,50,f50,mey,ma10,http,2527.8953944060413,2534.066074571223,52.50483200186549,2409.7381161016447,2634.4042135323625,-0.2435090476567705,-0.11752594818249204,0.43902439024390244,0.5853658536585366,-4.424640477286092,0.04878048780487805,0.975609756097561,0.5954098715268025,-1.1000540452075376,29.0,29.240625,1077.8953944060413,1072.034824571223
2,50,f50,trust,ma10,http,2328.745225717319,2283.9525637651936,51.26531173078801,2183.4003206122316,2393.541307537433,1.9611905546007828,0.8737421160598273,0.8292682926829268,0.1951219512195122,0.16116174593404167,0.6341463414634146,0.3902439024390244,2.5559474147389767,1.3626462073273848,25.25,25.759375,1066.245225717319,995.9838137651936
2,51,signed,thr,naive,http,2345.057397644903,2189.43813166201,135.66603870084785,1811.4642831538335,2427.3100505365587,7.107726120799855,1.1470760661483106,0.9024390243902439,0.12195121951219512,-10.628029581566636,0.07317073170731707,0.9512195121951219,4.278335882581877,9.77575044265895,6.0,6.0,2285.057397644903,2129.43813166201
2,51,signed,mey,naive,http,1019.9467930264764,1036.0028911457805,14.524127007433917,1004.8415425635586,1065.4167293497894,-1.5498120957506865,-1.1054776725021818,0.17073170731707318,0.8536585365853658,-0.5616115518082607,0.3170731707317073,0.7073170731707317,-2.0541328537526375,-1.0429282677193734,58.875,59.821875,431.19679302647637,437.7841411457805
2,51,signed,trust,naive,http,936.6858997671806,942.9313076995522,10.175827685968807,921.6538890906486,966.0694115719971,-0.6623396509771697,-0.6137493799136666,0.3170731707317073,0.7073170731707317,1.246271908465531,0.8536585365853658,0.17073170731707318,-0.042376735163897054,-1.3165538962840264,51.625,53.04375,420.43589976718056,412.49380769955224
2,50,base,thr,ma10,http,2313.8835334604078,2575.6899524748455,336.0865500959581,2012.6534623769364,3565.977362961874,-10.16451606540926,-0.7789851124351387,0.21311475409836064,0.8032786885245902,-6.286413622758591,0.32786885245901637,0.6885245901639344,-1.7445286272291765,-18.973123618590698,7.5,7.722222222222222,2238.8835334604078,2498.4677302526234
2,50,base,mey,ma10,http,1124.6670387659262,1113.6612313871517,11.672996634167049,1087.8030466767339,1139.9006546575536,0.9882545130053548,0.9428433609378726,0.8360655737704918,0.18032786885245902,0.46153408913599003,0.7049180327868853,0.3114754098360656,1.6713182610630772,0.285372506019217,65.25,67.59305555555555,472.16703876592624,437.73067583159616
2,50,base,trust,ma10,http,1035.2275203726265,1027.1025285325923,10.902701834087491,1007.24665381731,1055.6155982024698,0.7910594720901227,0.7452273724143583,0.8360655737704918,0.18032786885245902,1.4664535883656162,0.9016393442622951,0.11475409836065574,0.9294455366191926,0.6463708262397335,58.166666666666664,59.205555555555556,453.56085370595986,435.0469729770367
2,51,dwell5,thr,naive,http,2093.8164361643676,2031.620005045396,90.67500399414199,1833.051340660717,2181.263519604392,3.0614204902743003,0.6859269741304859,0.6829268292682927,0.34146341463414637,0.6460033269591682,0.4634146341463415,0.5609756097560976,3.2431144864383237,2.898650861043949,6.0,6.0,2033.8164361643676,1971.620005045396
2,51,dwell5,mey,naive,http,1115.3849088328384,1109.1278298743828,18.616265118088172,1075.393727757445,1152.0612500236398,0.5641440769874365,0.33610817845390695,0.6829268292682927,0.34146341463414637,-0.7478347092565096,0.34146341463414637,0.6829268292682927,1.3564287637155203,-0.22988212475774236,52.125,52.384375,594.1349088328384,585.2840798743828
2,51,dwell5,trust,naive,http,977.8529704635962,988.6756864984123,10.78312528408284,967.5485619742255,1013.0063492645891,-1.0946679667168626,-1.0036715469486155,0.17073170731707318,0.8536585365853658,-0.06097885025507889,0.5365853658536586,0.4878048780487805,-0.8408694824081924,-1.3444498800221545,52.5,51.8875,452.8529704635962,469.80068649841235
2,51,dwell200,thr,naive,http,2199.725270080132,2107.701791497058,85.27832408064494,1929.141345023029,2262.2306499418646,4.3660578054408505,1.0790957675956474,0.8536585365853658,0.17073170731707318,4.173220051028609,0.8536585365853658,0.17073170731707318,5.924782794498148,2.664828398835588,4.875,4.875,2150.975270080132,2058.951791497058
2,51,dwell200,mey,naive,http,969.2120193777774,955.0590757873567,15.27476844279022,928.2466967587278,988.0094487515098,1.481891952992848,0.9265569977986132,0.8292682926829268,0.1951219512195122,-0.6281822231954488,0.34146341463414637,0.6829268292682927,0.44351087771638353,2.536664793474558,48.25,46.2125,486.71201937777744,492.93407578735673
2,51,dwell200,trust,naive,http,846.2020845381438,854.1370116566446,7.19136878230992,837.1043321704234,867.8538823618444,-0.9289993303428675,-1.1033959401470235,0.14634146341463414,0.8780487804878049,0.08638013719287783,0.5121951219512195,0.5121951219512195,-2.7377376337587647,0.8317095396382588,45.875,45.728125,387.4520845381438,396.85576165664463
2,51,f2,thr,naive,http,2112.4557893832266,2145.361288839763,65.65112956092091,1939.9175275059506,2246.501449076979,-1.5337975765532703,-0.5012175674144596,0.24390243902439024,0.7804878048780488,0.24392275329953353,0.5121951219512195,0.5121951219512195,0.09315797437885591,-3.043751974885596,6.0,6.0,2100.4557893832266,2133.361288839763
2,51,f2,mey,naive,http,521.1005843980987,518.7025075957978,6.50716819328989,501.7904392041515,530.3517038350876,0.46232219185060064,0.36852847983455955,0.6341463414634146,0.3902439024390244,0.48726693449765307,0.6341463414634146,0.3902439024390244,-0.8481077140192096,1.7503623277899931,127.875,125.1125,265.3505843980987,268.47750759579776
2,51,f2,trust,naive,http,453.12266509590205,457.7510708269485,3.220880137506039,451.3438935313346,464.87565125246067,-1.0111184934390212,-1.4370003022311317,0.12195121951219512,0.9024390243902439,0.4415626761545563,0.7073170731707317,0.3170731707317073,-0.43832011139181876,-1.5783166256315684,120.0,120.86875,213.12266509590205,216.01357082694847
2,51,f50,thr,naive,http,2238.8742914389513,2206.651155628015,56.76819335762994,2039.3873158399217,2308.1295778536146,1.4602732166682408,0.5676265863867794,0.7073170731707317,0.3170731707317073,-1.5397072328068757,0.2926829268292683,0.7317073170731707,4.677892455601899,-1.9068495570596335,6.0,6.0,1938.8742914389513,1906.6511556280152
2,51,f50,mey,naive,http,2489.7734970456872,2494.22123035655,38.73133370453303,2420.8152987469607,2573.5446889012105,-0.17832152403847434,-0.11483553199569871,0.5121951219512195,0.5121951219512195,2.070774626599662,0.8780487804878049,0.14634146341463414,-0.5853550129872717,0.24425247317701498,24.125,24.878125,1283.5234970456872,1250.3149803565502
2,51,f50,trust,naive,http,2249.3904687784693,2236.025655011789,24.282558341499538,2174.284099748317,2276.135176192858,0.5977039546359796,0.5503873841760613,0.6585365853658537,0.36585365853658536,-1.835462287553902,0.0975609756097561,0.926829268292683,2.7552145104084524,-1.7976420843016312,23.25,22.9375,1086.8904687784693,1089.1506550117888
2,51,base,thr,naive,http,2328.74626676734,2185.419063161338,86.47618861474507,1920.330477696191,2341.227030444833,6.558339589052124,1.6574181390501674,0.9836065573770492,0.03278688524590164,6.99244284933442,0.9836065573770492,0.03278688524590164,6.0512088179540475,6.91933995897619,6.0,6.0,2268.74626676734,2125.419063161338
2,51,base,mey,naive,http,1068.8469579503787,1066.3366655205357,12.447768291352958,1041.0776222222794,1098.5130433911577,0.2354127463691442,0.20166606343298205,0.5573770491803278,0.45901639344262296,0.23481113156988823,0.5573770491803278,0.45901639344262296,-0.5681836532408749,1.0364511048096374,50.75,50.99027777777778,561.3469579503787,556.4338877427579
2,51,base,trust,naive,http,981.1372615432557,965.0172028181971,7.470512314167905,948.9715804190731,987.3780337260868,1.6704426281710023,2.15782506569017,0.9672131147540983,0.04918032786885246,0.029467967641604035,0.639344262295082,0.3770491803278688,0.8413314059109583,2.4367911919619294,52.5,51.26111111111111,456.1372615432557,452.40609170708603
2,52,signed,thr,seasonal60,orchestration,2102.6313149455636,2198.9952402175177,211.7146524859357,1774.0452830693876,2703.5316725723214,-4.382179802372924,-0.45515945231214233,0.3170731707317073,0.7073170731707317,-6.872785167333312,0.2682926829268293,0.7560975609756098,-3.890471955817897,-4.832729248981986,15.25,15.646875,1950.1313149455636,2042.5264902175177
2,52,signed,mey,seasonal60,orchestration,1067.345080184513,1046.5309583370868,17.303289732735024,1026.0363697876992,1138.0734643336582,1.988868239550171,1.2028996895341468,0.975609756097561,0.04878048780487805,-0.06428322164546617,0.5609756097560976,0.4634146341463415,0.841800386205496,3.1355157916680105,65.75,64.1125,409.8450801845131,405.40595833708676
2,52,signed,trust,seasonal60,orchestration,999.7967070465726,993.7195463779487,13.895156380910441,968.6310568662769,1035.8019294992712,0.6115569217466575,0.43735820612805826,0.7804878048780488,0.24390243902439024,-2.4815090321418185,0.04878048780487805,0.975609756097561,1.2989993730837786,-0.07189175090101046,58.0,57.934375,419.7967070465726,414.37579637794875
2,52,dwell200,thr,seasonal60,orchestration,2178.580008293216,1997.7401245902172,170.03216791100303,1677.241239950278,2351.9393082006222,9.05222263281583,1.0635627712378088,0.8048780487804879,0.21951219512195122,-1.984868232706128,0.43902439024390244,0.5853658536585366,8.431781696987008,9.576173564983087,9.625,10.9,2082.330008293216,1888.7401245902172
2,52,dwell200,mey,seasonal60,orchestration,821.2363650725133,833.9766571574831,12.752644791483418,820.5694147769909,899.2135881154686,-1.5276557174146468,-0.9990313612026716,0.04878048780487805,0.975609756097561,0.8718043161426453,0.8292682926829268,0.1951219512195122,-2.0431728406072627,-1.0487370640603662,47.625,48.559375,344.9863650725133,348.38290715748315
2,52,dwell200,trust,seasonal60,orchestration,789.1329105273766,807.0806326311282,10.534810865037054,790.8212733341774,848.8280172375653,-2.2237830246577777,-1.7036586924703658,0.024390243902439025,1.0,-0.681452672090249,0.3170731707317073,0.7073170731707317,-2.9948649569392183,-1.5046838124153776,45.875,47.40625,330.38291052737657,333.0181326311282
2,52,dwell5,thr,seasonal60,orchestration,1663.1996317173162,1702.7370416341462,131.95214699097883,1573.3337347104152,2069.5249738695597,-2.3219915318741933,-0.2996344570242808,0.5365853658536586,0.4878048780487805,-6.093224460707166,0.2682926829268293,0.7560975609756098,0.19747245590297546,-4.899098794493964,11.625,12.41875,1546.9496317173162,1578.5495416341462
2,52,dwell5,mey,seasonal60,orchestration,1019.9906886692474,1033.6412227131946,8.779860175575505,1018.4097359435982,1049.8491045528472,-1.3206259332533166,-1.5547552889192051,0.07317073170731707,0.9512195121951219,0.029626863188566267,0.5365853658536586,0.4878048780487805,-1.23520693438783,-1.4077004219070808,60.875,62.4625,411.24068866924745,409.01622271319457
2,52,dwell5,trust,seasonal60,orchestration,1035.1450932795026,1034.6264234669834,7.180080173113167,1020.4877128302579,1047.2884438343492,0.050131119866546114,0.07223732883393495,0.6341463414634146,0.3902439024390244,-0.25937946020353075,0.36585365853658536,0.6585365853658537,0.6961329971195093,-0.597952719520631,60.625,60.803125,428.8950932795026,426.5951734669834
2,52,f50,thr,seasonal60,orchestration,2393.3454010033975,2441.2161999745135,160.5904707734314,2213.8860237531308,2909.771211714775,-1.9609405742767005,-0.2980924007543041,0.4878048780487805,0.5365853658536586,0.4345043844487634,0.5609756097560976,0.4634146341463415,-1.5426661225638592,-2.433479006392278,10.875,12.409375,1849.5954010033975,1820.7474499745135
2,52,f50,mey,seasonal60,orchestration,2155.5126534768187,2192.962453331515,22.788214363236786,2143.4672889520225,2236.255275201303,-1.7077264500266798,-1.6433845696621305,0.0975609756097561,0.926829268292683,0.5432763871606628,0.7073170731707317,0.3170731707317073,0.23360394993173839,-3.7173893901374306,25.0,25.921875,905.5126534768187,896.868703331515
2,52,f50,trust,seasonal60,orchestration,2187.3962659324525,2211.494269697074,32.980066804583124,2154.40249839869,2284.5557088836595,-1.0896706401107814,-0.730683897865014,0.2682926829268293,0.7560975609756098,0.7053667185748977,0.7317073170731707,0.2926829268292683,-0.8792335840169104,-1.2855807839095692,24.25,24.7125,974.8962659324525,975.8692696970738
2,52,f2,thr,seasonal60,orchestration,1768.2301441681943,1845.7457726351756,157.3738227818948,1602.8036233694618,2380.911471285095,-4.199691507694045,-0.4925573205043803,0.3902439024390244,0.6341463414634146,-9.401084851555845,0.0975609756097561,0.926829268292683,-2.251642132495249,-6.470889634752923,11.25,12.30625,1745.7301441681943,1821.1332726351757
2,52,f2,mey,seasonal60,orchestration,413.03222487758944,424.20713409174186,20.28833193354727,413.59012154523907,516.178622141173,-2.6343048751593274,-0.5508047310520598,0.024390243902439025,1.0,-2.0586002613177747,0.0975609756097561,0.926829268292683,-2.4898272537305908,-2.778376762059127,125.5,128.4,162.03222487758944,167.40713409174185
2,52,f2,trust,seasonal60,orchestration,416.567390514771,423.29838029009323,11.388898465499768,414.76671182553963,470.1652392516271,-1.5901288756903347,-0.5910132394025946,0.04878048780487805,0.975609756097561,-0.9727607032277651,0.36585365853658536,0.6585365853658537,-1.0950094788006277,-2.060248188689279,125.5,127.646875,165.56739051477098,168.00463029009325
2,52,base,thr,seasonal60,orchestration,1813.8776328923868,1986.3651549491783,147.8208748667317,1639.7944757229795,2362.4105946105587,-8.683575707468783,-1.1668684968364451,0.11475409836065574,0.9016393442622951,-11.609395056990408,0.03278688524590164,0.9836065573770492,-5.662099693881883,-11.79082984730503,10.666666666666666,12.252777777777778,1707.21096622572,1863.8373771714005
2,52,base,mey,seasonal60,orchestration,970.3925317768241,1002.726437639218,16.99350454883806,985.4387352593727,1105.5763350846762,-3.224598918376953,-1.9027214645142059,0.01639344262295082,1.0,-0.2621343316497948,0.5573770491803278,0.45901639344262296,-2.8563384334359907,-3.6138910655286023,56.916666666666664,59.6125,401.22586511015743,406.60143763921803
2,52,base,trust,seasonal60,orchestration,958.4293317889678,983.5722695174275,12.019222854506818,964.0561236220788,1030.3222662609635,-2.556287779523875,-2.091893796530434,0.01639344262295082,1.0,-0.7393850013312164,0.2459016393442623,0.7704918032786885,-1.3194092323576356,-3.8151286710157017,55.833333333333336,57.82083333333333,400.09599845563446,405.3639361840941
2,54,signed,thr,naive,storage,3388.6071757348723,2471.7164810471936,532.2951738501395,1936.3368088551254,4100.302258924232,37.095302059045984,1.7225230280705437,0.926829268292683,0.0975609756097561,-9.248854528310408,0.4634146341463415,0.5609756097560976,45.70786666886419,28.424402097229557,9.125,8.596875,3297.3571757348723,2385.7477310471936
2,54,signed,mey,naive,storage,1131.9749911259773,1106.1712698182778,15.671563882912656,1076.4192586029212,1135.8691486218768,2.332705794459714,1.6465313545277003,0.975609756097561,0.04878048780487805,0.5404625887331812,0.6341463414634146,0.3902439024390244,3.6379291382976504,0.9711966151359085,66.0,66.725,471.97499112597734,438.9212698182778
2,54,signed,trust,naive,storage,1102.0608727005654,1104.1236410233591,12.23566680458288,1078.875114545409,1124.9989324046737,-0.1868240336636476,-0.16858650662350175,0.4146341463414634,0.6097560975609756,-1.1707671739708576,0.17073170731707318,0.8536585365853658,-1.137325488974952,0.8026743532732273,66.625,67.3,435.81087270056537,431.12364102335914
2,54,dwell5,thr,naive,storage,2541.5276391306807,2289.0712399360964,290.6586545820963,1817.9776644072886,3163.9889888717844,11.028769869199529,0.8685665993932349,0.8536585365853658,0.17073170731707318,9.560297015285432,0.8292682926829268,0.1951219512195122,24.596155272320846,-1.5564462612133725,8.125,7.875,2460.2776391306807,2210.3212399360964
2,54,dwell5,mey,naive,storage,1144.901066451391,1156.1199098322984,13.670677176977904,1122.3235584656009,1179.7411550995794,-0.9703875251603232,-0.8206501576820561,0.21951219512195122,0.8048780487804879,-0.019981360590377868,0.4634146341463415,0.5609756097560976,-2.049892036668325,0.09906831750716799,67.75,68.98125,467.401066451391,466.3074098322984
2,54,dwell5,trust,naive,storage,1110.7638089665038,1098.8324585157047,11.581121220006198,1078.6723823073685,1122.8869190099933,1.0858207143713117,1.0302413923608589,0.8048780487804879,0.21951219512195122,1.0782671321852548,0.8048780487804879,0.21951219512195122,0.5772073615309551,1.6008331229702322,65.875,65.696875,452.0138089665038,441.86370851570473
2,54,dwell200,thr,naive,storage,3431.848705246295,2455.4728524349475,447.74185856928807,1865.9032568275281,3945.6436015975823,39.763251784402065,2.1806669046562988,0.9512195121951219,0.07317073170731707,-6.249744847995663,0.4878048780487805,0.5365853658536586,17.261635991737666,63.19334320969154,7.625,7.109375,3355.598705246295,2384.3791024349475
2,54,dwell200,mey,naive,storage,1014.176424787609,1017.3444624354715,11.832700505228477,988.6125821231179,1046.7762011112525,-0.311402653166109,-0.26773580945978454,0.4146341463414634,0.6097560975609756,0.15290378051447123,0.6097560975609756,0.4146341463414634,0.4588325721280712,-1.1235352340497033,61.25,61.7375,401.676424787609,399.96946243547154
2,54,dwell200,trust,naive,storage,969.1508452761744,961.8678823688393,12.995658710467403,933.67850465071,987.606457348778,0.7571687381222246,0.560415063952781,0.7073170731707317,0.3170731707317073,-2.321444697961564,0.07317073170731707,0.9512195121951219,2.6668777029689723,-1.3634088810544256,56.5,56.921875,404.15084527617444,392.64913236883933
2,54,f2,thr,naive,storage,3094.345923667796,2330.473470952472,354.9091372758541,1765.166000597614,3413.82201890344,32.77756482690734,2.1523042730838515,0.9512195121951219,0.07317073170731707,-8.0995892550567,0.3170731707317073,0.7073170731707317,22.2341788321442,44.69605821061183,8.75,7.70625,3076.845923667796,2315.060970952472
2,54,f2,mey,naive,storage,479.14001792887353,472.9840247560775,4.088424134461228,466.68334788165,483.79488221434985,1.3015224300589783,1.5057129520656485,0.9024390243902439,0.12195121951219512,-0.42339131056080037,0.3902439024390244,0.6341463414634146,1.3310419974411416,1.2720047087357564,142.625,144.415625,193.89001792887353,184.15277475607746
2,54,f2,trust,naive,storage,460.85173902339693,457.8110182990173,3.779654338441907,448.40703106413383,465.75534165410215,0.6641868812326412,0.804497039174519,0.7804878048780488,0.24390243902439024,0.26392377189756583,0.6585365853658537,0.36585365853658536,0.2189126496285683,1.1053345957997307,142.25,141.325,176.35173902339693,175.16101829901731
2,54,f50,thr,naive,storage,2651.0826648583293,2708.1635454200505,311.99016819190183,2262.876196883252,3597.8650455990264,-2.107733879597277,-0.1829573056501298,0.5365853658536586,0.4878048780487805,-3.999692116738788,0.43902439024390244,0.5853658536585366,3.0211656362785315,-7.011385533358128,8.0,7.75,2251.0826648583293,2320.6635454200505
2,54,f50,mey,naive,storage,2525.5623998198953,2487.017831126963,42.850188422372206,2417.2071792614506,2619.4284071940683,1.5498308138573509,0.8995192346180726,0.8780487804878049,0.14634146341463414,-2.170756064831204,0.04878048780487805,0.975609756097561,4.7924397773788145,-1.723934358795134,27.625,28.390625,1144.3123998198953,1067.4865811269628
2,54,f50,trust,naive,storage,2411.9410017917185,2385.373639987417,49.011279114325816,2294.440707366467,2537.8981250909437,1.1137610208705782,0.5420662811580443,0.7804878048780488,0.24390243902439024,-2.095958881841486,0.14634146341463414,0.8780487804878049,6.86480964370289,-4.5286469839929255,26.75,28.0125,1074.4410017917185,984.7486399874169
2,55,signed,thr,seasonal60,http,1934.9933514925508,2451.7316130840245,386.27318975233914,1974.1011346789942,3578.8093194136754,-21.07646117681986,-1.3377533706721474,0.024390243902439025,1.0,2.4199123459929246,0.6829268292682927,0.34146341463414637,-15.413222598892713,-26.660934428752924,6.5,6.996875,1869.9933514925508,2381.7628630840245
2,55,signed,mey,seasonal60,http,1096.3326235821378,1118.7864448799014,14.823989778268963,1091.8073496597117,1165.3379638824813,-2.00698009888509,-1.5146948718677284,0.0975609756097561,0.926829268292683,0.16537176348381238,0.6341463414634146,0.3902439024390244,-0.27721016124120346,-3.791428700227737,65.5,67.03125,441.3326235821378,448.4739448799014
2,55,signed,trust,seasonal60,http,936.6945987877764,958.8802845220558,11.661394559422773,935.9186113512153,980.3752468209099,-2.3137075704228995,-1.9024899313052328,0.07317073170731707,0.9512195121951219,1.2640338135972187,0.8292682926829268,0.1951219512195122,-3.9188276376314755,-0.7007813837524156,53.25,55.171875,404.1945987877764,407.16153452205583
2,54,base,thr,naive,storage,3083.5411953235894,2392.8836853460066,317.77399285770133,1983.113905598407,3289.784410601438,28.8629787652096,2.173423645423551,0.9180327868852459,0.09836065573770492,-6.553748736646866,0.3770491803278688,0.639344262295082,21.563571871686523,36.599410175060406,8.166666666666666,7.816666666666666,3001.874528656923,2314.71701867934
2,54,base,mey,naive,storage,1091.7320638728297,1096.1192530499322,11.554696637050483,1078.5847255732094,1129.0707370379407,-0.40024743337873614,-0.3796888239397712,0.39344262295081966,0.6229508196721312,0.178446634697285,0.5737704918032787,0.4426229508196721,-0.00867652957717925,-0.7851620302305566,63.5,63.80555555555556,456.7320638728297,458.0636974943767
2,54,base,trust,naive,storage,1048.9360448463906,1052.569118745461,10.145520542070882,1031.3927437669847,1076.2995555505988,-0.3451625013852481,-0.3580963523759147,0.39344262295081966,0.6229508196721312,0.1790452735869241,0.6229508196721312,0.39344262295081966,-1.1122410634954103,0.4186168553037454,61.583333333333336,62.040277777777774,433.1027115130572,432.16634096768337
2,55,dwell5,thr,seasonal60,http,1581.147944257469,2069.615440775443,260.98619725292167,1666.3045028389229,2659.9455603466213,-23.601848289987398,-1.8716219541855705,0.024390243902439025,1.0,8.674970063573031,0.7804878048780488,0.24390243902439024,-26.31022856923695,-20.98257385899252,6.25,6.525,1518.647944257469,2004.365440775443
2,55,dwell5,mey,seasonal60,http,1107.5580767838785,1145.6636272580424,18.146664805136304,1107.5543411889676,1182.123923765735,-3.326067928451503,-2.0998652305176417,0.04878048780487805,0.975609756097561,-0.5858994897948702,0.4146341463414634,0.6097560975609756,-3.005878555987611,-3.6442977061631687,67.625,65.86875,431.3080767838785,486.9761272580424
2,55,dwell5,trust,seasonal60,http,1013.0951657843357,1011.4649212531542,14.66333621592678,983.9248510100375,1045.9378289802828,0.16117657636229932,0.1111782821572862,0.5121951219512195,0.5121951219512195,-0.9360866959528493,0.36585365853658536,0.6585365853658537,-0.21571041266032723,0.5427667937829362,57.0,56.875,443.0951657843357,442.7149212531542
2,55,dwell200,thr,seasonal60,http,1705.683487436094,2010.1068046217529,244.25483497785703,1539.9741892487523,2717.113256286209,-15.144633931177747,-1.2463348666701166,0.14634146341463414,0.8780487804878049,0.3875845132380568,0.5609756097560976,0.4634146341463415,-15.776257094188164,-14.428674768571284,5.75,5.678125,1648.183487436094,1953.3255546217529
2,55,dwell200,mey,seasonal60,http,894.1674414238637,912.1381000641028,14.235068812558733,886.4607487803524,939.9777858396287,-1.9701686223803347,-1.2624216206376662,0.17073170731707318,0.8536585365853658,1.025263113519956,0.7560975609756098,0.2682926829268293,-5.505642268472505,1.6252693020728648,50.875,53.065625,385.4174414238637,381.4818500641028
2,55,dwell200,trust,seasonal60,http,808.2495937418328,802.9629699078339,10.303918448621461,779.3895556816365,823.1611753592897,0.6583894939271839,0.513069261986071,0.6829268292682927,0.34146341463414637,-0.3069099859009227,0.4634146341463415,0.5609756097560976,0.3159292529415733,0.9979568618284639,44.75,46.04375,360.74959374183277,342.5254699078339
2,55,f2,thr,seasonal60,http,1961.1797100687572,2283.1440381858274,309.5592762922486,1771.991216242683,3572.6707373803583,-14.10179658979821,-1.0400732679485598,0.04878048780487805,0.975609756097561,-17.760137767474454,0.04878048780487805,0.975609756097561,-6.817731169584451,-21.504222695065536,6.625,6.6625,1947.9297100687572,2269.8190381858276
2,55,f2,mey,seasonal60,http,489.76781302151744,502.8180837183989,5.561978276778594,491.94840194346847,519.8987356210398,-2.5954258845213296,-2.3463361501008877,0.024390243902439025,1.0,-0.11481012981501142,0.4878048780487805,0.5365853658536586,-3.2246064590402916,-1.9703108941866068,140.75,142.921875,208.26781302151744,216.9743337183989
2,55,f2,trust,seasonal60,http,425.1585960049075,440.08792566579416,3.8349299434085213,433.27999760607975,446.2046273019713,-3.3923515711776395,-3.892986281678284,0.024390243902439025,1.0,-1.878555389549273,0.024390243902439025,1.0,-3.765340218652779,-3.0232084457552,120.5,121.196875,184.1585960049075,197.69417566579415
2,55,f50,thr,seasonal60,http,2385.4650617237985,2668.4129984355445,266.4262565952952,2132.1364262914753,3207.289504490794,-10.603603598005057,-1.0620122067831606,0.14634146341463414,0.8780487804878049,-4.54626355834236,0.3902439024390244,0.6341463414634146,-11.28650078283943,-9.987652302690654,6.625,6.7375,2054.2150617237985,2331.5379984355445
2,55,f50,mey,seasonal60,http,2413.7843398974182,2468.495959142032,53.35441742548059,2370.98491188793,2598.2835374760593,-2.216394928336432,-1.0254374779938091,0.17073170731707318,0.8536585365853658,-3.243386245654366,0.0975609756097561,0.926829268292683,-4.365249976367616,-0.06100263482579765,25.125,26.971875,1157.5343398974182,1119.902209142032
2,55,f50,trust,seasonal60,http,2074.8561574739306,2159.419582951049,33.726512799411786,2088.2908233974194,2245.934796019973,-3.9160256832326503,-2.507327869325207,0.024390243902439025,1.0,-0.8436833620039187,0.3170731707317073,0.7073170731707317,-4.661552507628872,-3.1506769288185605,22.25,22.740625,962.3561574739306,1022.388332951049
2,55,base,thr,seasonal60,http,2076.0036814021146,2416.543282577489,305.9755489714087,2000.9143320449114,3526.9560841861844,-14.092013316316624,-1.1129634453477055,0.06557377049180328,0.9508196721311475,-2.0547108628155,0.5573770491803278,0.45901639344262296,-20.028973448255194,-8.105437191515316,6.583333333333333,6.736111111111111,2010.1703480687813,2349.182171466378
2,55,base,mey,seasonal60,http,1055.475661927976,1087.4862282516638,13.993526732852615,1059.2232577836526,1116.590649369897,-2.9435376276121366,-2.2875267210900088,0.01639344262295082,1.0,0.7531368242192803,0.7540983606557377,0.26229508196721313,-4.368078803438903,-1.5199969240485325,61.5,61.075,440.47566192797603,476.73622825166376
2,55,base,trust,seasonal60,http,960.3366167556266,964.9089666494397,11.073715790398758,939.8624761502006,989.4958714849696,-0.4738633437815578,-0.41290114179898635,0.3770491803278688,0.639344262295082,0.2396341022868424,0.6229508196721312,0.39344262295081966,0.48586638399857673,-1.4317955607153656,52.916666666666664,52.05833333333333,431.1699500889599,444.3256333161064
2,57,signed,thr,naive,http,2297.549875601153,2284.9612211585504,186.49574108174374,1941.242927359922,2653.4860531180616,0.550935146121197,0.06750102908293631,0.5609756097560976,0.4634146341463415,3.113511805500439,0.6585365853658537,0.36585365853658536,4.233324104733618,-3.2235046144389217,6.375,6.521875,2233.799875601153,2219.7424711585504
2,57,signed,mey,naive,http,1123.100673724998,1111.2097771836973,15.660094340059043,1075.6901338247521,1141.9983691991897,1.0700856656820923,0.7593119353619315,0.8048780487804879,0.21951219512195122,3.054575528701185,1.0,0.024390243902439025,-0.23413721170913931,2.358778885413189,63.375,62.984375,489.35067372499793,481.36602718369727
2,57,signed,trust,naive,http,975.9519829055315,970.3995629427224,12.273063383540059,940.0342695064546,996.1021286564085,0.5721787369701118,0.4524070143934681,0.6829268292682927,0.34146341463414637,2.3993548899258204,0.975609756097561,0.04878048780487805,0.8354101526373061,0.3028764507046375,56.625,55.3,409.7019829055315,417.39956294272235
2,57,dwell5,thr,naive,http,2569.870350434947,2467.2898213614644,209.08589034824243,2038.7032856545652,2887.881384338795,4.157619756923325,0.49061430641077575,0.7317073170731707,0.2926829268292683,-9.216659105315458,0.17073170731707318,0.8536585365853658,4.388774975007912,3.9394766252133953,6.0,6.096875,2509.870350434947,2406.3210713614644
2,57,dwell5,mey,naive,http,1152.2206572239882,1159.0919820983104,17.377590324080824,1128.6735921886625,1202.3812766694796,-0.5928196364436091,-0.3954129857003451,0.3902439024390244,0.6341463414634146,-2.836735525588379,0.024390243902439025,1.0,-2.1262664425820574,0.8937617218529567,60.625,60.890625,545.9706572239882,550.1857320983104
2,57,dwell5,trust,naive,http,1015.7412687713032,1018.8531964618918,10.075256694599398,993.841917390326,1041.776634393776,-0.3054343551549105,-0.3088683281148209,0.36585365853658536,0.6585365853658537,-0.47113051613844076,0.2926829268292683,0.7317073170731707,-1.5885228560559277,1.064299815511387,53.625,54.5875,479.4912687713032,472.9781964618918
2,57,dwell200,thr,naive,http,2254.2434148840525,2338.507887412497,172.6266645446091,2045.0753511155976,2673.7745940042055,-3.603343524390721,-0.4881312672682114,0.43902439024390244,0.5853658536585366,0.7018653026676375,0.5853658536585366,0.43902439024390244,5.453755741394691,-15.34895768213111,4.875,5.178125,2205.4934148840525,2286.726637412497
2,57,dwell200,mey,naive,http,912.8303243735961,921.2925236421099,14.528574517471101,884.6448789526482,948.0476198575477,-0.9185138326164344,-0.5824521365353313,0.24390243902439024,0.7804878048780488,-2.4658770118957096,0.0975609756097561,0.926829268292683,-1.4164294959044725,-0.3895481117352089,46.125,48.13125,451.5803243735961,439.9800236421099
2,57,dwell200,trust,naive,http,830.6140394319888,827.874217493944,10.569549949977576,809.4607507190299,855.0225802631514,0.33094664384385325,0.2592184105294457,0.6829268292682927,0.34146341463414637,-0.19718127920100537,0.5121951219512195,0.5121951219512195,-1.0123591420626517,1.689279818580026,46.375,45.475,366.8640394319888,373.124217493944
2,57,f2,thr,naive,http,2026.0248069840743,2086.350585258572,196.5241099018135,1656.7401340593913,2572.0752930907483,-2.891449725695139,-0.30696375271531623,0.36585365853658536,0.6585365853658537,-6.181225721934079,0.24390243902439024,0.7804878048780488,1.3354437819392995,-6.766006571431805,6.125,6.125,2013.7748069840743,2074.100585258572
2,57,f2,mey,naive,http,496.43378535460283,499.978072047352,5.508797740033532,492.08694567927523,513.1574845104063,-0.7088884274935723,-0.6433866081145284,0.2926829268292683,0.7317073170731707,0.9320093828219963,0.7560975609756098,0.2682926829268293,0.2393653798336954,-1.6292540730524776,132.5,133.275,231.43378535460283,233.42807204735198
2,57,f2,trust,naive,http,447.54175329658875,448.33142227051655,3.794316060379884,440.0316999728034,457.97850802606945,-0.17613509441935313,-0.2081189235060039,0.43902439024390244,0.5853658536585366,0.5350300422650452,0.7804878048780488,0.24390243902439024,0.38923515465827196,-0.7240707493787026,122.125,122.478125,203.29175329658875,203.37517227051654
2,57,f50,thr,naive,http,2404.043100600912,2481.9046970987015,212.67595346389567,2171.907067499901,3141.0750448708795,-3.13717108432117,-0.36610437254255607,0.3902439024390244,0.6341463414634146,-5.459072273900637,0.34146341463414637,0.6829268292682927,-5.290636972983729,-1.184389887594317,6.25,6.1625,2091.543100600912,2173.7796970987015
2,57,f50,mey,naive,http,2350.185490316593,2454.6873248882143,42.159714978230696,2389.216356911712,2572.9023131029,-4.257236085104248,-2.478713023216145,0.024390243902439025,1.0,0.008220241252216083,0.5609756097560976,0.4634146341463415,-4.232352482972505,-4.282953157471667,24.875,25.36875,1106.4354903165931,1186.2498248882143
2,57,f50,trust,naive,http,2219.4275660071694,2223.5515641723478,36.33771770300094,2128.032245303002,2308.469897130371,-0.18546896917649858,-0.11349084163416748,0.43902439024390244,0.5853658536585366,0.3244163918937069,0.5853658536585366,0.43902439024390244,-0.7757265218012871,0.41506748177146163,24.625,24.75625,988.1775660071694,985.7390641723478
2,58,signed,thr,seasonal60,http,1886.3359164586036,2093.413076394461,198.61090917463412,1730.9166387415466,2560.12430936708,-9.891844197921587,-1.042627319901038,0.14634146341463414,0.8780487804878049,18.085437385627895,0.926829268292683,0.0975609756097561,-4.0938674386345335,-15.750209409462764,6.0,6.1375,1826.3359164586036,2032.0380763944609
2,58,signed,mey,seasonal60,http,1025.1027046207741,1068.878233156304,16.034063263317893,1028.984632802521,1106.4474568789735,-4.095464495171224,-2.7301581524676832,0.024390243902439025,1.0,0.2964646894145434,0.5609756097560976,0.4634146341463415,-3.8902355739789756,-4.292500961703685,58.5,61.371875,440.10270462077415,455.1594831563041
2,58,signed,trust,seasonal60,http,949.4021774950845,949.7011971022164,13.58152363087877,925.2515729394745,979.3499369675392,-0.031485651281082286,-0.022016646678140062,0.43902439024390244,0.5853658536585366,-0.12607660694535325,0.43902439024390244,0.5853658536585366,1.1982922353662935,-1.3126211119750089,53.125,52.571875,418.1521774950845,423.9824471022164
2,57,base,thr,naive,http,2428.5225105807153,2265.3130778663603,238.9340984104755,1957.84171296766,3217.7031331479507,7.204718601990225,0.6830730054860995,0.819672131147541,0.19672131147540983,-13.956170712969548,0.01639344262295082,1.0,2.680220286411565,11.411182698034791,6.0,6.069444444444445,2368.5225105807153,2204.618633421916
2,57,base,mey,naive,http,1111.8552798239796,1108.3220727367163,11.792822105006044,1079.7849636208584,1134.4737768920768,0.3187888407328106,0.2996065789683533,0.5737704918032787,0.4426229508196721,-2.8627843180942154,0.01639344262295082,1.0,-0.9098973424167639,1.544621298775511,59.5,60.015277777777776,516.8552798239796,508.1692949589386
2,57,base,trust,naive,http,965.2570563453005,982.5159859199592,10.789576914002419,960.1822790400124,1004.8422503006782,-1.7566054722762279,-1.5995928025927104,0.08196721311475409,0.9344262295081968,0.4413403675348248,0.6721311475409836,0.3442622950819672,-2.5206963437663963,-0.987960896461318,50.75,52.90833333333333,457.7570563453005,453.432652586626
2,58,dwell5,thr,seasonal60,http,1922.4608807748045,2157.474413969715,215.90758122757032,1780.561629375163,2718.5527090953656,-10.892992828707047,-1.0884913436513475,0.1951219512195122,0.8292682926829268,-15.745475422198062,0.07317073170731707,0.9512195121951219,-13.578375745847238,-8.165230711951882,6.0,6.0,1862.4608807748045,2097.474413969715
2,58,dwell5,mey,seasonal60,http,1095.3259922188327,1111.5033077436012,17.205794473751006,1083.2193453968341,1144.0018367679959,-1.4554446587846157,-0.9402248497997887,0.24390243902439024,0.7804878048780488,-1.0124622263766323,0.3170731707317073,0.7073170731707317,-2.6656258573629352,-0.2594626851952859,61.125,61.14375,484.07599221883265,500.0658077436012
2,58,dwell5,trust,seasonal60,http,984.6565846253618,988.384159795901,13.335959615124928,962.1073083747096,1014.2654347058755,-0.3771382952261168,-0.2795130817816533,0.4146341463414634,0.6097560975609756,0.31870290413013463,0.5853658536585366,0.43902439024390244,0.420149165401816,-1.1573651234022804,55.375,54.378125,430.9065846253618,444.60290979590104
2,58,dwell200,thr,seasonal60,http,1800.3810937313003,1906.871824271373,275.4214437619017,1503.5361488441213,2739.0816710363874,-5.584577273869127,-0.38664647561768134,0.4878048780487805,0.5365853658536586,-13.963265008557965,0.17073170731707318,0.8536585365853658,-4.5980394457695315,-6.455307290522554,4.625,4.625,1754.1310937313003,1860.621824271373
2,58,dwell200,mey,seasonal60,http,903.8369167832691,862.3664296647094,15.152272038434479,831.4376010401514,896.9575764151872,4.808917148442754,2.736915428482792,1.0,0.024390243902439025,0.6916067266980731,0.6341463414634146,0.3902439024390244,9.834948436426567,-0.1234187599581181,46.125,46.321875,442.5869167832691,399.14767966470936
2,58,dwell200,trust,seasonal60,http,775.9107009461443,774.789570199556,9.98382941687918,751.9761713690668,791.246980185136,0.1447013214568077,0.11229466167489165,0.5853658536585366,0.43902439024390244,-1.534287233000775,0.14634146341463414,0.8780487804878049,2.977837256649866,-2.564340402631649,39.875,40.475,377.1607009461443,370.039570199556
2,58,f2,thr,seasonal60,http,2079.1862301375454,2267.88412647009,198.15355585475245,1855.0430213241314,2871.9750354732223,-8.320438162166978,-0.9522811514463111,0.1951219512195122,0.8292682926829268,5.454667870381954,0.7073170731707317,0.3170731707317073,-9.54650663082854,-7.078694428873688,6.0,6.0,2067.1862301375454,2255.88412647009
2,58,f2,mey,seasonal60,http,482.55471545251453,484.41742131554383,6.2268327448714285,468.97250218827463,496.8057499028454,-0.38452495328733444,-0.2991417851336179,0.43902439024390244,0.5853658536585366,1.6852719500243658,0.8536585365853658,0.17073170731707318,1.8971519067057236,-2.5364394250774787,121.375,127.45,239.80471545251453,229.51742131554383
2,58,f2,trust,seasonal60,http,433.4508149581063,434.1318599798589,3.392954439709864,425.3012007560134,440.4977467313867,-0.15687515350386672,-0.20072330290731297,0.3902439024390244,0.6341463414634146,0.09892052453711837,0.5365853658536586,0.4878048780487805,-0.03188165574414252,-0.2712819921338676,119.25,118.96875,194.95081495810632,196.19435997985892
2,58,f50,thr,seasonal60,http,2182.6713665664915,2402.3134237604886,181.91043959953342,2049.762046143328,2773.871798330071,-9.142939261030223,-1.2074186488556011,0.12195121951219512,0.9024390243902439,1.8330254386823397,0.6585365853658537,0.36585365853658536,-4.2206749265658985,-14.3363629533536,6.0,6.003125,1882.6713665664915,2102.1571737604886
2,58,f50,mey,seasonal60,http,2377.1571148712287,2407.3976697987673,52.04369412465252,2325.9555726830695,2521.395167158953,-1.256151208706054,-0.5810608842467618,0.3170731707317073,0.7073170731707317,-2.6292276198623035,0.12195121951219512,0.9024390243902439,-2.963220528674276,0.41825181016470037,26.375,25.475,1058.4071148712287,1133.6476697987673
2,58,f50,trust,seasonal60,http,2122.3377430013174,2139.4529802000666,30.47543427735868,2080.581179464697,2222.0797684523013,-0.7999819279575208,-0.5616076556278861,0.2926829268292683,0.7317073170731707,-1.186526627330073,0.21951219512195122,0.8048780487804879,-1.326026538411901,-0.2359553161550781,22.375,22.659375,1003.5877430013174,1006.4842302000666
2,58,base,thr,seasonal60,http,2081.2886434369766,2278.6971687466985,233.70934404724917,1960.1335112939362,2983.1634044672355,-8.663218966401672,-0.8446753642413701,0.18032786885245902,0.8360655737704918,-8.595203305246025,0.18032786885245902,0.8360655737704918,-19.984272118386148,2.497647382954824,6.0,6.004166666666666,2021.2886434369766,2218.655502080032
2,58,base,mey,seasonal60,http,1116.6398239707005,1088.6397038339628,14.267507058284894,1062.0386861173401,1116.8574592247166,2.5720281961173264,1.9625096397256376,0.9836065573770492,0.03278688524590164,0.42204623303185246,0.5901639344262295,0.4262295081967213,-0.1739981795579058,5.374484732874371,56.916666666666664,56.61388888888889,547.4731573040339,522.5008149450739
2,58,base,trust,seasonal60,http,972.6568215936327,960.616023655574,10.572874748222793,934.0718119009838,983.4918366701118,1.2534454601577438,1.1388386058467763,0.8688524590163934,0.14754098360655737,0.6421046588369358,0.7540983606557377,0.26229508196721313,-0.7655530011295815,3.3298263018607495,50.833333333333336,51.3,464.3234882602993,447.61602365557405
2,59,signed,thr,ma10,event,1965.9300022879584,2032.681952400341,151.18300255528888,1787.6049108291659,2353.8168402030524,-3.2839348051256647,-0.44153078708680205,0.3902439024390244,0.6341463414634146,23.616498588762468,1.0,0.024390243902439025,-15.41771182495712,8.406451515824207,6.0,6.046875,1905.9300022879584,1972.213202400341
2,59,signed,mey,ma10,event,1083.765724673873,1077.6841454271369,14.4380681983974,1057.3280760575226,1115.1653998614356,0.5643192648366966,0.4212183488239168,0.7073170731707317,0.3170731707317073,1.6648049392932083,0.926829268292683,0.0975609756097561,-0.7665051322498468,1.8874076883139368,65.375,64.53125,430.0157246738729,432.37164542713685
2,59,signed,trust,ma10,event,921.0978765691532,957.9795197472283,9.683422142349324,934.6863177516336,975.7916908583068,-3.849940673868132,-3.8087406121413987,0.024390243902439025,1.0,-0.5617185077620659,0.34146341463414637,0.6829268292682927,-5.2488058028269595,-2.503879544115769,50.125,52.5875,419.8478765691532,432.1045197472283
2,59,dwell5,thr,ma10,event,2057.5007843840376,2186.398960533135,161.06611159691167,1899.8533743586295,2750.6932712996913,-5.895455425832553,-0.8002811694596642,0.1951219512195122,0.8292682926829268,4.241126835843763,0.7804878048780488,0.24390243902439024,-7.90963096301768,-3.5868940768150317,6.0,6.0,1997.5007843840376,2126.398960533135
2,59,dwell5,mey,ma10,event,1106.1551300833505,1105.6132429946151,16.12814660194331,1073.4980605050673,1145.608083575229,0.04901235510418289,0.03359884443697333,0.5121951219512195,0.5121951219512195,1.536534917742316,0.8780487804878049,0.14634146341463414,-0.32945013148709096,0.4254701337426794,55.5,54.6,551.1551300833505,559.6132429946151
2,59,dwell5,trust,ma10,event,997.6179030894959,994.488652640922,9.861793239071673,972.3800426309351,1014.9171977043914,0.31465924123558164,0.31731049036558917,0.6097560975609756,0.4146341463414634,1.8120549301789266,0.9512195121951219,0.07317073170731707,1.2962036376649653,-0.6787944203929805,53.0,52.209375,467.61790308949594,472.39490264092206
2,59,dwell200,thr,ma10,event,2231.310715760227,2496.1563484885746,275.70083427286323,2084.628703878912,3342.986944093672,-10.610137978284566,-0.9606268817678938,0.1951219512195122,0.8292682926829268,-5.3260420849326,0.4146341463414634,0.6097560975609756,-1.9806230183557259,-18.222112896841292,4.625,4.634375,2185.060715760227,2449.8125984885746
2,59,dwell200,mey,ma10,event,919.0057560897487,921.7668351021915,12.692515937678717,892.644581888705,947.2471822603945,-0.2995420216151176,-0.21753598939720967,0.3902439024390244,0.6341463414634146,-0.3535030111418607,0.3902439024390244,0.6341463414634146,1.6277800950708026,-2.304026355208968,46.25,46.26875,456.50575608974873,459.0793351021915
2,59,dwell200,trust,ma10,event,825.7305859415542,822.9574352139578,9.034574456635523,805.1676052528308,841.4111599156503,0.33697377396869244,0.30694868263105246,0.5609756097560976,0.4634146341463415,1.2335124918914242,0.9024390243902439,0.12195121951219512,0.015048161325615393,0.6815710188874539,43.75,43.009375,388.2305859415542,392.86368521395775
2,59,f2,thr,ma10,event,2363.643868838164,2325.2193138351886,144.63942059341645,2070.9434393943197,2673.6624779668955,1.6525131532474016,0.2656575561857888,0.6585365853658537,0.36585365853658536,-4.986981526693761,0.1951219512195122,0.8292682926829268,-7.837262980513054,9.842926806470201,6.0,6.009375,2351.643868838164,2313.2005638351884
2,59,f2,mey,ma10,event,500.15399765703694,505.40715319811125,6.74760765412788,487.3155347801295,519.1135564960823,-1.0393908174495419,-0.7785211900784813,0.21951219512195122,0.8048780487804879,-0.7405809012918733,0.2682926829268293,0.7560975609756098,-1.5100329290358998,-0.5679915284761862,124.5,125.340625,251.15399765703694,254.72590319811124
2,59,f2,trust,ma10,event,444.9481103257773,446.0650512713308,3.778785913644912,438.5962033721178,453.6850291030326,-0.25039866772124364,-0.29558195967660006,0.36585365853658536,0.6585365853658537,-0.6214090902126638,0.2926829268292683,0.7317073170731707,-0.045717955661980704,-0.4478823054013367,117.875,118.9,209.1981103257773,208.26505127133078
2,59,f50,thr,ma10,event,2442.423674073036,2665.191262129917,182.220522892993,2395.488499165927,3422.2631600815475,-8.358409065128544,-1.2225164570935771,0.04878048780487805,0.975609756097561,-8.818666440845432,0.04878048780487805,0.975609756097561,0.32192726775321456,-17.226516759936473,5.875,5.878125,2148.673674073036,2371.285012129917
2,59,f50,mey,ma10,event,2392.5810026076592,2441.479238631887,46.17862926988945,2329.5974906213305,2539.713430652101,-2.0028118712010143,-1.0588931892812035,0.1951219512195122,0.8292682926829268,0.18896922873206592,0.5365853658536586,0.4878048780487805,0.260561364959437,-3.971940573526335,24.0,24.70625,1192.5810026076592,1206.1667386318868
2,59,f50,trust,ma10,event,2111.822763340517,2043.9619786351855,26.87194583657222,1955.5704781895843,2105.399383483244,3.3200610096790757,2.5253394420352873,1.0,0.024390243902439025,-2.268469704562789,0.04878048780487805,0.975609756097561,4.441414134672585,2.070895296959405,21.625,21.18125,1030.5727633405172,984.8994786351855
2,59,base,thr,ma10,event,2018.718021415036,2041.338780160805,172.9826540200001,1765.744978719722,2652.776047737249,-1.1081334938430527,-0.1307689425504692,0.5081967213114754,0.5081967213114754,0.2566200083059455,0.5737704918032787,0.4426229508196721,7.5366237223291455,-10.120752308155206,6.0,6.0,1958.718021415036,1981.338780160805
2,59,base,mey,ma10,event,1106.328031376572,1116.9217067168381,12.934798928495502,1097.2441887684483,1147.4302204574585,-0.9484707188121515,-0.8190057996903349,0.32786885245901637,0.6885245901639344,-0.1260568676775521,0.47540983606557374,0.5409836065573771,-1.051852911235754,-0.8463458858395287,58.0,57.36666666666667,526.328031376572,543.2550400501715
2,59,base,trust,ma10,event,972.1567622545203,978.5202290311906,10.09241037778963,957.1885917193463,1002.2043880692373,-0.6503153013985831,-0.6305200183569999,0.2786885245901639,0.7377049180327869,1.7328405924221313,0.9672131147540983,0.04918032786885246,-1.4398446346037714,0.15159353536313638,50.833333333333336,51.077777777777776,463.823428921187,467.74245125341287
2,60,signed,thr,naive,http,1769.8072005471872,2652.1641947871954,353.4762851257818,2103.78674302142,3759.9049550229684,-33.269320050933224,-2.496226851331846,0.024390243902439025,1.0,25.9421336586845,0.9512195121951219,0.07317073170731707,-28.53851454345048,-37.95692294676218,7.875,8.24375,1691.0572005471872,2569.7266947871954
2,60,signed,mey,naive,http,1110.6498432656344,1161.9036087823583,14.932896553571867,1137.4592921516999,1192.887629326195,-4.4111891149418465,-3.4322721873047644,0.024390243902439025,1.0,1.5142996111924434,0.8292682926829268,0.1951219512195122,-3.8655730260221017,-4.9597282111924885,69.625,71.734375,414.39984326563444,444.55985878235833
2,60,signed,trust,naive,http,1053.2522523693933,1087.6343017541876,14.255700027797662,1066.588014354034,1129.1596448616874,-3.161177367185029,-2.4118106664528294,0.024390243902439025,1.0,0.6764909359725979,0.6829268292682927,0.34146341463414637,-2.804650348640112,-3.519011820009175,64.125,66.040625,412.0022523693933,427.2280517541876
2,60,dwell5,thr,naive,http,1644.6954577082565,2118.453369138359,297.993462629499,1663.3231405771562,2821.021638058629,-22.36338634268804,-1.5898265258897133,0.024390243902439025,1.0,10.733955727207924,0.8048780487804879,0.21951219512195122,-21.475599959031385,-23.295371055997105,7.0,7.234375,1574.6954577082565,2046.109619138359
2,60,dwell5,mey,naive,http,1102.8530398193318,1163.3824158434206,14.401956783817939,1131.4999590311622,1188.5346240360957,-5.202878709509004,-4.20285777361169,0.024390243902439025,1.0,-0.6650286535717753,0.2926829268292683,0.7317073170731707,-4.537300168308198,-5.862529482560011,67.25,70.765625,430.3530398193318,455.72616584342063
2,60,dwell5,trust,naive,http,1035.9824120740411,1065.398778947115,12.951770881886533,1040.2927762279483,1098.4940887314738,-2.761066321302223,-2.271223537023315,0.024390243902439025,1.0,0.7354582471665572,0.7804878048780488,0.24390243902439024,-4.3611602431740994,-1.0849581434494138,61.5,62.06875,420.9824120740411,444.71127894711503
2,60,dwell200,thr,naive,http,1891.7380271000395,2321.634014148976,394.12957489220867,1771.3738837638725,3371.4756918444346,-18.516957644011782,-1.090747851557472,0.0975609756097561,0.926829268292683,-7.631352729598184,0.4146341463414634,0.6097560975609756,-8.0246346177413,-30.624325834326473,5.25,6.371875,1839.2380271000395,2257.915264148976
2,60,dwell200,mey,naive,http,868.4371513066352,916.3577528023491,14.617453851080697,891.1845192252426,967.5502875195776,-5.229464294830925,-3.278313855745199,0.024390243902439025,1.0,-0.35782117591781276,0.4634146341463415,0.5609756097560976,-2.3516418113762176,-8.901829442726449,49.875,55.953125,369.6871513066352,356.82650280234907
2,60,dwell200,trust,naive,http,812.3486401756742,847.8338934977699,12.292425093594755,813.7985621298021,869.773365519171,-4.185401597440268,-2.886757743237017,0.024390243902439025,1.0,-0.8762961344353639,0.2926829268292683,0.7317073170731707,-0.7773103044561057,-8.38769930037673,44.25,48.821875,369.8486401756742,359.61514349776985
2,60,f2,thr,naive,http,1673.1215612770466,2298.9232388092314,258.77526042626397,1871.747147954308,2955.029479087104,-27.221512531072158,-2.41832111965163,0.024390243902439025,1.0,-7.993438378658922,0.1951219512195122,0.8292682926829268,-28.377644145747425,-26.13975928239515,7.0,7.459375,1659.1215612770466,2284.0044888092316
2,60,f2,mey,naive,http,480.24558186147533,504.20371828850386,5.229683028261247,492.63009398147585,516.8546363664352,-4.7516778552037096,-4.581183275842643,0.024390243902439025,1.0,-0.4067820750654297,0.4146341463414634,0.6097560975609756,-3.7849226793759976,-5.7251307783782925,151.75,156.040625,176.74558186147533,192.12246828850385
2,60,f2,trust,naive,http,446.8110889294448,463.50735492643736,4.064203049432585,457.4683522329227,472.08975832193767,-3.6021577262010025,-4.108127914357915,0.024390243902439025,1.0,-0.30811835577121327,0.4634146341463415,0.5609756097560976,-4.131988003322653,-3.0565359437084827,136.5,138.765625,173.8110889294448,185.97610492643736
2,60,f50,thr,naive,http,1957.6690047169889,2762.9862690158616,365.5543082072505,2160.30306131354,3854.791470851714,-29.146625639428745,-2.203003072917689,0.024390243902439025,1.0,-12.40017350313949,0.17073170731707318,0.8536585365853658,-28.723147389993848,-29.550568236059046,6.625,7.4125,1626.4190047169889,2392.3612690158616
2,60,f50,mey,naive,http,2333.135950089194,2517.3744500349408,53.163396699220336,2429.2493488621553,2634.070301203957,-7.3186768040483425,-3.4655140827081254,0.024390243902439025,1.0,-2.4136859807180815,0.14634146341463414,0.8780487804878049,-6.003130958132053,-8.646037693061949,26.0,29.075,1033.135950089194,1063.6244500349408
2,60,f50,trust,naive,http,2278.930234014816,2343.784909066068,47.058477085016655,2207.038766807983,2458.4570482994554,-2.7670915876446465,-1.3781719908632895,0.0975609756097561,0.926829268292683,-0.8762535413752455,0.2926829268292683,0.7317073170731707,-2.6614551655489165,-2.868142737201051,24.625,25.421875,1047.680234014816,1072.691159066068
2,60,base,thr,naive,http,1619.7809362097112,2284.781594100635,244.19366930982014,1974.3383797285785,3473.726279242388,-29.105655420543165,-2.7232510153537435,0.01639344262295082,1.0,-9.469129923060633,0.11475409836065574,0.9016393442622951,-24.92167979641416,-32.95164804484465,6.916666666666667,7.402777777777778,1550.6142695430444,2210.7538163228573
2,60,base,mey,naive,http,1078.5117475027766,1138.966302039541,12.281839625239579,1116.1270225065427,1162.641966880581,-5.30784400104803,-4.922271938197946,0.01639344262295082,1.0,-0.35754046174863563,0.4426229508196721,0.5737704918032787,-5.489980559232554,-5.12732751639541,64.5,68.22916666666667,433.51174750277664,456.67463537287426
2,60,base,trust,naive,http,990.8888844844382,1031.0294394744083,10.012653306731401,1005.9637720608215,1049.6906977290844,-3.89325012973758,-4.00898281007932,0.01639344262295082,1.0,-2.399090799270125,0.04918032786885246,0.9672131147540983,-4.84087640628576,-2.965135477959398,58.083333333333336,60.56944444444444,410.05555115110485,425.3349950299638
2,61,signed,thr,seasonal60,timer,2527.4914058652917,2334.64937119307,345.18818522291775,1796.3163068078957,3120.6850179333683,8.259999854867898,0.5586576914493384,0.7804878048780488,0.24390243902439024,-4.143316368765015,0.43902439024390244,0.5853658536585366,6.348893822530223,9.953995888099895,14.5,15.065625,2382.4914058652917,2183.99312119307
2,61,signed,mey,seasonal60,timer,1065.7057005660972,1068.6034294233596,30.15527793090482,1038.8566658780815,1241.444208418181,-0.2711697134292383,-0.09609358812417317,0.5609756097560976,0.4634146341463415,-0.09844032040932255,0.6097560975609756,0.4146341463414634,0.06801735613352973,-0.6173981366990586,64.0,63.7875,425.7057005660972,430.72842942335956
2,61,signed,trust,seasonal60,timer,1015.8026010428596,1016.0113854221934,16.700959571185958,997.4652481703217,1101.1882537320103,-0.020549413355937365,-0.012501340323822267,0.5609756097560976,0.4634146341463415,-0.35286749944503953,0.5121951219512195,0.5121951219512195,-1.596579037081999,1.5314805392916284,61.125,61.246875,404.5526010428596,403.54263542219337
2,61,dwell5,thr,seasonal60,timer,1695.1953156227105,1883.806861584521,190.78135576558336,1677.639848239234,2377.6562198360043,-10.01225496137986,-0.9886267198643927,0.12195121951219512,0.9024390243902439,4.868052626495773,0.7560975609756098,0.2682926829268293,-11.52851279004215,-8.531893269497665,12.75,12.93125,1567.6953156227105,1754.494361584521
2,61,dwell5,mey,seasonal60,timer,1087.847532452833,1096.5401138098314,10.411223711699254,1073.614017248906,1112.1234789504247,-0.7927280769325151,-0.8349240778709135,0.2926829268292683,0.7317073170731707,0.8175000664023377,0.7804878048780488,0.24390243902439024,-1.1813560628127364,-0.40676103129592944,67.625,67.75,411.5975324528331,419.0401138098314
2,61,dwell5,trust,seasonal60,timer,1003.1665391850328,993.5990829605314,7.968725988070135,978.1446092711404,1007.9743140897704,0.9629091238685671,1.2006255753836526,0.8780487804878049,0.14634146341463414,-0.42994867782930385,0.36585365853658536,0.6585365853658537,-0.2393234755716856,2.182445426142742,60.5,59.259375,398.1665391850328,401.0053329605314
2,61,dwell200,thr,seasonal60,timer,2080.0100495986235,2115.1474502787323,263.89072389763464,1699.4910968877916,2890.16419004809,-1.6612270069152135,-0.13315132931212437,0.5121951219512195,0.5121951219512195,-1.9577835997197854,0.4878048780487805,0.5365853658536586,-4.01016522190803,0.9798252321131021,10.25,12.19375,1977.5100495986235,1993.2099502787323
2,61,dwell200,mey,seasonal60,timer,915.4062038506506,940.6167364926563,10.742082359906597,922.5031329427011,979.3825838802827,-2.680213062762411,-2.346894372742909,0.024390243902439025,1.0,0.5492286544141983,0.7804878048780488,0.24390243902439024,-1.9973608109020475,-3.4044124055010165,56.125,58.446875,354.1562038506506,356.1479864926563
2,61,dwell200,trust,seasonal60,timer,848.2192327348179,870.6813575602206,8.686398775310423,855.0591472641844,898.6488244131725,-2.5798329814187086,-2.5858961125809015,0.024390243902439025,1.0,-0.2127279125704584,0.4146341463414634,0.6097560975609756,-2.0786086829397967,-3.1310275467653943,48.5,50.59375,363.21923273481787,364.7438575602206
2,61,f2,thr,seasonal60,timer,2301.6547139142353,2219.3258803343115,321.1368469308136,1732.6349123471402,2997.833753858769,3.709632474863139,0.25636682419585743,0.6341463414634146,0.3902439024390244,13.157268158792725,0.8292682926829268,0.1951219512195122,6.260155394549749,0.9889809182341402,11.5,13.03125,2278.6547139142353,2193.2633803343115
2,61,f2,mey,seasonal60,timer,434.1667493262872,436.95816893761,3.2099850131458445,431.9874778810022,450.13738648930644,-0.6388299406576415,-0.8696051850370505,0.14634146341463414,0.8780487804878049,-0.7729198573473839,0.14634146341463414,0.8780487804878049,0.33516129194357375,-1.584777616701036,135.375,135.384375,163.41674932628717,166.18941893761001
2,61,f2,trust,seasonal60,timer,416.5106455183291,420.50754251911513,2.908702966775207,415.2582818283798,430.3605638379319,-0.9504935338001298,-1.374116589573002,0.07317073170731707,0.9512195121951219,-0.03918824535906831,0.5853658536585366,0.43902439024390244,-0.7529254711782905,-1.1378436676616301,127.0,127.953125,162.5106455183291,164.60129251911513
2,61,f50,thr,seasonal60,timer,2690.9664103439727,2700.1864897643622,251.366463595697,2244.056478733664,3378.1881055935482,-0.3414608381806306,-0.03667983106616523,0.5365853658536586,0.4878048780487805,-7.448226795793817,0.21951219512195122,0.8048780487804879,0.035252256689297747,-0.6692709681636587,13.0,13.215625,2040.9664103439727,2039.4052397643622
2,61,f50,mey,seasonal60,timer,2408.4115416350896,2431.087096298338,36.776559256995945,2345.693753104098,2505.5944568876166,-0.9327331257598752,-0.6165762953731171,0.3170731707317073,0.7073170731707317,0.44451928860572415,0.6341463414634146,0.3902439024390244,-2.682328138383298,0.7420332170284093,27.375,27.784375,1039.6615416350896,1041.868346298338
2,61,f50,trust,seasonal60,timer,2105.749352637057,2123.4029638594593,35.355189239201216,2039.6470715230441,2200.1338748728904,-0.8313829980869584,-0.4993216442136333,0.34146341463414637,0.6829268292682927,-1.234515731700642,0.2926829268292683,0.7317073170731707,0.30176043141098435,-1.959320224638095,23.625,23.975,924.4993526370572,924.6529638594593
2,61,base,thr,seasonal60,timer,2085.8851696483594,2268.49593670311,320.10406557368196,1795.0149383931118,3482.6923555095677,-8.049860883601399,-0.5704731263799497,0.32786885245901637,0.6885245901639344,-20.019805098846764,0.04918032786885246,0.9672131147540983,-8.638514746723079,-7.516323694040903,13.0,12.859722222222222,1955.8851696483594,2139.898714480888
2,61,base,mey,seasonal60,timer,1038.9312637082878,1038.7657551906593,9.714009859529206,1019.5078909639789,1074.1642660568289,0.01593318963408815,0.017038125349042733,0.5737704918032787,0.4426229508196721,-0.6483107742658003,0.26229508196721313,0.7540983606557377,1.060685032735317,-1.0314541042181724,62.833333333333336,62.895833333333336,410.59793037495444,409.80742185732595
2,61,base,trust,seasonal60,timer,981.5513714618684,973.5790132680619,7.703468507023197,959.5765487558441,995.0159599701005,0.818871204612892,1.0349050153886064,0.9016393442622951,0.11475409836065574,-0.08741316514757876,0.47540983606557374,0.5409836065573771,2.5783400566059456,-1.0239242813514546,57.166666666666664,56.543055555555554,409.88470479520174,408.14845771250634
2,62,signed,thr,ma10,http,2433.620689345126,2654.6553089489557,346.7392547382072,1947.4953317485017,4015.371839608088,-8.3263020573222,-0.6374663860044172,0.24390243902439024,0.7804878048780488,-3.6411088078267544,0.4634146341463415,0.5609756097560976,-14.550311911810445,-0.994159944850317,13.25,13.084375,2301.120689345126,2523.8115589489557
2,62,signed,mey,ma10,http,1118.8183528871484,1108.1811235711382,17.64649007973778,1088.4049885022528,1178.732853601055,0.9598818360785218,0.602795755300042,0.8536585365853658,0.17073170731707318,-0.600690743858816,0.4146341463414634,0.6097560975609756,-0.43898512285826685,2.2975888330605665,68.0,68.3625,438.8183528871484,424.5561235711382
2,62,signed,trust,ma10,http,1036.4744307340852,1051.5457484830065,11.562749816149596,1029.4194688026391,1084.5963152272998,-1.4332536430929077,-1.3034371571260057,0.04878048780487805,0.975609756097561,0.5319854169147896,0.6829268292682927,0.34146341463414637,-0.8614336645100519,-2.013108833155077,62.0,63.278125,416.4744307340852,418.7644984830065
2,62,dwell5,thr,ma10,http,1605.1645662320661,1821.9344409280427,235.49041419607153,1599.9590761226614,2684.2040447119803,-11.89778676040396,-0.920504027461143,0.04878048780487805,0.975609756097561,14.722036778379296,0.8780487804878049,0.14634146341463414,-11.71921391292463,-12.054247742578722,9.75,10.3875,1507.6645662320661,1718.0594409280427
2,62,dwell5,mey,ma10,http,1068.1979188021237,1095.6748267699757,15.425218113631239,1067.7138908577292,1155.0733510465038,-2.5077611802813116,-1.781297856888692,0.04878048780487805,0.975609756097561,0.2832827397790323,0.5365853658536586,0.4878048780487805,-2.119670258171834,-2.8926478706558436,64.75,66.15625,420.6979188021237,434.11232676997565
2,62,dwell5,trust,ma10,http,1058.3813604515458,1051.0966357445157,14.207823415620304,1026.06499577023,1087.9261384957254,0.6930594637352445,0.512726298316827,0.7317073170731707,0.2926829268292683,0.7264704337728395,0.7804878048780488,0.24390243902439024,1.8059022525494433,-0.3951906913944533,61.75,61.8125,440.8813604515458,432.97163574451565
2,62,f2,thr,ma10,http,1848.3409218333943,2165.6048169400538,431.61123741066507,1643.1000050480611,3555.471615386299,-14.650128805815342,-0.735068662739178,0.2926829268292683,0.7317073170731707,-2.734638064838322,0.5853658536585366,0.43902439024390244,-26.155456541432404,-3.869454466242082,10.125,10.840625,1828.0909218333943,2143.9235669400537
2,62,f2,mey,ma10,http,457.86925266366586,459.08573804149273,6.166127554346893,450.6546936271709,483.78938506088633,-0.26497999763977054,-0.1972851464886245,0.3902439024390244,0.6341463414634146,0.016030789015740492,0.6829268292682927,0.34146341463414637,0.0028631478077190135,-0.5385735096945057,140.125,144.1375,177.61925266366586,170.81073804149275
2,62,f2,trust,ma10,http,437.89655799429846,448.2004009334363,3.877860249217453,440.1281752208991,458.9863291051753,-2.298936573389655,-2.65709496396038,0.024390243902439025,1.0,0.4679800005666622,0.7073170731707317,0.3170731707317073,-3.3256065276062814,-1.241908679351581,129.5,135.084375,178.89655799429846,178.0316509334363
2,62,dwell200,thr,ma10,http,2579.6789588164725,2742.10512164578,339.0196597748806,2142.0804048468126,3635.2773815532064,-5.923411234206118,-0.47910543871456723,0.36585365853658536,0.6585365853658537,1.8257924906170746,0.6341463414634146,0.3902439024390244,-20.408520531606346,9.374769327686161,9.5,10.20625,2484.6789588164725,2640.04262164578
2,62,dwell200,mey,ma10,http,943.6485315295822,954.5661258548546,9.487604820882137,935.1858041322056,976.3404627024909,-1.1437232088552487,-1.150721866201978,0.14634146341463414,0.8780487804878049,-0.1333617931191145,0.4878048780487805,0.5365853658536586,-2.3466614301382025,0.07637518531707337,57.0,58.15,373.6485315295822,373.0661258548546
2,62,dwell200,trust,ma10,http,888.133431048791,905.7178276318613,9.434545599561996,882.2191378399498,919.6096225516131,-1.9414872984279694,-1.8638307905244191,0.04878048780487805,0.975609756097561,0.1697812554399592,0.5121951219512195,0.5121951219512195,-1.345417280727317,-2.585088881376712,51.25,53.828125,375.63343104879095,367.43657763186127
2,62,f50,thr,ma10,http,2423.3303044765344,2751.488461932865,224.98224907441826,2238.3634317954984,3122.599456074564,-11.926568546313518,-1.458595772805989,0.0975609756097561,0.926829268292683,10.173935538187273,0.9024390243902439,0.12195121951219512,-15.977456439064433,-7.905175441822726,10.125,10.36875,1917.0803044765344,2233.050961932865
2,62,f50,mey,ma10,http,2417.5412963189324,2379.4324320773508,44.95936702045263,2260.2923402357137,2475.65414283643,1.6015947218266195,0.8476290207610212,0.7804878048780488,0.24390243902439024,0.13130766617948103,0.5853658536585366,0.43902439024390244,0.5553719621633462,2.6896040788389994,29.25,28.90625,955.0412963189324,934.1199320773508
2,62,f50,trust,ma10,http,2297.630720117636,2275.15862487809,47.69687676662148,2185.2766565635993,2399.391119952683,0.9877155374496186,0.4711439566473264,0.6829268292682927,0.34146341463414637,-0.13082737573247552,0.5121951219512195,0.5121951219512195,-1.3700947898218827,3.430825171025534,25.5,25.090625,1022.630720117636,1020.62737487809
2,63,signed,thr,naive,timer,1971.4421353478526,1971.536503391985,5.064843733997858,1957.2390789098672,1994.3134852836215,-0.0047865227942771585,-0.01863197545442616,0.9512195121951219,0.9512195121951219,-0.0047865227942771585,0.9512195121951219,0.9512195121951219,0.043184611943239054,-0.057790792506653615,7.875,7.875,1892.6921353478526,1892.786503391985
2,63,signed,mey,naive,timer,934.6258933178461,935.9535086609906,1.0960622085574026,934.5577743869376,939.8835519128312,-0.14184629160093273,-1.2112591172099523,0.07317073170731707,0.9512195121951219,-0.018735264304299223,0.7804878048780488,0.7804878048780488,-0.2678275928088636,-0.014656713892340438,52.5,52.584375,409.62589331784613,410.10975866099056
2,63,signed,trust,naive,timer,918.9964524526458,920.8429868584292,1.13655222441044,919.4636339714853,926.2717558130146,-0.20052652103949248,-1.6246806491810843,0.024390243902439025,1.0,-0.017366383676992007,0.8292682926829268,0.1951219512195122,-0.02269838661171281,-0.3699910671234938,50.125,50.475,417.7464524526458,416.0929868584292
2,62,base,thr,ma10,http,2229.0135698043036,2236.2595789812,296.2475442915692,1672.2308479198703,3552.8804770105307,-0.3240236171597474,-0.02445930545761636,0.5245901639344263,0.4918032786885246,5.078798575846597,0.7213114754098361,0.29508196721311475,-3.163235734719403,2.3767036620133437,9.583333333333334,10.48611111111111,2133.18023647097,2131.3984678700886
2,62,base,mey,ma10,http,1074.9531724604292,1050.6765232474913,8.736901892774998,1034.1510887727643,1070.274193875959,2.310573109400236,2.778633606154315,1.0,0.01639344262295082,-0.9729020379591196,0.16393442622950818,0.8524590163934426,2.0633079499705924,2.5537058241631514,61.75,62.24583333333333,457.4531724604292,428.2181899141581
2,62,base,trust,ma10,http,1030.4779733790608,1021.7803110811313,8.256450394120261,1005.78618014199,1039.9885230138577,0.8512262571126072,1.0534384490607989,0.8852459016393442,0.13114754098360656,0.3313304636880222,0.7049180327868853,0.3114754098360656,1.010305482889299,0.6946888065036018,59.5,60.268055555555556,435.4779733790608,419.0997555255758
2,63,dwell5,thr,naive,timer,1565.5076983205936,1570.4752411686945,1.7165886569177646,1568.0076983205936,1577.8026846149996,-0.3163082561177004,-2.8938457842430703,0.024390243902439025,1.0,-0.07752703233926142,0.36585365853658536,0.9024390243902439,-0.22114699373799304,-0.40996236988774193,7.375,7.85,1491.7576983205936,1491.9752411686945
2,63,dwell5,mey,naive,timer,920.7063084076908,926.105921402312,1.521518423558618,922.456682145295,930.1370271321105,-0.5830448623463147,-3.548831818935352,0.024390243902439025,1.0,-0.12889360149317838,0.2682926829268293,0.8536585365853658,-0.3667817523035804,-0.812571205375384,49.125,49.715625,429.4563084076908,428.949671402312
2,63,dwell5,trust,naive,timer,942.929780338588,946.4349412397767,1.4340978604415495,943.0143987643778,948.7114602844791,-0.3703541309027655,-2.4441574022775945,0.024390243902439025,1.0,-0.19038067729235886,0.17073170731707318,0.8536585365853658,-0.3554097332863309,-0.3853018732434283,56.375,56.6875,379.179780338588,379.55994123977666
2,63,dwell200,thr,naive,timer,1695.4452790591317,1702.940426742995,3.589937816634668,1696.6952790591317,1720.251186413666,-0.4401297641514272,-2.0878210338722423,0.024390243902439025,1.0,0.07368738779293356,0.8536585365853658,0.3902439024390244,-0.42702902395138553,-0.45380394276036984,5.625,6.328125,1639.1952790591317,1639.659176742995
2,63,dwell200,mey,naive,timer,814.7471088932465,820.6138178594744,2.2775840214717475,814.7471088932465,823.4971088932465,-0.7149171557372561,-2.575847437863945,0.04878048780487805,1.0,0.19903284568525642,0.8048780487804879,0.3170731707317073,-0.828733324813032,-0.6078067214212275,44.875,45.44375,365.9971088932465,366.17631785947435
2,63,dwell200,trust,naive,timer,835.0800618228623,839.5940493166829,2.0244211258859295,834.8334457466274,843.0607783607982,-0.5376392909757318,-2.2297670361670594,0.07317073170731707,0.9512195121951219,0.17739482922212615,0.8780487804878049,0.36585365853658536,-0.23330931968507396,-0.8183140227975438,44.75,45.2,387.58006182286226,387.5940493166829
2,63,f2,thr,naive,timer,1651.533234797942,1652.378994610795,2.9486184351304106,1637.246336103921,1653.7445172346647,-0.05118437208481868,-0.28683257310489185,0.0975609756097561,0.926829268292683,0.05472353437656786,0.8536585365853658,0.5121951219512195,0.0018819185644163487,-0.10580228672673095,7.0,7.78125,1637.533234797942,1636.816494610795
2,63,f2,mey,naive,timer,394.4392686585533,395.6228424316215,0.4074093468614873,394.7664751158443,396.604331272322,-0.29916719818137294,-2.9051217950347765,0.024390243902439025,1.0,-0.0507648236807161,0.2682926829268293,0.7560975609756098,-0.4260394214699486,-0.17494005141058902,116.75,117.30625,160.93926865855332,161.0103424316215
2,63,f2,trust,naive,timer,398.37507181063745,399.44574045579293,0.44488544072249875,398.7837183240132,400.8959202234882,-0.2680385686260612,-2.4066165065251437,0.024390243902439025,1.0,0.03418763415979474,0.8048780487804879,0.21951219512195122,-0.4209153461355108,-0.11611917507645225,118.875,119.434375,160.62507181063745,160.57699045579292
2,63,f50,thr,naive,timer,1996.7609701913284,2037.1215676512904,8.31006206877972,2009.2609701913284,2048.684868589802,-1.9812562048761768,-4.856834657299826,0.024390243902439025,1.0,0.16638194763927575,0.7560975609756098,0.5121951219512195,-1.711790761597622,-2.2946608294725372,7.0,7.80625,1646.7609701913284,1646.8090676512904
2,63,f50,mey,naive,timer,2045.8009949101656,2068.0455941414066,10.164765464148719,2045.8009949101656,2096.388555400652,-1.0756338880660063,-2.1884026060117168,0.04878048780487805,1.0,-0.06043487817132347,0.43902439024390244,0.5853658536585366,-0.9157926649603195,-1.2382027739370056,22.875,23.303125,902.0509949101656,902.8893441414066
2,63,f50,trust,naive,timer,2165.2360790390712,2181.8537056360055,9.541581660975284,2165.2360790390712,2202.7360790390712,-0.7616288183762675,-1.7416008359389505,0.07317073170731707,1.0,0.09773218972277992,0.6829268292682927,0.4634146341463415,-0.47723116133940163,-1.0508576717841664,23.5,23.821875,990.2360790390712,990.7599556360055
2,63,base,thr,naive,timer,1705.757766890866,1712.409644392416,2.188174387186696,1704.0340937254841,1715.017381095519,-0.3884512986324809,-3.0399211052380566,0.04918032786885246,0.9836065573770492,0.04952801458617897,0.6885245901639344,0.5245901639344263,-0.36637111892736546,-0.408555505472445,7.083333333333333,7.766666666666667,1634.9244335575327,1634.7429777257494
2,63,base,mey,naive,timer,914.7367577934468,920.2112173522637,1.9536140557807147,914.68717644346,925.3203482197777,-0.5949133694075814,-2.8022216274591347,0.04918032786885246,0.9836065573770492,0.1295579846635762,0.7540983606557377,0.3442622950819672,-0.49676214757157805,-0.6911354873241198,50.916666666666664,51.4375,405.5700911267802,405.8362173522637
2,63,base,trust,naive,timer,920.1831430114148,926.4183408634075,1.971903352369606,920.1831430114148,930.3655460601527,-0.6730434380413451,-3.162020006964299,0.03278688524590164,1.0,0.006359569534805802,0.4918032786885246,0.5245901639344263,-0.4620572545563093,-0.8870837656697018,51.333333333333336,51.91111111111111,406.84980967808144,407.3072297522964
2,64,signed,thr,seasonal60,queue,2232.410555269515,2262.274242751828,307.04631700489404,1873.2748948190383,3110.0204675023297,-1.3200737080393332,-0.09726118122379823,0.5853658536585366,0.43902439024390244,16.41443664345883,0.8292682926829268,0.1951219512195122,0.18289333475340275,-2.8088091886517224,6.375,6.7125,2168.660555269515,2195.149242751828
2,64,signed,mey,seasonal60,queue,1098.633313238899,1102.8910938866866,17.054556312718688,1055.2430310552081,1133.3812869702972,-0.38605630885844894,-0.2496564888417654,0.4634146341463415,0.5609756097560976,1.308606929552692,0.7804878048780488,0.24390243902439024,-0.05657310989721691,-0.7152921034746739,65.375,66.14375,444.88331323889906,441.4535938866866
2,64,signed,trust,seasonal60,queue,947.5409151463623,942.7465406165229,8.299483185081852,924.6062402256822,958.551863636668,0.5085539244412434,0.5776714553090698,0.7560975609756098,0.2682926829268293,0.4388548320175974,0.7317073170731707,0.2926829268292683,1.5306295620551782,-0.4697563660329585,53.625,52.528125,411.2909151463623,417.4652906165229
2,64,dwell5,thr,seasonal60,queue,1923.626388055994,2199.4747317642127,282.13675547425333,1689.0596528120377,2973.756072265114,-12.54155547797355,-0.9777114762822579,0.04878048780487805,0.975609756097561,-4.584344255580723,0.5121951219512195,0.5121951219512195,-8.08730714052261,-17.17757186848824,6.25,6.3125,1861.126388055994,2136.3497317642127
2,64,dwell5,mey,seasonal60,queue,1100.1805049394288,1132.1468612023475,17.201485216627983,1094.2318585825808,1162.6277764052675,-2.8235167502006053,-1.858348617014657,0.04878048780487805,0.975609756097561,-0.8943946066874963,0.34146341463414637,0.6829268292682927,-1.0504912727656592,-4.635304024243592,60.0,60.675,500.18050493942883,525.3968612023475
2,64,dwell5,trust,seasonal60,queue,992.9772271146804,999.9961497380357,11.146505442337045,974.2422820602626,1024.5232140900316,-0.7018949648150111,-0.6296971422716698,0.24390243902439024,0.7804878048780488,-0.9019644622727944,0.17073170731707318,0.8536585365853658,0.11453512982724444,-1.5478088293557701,53.5,53.7625,457.97722711468043,462.3711497380357
2,64,dwell200,thr,seasonal60,queue,2478.030002281641,2494.234407612271,362.39708105119064,1864.2157545424466,3313.939947881005,-0.6496745166041709,-0.04471450289728178,0.6097560975609756,0.4146341463414634,-12.617256049116534,0.1951219512195122,0.8292682926829268,7.91594875333029,-10.22911342973659,4.5,4.8875,2433.030002281641,2445.359407612271
2,64,dwell200,mey,seasonal60,queue,958.0323018114085,948.3609923519583,18.395280651484192,904.6290375435647,991.7405679497998,1.0197919924421504,0.5257494920943145,0.7317073170731707,0.2926829268292683,-1.7122657344460739,0.14634146341463414,0.8780487804878049,-0.5670860404154295,2.514223884479519,49.375,50.490625,464.2823018114085,443.4547423519583
2,64,dwell200,trust,seasonal60,queue,794.064036795318,817.3899764348623,9.671544271666539,793.4620265209112,842.9095249546532,-2.853710017497772,-2.4118112872500936,0.04878048780487805,0.975609756097561,1.7427049796372676,0.926829268292683,0.0975609756097561,-3.6842414902012637,-2.0581629407102278,42.0,44.2625,374.064036795318,374.7649764348623
2,64,f2,thr,seasonal60,queue,2289.672219564418,2348.053023659999,273.06973144841527,2005.896748527778,3084.8444858790285,-2.486349477942394,-0.2137944904618969,0.5121951219512195,0.5121951219512195,-4.62844018701108,0.43902439024390244,0.5853658536585366,2.734778235261662,-6.74492626677029,6.375,6.3,2276.922219564418,2335.453023659999
2,64,f2,mey,seasonal60,queue,501.4072901995353,505.6363564093848,5.807371195906799,494.581348936408,520.422907980819,-0.8363849150169668,-0.7282238498600343,0.2682926829268293,0.7560975609756098,1.0325455448204315,0.8048780487804879,0.21951219512195122,-1.0035785116563054,-0.6719932620385222,135.375,135.840625,230.65729019953528,233.95510640938483
2,64,f2,trust,seasonal60,queue,439.41780746380186,442.21433123513197,4.036034569113053,435.6020246332751,452.69896453663114,-0.6323910316337412,-0.6928889541064206,0.34146341463414637,0.6829268292682927,-0.012028438569042732,0.5609756097560976,0.4634146341463415,-1.5283078335938782,0.23047661560706922,120.625,119.478125,198.16780746380186,203.25808123513195
2,64,f50,thr,seasonal60,queue,2788.556950904931,2712.8129198478723,257.1567033759791,2259.397921784696,3564.3868353642474,2.792084574018699,0.29454426061107264,0.6829268292682927,0.34146341463414637,-0.37236425128627865,0.5609756097560976,0.4634146341463415,-1.023694449277924,5.945196547948347,6.25,6.46875,2476.056950904931,2389.3754198478723
2,64,f50,mey,seasonal60,queue,2498.8781950907523,2439.012091766716,43.10769091227676,2329.371662980825,2532.8050307604535,2.454522612910541,1.3887569029355502,0.9024390243902439,0.12195121951219512,-0.42413657746262945,0.4146341463414634,0.6097560975609756,1.2052637746602342,3.5721836110256637,27.375,26.36875,1130.1281950907523,1120.574591766716
2,64,f50,trust,seasonal60,queue,2200.733781568757,2204.1382632778123,31.34543426938433,2149.1440085966487,2263.773134922292,-0.15445862747250827,-0.1086117257077057,0.5365853658536586,0.4878048780487805,0.2664004577525599,0.6097560975609756,0.4146341463414634,-0.6290144993815779,0.26607677573293553,23.875,23.715625,1006.983781568757,1018.3570132778123
2,64,base,thr,seasonal60,queue,2248.7357840985455,2291.9021583397116,229.28194726770846,1962.0331612350212,3149.888842599241,-1.8834300619724726,-0.1882676536708109,0.45901639344262296,0.5573770491803278,9.765186759875474,0.8852459016393442,0.13114754098360656,-7.340893120182932,3.6796655852607203,6.416666666666667,6.298611111111111,2184.569117431879,2228.9160472286003
2,64,base,mey,seasonal60,queue,1105.1120518189925,1099.1706511320829,12.718260031802686,1070.5022967184639,1128.7366062096523,0.5405348733420394,0.4671551511018713,0.6721311475409836,0.3442622950819672,-0.20974046397173127,0.45901639344262296,0.5573770491803278,0.6548411950806997,0.42426079415786294,59.583333333333336,59.077777777777776,509.27871848565917,508.39287335430515
2,64,base,trust,seasonal60,queue,958.3753514954633,970.4542261392241,8.846189960413565,952.5817008477601,996.6137202470836,-1.2446619653370425,-1.365432428855073,0.06557377049180328,0.9508196721311475,-0.4591609041040951,0.3114754098360656,0.7049180327868853,-2.8605773922237048,0.4062761706695036,52.5,52.986111111111114,433.3753514954633,440.59311502811306
2,65,signed,thr,ma10,http,4203.826188400112,2617.813787224977,387.2484737916283,1757.7668986302049,3447.782117971255,60.585378872818644,4.095593678255632,1.0,0.024390243902439025,41.95956222305869,1.0,0.024390243902439025,39.07801477073434,86.22496416981414,8.875,10.440625,4115.076188400112,2513.407537224977
2,65,signed,mey,ma10,http,1200.7360663119357,1128.2118036177906,16.726441984184326,1095.4330255888626,1164.1884964826365,6.4282488856777205,4.335904955920715,1.0,0.024390243902439025,-1.2525348228754782,0.24390243902439024,0.7804878048780488,6.53644689192235,6.323151043312619,66.5,67.84375,535.7360663119357,449.77430361779057
2,65,signed,trust,ma10,http,1144.1862957657863,1090.7869220407276,13.92082499981939,1053.8997220636638,1120.2006446802607,4.895490828323744,3.8359345603260944,1.0,0.024390243902439025,0.2077433837102463,0.5853658536585366,0.43902439024390244,7.455642487178338,2.466741538220063,65.0,67.21875,494.1862957657863,418.59942204072763
2,65,dwell5,thr,ma10,http,3449.385324603602,2204.5357071792146,297.0965296629294,1807.9343583577543,3231.601590814777,56.467654997397105,4.190051020914752,1.0,0.024390243902439025,3.955999271635536,0.7073170731707317,0.3170731707317073,32.77321570567372,79.64405942962193,9.0,8.76875,3359.385324603602,2116.8482071792146
2,65,dwell5,mey,ma10,http,1237.8565414185186,1120.7842437493491,16.533462054998303,1093.06767478282,1169.776388483579,10.445569548473367,7.080930616934938,1.0,0.024390243902439025,-0.9279028310706551,0.36585365853658536,0.6585365853658537,7.344519559435719,13.569300583611389,69.25,68.68125,545.3565414185186,433.9717437493491
2,65,dwell5,trust,ma10,http,1123.4423220519093,1082.5567777087774,12.978868223121895,1065.7255566462645,1131.6834786856075,3.7767575045500883,3.1501625288323787,0.975609756097561,0.04878048780487805,0.3355986496803178,0.6829268292682927,0.34146341463414637,5.097032061585883,2.4356706508118884,62.625,62.3375,497.1923220519093,459.1817777087774
2,65,dwell200,thr,ma10,http,3577.711487697804,2428.869331703246,372.4167054634405,2041.821510078917,3688.7648845122935,47.299463211095485,3.084829813326775,0.975609756097561,0.04878048780487805,2.982105824429021,0.6829268292682927,0.34146341463414637,42.83084608024198,51.67792742308243,7.25,8.7,3505.211487697804,2341.869331703246
2,65,dwell200,mey,ma10,http,997.7983218062724,943.4394836070212,11.4539070580413,919.5258363160573,966.4412729189443,5.761772656728636,4.745877360781285,1.0,0.024390243902439025,0.2040808249544541,0.6585365853658537,0.36585365853658536,3.4806595303833743,8.067390064603483,55.75,58.89375,440.2983218062724,354.5019836070212
2,65,dwell200,trust,ma10,http,933.0885203964668,919.8957208202053,10.869651506545319,894.3161243565886,942.3759095496855,1.4341625118658545,1.2137279257129199,0.926829268292683,0.0975609756097561,0.9767217394802322,0.8048780487804879,0.21951219512195122,2.5664907459921174,0.3319917795975641,52.5,55.709375,408.08852039646683,362.80197082020527
2,65,f2,thr,ma10,http,3705.2123221718775,2130.806985297738,365.4476297504595,1697.6901663310546,3458.6938374128545,73.88774993405364,4.308155830561001,1.0,0.024390243902439025,-15.163888076068805,0.17073170731707318,0.8536585365853658,65.26073445598693,82.94708792667544,7.75,8.65625,3689.7123221718775,2113.494485297738
2,65,f2,mey,ma10,http,545.9744955843779,472.1717782786751,4.877564066785201,463.32271148256746,482.95203510433464,15.630480410064775,15.131060565309216,1.0,0.024390243902439025,1.1289120893929396,0.8536585365853658,0.17073170731707318,13.493096054551787,17.716032256621386,141.75,145.296875,262.4744955843779,181.5780282786751
2,65,f2,trust,ma10,http,476.41732348130347,449.66302709837476,2.5844489952474308,442.07548425655216,454.87510651884236,5.949854617928273,10.352031103003952,1.0,0.024390243902439025,-0.43199308900810185,0.2926829268292683,0.7317073170731707,5.738772498575502,6.152599039919272,131.625,138.54375,213.16732348130347,172.57552709837478
2,65,f50,thr,ma10,http,3723.9525471280913,2639.8095240095236,348.6683899333806,2001.3959609723524,3340.9103826614205,41.06898673022048,3.1093814478729,1.0,0.024390243902439025,-19.24842356236302,0.0975609756097561,0.926829268292683,61.21276886813848,20.2458674086747,8.0,8.75,3323.9525471280913,2202.3095240095236
2,65,f50,mey,ma10,http,2579.3519587262585,2397.129896775264,48.830312587636776,2319.6508609530993,2490.1950264733105,7.601676579818575,3.731740640077958,1.0,0.024390243902439025,2.1252997772760036,0.8292682926829268,0.1951219512195122,7.125257845576104,8.10480049012572,27.5,27.875,1204.3519587262585,1003.3798967752641
2,65,f50,trust,ma10,http,2461.644278760181,2389.4813560465004,35.255367101408496,2301.132198436348,2461.00361691756,3.0200245141513524,2.04686346070688,1.0,0.024390243902439025,1.6673768592450413,0.8292682926829268,0.1951219512195122,0.01625041222333856,6.156291260398738,25.125,26.734375,1205.394278760181,1052.7626060465004
2,66,signed,thr,naive,event,2515.813743401307,2396.393060291547,298.0210510424953,1899.6610072746942,3052.7359697193006,4.983351232674289,0.40071224060186117,0.7317073170731707,0.2926829268292683,0.6145731206582686,0.6585365853658537,0.36585365853658536,-4.712514765207882,13.918752552783385,6.875,6.828125,2447.063743401307,2328.111810291547
2,66,signed,mey,naive,event,1184.4390763001365,1160.0045998273447,16.916185400248064,1122.8126586436842,1198.6343394817673,2.106412032885791,1.444443643448927,0.9024390243902439,0.12195121951219512,3.3644383387355132,1.0,0.024390243902439025,3.822067237141046,0.43205759799845866,70.375,70.275,480.68907630013655,457.2545998273447
2,66,signed,trust,naive,event,1016.7891527407738,1023.7111442969779,12.488857467311165,995.5436751934209,1052.2948536487193,-0.6761664747683912,-0.5542533874152965,0.2682926829268293,0.7560975609756098,-0.1093447563822304,0.43902439024390244,0.5853658536585366,0.21892714372348093,-1.5629468419336636,56.875,58.15625,448.03915274077383,442.14864429697786
2,65,base,thr,ma10,http,3275.6740355757115,2278.378636229881,183.67493609049887,1935.2136641281759,2811.453326126509,43.772153736311914,5.429676038403252,1.0,0.01639344262295082,3.9780822438073145,0.6885245901639344,0.32786885245901637,31.811364544564608,55.38358759673157,8.833333333333334,8.769444444444444,3187.340702242378,2190.6841917854367
2,65,base,mey,ma10,http,1202.5929907926334,1096.3203877387427,8.920549962756892,1076.3827995122317,1120.3646313431111,9.693571718855583,11.913234441550857,1.0,0.01639344262295082,-0.2979890809096022,0.36065573770491804,0.6557377049180327,6.81699065230299,12.614653578135853,65.33333333333333,66.98611111111111,549.2596574593001,426.45927662763165
2,65,base,trust,ma10,http,1064.1724412750798,1032.658861373997,8.959235323396662,1011.6601037733477,1051.4425325159846,3.0516931660425155,3.5174408042153273,1.0,0.01639344262295082,-0.31755570009352246,0.3442622950819672,0.6721311475409836,-0.2080687105357161,6.423527536356811,58.833333333333336,60.795833333333334,475.8391079417464,424.7005280406637
2,66,dwell5,thr,naive,event,1951.1400565461322,2294.0710887198948,309.5800570490189,1913.3774217311989,3137.900687745987,-14.948579137759856,-1.1077297273043105,0.0975609756097561,0.926829268292683,-8.71627097888358,0.34146341463414637,0.6829268292682927,-8.281630599469297,-20.554786992586592,6.375,6.25625,1887.3900565461322,2231.5085887198948
2,66,dwell5,mey,naive,event,1159.3859694810517,1143.493064175102,19.036402839328055,1090.8474636680883,1180.48738797723,1.3898558551742959,0.8348691420374781,0.8292682926829268,0.1951219512195122,-2.3894257602454507,0.07317073170731707,0.9512195121951219,0.30187350457703055,2.4592145612000595,63.0,61.725,529.3859694810517,526.2430641751021
2,66,dwell5,trust,naive,event,1013.861158986871,1012.8379086007565,10.455536165361421,992.3645352486166,1041.1423462595988,0.10102804974274682,0.09786684966998989,0.5365853658536586,0.4878048780487805,-0.12784336774566965,0.34146341463414637,0.6829268292682927,-2.640748765487103,2.801610181870403,54.625,54.61875,467.61115898687103,466.65040860075646
2,66,dwell200,thr,naive,event,1984.5074991780145,2444.7006467355704,230.91003786016898,2023.9489270678348,2920.864467567565,-18.824110353635966,-1.9929542770082291,0.024390243902439025,1.0,-5.485155354951215,0.2926829268292683,0.7317073170731707,-14.301718340479269,-22.740950453979163,5.5,5.828125,1929.5074991780145,2386.4193967355704
2,66,dwell200,mey,naive,event,1018.9574156020881,1035.6786215738962,11.945621248484274,1005.2643697640589,1061.8663985503563,-1.6145168610700185,-1.3997770081593524,0.0975609756097561,0.926829268292683,-0.6376450547775794,0.3170731707317073,0.7073170731707317,-1.3285081970966723,-1.8805219150936492,53.875,54.771875,480.2074156020881,487.9598715738962
2,66,dwell200,trust,naive,event,900.6660094904737,919.3131225320085,13.062434884230564,896.7236145175175,948.707433848715,-2.028374509674808,-1.4275373011846553,0.12195121951219512,0.9024390243902439,-1.2314002895917147,0.24390243902439024,0.7804878048780488,-2.080395136212402,-1.9800819178733458,50.125,50.265625,399.4160094904737,416.6568725320085
2,66,f2,thr,naive,event,2110.1395393126268,2206.153088755427,202.66105102520496,1879.533054789902,2829.015154129958,-4.352080095083738,-0.47376419374662576,0.3902439024390244,0.6341463414634146,-6.584950551538702,0.24390243902439024,0.7804878048780488,-11.97927753459959,3.4429186623976884,6.625,6.390625,2096.8895393126268,2193.371838755427
2,66,f2,mey,naive,event,521.4573255557434,518.2733836908773,5.443267305368201,508.64679043940293,532.9431947939356,0.6143363647563262,0.5849321163643956,0.7073170731707317,0.3170731707317073,-1.1053034343525172,0.14634146341463414,0.8780487804878049,3.7022604057977166,-2.4838174751148547,141.25,140.290625,238.9573255557434,237.69213369087726
2,66,f2,trust,naive,event,447.85945174619064,449.7823498583342,4.259390753186555,441.71002778048694,460.4896009697298,-0.4275174676705782,-0.45144909766848784,0.2926829268292683,0.7317073170731707,-2.240697766740233,0.024390243902439025,1.0,0.464226094740594,-1.3056551389094952,123.125,123.06875,201.60945174619064,203.64484985833423
2,66,f50,thr,naive,event,2300.0087564201112,2538.678064813689,221.26766283057287,2131.4687793320363,3320.8387227822877,-9.401322353612159,-1.0786452269635518,0.17073170731707318,0.8536585365853658,0.5647921493732739,0.5121951219512195,0.5121951219512195,-7.39775923435696,-11.47115295149111,6.125,6.365625,1993.7587564201112,2220.396814813689
2,66,f50,mey,naive,event,2501.123036774635,2571.5175822777082,50.37746773317875,2499.643503371701,2728.710428417724,-2.7374708999936863,-1.397341880618414,0.04878048780487805,0.975609756097561,-2.5444041515998586,0.04878048780487805,0.975609756097561,-0.7540916320746102,-4.884763936675003,25.75,26.43125,1213.6230367746348,1249.9550822777082
2,66,f50,trust,naive,event,2176.5249291047444,2175.9326801801294,34.57784401848337,2109.679957273952,2258.849922241271,0.02721816396295634,0.017127988786646012,0.5609756097560976,0.4634146341463415,-2.075003098925746,0.0975609756097561,0.926829268292683,0.0729530401048197,-0.01879262468668874,23.875,23.725,982.7749291047444,989.6826801801294
2,67,signed,thr,seasonal60,storage,2517.8023122017553,2413.6262661138294,204.5076290247659,2001.449644531559,2827.387823273551,4.316163092460017,0.5093993147576424,0.7073170731707317,0.3170731707317073,3.9091915651087765,0.6829268292682927,0.34146341463414637,-2.302575158400679,12.179376246943283,7.875,8.409375,2439.0523122017553,2329.5325161138294
2,67,signed,mey,seasonal60,storage,1143.7161414408667,1099.0290034472532,12.329292626783591,1074.7033486573832,1124.8365198148706,4.0660562963712765,3.6244689250490527,1.0,0.024390243902439025,1.1865092883050574,0.8292682926829268,0.1951219512195122,1.3983437391443572,6.7807928621316975,65.625,66.046875,487.46614144086675,438.5602534472532
2,67,signed,trust,seasonal60,storage,1057.6897780095978,1059.6184545605029,11.279832538478821,1040.5565212969923,1086.826608488374,-0.18201613444954523,-0.17098450214803776,0.4634146341463415,0.5609756097560976,-1.1532908307005034,0.1951219512195122,0.8292682926829268,-0.8452419767533313,0.46580741938630765,59.875,63.728125,458.93977800959783,422.33720456050287
2,66,base,thr,naive,event,2126.6590353875913,2321.5373695296007,221.3293089161187,1976.830371532875,3181.5744849514117,-8.394365591517333,-0.8804904108559165,0.16393442622950818,0.8524590163934426,-2.8971827898763878,0.39344262295081966,0.6229508196721312,-16.76203037925264,-0.01060124293513437,6.083333333333333,6.298611111111111,2065.825702054258,2258.5512584184894
2,66,base,mey,naive,event,1138.4811292328611,1099.2230245995042,14.70076575859383,1067.5568502394242,1126.8158643218019,3.5714412593986875,2.6704802510309524,1.0,0.01639344262295082,-1.285292655820922,0.19672131147540983,0.819672131147541,4.74487407065218,2.422043836025554,58.916666666666664,58.90555555555556,549.3144625661945,510.1674690439487
2,66,base,trust,naive,event,971.010852728862,969.4002172983629,10.124024317945443,942.0527353950156,990.7450192013081,0.16614762424829996,0.15909043478334392,0.5573770491803278,0.45901639344262296,-0.3217230351879216,0.39344262295081966,0.6229508196721312,0.41672932662681444,-0.07849365730377109,52.166666666666664,52.670833333333334,449.3441860621954,442.69188396502955
2,67,dwell5,thr,seasonal60,storage,3244.535692326526,2208.878186421452,244.19344483990207,1799.1556809953893,2905.541132644422,46.886130356645715,4.241135574233251,1.0,0.024390243902439025,-12.688699129584611,0.07317073170731707,0.9512195121951219,41.967923866917744,51.61937854656789,7.75,7.384375,3167.035692326526,2135.034436421452
2,67,dwell5,mey,seasonal60,storage,1219.476371528986,1120.1886495154824,12.92537303541179,1092.4368362895732,1146.9213689320964,8.863482240821547,7.681613655674296,1.0,0.024390243902439025,-2.2829041944220125,0.04878048780487805,0.975609756097561,9.411785505973711,8.32848077628973,66.625,68.2375,553.226371528986,437.81364951548244
2,67,dwell5,trust,seasonal60,storage,1141.1334062410053,1057.1133994966865,12.465831607068878,1032.2775454082403,1084.804461414874,7.948059951214552,6.7400242031726485,1.0,0.024390243902439025,-2.043895358409213,0.04878048780487805,0.975609756097561,8.849863591450449,7.043282058004111,60.375,61.640625,537.3834062410053,440.7071494966865
2,67,dwell200,thr,seasonal60,storage,2217.499665373424,2027.5212549320445,184.01541861485347,1650.05695102644,2443.9102869459784,9.369983667458358,1.0324048488513153,0.8048780487804879,0.21951219512195122,-6.677081692973525,0.24390243902439024,0.7804878048780488,-8.908488228945311,28.566621001696436,5.625,6.309375,2161.249665373424,1964.4275049320445
2,67,dwell200,mey,seasonal60,storage,935.7379366487794,905.6338015363424,15.081908914621199,877.4485429763963,939.4912746005556,3.3240957947205056,1.9960427610892457,0.9512195121951219,0.07317073170731707,-3.35533525141937,0.024390243902439025,1.0,3.43943382639833,3.2197937708275233,52.875,54.43125,406.9879366487794,361.3213015363424
2,67,dwell200,trust,seasonal60,storage,837.2984681427807,826.1928065828467,11.444999649852782,807.2578826482466,850.5233626901318,1.3441973194934091,0.9703505373263026,0.8048780487804879,0.21951219512195122,-0.5942573522370594,0.4634146341463415,0.5609756097560976,1.3701941849005081,1.3209027411354732,46.125,47.99375,376.04846814278073,346.25530658284674
2,67,f2,thr,seasonal60,storage,2390.062743248614,2076.4943053287957,232.6740659186848,1718.795227301051,2749.6930737487255,15.100857108787848,1.3476724906221589,0.8780487804878049,0.14634146341463414,26.89143194725374,0.9512195121951219,0.07317073170731707,22.71519660279492,8.278037802998576,7.25,7.3375,2375.562743248614,2061.8193053287955
2,67,f2,mey,seasonal60,storage,553.0398694223443,490.408986548893,5.174136013477789,478.3834251459969,501.8460414348474,12.77115317853318,12.10460697405479,1.0,0.024390243902439025,2.54075360886057,1.0,0.024390243902439025,13.906730128293322,11.640029658160334,144.0,146.96875,265.0398694223443,196.47148654889298
2,67,f2,trust,seasonal60,storage,479.53063295995156,456.0986334189719,4.787989786214713,447.5505696015879,466.5431499610768,5.137485145555143,4.893911764065091,1.0,0.024390243902439025,3.4750271895411444,1.0,0.024390243902439025,6.298509153005599,3.9453923932797417,127.125,131.49375,225.28063295995156,193.11113341897186
2,67,f50,thr,seasonal60,storage,2748.346822778032,2548.1715465813077,291.7992486528955,2045.1405553632767,3595.3690804497387,7.855643646334755,0.6860033982981204,0.8780487804878049,0.14634146341463414,22.836402993565997,0.926829268292683,0.0975609756097561,-10.616884413503438,30.214888205530126,7.0,7.3875,2398.346822778032,2178.7965465813077
2,67,f50,mey,seasonal60,storage,2539.7741162251104,2470.555111403709,53.77774104022037,2348.743795500859,2597.38838086626,2.8017591877184636,1.287131134229544,0.8780487804878049,0.14634146341463414,5.318622072004034,1.0,0.024390243902439025,-0.264052929887479,5.706504047449336,29.375,28.690625,1071.0241162251104,1036.023861403709
2,67,f50,trust,seasonal60,storage,2333.1426132898223,2216.85409686642,41.39251217885616,2122.050417294935,2306.635036384208,5.245654939031799,2.809409487419414,1.0,0.024390243902439025,2.243600511930416,0.926829268292683,0.0975609756097561,2.7295291430093003,7.885996339078754,24.75,24.65,1095.6426132898223,984.3540968664202
2,67,base,thr,seasonal60,storage,2452.929207101494,2359.5432030739926,200.3607035688799,1948.4750491941359,2925.3206845407417,3.957800132917201,0.46608941955225797,0.7213114754098361,0.29508196721311475,-7.962867835725613,0.19672131147540983,0.819672131147541,15.669149147365532,-5.8016241097248855,6.833333333333333,7.2125,2384.5958737681603,2287.4182030739926
2,67,base,mey,seasonal60,storage,1109.9625189690362,1069.4590945612058,11.115664302366172,1040.9418640609065,1092.4572128226152,3.7872813101326472,3.643815007908118,1.0,0.01639344262295082,0.2954638277056762,0.5737704918032787,0.4426229508196721,0.7548058689618694,6.665721315813002,60.416666666666664,64.01805555555555,505.79585230236955,429.2785390056504
2,67,base,trust,seasonal60,storage,1036.4791812818976,1005.2882594269698,11.254274322863754,983.639649159799,1037.6571220704357,3.1026843855420205,2.7714733940296323,0.9836065573770492,0.03278688524590164,0.359544295707548,0.6065573770491803,0.4098360655737705,2.8972100236345795,3.2957426914754393,57.25,58.51111111111111,463.9791812818976,420.17714831585874
2,68,signed,thr,ma10,event,3580.4832802376964,2866.4968943844474,422.85827025867036,2107.0055308527117,4060.144382742726,24.90797695444811,1.688476816159916,0.975609756097561,0.04878048780487805,-10.6723843403209,0.2682926829268293,0.7560975609756098,7.17195438454145,43.719595970316895,8.75,9.359375,3492.9832802376964,2772.9031443844474
2,68,signed,mey,ma10,event,1090.353303998033,1098.5611159845198,18.755630015688357,1038.6309680438494,1140.352968654165,-0.7471420449039897,-0.4376185699771916,0.3170731707317073,0.7073170731707317,-1.7933484866058276,0.14634146341463414,0.8780487804878049,-0.609559489452901,-0.8845678976774605,66.25,66.378125,427.85330399803297,434.7798659845198
2,68,signed,trust,ma10,event,1022.2214284351372,1030.6561278229506,13.93959829209911,1003.1448479009008,1064.2933388840347,-0.818381529990018,-0.6050891289022354,0.3170731707317073,0.7073170731707317,-0.42315230576761165,0.43902439024390244,0.5853658536585366,-3.3118933442815757,1.5887544179676871,60.625,62.134375,415.9714284351372,409.31237782295057
2,68,dwell5,thr,ma10,event,1827.4606917969445,2071.650404204062,309.82698458407833,1709.4614257157298,3122.4872093707,-11.787206563017389,-0.7881486266760319,0.12195121951219512,0.9024390243902439,-3.827535062666425,0.4878048780487805,0.5365853658536586,-16.680676268931595,-6.861114889876539,8.0,8.275,1747.4606917969445,1988.900404204062
2,68,dwell5,mey,ma10,event,1137.8749810232512,1131.624864852102,15.05673733193889,1103.9262440626107,1166.237326360596,0.5523134357750227,0.4151042841061677,0.6829268292682927,0.34146341463414637,-1.0175213156124492,0.24390243902439024,0.7804878048780488,1.2490235007355355,-0.1425070385694192,66.625,66.825,471.62498102325117,463.37486485210206
2,68,dwell5,trust,ma10,event,1075.619340524223,1072.8117445345858,11.902626147660142,1045.1302824659972,1106.123367236416,0.26170444198996934,0.2358803809182077,0.7073170731707317,0.3170731707317073,1.9091229146737805,0.9512195121951219,0.07317073170731707,-1.4594639740388815,2.024079957432828,62.625,61.615625,449.36934052422293,456.65549453458584
2,68,dwell200,thr,ma10,event,2460.774364678109,2459.656953384741,343.0517207010093,1835.6739688628481,3377.939090013336,0.04542955845246944,0.0032572677119496007,0.5853658536585366,0.43902439024390244,0.692316550871139,0.6341463414634146,0.3902439024390244,-2.0506357077770483,2.4899506901536137,7.75,7.796875,2383.274364678109,2381.688203384741
2,68,dwell200,mey,ma10,event,992.6844928326499,997.718662301189,11.951686126059345,973.804208640688,1025.4709693609745,-0.5045680369381997,-0.42120997953273887,0.34146341463414637,0.6829268292682927,-0.08526431313939291,0.4878048780487805,0.5365853658536586,-0.853491158078855,-0.12347835714997202,58.75,60.275,405.1844928326499,394.96866230118906
2,68,dwell200,trust,ma10,event,915.8816942397771,921.6419477482707,13.069340700556529,896.6386872437413,950.3036046237604,-0.6249990598373827,-0.4407455311229545,0.36585365853658536,0.6585365853658537,1.7794374919622866,0.9024390243902439,0.12195121951219512,-3.1769603647862423,2.093137635819839,54.25,54.9125,373.38169423977706,372.5169477482707
2,68,f2,thr,ma10,event,2219.8368865345815,2329.2955387390043,332.92529941308254,1668.379025363266,3369.6369769422245,-4.699217011495233,-0.3287784148497835,0.43902439024390244,0.5853658536585366,13.914299145356765,0.8780487804878049,0.14634146341463414,8.753417344602624,-15.063904267866468,8.125,8.384375,2203.5868865345815,2312.526788739004
2,68,f2,mey,ma10,event,497.86870432612943,497.7984616081947,5.3876688597701,490.6781933932682,517.8145612775415,0.014110673967892779,0.013037682857464187,0.5609756097560976,0.4634146341463415,3.3258166334484254,0.975609756097561,0.04878048780487805,2.178987924143242,-2.2001445261415045,144.25,144.740625,209.36870432612943,208.31721160819473
2,68,f2,trust,ma10,event,462.4417354363625,463.89422294120584,4.117097666648,455.86966826538617,474.4410145893266,-0.3131074786045461,-0.3527940365878974,0.43902439024390244,0.5853658536585366,3.122702299763545,1.0,0.024390243902439025,1.0218853565766934,-1.6395686049266986,135.0,136.1875,192.44173543636248,191.51922294120584
2,68,f50,thr,ma10,event,3328.594299361743,2863.8124264417065,353.57795416400734,2172.7070549750433,4053.402812919902,16.229480277014137,1.3145103291831575,0.926829268292683,0.0975609756097561,-22.305398705219694,0.04878048780487805,0.975609756097561,8.893088290142328,23.231125042237487,8.5,8.440625,2903.594299361743,2441.7811764417065
2,68,f50,mey,ma10,event,2538.858741008627,2473.7719410787568,51.32963289304743,2354.2092605435373,2582.635529057782,2.6310751952941693,1.2680160807985486,0.8780487804878049,0.14634146341463414,-1.4725396585307977,0.21951219512195122,0.8048780487804879,3.5597998208220387,1.6768505723237277,28.0,28.634375,1138.858741008627,1042.0531910787568
2,68,f50,trust,ma10,event,2333.5134948722407,2319.59174723077,52.60686756334817,2177.578863475845,2482.280693185795,0.6001809438273336,0.264637456786536,0.6341463414634146,0.3902439024390244,-3.976897449371239,0.04878048780487805,0.975609756097561,2.0498199700916797,-0.8491055111760488,26.125,25.759375,1027.2634948722407,1031.6229972307701
2,68,base,thr,ma10,event,3022.300781170012,2679.8916778449766,397.8570209907371,1932.4559560836915,3751.210916223592,12.776975508218392,0.8606335574332056,0.8360655737704918,0.18032786885245902,-6.9183894303930815,0.3442622950819672,0.6721311475409836,2.1023361874038176,25.553145869593138,8.833333333333334,8.373611111111112,2933.9674478366787,2596.1555667338653
2,68,base,mey,ma10,event,1106.9039657447427,1094.7333930474067,12.41209103890728,1070.694932111283,1131.3047445682944,1.1117385086296456,0.980541687874005,0.8688524590163934,0.14754098360655737,-0.8750340719950939,0.19672131147540983,0.819672131147541,0.49748434147044196,1.7099332581771052,64.66666666666667,63.979166666666664,460.2372990780759,454.9417263807401
2,68,base,trust,ma10,event,1027.055100666321,1020.7812531273428,10.755662748225225,990.4159309706105,1044.196653549797,0.6146123392996572,0.5833064578018267,0.7540983606557377,0.26229508196721313,-3.49085861553241,0.01639344262295082,1.0,0.6542749125762211,0.5766191279051948,58.833333333333336,59.890277777777776,438.7217673329877,421.87847534956506
2,69,signed,thr,naive,http,2399.7858109969275,2177.8996492138044,187.26964832924824,1800.3894832403903,2634.8157367387976,10.188080146999484,1.1848484992774364,0.8780487804878049,0.14634146341463414,-8.14078578159807,0.1951219512195122,0.8292682926829268,5.679945316268886,14.978290178089186,6.0,6.025,2339.7858109969275,2117.6496492138044
2,69,signed,mey,naive,http,1149.474060723634,1139.6207612177989,16.450163071283942,1107.0750235268074,1190.8546353844677,0.8646121447722576,0.5989788346253813,0.8048780487804879,0.21951219512195122,0.9155520360184599,0.8048780487804879,0.21951219512195122,-0.20373846216369854,1.9348823460374267,67.625,66.596875,473.224060723634,473.6520112177989
2,69,signed,trust,naive,http,962.6226439680962,964.8815072227499,10.958545537472698,946.416641763878,992.2479691152844,-0.23410783995181,-0.20612801643516235,0.3902439024390244,0.6341463414634146,0.8379641961955229,0.7317073170731707,0.2926829268292683,2.1024288462398477,-2.607501251607448,52.375,53.221875,438.8726439680962,432.66275722274986
2,69,dwell5,thr,naive,http,2790.896837484989,2419.7059968896747,197.63428127836062,2065.5532711778087,2810.266155208032,15.340328166828888,1.8781703163759624,0.975609756097561,0.04878048780487805,2.5569985113679037,0.6097560975609756,0.4146341463414634,23.78971905565357,4.697128270608263,6.0,6.0125,2730.896837484989,2359.5809968896747
2,69,dwell5,mey,naive,http,1131.8329219051966,1132.8586403603545,16.16482790323745,1098.969201998912,1170.7131105918988,-0.09054249300085522,-0.0634537194764956,0.4878048780487805,0.5365853658536586,-2.4565838924762935,0.07317073170731707,0.9512195121951219,-1.7767972858757535,1.646808864320339,60.875,60.684375,523.0829219051966,526.0148903603545
2,69,dwell5,trust,naive,http,1005.0421353331977,1011.302027104993,12.074308004506921,984.5366027305595,1040.6645714868132,-0.6189932981460751,-0.5184472492716525,0.34146341463414637,0.6829268292682927,2.725288778405966,0.975609756097561,0.04878048780487805,0.6159207647307237,-1.862133175966072,53.75,54.40625,467.54213533319773,467.23952710499304
2,69,dwell200,thr,naive,http,2322.3436889630784,2106.9852970858788,194.74564046579533,1731.8533513725022,2719.8194032380516,10.221162538488368,1.1058444818692859,0.9024390243902439,0.12195121951219512,19.060130031669072,0.975609756097561,0.04878048780487805,20.553700745432014,1.5276085401340578,5.25,5.284375,2269.8436889630784,2054.1415470858788
2,69,dwell200,mey,naive,http,948.3106059003724,968.4442780343172,17.689459305688754,933.9586714689051,1024.2662629310676,-2.0789706326533133,-1.1381734051910828,0.0975609756097561,0.926829268292683,-0.4607377451621197,0.34146341463414637,0.6829268292682927,-2.444036061827954,-1.7238020034069426,52.625,53.325,422.06060590037237,435.1942780343172
2,69,dwell200,trust,naive,http,880.743478520888,873.1666702039495,11.708942375881275,849.2828941693203,904.9807091097798,0.867739066949122,0.6470958754178854,0.7560975609756098,0.2682926829268293,2.2423383025762247,0.9512195121951219,0.07317073170731707,0.1520005792141493,1.5651543711328213,48.875,47.859375,391.99347852088795,394.5729202039495
2,69,f2,thr,naive,http,2669.0144272431776,2338.6722415402824,329.45690385532623,1890.103754749272,3122.5677534168485,14.12520231930094,1.002687094540164,0.8536585365853658,0.17073170731707318,2.220647044752543,0.6829268292682927,0.34146341463414637,9.64076186976266,18.13626302723381,6.0,6.0,2657.0144272431776,2326.6722415402824
2,69,f2,mey,naive,http,490.59387286257896,496.69846011826,4.570705483685234,488.4994119275403,505.13824655012286,-1.2290328530971486,-1.3355897196769486,0.12195121951219512,0.9024390243902439,1.8661146478600104,1.0,0.024390243902439025,-1.6075331216403979,-0.856514571908514,132.0,133.934375,226.59387286257896,228.82971011826004
2,69,f2,trust,naive,http,446.229172656326,444.0267699313689,4.306294262577669,435.62132739662064,453.015440798128,0.4960067442099293,0.5114380464187736,0.7073170731707317,0.3170731707317073,-0.7263515933393468,0.2682926829268293,0.7560975609756098,0.6693908843295381,0.3274815737374358,118.0,117.578125,210.229172656326,208.8705199313689
2,69,f50,thr,naive,http,2919.223103270665,2789.2699725889033,228.75383488983246,2416.0360592958536,3451.8044011327975,4.65903738106583,0.5680915939369799,0.8048780487804879,0.21951219512195122,-8.027157948689162,0.21951219512195122,0.8048780487804879,-5.632749569901564,14.569728957024285,5.875,5.875,2625.473103270665,2495.5199725889033
2,69,f50,mey,naive,http,2500.038350562841,2469.06993383397,57.94092091766463,2360.45372163544,2592.9245467474775,1.2542543370079153,0.5344826460883814,0.7073170731707317,0.3170731707317073,-2.0535336059568396,0.2682926829268293,0.7560975609756098,-0.8024433181939307,3.294863500955246,25.375,25.625,1231.288350562841,1187.81993383397
2,69,f50,trust,naive,http,2226.144260034276,2169.43465209626,34.921562052580576,2106.527155248601,2274.6811767588215,2.614027017740287,1.6239138401836066,0.926829268292683,0.0975609756097561,3.266132306814826,0.975609756097561,0.04878048780487805,2.2668561490350414,2.9539995241831267,24.125,22.5625,1019.8942600342762,1041.30965209626
2,69,base,thr,naive,http,2673.7612625687875,2287.8388662327516,244.89932400516884,1816.826953674942,2962.327616097111,16.86842557105044,1.5758410028436447,0.9672131147540983,0.04918032786885246,1.457532199440208,0.6229508196721312,0.39344262295081966,16.141721540104257,17.770622413829113,6.0,6.0,2613.7612625687875,2227.8388662327516
2,69,base,mey,naive,http,1078.5523552066143,1073.17444193414,13.087539761739741,1055.23445172329,1118.1561755563914,0.5011220042458137,0.41091858136668585,0.7213114754098361,0.29508196721311475,2.129186853393947,0.9508196721311475,0.06557377049180328,0.7112844679551638,0.2942594832295711,57.916666666666664,56.88472222222222,499.38568853994764,504.3272197119179
2,69,base,trust,naive,http,972.7759708278528,966.612989111078,9.887563889471727,944.7025836361909,992.2534448356504,0.6375852369253181,0.6233063862512288,0.6885245901639344,0.32786885245901637,0.47590775377662814,0.6557377049180327,0.36065573770491804,1.554382561182184,-0.24173579472443746,53.25,52.37222222222222,440.2759708278528,442.89076688885586
2,70,signed,thr,seasonal60,timer,2393.592517933149,2277.2608750722225,262.4041172060318,1810.9168212147342,2877.0724575244058,5.10840212179191,0.4433300974831364,0.7317073170731707,0.2926829268292683,-3.4929538699415734,0.5365853658536586,0.4878048780487805,8.820980295833053,1.557117458632258,6.25,6.534375,2331.092517933149,2211.9171250722225
2,70,signed,mey,seasonal60,timer,1144.7185254395745,1166.1130451933357,14.774062264077218,1128.3373696758083,1197.8880110659431,-1.8346865976629294,-1.448113550041105,0.07317073170731707,0.9512195121951219,0.03645424483827333,0.5609756097560976,0.4634146341463415,-0.7345009954192925,-2.9061052952650717,70.875,71.178125,435.9685254395745,454.33179519333567
2,70,signed,trust,seasonal60,timer,986.0701383945315,990.6615824498944,11.225371533891485,970.2551012200366,1014.7315036949338,-0.4634725053139047,-0.4090237941346062,0.34146341463414637,0.6829268292682927,-1.0487081689101356,0.17073170731707318,0.8536585365853658,-0.6400671206244711,-0.29110410453432456,55.5,55.64375,431.07013839453145,434.22408244989435
2,70,dwell5,thr,seasonal60,timer,2216.5554079913227,2335.9320391625524,332.12392910371864,1827.3848311520483,3211.3027685784973,-5.110449669333149,-0.35943399650059465,0.4878048780487805,0.5365853658536586,-15.954983994327065,0.1951219512195122,0.8292682926829268,-1.2881158943768147,-8.84340046720439,6.0,6.06875,2156.5554079913227,2275.2445391625524
2,70,dwell5,mey,seasonal60,timer,1146.1000601155042,1138.5571567604056,16.647273953709686,1101.2480497797087,1176.1068569837491,0.6624966792673627,0.4531014132447628,0.7073170731707317,0.3170731707317073,-2.9806756508300865,0.07317073170731707,0.9512195121951219,1.56347951107764,-0.21087981030225494,64.375,64.25,502.3500601155042,496.05715676040563
2,70,dwell5,trust,seasonal60,timer,987.4721341991997,1004.4268980321965,13.443972077264872,971.2378300229831,1034.1923813235749,-1.6880037627639632,-1.261142446261776,0.14634146341463414,0.8780487804878049,-2.2048684547396866,0.07317073170731707,0.9512195121951219,-0.259148646757521,-3.1090260948466475,56.5,56.665625,422.4721341991997,437.7706480321965
2,70,dwell200,thr,seasonal60,timer,2586.839235991397,2354.045200210395,292.23840690473247,1828.414612169232,2972.947231580187,9.889106452169905,0.7965894635364995,0.7317073170731707,0.2926829268292683,3.7289302676269016,0.6097560975609756,0.4146341463414634,-7.237006174600777,28.314134082646458,5.0,5.08125,2536.839235991397,2303.232700210395
2,70,dwell200,mey,seasonal60,timer,983.3241242180138,976.7671122220945,14.9516766505183,948.1581220441892,1008.6365857549084,0.6712973761987593,0.43854693685420304,0.6341463414634146,0.3902439024390244,-2.1637935649825084,0.12195121951219512,0.9024390243902439,-0.2634627203775262,1.501884356211308,54.875,54.228125,434.5741242180138,434.4858622220945
2,70,dwell200,trust,seasonal60,timer,882.8297810617212,882.3083842997123,14.409478287304836,863.4085097891387,918.1021869547154,0.05909461717545558,0.03618429145128925,0.5853658536585366,0.43902439024390244,-0.4743224369542051,0.4878048780487805,0.5365853658536586,-1.8796280868950188,1.7815130452346843,47.0,46.20625,412.8297810617212,420.2458842997123
2,70,f2,thr,seasonal60,timer,2056.213762525853,2189.4294277487897,288.4808694447946,1808.8361441256357,3389.7436173155843,-6.084492312680368,-0.46178336012131926,0.36585365853658536,0.6585365853658537,-13.72137270594959,0.07317073170731707,0.9512195121951219,6.736519539859839,-18.6540214848298,6.125,6.1125,2043.9637625258529,2177.20442774879
2,70,f2,mey,seasonal60,timer,488.2846146469207,492.2603699575251,5.3343234010284135,478.71417238514226,505.93411613346586,-0.807652931912317,-0.7453157620398263,0.17073170731707318,0.8536585365853658,2.6111973622525166,0.975609756097561,0.04878048780487805,-1.047891680579916,-0.5635887014628392,140.875,142.23125,206.53461464692072,207.7978699575251
2,70,f2,trust,seasonal60,timer,430.1124559939067,432.66211319950435,3.0819235914739793,426.67901139916745,438.9363545631634,-0.5892952324258628,-0.8272941005582342,0.1951219512195122,0.8292682926829268,0.9023801384043204,0.9024390243902439,0.12195121951219512,-0.5720051838020812,-0.6066615772155447,122.875,123.14375,184.36245599390668,186.37461319950435
2,70,f50,thr,seasonal60,timer,2692.7646508048647,2646.9044019906983,393.0742693660231,1951.9417322780714,3468.1726198404945,1.7325993632288192,0.11667069657887542,0.5365853658536586,0.4878048780487805,-9.024915251401083,0.36585365853658536,0.6585365853658537,7.324723840329633,-3.5003929408161674,5.875,5.99375,2399.0146508048647,2347.2169019906983
2,70,f50,mey,seasonal60,timer,2482.0699250950743,2426.647729624253,64.49048381789761,2268.617178010897,2610.969785858001,2.2838995044164525,0.8593856362950786,0.8048780487804879,0.21951219512195122,0.7654792834241678,0.7317073170731707,0.2926829268292683,4.7565618704989445,-0.3247532671743357,26.625,26.86875,1150.8199250950743,1083.2102296242529
2,70,f50,trust,seasonal60,timer,2080.0136117947413,2132.216972389263,40.66689278260796,2057.5264509978288,2275.005872925389,-2.448313716217398,-1.2836820573822523,0.07317073170731707,0.9512195121951219,-0.8351305775860622,0.36585365853658536,0.6585365853658537,0.6768348384093509,-5.679910036110088,23.0,23.559375,930.0136117947413,954.248222389263
2,70,base,thr,seasonal60,timer,2302.043065167767,2371.733398682516,271.37828952639296,2013.9456742253099,3027.656871047211,-2.9383713006470953,-0.2568014325551685,0.5245901639344263,0.4918032786885246,-6.343096157971533,0.39344262295081966,0.6229508196721312,0.8531394643323333,-6.608064123334311,6.0,6.079166666666667,2242.043065167767,2310.9417320158495
2,70,base,mey,seasonal60,timer,1076.641046226692,1081.2928411459282,12.287715722306004,1052.4687534991438,1111.3589702979198,-0.43020676196342156,-0.3785727977732863,0.36065573770491804,0.6557377049180327,-0.28415784653844506,0.4262295081967213,0.5901639344262295,-1.8027775774022365,0.9328687580738966,61.75,61.266666666666666,459.14104622669197,468.6261744792615
2,70,base,trust,seasonal60,timer,969.8938945165361,969.0315072026501,8.592046868725488,946.0227674019251,989.9794300315522,0.0889947651315751,0.10037041546235002,0.4918032786885246,0.5245901639344263,-0.02448318269763274,0.47540983606557374,0.5409836065573771,0.9479583779542116,-0.7833345980581352,54.0,53.87361111111111,429.8938945165361,430.29539609153903
2,71,signed,thr,ma10,timer,1858.9384835683131,1994.1102561820612,103.93766301026993,1786.7764061393068,2216.1300517566033,-6.778550593914952,-1.3005080997481342,0.07317073170731707,0.9512195121951219,-7.322408787419494,0.04878048780487805,0.975609756097561,-10.526284962729948,-2.8819965723698506,6.0,6.0,1798.9384835683131,1934.1102561820612
2,71,signed,mey,ma10,timer,1030.6731006578545,1024.798866997714,15.560793742734946,990.9451799749237,1063.022849897161,0.573208445999745,0.377502186408914,0.6829268292682927,0.34146341463414637,0.891734394758322,0.7560975609756098,0.2682926829268293,-1.1126811437136817,2.3749487893437364,58.5,57.215625,445.67310065785455,452.64261699771396
2,71,signed,trust,ma10,timer,924.7768475794633,937.3543147597168,10.807896141448877,917.7277749546988,959.919310594379,-1.3418050124917427,-1.1637294636851874,0.12195121951219512,0.9024390243902439,-0.7281773325464611,0.24390243902439024,0.7804878048780488,-1.1546361522515323,-1.5332557836160672,52.0,52.890625,404.77684757946326,408.4480647597168
2,71,dwell5,thr,ma10,timer,1939.7576873741357,1955.8182050053542,11.961788539960324,1938.1817877835251,1986.0675662721997,-0.8211661794596383,-1.3426518599259418,0.07317073170731707,0.9512195121951219,-0.7588418460111042,0.12195121951219512,0.9024390243902439,-0.9349735507106036,-0.6894161093502319,6.0,6.0,1879.7576873741357,1895.8182050053542
2,71,dwell5,mey,ma10,timer,1153.3571094329968,1154.8803241508897,6.897577252493786,1143.112963089839,1168.515347949362,-0.1318937283837434,-0.22083329582748187,0.4878048780487805,0.5365853658536586,0.586082779450803,0.8048780487804879,0.21951219512195122,0.11746811466616049,-0.3866179395544436,54.75,54.415625,605.8571094329968,610.7240741508897
2,71,dwell5,trust,ma10,timer,1004.0872018408472,1005.2642509221902,4.472055303524784,994.1333683441645,1016.3426843834113,-0.1170885247598494,-0.26320092249646754,0.4146341463414634,0.6097560975609756,0.5342877150354686,0.9024390243902439,0.12195121951219512,0.2973668374783772,-0.5499440891223627,54.5,54.359375,459.08720184084723,461.6705009221902
2,71,dwell200,thr,ma10,timer,1902.6809970568338,1918.8681925601145,15.437828066343558,1901.6578387817835,1955.857314730134,-0.8435803754547657,-1.0485409886492292,0.14634146341463414,0.9512195121951219,-0.11550634693218917,0.5609756097560976,0.4634146341463415,-0.9693107497535088,-0.7185706716676413,4.875,4.875,1853.9309970568338,1870.1181925601145
2,71,dwell200,mey,ma10,timer,958.7170201317208,960.4044306316644,5.257505777145631,950.9898952341589,970.4693105117105,-0.1756979087272361,-0.3209526668099394,0.4146341463414634,0.6097560975609756,-0.13676297526088382,0.4146341463414634,0.6097560975609756,-1.6205039448788476,1.4692251056387131,42.5,42.5375,533.7170201317208,535.0294306316644
2,71,dwell200,trust,ma10,timer,803.9305215641264,805.562706212693,3.644872209576409,796.4898312473327,814.831593932895,-0.20261422679809227,-0.4478029831274444,0.3902439024390244,0.6341463414634146,0.2445129097270145,0.7317073170731707,0.2926829268292683,-0.33872790635271705,-0.054336287263688464,41.625,41.51875,387.68052156412637,390.375206212693
2,71,f2,thr,ma10,timer,1829.7118415122532,1834.0954015793257,12.807294529794305,1820.4553443278553,1873.1611424856728,-0.23900392876498378,-0.34227057532523986,0.4634146341463415,0.5609756097560976,-0.42617506625299195,0.3170731707317073,0.7073170731707317,-0.05915552885099975,-0.4082713239365713,6.0,6.0,1817.7118415122532,1822.0954015793257
2,71,f2,mey,ma10,timer,534.6998765109965,533.522661789345,3.044843152966797,528.1568545025998,540.870940974399,0.22064943177922394,0.38662573489361524,0.7073170731707317,0.3170731707317073,-0.01196997217917104,0.5609756097560976,0.4634146341463415,-0.12448675363642064,0.5583093985682029,114.625,114.965625,305.44987651099655,303.591411789345
2,71,f2,trust,ma10,timer,449.03943886509217,447.9744379910111,1.7509616881726382,443.344496599874,451.53830857795526,0.23773697420263273,0.6082376794848946,0.7560975609756098,0.2682926829268293,0.31730629507349334,0.8048780487804879,0.21951219512195122,0.3427495761003106,0.135951445987542,112.125,111.665625,224.78943886509217,224.64318799101108
2,71,f50,thr,ma10,timer,2402.0936833112023,2393.588044954581,17.676823528717133,2374.782414892881,2437.977873234692,0.35535097088031053,0.4811745924149321,0.8048780487804879,0.21951219512195122,1.2931819181534885,0.8780487804878049,0.14634146341463414,-0.3610650684632534,1.036627834052939,6.0,6.0,2102.0936833112023,2093.588044954581
2,71,f50,mey,ma10,timer,2369.47171918231,2382.379794775181,14.808239204102383,2337.1193318648275,2419.419969937561,-0.5418143497178575,-0.871682001820635,0.1951219512195122,0.8292682926829268,0.7168312653447305,0.8780487804878049,0.14634146341463414,-0.049611819400015966,-1.073414271003925,22.5,22.75625,1244.4717191823102,1244.567294775181
2,71,f50,trust,ma10,timer,2160.1820210161136,2148.725208555816,9.416317178819321,2130.7838623785397,2166.8373645701195,0.5331911411788994,1.216697806873788,0.9024390243902439,0.12195121951219512,0.16179364730283355,0.6097560975609756,0.4146341463414634,-0.6207583863034213,1.6731299010265748,22.375,22.25,1041.4320210161136,1036.2252085558162
2,71,base,thr,ma10,timer,2096.0632676443815,2093.299399718225,16.880676865330656,2073.350088156933,2136.6307305930036,0.13203404761539617,0.16372968620903844,0.7377049180327869,0.2786885245901639,0.18932388173106174,0.7868852459016393,0.22950819672131148,-0.5164432545457271,0.7321353228610374,6.0,6.0,2036.0632676443815,2033.2993997182248
2,71,base,mey,ma10,timer,1113.5637114477342,1113.9517696150228,5.221995132122829,1102.0349410732772,1125.338256539807,-0.034836173151616995,-0.07431224225037507,0.4918032786885246,0.5245901639344263,1.2644947062984162,1.0,0.01639344262295082,-0.3724708074377332,0.30846258720024855,48.666666666666664,49.15833333333333,626.8970447810676,622.3684362816896
2,71,base,trust,ma10,timer,990.386457212646,995.1624628764439,4.302336696242398,984.5894336357796,1005.5750835208632,-0.4799222078768177,-1.1100957458697371,0.11475409836065574,0.9016393442622951,-0.4161820399615201,0.16393442622950818,0.8524590163934426,-0.6122759547692493,-0.3513504570226,52.5,52.87222222222222,465.38645721264595,466.4402406542217
2,72,signed,thr,naive,http,2334.2605217018563,2202.106560189214,158.30624002927604,1874.4321896732856,2651.3058001005593,6.001251887705512,0.8347994462391534,0.8048780487804879,0.21951219512195122,-9.294503821081012,0.12195121951219512,0.9024390243902439,-4.573092276063309,16.815822372460854,6.0,6.01875,2274.2605217018563,2141.919060189214
2,72,signed,mey,naive,http,1081.9108602019219,1092.36444097922,14.311909913209409,1062.748744704903,1122.6967632225676,-0.9569682411052608,-0.7304113036408827,0.24390243902439024,0.7804878048780488,0.07312011754133828,0.5365853658536586,0.4878048780487805,-2.570459551222294,0.6395483927105416,63.375,63.028125,448.1608602019219,462.08319097922003
2,72,signed,trust,naive,http,972.6551223960341,966.30905806945,10.366960420952164,943.0897460671113,989.1055268500904,0.6567323646186969,0.6121432000221039,0.7073170731707317,0.3170731707317073,1.0830920084132298,0.8292682926829268,0.1951219512195122,1.945392917067185,-0.6070694186547604,55.5,53.85,417.65512239603413,427.80905806945
2,72,dwell5,thr,naive,http,1952.6648733676452,2260.4558480872824,169.48776040143642,1869.1388242907096,2648.5685995290464,-13.616323228789406,-1.8160070909582253,0.07317073170731707,0.9512195121951219,16.335342223947112,0.975609756097561,0.04878048780487805,-18.474609811056222,-8.92923928266647,6.0,6.0,1892.6648733676452,2200.4558480872824
2,72,dwell5,mey,naive,http,1052.3017527284776,1091.1327838705868,15.87028913264659,1053.2185224030545,1127.4226214388473,-3.558781453194307,-2.446775280371565,0.024390243902439025,1.0,3.154543537520529,0.975609756097561,0.04878048780487805,-4.670519013002739,-2.421938438333931,53.0,53.46875,522.3017527284776,556.4452838705868
2,72,dwell5,trust,naive,http,967.2227423299996,1000.637639848093,10.867192744462585,981.4086481753028,1023.4209126156588,-3.3393604425240437,-3.0748417097065017,0.024390243902439025,1.0,0.06393868785655198,0.4878048780487805,0.5365853658536586,-2.9089899982524017,-3.7611592806370426,51.375,52.346875,453.4727423299996,477.16888984809304
2,72,dwell200,thr,naive,http,2266.8107966778507,2123.7703209486403,164.02766857911334,1832.023792809071,2527.767575294546,6.73521398798517,0.8720508982923176,0.8536585365853658,0.17073170731707318,5.876506551243715,0.8292682926829268,0.1951219512195122,16.236759272095824,-0.6975134801373125,4.5,4.5,2221.8107966778507,2078.7703209486403
2,72,dwell200,mey,naive,http,931.3799291153816,929.8283171051522,18.218130955969194,883.4726341439668,967.5990769486468,0.1668708063290717,0.08516856169161621,0.6097560975609756,0.4146341463414634,-2.422301790907235,0.07317073170731707,0.9512195121951219,2.744453424177756,-2.4561442466827383,47.0,47.28125,461.37992911538163,457.0158171051522
2,72,dwell200,trust,naive,http,833.8170938357607,833.2350786659948,9.971788049495446,809.9129640520644,850.9403121664313,0.0698500560847365,0.05836617935289395,0.4634146341463415,0.5609756097560976,-2.5045802192629005,0.04878048780487805,0.975609756097561,2.6270513436299163,-2.4755753343082563,42.625,43.1125,407.5670938357607,402.1100786659948
2,72,f2,thr,naive,http,1985.1276959404806,2228.211555433097,158.9359545029635,1914.352154705795,2611.653186110337,-10.909370741745764,-1.5294453684366554,0.07317073170731707,0.9512195121951219,-3.24511732984163,0.36585365853658536,0.6585365853658537,-8.825477484943542,-12.909757607006384,6.0,6.009375,1973.1276959404806,2216.192805433097
2,72,f2,mey,naive,http,490.60890475359497,495.2201655084483,6.505950206445319,483.99281112411865,508.246962688901,-0.9311536718459149,-0.7087759064440805,0.2926829268292683,0.7317073170731707,1.2705105535231909,0.8536585365853658,0.17073170731707318,0.8077420706750378,-2.6758629792613613,121.375,122.815625,247.85890475359497,249.5889155084483
2,72,f2,trust,naive,http,433.3529941458021,440.8270501081879,3.8823835837689926,432.1337163886585,449.0164414151395,-1.6954621910228815,-1.9251204321057978,0.04878048780487805,0.975609756097561,0.4089579944931483,0.6341463414634146,0.3902439024390244,-1.5419075167852754,-1.851719904719685,115.0,115.3625,203.35299414580209,210.1020501081879
2,72,f50,thr,naive,http,2085.3604903486385,2244.271020858021,139.59640146838143,2010.4355848403306,2563.5511152779004,-7.080719263960757,-1.1383569263809128,0.0975609756097561,0.926829268292683,-4.413510497048009,0.24390243902439024,0.7804878048780488,-6.639431940054741,-7.555431418220086,5.875,5.875,1791.6104903486385,1950.521020858021
2,72,f50,mey,naive,http,2301.9273593537937,2400.1345502996746,46.215650318402254,2296.590384322497,2520.7993153658,-4.091736895901067,-2.124976934637585,0.04878048780487805,0.975609756097561,-3.06716721227935,0.14634146341463414,0.8780487804878049,-7.655042405017517,-0.4592160567556368,24.125,24.65,1095.6773593537937,1167.6345502996746
2,72,f50,trust,naive,http,2143.2585908711535,2156.524612702309,35.355509185393466,2037.6840492145104,2253.217851809248,-0.6151574506971117,-0.3752179543389498,0.34146341463414637,0.6829268292682927,-1.950196489588745,0.07317073170731707,0.9512195121951219,0.7720903881671051,-2.073632355433839,22.5,22.753125,1018.2585908711535,1018.8683627023088
2,72,base,thr,naive,http,1914.0343141038795,1970.0989026596346,91.97681533441971,1799.1557780998326,2195.171845667121,-2.84577533036884,-0.6095513130337155,0.32786885245901637,0.6885245901639344,-1.480668482602091,0.4098360655737705,0.6065573770491803,3.5192160027573443,-9.152458130082726,6.0,6.0,1854.0343141038795,1910.0989026596346
2,72,base,mey,naive,http,1070.4833000919084,1071.0306718788559,13.948020080559036,1041.9634291150971,1097.6932551727605,-0.051107013208802336,-0.039243690773745475,0.4262295081967213,0.5901639344262295,0.1359372326924337,0.4918032786885246,0.5245901639344263,0.5142738917603262,-0.6462927025233433,51.75,53.17638888888889,552.9833000919084,539.2667829899669
2,72,base,trust,naive,http,967.2413154452116,966.4015817837586,8.146817424831637,948.1136058267156,987.6662047428439,0.08689282771071753,0.10307505589771633,0.5573770491803278,0.45901639344262296,0.18045326937228492,0.5901639344262295,0.4262295081967213,-1.404924756959888,1.624309126788386,50.416666666666664,51.329166666666666,463.074648778545,453.109915117092
2,73,signed,thr,seasonal60,http,1973.7095364716374,2429.61534581463,369.577357836332,1887.5586823403603,3529.6579927655043,-18.76452625014727,-1.233586960013095,0.04878048780487805,0.975609756097561,-11.866432673416048,0.21951219512195122,0.8048780487804879,-11.719003139389,-25.34964356152768,6.625,7.3,1907.4595364716374,2356.61534581463
2,73,signed,mey,seasonal60,http,1089.3486297388565,1130.7051687506523,17.285870663751265,1100.3402652152079,1178.4441134872793,-3.6575882161652977,-2.3925054060783353,0.024390243902439025,1.0,-0.8490317221616553,0.2926829268292683,0.7317073170731707,-2.2837321698885766,-5.027669342748371,62.75,67.075,461.8486297388565,459.9551687506523
2,73,signed,trust,seasonal60,http,971.0050018964333,1011.4858574684886,14.095760417030853,974.7760240057484,1049.5220998041768,-4.002117802553297,-2.871846170366606,0.024390243902439025,1.0,-0.21720372085268608,0.3902439024390244,0.6341463414634146,-4.32589574853731,-3.6907602717483092,54.5,58.096875,426.0050018964333,430.5171074684886
2,73,dwell5,thr,seasonal60,http,1632.2325713897826,2397.1209497368604,310.6403597573473,1961.2352355500484,3277.3332247536737,-31.908626822982882,-2.462295559226626,0.024390243902439025,1.0,0.379407146954473,0.6341463414634146,0.3902439024390244,-32.95406913563823,-30.808554534238347,6.375,6.60625,1568.4825713897826,2331.0584497368604
2,73,dwell5,mey,seasonal60,http,1126.1015130488026,1151.7760344594815,16.45909321815522,1110.9945642173147,1186.1238246700627,-2.229124468866698,-1.5598989002844048,0.07317073170731707,0.9512195121951219,2.4130745634900297,0.926829268292683,0.0975609756097561,-1.8886117643157032,-2.590109244034858,65.875,66.015625,467.35151304880264,491.6197844594815
2,73,dwell5,trust,seasonal60,http,974.4990104833465,1008.2742800350782,13.492322076717382,973.5736497506545,1042.9399584562066,-3.3498096917196567,-2.5032955305754903,0.04878048780487805,0.975609756097561,-1.2514414732872234,0.21951219512195122,0.8048780487804879,-4.200140091934362,-2.5183415350148013,52.375,55.803125,450.7490104833465,450.24303003507816
2,73,dwell200,thr,seasonal60,http,2535.022989642774,2370.634345053483,354.1994313852937,1793.3699885172873,3763.246548624419,6.934373701802696,0.46411323684614103,0.8292682926829268,0.1951219512195122,-2.12221400193609,0.4634146341463415,0.5609756097560976,-3.488044835755471,20.32797565004997,5.375,5.6,2481.272989642774,2314.634345053483
2,73,dwell200,mey,seasonal60,http,887.3919985218703,899.1177260801094,10.852575962738005,877.243014752922,918.1776383089928,-1.30413706883078,-1.0804556999646016,0.12195121951219512,0.9024390243902439,0.19063876996387846,0.6341463414634146,0.3902439024390244,-2.555111439572875,0.08948833336003435,50.0,51.58125,387.3919985218703,383.3052260801094
2,73,dwell200,trust,seasonal60,http,800.84483714747,807.5323598305574,11.74891008116112,788.5333848952896,844.4014227082042,-0.828142996584143,-0.5692036654370675,0.36585365853658536,0.6585365853658537,0.357440441178317,0.7073170731707317,0.3170731707317073,-0.26515185792945134,-1.4532594572086448,41.75,44.190625,383.34483714747,365.6261098305574
2,73,f2,thr,seasonal60,http,2629.061146946082,2679.0495293837644,320.8140113985513,2151.6635208047314,3528.2462368778342,-1.865899898057534,-0.15581732923622624,0.5365853658536586,0.4878048780487805,4.406244563513691,0.6829268292682927,0.34146341463414637,-5.2413577460397,1.7029310303298524,6.75,6.803125,2615.561146946082,2665.4432793837645
2,73,f2,mey,seasonal60,http,521.62858944325,508.2199242763204,6.804136333872094,495.3193601394519,525.473658218513,2.6383588140553274,1.9706638005148573,0.975609756097561,0.04878048780487805,0.7769924101337109,0.7804878048780488,0.24390243902439024,1.555447326456179,3.735107282018945,146.125,147.996875,229.37858944325,212.22617427632042
2,73,f2,trust,seasonal60,http,450.5876471269712,440.10595341873324,4.288182842234064,431.82379310591375,450.8026269016034,2.381629611418888,2.4443206117529264,0.975609756097561,0.04878048780487805,1.6965428762082089,0.926829268292683,0.0975609756097561,3.149114023327796,1.6109207243589971,123.0,123.43125,204.5876471269712,193.24345341873322
2,73,f50,thr,seasonal60,http,2221.258081470681,2509.7053639277156,246.2097036611562,2130.885179757064,3114.0216543554825,-11.493272740414888,-1.1715512352592212,0.14634146341463414,0.8780487804878049,-2.2524328963199665,0.5121951219512195,0.5121951219512195,-9.063198826226882,-14.401049627927751,6.5,6.540625,1896.2580814706812,2182.6741139277156
2,73,f50,mey,seasonal60,http,2512.196965692696,2556.531725193971,53.49598066656668,2426.345408813188,2672.548404444535,-1.7341759957198002,-0.8287493555377138,0.21951219512195122,0.8048780487804879,-1.893964480693636,0.1951219512195122,0.8292682926829268,-4.343276431509582,0.9902501176306837,28.375,29.23125,1093.4469656926958,1094.969225193971
2,73,f50,trust,seasonal60,http,2214.711698162309,2202.0032631016907,41.55326243206652,2109.6082177383755,2293.6204978634096,0.5771306189036922,0.30583483261740785,0.6097560975609756,0.4146341463414634,1.2860078264218064,0.7317073170731707,0.2926829268292683,1.9345510951568652,-0.8133996849799924,23.125,23.071875,1058.461698162309,1048.4095131016907
2,73,base,thr,seasonal60,http,1990.6418502394918,2367.146027402205,269.2136590616052,1884.4285511089322,3030.9085084662697,-15.905405615212645,-1.3985329662510047,0.09836065573770492,0.9180327868852459,-13.651901758713567,0.16393442622950818,0.8524590163934426,-24.91313858213152,-7.200707984606003,6.583333333333333,6.669444444444444,1924.8085169061585,2300.451582957761
2,73,base,mey,seasonal60,http,1137.5519924068465,1120.006588051266,11.667633418458761,1093.2585056081884,1159.8262951531924,1.5665447456080013,1.5037671930815788,0.9508196721311475,0.06557377049180328,0.44253735787833504,0.7049180327868853,0.3114754098360656,2.0481526449076997,1.0934646499401985,64.08333333333333,65.31944444444444,496.7186590735132,466.81214360682145
2,73,base,trust,seasonal60,http,994.0749259718617,973.0820687790293,9.212848425407124,950.6725792691869,992.115559795846,2.1573573151104397,2.2786500139238637,1.0,0.01639344262295082,-0.4129385633553372,0.3770491803278688,0.639344262295082,2.020245941817973,2.291873624890502,54.833333333333336,54.416666666666664,445.74159263852835,428.9154021123627
2,74,signed,thr,ma10,http,1835.845458512812,1993.0210683486462,139.86359183254962,1761.3248115952397,2401.1301693785917,-7.886299464263309,-1.1237778736871795,0.14634146341463414,0.8780487804878049,-6.866452768871687,0.17073170731707318,0.8536585365853658,-5.037902653244915,-10.146239670515495,15.5,15.090625,1680.845458512812,1842.1148183486462
2,74,signed,mey,ma10,http,1048.2106987541256,1060.5685102174841,17.676793017689395,1033.847031632451,1149.0689067135381,-1.165206334555831,-0.699098046291084,0.1951219512195122,0.8292682926829268,1.3970348736658826,0.926829268292683,0.0975609756097561,-0.6156274808543316,-1.7254940127288003,64.375,64.078125,404.4606987541256,419.7872602174841
2,74,signed,trust,ma10,http,973.4871318328596,996.7082814427662,12.93643440015233,981.306652345836,1048.5827479241113,-2.329783954066601,-1.795019314567321,0.024390243902439025,1.0,-1.7264742510148479,0.024390243902439025,1.0,-2.394362444473449,-2.2670053572990536,56.125,57.846875,412.23713183285963,418.2395314427662
2,74,dwell5,thr,ma10,http,1650.1600392081,1760.5206394128313,164.47084591105045,1623.7811462439013,2613.3656051017406,-6.268634274093985,-0.6710040286678943,0.12195121951219512,0.9024390243902439,-5.592215878842332,0.14634146341463414,0.8780487804878049,-7.284356927524205,-5.2081175854606325,12.625,12.265625,1523.9100392081,1637.8643894128313
2,74,dwell5,mey,ma10,http,1077.853197110452,1075.5601486174928,14.547591877461565,1046.274801244684,1120.4564745893483,0.21319574697022142,0.1576239223834485,0.6341463414634146,0.3902439024390244,-0.004701729131594722,0.5609756097560976,0.4634146341463415,-1.1799611204355478,1.5863628044226363,65.375,64.578125,424.1031971104519,429.7788986174928
2,74,dwell5,trust,ma10,http,1014.0454099161022,1009.3878325143523,12.869742446930944,985.6198849476509,1039.3633087442572,0.46142595063267505,0.3619013683417262,0.7073170731707317,0.3170731707317073,-0.5007178152870675,0.36585365853658536,0.6585365853658537,-1.4467991575349075,2.4823780888410774,59.125,58.353125,422.79540991610224,425.85658251435234
2,74,dwell200,thr,ma10,http,1722.3844353956008,1957.6993148635345,277.5319392147897,1669.3926698224943,3256.8092798067237,-12.01997046642154,-0.8478839593514926,0.0975609756097561,0.926829268292683,-12.585904072561297,0.0975609756097561,0.926829268292683,-12.37069333743957,-11.664240987734402,12.25,11.328125,1599.8844353956008,1844.4180648635345
2,74,dwell200,mey,ma10,http,855.2007160050866,846.2246372460522,11.8765261426627,814.4696640600541,868.2105627330143,1.0607205656699028,0.7557831853533886,0.8292682926829268,0.1951219512195122,0.9814474031702198,0.8048780487804879,0.21951219512195122,1.120927598272868,1.0007362982276402,50.5,50.315625,350.20071600508663,343.0683872460522
2,74,dwell200,trust,ma10,http,807.6277750038755,817.6066451345662,9.176821679913958,795.2020238325945,834.4248809920673,-1.2204976794248399,-1.0873993718906203,0.17073170731707318,0.8536585365853658,0.0434480240972607,0.5365853658536586,0.4878048780487805,-0.7802010421990714,-1.6800654019892558,48.375,48.66875,323.8777750038755,330.9191451345662
2,74,f2,thr,ma10,http,1566.5017075763571,1700.634532468336,114.54965392590127,1563.1290108705327,2031.5160256113036,-7.887222229769476,-1.1709579234411767,0.04878048780487805,0.975609756097561,2.0283312351470326,0.7804878048780488,0.24390243902439024,-5.28611034042492,-10.435874980282254,12.125,12.446875,1542.2517075763571,1675.740782468336
2,74,f2,mey,ma10,http,443.041163774208,449.98483730841434,4.313912361904982,442.54619867365284,464.6336550660775,-1.543090557392994,-1.609600045546616,0.07317073170731707,0.9512195121951219,0.6587960668602476,0.7560975609756098,0.2682926829268293,-2.6786696239269827,-0.4322255252121289,135.0,136.890625,173.04116377420797,176.20358730841434
2,74,f2,trust,ma10,http,417.67917811528474,424.31430598335135,3.682396525449799,416.35919929923057,435.51754582333035,-1.56372947470853,-1.801850458583119,0.07317073170731707,0.9512195121951219,1.0186308216637254,0.9512195121951219,0.07317073170731707,-1.1945924539990267,-1.9276577627792675,125.125,126.534375,167.42917811528474,171.24555598335135
2,74,f50,thr,ma10,http,2211.691599092211,2423.433458179603,214.07143465221083,2135.418080719978,2969.377959436649,-8.73726730035512,-0.989117765438421,0.0975609756097561,0.926829268292683,8.328364450532092,0.8536585365853658,0.17073170731707318,-12.309756251764167,-5.281656454598603,12.125,12.43125,1605.4415990922112,1801.870958179603
2,74,f50,mey,ma10,http,2300.538137344218,2349.1232589722717,54.0189951113369,2262.264513669833,2510.593859995368,-2.068223599697771,-0.8994080976130082,0.17073170731707318,0.8536585365853658,0.6793473494587029,0.7073170731707317,0.3170731707317073,-2.07545759592343,-2.0608060531220485,27.75,28.225,913.0381373442178,937.8732589722717
2,74,f50,trust,ma10,http,2127.546937891974,2198.6251717359673,30.17570280934542,2130.590735720153,2263.950494376097,-3.232849089409466,-2.3554789856288147,0.024390243902439025,1.0,2.4532860382543276,0.975609756097561,0.04878048780487805,-2.53961144597582,-3.998444464672134,22.5,23.721875,1002.5469378919738,1012.5314217359673
2,75,signed,thr,naive,timer,1570.2878038094216,1570.2878038094216,0.0,1570.2878038094216,1570.2878038094216,0.0,0.0,1.0,1.0,0.0,1.0,1.0,-1.4100161205186116e-14,0.0,8.0,8.0,1490.2878038094216,1490.2878038094216
2,75,signed,mey,naive,timer,941.0206531133481,940.8328063111724,0.7196739122921835,938.7683567035676,942.5426972632818,0.01996601318700173,0.2610165506450405,0.8048780487804879,0.7317073170731707,0.01996601318700173,0.8048780487804879,0.7317073170731707,0.008905228640899664,0.030237998681250097,52.625,52.58125,414.7706531133481,415.02030631117236
2,75,signed,trust,naive,timer,919.7406054834915,920.6942094877286,0.9198594860369516,919.3954932482349,924.6064176359054,-0.10357445440735619,-1.036684427037293,0.17073170731707318,0.8780487804878049,0.006858399835174058,0.8780487804878049,0.7317073170731707,-0.2306283012650072,0.01599491888524565,51.25,51.328125,407.24060548349155,407.4129594877286
2,74,base,thr,ma10,http,1691.7269069240617,1829.8421832549366,138.08186561084685,1645.8321133325337,2499.0852931701234,-7.5479337832946,-1.00024196312731,0.04918032786885246,0.9672131147540983,-3.948661021714226,0.22950819672131148,0.7868852459016393,-7.466098284095243,-7.625899835269213,12.0,12.438888888888888,1571.7269069240617,1705.4532943660477
2,74,base,mey,ma10,http,1003.6572586241194,1018.7177744197729,10.536396235908457,990.3716295701901,1049.29650880337,-1.4783796036376655,-1.4293801655187046,0.08196721311475409,0.9344262295081968,1.0992619014048615,0.8852459016393442,0.13114754098360656,-2.0004493403232555,-0.9542921808334404,59.083333333333336,60.50555555555555,412.82392529078606,413.6622188642174
2,74,base,trust,ma10,http,954.2152488107791,972.6249538132797,10.305777818569245,953.0698103313638,999.7869342658628,-1.8927855932878714,-1.786347942542429,0.03278688524590164,0.9836065573770492,-0.3508792686105139,0.39344262295081966,0.6229508196721312,-1.640840196080851,-2.144355810378653,54.833333333333336,55.93194444444445,405.8819154774458,413.30550936883526
2,75,dwell5,thr,naive,timer,1659.0722534286022,1667.928411882957,2.1485524666125615,1662.8222534286022,1678.3185916027908,-0.5309675398092814,-4.121918636838178,0.024390243902439025,1.0,-0.006364688891839785,0.7073170731707317,0.7560975609756098,-0.559723164947979,-0.5040658012366979,7.0,7.85625,1589.0722534286022,1589.365911882957
2,75,dwell5,mey,naive,timer,957.3551611605169,966.1465802601211,1.5667041662661374,961.1051611605169,970.9142836996432,-0.9099467181509121,-5.61140979190505,0.024390243902439025,1.0,-0.09288989676922213,0.3170731707317073,0.7073170731707317,-0.859364346374793,-0.9625325314872771,52.25,53.103125,434.8551611605169,435.11533026012114
2,75,dwell5,trust,naive,timer,948.0812287593214,955.4179731323908,1.317686837565258,950.5812287593214,957.2140040219521,-0.7679093945674282,-5.567896835507388,0.024390243902439025,1.0,0.017087351454716796,0.6097560975609756,0.6829268292682927,-0.6329780076178644,-0.9022503526085668,53.5,54.209375,413.08122875932145,413.3242231323908
2,75,dwell200,thr,naive,timer,1677.4475592015672,1683.2202787134127,4.452211737245731,1669.6684080224372,1687.4475592015672,-0.3429568657679148,-1.2965959061544214,0.14634146341463414,0.9512195121951219,0.2511424405714555,1.0,0.14634146341463414,-0.32774105441118134,-0.3566998986803593,5.75,6.390625,1619.9475592015672,1619.3140287134127
2,75,dwell200,mey,naive,timer,819.0885157474165,824.9761549207306,2.921743577334461,819.4304365252606,830.9348886881255,-0.7136738605347633,-2.0151115310007413,0.024390243902439025,1.0,0.38840899648037874,0.9512195121951219,0.14634146341463414,-0.789222646278514,-0.6400731500635887,45.125,45.778125,367.8385157474165,367.19490492073055
2,75,dwell200,trust,naive,timer,795.4687094782922,800.9947970212291,3.011681756507627,794.2187094782922,804.7095553426873,-0.6899030509920354,-1.8348842904786264,0.0975609756097561,0.975609756097561,0.4024885641020755,0.975609756097561,0.12195121951219512,-0.8498430189527495,-0.5401995782248656,43.875,44.396875,356.7187094782922,357.02604702122915
2,75,f2,thr,naive,timer,1567.1366572170014,1568.1976273531873,5.246261913205404,1542.4481704490593,1584.5456649588048,-0.06765538460714461,-0.20223354337596822,0.07317073170731707,0.9512195121951219,1.0539304587845701,1.0,0.024390243902439025,-0.14699968400730412,0.01722455797504628,7.0,7.8125,1553.1366572170014,1552.5726273531873
2,75,f2,mey,naive,timer,393.0800507677853,394.4956584896252,0.9747446106973727,393.22824027672806,399.9836206499046,-0.35883987348802776,-1.4522857641932985,0.024390243902439025,1.0,0.19082427191479664,0.9512195121951219,0.07317073170731707,-0.35548000017922765,-0.36228078958006804,112.75,113.478125,167.58005076778528,167.5394084896252
2,75,f2,trust,naive,timer,397.5042012835015,399.0044745177716,0.9579919268703976,398.0224909620589,404.33490220952837,-0.37600411275670054,-1.5660604146960078,0.024390243902439025,1.0,0.2742226792220749,0.975609756097561,0.04878048780487805,-0.3953149178717836,-0.35641978327577434,116.75,117.328125,164.00420128350152,164.3482245177716
2,75,f50,thr,naive,timer,1876.0171488783353,1915.3962987507534,10.470457829499496,1882.2671488783353,1931.8597108311117,-2.0559270109325003,-3.760976885028961,0.024390243902439025,1.0,-0.4244108583544851,0.24390243902439024,0.9024390243902439,-2.0502342748870284,-2.061658601865033,7.0,7.778125,1526.0171488783353,1526.4900487507534
2,75,f50,mey,naive,timer,2120.897869630826,2140.329948804023,10.386299583765425,2127.147869630826,2162.262157646379,-0.9079011011388848,-1.8709338216635758,0.024390243902439025,1.0,-0.7577589502619123,0.024390243902439025,1.0,-1.0103702237745225,-0.8097358743714812,22.5,22.86875,995.8978696308259,996.8924488040229
2,75,f50,trust,naive,timer,2186.724458260393,2205.310916216479,10.882147381881115,2185.4502369704433,2229.2002369704433,-0.8428044236036277,-1.7079770475294993,0.04878048780487805,0.975609756097561,-0.3337705895304877,0.36585365853658536,0.8292682926829268,-0.983490192968063,-0.7035886090655452,24.25,24.64375,974.224458260393,973.1234162164792
2,75,base,thr,naive,timer,1719.5112775833952,1731.0919587272258,1.941996361983018,1724.0578969277728,1738.367653946241,-0.6689812800208031,-5.963286734484551,0.01639344262295082,1.0,0.07505502681877062,0.9344262295081968,0.36065573770491804,-0.8669885910440289,-0.4587121109961658,7.0,7.688888888888889,1649.5112775833952,1654.203069838337
2,75,base,mey,naive,timer,934.3536065884118,938.2213709916953,1.4993392297868176,933.7193896873605,942.6195633432186,-0.412244329842459,-2.5796459710010926,0.03278688524590164,0.9836065573770492,0.2088808526429807,0.9344262295081968,0.08196721311475409,-0.14808140201188846,-0.6861653748461461,54.166666666666664,54.58611111111111,392.6869399217452,392.3602598805842
2,75,base,trust,naive,timer,891.4633651246048,896.0181970059614,1.6212030767870143,890.6970404382181,898.3972256896465,-0.5083414484858122,-2.8095381427375337,0.03278688524590164,0.9836065573770492,0.15016548809157607,0.819672131147541,0.26229508196721313,-0.3926352652374624,-0.6259093701940295,49.416666666666664,49.918055555555554,397.2966984579382,396.83764145040584
2,77,signed,thr,ma10,timer,2004.5422500349148,2502.3750716892114,188.47252223191026,2095.7773734717166,2920.536520621401,-19.894412603712436,-2.6414079663120704,0.024390243902439025,1.0,-9.746365872269202,0.0975609756097561,0.926829268292683,-21.857300507030118,-18.07611984596845,12.375,13.925,1880.7922500349148,2363.1250716892114
2,77,signed,mey,ma10,timer,1073.5283331727119,1105.3036040372222,10.105527171120578,1072.5645414125743,1128.9895565847698,-2.874800258358717,-3.144345695820517,0.04878048780487805,0.975609756097561,-0.6373462306941379,0.2682926829268293,0.7560975609756098,-3.8410288472963146,-1.9377608896197307,64.375,67.803125,429.7783331727119,427.27235403722216
2,77,signed,trust,ma10,timer,1044.832886370314,1047.932416109696,9.911096606318681,1022.579122921597,1067.511773565408,-0.2957757286379739,-0.3127332789195008,0.4146341463414634,0.6097560975609756,-0.31887327247775127,0.3902439024390244,0.6341463414634146,-1.5167640889615661,0.9559560031439583,60.0,61.571875,444.8328863703141,432.2136661096961
2,77,dwell5,thr,ma10,timer,1823.7279295371732,1988.9329732775302,194.9141980482571,1809.7247045020983,2719.346767263464,-8.306214737247698,-0.8475782954480071,0.12195121951219512,0.9024390243902439,0.8310767723661496,0.6585365853658537,0.36585365853658536,-8.975108172806415,-7.635108415466714,12.75,12.803125,1696.2279295371732,1860.9017232775302
2,77,dwell5,mey,ma10,timer,1071.4761813658502,1093.775325040684,13.90270749960183,1071.2104758580952,1149.8934331544326,-2.0387316448196935,-1.6039425180650984,0.04878048780487805,0.975609756097561,2.1388409776389485,0.975609756097561,0.04878048780487805,-1.7925595548027684,-2.288984134094803,66.0,67.36875,411.47618136585015,420.08782504068404
2,77,dwell5,trust,ma10,timer,1044.0854198269772,1059.7909484588286,10.656697045628148,1039.172963695279,1093.3818980891795,-1.4819459115678164,-1.4737707719949213,0.07317073170731707,0.9512195121951219,0.45183173313076125,0.7073170731707317,0.3170731707317073,-0.539202249593918,-2.4635224122829227,61.375,62.5875,430.33541982697716,433.91594845882855
2,77,f2,thr,ma10,timer,1968.8753582819322,2154.3955644158714,237.2754295476355,1786.3495749714166,2808.727204998273,-8.611241556479897,-0.781877021517283,0.24390243902439024,0.7804878048780488,-17.284903889120088,0.024390243902439025,1.0,3.6849946905324287,-20.799017916218578,12.125,12.640625,1944.6253582819322,2129.1143144158714
2,77,f2,mey,ma10,timer,449.0434720409172,444.15287848729304,3.5975481172078068,437.19878358125567,452.83202273003803,1.1011059008061992,1.3594240839285692,0.9024390243902439,0.12195121951219512,-0.12145956964914105,0.43902439024390244,0.5853658536585366,1.802774613971536,0.38965469938637537,130.125,134.478125,188.7934720409172,175.19662848729303
2,77,f2,trust,ma10,timer,434.5950311769153,435.2010018087647,2.4192482646363236,429.97267099323983,441.65942451656565,-0.13923925481120028,-0.2504788949142826,0.4146341463414634,0.6097560975609756,0.9194158411803158,0.975609756097561,0.04878048780487805,-1.8050099201943672,1.5365685530888225,126.0,130.425,182.5950311769153,174.3510018087647
2,77,dwell200,thr,ma10,timer,2014.816246517352,2049.3664591862444,68.6171312742391,1917.394267528518,2187.667043665544,-1.6858972446836757,-0.5035216720268728,0.3170731707317073,0.7073170731707317,-3.1522738251089835,0.21951219512195122,0.8048780487804879,-2.8215249079482247,-0.5103054677379185,10.25,11.334375,1912.316246517352,1936.0227091862444
2,77,dwell200,mey,ma10,timer,814.5008869759922,848.0794826034241,9.304681885457782,828.5063219469105,872.4744824189859,-3.9593689407922894,-3.6087849150341893,0.024390243902439025,1.0,-0.8412365965047282,0.2926829268292683,0.7317073170731707,-5.207000071213396,-2.690374602342984,47.5,50.453125,339.5008869759922,343.54823260342414
2,77,dwell200,trust,ma10,timer,797.8937887482582,824.5155113999477,5.773760898901611,812.5312689362487,835.8117413188961,-3.2287715978185085,-4.610811413537059,0.024390243902439025,1.0,-1.9637241299795818,0.024390243902439025,1.0,-4.846963850364707,-1.6314136792521554,46.125,48.671875,336.6437887482582,337.79676139994774
2,77,f50,thr,ma10,timer,2600.659836114337,2838.1548314564507,150.85761491366424,2527.399673197515,3099.9335708682847,-8.367936544893812,-1.5742990201590554,0.12195121951219512,0.9024390243902439,-9.896389437961204,0.04878048780487805,0.975609756097561,-6.833297217453756,-10.004219476984623,12.125,12.740625,1994.409836114337,2201.1235814564507
2,77,f50,mey,ma10,timer,2497.6876009573525,2503.296310935376,31.192717606810515,2447.7794377665277,2575.125976368216,-0.22405297980596076,-0.17980831451501395,0.4634146341463415,0.5609756097560976,-0.24479470982952406,0.4634146341463415,0.5609756097560976,-0.05629298826274796,-0.39714893344085345,28.5,29.24375,1072.6876009573525,1041.108810935376
2,77,f50,trust,ma10,timer,2264.5174201493232,2276.4569054347494,39.0070248400972,2189.23623671902,2362.3260494134784,-0.5244766662141572,-0.30608551496480635,0.43902439024390244,0.5853658536585366,0.8260431103136802,0.7073170731707317,0.3170731707317073,-0.4032801583485943,-0.6559859081518559,26.125,26.83125,958.2674201493232,934.8944054347494
2,77,base,thr,ma10,timer,1899.171639104576,2246.434021679936,250.7634271674303,1791.9699897855614,2916.556564795778,-15.45838334106377,-1.3848206913502548,0.09836065573770492,0.9180327868852459,-3.2172988014900117,0.4262295081967213,0.5901639344262295,-15.84270149815564,-15.099728885292354,12.083333333333334,12.559722222222222,1778.3383057712426,2120.836799457714
2,77,base,mey,ma10,timer,1033.7203361907752,1044.1908358459636,9.146024509081334,1024.7942234411107,1068.1313823988858,-1.0027381294440882,-1.144814300988584,0.16393442622950818,0.8524590163934426,-0.9528970729271486,0.16393442622950818,0.8524590163934426,1.1523605191266466,-3.0940304485746886,60.0,62.704166666666666,433.72033619077524,417.149169179297
2,77,base,trust,ma10,timer,998.1510777516619,1011.3184454286081,8.299769016822518,987.2140221087583,1029.9937449949095,-1.3020001500482634,-1.5864739910541792,0.06557377049180328,0.9508196721311475,0.3589728749818662,0.639344262295082,0.3770491803278688,-0.8575460821852334,-1.7538052388108274,57.25,59.6375,425.6510777516619,414.94344542860813
2,78,signed,thr,naive,http,2257.9995633456083,2690.6502990340605,427.18728372013396,2063.2326084570655,3746.875070553502,-16.07978323469881,-1.0127893600220028,0.1951219512195122,0.8292682926829268,16.68569309256535,0.8780487804878049,0.14634146341463414,-22.304049498671525,-9.84261892781809,7.625,8.090625,2181.7495633456083,2609.7440490340605
2,78,signed,mey,naive,http,1165.899729126751,1170.8321337363634,14.122223250553645,1121.8320928110907,1197.8941795090013,-0.42127342319108296,-0.34926544653080793,0.2682926829268293,0.7560975609756098,-1.137153052184262,0.14634146341463414,0.8780487804878049,-1.6974583775846044,0.9047469504505493,69.875,70.28125,467.149729126751,468.0196337363634
2,78,signed,trust,naive,http,1058.171373012106,1061.1136428873167,12.016325069557055,1041.8725339197229,1101.7172029185533,-0.2772813161844523,-0.24485604859882493,0.5121951219512195,0.5121951219512195,0.9939751634842781,0.8048780487804879,0.21951219512195122,-1.7189414752873933,1.2083165285193649,61.0,63.128125,448.17137301210596,429.8323928873167
2,78,dwell5,thr,naive,http,1654.4215625857266,2080.7039769708467,252.81296775299967,1691.9874485520359,2843.8834409293404,-20.48741287098971,-1.6861572338393713,0.024390243902439025,1.0,9.876557338340612,0.8536585365853658,0.17073170731707318,-24.184585529530548,-16.744404482276394,7.25,7.125,1581.9215625857266,2009.4539769708467
2,78,dwell5,mey,naive,http,1145.6292892499198,1171.6111193078807,14.637732399884188,1137.889845582521,1200.6543449336948,-2.217615523597066,-1.7749900973846517,0.04878048780487805,0.975609756097561,-0.8369968721464623,0.2926829268292683,0.7317073170731707,-3.771496684615967,-0.7186158182955689,69.5,69.94375,450.6292892499198,472.1736193078807
2,78,dwell5,trust,naive,http,1035.9949634448571,1043.649798415164,14.149322008154666,1010.4927884053795,1073.5477634457366,-0.7334677764448502,-0.5410036584010994,0.2682926829268293,0.7560975609756098,-1.7100661379559672,0.0975609756097561,0.926829268292683,-0.6611323409770519,-0.8051439341211692,59.125,60.05,444.74496344485715,443.149798415164
2,78,dwell200,thr,naive,http,2018.5727561946683,2569.8461470948446,306.561661913651,2087.809281519252,3482.0621544596156,-21.451610693635452,-1.7982463542863134,0.024390243902439025,1.0,-4.064796957715286,0.3902439024390244,0.6341463414634146,-26.017670245130347,-17.08278249271899,5.625,6.234375,1962.3227561946683,2507.5023970948446
2,78,dwell200,mey,naive,http,976.0579007479732,998.1047616511235,13.800644907536752,975.5357187759973,1020.1133535721838,-2.208872430052233,-1.5975239599933535,0.07317073170731707,0.9512195121951219,0.05450279548455625,0.5609756097560976,0.4634146341463415,-1.0184113341235428,-3.4485588392610116,57.0,58.759375,406.05790074797324,410.51101165112345
2,78,dwell200,trust,naive,http,858.2593796387591,874.7471142175866,12.880686277158505,848.6764908839366,898.6949505910159,-1.8848572702723188,-1.2800354130249572,0.12195121951219512,0.9024390243902439,0.05327644218420652,0.43902439024390244,0.5853658536585366,0.1591890398988799,-3.938309571894467,49.125,50.959375,367.0093796387591,365.1533642175866
2,78,f2,thr,naive,http,1835.4951698815503,2380.7048521761108,270.773376373208,1769.7120842202348,3023.275376888503,-22.90118751159789,-2.013527657693701,0.07317073170731707,0.9512195121951219,-1.7407958317158192,0.4634146341463415,0.5609756097560976,-14.747671507455523,-30.445327269934996,7.0,7.30625,1821.4951698815503,2366.0923521761106
2,78,f2,mey,naive,http,491.16395641258924,494.6315195237206,4.965757132204154,484.57013800603727,507.46204775464275,-0.7010396576567293,-0.6982949465336054,0.24390243902439024,0.7804878048780488,-0.9140873585297924,0.17073170731707318,0.8536585365853658,-1.7863249179568388,0.3996987440233686,146.0,147.675,199.16395641258924,199.2815195237206
2,78,f2,trust,naive,http,441.5113341637418,448.1043880687013,5.169444152045996,437.32855588134635,462.0808077095761,-1.4713209869189425,-1.275389328338147,0.12195121951219512,0.9024390243902439,-0.267753996455831,0.3902439024390244,0.6341463414634146,-2.7105005536009226,-0.21654106065215373,125.75,128.684375,190.01133416374182,190.73563806870135
2,78,f50,thr,naive,http,2304.8257919995103,2610.6291333089484,227.7399975816914,2063.364262292519,3112.677884903581,-11.713779541019493,-1.3427739727613943,0.0975609756097561,0.926829268292683,5.339555378962055,0.7560975609756098,0.2682926829268293,-15.913078287433002,-7.493478855181982,6.875,7.171875,1961.0757919995103,2252.0353833089484
2,78,f50,mey,naive,http,2414.9288959929863,2466.960553838515,57.271170033511034,2357.1840640270398,2621.5232475393177,-2.1091402440370968,-0.9085139663653341,0.1951219512195122,0.8292682926829268,0.9985299201669398,0.6585365853658537,0.36585365853658536,-3.795912513846802,-0.41065153427115636,28.125,28.978125,1008.6788959929863,1018.0543038385149
2,78,f50,trust,naive,http,2294.1400757538877,2298.369566351776,40.94386302574465,2217.0110681447277,2397.488010871666,-0.18402134538362577,-0.10329974470725754,0.4878048780487805,0.5365853658536586,-0.9608070796433751,0.21951219512195122,0.8048780487804879,1.2936321241270368,-1.6229463592138638,26.375,26.31875,975.3900757538877,982.432066351776
2,78,base,thr,naive,http,1930.883796068517,2300.1343668325917,219.19729115172825,1922.3647635771597,2987.402571935572,-16.05343479444431,-1.6845580929578166,0.03278688524590164,0.9836065573770492,0.7517147909081852,0.5737704918032787,0.4426229508196721,-17.01079334829566,-15.149537416608156,7.083333333333333,7.225,1860.0504627351838,2227.8843668325917
2,78,base,mey,naive,http,1098.2343815101892,1134.208724976942,12.359015437882656,1105.8371490317797,1158.4542255565736,-3.171756897522025,-2.9107774521006577,0.01639344262295082,1.0,-0.5458555009919525,0.3114754098360656,0.7049180327868853,-1.8383775773212285,-4.549853607101413,64.91666666666667,67.26944444444445,449.0677148435225,461.51428053249754
2,78,base,trust,naive,http,1036.0596456090445,1054.1884540312092,10.987640604215432,1016.3147526571705,1076.0975054560602,-1.7196933198082567,-1.649927320630553,0.08196721311475409,0.9344262295081968,0.11435714623450462,0.5081967213114754,0.5081967213114754,-1.2591625867140182,-2.1752355362565896,59.583333333333336,60.915277777777774,440.22631227571117,445.03567625343146
2,80,signed,thr,ma10,queue,4305.519370639344,3004.488819111305,347.56688005907995,2295.9328921509714,3625.7273348403032,43.30289210105529,3.7432523815470784,1.0,0.024390243902439025,-10.698337238498624,0.1951219512195122,0.8292682926829268,49.52306502711121,37.55294383706067,9.375,10.34375,4211.769370639344,2901.051319111305
2,80,signed,mey,ma10,queue,1188.7863495178572,1118.6366032960552,15.023038034818244,1087.3310913376886,1155.0622747911088,6.271004007477154,4.669478041606426,1.0,0.024390243902439025,0.668770619109837,0.6829268292682927,0.34146341463414637,5.064932899364199,7.5242353730265235,65.0,67.409375,538.7863495178572,444.5428532960552
2,80,signed,trust,ma10,queue,1091.0966607682283,1059.6917860210583,11.978254967126338,1037.2584769474881,1084.2440281777976,2.9635857483702237,2.6218238661106246,1.0,0.024390243902439025,-0.46433197294711936,0.3902439024390244,0.6341463414634146,0.09872462336621161,6.0631039145164225,60.25,62.378125,488.5966607682283,435.9105360210583
2,80,dwell5,thr,ma10,queue,3170.2630279938994,2129.9810980713874,299.4870114526317,1743.815440719531,2988.802344597233,48.83996063929608,3.4735460642407463,1.0,0.024390243902439025,-0.668612464641328,0.5609756097560976,0.4634146341463415,56.426403394389666,41.64274090858772,8.75,8.56875,3082.7630279938994,2044.2935980713874
2,80,dwell5,mey,ma10,queue,1243.879959280093,1142.1803217289157,12.7077066381497,1110.02846706406,1160.0882611937864,8.90399139404143,8.00298908741454,1.0,0.024390243902439025,2.269857996931958,1.0,0.024390243902439025,15.762540041573763,2.349561946803741,68.0,68.715625,563.8799592800931,455.0240717289157
2,80,dwell5,trust,ma10,queue,1107.3734505871953,1057.9269017938427,11.020586958366753,1035.751472013504,1077.6362062208927,4.673909767254239,4.486743671652906,1.0,0.024390243902439025,-0.8337784118672702,0.2682926829268293,0.7560975609756098,9.328184254020995,0.02094920999839884,62.0,61.88125,487.3734505871953,439.1144017938427
2,80,dwell200,thr,ma10,queue,3416.1124103794814,2883.2229250674895,439.1296914316376,2024.239836403371,3799.984820282989,18.48242398043218,1.213512763335773,0.9024390243902439,0.12195121951219512,-13.501031524247168,0.1951219512195122,0.8292682926829268,-5.407328015401165,48.082447012768654,7.375,7.821875,3342.3624103794814,2805.0041750674895
2,80,dwell200,mey,ma10,queue,961.357842395035,922.8454360749247,12.711965479701336,900.0915485830972,953.1123507091062,4.173223902359266,3.0296185418067387,1.0,0.024390243902439025,0.724326011227548,0.7317073170731707,0.2926829268292683,3.9876770197577245,4.370004617507409,54.25,56.971875,418.85784239503505,353.1266860749247
2,80,dwell200,trust,ma10,queue,852.1772461695725,840.797086204612,10.831379377234583,820.6099437784192,861.1900042368507,1.3534965988441943,1.0506658079837325,0.8292682926829268,0.1951219512195122,-1.0697669229723494,0.2682926829268293,0.7560975609756098,3.673537475823022,-0.9073396131754333,47.0,49.246875,382.1772461695725,348.328336204612
2,80,f2,thr,ma10,queue,3182.3567076302666,2506.3454175421284,323.838602576877,1913.6779111722572,3593.209128028821,26.971992182588906,2.087494463936423,0.9512195121951219,0.07317073170731707,6.404442623169459,0.7560975609756098,0.2682926829268293,35.93412435932566,18.258346714918787,8.25,8.796875,3165.8567076302666,2488.7516675421284
2,80,f2,mey,ma10,queue,536.1364532330413,491.8293625862464,5.066344417041043,480.2931668205414,503.63367537337683,9.00863063844124,8.745376744969114,1.0,0.024390243902439025,0.6425285744852567,0.7560975609756098,0.2682926829268293,9.492034544906186,8.541304550988373,141.0,145.7875,254.13645323304127,200.25436258624643
2,80,f2,trust,ma10,queue,478.8582920714526,456.0954366329209,3.524170305968622,449.57969260961795,465.07858752145523,4.990809731966669,6.459067940042498,1.0,0.024390243902439025,-0.937663275028786,0.17073170731707318,0.8536585365853658,7.10041349878768,2.9453731445177223,133.125,134.740625,212.60829207145258,186.6141866329209
2,80,f50,thr,ma10,queue,3836.02247872925,2992.2431178185193,373.3523041453571,2394.417575672289,4003.75977324134,28.198890520830545,2.26000844655889,0.975609756097561,0.04878048780487805,-0.4835110564171672,0.5853658536585366,0.43902439024390244,24.710609872105458,31.549647828401177,8.375,8.5,3417.27247872925,2567.2431178185193
2,80,f50,mey,ma10,queue,2649.636272174412,2505.9004422862927,55.079144577892514,2411.4838773200036,2622.8742886792606,5.735895467458401,2.6096234970543044,1.0,0.024390243902439025,-0.786689750646192,0.4146341463414634,0.6097560975609756,8.633055217689137,2.9929924031314328,28.75,28.3875,1212.1362721744122,1086.5254422862927
2,80,f50,trust,ma10,queue,2472.2022087629375,2304.601354199394,44.28336172551638,2233.8098162134415,2441.3269827950153,7.272444505777323,3.784736479637472,1.0,0.024390243902439025,3.8631331170394425,0.975609756097561,0.04878048780487805,10.777464934813759,3.847696116472131,26.625,25.971875,1140.9522087629375,1006.0076041993939
2,80,base,thr,ma10,queue,3516.078427848097,2716.1237952837255,411.9418261380288,1964.7984470918984,4145.9226611980675,29.452068199299745,1.9419116530699938,0.9508196721311475,0.06557377049180328,-21.674361134026242,0.08196721311475409,0.9344262295081968,41.61895309082222,18.20977947290705,7.666666666666667,8.718055555555555,3439.4117611814304,2628.94323972817
2,80,base,mey,ma10,queue,1183.1058145335126,1126.4615411130492,12.514802432964183,1093.6070731405182,1159.5746469554942,5.028513744418966,4.526181993194035,1.0,0.01639344262295082,-1.0758734311670217,0.14754098360655737,0.8688524590163934,7.031537376976764,3.126722680011078,64.66666666666667,67.57222222222222,536.4391478668458,450.739318890827
2,80,base,trust,ma10,queue,1041.9949877780098,1022.413916751606,10.833957881409011,996.4498672488957,1051.936225946586,1.9151804084021395,1.807379282875438,0.9672131147540983,0.04918032786885246,-0.9910245838106059,0.19672131147540983,0.819672131147541,1.1250189357603135,2.6777738315565918,57.75,59.675,464.4949877780098,425.66391675160605
2,81,signed,thr,naive,http,1879.477795880844,1911.8341748441885,11.497273407310916,1890.865349082962,1970.6614366707217,-1.6924260162878124,-2.8142654190314036,0.024390243902439025,1.0,0.15830624573474683,0.7560975609756098,0.2682926829268293,-2.042637697268713,-1.3374540710525082,12.75,15.8375,1751.977795880844,1753.4591748441885
2,81,signed,mey,naive,http,994.5698126820632,1029.1925845945366,12.30742954841199,1016.6323508677683,1099.6603169705866,-3.364071256509629,-2.8131602765859975,0.024390243902439025,1.0,-0.6040592291950925,0.14634146341463414,0.8780487804878049,-3.65140191613636,-3.061514758063038,57.75,61.04375,417.06981268206323,418.7550845945366
2,81,signed,trust,naive,http,958.9994536941624,976.2979873413815,8.448153366025293,962.9452357204499,1014.9633933081675,-1.7718497704093195,-2.0476112231563013,0.024390243902439025,1.0,-0.026621816652421183,0.5121951219512195,0.5121951219512195,-2.6221021979094616,-0.9253375677273872,55.0,56.4,408.9994536941624,412.2979873413815
2,81,dwell5,thr,naive,http,1571.7089727438988,1602.983262499279,13.347936376753703,1575.1388602150314,1647.2300655366548,-1.9510053839625892,-2.343005605708932,0.024390243902439025,1.0,-0.5473725122806167,0.14634146341463414,0.8780487804878049,-2.7364068923153932,-1.257764106607878,11.375,14.090625,1457.9589727438988,1462.077012499279
2,81,dwell5,mey,naive,http,998.3905986599657,1028.9106812033247,5.247218558063591,1018.7795269769892,1048.506182169444,-2.966251891531083,-5.816430591871888,0.024390243902439025,1.0,-0.37036247694132585,0.1951219512195122,0.8292682926829268,-3.2674703992766903,-2.67725965565494,58.625,61.45,412.1405986599657,414.41068120332466
2,81,dwell5,trust,naive,http,1013.1500144032174,1027.9983184250868,6.210566686993126,1018.5291778702544,1045.7416263957398,-1.4443899134599125,-2.3908130723346823,0.024390243902439025,1.0,-1.125886735914428,0.024390243902439025,1.0,-1.1648740735750032,-1.7172657167600347,59.5,60.90625,418.15001440321737,418.93581842508684
2,81,dwell200,thr,naive,http,2115.90486535221,2114.49139677079,24.71357127833934,2013.046458445458,2190.9094997615107,0.06684674071404449,0.05719402370061375,0.36585365853658536,0.6585365853658537,-13.623938485984409,0.024390243902439025,1.0,-1.0893249347069016,1.393031238351607,6.625,9.75,2049.65486535221,2016.9913967707898
2,81,dwell200,mey,naive,http,754.9993251222977,778.7514530688843,15.560712725388955,757.955681042281,865.6446440367397,-3.0500267900605262,-1.526416454423227,0.024390243902439025,1.0,-0.5176784680726045,0.4146341463414634,0.6097560975609756,-2.3786628065843334,-3.6340724142532124,41.0,43.775,344.9993251222977,341.0014530688843
2,81,dwell200,trust,naive,http,753.6734002268424,774.7489975624512,9.029744440967043,760.978151155582,815.2416908857767,-2.7203129532168155,-2.3340192486501525,0.024390243902439025,1.0,0.5771154655163021,0.8048780487804879,0.21951219512195122,-1.680011068834993,-3.6813313430015504,39.875,41.84375,354.92340022684243,356.3114975624512
2,81,f2,thr,naive,http,1671.4323072288626,1678.951803896834,9.754141414875512,1662.6440475254954,1732.3346969918434,-0.4478685243089623,-0.7709029783496757,0.07317073170731707,0.9512195121951219,-0.09050269724507354,0.4634146341463415,0.6585365853658537,-0.24323240779970318,-0.6563321689400193,10.25,13.275,1650.9323072288626,1652.401803896834
2,81,f2,mey,naive,http,401.1604970377017,407.06526336342165,1.3829483547811188,403.8622987518917,411.2435876630329,-1.4505699348873848,-4.269694023862882,0.024390243902439025,1.0,0.2293421199468263,0.7317073170731707,0.2926829268292683,-1.3860823715376065,-1.5164810687485601,118.125,120.953125,164.9104970377017,165.15901336342165
2,81,f2,trust,naive,http,403.6540610251723,406.6847406920286,1.6629663348745924,402.9104599380356,410.7359941855601,-0.7452159777864178,-1.8224540108232605,0.04878048780487805,0.975609756097561,0.04815395213847271,0.5365853658536586,0.4878048780487805,-0.41277718477822345,-1.0712279932866335,120.5,122.309375,162.65406102517233,162.06599069202858
2,81,f50,thr,naive,http,1982.0112589004848,2137.1041737416076,21.870863779314394,2098.349157574781,2178.3221842541548,-7.257152774615972,-7.091302675837189,0.024390243902439025,1.0,1.3275327502032692,0.9024390243902439,0.12195121951219512,-6.323167699293555,-8.115912431340226,10.0,13.096875,1482.0112589004848,1482.2604237416076
2,81,f50,mey,naive,http,2300.393699616904,2353.503992088173,22.33921067902696,2311.284551853309,2442.7141546094335,-2.2566476474996913,-2.377447136981047,0.024390243902439025,1.0,0.5567164258721264,0.7804878048780488,0.24390243902439024,-2.0959100387471534,-2.4066947293186396,27.375,28.559375,931.6436996169041,925.5352420881732
2,81,f50,trust,naive,http,2166.8841815141677,2211.0715022053178,25.930127697140737,2156.91900334918,2270.653950773177,-1.9984573383121125,-1.7040919044923362,0.07317073170731707,0.9512195121951219,0.6192135108514686,0.7073170731707317,0.3170731707317073,-1.8821204548198947,-2.118696942366864,23.0,23.91875,1016.8841815141677,1015.1340022053178
2,82,signed,thr,seasonal60,timer,1659.2202720274438,1681.452143089325,12.492599805198504,1668.1065610834564,1739.9838393513937,-1.3221828021245237,-1.7796032378008315,0.024390243902439025,1.0,0.015946272346834378,0.7560975609756098,0.34146341463414637,-1.3895844550872802,-1.2557378758467068,10.5,12.34375,1554.2202720274438,1558.014643089325
2,82,signed,mey,seasonal60,timer,905.4974050226813,921.5486212323221,3.534279726031585,915.6059443732471,929.8477607312957,-1.7417655281364002,-4.541580591772726,0.024390243902439025,1.0,0.529381867209803,0.8780487804878049,0.14634146341463414,-2.5952268781116565,-0.9263856684915298,52.75,54.440625,377.9974050226813,377.14237123232215
2,82,signed,trust,seasonal60,timer,911.0345145094975,920.6542916388714,5.321109494837937,909.4885930769042,934.5906716592933,-1.0448848407853066,-1.807851753230442,0.07317073170731707,0.9512195121951219,0.45995446837053766,0.7804878048780488,0.24390243902439024,-0.9831324670065574,-1.1080712138517443,53.75,54.49375,373.5345145094975,375.7167916388714
2,82,dwell5,thr,seasonal60,timer,1553.7869901172037,1566.7702063296658,12.073576731217667,1547.9168727678143,1622.1617923075432,-0.8286611629459545,-1.0753413426273666,0.04878048780487805,0.975609756097561,-0.27018743370024384,0.4146341463414634,0.7560975609756098,-0.7757404111927669,-0.8891332876122408,10.125,11.090625,1452.5369901172037,1455.8639563296658
2,82,dwell5,mey,seasonal60,timer,976.0255862434382,988.126461314197,19.343424158680453,977.8572294991534,1105.0410967484083,-1.2246281771125478,-0.6255808160691368,0.024390243902439025,1.0,-0.8211235110191182,0.12195121951219512,0.9024390243902439,-0.615792780786421,-1.8278967201130165,54.5,55.303125,431.02558624343817,435.09521131419694
2,82,dwell5,trust,seasonal60,timer,958.5336493487017,968.6462575649151,10.734352867270248,958.0468113214106,1028.9978238093684,-1.0439939386784542,-0.9420789814957,0.04878048780487805,0.975609756097561,-0.5637550179302241,0.2682926829268293,0.7560975609756098,-1.1148869050105852,-0.9708680301685102,53.375,54.071875,424.7836493487017,427.9275075649151
2,81,base,thr,naive,http,1671.4805229174872,1706.993749903869,26.874601874527336,1654.0945046756015,1894.8626522653776,-2.0804544239474683,-1.3214419752964777,0.03278688524590164,0.9836065573770492,-2.2131772727782884,0.03278688524590164,0.9836065573770492,-2.385999334639696,-1.7909676679743747,10.25,13.540277777777778,1568.9805229174872,1571.5909721260912
2,81,base,mey,naive,http,983.1684582692995,1014.2513791944743,20.166195283537444,1005.7181310143196,1165.5068111473488,-3.06461707253098,-1.5413378918605014,0.01639344262295082,1.0,-1.2566451029580648,0.01639344262295082,1.0,-3.9505890442656098,-2.197917806225245,57.166666666666664,60.12083333333333,411.5017916026329,413.0430458611411
2,81,base,trust,naive,http,949.8304069455827,974.262217322881,11.82168131228332,959.3369229169583,1048.3503698413806,-2.5077243007979013,-2.0666950607027843,0.01639344262295082,1.0,-0.7598605045627046,0.22950819672131148,0.7868852459016393,-2.829118793809626,-2.1695622573483417,53.833333333333336,56.18194444444445,411.4970736122493,412.4427728784366
2,82,dwell200,thr,seasonal60,timer,1662.3358950694465,1679.0226806114356,28.138714739754416,1663.5858950694465,1825.1884790384688,-0.9938391979262872,-0.5930187535685141,0.024390243902439025,1.0,-0.7704949844559609,0.0975609756097561,0.9512195121951219,-0.6812495911560048,-1.3124651765146764,6.875,7.70625,1593.5858950694465,1601.9601806114356
2,82,dwell200,mey,seasonal60,timer,776.0415768145417,788.9498856226077,22.67430836974024,774.4217057919623,925.8229560133493,-1.6361379909294533,-0.5692922843588297,0.04878048780487805,0.975609756097561,-0.8102467022759063,0.24390243902439024,0.7804878048780488,-1.40585621057478,-1.8609777181862144,44.375,45.2625,332.2915768145417,336.32488562260767
2,82,dwell200,trust,seasonal60,timer,782.4013552556005,784.5827508613299,11.905142496474337,773.556423361013,852.5297835258089,-0.27803257251509433,-0.183231373028543,0.5121951219512195,0.5121951219512195,-0.749984525565474,0.17073170731707318,0.8536585365853658,-0.47054520810982486,-0.07662215219339681,43.0,43.853125,352.4013552556005,346.05150086132994
2,82,f2,thr,seasonal60,timer,1525.7654160293594,1486.8488596122006,26.67641477830785,1471.4452338629474,1646.3915370878913,2.6173848246626052,1.4588375814580625,0.975609756097561,0.04878048780487805,-0.4044437797924447,0.1951219512195122,0.9024390243902439,5.18872677638469,-0.48513250447290734,9.375,10.6875,1507.0154160293594,1465.4738596122006
2,82,f2,mey,seasonal60,timer,401.70005789795505,403.1969834699956,20.33809815032744,398.2659209747967,528.3370672412576,-0.3712640801916947,-0.07360204287422216,0.8536585365853658,0.17073170731707318,-1.3992047903070197,0.024390243902439025,1.0,0.7551369020419788,-1.493369335333283,115.5,116.34375,170.70005789795505,170.5094834699956
2,82,f2,trust,seasonal60,timer,397.11772254443053,394.96276021354004,10.181181907223733,391.3349053229964,457.19463275741646,0.5456115229003867,0.2116613130506502,0.926829268292683,0.0975609756097561,-0.48634814164238427,0.4634146341463415,0.5609756097560976,1.6402981927097073,-0.5601835965922071,115.625,116.153125,165.86772254443053,162.65651021354003
2,82,f50,thr,seasonal60,timer,1977.2746014965892,2007.246309840823,17.544265667043696,1970.4741245453056,2061.1226293812992,-1.4931754113729354,-1.7083478392905669,0.07317073170731707,0.9512195121951219,0.34763121348251347,0.7560975609756098,0.4146341463414634,-0.11317954036332681,-2.7939012069561198,10.125,10.6875,1471.0246014965892,1472.871309840823
2,82,f50,mey,seasonal60,timer,1995.3953863512438,2027.1610618101308,14.971246333634465,1980.8627184890722,2068.493990283837,-1.5670030397348995,-2.121778958878134,0.04878048780487805,0.975609756097561,0.5587992508719739,0.8536585365853658,0.17073170731707318,-0.3211342665907343,-2.789429674244325,24.0,24.58125,795.3953863512438,798.0985618101308
2,82,f50,trust,seasonal60,timer,2058.4476824016115,2098.630096819566,20.288928430492774,2053.211217800502,2139.1795701416418,-1.9146973294078942,-1.980509446598634,0.04878048780487805,0.975609756097561,-0.01008170580195399,0.43902439024390244,0.5853658536585366,-0.5461452323833741,-3.3296900324470142,23.125,23.640625,902.1976824016115,916.598846819566
2,82,base,thr,seasonal60,timer,1686.4671218444707,1686.2946228109545,9.62347292418312,1646.2923309738635,1723.5116865110467,0.010229471836227194,0.017924821410655403,0.5737704918032787,0.4426229508196721,-0.08299337045392044,0.39344262295081966,0.6229508196721312,-0.0039020652749501322,0.02343450817806636,9.583333333333334,10.53888888888889,1590.6337885111375,1580.9057339220656
2,82,base,mey,seasonal60,timer,883.9469115325957,890.734590692582,4.304002305922105,879.62683819923,899.0862594059327,-0.7620316119876505,-1.5770621569246732,0.06557377049180328,0.9508196721311475,0.7998420862389042,0.9344262295081968,0.08196721311475409,-0.10209780714269621,-1.4544510841628517,49.916666666666664,50.75694444444444,384.78024486592903,383.1651462481375
2,82,base,trust,seasonal60,timer,926.1228531441387,927.0107574400896,3.8060733073473156,919.0483575081756,938.0445526320301,-0.09578144469464349,-0.23328617823436243,0.4098360655737705,0.6065573770491803,-0.13478609829796348,0.39344262295081966,0.6229508196721312,0.11098623275569328,-0.31303153665595307,52.75,53.2,398.62285314413873,395.0107574400896
2,83,signed,thr,ma10,http,2284.5315431082163,2341.8818751820645,208.61040062208707,1951.7956046380218,2830.919132671219,-2.448899437739132,-0.2749159768775984,0.4878048780487805,0.5365853658536586,-15.208437380536193,0.04878048780487805,0.975609756097561,4.618376855576689,-9.086902383600524,8.0,8.8875,2204.5315431082163,2253.0068751820645
2,83,signed,mey,ma10,http,1156.52129887187,1158.9437961152337,14.232715928708792,1125.8333971878378,1193.1310448605561,-0.20902629199827752,-0.17020625265746606,0.4634146341463415,0.5609756097560976,-0.2956588556239404,0.4634146341463415,0.5609756097560976,0.5645147327185245,-0.983392979155381,68.25,69.58125,474.02129887186993,463.1312961152337
2,83,signed,trust,ma10,http,991.1172993092282,1006.1615979524344,14.986027682216719,975.2127359349902,1048.2735654676958,-1.4952169386927219,-1.0038883526859217,0.1951219512195122,0.8292682926829268,-0.1875185544645507,0.3902439024390244,0.6341463414634146,-1.4851970928838354,-1.505667322367235,55.5,57.25625,436.1172993092282,433.59909795243436
2,83,dwell5,thr,ma10,http,2227.2137296744977,2159.6923306950976,228.4628984539311,1837.175721870377,3077.0197360317325,3.1264360214525726,0.29554645168355703,0.7804878048780488,0.24390243902439024,-4.68782180463186,0.36585365853658536,0.6585365853658537,10.684993089853549,-5.025019904484038,8.75,8.64375,2139.7137296744977,2073.2548306950976
2,83,dwell5,mey,ma10,http,1153.3260992928822,1142.0138282273751,19.179407710754873,1109.6373368228326,1196.6381156334392,0.9905546488054234,0.5898133683848683,0.7804878048780488,0.24390243902439024,-1.2104782194052137,0.24390243902439024,0.7804878048780488,0.8105332736834071,1.1747126808342738,64.125,65.640625,512.0760992928822,485.60757822737514
2,83,dwell5,trust,ma10,http,1062.5255600174778,1044.9131362556416,9.230250540406876,1020.0176975048431,1062.5970890336616,1.6855395104849449,1.9081197942282353,0.975609756097561,0.04878048780487805,-0.49074136827452947,0.3170731707317073,0.7073170731707317,1.4277744973335957,1.9415472183035727,58.5,59.125,477.5255600174778,453.6631362556416
2,83,f2,thr,ma10,http,1841.2549016786334,2245.3287224922606,229.50971444224078,1888.6308325610182,2958.240182022355,-17.996198808926074,-1.7605957194257145,0.024390243902439025,1.0,-11.937211932805937,0.12195121951219512,0.9024390243902439,-12.74566231526108,-24.414762011053647,8.625,8.6375,1824.0049016786334,2228.0537224922605
2,83,f2,mey,ma10,http,507.14825594417414,494.84213898845576,11.51178656503077,486.1628209522766,560.645804366818,2.4868773263478015,1.0690014869716695,0.975609756097561,0.04878048780487805,-0.9163419266006547,0.2926829268292683,0.7317073170731707,2.1714359900521623,2.8132854372049434,139.375,138.79375,228.39825594417414,217.25463898845578
2,83,f2,trust,ma10,http,443.3569836193894,445.5295475615637,5.732433347108352,438.6374387427334,475.07849666725053,-0.48763633165633885,-0.3789950638100682,0.2926829268292683,0.7317073170731707,-0.10778705223286916,0.4634146341463415,0.5609756097560976,-0.5036763893173344,-0.4715320953511357,123.125,125.403125,197.10698361938938,194.72329756156367
2,83,dwell200,thr,ma10,http,2170.123300032753,2655.671321366759,615.9777019762357,1878.3413817842859,4429.657245654331,-18.283438068085758,-0.7882558407166798,0.21951219512195122,0.8048780487804879,-10.407919788401918,0.4146341463414634,0.6097560975609756,-9.681501749735181,-29.147506542762166,7.125,7.46875,2098.873300032753,2580.983821366759
2,83,dwell200,mey,ma10,http,816.4098139811044,839.1720895655155,16.434453496545355,804.6904585540776,871.4629063484754,-2.712468141808238,-1.3850339221316912,0.12195121951219512,0.9024390243902439,-3.1152851897770892,0.0975609756097561,0.926829268292683,-1.3531574071451995,-4.147444085933068,45.75,47.828125,358.90981398110443,360.89083956551553
2,83,dwell200,trust,ma10,http,752.0124162845386,752.0809059002592,11.824880643241379,728.3487209276486,780.7519480066773,-0.00910668189861027,-0.00579199213817595,0.5365853658536586,0.4878048780487805,-0.8834510868966425,0.3170731707317073,0.7073170731707317,1.1819951399562703,-1.261988047738302,42.0,41.296875,332.01241628453863,339.11215590025915
2,83,f50,thr,ma10,http,2797.259497972147,2958.7990728433783,234.36938978015277,2462.993048044651,3479.564009332955,-5.459633144875675,-0.689252018033419,0.24390243902439024,0.7804878048780488,5.356357529518194,0.7560975609756098,0.2682926829268293,-10.898547452043083,-0.7362465452152358,8.25,8.509375,2384.759497972147,2533.3303228433783
2,83,f50,mey,ma10,http,2446.71419021195,2476.215549250287,49.23656544652994,2362.784097655527,2579.1964582959417,-1.1913889744884643,-0.5991758111230332,0.2682926829268293,0.7560975609756098,-0.6030268396722062,0.3170731707317073,0.7073170731707317,-1.5035181262286041,-0.8979767584434752,26.125,27.028125,1140.4641902119502,1124.809299250287
2,83,f50,trust,ma10,http,2211.0089232921464,2191.608575064414,38.66566974693258,2123.8478126323357,2289.461367881773,0.8852104544791898,0.5017460800422747,0.7073170731707317,0.3170731707317073,-0.3752967730896154,0.4146341463414634,0.6097560975609756,2.022385902275542,-0.24990915329045407,23.625,22.934375,1029.7589232921464,1044.8898250644138
2,83,base,thr,ma10,http,2309.8269989817063,2314.3268262703787,291.21678830438174,1891.4603827461312,3204.4813999449743,-0.19443352760698818,-0.015451812771072456,0.6229508196721312,0.39344262295081966,-16.082379132834447,0.04918032786885246,0.9672131147540983,-6.968912888281594,6.710481968777846,8.0,8.481944444444444,2229.8269989817063,2229.5073818259343
2,83,base,mey,ma10,http,1151.8373073402774,1131.4153427609076,16.60368068851408,1101.1974009799226,1176.589690143643,1.8049927208460566,1.2299661118812732,0.9180327868852459,0.09836065573770492,-0.9943623321668686,0.26229508196721313,0.7540983606557377,-1.8236976215985021,5.576182690995849,65.25,65.91666666666667,499.33730734027745,472.24867609424086
2,83,base,trust,ma10,http,1000.8922456776824,991.9635440848797,10.77334872331702,967.9127713028994,1026.6717908233018,0.9001038038186877,0.8287768104524512,0.8032786885245902,0.21311475409836064,0.20664187350216076,0.639344262295082,0.3770491803278688,0.05263170869777084,1.7608387087571764,55.833333333333336,55.575,442.558912344349,436.2135440848797
2,84,signed,thr,naive,timer,2203.0298873515576,2455.067051621654,328.0054912719974,1913.4204360341448,3220.2105994658195,-10.265999215932517,-0.7683931244342969,0.2682926829268293,0.7560975609756098,7.970650307433593,0.7560975609756098,0.2682926829268293,-3.195723637134783,-17.94263658053594,6.625,6.428125,2136.7798873515576,2390.785801621654
2,84,signed,mey,naive,timer,1140.0101069376267,1147.2644974921132,16.003334343706996,1114.5547196861644,1176.538320658922,-0.6323206697622344,-0.45330494250025544,0.3170731707317073,0.7073170731707317,2.44307831104332,0.975609756097561,0.04878048780487805,0.7563057105508086,-1.992059634089824,66.75,67.909375,472.5101069376267,468.17074749211315
2,84,signed,trust,naive,timer,962.4556237240449,982.0711094494906,14.081983190952991,956.3004187433149,1007.41780185436,-1.997359003508543,-1.3929490938497682,0.12195121951219512,0.9024390243902439,0.2220483935116527,0.5365853658536586,0.4878048780487805,-1.621570046987291,-2.395137572985457,54.5,56.15,417.4556237240449,420.57110944949056
2,84,dwell5,thr,naive,timer,2222.2693870799694,2414.4871596100807,300.49022581080123,1912.8926245941916,2976.976577899627,-7.961018627291139,-0.6396806152727843,0.2926829268292683,0.7317073170731707,20.559861066861885,0.975609756097561,0.04878048780487805,-12.24622138110353,-3.659217401694474,6.125,6.04375,2161.0193870799694,2354.0496596100807
2,84,dwell5,mey,naive,timer,1116.5172781513888,1140.7325655043176,17.819386886615682,1111.5856271968676,1170.072664484671,-2.122783909673268,-1.358929322709586,0.12195121951219512,0.9024390243902439,0.7650965972280998,0.6585365853658537,0.36585365853658536,-2.109108406572307,-2.136560510462797,62.75,63.55,489.01727815138884,505.23256550431756
2,84,dwell5,trust,naive,timer,1017.5356956417769,1031.8364319764914,12.429437929012158,1008.3816863300774,1065.4439745040545,-1.3859499327157272,-1.15055374316923,0.12195121951219512,0.9024390243902439,-0.28961562726849366,0.43902439024390244,0.5853658536585366,-1.286720219077386,-1.4867156995069046,55.0,55.71875,467.5356956417769,474.64893197649144
2,84,dwell200,thr,naive,timer,2227.364366962681,2299.6645885372054,464.1591237370301,1629.4315362800257,3365.9075641883487,-3.1439463796115614,-0.155766024789995,0.5609756097560976,0.4634146341463415,-14.646860498337078,0.24390243902439024,0.7804878048780488,-19.2765582649072,13.434791851941476,4.75,4.796875,2179.864366962681,2251.6958385372054
2,84,dwell200,mey,naive,timer,977.2077282962136,974.9335198133595,17.012346060846713,936.3622002456067,1012.9435820333213,0.2332680574250401,0.13367988604982584,0.5853658536585366,0.43902439024390244,1.108928281191048,0.7317073170731707,0.2926829268292683,-1.1027940965383125,1.6234827367573308,55.25,55.19375,424.70772829621365,422.99601981335945
2,84,dwell200,trust,naive,timer,877.5487465499427,867.8707706241696,9.46964829454075,846.8746363295804,893.1370579747866,1.115140209044344,1.021999510937748,0.9024390243902439,0.12195121951219512,-0.7725142689756324,0.1951219512195122,0.8292682926829268,-0.3738386783543505,2.661567383450592,48.75,48.59375,390.04874654994273,381.9332706241696
2,84,f2,thr,naive,timer,1646.14837826698,2272.228617219372,302.48850795398795,1867.8519670761277,2974.6624347355864,-27.553576000576676,-2.0697653712108175,0.024390243902439025,1.0,5.449848855074726,0.7317073170731707,0.2926829268292683,-30.34869339048741,-24.635427525314007,6.25,6.03125,1633.64837826698,2260.166117219372
2,84,f2,mey,naive,timer,484.7911632601683,494.71095138555,5.404241557271409,482.5975124495668,504.31892705909394,-2.0051684923487376,-1.8355560202586891,0.07317073170731707,0.9512195121951219,-1.2259567310392954,0.17073170731707318,0.8536585365853658,-2.2668774486316816,-1.7400146404087191,141.0,139.61875,202.79116326016828,215.47345138555
2,84,f2,trust,naive,timer,449.5462910686344,448.4179632389122,4.5644474034683995,438.44434194790745,455.6576400083244,0.2516241369039524,0.24719921821528928,0.5609756097560976,0.4634146341463415,0.03337021638658073,0.5121951219512195,0.5121951219512195,0.7534619818961158,-0.25180467035117654,128.25,126.796875,193.0462910686344,194.8242132389122
2,84,f50,thr,naive,timer,2207.638833166755,2548.208748592284,302.0602625992355,2002.8813483871777,3471.376797181134,-13.3650712726605,-1.127489966720273,0.0975609756097561,0.926829268292683,3.391777916665855,0.6585365853658537,0.36585365853658536,-20.750688401897364,-6.03204804536994,6.0,6.034375,1907.638833166755,2246.489998592284
2,84,f50,mey,naive,timer,2515.255849592362,2587.2683911899294,56.13769229484122,2433.523579274097,2710.2332388130408,-2.7833425338778777,-1.2827841447302382,0.0975609756097561,0.926829268292683,-2.549904492798005,0.0975609756097561,0.926829268292683,-3.2895954271018804,-2.274553894330971,30.0,29.8,1015.2558495923622,1097.2683911899294
2,84,f50,trust,naive,timer,2216.9974090879914,2225.8651818094813,37.05487515158821,2147.1867177624085,2303.9092477017693,-0.39839666813427643,-0.2393146026052619,0.4878048780487805,0.5365853658536586,-2.0737876959948243,0.12195121951219512,0.9024390243902439,0.9897826853711836,-1.7682293722434472,24.75,24.40625,979.4974090879914,1005.5526818094813
2,85,signed,thr,seasonal60,http,2859.5180602224636,2604.9662364138944,345.1700573629403,1939.8287884403383,3393.8177362491733,9.771789754902771,0.7374678607794546,0.8048780487804879,0.21951219512195122,-16.8963445427529,0.17073170731707318,0.8536585365853658,3.605687845099136,15.422161694432651,8.25,9.0,2777.0180602224636,2514.9662364138944
2,85,signed,mey,seasonal60,http,1163.0087924736958,1121.1595483254746,14.03812454432176,1096.550663349698,1151.296884445642,3.732675176403381,2.98111361073148,1.0,0.024390243902439025,1.7181677236993969,0.9024390243902439,0.12195121951219512,3.005045053488694,4.4399023263765285,66.625,68.44375,496.75879247369585,436.7220483254746
2,85,signed,trust,seasonal60,http,1002.8805152442005,1014.9964268357269,14.19488667311132,984.8761310529776,1048.4763138135677,-1.1936900733038016,-0.8535405650315571,0.1951219512195122,0.8292682926829268,2.560236608047365,0.9512195121951219,0.07317073170731707,-2.5614919448583313,0.1933557720576192,57.25,60.6875,430.3805152442005,408.1214268357269
2,84,base,thr,naive,timer,2259.1445908584706,2431.856279602171,320.38331741443545,1899.6630752585272,3136.59995438086,-7.102051638181288,-0.5390782832811715,0.3114754098360656,0.7049180327868853,-12.16757375126493,0.19672131147540983,0.819672131147541,-12.670201284725762,-1.2736963552991492,6.0,6.022222222222222,2199.1445908584706,2371.634057379949
2,84,base,mey,naive,timer,1110.3872933227137,1119.1374418902642,13.454829669210572,1088.4259981483435,1146.1187571196822,-0.7818654117023506,-0.6503351423001598,0.29508196721311475,0.7213114754098361,-1.2813402357806747,0.18032786885245902,0.8360655737704918,-0.7329417126328207,-0.8300934820358391,61.916666666666664,62.19305555555555,491.2206266560471,497.20688633470866
2,84,base,trust,naive,timer,1012.1023929540025,1013.3779685857679,10.910617749915803,989.7605786206417,1032.0520421820393,-0.1258736297124678,-0.11691140327734617,0.4426229508196721,0.5737704918032787,-0.832537657560184,0.26229508196721313,0.7540983606557377,0.670378455156507,-0.9168836887882998,57.666666666666664,56.17916666666667,435.4357262873359,451.5863019191013
2,85,dwell5,thr,seasonal60,http,2328.6880953889204,2267.9318043274466,326.67623959325175,1814.8511745841683,3205.338642443558,2.6789293639934217,0.18598319589181675,0.6829268292682927,0.34146341463414637,-14.554992459769375,0.0975609756097561,0.926829268292683,15.857292337029563,-10.056019327182701,7.25,7.896875,2256.1880953889204,2188.9630543274466
2,85,dwell5,mey,seasonal60,http,1211.0830137046123,1153.8551436789076,17.64998089752395,1112.2353309667828,1187.5092921057212,4.9597100935253975,3.2423757486181217,1.0,0.024390243902439025,-0.3487627016311857,0.4146341463414634,0.6097560975609756,5.1448497860990425,4.771685258096664,67.0,68.353125,541.0830137046123,470.32389367890755
2,85,dwell5,trust,seasonal60,http,1102.0864127063776,1057.4046661689092,13.313903901002563,1018.2340840516451,1079.527513796938,4.225605197994363,3.356021409626049,1.0,0.024390243902439025,1.062433358449169,0.7804878048780488,0.24390243902439024,0.8685712495073737,7.614388217901893,62.5,62.165625,477.0864127063776,435.7484161689092
2,85,dwell200,thr,seasonal60,http,2209.8180063808777,2109.643057226177,456.01250621679975,1621.7121691739997,3840.855567299559,4.748431200793454,0.21967588122917625,0.7073170731707317,0.3170731707317073,-3.3581447978193095,0.5609756097560976,0.4634146341463415,6.494152572763231,2.846656344037378,6.5,6.6875,2144.8180063808777,2042.768057226177
2,85,dwell200,mey,seasonal60,http,927.3251540399287,902.2213871390547,13.251311573530684,876.3523160802629,931.3799490358913,2.7824397934611245,1.8944363930751158,0.9512195121951219,0.07317073170731707,-0.2504360379466315,0.5365853658536586,0.4878048780487805,2.76418926380268,2.798767963883587,50.5,54.215625,422.32515403992875,360.06513713905474
2,85,dwell200,trust,seasonal60,http,770.9547906974914,779.4229723446957,12.169731964507676,754.4660426227271,806.4883820734938,-1.086468060048317,-0.695839618481435,0.2682926829268293,0.7560975609756098,-0.4217187254794557,0.4146341463414634,0.6097560975609756,-3.1617406433995168,0.8759154223089192,42.75,45.8625,343.4547906974914,320.7979723446957
2,85,f2,thr,seasonal60,http,3101.169725422065,2576.3788308140433,346.478208221309,2080.186806988885,3575.8223341409907,20.369321791167117,1.5146432940244754,0.9512195121951219,0.07317073170731707,26.2200295300725,0.9512195121951219,0.07317073170731707,22.73610261879938,17.981954581305008,7.375,7.69375,3086.419725422065,2560.9913308140435
2,85,f2,mey,seasonal60,http,507.37479054991707,482.95215481254,5.998945357331366,471.18059387956686,502.77484452266737,5.056947255335635,4.071154891839433,1.0,0.024390243902439025,2.082958063205208,0.9512195121951219,0.07317073170731707,4.943745946692879,5.167857009282241,136.875,146.128125,233.62479054991707,190.69590481254
2,85,f2,trust,seasonal60,http,446.1140327601549,429.8213684901866,3.905727650123139,420.3537503192355,437.7695182920164,3.7905663757943793,4.171479869942954,1.0,0.024390243902439025,-0.4411999344876398,0.2926829268292683,0.7317073170731707,3.519942416349774,4.058047591983573,123.25,126.815625,199.61403276015488,176.19011849018662
2,85,f50,thr,seasonal60,http,2897.7530087048617,2818.1797823438815,304.778516081497,2388.7102679149048,3692.4113602338684,2.8235681364089253,0.26108541830324605,0.6829268292682927,0.34146341463414637,9.244947508011272,0.8292682926829268,0.1951219512195122,5.5322438776422995,0.07935069771118926,7.75,7.9375,2510.2530087048617,2421.3047823438815
2,85,f50,mey,seasonal60,http,2677.2617003876994,2496.287594669585,63.516554047930015,2349.6799105702266,2630.057338993971,7.249729802950397,2.8492431371757077,1.0,0.024390243902439025,1.1028994441498445,0.6341463414634146,0.3902439024390244,8.384830541253173,6.067993695597489,29.375,29.978125,1208.5117003876994,997.3813446695849
2,85,f50,trust,seasonal60,http,2325.416750740504,2235.8278134564325,44.54921545051362,2137.382668025826,2337.117468433714,4.006969443034764,2.011010438188057,0.975609756097561,0.04878048780487805,3.6932483642365694,0.975609756097561,0.04878048780487805,7.854290060031657,0.1974952688219591,24.25,24.9,1112.916750740504,990.8278134564325
2,85,base,thr,seasonal60,http,3154.22984121877,2478.1154935478835,358.88099515738537,1828.6639456201813,3651.4836958147243,27.28340746955676,1.8839513844258604,0.9672131147540983,0.04918032786885246,-5.33943428865227,0.4098360655737705,0.6065573770491803,26.251867341702937,28.553058537907408,7.666666666666667,8.123611111111112,3077.5631745521036,2396.879382436772
2,85,base,mey,seasonal60,http,1193.8938656432333,1116.1421847867616,12.077562965419379,1093.8325704138272,1154.5426587488391,6.966108970366182,6.437696170915542,1.0,0.01639344262295082,-0.2884122503296611,0.3770491803278688,0.639344262295082,6.988170390286167,6.942893844938331,67.66666666666667,68.79444444444445,517.2271989765666,428.19774034231705
2,85,base,trust,seasonal60,http,1006.0862600929868,994.5837443637888,11.537686554574412,971.0405388678759,1021.7337490480486,1.156515556822804,0.9969516570579307,0.8524590163934426,0.16393442622950818,2.065553669743681,0.9836065573770492,0.03278688524590164,1.5185232944769556,0.7923999119235475,56.0,57.580555555555556,446.0862600929868,418.77818880823327
2,86,dwell5,thr,ma10,timer,1771.4507807828936,1766.1764843016415,32.08070023211631,1715.8230737583376,1935.5132833511661,0.29862794166561535,0.164407149566267,0.926829268292683,0.0975609756097561,-0.550664308193045,0.2682926829268293,0.8292682926829268,0.31608763616093866,0.2809885691100985,14.5,13.55,1626.4507807828936,1630.6764843016415
2,86,dwell5,mey,ma10,timer,1005.6642320086673,1012.7147274819712,16.55355332426807,1000.0806350426346,1106.7407537043052,-0.6961975847664718,-0.4259203649628249,0.1951219512195122,0.8292682926829268,-0.744892667149358,0.17073170731707318,0.8536585365853658,-0.23037112213802732,-1.1564089590145548,59.75,60.075,408.16423200866734,411.9647274819712
2,86,dwell5,trust,ma10,timer,1020.5601981288287,1022.2076781050179,11.00312128503277,1007.7963904981607,1078.1945866368414,-0.16116881251012463,-0.14972842100997233,0.5365853658536586,0.4878048780487805,-0.06764245668966277,0.6341463414634146,0.3902439024390244,-0.3520929871080271,0.028821990398938114,60.0,59.915625,420.5601981288287,423.05142810501786
2,86,signed,thr,ma10,timer,1710.8564248003227,1794.528619049866,127.40186033245448,1675.3841190087023,2168.4947203275087,-4.662628021716617,-0.6567580255986932,0.4634146341463415,0.5609756097560976,-5.077539931741135,0.2682926829268293,0.7804878048780488,-4.423078970761835,-4.898952854650638,14.125,14.578125,1569.6064248003227,1648.747369049866
2,86,signed,mey,ma10,timer,1002.2907921685999,1017.4147816257879,4.659109558144319,1008.7776513546867,1026.9444858652805,-1.4865116696083878,-3.246111573133253,0.024390243902439025,1.0,-0.09167698308433131,0.43902439024390244,0.5853658536585366,-1.6390633313544998,-1.3366614083045818,58.625,59.859375,416.04079216859986,418.8210316257879
2,86,signed,trust,ma10,timer,965.8820198599409,990.8544094358782,7.224031576805974,972.5286677259807,1005.6289300716711,-2.5202884841734527,-3.4568494490134247,0.024390243902439025,1.0,-0.5656264711391903,0.21951219512195122,0.8048780487804879,-2.5195573300952776,-2.521065875150764,55.25,57.528125,413.3820198599409,415.5731594358782
2,86,dwell200,thr,ma10,timer,1954.30061553534,2036.5297306628734,163.21931655186765,1867.8018051378344,2935.1000435221026,-4.037707571338446,-0.5037952422831193,0.1951219512195122,0.8292682926829268,4.4640061575549295,0.8780487804878049,0.14634146341463414,-3.9905608132036536,-4.086846425884789,13.0,11.95625,1824.30061553534,1916.9672306628734
2,86,dwell200,mey,ma10,timer,822.613380377818,817.8144335652169,15.96809452454955,804.2026880263928,912.3097074153743,0.5868014326526829,0.3005334672351266,0.8780487804878049,0.14634146341463414,-0.8315778521284152,0.1951219512195122,0.8292682926829268,-0.24584585651197197,1.541617083640295,49.75,49.503125,325.113380377818,322.78318356521686
2,86,dwell200,trust,ma10,timer,801.5352540874076,804.6965915719662,11.16737617182885,785.4408967375903,861.5214603721477,-0.39286080215438945,-0.2830868626538739,0.3170731707317073,0.7073170731707317,1.2414665180863702,0.9512195121951219,0.07317073170731707,-1.1762909836677293,0.4573661741637911,46.5,46.925,336.53525408740757,335.4465915719662
2,86,f2,thr,ma10,timer,1576.7590505601743,1646.9558722362733,109.31950069555636,1571.567410371594,2035.5684322590196,-4.262216302175979,-0.6421253411282037,0.2926829268292683,0.7317073170731707,-4.150876154152151,0.3170731707317073,0.7073170731707317,-3.8786774431796576,-4.679275357593892,14.5,13.4,1547.7590505601743,1620.1558722362734
2,86,f2,mey,ma10,timer,414.90631559027065,420.90317518567645,16.474503445266432,415.49239501604825,521.6888555408759,-1.4247598851589445,-0.36400851869856227,0.024390243902439025,1.0,-1.0610493892556416,0.14634146341463414,0.8780487804878049,-1.7251496135465436,-1.1260971845652792,124.875,126.315625,165.15631559027065,168.27192518567645
2,86,f2,trust,ma10,timer,414.3442338217972,418.8632998047966,8.77004519159402,414.0715801622051,471.04063342569566,-1.0788880250681832,-0.5152842299297229,0.07317073170731707,0.9512195121951219,-0.7087651754723212,0.2682926829268293,0.7560975609756098,-1.185779684453712,-0.9684578106544394,120.875,121.58125,172.59423382179722,175.70079980479662
2,86,f50,thr,ma10,timer,2377.80373983752,2423.461720801618,238.912628743361,2265.30373983752,3207.4715544764713,-1.88399843794502,-0.19110744042393676,0.7560975609756098,0.2682926829268293,-4.462953965219725,0.36585365853658536,0.7317073170731707,-2.972361636817092,-0.7637946073228993,14.625,13.46875,1646.55373983752,1750.024220801618
2,86,f50,mey,ma10,timer,2308.2518791626644,2323.4613919949757,32.73432977967474,2274.3744518030367,2413.930179409066,-0.6546057913728457,-0.46463492408984874,0.3902439024390244,0.6341463414634146,-0.6503696494619744,0.3902439024390244,0.6341463414634146,-2.4285481503117596,1.1688362036364353,26.5,26.6,983.2518791626644,993.4613919949757
2,86,f50,trust,ma10,timer,2235.135126027175,2229.2816174354825,23.605538547780654,2188.5830570502717,2302.5065704630706,0.26257376124718323,0.24797182999422498,0.6829268292682927,0.34146341463414637,-2.2495085864373734,0.024390243902439025,1.0,0.6706457232700138,-0.17268840953448636,26.5,26.1125,910.1351260271749,923.6566174354825
2,87,signed,thr,naive,timer,2261.714920779137,2310.9888358707103,215.49881387722644,1935.9542394935984,2819.3928711273857,-2.1321572102276396,-0.2286505164694103,0.4146341463414634,0.6097560975609756,4.133937130588927,0.6829268292682927,0.34146341463414637,-2.3258520788864976,-1.9320471208675312,6.25,6.19375,2199.214920779137,2249.0513358707103
2,87,signed,mey,naive,timer,1127.2828739298247,1132.45708424441,15.150516589655561,1105.8109231419407,1161.5846183945,-0.4569012271257548,-0.3415203886920984,0.4634146341463415,0.5609756097560976,1.7210104331698772,0.8536585365853658,0.17073170731707318,-0.2969881260442481,-0.6138166857935275,66.25,65.584375,464.78287392982475,476.61333424441
2,87,signed,trust,naive,timer,989.2807377487859,976.8508889465418,10.744905078478402,953.8236067952788,1001.8628452368298,1.2724407525132884,1.1568132721005226,0.9024390243902439,0.12195121951219512,0.5196476780045092,0.6585365853658537,0.36585365853658536,-1.120261510272671,3.682629056172258,55.75,55.878125,431.7807377487859,418.0696389465418
2,86,base,thr,ma10,timer,1874.3810359017634,1974.0327017166424,186.39589685543538,1825.5660293918374,2663.0040843327592,-5.048126392648949,-0.5346237095131262,0.3770491803278688,0.639344262295082,-2.4023772041205094,0.6885245901639344,0.32786885245901637,-3.5766888988443584,-6.393368886894507,14.5,13.525,1729.3810359017634,1838.7827017166424
2,86,base,mey,ma10,timer,974.6129215664083,981.9178887212685,5.634815723435811,971.5036067150189,992.9199807550075,-0.7439488819552172,-1.2963985893057688,0.11475409836065574,0.9016393442622951,-0.2776302449742691,0.36065573770491804,0.6557377049180327,-0.8928153914410174,-0.5974642273847657,58.333333333333336,58.80555555555556,391.27958823307495,393.8623331657129
2,86,base,trust,ma10,timer,978.1391660110072,981.6883981579894,5.584951443479941,971.0724309648717,997.6421377498303,-0.36154365821596973,-0.6354991950960722,0.29508196721311475,0.7213114754098361,0.30684998119098134,0.7213114754098361,0.29508196721311475,-0.4655623136210703,-0.25786520962911097,57.75,57.85,400.6391660110072,403.18839815798935
2,87,dwell5,thr,naive,timer,2293.1518866960105,2288.9531760780296,219.12035829439884,1899.3466568406643,2783.2396367018396,0.18343366137244732,0.019161663711500868,0.5609756097560976,0.4634146341463415,9.148810870531058,0.7804878048780488,0.24390243902439024,-1.5843119848316696,1.7435019272535839,6.0,6.021875,2233.1518866960105,2228.7344260780296
2,87,dwell5,mey,naive,timer,1140.1816470385404,1136.7685090775713,19.39306536617724,1100.905118088774,1176.4909734835092,0.3002491653941695,0.1759978578178716,0.6829268292682927,0.34146341463414637,-0.2072916741028807,0.5609756097560976,0.4634146341463415,0.21901634281014604,0.3829710602481311,62.875,62.8375,511.4316470385404,508.39350907757125
2,87,dwell5,trust,naive,timer,1015.5177940563717,1001.6538203039624,11.955091175985233,973.745825171464,1025.675179744327,1.384108308816922,1.1596711014850725,0.8536585365853658,0.17073170731707318,-1.2135816964870028,0.21951219512195122,0.8048780487804879,2.291287203603391,0.48549754921225985,56.125,55.534375,454.2677940563717,446.31007030396245
2,87,dwell200,thr,naive,timer,2919.8016821058195,2426.534788620101,288.634953998986,1961.9037046570827,3066.007453775139,20.328037158133004,1.7089645126191169,0.9512195121951219,0.07317073170731707,-24.869038402491316,0.024390243902439025,1.0,5.002396133322792,37.7166616878345,4.875,4.875,2871.0516821058195,2377.784788620101
2,87,dwell200,mey,naive,timer,952.3344077009873,950.6321192332337,13.046607111509932,929.198757990319,977.3046003260438,0.17906910920774363,0.1304774837782813,0.6341463414634146,0.3902439024390244,0.9861041893321925,0.7804878048780488,0.24390243902439024,-0.4207669450834886,0.8035774577478283,50.0,49.375,452.3344077009873,456.88211923323365
2,87,dwell200,trust,naive,timer,885.5156509120736,858.0826069870105,12.275699680727055,834.0841266489192,887.6548079695588,3.197016662695083,2.2347438140844376,0.975609756097561,0.04878048780487805,-1.830085469187513,0.12195121951219512,0.9024390243902439,1.1090638318790424,5.412626405252379,49.125,46.746875,394.2656509120736,390.61385698701054
2,87,f2,thr,naive,timer,2743.751495951528,2432.0088749280835,273.97839354032664,1920.2898273749354,2860.785120942695,12.818317574300087,1.1378365169425642,0.8048780487804879,0.21951219512195122,4.087135205166096,0.6341463414634146,0.3902439024390244,7.321304261475868,18.210277638694343,6.0,6.0,2731.751495951528,2420.0088749280835
2,87,f2,mey,naive,timer,484.65475684850094,484.4167560723569,5.433901169928148,472.6217079152701,502.01803543303777,0.04913140868076614,0.04379924637958897,0.4634146341463415,0.5609756097560976,1.0571745083190254,0.8780487804878049,0.14634146341463414,-0.5217559805020636,0.6247432078299421,132.75,131.98125,219.15475684850094,220.45425607235694
2,87,f2,trust,naive,timer,429.36544516804224,431.1156229925831,4.0485597135344635,424.7334641910129,441.70194669800236,-0.4059648343040832,-0.43229640869318436,0.34146341463414637,0.6829268292682927,-1.3902879821070746,0.0975609756097561,0.926829268292683,-1.2525298143860522,0.43365690385888095,116.0,116.034375,197.36544516804224,199.0468729925831
2,87,f50,thr,naive,timer,2565.8323225301942,2622.6291140160342,170.29389373667428,2281.60569828014,2941.3469714952025,-2.1656432921568167,-0.33352218473355816,0.4146341463414634,0.6097560975609756,4.704583604053129,0.7804878048780488,0.24390243902439024,5.728215718892435,-9.977592682949386,6.0,6.003125,2265.8323225301942,2322.4728640160342
2,87,f50,mey,naive,timer,2423.117496556858,2450.315413491553,53.740407816204424,2342.7029257323766,2585.930666768225,-1.109976160005444,-0.5060980747990161,0.3170731707317073,0.7073170731707317,-1.7140847113839686,0.2682926829268293,0.7560975609756098,-1.539924164998967,-0.6986489451294144,26.5,27.121875,1098.117496556858,1094.221663491553
2,87,f50,trust,naive,timer,2201.3744763416557,2254.983317645062,34.55825248579224,2177.3401719641042,2343.3403530590876,-2.3773497960681764,-1.5512601896014915,0.0975609756097561,0.926829268292683,0.7991832944204009,0.6829268292682927,0.34146341463414637,-2.7587045752136063,-1.952659781175612,23.375,24.753125,1032.6244763416557,1017.327067645062
2,87,base,thr,naive,timer,2271.0270457807314,2174.501134467702,186.63749534446453,1782.236187646062,2646.526491482866,4.438991076298439,0.517183919205935,0.6721311475409836,0.3442622950819672,13.569699982591466,0.9016393442622951,0.11475409836065574,14.096491421014488,-4.928648429294041,6.0,6.0,2211.0270457807314,2114.501134467702
2,87,base,mey,naive,timer,1084.5925569972233,1087.576630651138,12.694709713095643,1058.0240438576584,1117.3974503254547,-0.27437824331772737,-0.23506434738215412,0.3770491803278688,0.639344262295082,2.0201143736765084,0.9508196721311475,0.06557377049180328,0.39879525593318366,-0.940084847357926,59.25,59.61527777777778,492.09255699722326,491.42385287336015
2,87,base,trust,naive,timer,993.7820762925625,984.9420303341125,10.599205023848974,966.7575999939869,1011.692040063756,0.8975194159854532,0.8340291501635502,0.7540983606557377,0.26229508196721313,-0.1964035893576899,0.5245901639344263,0.4918032786885246,0.9922993370755122,0.7994681814831348,54.25,54.40555555555556,451.28207629256246,440.88647477855693
2,89,signed,thr,ma10,timer,1800.7550750622786,1797.108615548978,35.87749926812277,1713.12042663198,1887.8947294459413,0.2029070186270714,0.10163639015221321,0.6341463414634146,0.3902439024390244,-1.2803197200224754,0.2682926829268293,0.7560975609756098,1.952855382336568,-1.0480582938081147,9.375,10.271875,1707.0050750622786,1694.389865548978
2,89,signed,mey,ma10,timer,946.0834290941324,953.7713378985757,5.8638857749142055,938.9360232318566,965.5971416191301,-0.806053662860313,-1.3110604639217693,0.0975609756097561,0.926829268292683,0.37575152608977525,0.7317073170731707,0.2926829268292683,-1.3638178319654408,-0.2418459757891454,52.625,53.49375,419.8334290941324,418.83383789857567
2,89,signed,trust,ma10,timer,968.8914475168147,975.6484579642445,5.068059388744363,968.2792697603388,985.5661342163505,-0.6925660971707753,-1.333253999042798,0.07317073170731707,0.9512195121951219,-0.6295906723771506,0.12195121951219512,0.9024390243902439,-0.02600663641766115,-1.3486138760057123,55.875,55.965625,410.14144751681465,415.99220796424447
2,89,dwell5,thr,ma10,timer,1504.7752036994732,1540.269002584898,30.59306904497492,1498.3311458782177,1606.319308227588,-2.304389611545696,-1.1601908534657115,0.07317073170731707,0.9512195121951219,-1.1386913248878299,0.3902439024390244,0.6341463414634146,-0.25697757781589137,-4.60546927558754,10.125,10.559375,1403.5252036994732,1434.675252584898
2,89,dwell5,mey,ma10,timer,1002.242308855464,1000.3491964511195,10.637983113096476,986.6100801308637,1040.2576101812285,0.189245156697339,0.17795783131239154,0.7804878048780488,0.24390243902439024,-0.7759463931785558,0.17073170731707318,0.8536585365853658,-0.852978916528908,1.2587691901678464,57.875,57.1625,423.492308855464,428.7241964511195
2,89,dwell5,trust,ma10,timer,967.0432358667705,969.2525706389146,7.164820521145272,958.9547500409486,993.4869056372615,-0.22794211117621485,-0.3083587042583616,0.43902439024390244,0.5853658536585366,-0.17188083626834208,0.4878048780487805,0.5365853658536586,0.0030462234021831156,-0.4689049527742868,56.0,55.621875,407.0432358667705,413.03382063891456
2,89,dwell200,thr,ma10,timer,1625.3141489224597,1560.943434437803,64.82756308378707,1453.1340193719498,1733.7385368424468,4.123833898429558,0.9929528648402234,0.8536585365853658,0.17073170731707318,2.390100826270863,0.7560975609756098,0.2682926829268293,0.9051123611392553,7.085652985459407,7.375,8.85,1551.5641489224597,1472.443434437803
2,89,dwell200,mey,ma10,timer,829.0969706326856,832.0844543580328,7.503985240494679,815.6877090496472,844.4604704410385,-0.35903611823297926,-0.3981196163906907,0.34146341463414637,0.6829268292682927,-0.023894641868882162,0.43902439024390244,0.5853658536585366,0.9161926652762604,-1.6002911219650795,47.125,48.24375,357.8469706326856,349.64695435803276
2,89,dwell200,trust,ma10,timer,815.2351842197902,826.7975340613169,6.355929264493656,816.1315812996279,840.292085810376,-1.3984499669140569,-1.8191438828808044,0.024390243902439025,1.0,-0.5337075015349166,0.2682926829268293,0.7560975609756098,-1.675654764857539,-1.1055113971152792,48.25,48.359375,332.7351842197902,343.2037840613169
2,89,f2,thr,ma10,timer,1541.3329811957387,1553.724775894729,48.084010688573485,1459.1981121234317,1688.3472876475264,-0.7975540386072738,-0.25771133733515633,0.3902439024390244,0.6341463414634146,-1.099719114983313,0.36585365853658536,0.6585365853658537,2.037232185628418,-3.330049002118736,9.25,10.33125,1522.8329811957387,1533.062275894729
2,89,f2,mey,ma10,timer,417.3893520519897,406.36342694828016,4.542865089542554,401.85980380578485,432.1370939338317,2.713316300758745,2.4270861860042166,0.975609756097561,0.04878048780487805,0.026276841922591946,0.7073170731707317,0.3170731707317073,3.1809797532474953,2.2311626703998164,116.125,118.95625,185.1393520519897,168.45092694828017
2,89,f2,trust,ma10,timer,421.21483370073736,412.6675069641713,2.5368504841856816,409.2123623360149,423.6587118824441,2.071238125687503,3.369267045830533,0.975609756097561,0.04878048780487805,-0.07373246025532801,0.5365853658536586,0.4878048780487805,3.8304654173801,0.22371243844279537,121.125,120.496875,178.96483370073736,171.6737569641713
2,89,f50,thr,ma10,timer,2271.4849666376635,2286.318951740249,48.492164546864075,2171.944505974399,2362.5808930367957,-0.6488152097630255,-0.3059047836119866,0.43902439024390244,0.5853658536585366,-0.190061782665006,0.4878048780487805,0.5365853658536586,-0.9571022315361136,-0.36094733495917314,9.625,10.409375,1790.2349666376635,1765.8502017402488
2,89,f50,mey,ma10,timer,2208.4704818860873,2203.2880547226086,23.626033662143847,2161.580174565922,2254.0671175829348,0.23521332820601798,0.21935239903524376,0.6097560975609756,0.4146341463414634,-0.6406286409182443,0.36585365853658536,0.6585365853658537,1.3694947079877602,-0.8836078040786421,25.25,25.25625,945.9704818860873,940.4755547226086
2,89,f50,trust,ma10,timer,2155.6209891330323,2145.1418975533124,31.216923012400223,2074.67410608916,2204.602621232142,0.48850342215925013,0.3356862422205168,0.5609756097560976,0.4634146341463415,-0.11303903535914588,0.43902439024390244,0.5853658536585366,2.5221612078613966,-1.6826274075177228,24.75,24.878125,918.1209891330323,901.2356475533124
2,91,signed,thr,seasonal60,queue,2176.634413140739,2043.634031584936,165.94921643146824,1726.07058759338,2448.0402420414616,6.5080332143742385,0.8014523021910616,0.8292682926829268,0.1951219512195122,-3.1462612698142074,0.36585365853658536,0.6585365853658537,3.919227362464685,9.253294789776653,6.125,6.078125,2115.384413140739,1982.852781584936
2,91,signed,mey,seasonal60,queue,1060.933368443719,1058.5261666624417,14.629149885186218,1026.1259837610526,1095.3724983188536,0.22741070151031534,0.16454830254455804,0.5853658536585366,0.43902439024390244,-1.029750011790327,0.24390243902439024,0.7804878048780488,-0.576633145557719,1.0450536842176168,60.75,60.89375,453.433368443719,449.5886666624417
2,91,signed,trust,seasonal60,queue,920.3041823323038,938.5699622134543,8.479675920388269,922.1274226521716,957.8640190597536,-1.9461287508151146,-2.154065798344123,0.024390243902439025,1.0,0.09661999980336641,0.5853658536585366,0.43902439024390244,-2.244551707718095,-1.6509411202746012,50.875,52.1,411.55418233230375,417.56996221345435
2,89,base,thr,ma10,timer,1666.0154938951684,1671.6063641357337,32.16610839779791,1601.0427773923454,1750.822581096012,-0.3344609329395466,-0.17381245413411464,0.4098360655737705,0.6065573770491803,-1.1746530046635861,0.2459016393442623,0.7704918032786885,-1.388715900241104,0.739174409387391,8.916666666666666,10.411111111111111,1576.8488272285017,1567.4952530246226
2,89,base,mey,ma10,timer,951.007408235199,962.1806690960062,6.141349579373937,951.899424595946,983.009061256882,-1.1612435397714624,-1.8193494306745246,0.01639344262295082,1.0,0.5421162655729796,0.8360655737704918,0.18032786885245902,-1.6815876324440535,-0.6560030029620527,52.75,54.00277777777778,423.507408235199,422.1528913182284
2,89,base,trust,ma10,timer,931.7903092257075,940.3095182360555,5.474353240941128,929.0206357065417,953.2020226252522,-0.906000507825274,-1.556203744149229,0.08196721311475409,0.9344262295081968,-0.1470528713924405,0.4262295081967213,0.5901639344262295,0.08452347930396382,-1.873181883333153,51.5,52.666666666666664,416.79030922570746,413.6428515693889
2,91,dwell5,thr,seasonal60,queue,1703.0743084096634,1985.2276175844265,138.88417377187898,1721.1066888733485,2509.0362868750044,-14.212642755699717,-2.0315727956031013,0.024390243902439025,1.0,4.508690344204556,0.8292682926829268,0.1951219512195122,-10.81139050652106,-17.735255232225413,6.0,6.003125,1643.0743084096634,1925.1963675844265
2,91,dwell5,mey,seasonal60,queue,1119.5221110331763,1105.8634095174075,17.250805143689668,1077.9400535588663,1152.496732316195,1.2351165069951455,0.7917718275755476,0.7804878048780488,0.24390243902439024,3.0342778438863256,0.975609756097561,0.04878048780487805,2.6145343064902096,-0.19719321186698596,56.5,57.221875,554.5221110331763,533.6446595174075
2,91,dwell5,trust,seasonal60,queue,948.7983261005762,964.9305054285654,10.866363179189802,937.0144807464387,990.0020184899978,-1.6718488261311877,-1.4845978421634187,0.0975609756097561,0.926829268292683,-0.5936148984258645,0.2926829268292683,0.7317073170731707,-2.4165282700236776,-0.928915637093928,52.125,52.4,427.5483261005762,440.9305054285654
2,91,dwell200,thr,seasonal60,queue,1752.6716825602828,1849.4394178656046,212.90192068351982,1582.6422210672145,2425.429223047997,-5.23227386474758,-0.45451790662409164,0.43902439024390244,0.5853658536585366,-7.6175365493933835,0.36585365853658536,0.6585365853658537,4.655303054003326,-13.594235503133241,4.75,4.75,1705.1716825602828,1801.9394178656046
2,91,dwell200,mey,seasonal60,queue,859.6526237178584,851.712928426627,15.615271089130143,810.6825969978795,882.6926070081166,0.9322032138103764,0.508457089595988,0.6829268292682927,0.34146341463414637,0.8937486644206827,0.6585365853658537,0.36585365853658536,0.39450524072804405,1.5181243240183695,43.375,42.440625,425.90262371785843,427.30667842662695
2,91,dwell200,trust,seasonal60,queue,788.2249446407554,783.309370574372,12.974212310250303,758.778055042405,810.6968439098501,0.6275392904822563,0.3788726397285701,0.6097560975609756,0.4146341463414634,-3.1035992024901735,0.04878048780487805,0.975609756097561,0.10464182917668217,1.1447246874492742,42.125,42.196875,366.97494464075544,361.340620574372
2,91,f2,thr,seasonal60,queue,1702.946213362975,1986.154559625706,201.78633376441275,1714.039625575149,2797.7719373513673,-14.259129275221266,-1.4035060798189596,0.024390243902439025,1.0,26.902470751075736,0.975609756097561,0.04878048780487805,-14.664059917377793,-13.790930658270167,6.0,6.0,1690.946213362975,1974.154559625706
2,91,f2,mey,seasonal60,queue,502.86480116153916,498.76433086824034,6.358862072637833,488.6648558879722,511.96918283289995,0.8221258096305321,0.644843408531086,0.8048780487804879,0.21951219512195122,0.39332156666057194,0.6341463414634146,0.3902439024390244,2.4799902645065957,-0.7665591254771238,126.75,125.75625,249.36480116153916,247.25183086824035
2,91,f2,trust,seasonal60,queue,437.32451707059244,431.87321865927316,3.2080824625990743,425.1194671096821,440.54607834791113,1.262245070032944,1.699238867726244,0.975609756097561,0.04878048780487805,0.6575238916721003,0.8292682926829268,0.1951219512195122,1.4449318449086446,1.0861829876544982,113.25,114.03125,210.82451707059244,203.81071865927316
2,91,f50,thr,seasonal60,queue,2473.665356625931,2358.259320199434,154.29171277756967,2084.2926176042974,2818.569481247484,4.893695762717784,0.7479730074217843,0.8292682926829268,0.1951219512195122,-3.9287999050987867,0.2682926829268293,0.7560975609756098,2.7232616581123814,7.084177922351637,5.875,5.878125,2179.915356625931,2064.353070199434
2,91,f50,mey,seasonal60,queue,2323.6725548048266,2412.293071122408,46.90016525857675,2309.2373224692137,2546.5714240148673,-3.6737043843660113,-1.8895565895980537,0.07317073170731707,0.9512195121951219,-1.378407980166298,0.21951219512195122,0.8048780487804879,-7.331980523013355,-0.04903674399101975,25.0,25.353125,1073.6725548048266,1144.636821122408
2,91,f50,trust,seasonal60,queue,2156.429688473581,2130.1849583236717,31.38143559115698,2077.1440186142922,2188.108514692293,1.2320399713347994,0.8363138797036014,0.7560975609756098,0.2682926829268293,0.6129034449511523,0.6341463414634146,0.3902439024390244,1.9487373343458227,0.4894540092188154,22.75,22.19375,1018.9296884735809,1020.4974583236717
2,91,base,thr,seasonal60,queue,1999.4110795862623,1968.07483814414,132.51243548596884,1759.64016148324,2448.196259631457,1.5922281426895293,0.23647774133198585,0.6557377049180327,0.36065573770491804,0.22670278911791542,0.6065573770491803,0.4098360655737705,-3.008973269062996,6.112752505164818,6.0,6.001388888888889,1939.4110795862623,1908.060949255251
2,91,base,mey,seasonal60,queue,1077.287070561371,1094.9105993486953,15.69346157745103,1063.1604852022936,1145.076911748058,-1.609586097514054,-1.1229854357082423,0.18032786885245902,0.8360655737704918,-2.029266625529512,0.09836065573770492,0.9180327868852459,-3.233824917399187,-0.09540315625033709,56.0,56.80416666666667,517.2870705613709,526.8689326820287
2,91,base,trust,seasonal60,queue,950.2684067042337,932.8687114744,9.296509041453634,910.7069456737466,954.768042191971,1.8651815647598964,1.8716375310611242,0.9508196721311475,0.06557377049180328,-0.8610162382413932,0.18032786885245902,0.8360655737704918,2.686222717119996,1.0720728179029884,49.916666666666664,49.0875,451.1017400375671,441.9937114744
2,92,base,thr,ma10,http,1953.133939903344,2080.6558505992543,118.0705322093007,1899.620085576168,2453.9431171909314,-6.12892856159669,-1.0800485803676683,0.11475409836065574,0.9016393442622951,-5.1499247319703,0.18032786885245902,0.8360655737704918,-10.170241604496903,-2.745019564660883,6.0,6.020833333333333,1893.133939903344,2020.447517265921
2,92,base,mey,ma10,http,1105.4796766311981,1112.576066166182,13.54982761575921,1083.8828042353723,1145.2445068236489,-0.6378340996887814,-0.5237254477489018,0.3114754098360656,0.7049180327868853,-0.6830196207874771,0.3114754098360656,0.7049180327868853,-1.7041656555922118,0.4401999772089748,57.0,58.1625,535.4796766311981,530.951066166182
2,92,base,trust,ma10,http,1002.981755120836,1002.9919415609779,9.78434998580102,984.2371830932319,1028.7290416913595,-0.0010156053822338621,-0.0010410952343944866,0.5573770491803278,0.45901639344262296,0.5532595543326072,0.7049180327868853,0.3114754098360656,-0.4798942552351848,0.47441562431865925,51.166666666666664,51.46805555555556,491.3150884541694,488.3113860054224
2,94,base,thr,seasonal60,event,2251.845822219221,2148.4899491913357,176.60533692928695,1839.7263236256238,2570.6238003897593,4.810628649521371,0.5852364080552639,0.6885245901639344,0.32786885245901637,26.285462067142543,1.0,0.01639344262295082,16.18527290956176,-6.395963185324143,7.0,7.206944444444445,2181.845822219221,2076.4205047468913
2,94,base,mey,seasonal60,event,1058.642739196071,1059.3994675733713,11.775027363274223,1028.4557382079886,1082.890496195433,-0.07142993747520422,-0.0642655302577476,0.39344262295081966,0.6229508196721312,0.30664527614233505,0.5737704918032787,0.4426229508196721,0.4867048797180878,-0.6370414106267301,60.083333333333336,62.03611111111111,457.80940586273766,439.03835646226025
2,94,base,trust,seasonal60,event,1013.9549914251434,1008.9863963325214,11.743217366582355,979.4090760310373,1038.583815786121,0.4924342994793478,0.4231033913040805,0.7049180327868853,0.3114754098360656,1.1003346753872847,0.8360655737704918,0.18032786885245902,0.8067630669305537,0.17641518505815357,55.25,57.019444444444446,461.45499142514336,438.79195188807694
2,93,base,thr,naive,http,2296.892010614235,2101.8167417402515,108.00778594033348,1882.4982398841441,2389.4002836360532,9.281269151584837,1.806122282533859,0.9508196721311475,0.06557377049180328,6.482238681585665,0.8852459016393442,0.13114754098360656,6.0503385666996214,12.073727985167048,6.0,6.0,2236.892010614235,2041.8167417402515
2,93,base,mey,naive,http,1077.100643940061,1085.0255839190381,12.038258320697732,1065.8742605605523,1111.6340685088373,-0.730391992265546,-0.6583128362806066,0.2786885245901639,0.7377049180327869,0.9858204531749899,0.7704918032786885,0.2459016393442623,0.2988430542187104,-1.7146765723393007,56.083333333333336,56.108333333333334,516.2673106067276,523.9422505857048
2,93,base,trust,naive,http,957.5896377894607,945.0153638330492,9.765253872230696,918.8877335830922,964.8290281424094,1.3305893679240683,1.2876545884965442,0.9016393442622951,0.11475409836065574,1.9591404058485777,0.9836065573770492,0.03278688524590164,1.9537430469035753,0.7438743041923591,50.25,49.858333333333334,455.08963778946065,446.4320304997158
2,95,base,thr,ma10,http,2969.3390889202055,2452.06706980492,295.85053050099833,1954.8763835556895,3503.9511672652475,21.095345453027864,1.7484234969574957,0.9508196721311475,0.06557377049180328,-20.60063059492785,0.01639344262295082,1.0,15.079382451276254,26.878507856662083,7.416666666666667,7.2347222222222225,2895.172422253539,2379.7198475826976
2,95,base,mey,ma10,http,1224.5265147570851,1132.2613783995873,10.997115169669406,1108.6570143611586,1155.1823962843132,8.148748877040335,8.389939991896206,1.0,0.01639344262295082,0.3872031228156974,0.6229508196721312,0.39344262295081966,11.728093398615028,4.584651681011528,65.75,66.62361111111112,567.0265147570851,466.02526728847613
2,95,base,trust,ma10,http,1083.5033967276622,1021.3572497836886,10.730539497819745,993.1656177101337,1045.2693469138696,6.084663026295197,5.79152119579827,1.0,0.01639344262295082,2.673901947136706,1.0,0.01639344262295082,4.943729825736928,7.204724750216003,58.583333333333336,58.97083333333333,497.67006339432885,431.6489164503554
2,97,base,thr,seasonal60,orchestration,1484.533471669229,1569.8722643155104,36.960676897234066,1477.0486544356643,1665.1827713063851,-5.436034165715424,-2.3089077314129973,0.03278688524590164,0.9836065573770492,-3.6245929875954337,0.06557377049180328,0.9508196721311475,-4.646814582547527,-6.125201118801053,6.75,7.0,1417.033471669229,1499.8722643155104
2,97,base,mey,seasonal60,orchestration,883.2586506137282,901.0833849478447,9.391087813630694,883.7210556807146,929.8833138491309,-1.9781448234281074,-1.8980478819764464,0.01639344262295082,1.0,-0.28018616675508895,0.47540983606557374,0.5409836065573771,-1.9653030268024287,-1.9908045146977544,47.833333333333336,49.77361111111111,404.9253172803948,403.3472738367336
2,97,base,trust,seasonal60,orchestration,969.2599773500989,1020.7652102814812,8.679583294605587,1005.0957753827824,1045.2788847354452,-5.045747289641613,-5.934067475726993,0.01639344262295082,1.0,-0.7880965351437945,0.14754098360655737,0.8688524590163934,-5.024751650113052,-5.066903180692586,56.166666666666664,59.56944444444444,407.59331068343226,425.0707658370368
2,98,base,thr,ma10,queue,2336.999615107565,2515.8975498404393,236.18595442294054,2105.8122215089506,3159.5306065027926,-7.110700304319624,-0.7574452730263536,0.3114754098360656,0.7049180327868853,-4.547598117665917,0.4098360655737705,0.6065573770491803,-5.487717490019345,-8.702917411859548,8.166666666666666,8.975,2255.3329484408987,2426.1475498404393
2,98,base,mey,ma10,queue,1091.2426694155176,1104.6676185345264,13.313011710206087,1077.0554275713607,1137.766560102238,-1.2152930794530319,-1.0084081206596411,0.16393442622950818,0.8524590163934426,0.31835277555328717,0.6721311475409836,0.3442622950819672,-0.31534964823159267,-2.1101426336808693,60.75,62.702777777777776,483.74266941551764,477.63984075674864
2,98,base,trust,ma10,queue,991.3390747078676,999.4892638691646,10.481002506815992,969.7162950453725,1018.2057405219426,-0.8154353884449428,-0.7776154195170548,0.18032786885245902,0.8360655737704918,-0.12790525592993737,0.5081967213114754,0.5081967213114754,1.2335199949383404,-2.859545974794849,53.25,54.88055555555555,458.83907470786755,450.68370831360903
2,96,base,thr,naive,orchestration,1819.244660768967,2376.4642801769787,367.8988021521513,1917.0518279975786,3731.311422487017,-23.447422461006433,-1.5146002546036108,0.01639344262295082,1.0,-8.302423652420673,0.32786885245901637,0.6885245901639344,-22.85266844734952,-24.039565668408603,8.166666666666666,8.65,1737.5779941023002,2289.9642801769787
2,96,base,mey,naive,orchestration,1059.5112578088263,1057.8602064847314,11.885532413914177,1033.7437264840607,1092.4947006311306,0.15607462252326262,0.13891269373528403,0.5737704918032787,0.4426229508196721,-0.9833658944538329,0.22950819672131148,0.7868852459016393,0.2187520765450992,0.09279859298797806,61.916666666666664,63.420833333333334,440.34459114215963,423.65187315139804
2,96,base,trust,naive,orchestration,1003.9686857657974,1029.2589656444393,10.095819881332845,1006.8776345990887,1051.5737966804352,-2.457134766157428,-2.505024869293037,0.01639344262295082,1.0,0.32771277085861944,0.6721311475409836,0.3442622950819672,-3.2168419425238914,-1.7098350031691592,59.083333333333336,61.55972222222222,413.13535243246406,413.6617434222171
2,99,base,thr,naive,timer,1909.7152037746444,1916.491414373881,9.91946759616336,1842.5800539596669,1923.911279138879,-0.3535737519309739,-0.6831224088939627,0.04918032786885246,0.9836065573770492,0.16821308859432038,0.9672131147540983,0.13114754098360656,-0.44419233373528016,-0.26979273125913844,8.0,8.783333333333333,1829.7152037746444,1828.6580810405478
2,99,base,mey,naive,timer,921.5078351857214,928.1788751429715,2.2644744707986617,920.082826277716,933.00887598772,-0.7187235279646382,-2.9459550298649373,0.04918032786885246,0.9672131147540983,0.13358301180012977,0.7377049180327869,0.2786885245901639,-0.8520171927685574,-0.5795889030679574,51.666666666666664,52.418055555555554,404.8411685190548,403.99831958741595
2,99,base,trust,naive,timer,921.8679279698881,929.2197502629137,1.831906397266209,921.881078180807,933.3781331627619,-0.7911823108522508,-4.01320848270245,0.01639344262295082,1.0,0.10983631210793611,0.7540983606557377,0.26229508196721313,-0.8852483670829654,-0.6966374784956949,51.416666666666664,52.09305555555556,407.7012613032215,408.2891947073582
2,100,base,thr,seasonal60,queue,2254.418500484122,2123.2891816305,200.03072601256736,1685.8091345493679,2870.223397337346,6.175763527082361,0.6555458827129562,0.7377049180327869,0.2786885245901639,10.039457196870757,0.9016393442622951,0.11475409836065574,-0.7388269807072853,12.867531574170656,10.083333333333334,10.13888888888889,2153.5851671507885,2021.900292741611
2,100,base,mey,seasonal60,queue,1040.1340538569195,1046.926383566434,13.161963542592503,1026.5329781575795,1102.1082061032712,-0.6487877100179525,-0.5160574778629536,0.39344262295081966,0.6229508196721312,0.18266650726385986,0.5737704918032787,0.4426229508196721,0.37593905429795055,-1.6573940902950488,62.416666666666664,62.91111111111111,415.9673871902529,417.8152724553229
2,100,base,trust,seasonal60,queue,974.0170578274111,978.3159553184979,10.751632199379298,953.9481687889966,1005.0282463371988,-0.4394181110628267,-0.3998367328204336,0.3770491803278688,0.639344262295082,-0.5218279304995755,0.3442622950819672,0.6721311475409836,-0.5752519020273489,-0.30148653456967783,56.75,57.041666666666664,406.5170578274111,407.8992886518313
2,101,base,thr,ma10,orchestration,1935.292725579753,2553.1456926167402,274.29508493978875,1974.2463842130237,3685.8924711993786,-24.199675279938468,-2.2525119878564857,0.01639344262295082,1.0,2.6531495361919486,0.7049180327868853,0.3114754098360656,-25.032032342113716,-23.283076487621106,7.666666666666667,8.904166666666667,1858.6260589130864,2464.1040259500737
2,101,base,mey,ma10,orchestration,1047.34728457711,1120.0615723602127,11.911930185678958,1094.6231782219659,1147.537228986283,-6.49199022424079,-6.104324542677641,0.01639344262295082,1.0,0.4752622393581005,0.6557377049180327,0.36065573770491804,-7.3610092867045145,-5.645852369567266,63.333333333333336,68.65833333333333,414.01395124377666,433.47823902687946
2,101,base,trust,ma10,orchestration,1007.4582068640501,1046.3957665250225,10.999525818903814,1009.989290755149,1066.3324504166603,-3.7211121170988877,-3.5399307481104505,0.01639344262295082,1.0,1.3065407868784853,0.9016393442622951,0.11475409836065574,-2.0528679324175103,-5.327519139170366,58.75,61.63472222222222,419.9582068640501,430.04854430280034
2,102,base,thr,naive,timer,1739.0151370450965,1746.7707474931337,5.998642372758871,1726.737085474192,1769.631639076445,-0.44399704192251166,-1.2928942860899926,0.08196721311475409,0.9344262295081968,0.08078084778178952,0.8032786885245902,0.3770491803278688,-0.38085973837242965,-0.5075260604537442,8.0,8.818055555555556,1659.0151370450965,1658.590191937578
2,102,base,mey,naive,timer,941.4195472921292,949.1410436167905,1.981648922351736,943.5024383271226,956.9996045858292,-0.813524647004814,-3.896500655372275,0.01639344262295082,1.0,0.0580986948326368,0.6721311475409836,0.3442622950819672,-0.7291231305588873,-0.894606602952472,52.5,53.2,416.4195472921292,417.1410436167905
2,102,base,trust,naive,timer,930.5567205420856,937.488689157759,1.6749423726266095,934.666981157257,943.7326480011417,-0.7394189066858108,-4.138631112903827,0.01639344262295082,1.0,-0.10436642781980289,0.3442622950819672,0.6721311475409836,-0.5184875007997514,-0.961118155455062,51.833333333333336,52.454166666666666,412.22338720875223,412.9470224910924
2,103,base,thr,seasonal60,queue,2038.474124035624,2350.262099168726,280.5308595067842,1873.2771566051476,3347.8881876691034,-13.26609382176479,-1.1114213091610396,0.09836065573770492,0.9180327868852459,12.676146569811523,0.8852459016393442,0.13114754098360656,-12.286354177654445,-14.132711738167108,7.75,8.308333333333334,1960.974124035624,2267.1787658353924
2,103,base,mey,seasonal60,queue,1117.2580030641045,1095.2905122907314,12.036406702238061,1073.974155616351,1123.642594618469,2.0056314308273793,1.8250871141873657,0.9508196721311475,0.06557377049180328,-0.314957164977533,0.45901639344262296,0.5573770491803278,1.678705485248342,2.33474763374491,67.0,67.30416666666666,447.2580030641045,422.24884562406476
2,103,base,trust,seasonal60,queue,1031.366191510772,1018.3732086329874,10.889548703741433,993.9086626637317,1048.3448068283253,1.2758567063273218,1.1931608215610043,0.9016393442622951,0.11475409836065574,-0.6384485834577341,0.26229508196721313,0.7540983606557377,1.470603617634092,1.078047120780143,57.5,59.59027777777778,456.36619151077207,422.47043085520954
2,104,base,thr,ma10,http,1704.1564896210286,2326.70074413255,220.6387878006505,1934.9714221460092,2958.482101260417,-26.756524494241344,-2.8215540010761693,0.01639344262295082,1.0,7.267298418588683,0.8032786885245902,0.21311475409836064,-29.187482613686715,-24.26365540667855,7.75,8.459722222222222,1626.6564896210286,2242.103521910328
2,104,base,mey,ma10,http,1080.8756077545593,1109.3756802077705,11.964863414219044,1082.2861721188053,1145.9496159860576,-2.56901904031947,-2.3819805932211287,0.01639344262295082,1.0,-0.09811082853114124,0.5081967213114754,0.5081967213114754,-0.0468440140858332,-5.191658145944082,64.58333333333333,67.58055555555555,435.042274421226,433.5701246522151
2,104,base,trust,ma10,http,1028.5282252456543,1051.970771285348,9.920482263249061,1027.9508117114826,1073.8205376405301,-2.2284408159981983,-2.3630450030174313,0.03278688524590164,0.9836065573770492,0.6740435155910101,0.7540983606557377,0.26229508196721313,-1.8098780419774536,-2.6535155707249305,61.666666666666664,63.298611111111114,411.8615585789877,418.984660174237
2,106,base,thr,seasonal60,timer,2103.2615460436905,2358.862723936602,130.2655215891646,2098.324437162342,2719.9357284931248,-10.835780111288118,-1.962155256239132,0.03278688524590164,0.9836065573770492,-0.8454301567751463,0.4262295081967213,0.5901639344262295,-10.301389500810867,-11.405461378306407,6.0,6.0,2043.2615460436905,2298.862723936602
2,106,base,mey,seasonal60,timer,1052.4273736457988,1055.2459767608832,12.370180669857385,1029.4787673722983,1080.6378587580618,-0.2671038958837114,-0.22785464418903578,0.36065573770491804,0.6557377049180327,-0.9594021099723453,0.22950819672131148,0.7868852459016393,-0.3496150698740008,-0.18711580138471756,58.25,56.31527777777778,469.92737364579875,492.09319898310537
2,106,base,trust,seasonal60,timer,929.6719219993162,938.4210832410911,8.717974695324305,916.180991539721,962.5145523939726,-0.9323278641137642,-1.003577269668761,0.16393442622950818,0.8524590163934426,-1.226012910062153,0.08196721311475409,0.9344262295081968,0.0746085304737665,-1.927467750939197,48.083333333333336,48.145833333333336,448.8385886659828,456.9627499077577
2,105,base,thr,naive,orchestration,2126.640894887916,2361.380363827372,155.09238350407585,2051.289584155296,2770.59350704705,-9.940773309344605,-1.5135460790264208,0.13114754098360656,0.8852459016393442,-5.348884253050652,0.19672131147540983,0.819672131147541,-2.7877780759031676,-16.64431155296717,6.0,6.0472222222222225,2066.640894887916,2300.90814160515
2,105,base,mey,naive,orchestration,1073.039920174522,1100.004872071912,13.277350430604187,1072.9247115663204,1138.1189113032478,-2.4513484059938895,-2.030898562053159,0.03278688524590164,0.9836065573770492,-0.7325478844445313,0.29508196721311475,0.7213114754098361,-2.962911987646348,-1.9393822504525389,57.5,57.94166666666667,498.03992017452197,520.5882054052452
2,105,base,trust,naive,orchestration,987.6342559389064,990.634993191116,7.599773033118647,972.286840738701,1005.4069753405653,-0.3029104839657765,-0.3948456406701612,0.32786885245901637,0.6885245901639344,1.4840995372970325,0.9836065573770492,0.03278688524590164,0.6456449438635422,-1.2517092453389258,52.833333333333336,53.079166666666666,459.3009226055731,459.84332652444937
2,107,base,thr,ma10,storage,2513.4025786699053,2183.4755946069426,203.01527971866747,1876.0882481631518,2609.0814574126393,15.110175029107863,1.625133756041248,0.9016393442622951,0.11475409836065574,12.096792210579373,0.819672131147541,0.19672131147540983,22.098597392567793,8.506672792275852,5.916666666666667,5.934722222222222,2454.235912003239,2124.1283723847205
2,107,base,mey,ma10,storage,1130.6356132830667,1093.7197959473351,15.758005088548986,1066.7354199247145,1134.0225759169791,3.3752536502054125,2.342670733274326,0.9836065573770492,0.03278688524590164,0.9217042887713702,0.7377049180327869,0.2786885245901639,1.335191628674763,5.3664703813599175,58.25,58.06944444444444,548.1356132830667,513.0253515028907
2,107,base,trust,ma10,storage,1007.3580363941816,973.7695447418132,9.920328157131802,948.2123126235101,992.1645991804271,3.449326571542558,3.3858246542198636,1.0,0.01639344262295082,0.9816887170554832,0.8688524590163934,0.14754098360655737,4.076404813505305,2.8176655598315725,53.0,52.394444444444446,477.35803639418157,449.82510029736875
2,108,base,thr,naive,http,2013.7779387560586,2207.6668160111226,211.88872003308188,1842.869378101593,3188.0467433462177,-8.782524421207189,-0.9150504907707802,0.14754098360655737,0.8688524590163934,-2.8401248263068926,0.4262295081967213,0.5901639344262295,-9.01847195562218,-8.533481790747453,6.083333333333333,6.533333333333333,1952.9446054227253,2142.333482677789
2,108,base,mey,naive,http,1085.8769634946868,1095.9978941803367,12.936657414861388,1061.828644074603,1121.0154170412627,-0.9234443550841896,-0.7823451113440768,0.22950819672131148,0.7868852459016393,-2.688868135957573,0.04918032786885246,0.9672131147540983,-0.39577383530939436,-1.4551847593525906,55.5,56.665277777777774,530.8769634946868,529.345116402559
2,108,base,trust,naive,http,987.9189836093436,971.1215748955931,8.651143258933692,955.1069115402771,989.8534869375711,1.729691641909661,1.9416403371201287,0.9672131147540983,0.04918032786885246,-0.1778934266493416,0.45901639344262296,0.5573770491803278,2.4704858375056533,0.9835644784813412,51.75,51.2625,470.4189836093436,458.4965748955931
2,109,base,thr,seasonal60,http,2650.1869473521183,2267.8580229558625,180.47667557550685,1904.5944733837525,2758.7920781904104,16.858591698696333,2.118439533402748,0.9672131147540983,0.04918032786885246,15.032029212117438,0.9672131147540983,0.04918032786885246,21.07196327997502,13.165419331626847,8.25,8.1,2567.6869473521183,2186.8580229558625
2,109,base,mey,seasonal60,http,1042.8031194802118,1043.2078311198052,8.235097599574159,1025.976694747637,1061.2746923028008,-0.03879491962392459,-0.04914472897253133,0.4918032786885246,0.5245901639344263,-0.6972702792908089,0.21311475409836064,0.8032786885245902,0.33976572364749297,-0.4031575076029411,62.5,62.84861111111111,417.80311948021176,414.7217200086941
2,109,base,trust,seasonal60,http,1029.713503408959,1019.1822530744982,9.393703757012503,997.514097205763,1039.1390962014445,1.0333039358458072,1.121096705503308,0.9016393442622951,0.11475409836065574,0.024527942614589317,0.5081967213114754,0.5081967213114754,0.7050790028531115,1.348705601321672,61.416666666666664,60.93611111111111,415.5468367422924,409.82114196338716
2,110,base,thr,ma10,http,1830.229896337141,2128.8797462198327,116.97137139982553,1842.700799755846,2426.0095643997647,-14.028497871380113,-2.5531875561402284,0.01639344262295082,1.0,0.7677130645489689,0.5573770491803278,0.45901639344262296,-9.888878323627559,-17.67047367934883,7.5,7.355555555555555,1755.229896337141,2055.324190664277
2,110,base,mey,ma10,http,986.4560398214967,989.8194008520979,9.103084978331923,969.1999155218086,1017.004018802497,-0.3397954240648208,-0.3694748580955867,0.29508196721311475,0.7213114754098361,0.05259574849135404,0.5573770491803278,0.45901639344262296,-1.9002322270493954,1.2432883348513855,57.583333333333336,58.104166666666664,410.6227064881633,408.7777341854313
2,110,base,trust,ma10,http,1033.985361801545,1049.052640648512,10.045490545699222,1027.5679254733118,1075.15214759871,-1.4362748124491174,-1.499904736202025,0.08196721311475409,0.9344262295081968,-0.6335637643988712,0.26229508196721313,0.7540983606557377,-1.2108332342001797,-1.657744667094823,62.833333333333336,62.522222222222226,405.6520284682116,423.8304184262896
2,111,base,thr,naive,orchestration,2905.342200036008,2925.3438776663056,369.7050094954599,2005.8712240453488,3658.2376626493647,-0.6837376550155913,-0.054101721958255994,0.47540983606557374,0.5409836065573771,-12.769915874429163,0.19672131147540983,0.819672131147541,-0.40879417009419877,-0.9876828997708574,7.583333333333333,7.751388888888889,2829.5088667026744,2847.829988777417
2,111,base,mey,naive,orchestration,1054.29795486579,1047.9214063915338,11.187126390127858,1017.5557593805357,1084.5182138324828,0.6084949153022391,0.569989848320943,0.8032786885245902,0.21311475409836064,-0.5939331330971904,0.22950819672131148,0.7868852459016393,-0.26586527493971235,1.4728181768003201,62.0,62.225,434.29795486578996,425.67140639153376
2,111,base,trust,naive,orchestration,1049.3314690860211,1034.0238787431117,10.555283450932318,1013.1472227694953,1062.9545370809617,1.4803904104725572,1.4502301538436972,0.9344262295081968,0.08196721311475409,0.5732321046433583,0.7213114754098361,0.29508196721311475,0.652560219939897,2.3064055125487264,62.083333333333336,61.25416666666667,428.49813575268774,421.48221207644497
2,112,base,thr,seasonal60,timer,1748.341935124934,1949.6891972618998,185.93213359139634,1660.6845460063596,2552.152087736405,-10.327146625202284,-1.0829072858349793,0.08196721311475409,0.9344262295081968,0.3303172099764029,0.5737704918032787,0.4426229508196721,-8.723536143535172,-12.1850782206967,11.833333333333334,12.194444444444445,1630.0086017916008,1827.7447528174555
2,112,base,mey,seasonal60,timer,980.6434611451037,990.5292906909389,6.111851623845878,977.8122836391552,1002.9369788877675,-0.9980350544645994,-1.6174851999457527,0.08196721311475409,0.9344262295081968,-0.4951491777775601,0.21311475409836064,0.8032786885245902,-1.2806273980302838,-0.7116705884506781,58.333333333333336,59.17916666666667,397.31012781177037,398.73762402427224
2,112,base,trust,seasonal60,timer,964.2776140318688,975.458142721958,6.907919107177671,960.3959881379141,991.2225812339271,-1.1461823117177128,-1.6185089194909767,0.06557377049180328,0.9508196721311475,1.2791998125676396,0.9672131147540983,0.04918032786885246,-0.49047930320415456,-1.7888113160170156,57.25,57.952777777777776,391.7776140318688,395.93036494418027
2,114,base,thr,naive,http,2181.671525157488,2690.066723323946,249.26417452818617,2246.371237763741,3367.9638757468324,-18.89898097167888,-2.039583903819159,0.01639344262295082,1.0,0.4051902799584773,0.5573770491803278,0.45901639344262296,-16.928584011336934,-21.033512293120502,11.583333333333334,11.863888888888889,2065.8381918241544,2571.4278344350573
2,114,base,mey,naive,http,1055.6915282364953,1083.7301617540713,11.735594468415458,1055.1918969095775,1130.0793927774864,-2.587233843542208,-2.3891958428725277,0.03278688524590164,0.9836065573770492,-0.9733542667828995,0.13114754098360656,0.8852459016393442,-2.915853435379706,-2.256311005822704,61.833333333333336,63.986111111111114,437.3581949031619,443.86905064296025
2,114,base,trust,naive,http,1023.8544493170301,1048.732628032295,8.491485441876904,1032.6133575050949,1080.77773976816,-2.3722136653594013,-2.9297793519817854,0.01639344262295082,1.0,0.7093955255708361,0.8360655737704918,0.18032786885245902,-2.7583785443379685,-1.993161438040832,61.583333333333336,63.205555555555556,408.02111598369675,416.67707247673945
2,113,base,thr,ma10,http,1859.208719989354,2442.963916570225,298.1866982816007,1865.8959447979823,3084.500008951611,-23.895367124391605,-1.957683558471767,0.01639344262295082,1.0,19.645796076509885,0.9180327868852459,0.09836065573770492,-24.879125905797164,-22.855035377496502,7.75,8.293055555555556,1781.708719989354,2360.0333610146695
2,113,base,mey,ma10,http,1084.7113069491886,1118.0799577310195,12.38526872958225,1096.6785999814144,1144.7720041756722,-2.9844601498400603,-2.694220974158578,0.01639344262295082,1.0,1.0851014805814732,0.8032786885245902,0.21311475409836064,-3.3368442939133027,-2.623359357316962,67.25,68.94444444444444,412.2113069491886,428.635513286575
2,113,base,trust,ma10,http,1045.2800248771123,1060.408505442903,10.666680552458015,1036.6082229680758,1084.354368374831,-1.4266653358718655,-1.4182932067188079,0.09836065573770492,0.9180327868852459,0.4900390047888358,0.6721311475409836,0.3442622950819672,-0.06751863537737371,-2.7859288171436942,62.083333333333336,64.00694444444444,424.4466915437789,420.33906099845865
2,116,base,thr,ma10,http,1777.6198127920698,2227.48887148026,193.37818248781858,1871.8274967687867,2723.3885073125716,-20.196242703975145,-2.3263692568655143,0.01639344262295082,1.0,-5.68376883475176,0.3442622950819672,0.6721311475409836,-22.148061220281267,-18.375443531239355,6.583333333333333,6.35,1711.7864794587365,2163.98887148026
2,116,base,mey,ma10,http,1082.1389939584826,1131.9800899468319,12.946103808958519,1110.0962849474022,1161.8758528405256,-4.403001115566463,-3.8498915753989187,0.01639344262295082,1.0,-1.7945616661503268,0.03278688524590164,0.9836065573770492,-4.323544938789862,-4.481329807143766,60.333333333333336,62.236111111111114,478.80566062514924,509.6189788357208
2,116,base,trust,ma10,http,955.3780075575936,992.5070996700003,9.233550020950407,973.280319778471,1015.1962359310884,-3.74093969954994,-4.021106944583926,0.01639344262295082,1.0,-1.0659538385236083,0.16393442622950818,0.8524590163934426,-3.572588504784824,-3.907938337174168,52.166666666666664,54.456944444444446,433.711340890927,447.9376552255559
2,117,base,thr,naive,orchestration,2294.3696412274685,2684.561128786583,347.1630241007525,2179.7235999471736,3965.6045522069744,-14.534647148656305,-1.1239431058933125,0.08196721311475409,0.9344262295081968,5.763369270522491,0.7377049180327869,0.2786885245901639,-16.81834622107136,-12.12184985929169,7.666666666666667,8.11111111111111,2217.702974560802,2603.450017675472
2,117,base,mey,naive,orchestration,1160.2606064604852,1142.5873122580597,12.589231095374146,1120.1464819553917,1180.2063167990207,1.5467784398461695,1.4038422258305723,0.8852459016393442,0.13114754098360656,0.07711952276336223,0.5901639344262295,0.4262295081967213,0.27997126180319715,2.8484680107956266,66.25,66.31944444444444,497.7606064604852,479.3928678136152
2,117,base,trust,naive,orchestration,1037.887280965972,1035.8245268831158,11.045027986100962,1010.5201765939759,1057.56021887314,0.1991412666258394,0.1867586107931922,0.5081967213114754,0.5081967213114754,0.34014710840873436,0.6065573770491803,0.4098360655737705,-0.03246856095136288,0.4338639463690697,59.166666666666664,58.765277777777776,446.22061429930534,448.1717491053381
2,118,base,thr,seasonal60,storage,2797.1266598739726,2470.4607220427797,229.71441075163364,2004.1375927214315,3321.1802266148147,13.22287518747024,1.4220524379046593,0.9508196721311475,0.06557377049180328,1.597844693201406,0.5901639344262295,0.4262295081967213,19.94015443418521,6.4051770448175835,7.083333333333333,7.448611111111111,2726.293326540639,2395.9746109316684
2,118,base,mey,seasonal60,storage,1094.0133391618574,1095.228462053129,14.338782474875423,1064.994027279909,1131.061270648438,-0.11094697895211665,-0.0847437983943775,0.4918032786885246,0.5245901639344263,0.2617434836365543,0.5409836065573771,0.47540983606557374,2.1287855893275736,-2.3836687867385926,64.58333333333333,66.39861111111111,448.18000582852414,431.242350942018
2,118,base,trust,seasonal60,storage,1020.0932895353857,1027.7298593524843,11.66230971190211,1002.1260879503619,1061.924299224197,-0.7430522473979646,-0.6548076672415056,0.22950819672131148,0.7868852459016393,-1.393871398737909,0.13114754098360656,0.8852459016393442,-1.5981343344001946,0.10970054275731637,59.166666666666664,59.50972222222222,428.42662286871905,432.6326371302621
2,119,base,thr,ma10,queue,2168.155484906461,2090.835782068563,157.7662960808849,1837.3769330817297,2639.423075833578,3.6980284870293403,0.4900901191104674,0.7540983606557377,0.26229508196721313,-2.2516942168950216,0.47540983606557374,0.5409836065573771,7.27870194797493,0.2139524175555137,6.166666666666667,6.113888888888889,2106.4888182397945,2029.696893179674
2,119,base,mey,ma10,queue,1117.2351891533865,1108.5102104725604,16.442794858825728,1076.611643456137,1151.7137529499048,0.7870905110658944,0.5306262564081637,0.7049180327868853,0.3114754098360656,-0.021070808058417736,0.5245901639344263,0.4918032786885246,-0.5984229789353505,2.167948711759363,57.583333333333336,57.766666666666666,541.4018558200531,530.8435438058938
2,119,base,trust,ma10,queue,980.9546153937355,989.7521242638314,9.629244966397723,957.6281095641303,1007.9344210276645,-0.8888598119089121,-0.913623955024075,0.16393442622950818,0.8524590163934426,0.22692556862186222,0.6229508196721312,0.39344262295081966,-0.21297705369952621,-1.5548509289739656,52.583333333333336,52.80555555555556,455.1212820604021,461.6965687082759
2,121,base,thr,seasonal60,orchestration,2049.1473816628154,2267.5431813212385,313.0481374872122,1854.9421710716827,3528.049292479471,-9.631384374835568,-0.6976428654437992,0.2459016393442623,0.7704918032786885,-4.332949710516264,0.45901639344262296,0.5573770491803278,-8.908108508058216,-10.267907707462008,6.333333333333333,6.120833333333334,1985.8140483294821,2206.334847987905
2,121,base,mey,seasonal60,orchestration,1098.8106723777908,1080.81746499356,15.460592325622326,1040.2265292509653,1137.9572619503576,1.664777630544489,1.1638109980049895,0.9016393442622951,0.11475409836065574,-0.2208433317294717,0.45901639344262296,0.5573770491803278,2.9485215618376572,0.32711655633755815,58.75,58.854166666666664,511.31067237779075,492.2757983268933
2,121,base,trust,seasonal60,orchestration,970.8751068979908,965.024351656523,12.255304122693186,936.32750611476,987.5741772783402,0.606280580528838,0.47740596095318116,0.6557377049180327,0.36065573770491804,-0.11218821902042937,0.5245901639344263,0.4918032786885246,1.092828128349914,0.11510821998020941,52.0,51.3625,450.8751068979908,451.399351656523
2,122,base,thr,ma10,http,1770.728049925072,2118.793470216735,182.37236229478998,1835.404976036754,2658.0792278529166,-16.427529402195997,-1.9085425878787696,0.01639344262295082,1.0,-8.579044131301952,0.13114754098360656,0.8852459016393442,-18.645911179098405,-14.270054460489082,6.166666666666667,6.188888888888889,1709.0613832584052,2056.9045813278462
2,122,base,mey,ma10,http,1042.570481003453,1099.9638786234887,13.091349479368429,1066.3760898449966,1125.387273329219,-5.21775294038369,-4.384070390182908,0.01639344262295082,1.0,-1.1465894604267017,0.16393442622950818,0.8524590163934426,-3.814414570033159,-6.610131544001772,59.083333333333336,59.140277777777776,451.7371476701197,508.56110084571094
2,122,base,trust,ma10,http,971.816172040271,986.4418769486389,10.592105028028955,966.8341149763664,1013.9417379745223,-1.4826727504320456,-1.3808119226221005,0.06557377049180328,0.9508196721311475,-0.26354624109882746,0.47540983606557374,0.5409836065573771,-1.6904343226726986,-1.27974793806986,54.25,54.272222222222226,429.316172040271,443.7196547264166
2,123,base,thr,naive,queue,1922.5932857866765,2170.538192778699,216.43907577396297,1871.7156283661259,3315.0975013793054,-11.42319945426098,-1.1455644324177507,0.06557377049180328,0.9508196721311475,12.366183377106982,0.9180327868852459,0.09836065573770492,-8.988788743818827,-14.465975009417132,10.666666666666666,12.54861111111111,1815.9266191200097,2045.0520816675878
2,123,base,mey,naive,queue,992.25617627676,1029.5510108282997,8.855161812970964,1010.8411360052727,1051.7524554273884,-3.6224367864526736,-4.211649130669812,0.01639344262295082,1.0,0.12156415415390007,0.5409836065573771,0.47540983606557374,-3.3767966528715303,-3.8622915512800957,58.666666666666664,61.798611111111114,405.5895096100934,411.5648997171886
2,123,base,trust,naive,queue,942.9394202613568,975.8115915704404,8.228862416537012,954.6955615709925,996.2879612693383,-3.3687006378126996,-3.994740663426649,0.01639344262295082,1.0,2.2113449185566063,1.0,0.01639344262295082,-3.1168342392940134,-3.6202888252731187,53.416666666666664,55.9125,408.77275359469013,416.68659157044044
2,125,base,thr,ma10,http,2202.4660575278513,2372.6003031624864,278.71736373817004,1942.0206449272046,3228.235620028378,-7.170792543854092,-0.6104185378075727,0.32786885245901637,0.6885245901639344,4.894530914087764,0.7704918032786885,0.2459016393442623,-7.904591896146209,-6.509938653132042,7.333333333333333,7.561111111111111,2129.132724194518,2296.989192051375
2,125,base,mey,ma10,http,1167.76593844658,1130.8506662617967,12.550228785013951,1099.1299320296655,1153.8788716902448,3.2643808140302513,2.941402329562578,1.0,0.01639344262295082,-0.22767293178571915,0.45901639344262296,0.5573770491803278,2.9642279995907868,3.5545475806304165,66.75,67.4375,500.2659384465801,456.47566626179673
2,125,base,trust,ma10,http,1055.9126740119673,1046.9167524028662,11.00612154928319,1020.4285798990204,1069.9478963831698,0.859277644421466,0.8173561929894323,0.7868852459016393,0.22950819672131148,1.1559127051319602,0.8688524590163934,0.14754098360655737,1.5725095439683667,0.1815860559488851,60.25,62.09583333333333,453.4126740119673,425.95841906953297
2,126,base,thr,naive,timer,2188.6080083876336,2401.433027838628,319.95751037113456,1932.6532725859433,3172.9000219059726,-8.862417439246434,-0.6651665066531113,0.32786885245901637,0.6885245901639344,7.762840915769638,0.8360655737704918,0.18032786885245902,-10.18732303136109,-7.307079285738992,6.0,6.020833333333333,2128.6080083876336,2341.2246945052943
2,126,base,mey,naive,timer,1104.9712074658194,1106.2656340606711,13.876316750090124,1079.4842366449386,1145.9432345769044,-0.11700866003587403,-0.09328315418018616,0.5409836065573771,0.47540983606557374,0.0670540463451003,0.5573770491803278,0.45901639344262296,0.15647928357012308,-0.39111576464492953,63.083333333333336,62.354166666666664,474.137874132486,482.7239673940045
2,126,base,trust,naive,timer,973.0538243421264,985.253358702065,9.456399501767319,964.7962385389043,1006.5597524166284,-1.2382129177422787,-1.2900823783574977,0.14754098360655737,0.8688524590163934,-1.7386499941809848,0.03278688524590164,0.9836065573770492,-1.295468382331002,-1.1806525112851458,53.25,53.544444444444444,440.5538243421264,449.8089142576206
2,127,base,thr,seasonal60,http,2073.2141112910313,2156.758650600754,162.9512219267581,1853.2854854113164,2863.489520119512,-3.873615589136598,-0.512696611426908,0.29508196721311475,0.7213114754098361,-7.078744052131105,0.18032786885245902,0.8360655737704918,3.65268041662174,-11.923570789184023,6.0,6.052777777777778,2013.2141112910313,2096.2308728229764
2,127,base,mey,seasonal60,http,1123.880296310795,1100.763088804814,16.10421632483856,1064.7045075962535,1132.1709539523242,2.100107438293666,1.4354754705030799,0.9016393442622951,0.11475409836065574,-0.22462135775387,0.4918032786885246,0.5245901639344263,4.707953902235365,-0.5841699502114875,56.166666666666664,57.44861111111111,562.2136296441284,526.276977693703
2,127,base,trust,seasonal60,http,954.6816266991614,963.7678915640984,10.09511705873759,938.9646864027031,985.7183165850071,-0.9427855964563105,-0.9000653298093846,0.19672131147540983,0.819672131147541,-0.4495314379473313,0.2786885245901639,0.7377049180327869,-0.8807997769788141,-1.0064804221409924,50.5,51.97083333333333,449.68162669916137,444.0595582307651
2,128,base,thr,ma10,http,2348.9875092332472,2319.1448980783744,270.82682031811294,1952.663467773494,3162.262156397857,1.2867937307237785,0.11019075259909554,0.5901639344262295,0.4262295081967213,-17.1044463752142,0.01639344262295082,1.0,-1.1997985076514948,3.7638181202633905,7.083333333333333,7.201388888888889,2278.1541758999138,2247.1310091894857
2,128,base,mey,ma10,http,1122.755553422385,1121.5326514789765,12.050504233910075,1088.763771768354,1148.365952928526,0.10903846105557732,0.10148139195430893,0.5245901639344263,0.4918032786885246,1.8226346412385255,0.9344262295081968,0.08196721311475409,-0.5128759588127938,0.7380188982808078,65.0,66.30277777777778,472.755553422385,458.5048737011987
2,128,base,trust,ma10,http,1023.0443982443306,1022.3190918436059,12.547268421057618,997.6288145011381,1060.041990932662,0.0709471638074165,0.05780592049083136,0.5901639344262295,0.4262295081967213,1.5466787100675239,0.8852459016393442,0.13114754098360656,-2.119817875469664,2.2873124212707854,58.916666666666664,59.272222222222226,433.877731577664,429.5968696213836
2,130,base,thr,seasonal60,orchestration,2158.867789620865,2099.6931008651336,113.24315579129528,1913.4583503127417,2431.439968388927,2.8182541882596954,0.5225453877741555,0.7868852459016393,0.22950819672131148,7.439448910795938,0.9016393442622951,0.11475409836065574,-1.7410541215244273,6.848882496534938,6.083333333333333,6.045833333333333,2098.0344562875316,2039.2347675318003
2,130,base,mey,seasonal60,orchestration,1070.6486481730192,1079.4222691536602,14.7379467817277,1044.245073306462,1119.7234479538126,-0.8128071127826656,-0.595308227840709,0.2786885245901639,0.7377049180327869,1.5842989875316498,0.8688524590163934,0.14754098360655737,-2.845728210536506,1.1719164996935258,54.0,54.62638888888889,530.6486481730192,533.1583802647713
2,130,base,trust,seasonal60,orchestration,940.4443757342934,943.4114605796609,7.381902077661768,920.8600289568789,956.6637542409279,-0.31450591489999635,-0.40194042323402246,0.3442622950819672,0.6721311475409836,0.7001601791971837,0.7704918032786885,0.2459016393442623,-0.10752936995828913,-0.5174063017767145,51.25,50.08888888888889,427.94437573429343,442.522571690772
2,129,base,thr,naive,storage,2258.801371978615,2648.853560659832,349.5972467996679,2071.660439857406,3792.4376561675763,-14.725320964291235,-1.1157187084620588,0.11475409836065574,0.9016393442622951,-7.781275334964695,0.3770491803278688,0.639344262295082,-14.897941417923818,-14.568203705828278,6.166666666666667,6.143055555555556,2197.1347053119484,2587.4230051042764
2,129,base,mey,naive,storage,1130.3212922215096,1148.598614119171,13.728179559781895,1114.7133548194693,1185.5411867521677,-1.5912714566243753,-1.3313725842577704,0.09836065573770492,0.9180327868852459,-1.547301795972799,0.11475409836065574,0.9016393442622951,-1.4777935022015152,-1.7011034020911704,64.0,65.59444444444445,490.32129222150957,492.65416967472663
2,129,base,trust,naive,storage,980.7992682894522,991.4976037561078,9.336764153082772,969.3679586394227,1012.0023475680173,-1.0790076976612781,-1.1458290357610876,0.13114754098360656,0.8852459016393442,-0.27375926761860214,0.3770491803278688,0.639344262295082,-1.4731785213680848,-0.6942080416849843,57.083333333333336,56.56388888888889,409.9659349561189,425.85871486721885
2,131,base,thr,ma10,queue,1838.0580995818627,2437.768498336451,300.0771796692876,1921.4718664076029,3399.1090460328683,-24.600793683396706,-1.9985205120080236,0.01639344262295082,1.0,2.8197400985670584,0.6229508196721312,0.39344262295081966,-28.064221809117758,-21.62011632526865,8.666666666666666,9.052777777777777,1751.391432915196,2347.2407205586733
2,131,base,mey,ma10,queue,1063.018320929365,1087.6886158261968,12.636737862825703,1052.193995720101,1113.6480747514322,-2.2681394783278597,-1.9522676789399898,0.03278688524590164,0.9836065573770492,-0.6664546324761746,0.36065573770491804,0.6557377049180327,-1.2082798204866512,-3.345905064701201,64.08333333333333,65.09583333333333,422.18498759603176,436.7302824928636
2,131,base,trust,ma10,queue,996.3458867444282,1014.679874491103,11.583967032483315,991.6931460788675,1039.3577168181225,-1.8068740898078726,-1.5827037227629632,0.06557377049180328,0.9508196721311475,0.8094045583313906,0.8032786885245902,0.21311475409836064,-1.5217558510229185,-2.081592020477201,58.333333333333336,60.575,413.0125534110948,408.92987449110296
2,132,base,thr,naive,queue,2240.5270456525295,2401.5957524246346,241.9896718915574,1865.5290653762715,3059.2754362513583,-6.7067368273570285,-0.6656015751130265,0.22950819672131148,0.7868852459016393,-4.117075093471271,0.39344262295081966,0.6229508196721312,-2.2538717579238217,-11.025111029528471,6.416666666666667,6.406944444444444,2176.360378985863,2337.5263079801903
2,132,base,mey,naive,queue,1127.0077852407483,1136.1462958694542,13.370902539138658,1106.1481742465687,1167.9792821940498,-0.8043427736313264,-0.6834625113716998,0.2459016393442623,0.7704918032786885,-0.20514249195982487,0.39344262295081966,0.6229508196721312,-0.4201405232158323,-1.1892993808279706,61.25,63.57361111111111,514.5077852407483,500.4101847583431
2,132,base,trust,naive,queue,995.9182994527796,1012.7487564730243,10.414070448465958,988.2409249435619,1043.0404779496348,-1.6618590655058476,-1.6161266724217234,0.03278688524590164,0.9836065573770492,-0.7792640392809304,0.21311475409836064,0.8032786885245902,-1.599170405673589,-1.7231740583870194,55.5,56.227777777777774,440.9182994527796,450.4709786952466
2,133,base,thr,seasonal60,http,2678.2059096101802,2379.3880130305947,310.50702900628175,1900.0761958596042,3208.058849161387,12.558603092186933,0.9623546930190113,0.8524590163934426,0.16393442622950818,-6.889371730365651,0.3114754098360656,0.7049180327868853,9.44406602520595,15.539368325349448,7.25,7.236111111111111,2605.7059096101802,2307.0269019194834
2,133,base,mey,seasonal60,http,1128.0570678825254,1119.921277734475,12.587868022886878,1076.9963899416355,1145.130593701084,0.7264608959397996,0.6463199433977281,0.7377049180327869,0.2786885245901639,-0.5527325686946838,0.3114754098360656,0.7049180327868853,2.077925127648945,-0.6968635830612102,66.33333333333333,65.925,464.72373454919216,460.6712777344751
2,133,base,trust,seasonal60,http,991.6670524700194,983.9482886568544,10.740623586670283,951.4610340227324,1011.3188840022634,0.7844684423102685,0.7186513660849625,0.7868852459016393,0.22950819672131148,0.4342564870128551,0.6557377049180327,0.36065573770491804,1.9905593295247122,-0.4387068038458629,54.166666666666664,55.13194444444444,450.00038580335274,432.62884421240994
2,134,base,thr,ma10,queue,2076.516933296491,2537.8146602699585,327.009008876779,1936.7189620128768,3694.4554887092104,-18.17696674998312,-1.4106575490318987,0.04918032786885246,0.9672131147540983,0.43011631261058014,0.5901639344262295,0.4262295081967213,-16.546810137796303,-19.653399371358017,6.5,7.644444444444445,2011.516933296491,2461.370215825514
2,134,base,mey,ma10,queue,1079.0605556676082,1115.9645235774879,12.816749969738614,1085.9880591212661,1149.2800651189802,-3.3069122835173315,-2.879354594340443,0.01639344262295082,1.0,-0.7792723986951977,0.22950819672131148,0.7868852459016393,-3.578524208047457,-3.0265906468247055,62.083333333333336,64.60138888888889,458.22722233427487,469.95063468859894
2,134,base,trust,ma10,queue,1001.042113151272,1017.4105026326928,10.811411573364719,992.9757872696027,1056.7164507159434,-1.6088284364143335,-1.5139918936900305,0.08196721311475409,0.9344262295081968,-0.7319475595046226,0.21311475409836064,0.8032786885245902,-2.97949318320185,-0.17213197501896185,55.833333333333336,57.269444444444446,442.70877981793865,444.7160581882483
2,136,base,thr,seasonal60,http,1777.215464896948,2325.6259405043584,261.1268481863736,1850.9581550443002,3089.3925067366713,-23.581198767007066,-2.100168862054331,0.01639344262295082,1.0,-2.7874017110573064,0.45901639344262296,0.5573770491803278,-25.1990017157973,-21.802838772430533,9.416666666666666,9.708333333333334,1683.0487982302814,2228.542607171025
2,136,base,mey,seasonal60,http,1053.3873052190365,1084.0573940445083,11.736747097738231,1058.9283915088074,1110.4867439204745,-2.8291941915588805,-2.613167734642776,0.01639344262295082,1.0,-0.043003299548429026,0.5245901639344263,0.4918032786885246,-5.142908904147568,-0.5160073942388094,63.0,62.231944444444444,423.38730521903653,461.73794960006387
2,136,base,trust,seasonal60,http,964.7165991302594,985.1315933671106,12.088767784305668,959.3772407152948,1010.3032214634426,-2.072311392133323,-1.6887572497963832,0.08196721311475409,0.9344262295081968,0.4943997544077975,0.6557377049180327,0.36065573770491804,-2.2655726283923276,-1.8751039546433164,55.833333333333336,56.69444444444444,406.383265796926,418.1871489226661
2,137,base,thr,ma10,http,2074.2674065851793,2082.17701018294,18.876234194614973,2031.655874257893,2156.686680095186,-0.37987181488791716,-0.41902444715468534,0.29508196721311475,0.7213114754098361,0.1742617225113043,0.6885245901639344,0.32786885245901637,0.05769410242967527,-0.763110889562656,5.916666666666667,5.916666666666667,2015.1007399185125,2023.0103435162735
2,137,base,mey,ma10,http,1086.9381154324676,1092.2447661249444,9.347197554791515,1071.0092200683675,1115.2237309776924,-0.48584812278878076,-0.5677263865848734,0.3442622950819672,0.6721311475409836,0.33625965430511684,0.6065573770491803,0.4098360655737705,-0.836598409095303,-0.14876253504923403,50.083333333333336,50.47083333333333,586.1047820991342,587.5364327916111
2,137,base,trust,ma10,http,959.0451975566526,959.0096538211764,4.017199230103105,948.5425750492517,967.1642500899846,0.003706295899592147,0.008847889646577185,0.5245901639344263,0.4918032786885246,0.3435770708297176,0.7540983606557377,0.26229508196721313,-0.08169888258326317,0.09101677675223276,50.333333333333336,50.13055555555555,455.71186422331925,457.7040982656208
2,139,base,thr,seasonal60,http,2182.117391373511,2379.321240960727,277.03195785109654,1852.827883592309,3329.644268430278,-8.288239779996617,-0.7118451283270805,0.22950819672131148,0.7868852459016393,10.624892177477442,0.8852459016393442,0.13114754098360656,-9.53585079647558,-7.004099844446923,6.833333333333333,7.365277777777778,2113.7840580401776,2305.6684631829494
2,139,base,mey,seasonal60,http,1046.6061597938485,1088.4586347895881,13.051240067021405,1061.5951355238349,1124.0181677371231,-3.8451139674067805,-3.2067814844272737,0.01639344262295082,1.0,-0.15589428831326102,0.39344262295081966,0.6229508196721312,-3.3041163000465636,-4.395901974068082,62.75,66.64166666666667,419.1061597938485,422.0419681229215
2,139,base,trust,seasonal60,http,982.6295637569868,1027.622928794809,10.751661432158434,1007.0658069667024,1050.1650696099389,-4.378392480069529,-4.184782540049682,0.01639344262295082,1.0,-1.0288926576091526,0.19672131147540983,0.819672131147541,-3.694034226042764,-5.069242172259488,57.0,60.33611111111111,412.62956375698684,424.2618176836979
2,138,base,thr,naive,event,2415.7430958784807,2485.418882384302,257.544149277336,2138.399900899455,3391.6353138828804,-2.8033820375171565,-0.2705391937705831,0.4918032786885246,0.5245901639344263,-3.583422629033252,0.4262295081967213,0.5901639344262295,8.239169700311164,-14.18650505698732,6.0,6.0375,2355.7430958784807,2425.043882384302
2,138,base,mey,naive,event,1103.3187022285258,1116.3431345327583,13.47672736734184,1079.135768758227,1144.405861825843,-1.1667051018040109,-0.9664388058924912,0.16393442622950818,0.8524590163934426,-2.1327798681522783,0.04918032786885246,0.9672131147540983,-1.7049247035780444,-0.6150379652687761,59.416666666666664,60.03611111111111,509.1520355618592,515.9820234216472
2,138,base,trust,naive,event,996.6013100663744,1004.6108404181615,11.893314749014165,981.370663147648,1025.9706312167566,-0.79727691853825,-0.6734481110449921,0.29508196721311475,0.7213114754098361,-0.5677122162545596,0.3770491803278688,0.639344262295082,-0.5067114910350431,-1.0974283531685263,54.416666666666664,54.13333333333333,452.43464339970774,463.27750708482813
2,140,base,thr,ma10,http,1707.6536714210395,2012.9102309644945,271.51925164119075,1658.7127118098415,2916.0905427373978,-15.164936560394453,-1.1242538335618564,0.06557377049180328,0.9508196721311475,6.347690830776417,0.819672131147541,0.19672131147540983,-6.255884510682945,-23.429940758017516,9.083333333333334,9.719444444444445,1616.8203380877062,1915.7157865200502
2,140,base,mey,ma10,http,1055.2925739769491,1081.957857196874,13.200608107895325,1053.189842649662,1106.7125055682975,-2.4645399118417712,-2.020004154503789,0.04918032786885246,0.9672131147540983,-0.518570215852833,0.32786885245901637,0.6885245901639344,-3.193533051788556,-1.7370459221270427,62.833333333333336,65.53333333333333,426.9592406436158,426.62452386354084
2,140,base,trust,ma10,http,979.1847105565226,1003.610652908463,10.688006686386784,978.0416162945838,1027.3375317357247,-2.4338066042995803,-2.2853599430332885,0.03278688524590164,0.9836065573770492,0.21143426034188142,0.6065573770491803,0.4098360655737705,-1.9043556488770674,-2.94972493826109,56.333333333333336,59.104166666666664,415.8513772231893,412.5689862417963
2,141,base,thr,naive,queue,1937.9015568532268,2415.7926410165364,210.5476840179113,2058.150366246388,3102.94907916269,-19.781957939991855,-2.269752271996758,0.01639344262295082,1.0,-8.58827168753542,0.14754098360655737,0.8688524590163934,-24.434894416777475,-15.29256377182398,6.25,6.545833333333333,1875.4015568532268,2350.334307683203
2,141,base,mey,naive,queue,1091.0665227010888,1147.0400325776948,17.1591068573592,1114.4251340090518,1186.3911369631405,-4.879821827213739,-3.262029331823877,0.01639344262295082,1.0,-2.1169234665656314,0.11475409836065574,0.9016393442622951,-3.302485213630972,-6.395360852335936,62.75,62.87777777777778,463.56652270108884,518.262254799917
2,141,base,trust,naive,queue,988.425064057206,999.910110312528,9.965550398942481,974.0634345936915,1020.8773843889181,-1.1486078735349803,-1.1524748554320459,0.11475409836065574,0.9016393442622951,-1.466300082383722,0.09836065573770492,0.9180327868852459,-1.7467800641412343,-0.5643726590755159,54.25,54.1625,445.925064057206,458.285110312528
2,142,base,thr,seasonal60,http,1593.685836652361,1598.3219872579855,6.9832395040796,1591.8713716811362,1645.9856731749999,-0.29006361938234776,-0.6638968351172757,0.06557377049180328,0.9672131147540983,-0.29006361938234776,0.06557377049180328,0.9672131147540983,-0.23877194460203932,-0.34019988672330753,7.5,7.8180555555555555,1518.685836652361,1520.1414317024298
2,142,base,mey,seasonal60,http,893.8346121158473,896.1031906782274,1.7069736619729445,892.5985235665231,903.1273124726595,-0.2531604156730061,-1.3290061896784136,0.06557377049180328,0.9508196721311475,-0.29319113174331224,0.04918032786885246,0.9672131147540983,-0.00536786088751674,-0.4970685068349569,50.583333333333336,50.7875,388.00127878251396,388.2281906782274
2,142,base,trust,seasonal60,http,916.5679323619142,919.7925566185633,1.7529339326803348,915.5490908212164,928.4079349452822,-0.35058168642978654,-1.8395583521612682,0.03278688524590164,0.9836065573770492,-0.3783434454420815,0.03278688524590164,0.9836065573770492,-0.18925416652434143,-0.5116144313117936,50.666666666666664,50.94027777777778,409.9012656952476,410.3897788407854
2,143,base,thr,ma10,queue,3562.189967355133,1756.3586870353065,47.5299657287523,1722.4062168081282,1950.4946117207635,102.81677049509906,37.993532135610714,1.0,0.01639344262295082,-1.6545264436294216,0.32786885245901637,0.8032786885245902,109.29532081602315,97.04092780353487,11.25,11.188888888888888,3449.689967355133,1644.4697981464176
2,143,base,mey,ma10,queue,2409.588865458921,983.4127791151171,14.719937756073977,975.4914449883145,1092.3932426430292,145.02313948239404,96.88737207841197,1.0,0.01639344262295082,-0.23646842414745756,0.47540983606557374,0.5409836065573771,144.7441824782869,145.3003578741306,56.916666666666664,57.02777777777778,1840.4221987922547,413.1350013373393
2,143,base,trust,ma10,queue,1670.1118270471618,947.894531097641,7.375623866503077,940.8542497946906,1000.3602496232019,76.19173571063956,97.91948573049153,1.0,0.01639344262295082,0.09534423215942449,0.8032786885245902,0.21311475409836064,77.45361599146308,74.98635651065601,54.833333333333336,54.047222222222224,1121.7784937138285,407.4223088754187
2,144,base,thr,naive,http,2182.519957847145,2187.251239820667,138.20094818683617,1915.1247544984235,2495.9951988235975,-0.21631177467795318,-0.03423480110371833,0.5573770491803278,0.45901639344262296,11.053877575264407,0.9672131147540983,0.04918032786885246,-4.546959988744524,3.9652935671947525,5.916666666666667,5.930555555555555,2123.3532911804787,2127.945684265111
2,144,base,mey,naive,http,1080.3982720410238,1096.2753676640227,12.62493108484963,1070.9016883477464,1133.1622073233061,-1.4482762352701881,-1.25759859727488,0.09836065573770492,0.9180327868852459,2.6506802898335575,0.9836065573770492,0.03278688524590164,-1.7502756517638298,-1.1374935907575117,58.083333333333336,58.519444444444446,499.56493870769043,511.08092321957827
2,144,base,trust,naive,http,978.8614245352564,979.7205268248583,8.120714907581377,960.6912060169334,998.7351266446195,-0.08768850565845679,-0.10579146040453084,0.5245901639344263,0.4918032786885246,-0.8273763680810156,0.14754098360655737,0.8688524590163934,-0.0339138770373451,-0.14081948527337793,52.333333333333336,52.418055555555554,455.5280912019231,455.5399712693028
2,145,base,thr,seasonal60,storage,2259.8196147570484,2224.577034139809,209.89130185659408,1894.3292925812038,3000.814927392361,1.5842373663120664,0.16790872373224255,0.639344262295082,0.3770491803278688,0.9096539449954878,0.639344262295082,0.3770491803278688,5.942168742373625,-1.9973056261174498,7.166666666666667,7.323611111111111,2188.152948090382,2151.3409230286975
2,145,base,mey,seasonal60,storage,1081.8510292143,1076.17035426384,12.541874334057109,1047.7586463097573,1106.1349374944964,0.527860196850155,0.4529366822815631,0.6885245901639344,0.32786885245901637,-0.7166070253062163,0.2786885245901639,0.7377049180327869,0.15897330272517013,0.9011926010772738,58.583333333333336,59.24027777777778,496.0176958809667,483.7675764860621
2,145,base,trust,seasonal60,storage,955.1491176760588,951.2355766501817,10.124876718104918,921.7422230651872,976.4326770133863,0.4114165956301685,0.3865272768091225,0.6065573770491803,0.4098360655737705,0.5856604507950859,0.6885245901639344,0.32786885245901637,3.135681174041804,-2.220644082458194,52.166666666666664,51.72361111111111,433.4824510093922,433.99946553907057
2,146,base,thr,ma10,timer,1917.6965441520235,1835.7249780969032,56.478601485310136,1804.3409040146337,2079.216999849647,4.4653511301077495,1.4513738637179394,0.9180327868852459,0.09836065573770492,-1.5734423416852814,0.5737704918032787,0.7049180327868853,12.353141176352764,-2.93330795354347,8.666666666666666,8.85,1831.0298774853568,1747.2249780969032
2,146,base,mey,ma10,timer,953.7656543418616,950.9497659220942,1.9722541105267388,946.7484471810035,961.788589081204,0.29611326703855045,1.4277513251146474,0.9508196721311475,0.06557377049180328,-0.05852420567094817,0.47540983606557374,0.5409836065573771,0.007017512745378392,0.5714583518100423,55.25,55.41111111111111,401.2656543418616,396.83865481098314
2,146,base,trust,ma10,timer,953.0889246028318,947.9650769192747,3.2842149813625428,942.8536469441475,960.9476371239685,0.5405101736668093,1.5601438129459209,0.9180327868852459,0.09836065573770492,-0.025082840469036777,0.639344262295082,0.4098360655737705,0.34690488758179727,0.7260945023726416,53.666666666666664,53.74027777777778,416.4222579361651,410.56229914149685
2,147,base,thr,naive,http,1775.9140454458754,2069.530010989896,267.8488866133139,1763.2171615006494,2943.872092365193,-14.18756741795584,-1.0962000598789334,0.06557377049180328,0.9508196721311475,-1.3718854705097663,0.5409836065573771,0.47540983606557374,-12.545069929665821,-15.926237400882188,12.416666666666666,12.67361111111111,1651.7473787792087,1942.7938998787847
2,147,base,mey,naive,http,1009.2051268617039,1013.1617303481793,12.48132105008319,994.7122033414747,1091.2556887019691,-0.3905204241296872,-0.3170019800467368,0.39344262295081966,0.6229508196721312,-1.7854725511663285,0.03278688524590164,0.9836065573770492,-0.8246486136137836,0.0408328248521467,59.833333333333336,60.018055555555556,410.8717935283705,412.98117479262373
2,147,base,trust,naive,http,983.7757136980395,980.7451925242992,11.514378086206397,964.9301046817926,1050.0295138940585,0.3090018892613782,0.26319451654715303,0.6885245901639344,0.32786885245901637,-0.6926204946600617,0.22950819672131148,0.7868852459016393,-0.3037980631310022,0.9171529574631958,57.916666666666664,57.15277777777778,404.6090470313728,409.2174147465214
2,148,base,thr,seasonal60,timer,2169.6079605461186,2348.8623029011183,348.84927142027044,1875.6135126490765,3129.028372482846,-7.631538985218488,-0.5138446803262658,0.4098360655737705,0.6065573770491803,-6.374479165231652,0.4426229508196721,0.5737704918032787,-12.38172056927703,-2.924762745438534,6.0,6.048611111111111,2109.6079605461186,2288.376191790007
2,148,base,mey,seasonal60,timer,1039.6277919653846,1058.817113038108,13.24724453888629,1031.0686555236666,1090.7102218329126,-1.8123357505681548,-1.448551886876886,0.09836065573770492,0.9180327868852459,-1.2015524266293967,0.21311475409836064,0.8032786885245902,-2.3472982258342237,-1.2835584038382781,58.083333333333336,58.265277777777776,458.79445863205126,476.1643352603302
2,148,base,trust,seasonal60,timer,953.6255461718532,960.7796819911443,9.503449182624824,940.4501005167843,986.2602340387311,-0.7446177259353272,-0.7527936101737724,0.2459016393442623,0.7704918032786885,-0.18258790116804605,0.47540983606557374,0.5409836065573771,-1.4714249567032627,-0.006337555869123545,53.75,54.18611111111111,416.1255461718532,418.91857088003326
2,149,base,thr,ma10,http,2218.3607358561553,2404.653666497502,180.12650607246908,2083.463874909818,2973.020738447624,-7.747183440045716,-1.0342338543245637,0.09836065573770492,0.9180327868852459,6.419318560372087,0.8032786885245902,0.21311475409836064,-5.014624564858479,-10.53714807228216,6.0,6.004166666666666,2158.3607358561553,2344.6119998308354
2,149,base,mey,ma10,http,1078.3749693371053,1084.9485383102383,13.1602597719717,1051.104726614406,1118.3013728223448,-0.6058876288612762,-0.49950146023205066,0.3114754098360656,0.7049180327868853,0.010844899347261572,0.47540983606557374,0.5409836065573771,-1.3023119955689006,0.07227851595912538,52.25,53.079166666666666,555.8749693371053,554.1568716435717
2,149,base,trust,ma10,http,950.6613659287618,950.8949168471424,8.020523703974611,934.4245542021835,966.6885407124624,-0.024561170140123788,-0.029119160668383527,0.45901639344262296,0.5573770491803278,1.1380801860750855,0.9344262295081968,0.08196721311475409,0.34353354321279417,-0.39492815196545317,50.416666666666664,49.888888888888886,446.4946992620952,452.0060279582536
2,150,base,thr,naive,timer,1674.6455917403143,1682.5450801995526,3.2077666403151617,1675.4789250736476,1694.2790811412178,-0.469496392827783,-2.4626131963458873,0.01639344262295082,1.0,-0.1723275348375282,0.13114754098360656,0.9344262295081968,-0.5054749961581523,-0.4331334654318243,7.083333333333333,7.790277777777778,1603.812258406981,1604.6423024217747
2,150,base,mey,naive,timer,928.6535343901375,935.1301405864261,1.867528135321683,930.3202010568042,941.2472913597927,-0.6925887547830684,-3.468009972001351,0.01639344262295082,1.0,-0.04984904287050002,0.4262295081967213,0.5901639344262295,-0.8577548946991828,-0.5220794708140407,52.083333333333336,52.673611111111114,407.8202010568041,408.39402947531505
2,150,base,trust,naive,timer,925.1497308273529,929.3263281336227,1.9719076650554215,924.1890153696128,934.8723850966245,-0.4494220361385613,-2.1180491258714538,0.04918032786885246,0.9672131147540983,-0.2700806555910183,0.11475409836065574,0.9344262295081968,-0.718766351756728,-0.17219494316808912,50.166666666666664,50.52916666666667,423.48306416068624,424.03466146695604
2,151,base,thr,seasonal60,queue,1683.1170921370142,1803.234595560582,121.19628940775124,1669.449038886872,2232.7223242890864,-6.661224430769427,-0.9910988530304421,0.04918032786885246,0.9672131147540983,-5.397165821941251,0.18032786885245902,0.8360655737704918,-7.543111531087709,-5.841160731806348,12.25,12.781944444444445,1560.6170921370142,1675.4151511161376
2,151,base,mey,seasonal60,queue,991.674861650828,1002.3155197658216,6.837065214456409,987.8056037011917,1017.857700704952,-1.0616076380299528,-1.5563195291007015,0.06557377049180328,0.9508196721311475,0.3008411252440157,0.6885245901639344,0.32786885245901637,-0.8660437185885244,-1.2632946847745514,59.083333333333336,59.665277777777774,400.84152831749464,405.6627419880439
2,151,base,trust,seasonal60,queue,939.8929235163787,958.2553220833939,7.189702386554724,943.085673837938,977.5212261840512,-1.9162323593562287,-2.553985906475669,0.01639344262295082,1.0,-0.6115169947475657,0.2459016393442623,0.7704918032786885,-1.7271012032801398,-2.107294886066172,53.083333333333336,54.484722222222224,409.0595901830453,413.40809986117165
2,152,base,thr,ma10,http,1729.1034580657758,1761.9952739502667,23.27416781900265,1689.0804587639325,1876.9720980923628,-1.8667368959934687,-1.4132327368386361,0.03278688524590164,0.9836065573770492,-0.4478908656093011,0.3442622950819672,0.7049180327868853,-1.6125242860274032,-2.1645493222845573,9.833333333333334,12.390277777777778,1630.7701247324426,1638.0924961724888
2,152,base,mey,ma10,http,971.6055462309142,996.2719975012261,3.686864572490656,987.0992508519862,1004.9965390599581,-2.475875195948336,-6.690360002469116,0.01639344262295082,1.0,-0.06572200257005165,0.47540983606557374,0.5409836065573771,-2.758810372240923,-2.1862792693338835,56.083333333333336,58.394444444444446,410.77221289758086,412.32755305678165
2,152,base,trust,ma10,http,941.8810167191408,960.6565652084353,3.2559419254132926,948.0409674003131,969.4759419151433,-1.9544496097021626,-5.766548949398473,0.01639344262295082,1.0,-0.08881615091449271,0.3770491803278688,0.639344262295082,-1.9065111551472111,-2.0041964330012663,52.416666666666664,54.0625,417.7143500524742,420.03156520843527
2,153,base,thr,naive,http,2591.1776507813024,2608.972828755686,302.0673344959616,1983.297170546386,3364.6371652198764,-0.6820760177433755,-0.05891129540397685,0.5409836065573771,0.47540983606557374,14.849076858181249,0.8852459016393442,0.13114754098360656,-0.6432916198185793,-0.7168629260328081,6.0,6.052777777777778,2531.1776507813024,2548.445050977908
2,153,base,mey,naive,http,1147.2579042958223,1143.0808878251094,14.887385652462555,1106.9118897921483,1171.19474709594,0.365417400920802,0.28057421015502565,0.5737704918032787,0.4426229508196721,0.2098436251755369,0.5573770491803278,0.45901639344262296,-1.171759919928841,1.9261621378245648,64.58333333333333,64.06805555555556,501.42457096248904,502.4003322695537
2,153,base,trust,naive,http,981.9204219195176,994.081142000737,8.823784140237589,970.4887593273189,1017.7793665177088,-1.2233126218191976,-1.3781751556868886,0.04918032786885246,0.9672131147540983,0.5890690971446735,0.7868852459016393,0.22950819672131148,-0.762547335491476,-1.6969328566447728,53.416666666666664,53.6,447.75375525285097,458.08114200073703
2,154,base,thr,seasonal60,queue,1628.6657634942173,1665.962896220895,40.789957747304406,1594.519807960876,1843.2912116368307,-2.2387733130961767,-0.9143704673031272,0.16393442622950818,0.8524590163934426,1.005047606995441,0.7213114754098361,0.29508196721311475,0.6338320365342286,-5.141867067939538,11.333333333333334,12.668055555555556,1515.332430160884,1539.2823406653392
2,154,base,mey,seasonal60,queue,960.4032407389842,976.8886244524514,11.23801350004957,962.0006399375043,1053.5323487793087,-1.6875397359353297,-1.4669304066412143,0.01639344262295082,1.0,0.0634826789772072,0.6557377049180327,0.36065573770491804,-1.7447056202856335,-1.632090693677917,57.083333333333336,58.394444444444446,389.56990740565084,392.9441800080069
2,154,base,trust,seasonal60,queue,930.1473687714648,947.2842816769463,7.3829339738823,936.7968343180479,987.5680872121965,-1.8090570314483188,-2.32115212815185,0.01639344262295082,1.0,-1.3172463781081547,0.01639344262295082,1.0,-1.5197766488268218,-2.091681435994293,53.25,54.702777777777776,397.6473687714648,400.2565038991686
2,155,base,thr,ma10,queue,1678.1768464700679,2277.139409287381,279.8985915669176,1837.5750409709135,3097.3346253969175,-26.303289134359826,-2.1399270338025778,0.01639344262295082,1.0,-2.3177927350204564,0.5245901639344263,0.4918032786885246,-28.1425808540529,-24.398104486296617,6.666666666666667,6.856944444444444,1611.5101798034011,2208.5699648429368
2,155,base,mey,ma10,queue,1128.1451276916973,1128.3846527996714,12.891469752716459,1101.7349666710722,1154.6061363811973,-0.02122725680287644,-0.01858012411063989,0.5573770491803278,0.45901639344262296,1.9851081022457189,0.9672131147540983,0.04918032786885246,-0.9349509618045554,0.9019922351368984,64.33333333333333,65.10138888888889,484.81179435836407,477.37076391078244
2,155,base,trust,ma10,queue,982.4856340894361,995.7923005554527,11.987040288766185,962.7791131801472,1028.6741668992713,-1.336289350559767,-1.1100877402145002,0.11475409836065574,0.9016393442622951,0.44791021002654074,0.7049180327868853,0.3114754098360656,-2.259138956692535,-0.4361846650037351,54.333333333333336,55.725,439.1523007561027,438.5423005554527
2,156,base,thr,naive,http,2653.839864296561,2502.939375091574,229.25552376767016,1997.86354710602,3107.418355552108,6.02893105229389,0.6582196438499368,0.7868852459016393,0.22950819672131148,-10.515514660435676,0.13114754098360656,0.8852459016393442,-5.0546496134782,16.88258603461262,6.083333333333333,6.051388888888889,2593.0065309632273,2442.4254862026855
2,156,base,mey,naive,http,1140.7384043592963,1129.7667406836235,13.028075898429053,1100.1924805680026,1163.8507593368004,0.971144155742607,0.8421553390701174,0.819672131147541,0.19672131147540983,0.6158543899140984,0.7213114754098361,0.29508196721311475,-0.41362558955391715,2.343370385269724,63.5,64.81388888888888,505.7384043592963,481.62785179473474
2,156,base,trust,naive,http,996.4695086398082,1003.3600107447572,12.95745500736084,976.8361604330809,1036.2269247099669,-0.6867427474844745,-0.5317789721079274,0.29508196721311475,0.7213114754098361,0.2696257643188659,0.6229508196721312,0.39344262295081966,-1.0684369920492605,-0.30784613879668576,55.166666666666664,55.30138888888889,444.80284197314154,450.3461218558683
2,157,base,thr,seasonal60,timer,1882.5907754510727,1815.1105677417538,102.83261526659571,1615.3900296944794,2064.996093662995,3.7176913025895426,0.6562140575183758,0.7377049180327869,0.2786885245901639,11.6678157263795,0.9672131147540983,0.04918032786885246,-5.13181204357955,12.014688863047,13.0,13.069444444444445,1752.5907754510727,1684.4161232973092
2,157,base,mey,seasonal60,timer,980.2689146856255,990.9686643715537,10.693854176995265,978.3983845425715,1057.4307253776617,-1.0797263395521863,-1.0005512987960492,0.11475409836065574,0.9016393442622951,-1.0390546987423825,0.11475409836065574,0.9016393442622951,-1.1092137871288676,-1.0497664386369776,59.25,59.958333333333336,387.76891468562553,391.38533103822033
2,157,base,trust,seasonal60,timer,986.4694058737526,990.1123575663681,7.960001084506089,976.7995591636712,1024.5814817141527,-0.36793316079496635,-0.45765718546275036,0.3114754098360656,0.7049180327868853,-0.6283841221072831,0.18032786885245902,0.8360655737704918,-0.4173240371396626,-0.3191710509363693,59.166666666666664,59.327777777777776,394.802739207086,396.8345797885904
2,158,base,thr,ma10,queue,1698.466460964226,1725.71319405831,38.599289500017534,1686.8228072524846,1851.732384927248,-1.5788679826923404,-0.7058869074279622,0.3442622950819672,0.6721311475409836,-0.5235434596502527,0.5737704918032787,0.4426229508196721,-0.7289734670254318,-2.4673307575420482,11.166666666666666,12.969444444444445,1586.7997942975592,1596.0187496138656
2,158,base,mey,ma10,queue,970.1009895871726,979.605550590186,4.964390912563509,969.2843638547253,991.9457284974611,-0.9702436860721244,-1.914547256735951,0.04918032786885246,0.9672131147540983,0.489375960179442,0.8032786885245902,0.21311475409836064,0.034690203828395445,-1.970796086790419,55.916666666666664,57.90416666666667,410.934322920506,400.56388392351926
2,158,base,trust,ma10,queue,951.6421973317024,958.1107897738171,5.83487046508483,942.337922223452,971.4027591397189,-0.6751403398391752,-1.1086094337178591,0.16393442622950818,0.8524590163934426,-0.5919404597856393,0.18032786885245902,0.8360655737704918,-0.12780964969686917,-1.2431188861845017,54.333333333333336,56.12222222222222,408.308863998369,396.888567551595
2,159,base,thr,naive,timer,2200.0153828632097,2367.0627030303845,228.27394743263002,1933.6611721416148,2843.4133251260246,-7.057156532157591,-0.7317844285164214,0.26229508196721313,0.7540983606557377,2.7811432237442206,0.6557377049180327,0.36065573770491804,-7.433065833994301,-6.685635619203555,6.0,6.0,2140.0153828632097,2307.0627030303845
2,159,base,mey,naive,timer,1139.575695189723,1103.4781373735307,14.561706847616017,1075.3197318405278,1136.4868416896898,3.271252650470345,2.4789372697818157,1.0,0.01639344262295082,-0.5167732302803877,0.3770491803278688,0.639344262295082,5.867672694351209,0.7217359336705812,63.0,60.86666666666667,509.5756951897231,494.81147070686404
2,159,base,trust,naive,timer,985.322543916097,983.2357407567207,10.537759700262075,963.4872788899326,1012.5674354372771,0.21223833439681453,0.19803100646946298,0.6229508196721312,0.39344262295081966,-1.299563047407606,0.11475409836065574,0.9016393442622951,0.7268212127685569,-0.2867849603425376,53.666666666666664,53.36666666666667,448.6558772494303,449.5690740900541
2,160,base,thr,seasonal60,http,2785.8300154202425,2180.032089967869,325.85382384625547,1611.8779974451154,3374.6041549264805,27.788486611740755,1.8591094568164446,0.9672131147540983,0.04918032786885246,23.38142188526216,0.9672131147540983,0.04918032786885246,26.88123644185594,28.671148861309174,11.083333333333334,11.752777777777778,2674.996682086909,2062.5043121900912
2,160,base,mey,seasonal60,http,1065.737563201648,1058.5757205535458,10.567619950419203,1029.4740614914572,1081.1027102412536,0.6765545920850353,0.6777157658681854,0.7377049180327869,0.2786885245901639,-1.0339850472759538,0.11475409836065574,0.9016393442622951,-1.950049851759451,3.4178231447186076,63.833333333333336,63.833333333333336,427.4042298683147,420.24238722021244
2,160,base,trust,seasonal60,http,980.0672538396713,980.9133467001284,9.519940740168778,963.3980791752033,1004.3614968505593,-0.08625561710455447,-0.08887585370012853,0.5409836065573771,0.47540983606557374,-0.7733756043523069,0.21311475409836064,0.8032786885245902,0.28783124022964884,-0.45146558479052357,56.0,56.65,420.06725383967125,414.4133467001284
2,161,base,thr,ma10,http,1790.897093389889,2476.3219238997067,347.4577899535836,2001.0435425378153,3513.7086211622354,-27.679148817226967,-1.9726851730720518,0.01639344262295082,1.0,-4.360678894723168,0.5245901639344263,0.4918032786885246,-25.930873182619973,-29.554485057535523,6.166666666666667,6.8277777777777775,1729.2304267232223,2408.044146121929
2,161,base,mey,ma10,http,1066.4934924455797,1135.0727935144023,12.0698417206058,1107.1859130694982,1162.9923879921005,-6.0418416740029475,-5.68187244342592,0.01639344262295082,1.0,-0.2510472003990352,0.3442622950819672,0.6721311475409836,-5.510057632715613,-6.572137144844599,63.5,65.825,431.4934924455797,476.8227935144023
2,161,base,trust,ma10,http,960.9010050028536,996.7730881041986,9.814391706480569,977.7632967448595,1017.4999781051138,-3.598821389687745,-3.655049051859034,0.01639344262295082,1.0,-1.85809430283416,0.03278688524590164,0.9836065573770492,-2.619225639416783,-4.604268741193203,54.666666666666664,55.91111111111111,414.23433833618697,437.6619769930875
2,162,base,thr,naive,event,2280.348995686944,2337.921823343821,161.491353280759,2031.5821004790607,2850.066007876674,-2.4625642774715755,-0.3565071843616571,0.4098360655737705,0.6065573770491803,0.7291581767318471,0.5901639344262295,0.4262295081967213,2.7505668657541897,-7.960461016034524,6.5,6.85,2215.348995686944,2269.421823343821
2,162,base,mey,naive,event,1100.653741872217,1106.786033101974,15.240978782278972,1071.4393616140117,1155.311866590728,-0.5540629395701727,-0.402355473185689,0.4098360655737705,0.6065573770491803,0.3455103679463655,0.639344262295082,0.3770491803278688,0.2511041836581231,-1.3656598696237232,58.416666666666664,59.90416666666667,516.4870752055505,507.74436643530726
2,162,base,trust,naive,event,955.7631201934422,962.8568952992259,8.246991809494242,946.2887281550851,981.7228988390739,-0.7367424110910268,-0.8601651692702186,0.26229508196721313,0.7540983606557377,0.6022592585659788,0.7377049180327869,0.2786885245901639,0.102168103789385,-1.5775224260150997,50.916666666666664,51.725,446.5964535267756,445.6068952992259
2,163,base,thr,seasonal60,queue,2590.0934806150585,2370.306459960884,169.31557609196534,2064.2939744654655,2778.725315446963,9.272514941287456,1.2980909714697209,0.9016393442622951,0.11475409836065574,-9.306536716873953,0.11475409836065574,0.9016393442622951,4.484247612071963,13.925705832145676,7.833333333333333,7.977777777777778,2511.760147281725,2290.528682183106
2,163,base,mey,seasonal60,queue,997.6970647591266,995.8740848435325,8.577487752279986,979.8184309081518,1014.138158771468,0.18305325375351697,0.2125307512225336,0.5737704918032787,0.4426229508196721,-0.773608579060526,0.19672131147540983,0.819672131147541,0.7574961622841232,-0.3709447721090021,58.25,58.39861111111111,415.19706475912665,411.8879737324214
2,163,base,trust,seasonal60,queue,940.3057380386086,946.5746154643144,8.45743444329165,926.1775381142807,964.2724115847878,-0.6622697591178041,-0.7412268422226087,0.22950819672131148,0.7868852459016393,-0.472357418185514,0.3114754098360656,0.7049180327868853,-0.03225660196414141,-1.2848027256000247,53.416666666666664,53.5125,406.139071371942,411.44961546431443
2,164,base,thr,ma10,event,1694.584806392456,2073.5219074526626,201.45797179521742,1715.3576686732151,2675.6441473398827,-18.275046899588045,-1.880973473938263,0.01639344262295082,1.0,12.542449887766814,0.8688524590163934,0.14754098360655737,-18.323261489416712,-18.228195445682886,13.083333333333334,12.311111111111112,1563.7514730591226,1950.4107963415515
2,164,base,mey,ma10,event,1048.7164328827407,1056.1738605555104,11.570642636250016,1031.855312201539,1091.9048660570272,-0.7060795529296009,-0.6445128336611187,0.3114754098360656,0.7049180327868853,-0.22004997476164745,0.4426229508196721,0.5737704918032787,-1.4639437832271467,0.05593098404137589,62.916666666666664,63.5375,419.5497662160741,420.7988605555104
2,164,base,trust,ma10,event,989.4004381084725,994.3464221270261,7.6429527517732,976.5278578820948,1016.7579496789822,-0.49741055114107946,-0.6471300005624336,0.26229508196721313,0.7540983606557377,-1.9965492650166012,0.01639344262295082,1.0,-1.3257571590130024,0.31110057266812763,56.916666666666664,57.2875,420.23377144180586,421.47142212702613
2,167,base,thr,ma10,timer,2793.833843478021,2416.9330386725214,240.50084851901906,1896.7436537942906,2953.202630541717,15.594176535917153,1.567149584404456,0.9180327868852459,0.09836065573770492,19.356909594010652,0.9836065573770492,0.03278688524590164,18.307366039863556,12.783018283388044,6.0,6.0,2733.833843478021,2356.9330386725214
2,167,base,mey,ma10,timer,1119.8331857969708,1097.8514546201466,15.44627706064436,1072.3852447819675,1135.525890472554,2.002250038866131,1.4231086941222635,0.8852459016393442,0.13114754098360656,2.6416549556864264,0.9508196721311475,0.06557377049180328,3.13071627760396,0.9165353922967716,58.75,58.852777777777774,532.3331857969708,509.32367684236885
2,167,base,trust,ma10,timer,1011.4827834836547,978.8967189036945,10.268877332432368,955.6361063340331,1004.2585552725982,3.3288562471079293,3.1732840431390748,1.0,0.01639344262295082,-1.0955504111604843,0.14754098360655737,0.8688524590163934,2.6703413116571535,4.004773439356279,53.25,52.668055555555554,478.98278348365466,452.21616334813893
2,169,base,thr,seasonal60,http,1783.4462533960352,2028.0549230199642,153.562581649896,1775.8991692230086,2819.43172341576,-12.061244833531616,-1.5928924025359708,0.03278688524590164,0.9836065573770492,9.344561252960535,0.9180327868852459,0.09836065573770492,-11.247975645980583,-12.974985411517025,5.916666666666667,5.927777777777778,1724.2795867293685,1968.7771452421864
2,169,base,mey,seasonal60,http,1008.0016237848907,1049.2268020560873,14.131200997091192,1016.2478214613458,1083.5223977261733,-3.9291007616666693,-2.9173159648413804,0.01639344262295082,1.0,1.8676607915641206,0.9180327868852459,0.09836065573770492,-2.447030255763339,-5.4208647297393036,54.916666666666664,55.31111111111111,458.8349571182241,496.1156909449762
2,169,base,trust,seasonal60,http,930.0154764071957,936.9412108320596,9.267378764394595,918.9421563208748,959.4499145189251,-0.7391855908134755,-0.7473239845847958,0.32786885245901637,0.6885245901639344,1.354853604464426,0.9180327868852459,0.09836065573770492,-1.5799770960634265,0.14268451993977604,48.916666666666664,49.795833333333334,440.8488097405291,438.9828774987262
2,170,base,thr,ma10,timer,1833.7705387612423,1838.1796952873285,40.75591029833181,1706.3080404479144,1923.9225223490637,-0.23986536993038832,-0.10818446929074499,0.45901639344262296,0.5573770491803278,1.0902830218160817,0.7213114754098361,0.29508196721311475,-0.9391588335339769,0.48818550567422947,10.25,12.194444444444445,1731.2705387612423,1716.2352508428842
2,170,base,mey,ma10,timer,955.1094132162829,977.9767099411597,7.638408240230371,965.3851705507969,1012.4847690526389,-2.3382250816844765,-2.9937253948326767,0.01639344262295082,1.0,-0.11899633142474039,0.4426229508196721,0.5737704918032787,-1.9969245153390711,-2.673369501950124,53.25,55.108333333333334,422.60941321628286,426.8933766078263
2,170,base,trust,ma10,timer,937.8621674906708,951.167961191481,6.252503699948682,936.186064653116,968.2399453652214,-1.398890021920284,-2.128074502525994,0.03278688524590164,0.9836065573770492,-0.12836905376762095,0.4098360655737705,0.6065573770491803,-1.2409166165963799,-1.5635160560273569,53.0,54.50833333333333,407.8621674906708,406.08462785814766
2,171,base,thr,naive,orchestration,1679.5748625204021,1702.7246183675536,4.211784990974868,1687.342346541741,1715.6163501760832,-1.3595713362825372,-5.49642393824885,0.01639344262295082,1.0,0.0895308519417101,0.6229508196721312,0.39344262295081966,-1.3021532565887168,-1.424414971092375,8.75,11.093055555555555,1592.0748625204021,1591.7940628119982
2,171,base,mey,naive,orchestration,932.272685619097,955.4457521120571,3.509041819265086,946.9979355281845,962.1779247096764,-2.4253670542503247,-6.60381599493542,0.01639344262295082,1.0,0.4188174798233066,0.8524590163934426,0.16393442622950818,-2.4216539954181213,-2.4290356672273075,52.333333333333336,54.6,408.9393522857637,409.4457521120571
2,171,base,trust,naive,orchestration,940.9529742969431,955.0813367615514,3.6545244757166215,944.5162627356666,964.2019916922901,-1.479283692477343,-3.865992021256826,0.01639344262295082,1.0,0.10278437081026068,0.6229508196721312,0.39344262295081966,-1.3973324696268192,-1.560033322895125,53.5,54.790277777777774,405.9529742969431,407.17855898377366
2,172,base,thr,seasonal60,queue,1655.4434688335232,2492.6732102672486,306.7501842803404,1882.8694922744291,3270.7381333241356,-33.58762544505234,-2.7293536706357027,0.01639344262295082,1.0,2.518916904750858,0.5245901639344263,0.4918032786885246,-33.166787592129815,-33.97455372577621,6.833333333333333,7.723611111111111,1587.11013550019,2415.4370991561373
2,172,base,mey,seasonal60,queue,1028.3090510353338,1072.469557460363,10.189872911953701,1052.8240949958436,1093.9815133818963,-4.1176466145670725,-4.333764199671673,0.01639344262295082,1.0,-1.9135605752578044,0.01639344262295082,1.0,-3.5401385357168254,-4.696922220483342,62.333333333333336,64.8236111111111,404.97571770200045,424.23344634925184
2,172,base,trust,seasonal60,queue,1016.0116935784796,1054.8329668118663,10.58015769053096,1033.829088887268,1075.157836551786,-3.6803242271352556,-3.6692528002801894,0.01639344262295082,1.0,-0.3185927873551603,0.4098360655737705,0.6065573770491803,-4.2366301895059095,-3.145963337790337,59.666666666666664,61.859722222222224,419.34502691181297,436.235744589644
2,175,base,thr,seasonal60,http,2338.586570945485,2468.6695294358515,379.35633839307997,1868.185607339073,3769.171383137052,-5.2693548868848925,-0.3429044023394634,0.4426229508196721,0.5737704918032787,5.618075153834723,0.7049180327868853,0.3114754098360656,-6.070446869337055,-4.409269358452482,7.666666666666667,7.763888888888889,2261.9199042788186,2391.030640546963
2,175,base,mey,seasonal60,http,1089.0312678419052,1105.3351614689263,11.829335890249391,1079.7081765939197,1131.6770721892115,-1.4750180936390547,-1.3782594203331393,0.14754098360655737,0.8688524590163934,-0.8010197527642237,0.22950819672131148,0.7868852459016393,-2.731294807121438,-0.25150318707739266,65.33333333333333,67.17777777777778,435.69793450857196,433.5573836911485
2,175,base,trust,seasonal60,http,1001.1350400387369,1020.2103728450905,10.017773957289597,998.6151644009801,1042.65616971964,-1.8697450363259636,-1.9041488545939098,0.03278688524590164,0.9836065573770492,-0.19659233266663176,0.4098360655737705,0.6065573770491803,0.03871413788377031,-3.7738308392402287,60.75,61.638888888888886,393.63504003873686,403.82148395620163
2,173,base,thr,ma10,queue,1877.6859038478515,2500.7991997086037,301.47299685216075,1979.863290362781,3349.445069196326,-24.916566509352617,-2.0668958824405776,0.01639344262295082,1.0,-5.580108483003881,0.4262295081967213,0.5901639344262295,-26.165276048719868,-23.71681805158543,9.75,9.756944444444445,1780.1859038478515,2403.2297552641594
2,173,base,mey,ma10,queue,1060.219239308808,1076.6737061345393,11.873122819212805,1052.8746243245978,1101.7302781136732,-1.5282686604102103,-1.3858583858919629,0.11475409836065574,0.9016393442622951,2.0197315603861115,0.9836065573770492,0.03278688524590164,-1.1182165600114091,-1.9339238495749946,65.58333333333333,65.69166666666666,404.38590597547477,419.7570394678727
2,173,base,trust,ma10,queue,998.6879020025904,1021.9709119300984,10.42409480487099,996.217383518267,1052.726846811871,-2.2782458537431016,-2.233576187030485,0.03278688524590164,0.9836065573770492,-0.7903568126039793,0.22950819672131148,0.7868852459016393,-1.773674321111901,-2.781129355325942,56.583333333333336,59.3625,432.854568669257,428.3459119300984
2,176,base,thr,ma10,http,2346.675505081561,2178.303608621768,129.84962387719784,1871.5377975653412,2436.853051872822,7.729496282950349,1.2966683416736466,0.8688524590163934,0.14754098360655737,-0.31147374107116327,0.5409836065573771,0.47540983606557374,8.866531228561644,6.706887325560346,6.083333333333333,6.0055555555555555,2285.8421717482274,2118.2480530662124
2,176,base,mey,ma10,http,1060.9729162725678,1078.4681175608944,12.302346543295585,1052.5469745418782,1110.072834720858,-1.6222270277117166,-1.4221027855747541,0.08196721311475409,0.9344262295081968,1.216908348003674,0.8360655737704918,0.18032786885245902,-2.1116780049276347,-1.107818513137335,55.583333333333336,54.63194444444444,505.1395829392344,532.1486731164499
2,176,base,trust,ma10,http,958.9590213233068,973.2199462737518,10.292692867077339,948.9638990655211,998.7342950157822,-1.4653342242981109,-1.3855387637243697,0.06557377049180328,0.9508196721311475,1.3110537413921122,0.8688524590163934,0.14754098360655737,-1.081193756634979,-1.8518755439898384,52.25,51.94166666666667,436.45902132330684,453.8032796070851
2,177,base,thr,naive,http,2334.1141343187014,2292.9040550134946,85.1384858609352,2064.7734975777857,2414.1046207297836,1.7972875583302277,0.48403584922239706,0.5573770491803278,0.45901639344262296,-4.987537258961826,0.13114754098360656,0.8852459016393442,1.5587569362735416,2.0661500448270065,6.0,6.0,2274.1141343187014,2232.9040550134946
2,177,base,mey,naive,http,1074.5910825082171,1075.3358940097235,10.839807880450358,1051.3094001226557,1103.0814107427702,-0.06926314890587895,-0.06871076588447571,0.5081967213114754,0.5081967213114754,-0.8540951912854637,0.19672131147540983,0.819672131147541,0.25756403390053034,-0.3863238916355821,51.916666666666664,52.71666666666667,555.4244158415505,548.1692273430567
2,177,base,trust,naive,http,987.6855025589775,978.493780159144,8.577174651693221,960.1553849271708,997.7487015096749,0.9393746374492649,1.0716492053731268,0.8852459016393442,0.13114754098360656,0.24711450932233758,0.5737704918032787,0.4426229508196721,0.6177585556825387,1.2628080289908497,51.75,51.638888888888886,470.18550255897753,462.10489127025505
2,179,base,thr,ma10,queue,1965.9452091942887,2260.1542261050154,171.7316881048547,1943.3247832624263,2828.625717149645,-13.017209777659508,-1.7131900359070051,0.03278688524590164,0.9836065573770492,-0.2661419153623019,0.5245901639344263,0.4918032786885246,-13.747598091418132,-12.295671978043158,6.083333333333333,6.0152777777777775,1905.1118758609555,2200.0014483272375
2,179,base,mey,ma10,queue,1060.191000806716,1085.473251141075,15.085750833497977,1058.2593624381952,1120.9200526005943,-2.329145403424894,-1.6759026854811732,0.04918032786885246,0.9672131147540983,1.299263851959194,0.8032786885245902,0.21311475409836064,-2.3084928430945375,-2.3493597318291815,54.583333333333336,55.55416666666667,514.3576674733825,529.9315844744084
2,179,base,trust,ma10,queue,956.1542035982097,966.8457049575638,10.214922126449258,938.1529671543967,990.1388682703777,-1.1058125722163052,-1.046655199815068,0.14754098360655737,0.8688524590163934,-0.12391745955930275,0.4426229508196721,0.5737704918032787,-0.20611375966273096,-2.0201131266013994,52.25,51.7375,433.65420359820973,449.47070495756384
2,180,base,thr,naive,orchestration,2888.492485111159,2534.8276937843934,354.6962562159418,1991.4970832874953,3521.235792903831,13.952222164606333,0.9970919769490092,0.8524590163934426,0.16393442622950818,2.022845526740594,0.6885245901639344,0.32786885245901637,19.110282699320038,8.801375730263366,6.666666666666667,6.698611111111111,2821.8258184444926,2467.841582673282
2,180,base,mey,naive,orchestration,1120.3521763212975,1118.2357945348886,11.362590456015278,1089.9686415418635,1140.9958502247198,0.1892607799492985,0.18625874043436697,0.5737704918032787,0.4426229508196721,-0.1655318409174866,0.4426229508196721,0.5737704918032787,2.3461118024503573,-1.9480406961057226,65.41666666666667,66.6375,466.1855096546308,451.86079453488856
2,180,base,trust,naive,orchestration,1039.545148671246,1042.686260440957,11.071191091211512,1024.1979450444492,1079.5397535698364,-0.3012518615506448,-0.2837194068671303,0.45901639344262296,0.5573770491803278,0.26571745323365537,0.6557377049180327,0.36065573770491804,-0.6051237433116736,0.0033323491775808867,58.916666666666664,59.48888888888889,450.37848200457927,447.79737155206817
2,182,base,thr,ma10,http,1725.0302727498563,1935.2614038306033,151.43593120371486,1721.9059833811527,2449.4254912472124,-10.86319040232091,-1.3882513179645561,0.03278688524590164,0.9836065573770492,3.426469432669815,0.7213114754098361,0.29508196721311475,-16.07347340310924,-5.2164661999250574,10.583333333333334,12.406944444444445,1619.196939416523,1811.191959386159
2,182,base,mey,ma10,http,986.2233957603486,1026.0669906846779,7.693580832371814,1008.2018822659215,1047.4807357756738,-3.883137776193571,-5.17881020456454,0.01639344262295082,1.0,0.19124767919664012,0.5573770491803278,0.45901639344262296,-3.950373459440569,-3.8170413863609958,56.916666666666664,60.13055555555555,417.05672909368195,424.76143512912233
2,182,base,trust,ma10,http,963.6940998507383,982.6829231542895,6.242566667541912,969.9125455479029,999.6909804109382,-1.9323448954011946,-3.041829477333919,0.01639344262295082,1.0,-0.018822291137464336,0.47540983606557374,0.5409836065573771,-2.6058669639324266,-1.3006094571698945,55.833333333333336,57.3,405.36076651740495,409.6829231542895
2,184,base,thr,seasonal60,timer,2256.490419748244,2338.18156200811,203.4178097052544,2022.0985114421244,2865.8385549774143,-3.4937895152037215,-0.40159287123499016,0.3770491803278688,0.639344262295082,20.39324388228045,0.9836065573770492,0.03278688524590164,-1.81785844724181,-5.22000378087482,6.0,6.013888888888889,2196.490419748244,2278.0426731192215
2,184,base,mey,seasonal60,timer,1049.7031154127883,1067.7709505072442,14.86455020459911,1039.2712307800323,1103.4591658972147,-1.692107758304601,-1.2154982724513015,0.14754098360655737,0.8688524590163934,0.02061236575943832,0.5245901639344263,0.4918032786885246,-2.4207015912125507,-0.9598703774390721,57.833333333333336,57.979166666666664,471.3697820794549,487.9792838405775
2,184,base,trust,seasonal60,timer,957.2739397793954,954.5712982048258,10.967533700462807,931.6687120839271,979.2916069154297,0.28312621379379627,0.24642199863544212,0.5737704918032787,0.4426229508196721,-0.15530583087722438,0.4262295081967213,0.5901639344262295,-0.5051929629771466,1.0795317198574403,51.166666666666664,50.93055555555556,445.60727311272876,445.26574264927024
2,183,base,thr,naive,timer,2301.0092017944166,2223.2973300371896,201.58010063490474,1907.1249492960767,2719.78636306703,3.4953431872257577,0.38551360730777817,0.7377049180327869,0.2786885245901639,-14.999434649619179,0.01639344262295082,1.0,1.9547634568953116,5.2537228109814285,6.0,6.0055555555555555,2241.0092017944166,2163.241774481634
2,183,base,mey,naive,timer,1123.1205254110384,1103.5412306793755,12.15993251712069,1076.4585810617193,1129.7978881360311,1.7742241238788394,1.6101483050252179,0.9344262295081968,0.08196721311475409,-2.140905208196653,0.03278688524590164,0.9836065573770492,2.4447958142010155,1.0935604451303906,59.75,59.475,525.6205254110384,508.79123067937553
2,183,base,trust,naive,timer,983.1560478616542,979.0494829841607,10.185361908050838,961.0692595639679,1004.9488328303742,0.4194440576156184,0.40318301053667377,0.6229508196721312,0.39344262295081966,-2.041897946124613,0.01639344262295082,1.0,1.8178276295703901,-0.9888121863024228,54.0,53.53194444444444,443.1560478616542,443.73003853971625
2,185,base,thr,ma10,event,2658.661481577407,2301.009316626025,240.73056535110936,1913.3752547196325,2947.024685623099,15.543273222196603,1.4856948656675177,0.9016393442622951,0.11475409836065574,0.945548690292085,0.639344262295082,0.3770491803278688,17.92805612413068,13.134099807332895,7.583333333333333,7.722222222222222,2582.8281482440734,2223.7870944038027
2,185,base,mey,ma10,event,1121.4871733209563,1120.022883513007,13.936961873062018,1080.578596723137,1149.5776270615513,0.1307374902338229,0.10506520870805018,0.5737704918032787,0.4426229508196721,-1.5333892548957202,0.09836065573770492,0.9180327868852459,1.816593151766219,-1.5662921036504844,65.16666666666667,66.97361111111111,469.8205066542896,450.28677240189586
2,185,base,trust,ma10,event,1021.0130883191636,1047.6909757680694,12.322456532328419,1016.153984443693,1072.0949801814807,-2.546350791019088,-2.164981258316101,0.03278688524590164,0.9836065573770492,0.1471747744952114,0.5573770491803278,0.45901639344262296,-3.49358326764024,-1.5526697799049856,56.916666666666664,60.50138888888889,451.84642165249693,442.6770868791805
2,188,base,thr,ma10,timer,1751.63842967052,1843.7845656770837,185.56538618752467,1724.7876113634138,2484.651483359231,-4.997662835556133,-0.4965696345623672,0.45901639344262296,0.5737704918032787,-5.836251232945245,0.06557377049180328,0.9508196721311475,-5.0961916375656395,-4.888945692076214,14.166666666666666,13.5,1609.9717630038533,1708.7845656770837
2,188,base,mey,ma10,timer,993.2518592847696,1008.0452337770736,21.51545004942642,994.2301789482772,1166.1313899349432,-1.467530820702785,-0.6875698374107854,0.01639344262295082,1.0,-0.5295820508139465,0.29508196721311475,0.7213114754098361,-2.3272297045616828,-0.6178695550041754,58.166666666666664,59.08888888888889,411.58519261810295,417.15634488818466
2,188,base,trust,ma10,timer,989.0050461763658,995.5112050355248,12.189261058591823,979.1652428565444,1076.584612042322,-0.6535495357811468,-0.533761548619306,0.19672131147540983,0.819672131147541,-0.7411740670609331,0.16393442622950818,0.8524590163934426,-1.9090312814223727,0.5930102841653392,59.333333333333336,59.68194444444445,395.6717128430324,398.6917605910803
2,189,base,thr,naive,http,2087.691679148134,2158.880069977883,115.81753712205811,1912.4576685297923,2636.825687422482,-3.2974685263771226,-0.6146598572090587,0.2459016393442623,0.7704918032786885,0.844463760577302,0.5409836065573771,0.47540983606557374,-4.042560981617854,-2.5502647652667254,6.0,6.0,2027.691679148134,2098.880069977883
2,189,base,mey,naive,http,1059.4786348587138,1073.128563041126,14.81285260126959,1030.8002451904874,1105.967577701582,-1.271975106480234,-0.9214922034154482,0.19672131147540983,0.819672131147541,0.5071856020248623,0.639344262295082,0.3770491803278688,-0.6017372990432341,-1.950715069864033,51.333333333333336,51.88611111111111,546.1453015253804,554.2674519300149
2,189,base,trust,naive,http,957.5487174072881,972.4030452389288,8.111652453937163,948.510510809454,988.3549716880539,-1.5275896043693349,-1.8312332679429397,0.09836065573770492,0.9180327868852459,-0.3020811270050323,0.29508196721311475,0.7213114754098361,-0.08464894926040833,-2.94771509776649,52.583333333333336,53.104166666666664,431.71538407395474,441.3613785722622
2,190,base,thr,seasonal60,storage,2373.77680431687,2500.0743730845593,293.1388475486737,1992.217925810631,3628.392403144124,-5.051752464942278,-0.4308455526240635,0.39344262295081966,0.6229508196721312,2.6720215732792134,0.7049180327868853,0.3114754098360656,-6.578011240843517,-3.4003375835494696,6.75,7.023611111111111,2306.27680431687,2429.838261973448
2,190,base,mey,seasonal60,storage,1075.1850521516592,1115.3060041606136,14.74966476535177,1081.6079136501637,1147.2755563772616,-3.5973044042876556,-2.720126365393875,0.01639344262295082,1.0,-1.1903745335372202,0.18032786885245902,0.8360655737704918,-4.784116813166951,-2.4620355668122595,64.16666666666667,66.43194444444444,433.51838548499245,450.98655971616927
2,190,base,trust,seasonal60,storage,984.5262840488508,991.2106159186303,11.696325416716043,962.1502013796917,1016.4584627326234,-0.6743603995387619,-0.5714899023095278,0.2786885245901639,0.7377049180327869,-0.10615929125918319,0.5245901639344263,0.4918032786885246,0.018076646802674776,-1.3699775105198946,56.333333333333336,56.36666666666667,421.19295071551744,427.5439492519637
2,191,base,thr,ma10,timer,1950.7574104140085,1951.2104916620715,1.4325163654648598,1950.7574104140085,1957.7534159777863,-0.023220521312235787,-0.3162834708111307,0.8688524590163934,1.0,-0.023220521312235787,0.8688524590163934,1.0,-0.027127269806902034,-0.019107118622493043,5.916666666666667,5.916666666666667,1891.5907437473418,1892.0438249954047
2,191,base,mey,ma10,timer,1086.2582935482221,1086.2791660004702,0.8460585351228291,1084.2659019912046,1090.2253901050892,-0.0019214629996967437,-0.024670222427439,0.7540983606557377,0.6885245901639344,0.07459009142181706,0.9016393442622951,0.11475409836065574,0.009636161995502627,-0.012974466310490516,49.916666666666664,49.90555555555556,587.0916268815555,587.2236104449146
2,191,base,trust,ma10,timer,938.6189023697511,938.6577944418859,0.47995907495438644,937.5460029962504,940.4849467800246,-0.004143370711358188,-0.08103205911562775,0.6721311475409836,0.6885245901639344,-0.0018075383465315925,0.7377049180327869,0.2786885245901639,-0.0015191323144077384,-0.0067795713272552,46.75,46.75416666666667,471.11890236975114,471.11612777521924
2,192,base,thr,naive,http,1996.0026070312504,2471.176630007691,262.9485125938725,2004.3592569605446,3435.825459421825,-19.22865477143015,-1.8070991095901474,0.01639344262295082,1.0,22.594742545170362,0.9672131147540983,0.04918032786885246,-22.252490776717778,-16.06053836169064,6.5,7.206944444444445,1931.0026070312504,2399.1071855632467
2,192,base,mey,naive,http,1088.108843803822,1118.8267487303829,13.782071370301116,1091.6804135105424,1157.4403545989926,-2.745546168020983,-2.2288307832126426,0.01639344262295082,1.0,2.02077486751337,0.9672131147540983,0.04918032786885246,-1.9752977388662118,-3.5429539732828053,59.083333333333336,60.84583333333333,497.2755104704887,510.3684153970496
2,192,base,trust,naive,http,985.5482186675795,991.5424384396359,10.058785027265678,971.8148553561861,1020.1840966375315,-0.6045348680677146,-0.595918866523971,0.3114754098360656,0.7049180327868853,2.024844708319233,0.9672131147540983,0.04918032786885246,-1.2898108490535694,0.09616201702020796,55.666666666666664,55.90694444444444,428.88155200091285,432.4729939951915
2,195,base,thr,naive,storage,2632.9102513513285,2513.612557578214,222.84752512892712,2098.7410841446294,3177.1475330898243,4.746065315971135,0.5353332674621162,0.7377049180327869,0.2786885245901639,-14.225377340023632,0.04918032786885246,0.9672131147540983,-3.912860979921336,12.933740392180967,6.833333333333333,7.025,2564.576918017995,2443.362557578214
2,195,base,mey,naive,storage,1138.3983400655475,1144.5743792767237,13.792207710081168,1114.4313282514852,1181.0999933414557,-0.5395926488481202,-0.44779192287409775,0.3770491803278688,0.639344262295082,-0.05832545229053271,0.5409836065573771,0.47540983606557374,-1.0176670605444396,-0.05920547605472214,65.0,65.56666666666666,488.3983400655475,488.90771261005705
2,195,base,trust,naive,storage,1032.6700498689654,1023.2601603992781,9.452120917934876,1000.7771739772553,1041.058278260816,0.9195989283913432,0.9955320664415704,0.819672131147541,0.19672131147540983,0.004392824053432429,0.5409836065573771,0.47540983606557374,-0.23780175769171888,2.064137205654879,56.333333333333336,55.38611111111111,469.33671653563204,469.399049288167
2,199,base,thr,seasonal60,queue,2309.2021670570025,2448.8064427237923,297.68354705693923,1836.9540980163765,3448.2887839646114,-5.700910992030421,-0.46896873222250035,0.3442622950819672,0.6721311475409836,4.529878024345158,0.7540983606557377,0.26229508196721313,-10.93777763025943,-0.6065491283475053,7.166666666666667,7.5375,2237.535500390336,2373.4314427237923
2,199,base,mey,seasonal60,queue,1142.142655150474,1131.0052955681958,13.731989442246814,1099.1348477211075,1164.4819520518497,0.9847309845426429,0.8110521515559685,0.8524590163934426,0.16393442622950818,2.3099090251932823,0.9508196721311475,0.06557377049180328,0.9857022761355964,0.983713471775138,70.08333333333333,68.71944444444445,441.3093218171407,443.8108511237514
2,199,base,trust,seasonal60,queue,1008.493433307885,1015.9350489876631,11.135230716261862,992.0600198776015,1044.068186013389,-0.7324893148625381,-0.6682947007923605,0.3114754098360656,0.7049180327868853,1.074541412532786,0.8688524590163934,0.14754098360655737,0.8917702943754623,-2.382171087839824,59.083333333333336,58.36944444444445,417.6600999745516,432.24060454321864
2,197,base,thr,ma10,queue,2886.557667401692,2534.7990711424122,319.43821166673325,2072.8063479324305,3716.8392447581755,13.877178679126832,1.1011788302467274,0.8360655737704918,0.18032786885245902,-22.72285874535436,0.01639344262295082,1.0,7.109427218016135,20.933150746731283,7.083333333333333,7.248611111111111,2815.7243340683585,2462.312960031301
2,197,base,mey,ma10,queue,1193.725316137703,1122.498405271686,10.932444296696954,1091.6570543764199,1145.49736950722,6.345390829199222,6.515186259630616,1.0,0.01639344262295082,-1.323718162675203,0.08196721311475409,0.9344262295081968,5.925938395750443,6.757052371649577,66.91666666666667,66.33194444444445,524.5586494710362,459.17896082724144
2,197,base,trust,ma10,queue,1074.155786325157,1010.5671613788826,11.757918240652067,989.7805136894217,1038.84316724587,6.292370005325515,5.408153352046767,1.0,0.01639344262295082,0.28874047012387055,0.6065573770491803,0.4098360655737705,3.6372879508551184,8.887177138373334,55.833333333333336,55.9625,515.8224529918235,450.9421613788826
2,200,base,thr,ma10,http,2153.15531830153,2332.5469743741714,259.87079853237805,1909.8586554655578,3118.8437774917656,-7.690805717675754,-0.6903109433062778,0.3114754098360656,0.7049180327868853,-14.017487075501306,0.06557377049180328,0.9508196721311475,-5.5896797086131835,-9.435147722302355,8.333333333333334,9.02361111111111,2069.8219849681964,2242.31086326306
2,200,base,mey,ma10,http,1085.404884901841,1092.3974278855308,24.32775841746151,1058.955273219299,1244.5589670584902,-0.6401097993451703,-0.28743063227193594,0.45901639344262296,0.5573770491803278,-1.931101940018686,0.06557377049180328,0.9508196721311475,-1.0629228614915407,-0.2315860210677328,62.166666666666664,63.7125,463.73821823517426,455.27242788553076
2,200,base,trust,ma10,http,990.668455589447,995.4394025894819,14.412560669757738,968.8611155989047,1069.3669479564176,-0.4792805054354889,-0.331027019372476,0.39344262295081966,0.6229508196721312,-0.7560248310452676,0.3114754098360656,0.7049180327868853,-0.2193351631604876,-0.7311475647987421,54.916666666666664,55.545833333333334,441.5017889227804,439.98106925614854
2,201,base,thr,naive,http,2203.304950403575,2181.816126698029,187.43057520752305,1747.6056051615662,2669.3968861557196,0.9849053475494721,0.11464951052811549,0.5245901639344263,0.4918032786885246,-2.326330943340126,0.36065573770491804,0.6557377049180327,-3.152651599716802,5.330721242759204,9.25,10.091666666666667,2110.804950403575,2080.8994600313627
2,201,base,mey,naive,http,969.4566395463629,985.9396978237523,8.43521795457766,969.6550143771941,1024.4098498947553,-1.671812009778306,-1.9540761561998925,0.01639344262295082,1.0,-0.8204999374367539,0.09836065573770492,0.9180327868852459,-1.4733462414221992,-1.8698462073500588,56.833333333333336,58.25694444444444,401.12330621302954,403.3702533793079
2,201,base,trust,naive,http,984.8041747295833,988.8590313208496,8.424960169280808,972.5257322529765,1015.980965884491,-0.4100540585496835,-0.4812908915642233,0.3770491803278688,0.639344262295082,-0.05403612961219962,0.47540983606557374,0.5409836065573771,0.39799599111042616,-1.202933813916555,55.916666666666664,56.08611111111111,425.6375080629167,427.9979202097385
2,202,base,thr,seasonal60,others,2577.6262619682598,2590.953268928665,342.1793407183269,1890.6520078264969,3574.961160437351,-0.5143669366879631,-0.038947433040311626,0.47540983606557374,0.5409836065573771,19.74278975775534,0.9344262295081968,0.08196721311475409,-14.172768695893007,17.494482354615638,11.416666666666666,10.998611111111112,2463.4595953015933,2480.9671578175535
2,202,base,mey,seasonal60,others,1022.414294987111,1028.3718439827978,13.224547138894811,1007.1403339561934,1078.7012312197994,-0.5793185636640653,-0.45049172067034465,0.36065573770491804,0.6557377049180327,1.0349557313173006,0.8688524590163934,0.14754098360655737,0.1385532775491649,-1.2926876993850365,62.25,62.30694444444445,399.914294987111,405.30239953835337
2,202,base,trust,seasonal60,others,973.3602580803698,985.3732858618264,12.135477891576814,962.0196991427143,1023.394595251817,-1.2191347130899481,-0.989909741403325,0.14754098360655737,0.8688524590163934,-0.09914614514274632,0.5245901639344263,0.4918032786885246,-0.8299548768853473,-1.598960682753088,55.75,57.06666666666667,415.8602580803698,414.70661919515965
2,204,base,thr,naive,http,2423.217372350639,2038.3835548828356,191.34853854552782,1721.5700542867346,2705.557923640527,18.879362352877852,2.0111667452126336,0.9836065573770492,0.03278688524590164,-8.094453535538637,0.18032786885245902,0.8360655737704918,24.669552003786954,13.130739278900919,6.0,6.002777777777778,2363.217372350639,1978.3557771050578
2,204,base,mey,naive,http,1109.2389646485162,1096.0517727057227,12.298712685045865,1073.780071067109,1124.2308034459354,1.2031541092479188,1.0722416467886111,0.8360655737704918,0.18032786885245902,0.5496658521729059,0.6557377049180327,0.36065573770491804,-1.013314394222219,3.374632884654642,57.5,56.645833333333336,534.2389646485162,529.5934393723893
2,204,base,trust,naive,http,968.2452394962928,981.804741828389,8.02333024572142,964.4403298973033,1000.169934652629,-1.381079328140608,-1.6900092501274,0.03278688524590164,0.9836065573770492,-1.2922974403587766,0.03278688524590164,0.9836065573770492,-1.1898010606725915,-1.5728375772756449,52.333333333333336,52.90555555555556,444.91190616295944,452.7491862728334
2,205,base,thr,seasonal60,queue,1675.8500043493652,2303.580599429034,285.4271395551842,1872.8057155195022,3080.521208857975,-27.250211919446546,-2.199267371904219,0.01639344262295082,1.0,13.462474811951811,0.8852459016393442,0.13114754098360656,-24.935563950575037,-29.513129163515057,6.166666666666667,6.184722222222222,1614.1833376826985,2241.733377206812
2,205,base,mey,seasonal60,queue,1050.9919315150703,1096.9561267081497,13.753182585753757,1060.079419117992,1133.5217837813404,-4.190158026740149,-3.342076999740512,0.01639344262295082,1.0,2.9131467295578495,0.9836065573770492,0.03278688524590164,-4.708524701755942,-3.675604153486991,62.166666666666664,61.168055555555554,429.32526484840366,485.2755711525941
2,205,base,trust,seasonal60,queue,958.078706672463,969.8655164826424,9.70349262669602,947.2420180091605,997.4712845813712,-1.2153035250625253,-1.2146976623398287,0.13114754098360656,0.8852459016393442,-0.5738336365328005,0.22950819672131148,0.7868852459016393,-0.7903104282357468,-1.6437513036963982,52.083333333333336,52.609722222222224,437.2453733391296,443.76829426042013
2,208,base,thr,seasonal60,http,1990.4034557764824,2113.711019824282,187.66800845737833,1844.7609142143463,2711.069863920786,-5.833700202691411,-0.6570515937233087,0.29508196721311475,0.7213114754098361,-11.663339152738383,0.04918032786885246,0.9672131147540983,-0.9388298499696565,-10.73859570137003,6.0,6.0,1930.4034557764824,2053.711019824282
2,208,base,mey,seasonal60,http,1042.2051385553166,1059.3898362824634,10.175247927651085,1033.7591289232548,1080.7299915826345,-1.622131640176026,-1.6888726298695562,0.09836065573770492,0.9180327868852459,-1.8145103859501925,0.06557377049180328,0.9508196721311475,-1.8693065925583014,-1.379211009827441,54.083333333333336,54.26111111111111,501.3718052219832,516.7787251713523
2,208,base,trust,seasonal60,http,953.9829454426631,949.3433353517383,10.0898524433057,922.5697283840473,970.4136760382336,0.4887178240110297,0.459829330210174,0.6721311475409836,0.3442622950819672,1.013096647924082,0.8032786885245902,0.21311475409836064,0.17204393913517688,0.8047469118383859,51.916666666666664,51.290277777777774,434.81627877599647,436.44055757396063
2,206,base,thr,ma10,http,2074.875459166156,2337.3349539711667,214.93765507798227,1902.4264412950267,3010.1103893764284,-11.229006538369187,-1.2210959252802256,0.04918032786885246,0.9672131147540983,-0.35045718174128326,0.5737704918032787,0.4426229508196721,-17.62838506010872,-4.113641047724927,6.166666666666667,6.690277777777778,2013.2087924994892,2270.432176193389
2,206,base,mey,ma10,http,1154.8009278314019,1122.619451021979,16.09969840261546,1089.3042385908732,1176.5716886175403,2.8666416549371445,1.9988869359313426,0.9508196721311475,0.06557377049180328,0.562380824106932,0.6885245901639344,0.32786885245901637,3.220853602657229,2.5083368787396334,60.0,61.856944444444444,554.8009278314019,504.05000657753465
2,206,base,trust,ma10,http,1014.854370923062,1013.2152192646696,9.277868982726137,995.9551881670499,1037.0283808843226,0.1617772440866009,0.17667329226616837,0.5573770491803278,0.45901639344262296,0.38851429593713677,0.639344262295082,0.3770491803278688,0.8951522697505278,-0.5731533692305483,55.083333333333336,55.84305555555556,464.0210375897286,454.78466370911406
2,207,base,thr,naive,queue,2121.051709889628,2466.669069663353,259.3831376712042,2067.862000663556,3364.263103257261,-14.011500935587376,-1.3324588594183482,0.08196721311475409,0.9344262295081968,10.271916202772076,0.8688524590163934,0.14754098360655737,-21.32213352998377,-7.075296664076898,6.5,6.916666666666667,2056.051709889628,2397.5024029966867
2,207,base,mey,naive,queue,1122.4327602093476,1142.9377788764957,14.52514118555521,1108.2789370189146,1169.7208896011598,-1.7940625505707273,-1.4116915219756807,0.09836065573770492,0.9180327868852459,1.3080197614732563,0.8524590163934426,0.16393442622950818,-2.0888435860840198,-1.492355214099662,63.833333333333336,64.97222222222223,484.09942687601426,493.2155566542734
2,207,base,trust,naive,queue,1034.9099173108866,1033.3813770139939,10.745431589356967,1010.7101411701497,1063.126896560803,0.14791637733104257,0.14225024692416421,0.5245901639344263,0.4918032786885246,0.9206840269368824,0.819672131147541,0.19672131147540983,0.6403325646956408,-0.3320361976472761,55.75,56.4375,477.4099173108866,469.00637701399387
2,209,base,thr,ma10,queue,1881.8808757871586,2215.121814188873,213.67142891019003,1952.7865817952452,3246.2071966143426,-15.043910283721331,-1.5595952163626967,0.01639344262295082,1.0,-6.96958383173108,0.26229508196721313,0.7540983606557377,-15.90783416131393,-14.09471511387971,7.083333333333333,7.504166666666666,1811.0475424538254,2140.0801475222065
2,209,base,mey,ma10,queue,1120.2040089498298,1108.0742021909684,13.643809376564857,1080.9153777759745,1133.9034024270914,1.0946745926290318,0.8890337312756663,0.7868852459016393,0.22950819672131148,1.200742686238508,0.819672131147541,0.19672131147540983,1.7439522761568937,0.42481901114100395,61.916666666666664,62.43611111111111,501.0373422831632,483.71309107985735
2,209,base,trust,ma10,queue,1019.9251282752193,1029.1303473065734,11.520920602433131,1007.3069673235419,1056.6193646319514,-0.8944658036220455,-0.7990003011920782,0.2459016393442623,0.7704918032786885,1.0069854374758753,0.7704918032786885,0.2459016393442623,-1.1761437594418571,-0.6022955083708608,57.583333333333336,59.38472222222222,444.09179494188595,435.28312508435124
2,210,base,thr,naive,http,2211.8457853395275,2216.037332392508,169.23976398796054,1897.829574013801,2994.6158312307743,-0.1891460487470627,-0.024766916203442714,0.5409836065573771,0.47540983606557374,-5.634336758909569,0.2459016393442623,0.7704918032786885,-5.493948599917622,5.096854059306821,6.083333333333333,6.126388888888889,2151.012452006194,2154.773443503619
2,210,base,mey,naive,http,1078.3241986254782,1095.054933687625,14.955773026637626,1066.5932669106398,1130.6987139603245,-1.5278443617258184,-1.1186807283279694,0.11475409836065574,0.9016393442622951,-0.477401713696591,0.4098360655737705,0.6065573770491803,-0.6080624058728739,-2.435588921186383,55.416666666666664,56.49583333333333,524.1575319588115,530.0966003542917
2,210,base,trust,naive,http,989.751742305238,991.4897160841559,9.360948837097753,971.7030302438185,1011.169420853725,-0.17528913822544984,-0.18566213843945262,0.4098360655737705,0.6065573770491803,0.8125937519963805,0.8032786885245902,0.21311475409836064,-0.8742708376367859,0.5442379210758481,52.25,52.44722222222222,467.25174230523805,467.01749386193376
2,212,base,thr,ma10,queue,1992.5352504839075,2534.65263005753,304.8136059868439,2092.3994819063123,4008.345660355464,-21.38823178943136,-1.7785209351744653,0.01639344262295082,1.0,-0.2020218866428394,0.6229508196721312,0.39344262295081966,-17.165044128718726,-26.43077901466911,11.0,11.393055555555556,1882.5352504839075,2420.7220745019745
2,212,base,mey,ma10,queue,1034.645196026402,1029.9432967870916,13.433251925456558,1010.5477232129641,1088.73596015218,0.45652020397412424,0.35001943426669163,0.7049180327868853,0.3114754098360656,-0.5735993719302991,0.36065573770491804,0.6557377049180327,2.543949892592822,-1.5727489239945829,61.25,61.55416666666667,422.1451960264019,414.401630120425
2,212,base,trust,ma10,queue,1008.4633903590111,1016.6406294735372,8.718791820831992,995.0646083536786,1044.417835925455,-0.8043392008403802,-0.9378867258864939,0.14754098360655737,0.8688524590163934,0.273995108186693,0.6557377049180327,0.36065573770491804,0.815872965144391,-2.3733543193567956,59.25,60.3,415.9633903590111,413.64062947353716
2,214,base,thr,seasonal60,others,1927.6098819284823,2406.997343980867,281.87971917880697,1931.5873640327839,3115.549705783089,-19.916410097052236,-1.7006809267760443,0.01639344262295082,1.0,-2.5719060598694985,0.45901639344262296,0.5573770491803278,-16.82195724059013,-22.819435603611648,7.333333333333333,7.633333333333334,1854.276548595149,2330.6640106475334
2,214,base,mey,seasonal60,others,1082.9841708720612,1097.9333357682165,13.031759066682548,1066.3187830310608,1134.2510030142496,-1.3615730945718507,-1.147133308685457,0.16393442622950818,0.8524590163934426,-0.3878218317952675,0.3442622950819672,0.6721311475409836,-0.28298799439176087,-2.445820472308934,65.5,65.83888888888889,427.9841708720612,439.54444687932755
2,214,base,trust,seasonal60,others,1039.4277337279304,1020.8618237795386,11.174826291504898,991.4056951690205,1045.909790718013,1.8186506259637851,1.661404791813694,0.9836065573770492,0.03278688524590164,0.3927737612397646,0.5901639344262295,0.4262295081967213,1.3803853327187643,2.2571062228933676,62.166666666666664,59.984722222222224,417.7610670612638,421.01460155731627
2,215,base,thr,ma10,queue,1727.9626616650894,2336.2789769236924,248.62363206430547,1979.1309360957064,3311.7887804732577,-26.037828584136243,-2.44673569526675,0.01639344262295082,1.0,1.139793979893648,0.6721311475409836,0.3442622950819672,-26.24788819363446,-25.81792697256258,6.083333333333333,6.095833333333333,1667.1293283317561,2275.320643590359
2,215,base,mey,ma10,queue,1093.9540630440904,1120.2974592651403,17.042292023315493,1080.1630544139791,1174.6477325976389,-2.351464426093576,-1.5457660381015443,0.09836065573770492,0.9180327868852459,-1.8392886245421598,0.13114754098360656,0.8852459016393442,-1.959250054214664,-2.735852186695582,59.5,59.702777777777776,498.9540630440904,523.2696814873626
2,215,base,trust,ma10,queue,976.2839284205934,1001.6871954177424,11.808498330036414,978.1267059967009,1028.8599649999035,-2.536047891333466,-2.151269897928728,0.01639344262295082,1.0,-0.4147269066793102,0.3770491803278688,0.639344262295082,-2.897761609419319,-2.198589431765021,51.666666666666664,53.09861111111111,459.61726175392675,470.7010843066313
2,217,base,thr,seasonal60,event,1841.6923653109743,2058.2305044508603,320.8895651054737,1651.5691771078393,3308.978608342011,-10.520597118331931,-0.6748057982773971,0.18032786885245902,0.8360655737704918,-5.963784409013427,0.4918032786885246,0.5245901639344263,-13.332721801444384,-7.708772199220167,6.0,6.168055555555555,1781.6923653109743,1996.5499488953046
2,217,base,mey,seasonal60,event,1089.1345079666714,1088.0318233513085,14.353663163798979,1046.6670335043991,1120.5484084383759,0.10134672458076555,0.07682252277899247,0.5081967213114754,0.5081967213114754,0.2482387787424147,0.5409836065573771,0.47540983606557374,0.3632473475291854,-0.16334559708691437,59.083333333333336,58.34305555555556,498.30117463333806,504.60126779575296
2,217,base,trust,seasonal60,event,965.0295475956086,960.7853778714979,8.934871932733412,941.9386138246308,981.467781010167,0.4417396248799274,0.4750118139424014,0.7213114754098361,0.29508196721311475,-0.20621903168926448,0.4262295081967213,0.5901639344262295,1.2164290982413244,-0.3379084345864344,52.166666666666664,51.19722222222222,443.362880928942,448.81315564927564
2,216,base,thr,naive,timer,1653.5582949018428,1651.2484176483379,1.7175066478613088,1646.8916282351763,1656.6323263582146,0.13988672018197162,1.3449014921609146,0.9836065573770492,0.08196721311475409,0.03895298732546205,0.7049180327868853,0.4426229508196721,0.14789546758596178,0.131862722889942,7.833333333333333,7.594444444444444,1575.2249615685096,1575.3039732038935
2,216,base,mey,naive,timer,917.680274639697,916.1654430354902,1.7904379037651754,911.1647136796797,919.2537890090033,0.16534476559035266,0.8460676580970801,0.7704918032786885,0.2459016393442623,0.07757886908385975,0.6065573770491803,0.4918032786885246,0.2586642717293703,0.07184735564595433,50.666666666666664,50.56388888888889,411.0136079730304,410.52655414660126
2,216,base,trust,naive,timer,902.2993964354529,899.9149478816013,1.4895822623688522,895.7566753005835,903.1159327342662,0.26496376790546566,1.6007498303985297,0.9836065573770492,0.03278688524590164,0.06079335514110936,0.6065573770491803,0.4918032786885246,0.4423890468651333,0.08634407164084915,49.916666666666664,49.75416666666667,403.13272976878625,402.3732812149346
2,218,base,thr,ma10,timer,1974.322311081658,1740.5174624384513,170.46300332509549,1637.7688030469144,2557.052237881782,13.433065377904796,1.3715870545663797,0.8852459016393442,0.13114754098360656,-2.815598835781653,0.6229508196721312,0.39344262295081966,8.874876113109723,18.59641376645379,14.5,13.65,1829.322311081658,1604.0174624384513
2,218,base,mey,ma10,timer,1048.3551845124528,1009.3672455959469,5.116776048032428,997.4582294765819,1020.5862835271279,3.8626118577373445,7.619629733745732,1.0,0.01639344262295082,-0.5965070351805863,0.13114754098360656,0.8852459016393442,2.0154177952715093,5.656422102979539,58.416666666666664,59.13333333333333,464.1885178457861,418.0339122626135
2,218,base,trust,ma10,timer,1041.6929029443122,1002.5604980512176,5.264965620503951,989.562853065011,1014.5876109768177,3.9032462349315002,7.432604068808521,1.0,0.01639344262295082,-0.018353861217188735,0.5081967213114754,0.5081967213114754,2.7430264154386514,5.111875318129251,60.0,59.33611111111111,441.6929029443122,409.1993869401065
2,220,base,thr,seasonal60,timer,1935.3974150877157,2237.1625590951144,190.2388999744599,1742.3390205048042,2784.926193312685,-13.488744605553224,-1.5862431082597277,0.04918032786885246,0.9672131147540983,-7.486193372050035,0.16393442622950818,0.8524590163934426,-10.206506813988764,-16.819209678788663,6.0,6.002777777777778,1875.3974150877157,2177.1347813173365
2,220,base,mey,seasonal60,timer,1049.3216923056832,1058.3230117747592,12.139348102423105,1033.1064504480025,1093.9858732570035,-0.8505266699229332,-0.7414994110992847,0.19672131147540983,0.819672131147541,0.1427980263680507,0.6229508196721312,0.39344262295081966,-0.29999005992997385,-1.4002939194323303,58.333333333333336,58.0625,465.98835897234983,477.69801177475915
2,220,base,trust,seasonal60,timer,953.6925730323559,951.2219589607153,8.420820004531382,929.3280673689218,969.3256550652623,0.2597305548265481,0.2933935258456002,0.639344262295082,0.3770491803278688,0.013528962722497054,0.5245901639344263,0.4918032786885246,1.544389061613938,-1.080236923485025,51.25,51.02777777777778,441.1925730323559,440.9441811829375
2,221,base,thr,ma10,http,1735.2861704231698,2260.5744689658113,250.98339549046074,1826.8182682541683,2958.305602873382,-23.236938475331687,-2.092920519766442,0.01639344262295082,1.0,-2.446605617300456,0.5081967213114754,0.5081967213114754,-24.116993438795333,-22.226713444699413,7.416666666666667,7.929166666666666,1661.119503756503,2181.282802299145
2,221,base,mey,ma10,http,1078.7183589954475,1100.3047398383903,11.593272404386187,1072.1064962557095,1141.198643292264,-1.9618547536306525,-1.8619747807164329,0.03278688524590164,0.9836065573770492,1.6069148370772284,0.9344262295081968,0.08196721311475409,-0.6203960665061021,-3.3357398636276465,62.583333333333336,63.57361111111111,452.8850256621141,464.56862872727925
2,221,base,trust,ma10,http,988.0323956781027,999.7608405607508,10.574685688785136,976.2753541448075,1022.1420540115686,-1.1731250521944612,-1.109105767094956,0.11475409836065574,0.9016393442622951,0.19727827079712934,0.5737704918032787,0.4426229508196721,0.6039356004157087,-3.006353799997539,56.083333333333336,56.18333333333333,427.19906234476935,437.92750722741755
2,222,base,thr,naive,orchestration,2092.38150669359,2694.558950650322,351.0560427443776,2215.829563690358,4083.057361776926,-22.347903867955782,-1.7153313734445792,0.01639344262295082,1.0,4.815669021220532,0.7377049180327869,0.2786885245901639,-23.778416510446323,-20.976822615162902,7.166666666666667,7.756944444444445,2020.7148400269232,2616.9895062058777
2,222,base,mey,naive,orchestration,1140.1009162769274,1157.7562052698174,12.883639220079939,1124.0571869168168,1180.6866859154313,-1.5249574057584483,-1.3703650568989247,0.09836065573770492,0.9180327868852459,2.010124305435301,1.0,0.01639344262295082,-1.7838141851216613,-1.2652342710487918,68.66666666666667,71.04027777777777,453.4342496102606,447.3534274920397
2,222,base,trust,naive,orchestration,1041.436474409665,1065.8674145073812,10.679016626978763,1039.7164042387446,1087.120471660808,-2.2921181157421637,-2.2877518549784432,0.03278688524590164,0.9836065573770492,1.0451491655722773,0.819672131147541,0.19672131147540983,-2.7177082022793555,-1.8742364132577838,59.666666666666664,62.09861111111111,444.7698077429983,444.88130339627014
2,223,base,thr,seasonal60,timer,2046.2474389173994,2321.808932830213,464.0421032392885,1829.1917581768148,3913.5734414574167,-11.868396663325466,-0.5938286461276494,0.29508196721311475,0.7213114754098361,-5.8122121074033055,0.5245901639344263,0.4918032786885246,-7.008304041647947,-16.57911473825825,6.75,6.801388888888889,1978.7474389173994,2253.7950439413244
2,223,base,mey,seasonal60,timer,1096.049849722187,1090.637329693835,9.947528389026612,1069.3824695555252,1119.0664130037417,0.4962712976156245,0.5441070200234552,0.7049180327868853,0.3114754098360656,-1.4579577043781933,0.06557377049180328,0.9508196721311475,1.4195160589014015,-0.39375934864919043,64.33333333333333,62.856944444444444,452.71651638885373,462.06788524939054
2,223,base,trust,seasonal60,timer,1023.3801116123828,1010.2833090312325,10.936737329914115,979.794887859692,1030.4360066340762,1.2963494956388941,1.197505452135894,0.8852459016393442,0.13114754098360656,-1.0611338665427892,0.18032786885245902,0.8360655737704918,0.2405171554130347,2.368128155545286,59.833333333333336,58.31666666666667,425.0467782790495,427.1166423645658
2,224,base,thr,ma10,event,1773.7348681742762,2531.6877409642016,331.4439945194061,2101.365850206953,3425.89688754753,-29.93863976689544,-2.286820353734142,0.01639344262295082,1.0,0.3057177452029135,0.5737704918032787,0.4426229508196721,-30.02198939475053,-29.85150616098737,8.166666666666666,8.556944444444444,1692.0682015076095,2446.118296519757
2,224,base,mey,ma10,event,1096.5506118804826,1141.580331343794,12.931197026916218,1109.9881968780549,1169.4053743072525,-3.9445072963288723,-3.4822545329393826,0.01639344262295082,1.0,-1.8659459844421913,0.06557377049180328,0.9508196721311475,-3.8779444799183587,-4.010715250665464,68.08333333333333,69.26527777777778,415.71727854714936,448.92755356601606
2,224,base,trust,ma10,event,1028.1974443308848,1046.374266021182,11.77792446692463,1023.4448982069183,1077.6995845595961,-1.7371243044244762,-1.5432958278296194,0.04918032786885246,0.9672131147540983,0.028539870873450494,0.5573770491803278,0.45901639344262296,-1.3620408997203668,-2.108597959934703,60.416666666666664,60.90555555555556,424.03077766421814,437.3187104656264
2,225,base,thr,naive,http,2237.532738207528,2276.1762551885854,173.8523758775551,1923.0561102881227,2794.4303081606686,-1.697738340472047,-0.22227776172742242,0.39344262295081966,0.6229508196721312,-6.683899574291995,0.2459016393442623,0.7704918032786885,2.289710496303865,-5.678212684634159,7.333333333333333,7.316666666666666,2164.1994048741944,2203.009588521919
2,225,base,mey,naive,http,1091.945464919087,1111.0511629597297,11.9638013206848,1088.100312103593,1146.4510293000326,-1.7196056021170967,-1.5969588200708325,0.04918032786885246,0.9672131147540983,-3.1014858356799357,0.01639344262295082,1.0,-2.139559894160697,-1.2963393048656235,66.25,67.20694444444445,429.44546491908704,438.98171851528525
2,225,base,trust,naive,http,1062.2702328473235,1059.8250229804512,11.750492377721148,1027.4164743351541,1097.6015944460094,0.23071826139714094,0.2080942473107295,0.5573770491803278,0.45901639344262296,-0.02148502488509925,0.4426229508196721,0.5737704918032787,0.26598373111172013,0.1956155515628145,63.833333333333336,63.16111111111111,423.93689951399017,428.2139118693401
2,227,base,thr,ma10,queue,1989.9281502121405,2228.0615216466654,267.6288446283065,1908.770208483341,3383.037117051159,-10.687917237515535,-0.8897896329719387,0.08196721311475409,0.9344262295081968,-10.024445162953782,0.13114754098360656,0.8852459016393442,-13.98046330383918,-7.728976952896978,6.583333333333333,6.456944444444445,1924.0948168788073,2163.492077202221
2,227,base,mey,ma10,queue,1133.5106143259338,1119.5242536110839,13.331414690966083,1085.4921422273296,1160.466366025349,1.2493128817652894,1.0491280212240126,0.8852459016393442,0.13114754098360656,-0.9318608822454013,0.18032786885245902,0.8360655737704918,3.2961797359301106,-0.7615295195357605,62.083333333333336,60.43888888888889,512.6772809926005,515.1353647221949
2,227,base,trust,ma10,queue,995.6872380430146,1017.1375176654316,10.612197265415611,993.2601125311603,1041.5226009794394,-2.1088868761473214,-2.0212854214764597,0.03278688524590164,0.9836065573770492,-0.02541127190737859,0.4918032786885246,0.5245901639344263,-0.9846380211271385,-3.2135445025894,54.666666666666664,56.3375,449.020571376348,453.7625176654316
2,228,base,thr,naive,timer,1660.0829980354247,1675.4109036743985,23.15628538489518,1650.603687340361,1825.3361054473228,-0.9148744111284973,-0.6619328352626093,0.06557377049180328,0.9508196721311475,-0.46722303297693435,0.32786885245901637,0.7540983606557377,-0.9948532886665268,-0.8332229307393134,11.25,12.161111111111111,1547.5829980354247,1553.7997925632874
2,228,base,mey,naive,timer,958.2510734474095,968.3558351571558,16.27198684759399,950.9408049759844,1087.5467797908716,-1.0434967542800404,-0.6209912658109363,0.03278688524590164,0.9836065573770492,-0.5908605283957397,0.21311475409836064,0.8032786885245902,-0.7827524634606006,-1.3113152966004837,55.416666666666664,56.49027777777778,404.0844067807428,403.4530573793779
2,228,base,trust,naive,timer,963.3323073526172,971.1187049850422,7.7677985490973995,959.0889868974969,1022.4360334241079,-0.8017966899880568,-1.0023943828112938,0.04918032786885246,0.9672131147540983,-0.026093941930933427,0.5737704918032787,0.4426229508196721,-0.8057650974535031,-0.7979022439553561,57.166666666666664,57.87638888888889,391.6656406859506,392.3548160961533
2,229,base,thr,seasonal60,http,1661.6207276810555,2467.762302612887,292.22647266173493,1883.8527007514215,3380.1160028617705,-32.66690532059276,-2.758619257143675,0.01639344262295082,1.0,6.078157003329913,0.7868852459016393,0.22950819672131148,-35.581570802736096,-29.365648778986394,6.916666666666667,7.226388888888889,1592.4540610143888,2395.4984137239985
2,229,base,mey,seasonal60,http,1047.2851396031767,1115.302089652072,13.547653410600004,1089.6240614958422,1147.0134492695765,-6.098522604769239,-5.02057057317965,0.01639344262295082,1.0,2.686410593017888,0.9672131147540983,0.04918032786885246,-5.948744597140329,-6.246382995960029,63.666666666666664,66.02222222222223,410.6184729365101,455.07986742984974
2,229,base,trust,seasonal60,http,987.1025017069627,1012.448319779065,10.995725226879955,988.644257820362,1032.2815700360009,-2.5034184537570447,-2.305061062288307,0.01639344262295082,1.0,0.3923664727694335,0.6885245901639344,0.32786885245901637,-4.886143206357258,-0.11920536419433529,56.333333333333336,57.81111111111111,423.7691683736293,434.33720866795386
2,230,base,thr,ma10,http,2282.595543710621,2270.0136477314004,222.9204540096889,1931.6409848305195,2994.4074416244316,0.554265212977663,0.05644119125413951,0.6065573770491803,0.4098360655737705,3.2101715425185007,0.7377049180327869,0.2786885245901639,-1.855838655008033,2.946064819397593,6.083333333333333,6.040277777777778,2221.7622103772874,2209.6108699536226
2,230,base,mey,ma10,http,1131.1247793322107,1112.7679739756888,14.735904964967046,1089.272143471195,1151.0080137609157,1.649652558829202,1.2457195808579828,0.8688524590163934,0.14754098360655737,-0.25090320096733854,0.4918032786885246,0.5245901639344263,1.8298112738105907,1.462174709878696,57.416666666666664,57.72222222222222,556.958112665544,535.5457517534667
2,230,base,trust,ma10,http,998.3018857491088,998.9588909937239,10.866642258973638,983.0805772675108,1030.3238103322567,-0.06576899715678435,-0.06046074113395551,0.5081967213114754,0.5081967213114754,-1.1875121181874149,0.13114754098360656,0.8852459016393442,-3.063243430423553,3.019254313706744,52.0,52.5625,478.3018857491088,473.3338909937239
2,231,base,thr,naive,queue,2439.596294157092,2270.242304821317,234.68242301330687,1797.248597124967,2867.1038308889165,7.459731896287805,0.7216304790162003,0.7377049180327869,0.2786885245901639,9.637305081661667,0.819672131147541,0.19672131147540983,3.158675848391371,10.85994036635734,8.416666666666666,8.380555555555556,2355.4296274904254,2186.436749265761
2,231,base,mey,naive,queue,1015.7040009265444,980.6755789189353,8.12550845498951,962.2117621200987,1016.7140334763604,3.571866452127137,4.310920627508505,0.9836065573770492,0.03278688524590164,-0.7397908422336587,0.16393442622950818,0.8524590163934426,3.2011847134876734,3.932066779815966,58.166666666666664,57.858333333333334,434.03733425987775,402.092245585602
2,231,base,trust,naive,queue,967.8195909352562,950.8906190691476,7.404670251810986,937.9266389926279,969.991572759694,1.7803279921596848,2.286256010113101,0.9672131147540983,0.04918032786885246,-0.34601332029491894,0.4262295081967213,0.5901639344262295,2.469901622857609,1.1120795721589076,55.083333333333336,55.11944444444445,416.98625760192283,399.6961746247032
2,233,base,thr,ma10,http,2457.2121620012604,2365.6505173032983,310.4058425338686,1889.1768356717146,3143.308590809769,3.870463706631396,0.29497397326846925,0.7213114754098361,0.29508196721311475,1.7572343755590256,0.6557377049180327,0.36065573770491804,-7.478704080446152,15.046295653852034,8.416666666666666,8.491666666666667,2373.045495334594,2280.733850636632
2,233,base,mey,ma10,http,1107.715451376144,1119.1730230287678,14.68056697565466,1087.5694564970117,1168.7015465158495,-1.0237533801178162,-0.7804583890815853,0.19672131147540983,0.819672131147541,2.4345262114678943,0.9672131147540983,0.04918032786885246,-1.0448284355161113,-1.002587238480535,63.5,64.94722222222222,472.7154513761441,469.70080080654566
2,233,base,trust,ma10,http,1015.0355125373043,1015.820806000685,13.483466500049323,985.1016217502728,1057.5477211621546,-0.07730629838863765,-0.058241214407131946,0.4918032786885246,0.5245901639344263,-0.6485459789258644,0.29508196721311475,0.7213114754098361,0.17525916257623914,-0.3302222798982542,57.75,56.88611111111111,437.53551253730427,446.95969488957394
2,234,base,thr,naive,timer,1696.4667511326618,1703.4608941344745,1.9160431406076475,1694.3719808731494,1705.6334177993285,-0.4105843008134599,-3.6503055978137557,0.03278688524590164,0.9836065573770492,0.12753586961312974,1.0,0.13114754098360656,-0.44236403682191855,-0.37389637508967616,7.0,7.719444444444444,1626.4667511326618,1626.2664496900302
2,234,base,mey,naive,timer,923.8393458677028,931.2652052141991,1.52317697569979,928.0060125343695,934.189699092498,-0.7973946954013243,-4.875243957180113,0.01639344262295082,1.0,0.2811984328363836,0.9508196721311475,0.06557377049180328,-0.8630395400384032,-0.7306990165982048,51.083333333333336,51.790277777777774,413.00601253436946,413.3624274364214
2,234,base,trust,naive,timer,920.9249837255662,926.3366649565604,1.282523308383964,922.3641120563237,929.5973849074857,-0.58420242183202,-4.21955780110784,0.01639344262295082,1.0,0.061243685585287186,0.6721311475409836,0.3442622950819672,-0.6273289760189014,-0.5386868391614785,52.666666666666664,53.2,394.2583170588996,394.3366649565604
2,235,base,thr,seasonal60,timer,1708.2383026222435,1720.0424356443361,4.840185415685348,1704.9709478246752,1729.903853439727,-0.6862698720378223,-2.4387770319375703,0.06557377049180328,0.9508196721311475,0.040456384301163856,0.4918032786885246,0.5573770491803278,-0.6769686737401649,-0.6959240363953366,7.666666666666667,8.940277777777778,1631.5716359555768,1630.6396578665583
2,235,base,mey,seasonal60,timer,898.4221431809378,911.5114824575697,3.2669348861464322,903.4803826285662,918.6671657198626,-1.4360037726942407,-4.006611620004356,0.01639344262295082,1.0,-0.06596760327407951,0.4426229508196721,0.5737704918032787,-1.1881406407654855,-1.690209841256904,50.416666666666664,51.80694444444445,394.2554765142712,393.4420380131253
2,235,base,trust,seasonal60,timer,909.4654884547243,922.5020414166756,3.1738519423011544,914.5602031551651,927.9791332234277,-1.413173345603792,-4.107486171046578,0.01639344262295082,1.0,-0.07413641739296095,0.3770491803278688,0.639344262295082,-1.5715404811856841,-1.2524991924561504,51.25,52.55972222222222,396.9654884547243,396.90481919445347
2,236,base,thr,ma10,event,2049.399659500009,2214.5922874471917,287.77403632191795,1891.4256227126298,3246.8153215683665,-7.459279474760739,-0.5740359000364794,0.32786885245901637,0.6885245901639344,-4.706669655842837,0.4262295081967213,0.5901639344262295,-0.8133102554439249,-13.534604658993551,6.5,6.416666666666667,1984.399659500009,2150.425620780525
2,236,base,mey,ma10,event,1142.203286885475,1122.0335378154,14.83675821194383,1094.7536911020118,1156.4218633147616,1.7976066124855437,1.3594444811965825,0.9016393442622951,0.11475409836065574,0.47143286341588464,0.6721311475409836,0.3442622950819672,2.242565607528525,1.3611160154661222,64.0,61.65277777777778,502.2032868854751,505.50576003762217
2,236,base,trust,ma10,event,994.0040590782064,978.432570044222,9.332476096384582,957.2746501293421,996.8751025448291,1.5914728833363212,1.6685270739688123,0.9508196721311475,0.06557377049180328,1.2562723115567804,0.9016393442622951,0.11475409836065574,0.9074944861146729,2.288591479204303,54.333333333333336,54.015277777777776,450.67072574487304,438.27979226644425
2,237,base,thr,naive,http,1832.5962824122319,2334.740856137034,250.7205978721771,1795.3392797862552,3113.2464549079214,-21.507507884863493,-2.002805425586957,0.04918032786885246,0.9672131147540983,3.70821731864309,0.6885245901639344,0.32786885245901637,-25.776884170874535,-17.877133403328195,9.833333333333334,10.822222222222223,1734.2629490788986,2226.5186339148117
2,237,base,mey,naive,http,1047.2120557579872,1069.0111249615568,12.251878468731631,1042.2869802987252,1107.0191386653053,-2.039180761973225,-1.7792430164242685,0.03278688524590164,0.9836065573770492,-0.5680589664971272,0.3442622950819672,0.6721311475409836,-2.436560206188782,-1.6573892306072417,63.666666666666664,65.2625,410.54538909132054,416.3861249615568
2,237,base,trust,naive,http,1005.1040430512958,1015.6805649228245,8.338222268522815,999.7168461048412,1034.834162728476,-1.0413236441451805,-1.2684384669686228,0.14754098360655737,0.8688524590163934,-1.9091584790563998,0.01639344262295082,1.0,-2.1035357195837454,-0.008346577210863229,61.083333333333336,61.269444444444446,394.2707097179624,402.98612047838003
2,238,base,thr,seasonal60,event,2110.837112382243,1886.2821644631215,124.47580502974976,1676.347230106507,2123.492173119585,11.904631881149921,1.804004785230775,0.9508196721311475,0.06557377049180328,-1.445017667022038,0.39344262295081966,0.6229508196721312,15.8281271898746,8.309781177397813,8.666666666666666,9.36111111111111,2024.1704457155763,1792.6710533520104
2,238,base,mey,seasonal60,event,926.39320815489,937.0864579053031,7.0096192059711475,921.8929393725897,954.8043957792025,-1.141116666472379,-1.5255107925554698,0.04918032786885246,0.9672131147540983,-0.3317862864340648,0.32786885245901637,0.6885245901639344,-0.9440907180860504,-1.3403643603585658,52.25,53.15416666666667,403.89320815489,405.5447912386363
2,238,base,trust,seasonal60,event,927.1325673717469,918.9931097760397,5.201125312592114,905.9440502838767,930.1857220444086,0.8856929947702002,1.5649416436864683,0.9180327868852459,0.09836065573770492,-1.0445586200848314,0.04918032786885246,0.9672131147540983,1.8029038414268894,-0.025736719897480984,52.083333333333336,52.104166666666664,406.2992340384135,397.95144310937303
2,239,base,thr,ma10,http,2033.8272942604965,2223.301492859886,208.10457498569244,1950.0916478844986,3208.092219225058,-8.522199944896553,-0.9104758922883656,0.11475409836065574,0.9016393442622951,7.484961919178111,0.8852459016393442,0.13114754098360656,-6.400946809354448,-10.52571639535703,6.583333333333333,6.479166666666667,1967.9939609271632,2158.5098261932194
2,239,base,mey,ma10,http,1068.6112197285145,1117.573770291817,15.075516098081023,1077.7782196326064,1149.9445184903361,-4.381147076359677,-3.247819195359756,0.01639344262295082,1.0,-0.18260472610249712,0.4262295081967213,0.5901639344262295,-2.261233982589985,-6.62132182471176,57.166666666666664,59.17777777777778,496.94455306184784,525.7959925140392
2,239,base,trust,ma10,http,968.3621014067015,968.9481185474391,9.042313076043344,950.0308223149441,988.4744587411222,-0.06047972327105317,-0.06480832236279875,0.47540983606557374,0.5409836065573771,-0.5431634879963405,0.2786885245901639,0.7377049180327869,1.2528838137478515,-1.3861735630932632,53.666666666666664,52.770833333333336,431.6954347400349,441.2397852141057
2,241,base,thr,seasonal60,timer,1723.1472339047798,2036.573740415578,304.8686439058084,1660.0767438819923,3130.389236514098,-15.389892361414871,-1.0280706552676298,0.09836065573770492,0.9180327868852459,-4.483218954630376,0.45901639344262296,0.5573770491803278,-6.076334087164502,-23.801010138827028,11.916666666666666,12.4,1603.980567238113,1912.573740415578
2,241,base,mey,seasonal60,timer,1030.5813370706712,1055.1193392845767,10.591458220811031,1034.4745001942913,1095.1530180657642,-2.3256139187576084,-2.3167727901424375,0.01639344262295082,1.0,-0.6307552405766681,0.29508196721311475,0.7213114754098361,-1.9898786688654693,-2.6622289590153247,60.75,62.68194444444445,423.0813370706712,428.2998948401322
2,241,base,trust,seasonal60,timer,984.7142904820499,991.7779117943418,8.441775192430006,975.3442848513783,1008.1974703570464,-0.7122180508650588,-0.8367459629375117,0.22950819672131148,0.7868852459016393,-0.33011127526902656,0.36065573770491804,0.6557377049180327,-0.5931014554785043,-0.8333443252900062,56.166666666666664,56.44166666666667,423.0476238153833,427.36124512767503
2,240,base,thr,naive,http,1832.4974718563708,2258.463353876409,235.77887887097998,1863.0460165562647,2970.0653037096386,-18.86087198576474,-1.8066329098677674,0.01639344262295082,1.0,3.14177319486408,0.6885245901639344,0.32786885245901637,-21.664913273436028,-16.231563034894428,6.75,7.686111111111111,1764.9974718563708,2181.602242765298
2,240,base,mey,naive,http,1066.1700426757186,1100.510509042877,17.65387195240619,1059.2550910965138,1153.1901472373727,-3.120412398153701,-1.9452087598538292,0.03278688524590164,0.9836065573770492,2.218922530460514,0.9344262295081968,0.08196721311475409,-2.7265774461150256,-3.5158012758078794,56.25,58.169444444444444,503.6700426757186,518.8160645984325
2,240,base,trust,naive,http,985.3642263744013,1015.3049256670351,13.341005224433484,990.0166181900944,1060.8788055120665,-2.9489366726910586,-2.24426111743055,0.01639344262295082,1.0,3.5413850781510057,0.9836065573770492,0.03278688524590164,-3.3663695015569846,-2.540443192681488,53.25,54.7375,452.86422637440126,467.92992566703515
2,242,base,thr,ma10,timer,2001.4159085903946,2302.8942128451004,219.9531333187748,1851.313150868882,3051.326999828707,-13.091278903438894,-1.3706479180625164,0.09836065573770492,0.9180327868852459,-2.204903234225554,0.47540983606557374,0.5409836065573771,-13.56999183088762,-12.647215087361866,9.166666666666666,9.804166666666667,1909.7492419237278,2204.852546178434
2,242,base,mey,ma10,timer,1086.1249786381675,1099.5442708260473,11.370464968442146,1071.6001919410999,1128.481439986474,-1.2204412813499903,-1.1801885169273232,0.16393442622950818,0.8524590163934426,0.166236376368078,0.5409836065573771,0.47540983606557374,0.1996613829293449,-2.715452036492091,66.41666666666667,67.81111111111112,421.95831197150073,421.4331597149361
2,242,base,trust,ma10,timer,994.8877880090366,999.8777826689983,11.41571721094978,972.2623100495139,1023.1124025061016,-0.49906045983357605,-0.4371161765618494,0.3442622950819672,0.6721311475409836,-0.1544890522689939,0.45901639344262296,0.5573770491803278,-2.6529651888210997,1.7170916212602891,59.166666666666664,59.24861111111111,403.22112134237,407.3916715578872
2,243,base,thr,naive,queue,1858.6343127387242,1990.4244514719608,208.99801065775912,1662.0503876363794,2728.8903497636984,-6.621207784891054,-0.6305808285852398,0.2786885245901639,0.7377049180327869,3.120038610804427,0.7213114754098361,0.29508196721311475,-5.4885040517882695,-7.7603866217037645,10.25,10.880555555555556,1756.1343127387242,1881.618895916405
2,243,base,mey,naive,queue,1020.8190588869988,1062.1603860984483,32.5966864688828,1030.7673293918663,1296.049218624908,-3.8921925306690572,-1.2682677808652227,0.01639344262295082,1.0,-0.442498419003359,0.4098360655737705,0.6065573770491803,-3.3753717478775305,-4.420661456440666,59.416666666666664,62.37916666666667,426.6523922203322,438.3687194317815
2,243,base,trust,naive,queue,999.7558598081919,1005.7575769484248,17.11372830649087,986.5351796465917,1117.3501422288934,-0.596735960811031,-0.35069606299385997,0.29508196721311475,0.7213114754098361,0.2931407811460016,0.6885245901639344,0.32786885245901637,-0.5385250465421455,-0.6535172304974688,57.25,58.21111111111111,427.2558598081919,423.6464658373137
2,244,base,thr,seasonal60,orchestration,1585.7065674421026,1824.8304449795246,205.10569750830706,1570.2710192179213,2425.799728312497,-13.103895663035427,-1.1658568262236457,0.04918032786885246,0.9672131147540983,2.946604261881363,0.6065573770491803,0.4098360655737705,-15.648498907461464,-10.528603063187662,12.916666666666666,13.559722222222222,1456.5399007754359,1689.2332227573024
2,244,base,mey,seasonal60,orchestration,971.7521008720946,989.6339790585843,9.290467523213929,974.7512376443701,1040.9121672026806,-1.8069183723360285,-1.9247554702503946,0.01639344262295082,1.0,-0.15600921336289789,0.5245901639344263,0.4918032786885246,-2.667508462774072,-0.9566027654201549,58.416666666666664,59.59305555555556,387.585434205428,393.7034235030287
2,244,base,trust,seasonal60,orchestration,955.2408909546772,963.7354958634187,9.038457609194166,944.4996583446347,996.7057108310854,-0.8814249288526123,-0.9398290367706723,0.18032786885245902,0.8360655737704918,-0.1609068080087231,0.4262295081967213,0.5901639344262295,-0.7333956135480832,-1.0326644623967525,56.166666666666664,56.416666666666664,393.57422428801056,399.56882919675206
2,245,base,thr,ma10,http,2728.294134816971,2378.1102009833035,247.0942497214301,1908.4384401819864,3157.474927755475,14.725303044782082,1.4172079448569084,0.9344262295081968,0.08196721311475409,-5.342894561601851,0.3442622950819672,0.6721311475409836,9.411892457600368,20.32166687639548,8.5,8.605555555555556,2643.294134816971,2292.054645427748
2,245,base,mey,ma10,http,1143.4287134616977,1104.490940063885,12.560722117501783,1075.0769768858547,1140.6280518504523,3.5254045085748213,3.099962966584362,1.0,0.01639344262295082,-3.4349389107442714,0.01639344262295082,1.0,4.0326611420024046,3.0154553068159147,62.333333333333336,65.28055555555555,520.0953801283644,451.68538450832955
2,245,base,trust,ma10,http,1050.1529524375467,1023.525088665006,9.086021731256132,1000.9126161787362,1037.158127506949,2.6015838856741302,2.930640555364309,1.0,0.01639344262295082,0.16414655288224725,0.5573770491803278,0.45901639344262296,3.3457787192318666,1.8440523710204337,58.416666666666664,59.07222222222222,465.98628577088004,432.80286644278385
2,246,base,thr,naive,queue,2115.571651874643,2421.9628614301587,176.9542495830917,2154.428572603156,2926.052170057767,-12.650532938997788,-1.7314713281957363,0.01639344262295082,1.0,4.796737713666472,0.7868852459016393,0.22950819672131148,-14.874250404977651,-10.191910703385933,6.166666666666667,6.572222222222222,2053.9049852079766,2356.2406392079365
2,246,base,mey,naive,queue,1096.3100498045005,1110.688480213371,14.916410405380091,1074.2921724218832,1145.530504627648,-1.2945511423786602,-0.9639336823076631,0.16393442622950818,0.8524590163934426,1.4176100872143111,0.8360655737704918,0.18032786885245902,-1.029104718076928,-1.5563834237549756,58.333333333333336,59.94444444444444,512.9767164711672,511.24403576892644
2,246,base,trust,naive,queue,985.2366271995993,986.3501962492745,9.948560057111452,967.7923817974958,1009.3835636464136,-0.11289793968812621,-0.11193268606537853,0.45901639344262296,0.5573770491803278,0.047680095465326686,0.5081967213114754,0.5081967213114754,-0.7232789245097117,0.4976339097680252,51.5,51.18472222222222,470.2366271995993,474.50297402705235
2,247,base,thr,seasonal60,orchestration,2087.5078689255183,1900.344590553046,187.1587559950036,1708.081631552942,2387.1802970576987,9.848912628946069,1.0000241633229756,0.819672131147541,0.19672131147540983,-5.611372329948969,0.4262295081967213,0.5901639344262295,-3.188174004727199,23.380484415077124,13.333333333333334,13.122222222222222,1954.174535592185,1769.1223683308237
2,247,base,mey,seasonal60,orchestration,1017.3132321781704,990.4072815421588,4.411092296088763,982.3735701491287,1003.0418888795199,2.7166551718113903,6.099611803604445,1.0,0.01639344262295082,-0.6796646397714847,0.03278688524590164,0.9836065573770492,1.777315391389967,3.678539117582004,57.75,57.579166666666666,439.81323217817044,414.61561487549216
2,247,base,trust,seasonal60,orchestration,1005.3324854049507,982.8101850246131,6.435268815705521,969.7281125911737,998.8029749870502,2.2916226066352317,3.4998227774682924,1.0,0.01639344262295082,-0.42883145493236535,0.3114754098360656,0.7049180327868853,1.6012859360539626,3.0049833767590814,55.666666666666664,55.893055555555556,448.6658187382841,423.8796294690576
2,248,base,thr,ma10,timer,1844.7077204287446,2843.3898288308587,285.3580690927181,2307.948041791408,3542.7927150392966,-35.12294017077324,-3.499750722232508,0.01639344262295082,1.0,-5.494757665188185,0.3442622950819672,0.6721311475409836,-43.978303671381845,-24.854973995949226,6.666666666666667,7.113888888888889,1778.0410537620778,2772.25093994197
2,248,base,mey,ma10,timer,1039.7261793676576,1116.3282000701356,12.171658953969304,1097.0995889677736,1158.874770962512,-6.861962342048278,-6.293474126425251,0.01639344262295082,1.0,0.3763418457691605,0.6885245901639344,0.32786885245901637,-7.046680389282368,-6.674437323263561,62.5,66.14583333333333,414.72617936765755,454.86986673680235
2,248,base,trust,ma10,timer,1011.3096628952561,1041.3678406911047,9.516779630140018,1024.0382148326069,1061.443415704665,-2.8864131022041577,-3.1584400358134936,0.01639344262295082,1.0,-0.8723617489318682,0.19672131147540983,0.819672131147541,-3.037826423875259,-2.7334672185814255,60.083333333333336,60.7625,410.47632956192274,433.7428406911047
2,249,base,thr,naive,queue,2028.56041223048,1910.9318615577286,125.2449448807773,1745.014775934266,2298.413064209571,6.155559653333984,0.9391880110189204,0.8360655737704918,0.18032786885245902,-4.526481994910323,0.29508196721311475,0.7213114754098361,-2.718929081418158,13.512160302267981,13.333333333333334,13.811111111111112,1895.2270788971468,1772.8207504466175
2,249,base,mey,naive,queue,1014.2617273056608,1017.9246750145606,36.80733421380888,1002.7479931851511,1294.0144905689638,-0.3598446720871053,-0.09951678889925321,0.5737704918032787,0.4426229508196721,0.16292026714021068,0.8360655737704918,0.18032786885245902,-0.6053478431975504,-0.11368358755669518,58.75,59.15833333333333,426.76172730566077,426.3413416812274
2,249,base,trust,naive,queue,983.3938344517037,984.6843666482566,19.613143455314127,965.9478242028575,1125.0038776387569,-0.13106049413029094,-0.06579935539110458,0.5901639344262295,0.4262295081967213,0.8998899419794786,0.9344262295081968,0.08196721311475409,1.1368316811910595,-1.39761608143313,56.0,56.00972222222222,423.3938344517037,424.58714442603446
2,250,base,thr,seasonal60,event,1639.8929540768595,1656.6824148987873,4.289467800274755,1646.5596207435262,1672.048102712082,-1.013438705628656,-3.914112799926464,0.01639344262295082,1.0,-0.359521380503001,0.09836065573770492,0.9344262295081968,-0.8925544791674017,-1.1446878295159555,9.166666666666666,10.76388888888889,1548.2262874101928,1549.0435260098984
2,250,base,mey,seasonal60,event,912.6794996487065,928.0151609142284,3.494052749331939,916.3436141650905,935.7120085476063,-1.652522707755561,-4.389075485037856,0.01639344262295082,1.0,-0.44974322151689083,0.09836065573770492,0.9180327868852459,-1.0549835301197183,-2.2471409645344234,52.166666666666664,53.708333333333336,391.01283298203987,390.93182758089506
2,250,base,trust,seasonal60,event,932.555258437446,946.1887689569804,3.4336895820586255,936.5432926519851,953.6672372822,-1.440886952670464,-3.970513406561525,0.01639344262295082,1.0,-0.6244656501541404,0.08196721311475409,0.9344262295081968,-1.282695020383861,-1.591978257546455,53.25,54.52916666666667,400.055258437446,400.8971022903137
2,251,base,thr,ma10,timer,2509.228837041564,2408.134090606587,321.5885850907295,1935.1913021374855,3247.221912001605,4.198053041536077,0.31436049387902,0.6557377049180327,0.36065573770491804,11.222254117446438,0.7704918032786885,0.2459016393442623,16.258313496968537,-7.595490705118382,7.416666666666667,7.1194444444444445,2435.0621703748975,2336.9396461621427
2,251,base,mey,ma10,timer,1139.7657429241744,1114.7614485076697,14.284390729400428,1080.967370758479,1143.5499337436243,2.2430175038774434,1.7504627876805698,0.9836065573770492,0.03278688524590164,-1.6238935422973522,0.14754098360655737,0.8688524590163934,2.194272031527416,2.2895726458465115,62.583333333333336,61.56111111111111,513.9324095908411,499.1503373965586
2,251,base,trust,ma10,timer,1000.2269622900758,999.5150191901491,9.614283850377838,982.2777264278433,1019.7851432590742,0.07122885462026418,0.07405055966791306,0.5245901639344263,0.4918032786885246,0.8515623854012396,0.7704918032786885,0.2459016393442623,-0.49748702119841987,0.6177284788965329,55.166666666666664,54.84444444444444,448.56029562340916,451.0705747457047
2,252,base,thr,naive,timer,2656.94110193817,2433.128511464196,219.82594963403622,2011.4928220539014,2983.3592054704227,9.198551963837259,1.0181354423650837,0.8360655737704918,0.18032786885245902,-2.564366392333436,0.4426229508196721,0.5737704918032787,3.0662853132768184,16.22260876990651,6.0,6.041666666666667,2596.94110193817,2372.7118447975295
2,252,base,mey,naive,timer,1110.7624123088033,1103.4537512003303,14.300481623777285,1077.4020552785905,1139.4398476993172,0.6623441263870501,0.5110779693126499,0.7540983606557377,0.26229508196721313,-0.9295877184800067,0.2459016393442623,0.7704918032786885,0.5949330321295679,0.7323262706390994,59.25,60.50833333333333,518.2624123088033,498.37041786699695
2,252,base,trust,naive,timer,976.5834290846036,976.0871359270855,9.288154149956299,958.0202559662215,997.7291399635377,0.050845169375864654,0.05343291568007492,0.5245901639344263,0.4918032786885246,1.2147888987179927,0.9180327868852459,0.09836065573770492,-0.9180549593747828,1.0361032580842715,53.083333333333336,52.576388888888886,445.75009575127024,450.32324703819654
2,253,base,thr,seasonal60,queue,1629.6837381282112,2126.839495573633,269.12093143918116,1741.9108234911237,3475.670691980445,-23.375330319006196,-1.847332181806804,0.01639344262295082,1.0,-8.758576820448564,0.21311475409836064,0.8032786885245902,-25.91082773077221,-21.010938065374365,6.666666666666667,6.788888888888889,1563.0170714615444,2058.9506066847443
2,253,base,mey,seasonal60,queue,1071.2426981263916,1109.2209933929196,13.628224363567409,1080.5796051196878,1132.0871194457425,-3.423870941205215,-2.7867383346033026,0.01639344262295082,1.0,-2.547977966956222,0.03278688524590164,0.9836065573770492,-3.282309091774941,-3.5659541122890275,60.5,61.27361111111111,466.2426981263916,496.4848822818085
2,253,base,trust,seasonal60,queue,952.2135346515461,981.5152148975297,11.703681799064467,947.7114118566865,1008.2918591133458,-2.9853516075186644,-2.503629263769449,0.03278688524590164,0.9836065573770492,-0.7235441662794162,0.2459016393442623,0.7704918032786885,-4.04448968616397,-1.9308411676812793,52.583333333333336,53.78888888888889,426.3802013182127,443.62632600864083
2,254,base,thr,ma10,http,3533.5687904579195,2032.7426710914349,228.7057365718764,1714.5814586997594,2667.374173921393,73.83256821979587,6.562258305640764,1.0,0.01639344262295082,22.365046405397212,0.9672131147540983,0.04918032786885246,75.09254541697041,72.57172575855884,13.666666666666666,12.72638888888889,3396.902123791253,1905.478782202546
2,254,base,mey,ma10,http,1229.6658060082138,1033.5497549625566,18.086100939290546,1010.2364640360424,1148.111552885024,18.974998552707525,10.84346768294384,1.0,0.01639344262295082,0.48795081833624443,0.7540983606557377,0.26229508196721313,15.501454893764464,22.379755362937786,62.5,61.923611111111114,604.6658060082138,414.3136438514455
2,254,base,trust,ma10,http,1072.026435967159,999.0049647602192,11.69028112239898,979.7652379685202,1065.34470024634,7.30942025142651,6.246340053108568,1.0,0.01639344262295082,0.6709476603783061,0.8032786885245902,0.21311475409836064,5.809016322205743,8.794866261054949,56.25,56.329166666666666,509.52643596715893,435.71329809355257
2,255,base,thr,naive,event,2676.9610451411913,2245.1270037314475,184.47570346616953,1988.1602874950688,3081.436760215312,19.23428120957196,2.340872176096277,0.9672131147540983,0.04918032786885246,-3.7512523392896386,0.3442622950819672,0.6721311475409836,25.316645845195918,14.100713730776652,6.25,6.430555555555555,2614.4610451411913,2180.821448175892
2,255,base,mey,naive,event,1136.7612875610753,1129.2719534282724,15.360951330111842,1096.943582239832,1184.2653217036316,0.6632002247170501,0.48755666051240554,0.7049180327868853,0.3114754098360656,-0.6889365333968592,0.3114754098360656,0.7049180327868853,0.6689636770467486,0.6574401281002381,60.583333333333336,60.12083333333333,530.9279542277419,528.0636200949391
2,255,base,trust,naive,event,1002.3113722154025,1005.2782953182658,11.12501304077437,982.0027911539487,1038.9048741129945,-0.29513450321973134,-0.2666894044968087,0.4098360655737705,0.6065573770491803,-0.045380469337362284,0.5081967213114754,0.5081967213114754,-1.222025604204991,0.6151571485661232,54.416666666666664,54.87083333333333,458.1447055487358,456.56996198493255
2,256,base,thr,seasonal60,queue,2631.090373481919,2221.3085518788166,188.22703827777747,1917.6581309746743,2800.2346608265307,18.44776680198267,2.1770614113279714,0.9508196721311475,0.06557377049180328,-12.878220747348252,0.03278688524590164,0.9836065573770492,11.59075684422368,24.6390500846018,6.0,6.0569444444444445,2571.090373481919,2160.7391074343723
2,256,base,mey,seasonal60,queue,1172.0853125836109,1109.224096277075,13.008393779500093,1081.2065410596676,1137.5637820439656,5.667134036983062,4.832358042973666,1.0,0.01639344262295082,-0.24776723924717237,0.47540983606557374,0.5409836065573771,4.145945379735216,7.182672133830371,58.333333333333336,58.42638888888889,588.7519792502775,524.9602073881861
2,256,base,trust,seasonal60,queue,997.6589374555856,970.8006226558393,9.282310723327134,949.4292617338341,990.9672229960366,2.766614912778838,2.893494475707362,1.0,0.01639344262295082,-0.35303584376663655,0.36065573770491804,0.6557377049180327,3.2269490394529305,2.3108733697237827,53.416666666666664,52.40277777777778,463.492270788919,446.7728448780615
2,257,base,thr,ma10,http,1711.15266919194,1852.972101740697,88.28124372558453,1697.9020323185732,2116.7420628556547,-7.6536194158309625,-1.6064503235771335,0.03278688524590164,0.9836065573770492,1.3451477786054267,0.6557377049180327,0.36065573770491804,-9.846448502312652,-5.731066302919544,13.833333333333334,13.572222222222223,1572.8193358586068,1717.249879518475
2,257,base,mey,ma10,http,994.6803980446922,1011.2003974879319,8.66619208045308,994.8493753633579,1058.5280840625549,-1.6337018344019076,-1.9062581685099276,0.01639344262295082,1.0,-0.042054521971913374,0.47540983606557374,0.5409836065573771,-2.642843760407795,-0.5764192245685777,59.083333333333336,60.104166666666664,403.8470647113588,410.1587308212653
2,257,base,trust,ma10,http,964.6035669999342,977.8053605968494,8.017425109190672,957.7621291691113,1014.0363874319255,-1.3501453488511108,-1.6466375946289151,0.04918032786885246,0.9672131147540983,-0.36056678491433114,0.3442622950819672,0.6721311475409836,-2.455527034392504,-0.204770395237671,54.916666666666664,56.15416666666667,415.43690033326754,416.2636939301826
2,258,base,thr,naive,timer,1778.3256297511696,1785.6722947907176,4.922436835913267,1754.3573773014668,1791.4448572161066,-0.4114229167905121,-1.4924853856829643,0.06557377049180328,0.9508196721311475,0.14859025187277883,0.9508196721311475,0.14754098360655737,-0.43084300389748453,-0.39299256341592154,7.916666666666667,8.734722222222222,1699.1589630845028,1698.3250725684954
2,258,base,mey,naive,timer,940.0681433573474,948.7367553690052,1.5269851113854045,946.7348100240141,953.1636807157846,-0.9137004508997061,-5.676945994445863,0.01639344262295082,1.0,0.06250234614964185,0.7540983606557377,0.26229508196721313,-0.8978152033230092,-0.9303326464990627,52.75,53.53888888888889,412.56814335734737,413.3478664801163
2,258,base,trust,naive,timer,934.1172987189424,943.3386431944505,1.410884030132482,940.7169440987171,948.2168565646281,-0.9775221806117926,-6.535862819740192,0.01639344262295082,1.0,0.0998727637337383,0.7868852459016393,0.22950819672131148,-0.8969850194957891,-1.0630455159914605,52.166666666666664,53.02916666666667,412.45063205227575,413.0469765277837
2,259,base,thr,seasonal60,http,2240.2026218842,2548.5547424450715,497.4105874727392,1838.4345051683274,3790.6501963614132,-12.099097399220065,-0.6199146707502897,0.32786885245901637,0.6885245901639344,-6.6428431923206634,0.5245901639344263,0.4918032786885246,-19.408741350012104,-4.127865960274996,6.583333333333333,6.593055555555556,2174.3692885508667,2482.624186889516
2,259,base,mey,seasonal60,http,1141.748507190852,1117.2091192493187,13.801331189360704,1078.0188856333841,1142.900814837725,2.1964901215648793,1.7780450019524512,0.9508196721311475,0.06557377049180328,-0.9000075658936327,0.2459016393442623,0.7704918032786885,-0.0986283286638429,4.464090634608632,63.583333333333336,64.83472222222223,505.91517385751865,468.86189702709646
2,259,base,trust,seasonal60,http,982.9766008768141,977.7799427329927,11.310731079901295,960.1524398934343,1009.8041142302573,0.5314752243021312,0.459444938360852,0.7540983606557377,0.26229508196721313,-0.5046399628673126,0.32786885245901637,0.6885245901639344,-0.8149688922405409,1.8475623786393045,55.25,55.06527777777778,430.47660087681413,427.1271649552149
2,260,base,thr,ma10,http,2176.020218741735,2260.150320621863,218.91706014203916,1860.556638514235,3133.2042177063254,-3.7223232947169844,-0.38430125923279984,0.3770491803278688,0.639344262295082,-11.021710032505204,0.06557377049180328,0.9508196721311475,3.2282877850324203,-10.915269900653513,6.333333333333333,6.2125,2112.6868854084014,2198.025320621863
2,260,base,mey,ma10,http,1061.8209290353245,1083.2276382465834,13.892752622756815,1060.6608087322763,1115.7254521210505,-1.9761967342256745,-1.5408544147107281,0.04918032786885246,0.9672131147540983,-0.8304818799332782,0.3442622950819672,0.6721311475409836,-0.48906300903432265,-3.454731171961069,59.0,58.204166666666666,471.8209290353245,501.1859715799168
2,260,base,trust,ma10,http,961.2146018664424,978.9840749002511,8.9740426992964,958.7415246880652,1001.5313129825895,-1.8150931653938542,-1.9800967779217171,0.06557377049180328,0.9508196721311475,-1.3199415812308983,0.08196721311475409,0.9344262295081968,-0.860618033517367,-2.785634394267736,52.166666666666664,53.19861111111111,439.5479351997758,446.99796378914004
2,261,base,thr,naive,http,1751.8025845161021,2039.326858916162,139.17091339347624,1831.8604563370425,2561.5472019305703,-14.098979432501078,-2.065979646099944,0.01639344262295082,1.0,8.156860747815978,0.8852459016393442,0.13114754098360656,-12.770661751524875,-15.477463771368196,8.833333333333334,10.247222222222222,1663.4692511827689,1936.85463669394
2,261,base,mey,naive,http,1004.2583413600267,1037.0653068667698,10.40080951659854,1009.7414494060295,1059.1315820102184,-3.1634425806664943,-3.1542703915869965,0.01639344262295082,1.0,1.6240396801408639,0.9672131147540983,0.04918032786885246,-2.7551629127795003,-3.5671355049520677,59.416666666666664,61.93333333333333,410.0916746933601,417.73197353343653
2,261,base,trust,naive,http,999.3926415334126,1030.05399045109,8.68320838198562,1005.4614861689664,1047.9768719363256,-2.9766739609687654,-3.5311082688385103,0.01639344262295082,1.0,0.44153749019069916,0.6885245901639344,0.32786885245901637,-2.688719892935665,-3.273858447410227,60.916666666666664,62.481944444444444,390.225974866746,405.2345460066455
2,262,base,thr,seasonal60,queue,1651.746779355897,1654.0694508405709,5.719425074486229,1625.955456270237,1667.9656196562867,-0.14042164211990033,-0.4061022662986088,0.29508196721311475,0.7868852459016393,-0.09004084747371595,0.39344262295081966,0.7049180327868853,-0.12249051276103497,-0.15662577872401798,12.083333333333334,12.290277777777778,1530.9134460225637,1531.166673062793
2,262,base,mey,seasonal60,queue,951.1072677975179,952.0757657144749,2.5767324108759198,945.8006463045105,957.3931797714971,-0.10172487861091077,-0.3758628225690393,0.39344262295081966,0.6229508196721312,-0.1705489424363453,0.2786885245901639,0.7377049180327869,-0.16981593610245035,-0.034838972896610934,54.833333333333336,54.834722222222226,402.77393446418455,403.7285434922526
2,262,base,trust,seasonal60,queue,941.0435528175345,937.9315533067103,3.2969223474444327,931.586589819642,945.2442313628381,0.3317938819578891,0.9439104664495628,0.7868852459016393,0.22950819672131148,-0.08519368771625856,0.4098360655737705,0.6065573770491803,0.19873187506826265,0.4590333142274086,53.25,52.87916666666667,408.54355281753453,409.1398866400435
2,263,base,thr,ma10,event,2158.5634381922587,2207.0463604633014,179.92513844243152,1929.3455423116914,2678.8252155082077,-2.196733296570411,-0.26946163660479966,0.4426229508196721,0.5737704918032787,-4.859415583791041,0.3442622950819672,0.6721311475409836,-18.057665211381213,12.258160822638258,6.0,5.991666666666666,2098.5634381922587,2147.129693796635
2,263,base,mey,ma10,event,1081.6131325062636,1107.8167964165661,13.963360084122526,1078.7616802775349,1159.805645654429,-2.365342716870069,-1.8766016025110073,0.03278688524590164,0.9836065573770492,-1.3076641471908907,0.14754098360655737,0.8688524590163934,-1.9952200804743903,-2.7440012924027157,59.25,60.19166666666667,489.1131325062636,505.9001297498994
2,263,base,trust,ma10,event,960.5120931242406,966.5871120436921,10.344094510989855,946.3130302666099,995.1110400301159,-0.6285019574290479,-0.5872934468065077,0.3114754098360656,0.7049180327868853,-0.1744131884670438,0.5081967213114754,0.5081967213114754,-1.4211524892202405,0.1774485204952435,52.166666666666664,52.62638888888889,438.8454264575739,440.32322315480315
2,264,base,thr,naive,http,1667.9246797723933,2085.9754230401186,233.79379808133083,1656.6028152304107,2791.668289848168,-20.041019594490454,-1.7881173354405926,0.03278688524590164,0.9836065573770492,-7.3464058476471825,0.29508196721311475,0.7213114754098361,-19.350164394874135,-20.764805314260247,7.916666666666667,8.041666666666666,1588.7580131057266,2005.5587563734518
2,264,base,mey,naive,http,1062.1286246700495,1098.0628995672027,12.543411128276896,1079.8742387591508,1131.2861640176382,-3.2725151638687207,-2.8647928804745804,0.01639344262295082,1.0,0.3121306604276464,0.6721311475409836,0.3442622950819672,-3.1636862036729485,-3.382214219737193,65.75,67.53472222222223,404.6286246700495,422.71567734498046
2,264,base,trust,naive,http,1026.1011297473608,1050.4517087709805,11.405850098421729,1026.3476109537717,1073.3035578224483,-2.318105517873801,-2.1349201342729565,0.01639344262295082,1.0,0.7531516981947702,0.7540983606557377,0.26229508196721313,-1.485896265358323,-3.1565315916966226,61.166666666666664,62.50555555555555,414.4344630806942,425.396153215425
2,265,base,thr,seasonal60,timer,1626.3195874223004,1656.066776054187,16.208245497982045,1640.4131554034636,1771.401826664938,-1.796255384264358,-1.8353120722159644,0.01639344262295082,1.0,0.12514201592449747,0.8852459016393442,0.13114754098360656,-1.9163377287083683,-1.6656877004382546,7.5,10.172222222222222,1551.3195874223004,1554.3445538319647
2,265,base,mey,seasonal60,timer,915.6039795233814,942.3448583401122,22.286408588425587,930.160909548913,1109.6671039823339,-2.837695624915204,-1.1998738473554944,0.01639344262295082,1.0,0.07871489143578594,0.8524590163934426,0.16393442622950818,-2.640405476223554,-3.0383854829212806,52.666666666666664,54.954166666666666,388.9373128567148,392.80319167344555
2,265,base,trust,seasonal60,timer,893.7185506237847,915.9768498014728,12.391204292499074,906.0466157497816,1006.5631847870003,-2.4300067389816986,-1.796298297749958,0.01639344262295082,1.0,-0.07345495249614696,0.6229508196721312,0.39344262295081966,-2.3195492447604242,-2.537585643292644,49.583333333333336,51.84444444444444,397.88521729045135,397.5324053570283
2,266,base,thr,ma10,http,2332.292057851387,2313.929167117952,104.73268321221357,2055.7971784886927,2456.198222359419,0.793580503430294,0.17533104442886682,0.4098360655737705,0.6065573770491803,-0.5681644797172805,0.32786885245901637,0.6885245901639344,0.2326868136276687,1.2788423740391113,6.0,6.0,2272.292057851387,2253.929167117952
2,266,base,mey,ma10,http,1113.926551849631,1081.6596713069973,12.573609094045544,1052.1799075397378,1108.499558422103,2.9830899125271877,2.5662385637481226,1.0,0.01639344262295082,-2.324586497367451,0.06557377049180328,0.9508196721311475,4.158999667982274,1.8081486806723732,53.5,53.355555555555554,578.9265518496311,548.1041157514418
2,266,base,trust,ma10,http,972.5548267510335,958.3708234345138,7.708138844689998,940.1147007867659,975.9794779011114,1.4800120130628014,1.840133345066923,0.9836065573770492,0.03278688524590164,1.1106676221225156,0.8852459016393442,0.13114754098360656,-0.4329985445081887,3.4137338986235086,49.916666666666664,50.020833333333336,473.38816008436686,458.1624901011804
2,267,base,thr,naive,http,1810.0715385483875,2477.673552177306,327.89376880111075,2072.8021917029623,3600.5113009703523,-26.944712431637726,-2.036031413679787,0.01639344262295082,1.0,1.8458378371144724,0.7049180327868853,0.3114754098360656,-23.1799023974248,-30.784098416893038,7.083333333333333,7.304166666666666,1739.2382052150542,2404.6318855106397
2,267,base,mey,naive,http,1133.3914364922682,1151.2855332048596,15.791696335417381,1118.5313300304176,1195.795613854886,-1.5542709602872504,-1.133133282993718,0.13114754098360656,0.8852459016393442,0.55029296606467,0.6721311475409836,0.3442622950819672,-2.1012718727175757,-1.0094794315527056,67.5,68.2875,458.3914364922682,468.4105332048596
2,267,base,trust,naive,http,1027.4724481690578,1032.5569804162385,9.090992466428489,1015.0022253020171,1063.5597694271585,-0.492421468608065,-0.5592934177381685,0.26229508196721313,0.7540983606557377,-1.0372942098508178,0.13114754098360656,0.8852459016393442,-0.24919240310408902,-0.7299658507149893,60.416666666666664,60.09444444444444,423.30578150239114,431.61253597179405
2,268,base,thr,seasonal60,queue,1589.33864166343,2281.6050946400896,287.1835326280153,1853.780060462147,3295.5016566131794,-30.341203857009305,-2.410536727651938,0.01639344262295082,1.0,3.8744483196496122,0.6721311475409836,0.3442622950819672,-29.511612185811533,-31.17337994845755,7.916666666666667,8.169444444444444,1510.1719749967633,2199.9106501956453
2,268,base,mey,seasonal60,queue,1076.921753641687,1102.140466787346,12.255508649879047,1074.1661759170972,1127.3466728083695,-2.288157807976107,-2.0577451223052954,0.04918032786885246,0.9672131147540983,0.9810931403043693,0.8032786885245902,0.21311475409836064,-1.1362458210910134,-3.407291451685061,64.58333333333333,66.03333333333333,431.08842030835376,441.8071334540127
2,268,base,trust,seasonal60,queue,1009.268997595566,1014.7173025345493,11.523685668119871,988.9348776863202,1034.7313175926538,-0.5369283568314586,-0.4727918737019981,0.3442622950819672,0.6721311475409836,-0.2853059073741891,0.3770491803278688,0.639344262295082,-0.012136259666496004,-1.0640404844283373,60.416666666666664,59.80972222222222,405.1023309288994,416.6200803123271
2,269,base,thr,ma10,queue,1940.9263351552247,2250.7297617186,164.261283536049,1919.3821702028654,2660.376520467849,-13.764576797830108,-1.8860404587998085,0.03278688524590164,0.9836065573770492,-1.1275878532999863,0.45901639344262296,0.5573770491803278,-13.445593008708911,-14.059762443691632,11.5,11.593055555555555,1825.9263351552247,2134.7992061630443
2,269,base,mey,ma10,queue,1094.7724027981712,1085.981569689837,13.331506684373077,1062.4498730756302,1148.2467155116897,0.8094827162531838,0.6594028204357946,0.8032786885245902,0.21311475409836064,-0.43316848853183443,0.3770491803278688,0.639344262295082,5.701655680634931,-4.1586640303179,62.083333333333336,64.72638888888889,473.93906946483787,438.7176808009481
2,269,base,trust,ma10,queue,991.0660811681342,992.6064807821973,9.365561870887193,963.6234953124304,1014.9423872665562,-0.15518734200175596,-0.1644748745776148,0.47540983606557374,0.5409836065573771,-1.1490752019088097,0.08196721311475409,0.9344262295081968,0.9746696579014816,-1.281966302140625,56.5,57.74027777777778,426.06608116813425,415.2037030044195
2,270,base,thr,naive,http,2184.9963314882452,2111.8646197241405,235.11134900978067,1736.4329979122078,2861.0717304789955,3.46289771991433,0.3110513893613124,0.6885245901639344,0.32786885245901637,-8.920005795408683,0.21311475409836064,0.8032786885245902,6.968981037355629,0.1750293610227907,9.583333333333334,8.75,2089.1629981549117,2024.3646197241405
2,270,base,mey,naive,http,1118.9484239959882,1093.0053422404565,11.502277246250776,1065.1212352285631,1113.277215680441,2.37355489062416,2.255473520601146,1.0,0.01639344262295082,-2.194335030366351,0.03278688524590164,0.9836065573770492,1.394277552983595,3.3390918476512947,60.583333333333336,59.827777777777776,513.1150906626548,494.72756446267874
2,270,base,trust,naive,http,1018.3599497949614,982.8080614249036,8.562963514515555,962.8162265356123,1005.3248244723028,3.617378587484684,4.151820606241262,1.0,0.01639344262295082,0.06816440509581945,0.6065573770491803,0.4098360655737705,2.9635671563628305,4.270265849261819,55.916666666666664,54.05277777777778,459.19328312829475,442.28028364712577
2,271,base,thr,seasonal60,http,2080.745312926899,2149.8554929710053,196.7018456093945,1884.7556144228965,2957.409354005015,-3.2146430432214452,-0.35134484798553317,0.4918032786885246,0.5245901639344263,9.138422172585546,0.8852459016393442,0.13114754098360656,-3.9882402877336514,-2.3179275863982274,6.083333333333333,6.011111111111111,2019.9119795935655,2089.744381859894
2,271,base,mey,seasonal60,http,1061.2263366756677,1071.0719555344842,15.5761005142966,1035.8325294381714,1110.3027248027051,-0.919230384844073,-0.632097799431875,0.29508196721311475,0.7213114754098361,-0.16754805297715716,0.4426229508196721,0.5737704918032787,-0.5930911716509691,-1.2519256349959447,55.833333333333336,55.105555555555554,502.8930033423343,520.0163999789287
2,271,base,trust,seasonal60,http,952.8175208242073,949.8262727855673,8.564729871903557,930.0104191727293,967.0731531271366,0.3149258053125407,0.34925188340764524,0.6885245901639344,0.32786885245901637,-1.212528643800419,0.11475409836065574,0.9016393442622951,0.18266128928794514,0.44959007190339145,51.833333333333336,50.84444444444444,434.484187490874,441.3818283411229
2,272,base,thr,ma10,queue,2081.5387565378614,1995.6871947837344,85.67986409356115,1771.4407056850603,2145.945978709102,4.3018546182249,1.002003944128324,0.8524590163934426,0.16393442622950818,2.2099993390162567,0.6557377049180327,0.36065573770491804,5.001845092598384,3.6106263483160204,6.0,6.001388888888889,2021.5387565378614,1935.6733058948455
2,272,base,mey,ma10,queue,1138.7667054257427,1102.7220151620293,14.581896237625887,1050.1476695363035,1128.424913366184,3.2687014286567173,2.4718794919625564,1.0,0.01639344262295082,-0.8884165405860258,0.2459016393442623,0.7704918032786885,5.939689544293628,0.4605188170149805,54.583333333333336,54.90555555555556,592.9333720924093,553.6664596064737
2,272,base,trust,ma10,queue,962.3442006676502,959.8242288860718,7.745129101464341,944.0858231201082,981.1123824690926,0.2625451312583538,0.325362140329201,0.639344262295082,0.3770491803278688,1.1945856875627876,0.9344262295081968,0.08196721311475409,0.9373107927227948,-0.39370462601249456,51.5,50.68333333333333,447.34420066765017,452.99089555273844
2,273,base,thr,naive,timer,2592.8593546141233,2478.606511887033,182.27472965738127,2165.34358000841,2850.98282097668,4.60955953190434,0.6268166900691585,0.7377049180327869,0.2786885245901639,-3.6488671546640092,0.3442622950819672,0.6721311475409836,0.18449864769599164,8.387672803944014,6.0,6.006944444444445,2532.8593546141233,2418.5370674425885
2,273,base,mey,naive,timer,1151.6239439277738,1115.26997583466,15.112061958679408,1087.173822132782,1155.908266552807,3.259656305721553,2.4056259293083646,0.9672131147540983,0.04918032786885246,-0.8395807979359516,0.26229508196721313,0.7540983606557377,5.693497968746228,0.874386626808271,60.583333333333336,59.3875,545.7906105944404,521.39497583466
2,273,base,trust,naive,timer,996.4880044788137,993.2345352271512,8.148423263440268,970.6667167911625,1018.1562066706216,0.3275630413836089,0.3992759269464842,0.7049180327868853,0.3114754098360656,-0.6536591326282719,0.2459016393442623,0.7704918032786885,0.20798000598503227,0.4401599264221282,53.166666666666664,53.24305555555556,464.821337812147,460.8039796715957
2,274,base,thr,seasonal60,event,2575.6216820121613,2354.3270853150925,300.92967586572047,1915.8635070637529,3417.673636657429,9.399483957746325,0.7353698037936739,0.8360655737704918,0.18032786885245902,1.0072680058326107,0.6065573770491803,0.4098360655737705,15.744869094992783,3.6019389501591745,8.916666666666666,8.088888888888889,2486.4550153454948,2273.438196426204
2,274,base,mey,seasonal60,event,1134.317094117717,1082.176283957046,14.44997333815405,1055.297993413906,1122.071739670355,4.818143858227498,3.6083672225883734,1.0,0.01639344262295082,-0.03865381608463672,0.5409836065573771,0.47540983606557374,3.7212008194676605,5.954654027718168,62.5,62.25277777777778,509.31709411771703,459.6485061792682
2,274,base,trust,seasonal60,event,1019.4871184691777,989.8009650160495,12.295532802842652,966.6911706904972,1014.8585965210627,2.999204335252073,2.414385283593807,1.0,0.01639344262295082,-2.2153523363258323,0.03278688524590164,0.9836065573770492,1.906085070196427,4.055839272857318,59.166666666666664,57.80416666666667,427.8204518025111,411.7592983493829
2,275,base,thr,ma10,storage,1792.1521821439565,2467.3289552290585,262.2097838993985,2101.2815239846555,3258.6603645473447,-27.364684050506792,-2.5749488178677034,0.01639344262295082,1.0,-9.47238100960181,0.18032786885245902,0.8360655737704918,-30.975739651181083,-23.295691882138865,10.416666666666666,11.134722222222223,1687.9855154772897,2355.9817330068363
2,275,base,mey,ma10,storage,1027.24291776131,1089.0237275166694,15.638313128031525,1064.622773265389,1157.0449845130636,-5.673045333570443,-3.9506057494537443,0.01639344262295082,1.0,-0.9914594998973447,0.18032786885245902,0.8360655737704918,-5.56488396490971,-5.78366313070199,61.0,65.64861111111111,417.2429177613101,432.5376164055583
2,275,base,trust,ma10,storage,998.7731758737399,1041.8574443265525,12.142362358553367,1012.7264558446242,1071.841798581659,-4.1353323995934845,-3.548260806305373,0.01639344262295082,1.0,0.21385255021730787,0.639344262295082,0.3770491803278688,-4.870952605181095,-3.3802225155469063,57.0,60.46111111111111,428.7731758737399,437.2463332154414
2,276,base,thr,naive,event,1815.375672444541,2519.718840718578,357.84660038347437,1797.2657154108836,3538.095156772671,-27.953244500611476,-1.9682824079347165,0.03278688524590164,0.9836065573770492,-19.555516364951224,0.08196721311475409,0.9344262295081968,-25.02325550782451,-30.9736263584886,8.416666666666666,8.658333333333333,1731.2090057778742,2433.1355073852446
2,276,base,mey,naive,event,1051.9819383854044,1085.8744218239403,10.924455963144528,1063.032310685484,1129.2629372411216,-3.1212157462560732,-3.1024413071806833,0.01639344262295082,1.0,1.2495017518452713,0.9180327868852459,0.09836065573770492,-3.7316858151550916,-2.509557602969857,62.083333333333336,65.575,431.14860505207105,430.12442182394034
2,276,base,trust,naive,event,1026.1044068159965,1057.5487743663723,10.255322677879098,1030.3798669749083,1083.2200686362032,-2.9733255158104255,-3.066150967458274,0.01639344262295082,1.0,-1.0426443054748396,0.14754098360655737,0.8688524590163934,-3.403177263377055,-2.550787382225768,62.0,64.23472222222222,406.1044068159965,415.2015521441501
2,278,base,thr,ma10,http,2236.549920727375,2194.103887245731,227.4147851333917,1885.5010956331664,3042.587705749465,1.9345498510066774,0.18664588345365055,0.7868852459016393,0.22950819672131148,-10.049696093475433,0.08196721311475409,0.9344262295081968,7.613464127828884,-3.7423274076647535,6.0,6.026388888888889,2176.549920727375,2133.8399983568424
2,278,base,mey,ma10,http,1107.7594247885133,1097.8390011291062,14.559540771260558,1069.2627036348736,1149.3324704273032,0.9036319213658962,0.6813692694888618,0.7704918032786885,0.2459016393442623,2.0916557445112063,0.9672131147540983,0.04918032786885246,1.3222276022599027,0.4807785634718465,60.666666666666664,60.00416666666667,501.0927581218467,497.7973344624395
2,278,base,trust,ma10,http,965.2308517493617,967.2125919341328,9.505098867972574,942.9765843405298,989.0023236379485,-0.20489189256812596,-0.2084923273600596,0.4262295081967213,0.5901639344262295,-1.041868627818336,0.18032786885245902,0.8360655737704918,-0.7079901545128265,0.31601107048594085,53.333333333333336,53.015277777777776,431.89751841602833,437.05981415635506
2,279,base,thr,naive,http,1767.9653345374545,2534.7669228635414,267.81535182083985,2030.0673007082548,3343.0936097063113,-30.25136478662214,-2.8631726415707988,0.01639344262295082,1.0,8.792200647678218,0.8360655737704918,0.18032786885245902,-28.960836933572697,-31.642531349557377,6.666666666666667,7.413888888888889,1701.2986678707878,2460.6280339746527
2,279,base,mey,naive,http,1084.6076572077284,1125.2437493588518,12.66152043848133,1098.8668666677331,1159.39251819268,-3.6113146306546735,-3.209416463730596,0.01639344262295082,1.0,0.9247087041887316,0.819672131147541,0.19672131147540983,-1.4319986218532907,-5.7868545936172735,66.25,68.35,422.1076572077284,441.7437493588518
2,279,base,trust,naive,http,1031.919993516138,1051.4560651009328,9.00391269725848,1031.4276168495114,1076.1144601350302,-1.8580017019464832,-2.1697313425465814,0.03278688524590164,0.9836065573770492,-0.900533170315013,0.11475409836065574,0.9016393442622951,-1.6763750702053197,-2.0353715584395244,59.916666666666664,61.356944444444444,432.75332684947136,437.8866206564884
2,280,base,thr,seasonal60,timer,1594.35995153998,1595.9686956727192,2.4162098210719187,1584.721505946806,1600.9587774836973,-0.1008004816824395,-0.6658130923519507,0.19672131147540983,0.9180327868852459,0.003629302635117133,0.5737704918032787,0.6557377049180327,-0.0857275515372638,-0.11518617654233683,7.666666666666667,7.815277777777778,1517.6932848733134,1517.8159178949413
2,280,base,mey,seasonal60,timer,912.7201852369112,913.1214849181681,1.7696252772102439,905.7575743574698,916.962245811751,-0.04394811510681416,-0.22677099294689268,0.3770491803278688,0.639344262295082,-0.00926837889615128,0.4918032786885246,0.6229508196721312,0.011835901776931975,-0.10058898697303582,51.416666666666664,51.47222222222222,398.5535185702446,398.39926269594594
2,280,base,trust,seasonal60,timer,903.8173842692476,905.4969912365701,1.7285259053882367,898.119547204889,910.4037882685184,-0.18549006607176635,-0.9716990425696402,0.11475409836065574,0.9180327868852459,-0.001429082678482434,0.5409836065573771,0.5901639344262295,-0.20345512133166943,-0.168518031984199,50.916666666666664,51.03888888888889,394.6507176025809,395.1081023476812
2,281,base,thr,ma10,timer,1715.3731020889672,1714.5547982965395,20.394338810235535,1675.8667783508754,1846.608089076896,0.04772689640720438,0.04012406580286144,0.9508196721311475,0.13114754098360656,0.04772689640720438,0.9508196721311475,0.13114754098360656,0.0861911063763106,0.007605525685563594,9.0,8.818055555555556,1625.3731020889672,1626.3742427409838
2,281,base,mey,ma10,timer,941.5531071146575,940.1183207758739,1.0696925904084102,937.7092966950732,944.1901995878461,0.15261763408667434,1.3413071677309711,0.9672131147540983,0.08196721311475409,-0.009516534861892354,0.45901639344262296,0.5573770491803278,0.12463843077766902,0.18112089077171728,53.916666666666664,53.7375,402.3864404479908,402.74332077587394
2,281,base,trust,ma10,timer,925.0909537714025,922.5508564191321,2.5088462120100212,916.6658771205108,929.0702548101398,0.27533412760894155,1.012456379394964,0.819672131147541,0.19672131147540983,-0.09844998742485557,0.4426229508196721,0.639344262295082,0.2814274033664811,0.26943846340453426,51.916666666666664,51.827777777777776,405.92428710473587,404.27307864135435
2,282,base,thr,naive,queue,2049.930686437961,2173.3714883271564,299.84741432888814,1807.9998726953502,3365.9180409037363,-5.679691785420807,-0.41167872721356596,0.4426229508196721,0.5737704918032787,-11.28834923825136,0.21311475409836064,0.8032786885245902,-10.859665767626048,-0.8047853140078216,9.416666666666666,9.619444444444444,1955.7640197712942,2077.177043882712
2,282,base,mey,naive,queue,1082.7646150379712,1072.583940346764,13.865909585628836,1037.3303159315303,1111.768123643534,0.9491727694445898,0.7342233575328466,0.7868852459016393,0.22950819672131148,-0.06656610316298178,0.5081967213114754,0.5081967213114754,0.5428120181123273,1.3509835235468082,61.083333333333336,61.730555555555554,471.93128170463785,455.2783847912084
2,282,base,trust,naive,queue,1000.116422939523,987.6049116368398,10.40695400644592,964.7755029589067,1009.5399184488718,1.2668538962556197,1.2022260591267842,0.9016393442622951,0.11475409836065574,0.08396166055134405,0.5409836065573771,0.47540983606557374,1.5934198899152585,0.9480391406281576,54.333333333333336,54.833333333333336,456.7830896061896,439.27157830350643
2,283,base,thr,seasonal60,http,2559.9424050279795,2385.0298193401322,173.69999540693073,2098.8848831924734,2934.703251984918,7.333769341979985,1.006980945958437,0.9016393442622951,0.11475409836065574,5.176733492441289,0.7540983606557377,0.26229508196721313,11.676643034834036,3.821943161388271,6.166666666666667,6.552777777777778,2498.275738361313,2319.5020415623544
2,283,base,mey,seasonal60,http,1066.4250396244927,1068.4559445457267,13.643578839680979,1040.3878482823272,1100.0380518296581,-0.19007848958128495,-0.14885426654532063,0.45901639344262296,0.5573770491803278,0.1663680432908367,0.6065573770491803,0.4098360655737705,-0.21462377743549374,-0.16422732479268992,56.916666666666664,55.9,497.25837295782605,509.45594454572665
2,283,base,trust,seasonal60,http,946.8639283278463,942.323703112706,10.157730348076525,916.1864318051661,968.6604337632288,0.4818116322600172,0.44697241013098044,0.7377049180327869,0.2786885245901639,-0.14312133046816958,0.47540983606557374,0.5409836065573771,-0.786116148138164,1.7896911425234223,50.25,51.13472222222222,444.36392832784634,430.97648089048374
2,284,base,thr,ma10,queue,2079.0992861026816,2362.537194966009,253.3706340602061,2024.1252607523022,3074.865592060421,-11.997182921279054,-1.1186691382552902,0.13114754098360656,0.8852459016393442,-7.986611737616288,0.2786885245901639,0.7377049180327869,-9.389165389641994,-14.249231594575027,6.333333333333333,6.9,2015.7659527693484,2293.537194966009
2,284,base,mey,ma10,queue,1083.4597299440509,1114.5417932879377,13.047323542537228,1083.4725799674868,1148.3713906941148,-2.78877504020676,-2.3822558889225265,0.01639344262295082,1.0,-1.4411577916576188,0.09836065573770492,0.9180327868852459,-3.2252160075353213,-2.342945209998635,59.166666666666664,60.94305555555555,491.79306327738425,505.11123773238216
2,284,base,trust,ma10,queue,982.6342128288944,992.6007979025479,9.788095099862787,966.0902039604703,1014.3943797546202,-1.0040879570834285,-1.0182354147532977,0.16393442622950818,0.8524590163934426,0.5737642941024822,0.7213114754098361,0.29508196721311475,-1.025343615065852,-0.9834576103477023,54.583333333333336,54.46944444444444,436.80087949556105,447.90635345810347
2,285,base,thr,naive,http,2896.215417179173,2473.0368202431587,219.18906648054434,2057.5103213423013,3155.0975543492164,17.111698195193302,1.9306555921372865,0.9344262295081968,0.08196721311475409,-3.4895503801904573,0.36065573770491804,0.6557377049180327,20.705213487535495,13.439888280981545,6.166666666666667,6.5625,2834.5487505125066,2407.4118202431587
2,285,base,mey,naive,http,1149.4328811689622,1138.5678776595144,14.10674800330323,1105.1258302287272,1174.5395673876153,0.9542692818439972,0.7701990215536383,0.8032786885245902,0.21311475409836064,-1.5401368898593442,0.09836065573770492,0.9180327868852459,0.4834313054414318,1.4409127405556788,62.833333333333336,65.16111111111111,521.0995478356289,486.95676654840327
2,285,base,trust,naive,http,1006.25338951921,990.8679925934447,10.925041161066451,963.5410430249557,1012.0841342805974,1.552719135219661,1.4082690123488284,0.9180327868852459,0.09836065573770492,0.7253351508321702,0.7377049180327869,0.2786885245901639,1.22352344698216,1.8731926044796658,55.333333333333336,55.05555555555556,452.92005618587666,440.31243703788914
2,286,base,thr,seasonal60,queue,2524.112046690036,2184.688736228252,287.97180375766834,1731.0909429031205,3145.675880237512,15.536460862053074,1.1786685572432396,0.8688524590163934,0.14754098360655737,-7.860270579716624,0.2786885245901639,0.7377049180327869,30.570389479561488,1.3896835400517744,6.083333333333333,6.048611111111111,2463.2787133567026,2124.2026251171405
2,286,base,mey,seasonal60,queue,1091.5859376116666,1066.7814173703644,10.96037060255218,1046.4642280628586,1096.3471667764231,2.3251736332683657,2.263109628384866,0.9836065573770492,0.03278688524590164,-0.8137449206344907,0.29508196721311475,0.7213114754098361,3.302885757891258,1.3136854991076292,59.5,60.69305555555555,496.5859376116666,459.8508618148088
2,286,base,trust,seasonal60,queue,952.052945368956,958.9996167138933,9.375375278878257,935.0899888451345,978.3975015667521,-0.7243664360097167,-0.7409486168076277,0.18032786885245902,0.8360655737704918,0.18519145430134068,0.6065573770491803,0.4098360655737705,-1.2580500125664356,-0.17601766238842223,51.75,54.106944444444444,434.552945368956,417.9301722694488
2,287,base,thr,ma10,queue,2002.1927706608715,1909.4054124753602,222.18274613237466,1702.940670033068,3089.7581047658914,4.85948963898774,0.4176172983757673,0.8032786885245902,0.21311475409836064,-3.815847234883089,0.4918032786885246,0.5245901639344263,10.058498334851366,-0.3477204864956178,12.5,13.702777777777778,1877.1927706608715,1772.3776346975824
2,287,base,mey,ma10,queue,1014.233089929327,990.4401194851578,6.5914798003565,973.7690546308539,1002.9463692542078,2.4022623857903773,3.6096553679618912,1.0,0.01639344262295082,-1.2807168978842327,0.06557377049180328,0.9508196721311475,1.2177130964336182,3.623586003404894,56.25,57.015277777777776,451.733089929327,420.28734170738005
2,287,base,trust,ma10,queue,997.2486292155012,976.7964414480329,6.484368422829221,965.6443519412102,991.9522247667086,2.093802444360811,3.154075529617232,1.0,0.01639344262295082,-0.009719327826308983,0.5245901639344263,0.4918032786885246,1.2726476795352948,2.953280146829246,57.916666666666664,57.790277777777774,418.08196254883455,398.89366367025514
2,288,base,thr,naive,orchestration,2452.538612396514,2322.2983363442754,150.89945048334943,2096.5125116600207,2855.9589900535307,5.608249121741213,0.8630931102470094,0.8360655737704918,0.18032786885245902,-5.948598047244877,0.2459016393442623,0.7704918032786885,9.262973476302916,1.5774094075662786,6.0,6.002777777777778,2392.538612396514,2262.2705585664976
2,288,base,mey,naive,orchestration,1101.9924032920314,1104.8194640091776,13.680950959615231,1073.1370724888855,1133.210532275936,-0.25588440548352903,-0.20664212052885728,0.4262295081967213,0.5901639344262295,0.6729782610568522,0.7049180327868853,0.3114754098360656,1.7144168108801787,-2.2145339935714032,56.75,58.584722222222226,534.4924032920314,518.9722417869554
2,288,base,trust,naive,orchestration,1011.565367752704,998.4013363553386,9.346115056785544,977.0025523956001,1022.2512964569951,1.3185109953298622,1.4085030322634386,0.8852459016393442,0.13114754098360656,-0.35216793910298316,0.39344262295081966,0.6229508196721312,0.6298824891177578,1.9910903828466882,52.916666666666664,53.484722222222224,482.39870108603736,463.5541141331163
2,289,base,thr,seasonal60,queue,1786.9477643432413,1798.7350101817806,88.37305033363523,1678.297496594928,1974.8177137907105,-0.6553075228878821,-0.1333805475089846,0.47540983606557374,0.5409836065573771,11.811829716885452,1.0,0.01639344262295082,-3.5354304412870965,2.6721961965340637,13.75,13.777777777777779,1649.4477643432413,1660.9572324040028
2,289,base,mey,seasonal60,queue,994.8205862693262,994.1251969916914,13.507503449262051,980.7587049945322,1088.5212698112664,0.06994986946705899,0.05148170276223931,0.6885245901639344,0.32786885245901637,0.20890996502727333,0.7540983606557377,0.26229508196721313,-0.36198266547494967,0.5086550333132824,58.583333333333336,58.763888888888886,408.98725293599284,406.48630810280247
2,289,base,trust,seasonal60,queue,955.6676040607659,960.630728804952,8.629272871436191,946.9223250105719,1007.4442095661183,-0.5166527152801288,-0.5751498206314166,0.29508196721311475,0.7213114754098361,-0.15488321943124644,0.45901639344262296,0.5573770491803278,-0.9743933713830262,-0.051133305517587685,56.25,56.36805555555556,393.16760406076594,396.95017324939647
2,291,base,thr,naive,event,2110.8514815980384,2209.666236704512,165.40304384507323,1951.1230720497012,2693.0289098097514,-4.4719312566338285,-0.5974179967270103,0.3442622950819672,0.6721311475409836,-7.155896338456511,0.18032786885245902,0.8360655737704918,-6.558906743876556,-2.809241105267641,5.916666666666667,5.918055555555555,2051.684814931372,2150.4856811489562
2,291,base,mey,naive,event,1099.288400432605,1101.130060666024,14.29661876084733,1065.6763003532635,1135.0008341321266,-0.1672518351106677,-0.12881788793744,0.47540983606557374,0.5409836065573771,-0.7494730651256785,0.32786885245901637,0.6885245901639344,0.3971372002791876,-0.7070926746182448,57.833333333333336,57.606944444444444,520.9550670992716,525.0606162215796
2,291,base,trust,naive,event,958.6148765117096,960.6588306124567,7.431074468247234,945.5500395619423,979.0764751875455,-0.21276586813281068,-0.2750549882767098,0.4098360655737705,0.6065573770491803,-0.42033964089559095,0.3114754098360656,0.7049180327868853,-0.714614528030853,0.26626873685605684,50.5,49.99861111111111,453.61487651170955,460.67271950134557
2,290,base,thr,ma10,http,2363.7814452042076,2097.5433629068957,191.54778213234303,1738.9577071152498,2645.1770793777164,12.692852362696515,1.389930383601958,0.8852459016393442,0.13114754098360656,-5.851998145334612,0.32786885245901637,0.6885245901639344,15.095410158057213,10.15075817831547,6.0,6.0,2303.7814452042076,2037.5433629068957
2,290,base,mey,ma10,http,1147.7504780185698,1112.7389852269248,12.662867314644263,1075.8604816405505,1139.7125211491464,3.1464245664498716,2.7648945473159245,1.0,0.01639344262295082,1.291475875356623,0.819672131147541,0.19672131147540983,5.3447788001388234,0.9565839992550956,55.833333333333336,56.765277777777776,589.4171446852364,545.0862074491471
2,290,base,trust,ma10,http,997.115988970079,989.8536400228712,10.283611205093225,969.5483234002937,1013.9994923124237,0.7336790666385772,0.7062060984579928,0.7540983606557377,0.26229508196721313,0.8140707650610347,0.7868852459016393,0.22950819672131148,-0.5835845375602882,2.0058519719729575,51.083333333333336,51.666666666666664,486.28265563674563,473.1869733562046
2,292,base,thr,seasonal60,http,1648.3349700494207,1919.0283966746003,105.02015954788575,1749.9076072252703,2237.6749279512637,-14.105754093803528,-2.5775377583744037,0.01639344262295082,1.0,-8.713055239563543,0.03278688524590164,0.9836065573770492,-12.452007091306243,-15.666160968688944,6.75,7.9875,1580.8349700494207,1839.1533966746003
2,292,base,mey,seasonal60,http,928.4584797430134,959.7017434521272,9.676039871433556,940.985054900561,989.5106206979723,-3.255518073430724,-3.2289308564501513,0.01639344262295082,1.0,0.3207404712071715,0.7377049180327869,0.2786885245901639,-2.6479856005053586,-3.8335969377541397,53.416666666666664,56.18611111111111,394.2918130763468,397.8406323410161
2,292,base,trust,seasonal60,http,916.9969266792256,940.815622968198,7.474662013312875,924.7751008024488,961.4715697287179,-2.531707138729941,-3.1865917477672885,0.01639344262295082,1.0,-0.6243204816811098,0.2459016393442623,0.7704918032786885,-1.7658797055651185,-3.2877522643576036,52.583333333333336,54.72361111111111,391.1635933458922,393.5795118570869
2,293,base,thr,ma10,timer,2429.214465757879,2221.268454942527,162.3415611910555,1965.149475851973,2595.3614826861235,9.361588436222243,1.280916662927899,0.9016393442622951,0.11475409836065574,-3.7114662737003425,0.39344262295081966,0.6229508196721312,13.004848095106844,5.524567636348609,6.0,6.0,2369.214465757879,2161.268454942527
2,293,base,mey,ma10,timer,1105.53549796142,1087.1273887718644,14.161490792311241,1055.891207057581,1122.6902125991537,1.6932798657893708,1.2998708581973666,0.9016393442622951,0.11475409836065574,-0.45467642721469387,0.4098360655737705,0.6065573770491803,3.2099187818491157,0.1749520379822955,58.166666666666664,57.84583333333333,523.8688312947535,508.66905543853113
2,293,base,trust,ma10,timer,980.3381566919257,971.1155825502101,11.648124570727278,944.4441011276928,1001.7416054947316,0.9496886166213706,0.7917647245027549,0.7868852459016393,0.22950819672131148,1.6430229384337833,0.9016393442622951,0.11475409836065574,-0.05656377758966221,1.9595658034903296,51.666666666666664,51.09861111111111,463.6714900252591,460.129471439099
2,294,base,thr,naive,http,2267.6510608072267,2380.0174168410376,177.634863884183,2075.470260408338,2900.4337680468975,-4.721240913562437,-0.6325692692121136,0.32786885245901637,0.6885245901639344,-0.29343975761883007,0.5573770491803278,0.45901639344262296,-10.034677174288257,-0.20870937028299158,6.0,6.004166666666666,2207.6510608072267,2319.975750174371
2,294,base,mey,naive,http,1064.8917989049044,1083.226944337649,15.823389273778776,1048.2760363543096,1121.3090338394006,-1.6926411892344373,-1.1587369251623063,0.11475409836065574,0.9016393442622951,0.06622594743825855,0.4918032786885246,0.5245901639344263,-0.3029555895654301,-3.0678530694663446,58.583333333333336,57.825,479.058465571571,504.976944337649
2,294,base,trust,naive,http,951.6678255262483,964.6782066908037,9.27814404210983,947.659405082071,995.2113147038482,-1.34867576299725,-1.4022611748110834,0.08196721311475409,0.9344262295081968,0.5879785106350613,0.8032786885245902,0.21311475409836064,-2.351247213618679,-0.37061453968153946,51.25,51.06666666666667,439.1678255262483,454.011540024137
2,296,base,thr,ma10,http,2002.8178484785815,2108.3233459133394,141.79565150659974,1850.0334752800225,2531.5289575680467,-5.004237022715897,-0.7440672285344889,0.3114754098360656,0.7049180327868853,0.254892118501762,0.5409836065573771,0.47540983606557374,-4.29352379508915,-5.651360918973188,6.0,6.004166666666666,1942.8178484785815,2048.281679246673
2,296,base,mey,ma10,http,1102.1957350317452,1093.1218498119276,11.182237664180937,1069.369887026535,1121.685064465073,0.8300890903771414,0.8114552285794442,0.8032786885245902,0.21311475409836064,1.1815938070201109,0.8688524590163934,0.14754098360655737,-0.47858059867091496,2.154326668781722,56.166666666666664,55.62777777777778,540.5290683650786,536.8440720341498
2,296,base,trust,ma10,http,938.8973092859933,935.0057579894002,9.24926512386899,914.9156200014355,955.1226946544906,0.4162061317099622,0.42074167455211275,0.6557377049180327,0.36065573770491804,-1.1509600119470966,0.11475409836065574,0.9016393442622951,2.3156168000797965,-1.4238916103662713,47.916666666666664,48.63611111111111,459.73064261932666,448.64464687828905
2,297,base,thr,naive,http,2075.9395537512223,2518.641807185161,255.22019978561298,2184.2920781928956,3365.200300962873,-17.57702314680083,-1.7345894008617342,0.01639344262295082,1.0,4.106385250378639,0.7377049180327869,0.2786885245901639,-17.65207590975499,-17.509850407271458,5.916666666666667,6.0055555555555555,2016.7728870845556,2458.586251629605
2,297,base,mey,naive,http,1101.62878553124,1111.9178744232138,16.83848673441157,1071.6475156573288,1145.6166462901435,-0.925346118508168,-0.6110459362685295,0.26229508196721313,0.7540983606557377,-0.13885817358945157,0.47540983606557374,0.5409836065573771,-1.3639592234039895,-0.4934064061331405,61.833333333333336,61.06805555555555,483.2954521979067,501.23731886765825
2,297,base,trust,naive,http,963.8356608876562,975.1801921443289,8.077514135782708,950.563836953762,991.6505040173215,-1.1633266700923361,-1.404458236280559,0.13114754098360656,0.8852459016393442,-1.2114479140856504,0.13114754098360656,0.8852459016393442,-1.3335732057762915,-0.9920678284729032,52.583333333333336,53.03333333333333,438.00232755432285,444.8468588109956
2,299,base,thr,ma10,http,1665.7841219151221,2336.3858670818167,327.7556229848388,1837.2607223033085,3269.4685590930894,-28.70252532405047,-2.046041923124276,0.01639344262295082,1.0,-10.433156488866482,0.22950819672131148,0.7868852459016393,-27.314070086147538,-30.008515972130144,6.166666666666667,6.5125,1604.1174552484554,2271.2608670818167
2,299,base,mey,ma10,http,1062.1622836965291,1126.4439812022313,12.558237036577237,1096.072835401678,1153.7073175586859,-5.706604019233656,-5.118688022727607,0.01639344262295082,1.0,-0.1335384625775016,0.45901639344262296,0.5573770491803278,-5.61150131093674,-5.800284828737078,61.833333333333336,64.03888888888889,443.82895036319576,486.05509231334236
2,299,base,trust,ma10,http,954.1489305531727,982.6092271042686,8.791009847934303,954.8538684518459,998.7092389549786,-2.8964002948524987,-3.2374319951175403,0.01639344262295082,1.0,-0.0127354823750464,0.4918032786885246,0.5245901639344263,-3.4033693992682537,-2.3933368799960766,53.0,53.13472222222222,424.1489305531727,451.2620048820464
2,301,base,thr,seasonal60,http,2193.4503574930213,2136.858869207818,127.54011789027815,1912.372087434672,2444.802166340203,2.6483493646065273,0.4437151950407378,0.7213114754098361,0.29508196721311475,-5.075733962634226,0.22950819672131148,0.7868852459016393,18.361832481651856,-9.700622955502261,5.916666666666667,5.919444444444444,2134.283690826355,2077.6644247633735
2,301,base,mey,seasonal60,http,1101.6970606891243,1075.967460527742,11.719261690262831,1044.6387646245112,1105.2523870422103,2.3912990964208465,2.1954966824198614,0.9836065573770492,0.03278688524590164,-1.4058883964598312,0.06557377049180328,0.9508196721311475,2.5941720958607304,2.1876270836719542,54.916666666666664,55.96388888888889,552.5303940224577,516.3285716388532
2,301,base,trust,seasonal60,http,949.2056745356116,946.0198292151525,8.520429296915527,927.4129703839399,966.7643840750974,0.3367630595124145,0.37390666707514036,0.6721311475409836,0.3442622950819672,0.9408919506100126,0.819672131147541,0.19672131147540983,0.4719920327905139,0.20363834774604048,49.916666666666664,49.486111111111114,450.03900786894496,451.1587181040414
2,300,base,thr,naive,queue,3223.071099529872,2488.2124335469466,411.58562912913396,1982.553694988502,3639.7071346252856,29.53359834053173,1.7854332463886031,0.8852459016393442,0.13114754098360656,-4.953959000939933,0.4918032786885246,0.5245901639344263,9.512330686377519,47.52581822267114,7.166666666666667,7.252777777777778,3151.4044328632053,2415.684655769169
2,300,base,mey,naive,queue,1147.0921142678915,1128.1298748516288,12.574136824158366,1100.022763282171,1169.0859660763404,1.680856064445295,1.5080350787841799,0.9344262295081968,0.08196721311475409,1.4808784927821033,0.8852459016393442,0.13114754098360656,1.9568192961431792,1.4084305468235405,66.25,64.73194444444445,484.5921142678915,480.8104304071842
2,300,base,trust,naive,queue,1049.8198889214718,1059.835547577638,12.11633659554307,1025.1077148958664,1085.2277138474583,-0.9450200721289196,-0.8266243329564096,0.2459016393442623,0.7704918032786885,-0.6205088620604787,0.29508196721311475,0.7213114754098361,0.522893266007078,-2.3969119096833706,60.583333333333336,61.25416666666667,443.98655558813846,447.2938809109712
2,302,base,thr,ma10,http,2359.3313986629905,2281.5983245996836,160.406967846336,2011.3580306557988,2748.7699257313793,3.406957010145314,0.48459911129155187,0.7049180327868853,0.3114754098360656,-7.403080915778686,0.19672131147540983,0.819672131147541,4.918977626822684,1.7112977970133263,6.416666666666667,6.576388888888889,2295.164731996324,2215.834435710795
2,302,base,mey,ma10,http,1149.238014156588,1125.9201529361014,13.802206756126521,1097.1636730120179,1155.7469066149981,2.071004871853454,1.689429931929993,0.9344262295081968,0.08196721311475409,-0.6761852731760225,0.2786885245901639,0.7377049180327869,0.18782835922027571,3.9940237723313357,60.666666666666664,59.87083333333333,542.5713474899213,527.2118196027682
2,302,base,trust,ma10,http,996.4360501088437,1000.8573425151661,9.646481110687393,985.4380690172655,1026.7592752275307,-0.4417505091396619,-0.4583321478154413,0.3442622950819672,0.6721311475409836,-0.7381928902419503,0.22950819672131148,0.7868852459016393,-0.6609612539834506,-0.2168029824528264,52.583333333333336,54.081944444444446,470.6027167755103,460.03789807072167
2,303,base,thr,naive,event,1849.7848719998856,2364.891509923011,241.34986200128688,1814.816630794493,3139.585620473697,-21.78140670562494,-2.134273596230103,0.03278688524590164,0.9836065573770492,-7.5177744378873035,0.2786885245901639,0.7377049180327869,-28.452665158470353,-14.996717309790373,6.416666666666667,7.033333333333333,1785.6182053332188,2294.5581765896777
2,303,base,mey,naive,event,1053.480204572212,1122.0963545043112,14.418298102133514,1090.6191759813723,1166.096402810804,-6.114996244008883,-4.758963190110899,0.01639344262295082,1.0,2.1543305971843063,0.9672131147540983,0.04918032786885246,-6.519829586089388,-5.714889710106132,59.666666666666664,63.00555555555555,456.81353790554533,492.04079894875565
2,303,base,trust,naive,event,992.4989557834964,1011.318199469766,12.631549187251526,986.3127216934026,1045.2382882414142,-1.860862752804857,-1.4898603019543357,0.04918032786885246,0.9672131147540983,0.14276252318095609,0.639344262295082,0.3770491803278688,-3.3997058231044783,-0.34596699929678515,56.833333333333336,57.020833333333336,424.165622450163,441.10986613643263
2,305,base,thr,ma10,http,2561.4519220461857,2425.538943883641,348.4404783549353,1862.5847880272904,3690.0434660237934,5.603413563211163,0.3900608184336677,0.7704918032786885,0.2459016393442623,2.968570943650857,0.6885245901639344,0.32786885245901637,5.4750974705857915,5.731253254170508,7.833333333333333,7.311111111111111,2483.118588712852,2352.4278327725297
2,305,base,mey,ma10,http,1121.0899264120076,1112.4480820730241,12.829772138219994,1072.635345386264,1137.2284721835313,0.7768312497675889,0.673577382815656,0.7704918032786885,0.2459016393442623,0.8700792839739392,0.7868852459016393,0.22950819672131148,-0.039601499115041475,1.5983548545610498,61.75,61.236111111111114,503.58992641200757,500.08697096191304
2,305,base,trust,ma10,http,1019.945271522111,993.6036650222978,9.214871640994657,971.400172940877,1013.7691818607335,2.6511180893462267,2.8585972247975775,1.0,0.01639344262295082,0.27534528675154807,0.639344262295082,0.3770491803278688,1.4182564120992749,3.8908127341649212,55.666666666666664,55.229166666666664,463.2786048554444,441.3119983556312
2,308,base,thr,ma10,orchestration,2757.865627969288,2542.4403633141796,290.2575280868642,2025.0544593818474,3335.547408601247,8.473168840597406,0.7421866577415318,0.8032786885245902,0.21311475409836064,-25.64093328373539,0.01639344262295082,1.0,28.642272475326916,-10.984261239215702,9.5,9.720833333333333,2662.865627969288,2445.232029980846
2,308,base,mey,ma10,orchestration,1199.934025359211,1123.507645037188,11.151694093103947,1102.5384631876984,1149.40420018071,6.802479774803256,6.853342611799591,1.0,0.01639344262295082,-0.7134949277637885,0.29508196721311475,0.7213114754098361,7.5558136259649284,6.050616260354654,66.58333333333333,66.53333333333333,534.1006920258778,458.17431170385476
2,308,base,trust,ma10,orchestration,1023.8616605070348,1011.5973924764093,9.592864116349087,987.0601398335479,1038.0762482477105,1.2123665127884906,1.2784782398536838,0.9180327868852459,0.09836065573770492,-1.1359391281109252,0.11475409836065574,0.9016393442622951,2.632469815805509,-0.24957466779734516,57.25,59.03055555555556,451.3616605070348,421.2918369208537
2,309,base,thr,naive,queue,2982.700179945908,2794.2777802345736,393.37743242277514,2272.972690921931,3803.9004911029137,6.7431520604052775,0.4789862970807918,0.6885245901639344,0.32786885245901637,11.494240786978242,0.7868852459016393,0.22950819672131148,2.526686045636844,10.775469173865256,7.333333333333333,7.461111111111111,2909.3668466125746,2719.6666691234623
2,309,base,mey,naive,queue,1122.364923680836,1096.8537077097083,14.587434962102456,1056.246546471305,1122.711867684013,2.325854012418537,1.7488486521040065,0.9836065573770492,0.03278688524590164,1.3649786042680494,0.819672131147541,0.19672131147540983,-0.6674487974292055,5.2943379066922605,61.75,62.18194444444445,504.864923680836,475.0342632652638
2,309,base,trust,naive,queue,1015.8598768936882,1013.5953743581542,10.953133792371325,985.365400380258,1036.9731968605927,0.22341287192317474,0.2067447160292331,0.6065573770491803,0.4098360655737705,-0.41309552685309225,0.39344262295081966,0.6229508196721312,2.5992135714253743,-2.084690399953674,57.416666666666664,56.96805555555556,441.6932102270216,443.9148188025987
2,310,base,thr,seasonal60,http,3482.3672780622487,2822.934665965418,402.6880604562853,2107.727553590421,4173.192127192856,23.359825505253447,1.6375767668642287,0.9508196721311475,0.06557377049180328,1.349746646432236,0.5901639344262295,0.4262295081967213,24.592202611936383,21.971104691853892,7.583333333333333,8.38888888888889,3406.5339447289152,2739.0457770765292
2,310,base,mey,seasonal60,http,1168.3107719024615,1099.640320250281,9.974167661868128,1076.2628669500557,1118.7532973460802,6.244810270011819,6.884830291625424,1.0,0.01639344262295082,1.2486343119872534,0.9180327868852459,0.09836065573770492,5.049063337959187,7.448822361463028,68.25,68.5,485.8107719024615,414.6403202502811
2,310,base,trust,seasonal60,http,1063.5749168370205,1030.3373413130948,9.027692418091435,1009.7821418914764,1054.3375404348574,3.2258925490914114,3.6817354850634687,1.0,0.01639344262295082,-0.8529486908824132,0.21311475409836064,0.8032786885245902,1.7806663780461138,4.706746269704532,59.5,60.0125,468.5749168370205,430.21234131309484
2,312,base,thr,naive,queue,1644.7921880205788,2158.796123291609,286.3786215974678,1725.9356903214484,3018.9055843802166,-23.809748856103486,-1.794840454234434,0.01639344262295082,1.0,-21.665483462651792,0.01639344262295082,1.0,-24.220437228535317,-23.394661885452976,11.083333333333334,12.020833333333334,1533.9588546872455,2038.5877899582758
2,312,base,mey,naive,queue,1026.500601996725,1064.249371671728,11.154973212353045,1041.386545061355,1090.562737257682,-3.5469853851740765,-3.38403050875999,0.01639344262295082,1.0,-0.739140328301617,0.26229508196721313,0.7540983606557377,-3.610652183499703,-3.482606419369961,62.75,65.22916666666667,399.000601996725,411.95770500506137
2,312,base,trust,naive,queue,977.1074380802825,1000.9941598699432,8.56718742254563,984.6241113724059,1023.6230433723653,-2.386299815451903,-2.7881637941992348,0.01639344262295082,1.0,-1.2443962744567587,0.09836065573770492,0.9180327868852459,-2.442751572566,-2.3296820606925963,57.666666666666664,58.9875,400.44077141361583,411.11915986994325
2,311,base,thr,ma10,http,2124.1367823028545,2095.2044742312187,39.515930629697,2015.5578206847242,2167.2433099802734,1.3808823161401362,0.7321682068621868,0.7377049180327869,0.2786885245901639,-1.1340167981901115,0.29508196721311475,0.7213114754098361,1.50114642200659,1.2603509585225576,6.0,6.0,2064.1367823028545,2035.2044742312187
2,311,base,mey,ma10,http,1096.6482202126663,1100.2045903209485,8.797931313593999,1072.9225552031703,1119.8120716820351,-0.32324625252151756,-0.4042279919584171,0.3770491803278688,0.639344262295082,0.655859466510248,0.8360655737704918,0.18032786885245902,0.28502168671954264,-0.968496526373411,49.5,50.734722222222224,601.6482202126663,592.8573680987263
2,311,base,trust,ma10,http,960.7033302672806,954.2864856778568,5.5861260357915405,941.1276029117865,965.7451848686137,0.6724232906710138,1.1487110294879994,0.8852459016393442,0.13114754098360656,-0.663785771976317,0.13114754098360656,0.8852459016393442,0.3300169382564402,1.0261556807452648,50.166666666666664,49.82222222222222,459.036663600614,456.0642634556346
2,313,base,thr,seasonal60,http,1811.678237375291,1916.5563995532816,70.43744424142751,1791.7800638845265,2052.6446579072776,-5.472218934044206,-1.4889546789704062,0.04918032786885246,0.9672131147540983,-1.0613892340631277,0.4098360655737705,0.6065573770491803,-2.7756708390846536,-8.03563457586414,7.0,7.0,1741.678237375291,1846.5563995532816
2,313,base,mey,seasonal60,http,928.90483154537,929.2371069172507,10.319099371346246,907.4514786754193,964.6637339125051,-0.035757867330866784,-0.032200036061607,0.4918032786885246,0.5245901639344263,0.42110922730097716,0.7704918032786885,0.2459016393442623,1.0236824847794344,-1.116573690643493,52.333333333333336,51.951388888888886,405.57149821203666,409.72321802836177
2,313,base,trust,seasonal60,http,1027.3257113288716,1032.5198976476179,8.677762672483716,1014.9772725640099,1052.502606982641,-0.5030591982372551,-0.5985628456072506,0.29508196721311475,0.7213114754098361,-0.033850168382433904,0.4918032786885246,0.5245901639344263,0.09520273330097666,-1.0939446010177423,60.166666666666664,59.959722222222226,425.659044662205,432.9226754253956
2,314,base,thr,ma10,event,2425.265617918242,2286.1827075174056,176.1231126477502,1961.8445750261062,2796.3476707827654,6.083630584008227,0.7896914170430595,0.8032786885245902,0.21311475409836064,9.144947754674044,0.8688524590163934,0.14754098360655737,10.47295309563988,1.9842617048702889,6.666666666666667,6.876388888888889,2358.5989512515753,2217.418818628517
2,314,base,mey,ma10,event,1153.3727062982437,1129.2343753507535,12.724051582310162,1086.102584994838,1156.113622864702,2.137583789015682,1.8970632735447996,0.9836065573770492,0.03278688524590164,0.7899368881754509,0.8032786885245902,0.21311475409836064,2.339703711699565,1.932780719489161,60.916666666666664,61.268055555555556,544.206039631577,516.5538197951979
2,314,base,trust,ma10,event,1016.481495217524,998.4697023639455,10.188072886255924,981.3903566884823,1031.6944577056927,1.8039398502462576,1.7679293282124993,0.9508196721311475,0.06557377049180328,0.0023245434426916686,0.5573770491803278,0.45901639344262296,0.4432170858188248,3.222416457306121,54.166666666666664,53.8125,474.8148285508573,460.34470236394554
2,315,base,thr,naive,event,3216.374603599912,2684.6310196465356,249.15507004702096,2271.0316299202937,3246.4529290709197,19.80695224267307,2.134187290882842,0.9836065573770492,0.03278688524590164,11.558884158879042,0.8360655737704918,0.18032786885245902,21.071795657340754,18.76878511979076,8.5,8.525,3131.374603599912,2599.3810196465356
2,315,base,mey,naive,event,1061.422291942377,1001.8340487073579,7.770141974281486,989.3721913500714,1033.1896818507541,5.947915556663731,7.668874446857096,1.0,0.01639344262295082,0.09150294538997096,0.6229508196721312,0.39344262295081966,7.19698495954582,4.789956584207879,59.0,58.90972222222222,471.4222919423769,412.7368264851357
2,315,base,trust,naive,event,1014.6589888494914,969.3860044254814,9.56600092660344,952.338651858019,1007.3242329445278,4.67027419596816,4.732697056102514,1.0,0.01639344262295082,0.9158973076570247,0.8852459016393442,0.13114754098360656,5.7877069981246905,3.5325393672420513,55.5,54.72083333333333,459.6589888494914,422.1776710921481
2,316,base,thr,seasonal60,storage,2482.541300195048,2262.8150696039015,246.89467314129712,1782.2272472770444,3214.047677789946,9.710304370105185,0.8899593814460209,0.9180327868852459,0.09836065573770492,-1.4644502749973005,0.5245901639344263,0.4918032786885246,0.8219829128428187,18.33296242815713,8.0,7.8180555555555555,2402.541300195048,2184.634514048346
2,316,base,mey,seasonal60,storage,1088.880229185688,1076.0585867600928,10.667324402682045,1046.2943145002603,1097.5408828564412,1.1915375782837172,1.2019548615556779,0.8688524590163934,0.14754098360655737,-0.9284274106938162,0.21311475409836064,0.8032786885245902,0.41057442395404936,1.9816768004872842,68.16666666666667,66.29166666666667,407.21356251902125,413.14192009342605
2,316,base,trust,seasonal60,storage,1010.8689443688789,1005.9287724056029,9.581144691608804,985.0097277202258,1031.7635153223134,0.4911055433340468,0.515613960783064,0.7540983606557377,0.26229508196721313,0.3948644056697548,0.6885245901639344,0.32786885245901637,-0.14509837800558734,1.1178821236436587,60.666666666666664,59.49305555555556,404.2022777022123,410.99821685004736
2,317,base,thr,ma10,http,2759.88024387511,2331.325985456825,291.26745917274985,1870.7929126530025,3608.3085553198084,18.382425327546347,1.4713427295841883,0.9344262295081968,0.08196721311475409,33.85296518099423,0.9836065573770492,0.03278688524590164,19.571759715411964,17.23512632837211,6.916666666666667,7.3125,2690.7135772084434,2258.200985456825
2,317,base,mey,ma10,http,1231.3967799853142,1120.7818549610997,14.714887293786132,1089.742225738238,1151.1019572540606,9.86944288351757,7.517211842385326,1.0,0.01639344262295082,3.20970857758843,1.0,0.01639344262295082,10.852706946279241,8.916364206265614,63.25,63.268055555555556,598.8967799853142,488.1012994055442
2,317,base,trust,ma10,http,1040.3701805824332,1016.927960138571,11.811806690744817,994.94950117102,1044.6069931847223,2.305199715490944,1.9846430827750028,0.9672131147540983,0.04918032786885246,1.7461371354806026,0.9180327868852459,0.09836065573770492,1.0980930898765278,3.5315133280633826,58.25,58.081944444444446,457.87018058243325,436.1085156941266
2,318,base,thr,naive,timer,1561.0890214114063,1564.3855293170084,2.434890159540733,1556.2002002811942,1578.7476290453317,-0.21072221928831694,-1.3538630860555405,0.03278688524590164,0.9836065573770492,0.06272990976086068,0.9016393442622951,0.32786885245901637,0.08948901752824631,-0.48298890097701036,7.083333333333333,7.794444444444444,1490.255688078073,1486.441084872564
2,318,base,mey,naive,timer,913.3369825738328,912.2593093499769,1.5468135725066527,904.9713917310713,914.6707616749089,0.11813233505106738,0.6967053063217371,0.8360655737704918,0.18032786885245902,0.2059446287371554,0.9508196721311475,0.11475409836065574,0.5884161756112548,-0.36663792710012794,49.333333333333336,49.958333333333336,420.0036492404994,412.6759760166435
2,318,base,trust,naive,timer,919.6071538746346,920.9417362700973,1.639129267877786,912.2874929824223,923.3548184776388,-0.14491496507345586,-0.8142020410572013,0.16393442622950818,0.8524590163934426,0.21578078434615428,0.9672131147540983,0.04918032786885246,0.41356640776444464,-0.6924484325903515,49.416666666666664,50.044444444444444,425.440487207968,420.49729182565284
2,319,base,thr,seasonal60,storage,2079.6391602375093,2253.690111775629,205.68702940242238,1912.7184201107518,2997.4249094392076,-7.722931854237447,-0.8461931315931083,0.16393442622950818,0.8524590163934426,19.01383319908094,0.9508196721311475,0.06557377049180328,-6.602109079924158,-8.826440583551424,7.166666666666667,7.286111111111111,2007.9724935708425,2180.8290006645175
2,319,base,mey,seasonal60,storage,1115.6330832436543,1117.910625925793,13.670595399917927,1091.2958869021086,1162.1103442480276,-0.2037320899649436,-0.1666015718783159,0.4262295081967213,0.5901639344262295,1.140696142651853,0.9016393442622951,0.11475409836065574,-2.0091060402541463,1.6178251232988186,67.5,67.72222222222223,440.63308324365426,440.68840370357077
2,319,base,trust,seasonal60,storage,1007.2887196149144,1022.8319751394735,8.36916533668165,1008.183095371223,1039.4151011397041,-1.5196294115110738,-1.8572049779484854,0.01639344262295082,1.0,0.5407109863568632,0.6885245901639344,0.32786885245901637,-1.0346378186448653,-1.9965229320866533,60.166666666666664,60.52777777777778,405.62205294824776,417.5541973616956
2,320,base,thr,ma10,http,2097.853270085112,2098.1532165729022,1.8040722232876567,2092.4535235688336,2103.683493788749,-0.014295738052925548,-0.1662607981645465,0.7868852459016393,0.8852459016393442,-0.014295738052925548,0.7868852459016393,0.8852459016393442,-0.025420600712725575,-0.0019222771998911585,6.0,6.0,2037.853270085112,2038.1532165729022
2,320,base,mey,ma10,http,1080.1569606534663,1080.4491967390861,1.789293546363938,1076.025147619761,1088.0077682897215,-0.02704764708066185,-0.16332484192640895,0.45901639344262296,0.5573770491803278,0.04735417684512959,0.6721311475409836,0.3442622950819672,-0.05754339792299185,0.004162607837316459,50.916666666666664,50.952777777777776,570.9902939867997,570.9214189613083
2,320,base,trust,ma10,http,980.5929056862819,980.3932834926214,1.0057220462768635,978.2396664069083,982.4533437614673,0.020361440354768084,0.19848644503667254,0.6721311475409836,0.3442622950819672,-0.06516371416651567,0.3114754098360656,0.7049180327868853,-0.10991090056445617,0.15972630965824067,52.0,51.99444444444445,460.59290568628194,460.448839048177
2,322,base,thr,seasonal60,timer,1701.9889508979347,1731.0014268801372,9.211004563602119,1684.4591754962469,1750.3937660368895,-1.6760515347750429,-3.1497624153664097,0.03278688524590164,0.9836065573770492,0.2100998196724997,0.7704918032786885,0.26229508196721313,-1.6735924946927607,-1.6787997195048712,7.5,10.448611111111111,1626.9889508979347,1626.515315769026
2,322,base,mey,seasonal60,timer,915.8803280840499,944.2970055888362,3.736861209181969,937.9138904707038,956.4749835587969,-3.009294463140493,-7.604424118017211,0.01639344262295082,1.0,0.1212438442013198,0.5901639344262295,0.4262295081967213,-2.8856551387826377,-3.1379437675991055,51.333333333333336,53.99166666666667,402.5469947507165,404.3803389221696
2,322,base,trust,seasonal60,timer,905.0263263563426,935.4964475679704,4.012650842113897,927.9212039608447,948.2817766696508,-3.2571070997481275,-7.593514215549335,0.01639344262295082,1.0,0.09873743063066845,0.5573770491803278,0.45901639344262296,-2.9775917378591963,-3.541192346195314,50.416666666666664,53.19305555555555,400.85965968967594,403.5658920124149
2,324,base,thr,naive,queue,3185.851683726926,2669.486816129383,382.82484387806676,2010.2836408015025,3911.2726536310997,19.343225989265044,1.3488279975946644,0.9180327868852459,0.09836065573770492,-14.830230486184863,0.11475409836065574,0.9016393442622951,13.724670498726928,24.63888338548669,7.583333333333333,7.636111111111111,3110.0183503935923,2593.1257050182717
2,324,base,mey,naive,queue,1205.4749091800866,1133.1788900243034,12.649709590873224,1104.1619103878622,1166.7326503867025,6.3799299291776075,5.7152315344808216,1.0,0.01639344262295082,-0.6527591123707005,0.32786885245901637,0.6885245901639344,5.651119325393358,7.105693054300034,67.91666666666667,68.32083333333334,526.3082425134198,449.97055669097006
2,324,base,trust,naive,queue,1065.7814140598223,1031.3411264654535,10.438609826215833,1007.7274246286726,1050.9582444377957,3.3393691680269106,3.2993174539270953,1.0,0.01639344262295082,-0.12868174633626567,0.4426229508196721,0.5737704918032787,4.552888436077816,2.0872750045126747,60.416666666666664,60.975,461.61474739315565,421.5911264654535
2,327,base,thr,naive,queue,2682.3798122600147,2709.4205305746577,217.33538898274776,2194.1311553240253,3529.4612886069485,-0.9980258881742451,-0.12441930622163694,0.4426229508196721,0.5737704918032787,-4.161474679929903,0.2786885245901639,0.7377049180327869,-2.800802271813537,1.0779792702935698,6.916666666666667,7.329166666666667,2613.213145593348,2636.128863907991
2,327,base,mey,naive,queue,1127.002285058389,1154.055300785995,12.902678336205096,1126.3529594488264,1186.2136209362989,-2.3441697905794565,-2.09669767955813,0.03278688524590164,0.9836065573770492,-0.8008046169178352,0.26229508196721313,0.7540983606557377,-2.9305202142448445,-1.7669454966594036,67.0,69.52083333333333,457.0022850583889,458.84696745266183
2,327,base,trust,naive,queue,1049.1566361230782,1052.4195392784638,9.366128113174486,1030.1325673175825,1078.3322748155356,-0.31003825314975314,-0.3483726803604147,0.3442622950819672,0.6721311475409836,2.639779370218921,1.0,0.01639344262295082,-0.5720148577464845,-0.04286506162386709,61.083333333333336,60.78888888888889,438.32330278974484,444.53065038957493
2,328,base,thr,seasonal60,event,2200.9390243285993,2295.804030848617,206.74548734817841,1966.2769980001449,3010.2280015893334,-4.132103840106595,-0.4588492244101865,0.3770491803278688,0.639344262295082,19.87022351028475,0.9836065573770492,0.03278688524590164,-9.18780858808185,1.3551207373845926,8.25,8.011111111111111,2118.4390243285993,2215.6929197375057
2,328,base,mey,seasonal60,event,1072.490352139803,1086.0175559738334,13.258392716377939,1051.5006004175084,1111.9734492228947,-1.2455787440655621,-1.0202747892148638,0.19672131147540983,0.819672131147541,0.4668950267805665,0.6885245901639344,0.32786885245901637,-0.23879276904588598,-2.247688698625776,60.25,61.775,469.990352139803,468.2675559738334
2,328,base,trust,seasonal60,event,964.8695196334471,985.4387087698949,10.252060463079212,957.9514870653162,1011.6944296717829,-2.0873128844435116,-2.0063468422297834,0.04918032786885246,0.9672131147540983,2.4870304289538714,0.9836065573770492,0.03278688524590164,-2.8584231068772232,-1.3051568486507128,55.666666666666664,56.17916666666667,408.2028529667805,423.6470421032283
2,329,base,thr,ma10,orchestration,1888.2353524894877,2419.4605647098697,231.61071022512863,1997.2597992657347,3188.209961097433,-21.956349277554107,-2.293612465952132,0.01639344262295082,1.0,5.377039566748274,0.7213114754098361,0.29508196721311475,-19.747612336150272,-24.011968321577072,6.166666666666667,6.397222222222222,1826.568685822821,2355.4883424876475
2,329,base,mey,ma10,orchestration,1047.825710753429,1109.3568101910018,12.602604879990935,1080.9663212826742,1135.3845608067643,-5.546556245233571,-4.882411217641635,0.01639344262295082,1.0,0.529988442964895,0.639344262295082,0.3770491803278688,-7.368971883745606,-3.7657330921628764,60.583333333333336,63.00972222222222,441.9923774200955,479.25958796877967
2,329,base,trust,ma10,orchestration,966.5487931342677,1001.4189911470023,9.721803488093725,970.3315764154983,1034.0618162663473,-3.482078762336539,-3.5868034213446154,0.01639344262295082,1.0,-1.4287128308735988,0.04918032786885246,0.9672131147540983,-3.1102116590823585,-3.866216980439741,54.166666666666664,55.21111111111111,424.8821264676011,449.30788003589123
2,330,base,thr,naive,http,1941.7114504043757,2429.8275903890894,277.4492017566464,1944.4121399751741,3368.1402034783696,-20.08850923890248,-1.7592991325772331,0.01639344262295082,1.0,-10.993178898267983,0.14754098360655737,0.8688524590163934,-21.107833076761576,-19.042599426695578,10.166666666666666,10.730555555555556,1840.044783737709,2322.522034833534
2,330,base,mey,naive,http,1022.4844428277414,1043.2599699448688,10.283275569749494,1024.849452755974,1070.0295160246249,-1.9914046082133525,-2.0203219272119006,0.01639344262295082,1.0,-1.3572498335526948,0.09836065573770492,0.9180327868852459,-1.980587079710276,-2.002495807305374,63.25,63.94583333333333,389.9844428277414,403.8016366115354
2,330,base,trust,naive,http,978.1270839226203,1000.0443816949956,9.647851919522191,979.940175273528,1019.8772794277965,-2.1916325088719866,-2.2717282515526867,0.01639344262295082,1.0,2.026545186998408,1.0,0.01639344262295082,-2.321900510270435,-2.0654729198531387,57.333333333333336,58.53888888888889,404.7937505892869,414.65549280610674
2,331,base,thr,seasonal60,timer,1701.521624498165,1713.5726924941844,6.912184819881274,1669.118841265583,1725.1045851046663,-0.7032714777030246,-1.7434528025577807,0.03278688524590164,0.9836065573770492,-0.07106407962847502,0.32786885245901637,0.7377049180327869,-0.8333921217613951,-0.575427417032513,7.75,8.969444444444445,1624.021624498165,1623.8782480497398
2,331,base,mey,seasonal60,timer,933.0623164237587,944.6966141047419,3.193729816593118,937.1903317145807,953.6470070745019,-1.2315379887339428,-3.64285595498306,0.01639344262295082,1.0,-0.010458024625050888,0.4918032786885246,0.5245901639344263,-1.3255301548580658,-1.1357508548706283,52.333333333333336,53.423611111111114,409.72898309042534,410.4605029936308
2,331,base,trust,seasonal60,timer,935.602995241693,945.6214702934532,2.9185902357756413,938.1114263831669,951.6253808788018,-1.0594593467353488,-3.4326418724202035,0.01639344262295082,1.0,-0.061636835380194516,0.4262295081967213,0.5901639344262295,-1.182996540658387,-0.932847263029209,53.583333333333336,54.50555555555555,399.7696619083596,400.56591473789763
2,332,base,thr,ma10,timer,2220.2788039256798,2299.622613994745,215.89799309734377,1832.8259784356123,2792.6573030391814,-3.450297000307998,-0.36750601027259494,0.45901639344262296,0.5573770491803278,-10.178746296297824,0.16393442622950818,0.8524590163934426,0.7299948553152232,-7.373773764386615,6.0,6.0,2160.2788039256798,2239.622613994745
2,332,base,mey,ma10,timer,1098.6628735410006,1098.9213382314774,13.144041658467316,1066.2676135703025,1121.8608923611444,-0.023519853649646937,-0.0196640194236058,0.47540983606557374,0.5409836065573771,0.19125189398491435,0.5573770491803278,0.45901639344262296,0.4803734810695035,-0.5202581474657271,61.333333333333336,60.897222222222226,485.32954020766726,489.94911600925514
2,332,base,trust,ma10,timer,1000.9611867189764,993.2407199914563,11.868795988869223,955.1342101089925,1016.1736792225632,0.7773006656016321,0.650484407581058,0.7704918032786885,0.2459016393442623,0.1676614409687884,0.6065573770491803,0.4098360655737705,0.8266864183628871,0.7271993728163911,55.666666666666664,54.19722222222222,444.29452005230974,451.26849776923416
2,333,base,thr,naive,queue,1692.5458946946148,2420.6467424864973,363.15799875087663,1905.1231974432283,3344.1701295615626,-30.07877337128401,-2.0049148037390565,0.01639344262295082,1.0,8.333577828633576,0.8032786885245902,0.21311475409836064,-27.614334696653376,-32.51154220437381,7.083333333333333,7.451388888888889,1621.7125613612816,2346.1328535976086
2,333,base,mey,naive,queue,1077.6063642180163,1121.0487944731228,12.089112150092545,1091.1008335409367,1140.2901357634862,-3.875159624566015,-3.5935170189296275,0.01639344262295082,1.0,0.6251766684749878,0.7049180327868853,0.3114754098360656,-3.2390131229440433,-4.538639674232515,63.75,64.87777777777778,440.1063642180163,472.271016695345
2,333,base,trust,naive,queue,991.9280190938442,1012.4515870659153,10.763153743217767,992.2136551370194,1044.9569873699259,-2.027115986014539,-1.9068359016058545,0.01639344262295082,1.0,0.2599151866497806,0.6557377049180327,0.36065573770491804,-0.8526362003325051,-3.2802811302413684,56.5,56.981944444444444,426.9280190938442,442.63214262147085
2,334,base,thr,seasonal60,queue,2199.5945969219792,2317.460352166568,244.91221828687063,1939.1845552967698,3007.8964465359,-5.085987992605675,-0.48125714620954646,0.32786885245901637,0.6885245901639344,0.10091459395954658,0.5901639344262295,0.4262295081967213,-8.086472599194764,-2.290402090026028,5.916666666666667,5.9625,2140.4279302553127,2257.835352166568
2,334,base,mey,seasonal60,queue,1069.2284240816873,1065.9195732239116,12.724639300339373,1035.2905241666194,1089.1380028467258,0.3104221876485472,0.26003494320561804,0.5901639344262295,0.4262295081967213,1.663398151868992,0.9344262295081968,0.08196721311475409,2.1798916255471,-1.5220682965439378,56.083333333333336,56.9125,508.39509074835394,496.7945732239116
2,334,base,trust,seasonal60,queue,942.0955889464417,960.1666656900858,10.867946183145747,929.4146911947564,985.033448073766,-1.882077079884474,-1.6627867344125344,0.06557377049180328,0.9508196721311475,0.7905289916533593,0.7868852459016393,0.22950819672131148,-1.2990112507899518,-2.456504663104391,50.666666666666664,51.34027777777778,435.42892227977507,446.76388791230795
2,335,base,thr,ma10,event,3037.8743328199016,2577.9598158292424,357.53505264946904,2037.1215946547788,3705.665421798048,17.84025158835613,1.28634804778586,0.9016393442622951,0.11475409836065574,6.175442904787905,0.7540983606557377,0.26229508196721313,18.23031842448163,17.450410293486215,7.333333333333333,7.9222222222222225,2964.540999486568,2498.7375936070202
2,335,base,mey,ma10,event,1322.8455416300274,1138.053937029186,12.460679216396683,1111.237956713869,1167.3117615853187,16.23750848604131,14.829978478033434,1.0,0.01639344262295082,0.5153228347012928,0.6557377049180327,0.36065573770491804,15.516805200481187,16.971283501243953,63.416666666666664,67.95,688.6788749633607,458.55393702918605
2,335,base,trust,ma10,event,1162.7960380459065,1040.1288971685692,11.416677292809023,1015.9983814113863,1060.6379907053758,11.793455716042578,10.74455708357467,1.0,0.01639344262295082,0.8689230899880007,0.7213114754098361,0.29508196721311475,10.534391738714852,13.055252456653774,59.25,61.32083333333333,570.2960380459065,426.92056383523584
2,336,base,thr,naive,queue,2034.2983210361688,2350.9926181560754,231.86923123904353,1931.4045372828632,2910.3319669839075,-13.470663186016106,-1.3658314879795908,0.09836065573770492,0.9180327868852459,4.028439157198175,0.6885245901639344,0.32786885245901637,-16.23781814753081,-10.441050399032884,10.333333333333334,10.580555555555556,1930.9649877028355,2245.1870626005198
2,336,base,mey,naive,queue,1059.7047822275283,1062.5503944062166,10.306921081818963,1030.4588112376389,1087.3679790388226,-0.2678096204819047,-0.27608751013994154,0.36065573770491804,0.6557377049180327,0.5959171516262821,0.7540983606557377,0.26229508196721313,-0.763262448755348,0.231547069164403,63.75,64.35416666666667,422.2047822275283,419.00872773954984
2,336,base,trust,naive,queue,1028.7540731217568,1018.6026416560725,11.220905072197105,995.1051183764208,1041.2344009216838,0.9966036853369915,0.9046891850851984,0.819672131147541,0.19672131147540983,2.3511014693229355,1.0,0.01639344262295082,2.550927942192125,-0.5629339406458053,59.5,59.3875,433.75407312175685,424.7276416560725
2,337,base,thr,seasonal60,event,2314.7545410845755,2657.325072972393,331.3464128387074,2163.834563769819,3602.877132610832,-12.89155532276034,-1.0338742736127762,0.13114754098360656,0.8852459016393442,13.799302021872293,0.8852459016393442,0.13114754098360656,-18.349946978449275,-7.461073516151012,8.0,8.408333333333333,2234.7545410845755,2573.2417396390597
2,337,base,mey,seasonal60,event,1092.9295460757542,1111.6098827877,11.140982585041378,1091.0399992078596,1144.3989228534015,-1.6804759476498292,-1.6767225484246977,0.03278688524590164,0.9836065573770492,-0.42876340612738834,0.3442622950819672,0.6721311475409836,-3.0228270943454616,-0.3718020255103277,66.91666666666667,68.07638888888889,423.7628794090874,430.845993898811
2,337,base,trust,seasonal60,event,1014.3759097227935,1015.4502367242991,11.590215131319841,985.8123023243984,1049.3539664918803,-0.10579809454486153,-0.09269258502393775,0.47540983606557374,0.5409836065573771,0.4579556010961491,0.6721311475409836,0.3442622950819672,-1.3509784274452532,1.0717630034338586,60.333333333333336,60.8875,411.0425763894601,406.5752367242991
2,338,base,thr,ma10,timer,1614.626839709861,1648.7510918338667,8.646630658530876,1622.2918318969969,1694.8356692212703,-2.069703079683786,-3.9465374978562497,0.01639344262295082,1.0,2.441317203878234,0.9836065573770492,0.03278688524590164,-1.7141660805663255,-2.47468722086023,8.25,11.48611111111111,1532.126839709861,1533.8899807227556
2,338,base,mey,ma10,timer,918.7318890888613,950.0319296018907,3.7703043267428393,940.4989204123693,960.7243263838958,-3.294630373754456,-8.301727871412838,0.01639344262295082,1.0,-0.028116326660107032,0.45901639344262296,0.5573770491803278,-2.9600611445837046,-3.6169086658872516,52.75,55.769444444444446,391.2318890888613,392.3374851574463
2,338,base,trust,ma10,timer,912.6297448052677,931.9434054719053,3.8142187389701054,920.8109920486928,939.0704665578328,-2.0724070317186043,-5.06359545384976,0.01639344262295082,1.0,-0.035505236511350104,0.47540983606557374,0.5409836065573771,-2.0236001121703135,-2.1196912924860585,51.333333333333336,53.15555555555556,399.29641147193433,400.38784991634975
2,339,base,thr,naive,queue,2282.502839861006,2341.146626704087,232.74918578425016,2016.8414676837135,3364.840138372454,-2.504917298821247,-0.25196129750349106,0.47540983606557374,0.5409836065573771,-5.653385874977793,0.32786885245901637,0.6885245901639344,5.1855485431313895,-9.785469854922322,6.666666666666667,7.048611111111111,2215.8361731943396,2270.6605155929756
2,339,base,mey,naive,queue,1139.1129411944494,1117.002999904201,13.754176877085994,1083.884806374476,1159.7666627127808,1.9793985595512802,1.6075074130450349,0.9344262295081968,0.08196721311475409,1.0948981184548838,0.8360655737704918,0.18032786885245902,3.029434823781364,0.8886258910240863,61.5,61.87638888888889,524.1129411944494,498.2391110153121
2,339,base,trust,naive,queue,998.7659319066662,980.1656201142446,10.6073002276389,959.027484275009,1002.6977965063567,1.8976702927260023,1.7535387321229712,0.9672131147540983,0.04918032786885246,-3.2149330573813564,0.01639344262295082,1.0,0.7725627125919114,3.06644802907953,53.833333333333336,53.10138888888889,460.4325985733328,449.15173122535566
2,342,base,thr,naive,http,1688.1283587301352,2468.732832585992,306.37566081689056,2037.9991595954755,3444.888546247465,-31.61964160529171,-2.547867124217793,0.01639344262295082,1.0,-4.944364148100738,0.4426229508196721,0.5737704918032787,-24.589892147777633,-38.30234528446863,6.916666666666667,7.343055555555556,1618.9616920634685,2395.3022770304365
2,342,base,mey,naive,http,1124.2295659223835,1155.422125652054,14.29911707527137,1126.8463173214254,1191.851288572027,-2.699667856201674,-2.1814325713588607,0.01639344262295082,1.0,1.3283686308599514,0.8852459016393442,0.13114754098360656,-2.234483172160926,-3.139132032927425,67.0,68.89305555555555,454.2295659223835,466.49157009649866
2,342,base,trust,naive,http,1025.4619080627915,1038.6178252938787,9.350794778920031,1020.121571291888,1058.3070811186255,-1.26667547106316,-1.4069303778054498,0.11475409836065574,0.9016393442622951,-0.9257777350220681,0.16393442622950818,0.8524590163934426,-1.402341143507398,-1.1344806521670214,58.083333333333336,59.26111111111111,444.62857472945814,446.0067141827676
2,343,base,thr,seasonal60,orchestration,3578.795658613848,2311.794604688192,402.20247349602084,1652.9383935492867,3500.97022595084,54.80595254250735,3.150157289965525,1.0,0.01639344262295082,-0.6103584314647393,0.6229508196721312,0.39344262295081966,54.09036452307997,55.6301160946493,8.416666666666666,8.254166666666666,3494.6289919471815,2229.2529380215256
2,343,base,mey,seasonal60,orchestration,1076.1877414939938,1064.710541626489,10.99857427258565,1045.9149677271996,1101.7908228140823,1.0779643310351639,1.0435170580347122,0.8360655737704918,0.18032786885245902,0.16425418181716867,0.5901639344262295,0.4262295081967213,0.024405849496887348,2.1027568546880344,62.583333333333336,62.641666666666666,450.35440816066045,438.29387495982235
2,343,base,trust,seasonal60,orchestration,1057.5478438012167,1045.1884723816174,9.698946519511344,1024.7088826557062,1067.5615949061028,1.182501696697495,1.274300398990338,0.8688524590163934,0.14754098360655737,-1.4717668126995942,0.04918032786885246,0.9672131147540983,0.48330146449502365,1.8587908362963563,62.0,61.24027777777778,437.5478438012167,432.7856946038396
2,345,base,thr,naive,http,2409.703517438945,2309.682373202473,227.22866997297473,1975.097034231435,3057.182345392026,4.330515113114365,0.4401783641490643,0.7540983606557377,0.26229508196721313,-7.900166937228948,0.21311475409836064,0.8032786885245902,9.143550903936397,-0.9177965009657818,6.0,6.025,2349.703517438945,2249.432373202473
2,345,base,mey,naive,http,1132.7723067779564,1114.473802703615,15.858067525431258,1073.9431869057207,1147.1838338158975,1.6418962949107216,1.1538924301461289,0.8688524590163934,0.14754098360655737,-0.4352909052399883,0.3442622950819672,0.6721311475409836,2.8929122958497944,0.4054591378499795,57.916666666666664,58.15277777777778,553.6056401112897,532.9460249258373
2,345,base,trust,naive,http,966.2761389105098,962.4125622996133,9.891149772228452,940.5540937882212,987.614895696351,0.401447026176039,0.39060945389223056,0.6885245901639344,0.32786885245901637,1.378936145430181,0.9344262295081968,0.08196721311475409,-0.42133704365078095,1.2070449682134625,50.333333333333336,51.6625,462.9428055771764,445.78756229961334
2,346,base,thr,seasonal60,timer,2953.0782746043656,1620.5753151944073,7.444269853313856,1609.0630876606617,1657.9325702735368,82.22406863269472,178.9971327835177,1.0,0.01639344262295082,-0.09331423967568796,0.5081967213114754,0.5737704918032787,81.12850071033614,83.25857440902497,7.25,9.302777777777777,2880.5782746043656,1527.5475374166294
2,346,base,mey,seasonal60,timer,2251.08269210098,897.0832735632695,3.25044700403842,887.6839412638782,903.8404244621073,150.93352628898566,416.5579124518796,1.0,0.01639344262295082,-0.29265507674068003,0.22950819672131148,0.7868852459016393,149.39565427828808,152.50043885893126,49.333333333333336,51.327777777777776,1757.7493587676463,383.80549578549176
2,346,base,trust,seasonal60,timer,1582.7760378699884,918.7397161647982,3.5866093899324123,906.7214145645704,927.8482017946894,72.2768712423965,185.1431950100659,1.0,0.01639344262295082,0.13245928300302195,0.6557377049180327,0.36065573770491804,72.04414405464159,72.50977563695955,49.916666666666664,51.8125,1083.6093712033216,400.6147161647982
