day,k,variant,algo,forecaster,trigger,cost_real,perm_mean,perm_sd,perm_min,perm_max,gap,z,p_lo,p_hi,sham_gap,sham_p_lo,sham_p_hi,gap_half_a,gap_half_b,nfac_real,nfac_perm,serve_real,serve_perm
10,0,signed,thr,naive,timer,1689.6096594718929,2337.8160017843907,288.9792470185327,1934.2228488524322,3040.4380043144815,-27.72700425601244,-2.2430895955339216,0.024390243902439025,1.0,-1.8624743969667719,0.5121951219512195,0.5121951219512195,-24.355232401060498,-31.33303437023501,6.0,6.478125,1629.6096594718929,2273.0347517843907
10,0,signed,mey,naive,timer,1147.1428723429494,1167.2570775258475,17.085540854947777,1120.6079579819282,1210.790908376813,-1.723202674901125,-1.1772647616872638,0.14634146341463414,0.8780487804878049,1.0305231194587434,0.8048780487804879,0.21951219512195122,-3.3375045671681014,-0.0477282873335479,67.875,68.03125,468.39287234294943,486.94457752584754
10,0,signed,trust,naive,timer,987.4125167139307,1008.2922601588795,13.587465878756019,983.9740623848817,1043.1163464715853,-2.0708027096884267,-1.5366915090174544,0.04878048780487805,0.975609756097561,1.2971212440778397,0.8536585365853658,0.17073170731707318,-3.4119455671562338,-0.667034308652657,57.375,57.684375,413.6625167139307,431.44851015887946
10,0,dwell5,thr,naive,timer,1594.3445097080082,2218.830642233016,296.9211397251282,1617.5195021430409,3108.1822858327932,-28.14483091402277,-2.1032053598579057,0.024390243902439025,1.0,-18.000087850259074,0.04878048780487805,0.975609756097561,-26.38500299809253,-29.969376560452293,6.0,6.00625,1534.3445097080082,2158.768142233016
10,0,dwell5,mey,naive,timer,1112.0556130556447,1147.4738659593927,16.583736445386954,1121.534641802662,1192.2287662572703,-3.08662828448255,-2.135722128748626,0.024390243902439025,1.0,0.5669207668631846,0.7317073170731707,0.2926829268292683,-3.3415559080086426,-2.8464287516542663,64.25,64.471875,469.5556130556447,502.7551159593927
10,0,dwell5,trust,naive,timer,977.4214976252715,1000.3974196480527,13.511536625013616,973.9381002541866,1030.4507583265445,-2.2966794567367357,-1.7004669905750314,0.0975609756097561,0.926829268292683,-0.1080032540842023,0.4634146341463415,0.5609756097560976,-3.49695239027545,-1.1147789644706885,55.0,55.4125,427.4214976252715,446.27241964805273
10,1,signed,thr,seasonal60,http,1807.3460900045961,2322.649636247744,359.7275010956468,1854.9657105323702,3307.835689981457,-22.186021438671407,-1.4324830452874817,0.024390243902439025,1.0,13.474599174122838,0.8292682926829268,0.1951219512195122,-15.557486780863561,-28.724141583608223,8.125,8.13125,1726.0960900045961,2241.337136247744
10,1,signed,mey,seasonal60,http,1120.8596273474454,1145.822465820409,13.354415975235685,1123.101415814544,1183.743336198376,-2.1785956566220883,-1.8692572194287203,0.024390243902439025,1.0,0.51798274812466,0.6829268292682927,0.34146341463414637,-2.5210985269703476,-1.8399784381905833,69.125,70.3,429.60962734744544,442.822465820409
10,1,signed,trust,seasonal60,http,1033.0767990716677,1055.1785681618899,15.798456443615203,1024.9343120636531,1090.621439449516,-2.094599886417638,-1.3989828163975113,0.04878048780487805,0.975609756097561,0.3409332719886101,0.6585365853658537,0.36585365853658536,-1.7399222633197875,-2.452053721394353,61.625,61.903125,416.82679907166766,436.14731816188987
10,0,f50,thr,naive,timer,2088.1663537317463,2790.247080797345,501.5975318461971,2110.690792740946,3902.7763089717737,-25.16195543747227,-1.3996893574844682,0.024390243902439025,1.0,10.57834838794304,0.7317073170731707,0.2926829268292683,-27.31638947629552,-22.80698300010311,6.0,6.025,1788.1663537317463,2488.997080797345
10,0,f50,mey,naive,timer,2395.162140168298,2482.6061825931833,57.27953861192811,2383.147033692633,2598.610430693409,-3.52226797137622,-1.5266191827647833,0.0975609756097561,0.926829268292683,0.03712624866973369,0.5853658536585366,0.43902439024390244,-0.8403212705972968,-6.218014091922831,27.125,27.359375,1038.9121401682978,1114.6374325931833
10,0,f50,trust,naive,timer,2092.0651042553864,2149.657622306078,36.873730076842,2078.215482853174,2222.1034262370486,-2.679148411964705,-1.5618847871010926,0.07317073170731707,0.9512195121951219,1.7476003816320789,0.8048780487804879,0.21951219512195122,-5.026190421055468,-0.26983907457819306,22.125,22.484375,985.8151042553864,1025.4388723060779
10,0,dwell200,thr,naive,timer,2149.3852708810264,2484.7757168792386,603.3733344927152,1691.663892920494,4024.606127483734,-13.497815666817884,-0.5558589132550762,0.3902439024390244,0.6341463414634146,-4.31382249466531,0.5365853658536586,0.4878048780487805,-20.74445568108787,-5.146232327372354,4.25,4.259375,2106.8852708810264,2442.1819668792386
10,0,dwell200,mey,naive,timer,886.5920273489387,883.7964515728588,15.450235404163678,859.4687168817547,917.6653595616847,0.3163144376858163,0.1809406590223543,0.6341463414634146,0.3902439024390244,-1.3935510073949382,0.24390243902439024,0.7804878048780488,2.0204039922623984,-1.4855209025142446,50.125,49.496875,385.3420273489387,388.8277015728588
10,0,dwell200,trust,naive,timer,755.3499232087415,773.0163753593655,8.663047349051245,752.3590409256465,793.8373512602434,-2.2853917088640014,-2.0392884211303257,0.04878048780487805,0.975609756097561,0.2396483418431693,0.6829268292682927,0.34146341463414637,-0.9829175238192147,-3.6673542708997195,41.125,42.375,344.09992320874153,349.2663753593655
10,0,f2,thr,naive,timer,1608.992936007743,2190.0026270726858,229.1723869870391,1660.1391716821815,2712.2977008725757,-26.53009105480215,-2.5352517321286263,0.024390243902439025,1.0,8.725072143620016,0.8292682926829268,0.1951219512195122,-23.76696920634974,-29.267134686062885,6.125,6.028125,1596.742936007743,2177.9463770726857
10,0,f2,mey,naive,timer,477.3151495076103,497.5974194493704,6.039207779657537,485.75058877931707,509.06880305069643,-4.076040017290289,-3.3584322119333154,0.024390243902439025,1.0,1.3377545841980931,0.8536585365853658,0.17073170731707318,-4.488060001795411,-3.66618688560859,137.75,140.565625,201.81514950761027,216.4661694493704
10,0,f2,trust,naive,timer,439.8421623193792,444.59057012134053,3.4628325684625056,434.82265717000814,453.1539005286719,-1.068040602090448,-1.3712496079675054,0.0975609756097561,0.926829268292683,-0.6136611472871644,0.1951219512195122,0.8292682926829268,-0.519676342592518,-1.609706640475074,125.375,125.4375,189.0921623193792,193.71557012134053
10,1,dwell5,thr,seasonal60,http,1652.7357310571801,2201.99586608006,332.4234679749345,1689.4768241260579,3007.9227920064295,-24.94374051667315,-1.6522904907071578,0.024390243902439025,1.0,42.919039612987895,1.0,0.024390243902439025,-24.055866413235623,-25.887163371038028,7.0,7.2375,1582.7357310571801,2129.62086608006
10,1,dwell5,mey,seasonal60,http,1099.3151136373097,1139.933358762211,13.327014259195412,1117.5375086217412,1176.6800546491495,-3.5632122538291453,-3.047812836012789,0.024390243902439025,1.0,3.4162519908586977,1.0,0.024390243902439025,-4.353594750192146,-2.7904307882804398,67.0,67.784375,429.31511363730965,462.0896087622109
10,1,dwell5,trust,seasonal60,http,1052.0594610014673,1070.6308267439895,12.821615648153458,1047.5310356172251,1097.467756832972,-1.7346190001834294,-1.4484419321364375,0.04878048780487805,0.975609756097561,-0.24672466510122595,0.43902439024390244,0.5853658536585366,-1.840121359444455,-1.6255839348871006,63.25,63.0875,419.5594610014673,439.7558267439895
10,1,dwell200,thr,seasonal60,http,2515.700920293642,2348.3507571745504,294.88485989239274,1704.7332923065428,2986.4157502304042,7.126284802549734,0.5675101908594419,0.7804878048780488,0.24390243902439024,-12.147974580339062,0.1951219512195122,0.8292682926829268,0.3603816783550153,13.675541139165821,5.625,6.30625,2459.450920293642,2285.2882571745504
10,1,dwell200,mey,seasonal60,http,903.0668286134226,912.0650311128899,11.640392759130373,889.6573621941934,933.9210561130595,-0.9865746621694093,-0.7730153686102552,0.2682926829268293,0.7560975609756098,0.0839431513989979,0.5609756097560976,0.4634146341463415,-0.5824741472972297,-1.4807411909530839,52.75,55.659375,375.56682861342256,355.47128111288987
10,1,dwell200,trust,seasonal60,http,848.7080341519796,859.0897547513047,13.677202624271237,830.9993279186899,899.9373879180989,-1.2084558734297104,-0.759052920726778,0.24390243902439024,0.7804878048780488,0.7104923359268234,0.6829268292682927,0.34146341463414637,-0.39792909643002966,-2.229483483343373,50.0,49.678125,348.70803415197963,362.30850475130467
10,1,f2,thr,seasonal60,http,1854.3647124491108,2323.037342443663,292.5479467452392,1966.0399593876477,3473.8130062971804,-20.174993377486704,-1.6020369830272245,0.024390243902439025,1.0,-7.044097960202562,0.34146341463414637,0.6829268292682927,-10.087309678899397,-30.341956575987368,6.75,7.303125,1840.8647124491108,2308.431092443663
10,1,f2,mey,seasonal60,http,471.82003864002473,483.9636802686804,4.573454289187928,473.9866189223684,493.03231689811054,-2.509205158104819,-2.6552449988107116,0.024390243902439025,1.0,-0.31621620790770627,0.4146341463414634,0.6097560975609756,-1.929111158076821,-3.0873994363712325,146.75,149.78125,178.32003864002473,184.40118026868038
10,1,f2,trust,seasonal60,http,443.0045714867766,447.7693906946512,4.85756829640203,439.0860521818594,458.4861903720401,-1.0641234767036234,-0.9809062718487817,0.21951219512195122,0.8048780487804879,0.21198951880954087,0.5609756097560976,0.4634146341463415,0.1737248350327104,-2.3194111086322695,131.25,131.278125,180.50457148677663,185.2131406946512
10,1,f50,thr,seasonal60,http,1968.3628986250037,2491.3558926308688,248.34332790283096,2022.664482724869,3307.788756609277,-20.992303650908145,-2.1059273000098315,0.024390243902439025,1.0,-3.6479766540448035,0.34146341463414637,0.6829268292682927,-25.753355446620805,-16.130641296126267,7.125,7.340625,1612.1128986250037,2124.3246426308688
10,1,f50,mey,seasonal60,http,2507.0593368978734,2600.424532855775,54.42762496472713,2480.5119488155033,2763.299883378155,-3.590382830889857,-1.7154008836212975,0.07317073170731707,0.9512195121951219,2.8020409890554854,0.9512195121951219,0.07317073170731707,-3.554521645911928,-3.6278903839399845,28.875,30.69375,1063.3093368978734,1065.737032855775
10,1,f50,trust,seasonal60,http,2335.197745322006,2303.9970026431133,46.9024182169282,2221.7476175914903,2406.2138624921804,1.3542006627222045,0.6652267380881371,0.7804878048780488,0.24390243902439024,-1.756153537539198,0.2682926829268293,0.7560975609756098,-1.1431193629852587,3.677842030468815,28.375,27.078125,916.4477453220061,950.0907526431133
10,2,signed,thr,ma10,timer,2041.7924148893442,2320.507456014439,201.06509354966755,1940.6427292616368,2714.533612977445,-12.01095219076773,-1.386193079089812,0.0975609756097561,0.926829268292683,-5.446564200312404,0.2926829268292683,0.7317073170731707,-8.030538023199602,-16.07976344290138,6.125,6.146875,1980.5424148893442,2259.038706014439
10,2,signed,mey,ma10,timer,1096.5876853504533,1108.918377609934,15.647278730367747,1084.5770382674255,1148.0262404716073,-1.111956705601467,-0.7880406856656574,0.1951219512195122,0.8292682926829268,-3.7600442488512407,0.024390243902439025,1.0,-1.0467904942027113,-1.1768558347150064,65.875,64.728125,437.8376853504533,461.63712760993394
10,2,signed,trust,ma10,timer,969.5406495993934,975.1679182613141,10.538683969978338,959.1934081175363,1001.0016851612958,-0.5770563773215438,-0.533963128408738,0.3170731707317073,0.7073170731707317,-0.5384818115422023,0.34146341463414637,0.6829268292682927,-0.47348674718457606,-0.679627868504703,54.5,55.09375,424.5406495993934,424.23041826131407
10,0,base,thr,naive,timer,1617.4202753942336,2470.2471317188156,386.73395084412914,1848.510539224964,3535.908162202633,-34.52394885410428,-2.205202968250152,0.01639344262295082,1.0,-2.8593395590344812,0.5081967213114754,0.5081967213114754,-36.47185628766719,-32.74077414690068,6.0,6.031944444444444,1557.4202753942336,2409.9276872743712
10,0,base,mey,naive,timer,1047.845505987057,1107.0086393040497,14.359839217615457,1080.0583719343322,1145.546868714259,-5.344414778387551,-4.1200414865659605,0.01639344262295082,1.0,-0.6178086150962938,0.36065573770491804,0.6557377049180327,-6.674088039441279,-3.9607031705072244,59.666666666666664,63.19722222222222,451.17883932039047,475.0364170818275
10,0,base,trust,naive,timer,950.8055736612911,968.6388167590032,10.895010112242968,949.1093779059137,999.6330215866095,-1.8410621987441032,-1.636826667803874,0.03278688524590164,0.9836065573770492,0.5712431894444624,0.7377049180327869,0.2786885245901639,-2.4239518636540724,-1.2320956589926633,53.916666666666664,53.95,411.63890699462445,429.13881675900325
10,1,base,thr,seasonal60,http,1745.470911027808,2359.0534225148617,272.70922275977836,1901.6654654256588,3282.347490049211,-26.009691244420654,-2.249951451137906,0.01639344262295082,1.0,18.874005309490148,0.9180327868852459,0.09836065573770492,-24.57794175331736,-27.380365007111166,6.916666666666667,7.279166666666667,1676.3042443611412,2286.261755848195
10,1,base,mey,seasonal60,http,1081.884147325825,1086.9772646696024,11.047121644661667,1060.5090430515488,1111.0584636886917,-0.46855785390556426,-0.46103568944028567,0.3442622950819672,0.6721311475409836,1.4440442590434726,0.9016393442622951,0.11475409836065574,-2.024996582410422,1.0812824457607604,66.25,65.76944444444445,419.3841473258251,429.28282022515793
10,1,base,trust,seasonal60,http,992.4015934489915,1006.4883964789313,10.088249017726756,983.8662735759449,1035.6595344105772,-1.3995991488049588,-1.3963575844714886,0.06557377049180328,0.9508196721311475,0.5332187145036695,0.6721311475409836,0.3442622950819672,-1.9479946761220401,-0.8377695284532977,57.833333333333336,58.6125,414.0682601156582,420.36339647893135
10,2,dwell5,thr,ma10,timer,2461.7716988686425,2356.7616662087967,214.2788028726188,1754.9041115796713,2768.1145751825707,4.455691645255337,0.4900626251970923,0.7317073170731707,0.2926829268292683,10.091758940529784,0.9024390243902439,0.12195121951219512,4.689644877118542,4.158073410183963,6.0,6.0,2401.7716988686425,2296.7616662087967
10,2,dwell5,mey,ma10,timer,1106.1675278244502,1113.3652748097527,22.241751277107074,1047.8396528808148,1164.1317999880735,-0.6464856725958534,-0.32361421974496124,0.3170731707317073,0.7073170731707317,2.17587166544846,0.8780487804878049,0.14634146341463414,-0.8869805974733953,-0.4067308198133033,60.625,59.915625,499.9175278244502,514.2090248097527
10,2,dwell5,trust,ma10,timer,1005.7023562857215,1002.4886032393831,10.824032205126347,984.7857846011564,1027.0942632575518,0.32057751439304916,0.29690904326913886,0.7317073170731707,0.2926829268292683,0.3029183674485368,0.7073170731707317,0.3170731707317073,-0.6336503760184955,1.2998980681912826,55.375,55.515625,451.9523562857215,447.3323532393831
10,2,f2,thr,ma10,timer,2094.36225429603,2461.3095674291317,215.74840665227734,2072.419845942245,2906.2106789181375,-14.90862092233211,-1.7008112311323442,0.07317073170731707,0.9512195121951219,1.4570249354840399,0.5609756097560976,0.4634146341463415,-21.66219309296696,-8.238620508953236,6.0,6.03125,2082.36225429603,2449.2470674291317
10,2,f2,mey,ma10,timer,502.3172516656093,502.1343518852276,5.851353740497576,487.88350880529305,516.2524426230832,0.03642447080050055,0.03125768642491341,0.43902439024390244,0.5853658536585366,-2.207881601218329,0.0975609756097561,0.926829268292683,0.01594139959683527,0.05672937498078084,134.25,136.809375,233.81725166560932,228.51560188522762
10,2,f2,trust,ma10,timer,437.4932589134212,441.74135755940654,3.9064650302183566,434.1961555847795,452.97498538433064,-0.9616710261080899,-1.0874533915251505,0.1951219512195122,0.8292682926829268,-1.746307782471514,0.024390243902439025,1.0,-0.396528482126643,-1.5325154391806364,120.0,121.19375,197.4932589134212,199.35385755940655
10,2,f50,thr,ma10,timer,2827.356004549688,2700.213444260093,188.02771720770826,2241.29013995389,3021.205444499563,4.708611482542783,0.676190522215107,0.7804878048780488,0.24390243902439024,-8.596229535154249,0.14634146341463414,0.8780487804878049,9.994580038986822,-0.13919559056421735,6.0,6.0,2527.356004549688,2400.213444260093
10,2,f50,mey,ma10,timer,2483.8397612551735,2497.5005152938916,48.921972670455915,2404.618099988234,2608.7581230939777,-0.5469770258329887,-0.279235551900953,0.43902439024390244,0.5853658536585366,-2.097380395228279,0.17073170731707318,0.8536585365853658,0.4141430026739001,-1.5570783404912893,25.875,26.05625,1190.0897612551735,1194.6880152938916
10,2,f50,trust,ma10,timer,2178.998790586089,2182.669752184719,30.481654464357593,2108.2397624634377,2258.934422464856,-0.1681867627915639,-0.12043183557908936,0.5121951219512195,0.5121951219512195,1.500265640443026,0.9024390243902439,0.12195121951219512,0.3062990786619299,-0.6351872176000821,24.25,24.34375,966.498790586089,965.4822521847191
10,2,dwell200,thr,ma10,timer,2554.3460254983306,2350.298890033348,284.16920624159735,1841.7055744222082,3058.9964873695053,8.681752620071544,0.7180480185157856,0.7073170731707317,0.3170731707317073,30.09186379932387,0.975609756097561,0.04878048780487805,1.1454230390555245,15.703302524090288,4.375,4.265625,2510.5960254983306,2307.642640033348
10,2,dwell200,mey,ma10,timer,866.2213838247552,847.2749600066749,14.012143279219263,815.4141054634281,878.866939452739,2.236160008544462,1.3521431690024808,0.926829268292683,0.0975609756097561,0.004741855495596512,0.5365853658536586,0.4878048780487805,4.70513953945603,-0.4774775951091811,45.75,44.8625,408.7213838247552,398.64996000667486
10,2,dwell200,trust,ma10,timer,736.769417370957,760.4414654364349,11.248103180144705,736.07319113635,782.9224055283083,-3.1129349386401515,-2.1045368882518924,0.04878048780487805,0.975609756097561,0.7586693841905036,0.7073170731707317,0.3170731707317073,-3.3342028019273986,-2.866748007743041,39.125,39.975,345.51941737095694,360.6914654364349
10,3,signed,thr,naive,http,2355.0184613213014,2667.0239494648317,258.91533201780317,2168.661575584062,3201.3547676311837,-11.698638409532757,-1.205048328779837,0.07317073170731707,0.9512195121951219,-0.9945340803578808,0.6097560975609756,0.4146341463414634,-16.923308609427266,-6.024361502617049,8.25,8.50625,2272.5184613213014,2581.9614494648317
10,3,signed,mey,naive,http,1135.8553317961728,1144.7432744611801,16.614547744073597,1108.7238977703103,1174.0999596957583,-0.7764136172095729,-0.5349494191424912,0.3170731707317073,0.7073170731707317,-2.0686237156787186,0.12195121951219512,0.9024390243902439,1.309965855170229,-2.795706029051307,66.875,70.0875,467.1053317961728,443.86827446118014
10,3,signed,trust,naive,http,1090.360868394562,1094.8718430944716,13.250267232517883,1061.2093178940333,1119.2461396265717,-0.41200938067419157,-0.34044405450473625,0.36585365853658536,0.6585365853658537,0.7875814613119263,0.7317073170731707,0.2926829268292683,-1.2096215469469815,0.4251906912296066,62.75,63.575,462.860868394562,459.1218430944716
10,3,dwell5,thr,naive,http,3023.519946804334,2315.6756831015,246.55749778084092,1948.79935602655,2979.875841825009,30.56750428690354,2.8709095041677446,1.0,0.024390243902439025,2.81132822767523,0.7317073170731707,0.2926829268292683,31.819566832929503,29.296357430662177,7.125,7.38125,2952.269946804334,2241.8631831015
10,3,dwell5,mey,naive,http,1190.268687813827,1166.2821856279677,12.617266294933392,1143.3554683616999,1192.907255650467,2.05666368580809,1.9010855144978087,0.975609756097561,0.04878048780487805,0.28552004678869736,0.6341463414634146,0.3902439024390244,1.8554562695251424,2.2506685185085717,70.375,70.778125,486.518687813827,458.5009356279677
10,3,dwell5,trust,naive,http,1085.8162649754884,1087.2551194905423,14.722872185317717,1065.3182337221403,1127.7903716563642,-0.13233826075043895,-0.097729199638694,0.5121951219512195,0.5121951219512195,-0.5984735702765337,0.36585365853658536,0.6585365853658537,0.344431862460131,-0.5927992300808552,62.75,63.553125,458.31626497548837,451.72386949054226
10,2,base,thr,ma10,timer,2067.967410695326,2152.613397441019,148.02973399502926,1842.5169433217504,2463.127839471022,-3.9322428656403527,-0.5718174616765523,0.29508196721311475,0.7213114754098361,-3.3144301126254274,0.3442622950819672,0.6721311475409836,-2.0791642849545027,-5.860615021128596,6.0,6.0,2007.9674106953262,2092.613397441019
10,2,base,mey,ma10,timer,1050.3776428337553,1062.2904455940488,13.882101349478166,1027.1807130427705,1093.8966400303705,-1.121426141946678,-0.8581411747682799,0.21311475409836064,0.8032786885245902,-0.08775534596722764,0.4426229508196721,0.5737704918032787,-0.9725707471921059,-1.2772745215478831,56.916666666666664,56.8125,481.2109761670887,494.16544559404883
10,2,base,trust,ma10,timer,962.510916611108,960.4540781380833,11.028892146724724,938.0913716151302,989.6242540103113,0.2141527137884599,0.18649547440134,0.6065573770491803,0.4098360655737705,-0.34148692467854963,0.4918032786885246,0.5245901639344263,-1.1588435636587704,1.659955028240669,51.833333333333336,51.87222222222222,444.1775832777746,441.73185591586116
10,3,dwell200,thr,naive,http,2096.693684451965,2272.0178964200372,434.3071212351605,1722.4152925070255,3972.2819742051333,-7.716673897874055,-0.4036871683555493,0.4146341463414634,0.6097560975609756,-26.52341632928288,0.024390243902439025,1.0,1.10858905854829,-14.22306845982417,6.0,6.425,2036.693684451965,2207.7678964200372
10,3,dwell200,mey,naive,http,932.3709445193654,939.0265702607512,13.171097690236103,904.166768173649,971.3676664683082,-0.70877927762339,-0.5053205053911144,0.2926829268292683,0.7317073170731707,-0.5200205306778701,0.3170731707317073,0.7073170731707317,0.8571474639396139,-2.0557719739540494,52.75,55.859375,404.87094451936537,380.4328202607512
10,3,dwell200,trust,naive,http,895.0810119183375,891.9003684761359,9.917064299440218,875.2343699527739,913.588682364636,0.35661420878611155,0.320724293617933,0.6097560975609756,0.4146341463414634,0.5201202130736194,0.6829268292682927,0.34146341463414637,-1.0765592248825733,1.5790633794917315,52.125,53.04375,373.8310119183375,361.4628684761359
10,3,f50,thr,naive,http,2812.8749981972287,2638.689327557674,296.8242006819964,2201.278423345453,3474.065727708101,6.6012193561558075,0.5868310947669968,0.8292682926829268,0.1951219512195122,2.6581095040036904,0.6585365853658537,0.36585365853658536,32.39735154310982,-17.595386279989302,7.125,7.403125,2456.6249981972287,2268.533077557674
10,3,f50,mey,naive,http,2454.313577747363,2455.3625227890443,57.66876504302591,2324.436680964186,2606.9107438391584,-0.04272057718343523,-0.018189136543822846,0.4878048780487805,0.5365853658536586,-4.164291253082042,0.07317073170731707,0.9512195121951219,2.3703757043614604,-2.3573576314009244,28.75,29.4625,1016.8135777473631,982.2375227890443
10,3,f50,trust,naive,http,2402.5436636796935,2330.3722107219355,42.57463341292555,2244.8354023014144,2414.41477271804,3.0969925158607903,1.6951749709216972,0.926829268292683,0.0975609756097561,0.666668035663204,0.6341463414634146,0.3902439024390244,0.8206618529844292,5.4132031959054325,26.875,26.9125,1058.7936636796935,984.7472107219355
10,3,f2,thr,naive,http,2259.845888266699,2271.3066829812897,401.3276014158828,1703.351811165059,3533.0512537886716,-0.5045903664381958,-0.028557205320931988,0.6341463414634146,0.3902439024390244,-1.2879108697267228,0.5853658536585366,0.43902439024390244,2.620702367788478,-3.6641666711331404,6.75,7.475,2246.345888266699,2256.35668298129
10,3,f2,mey,naive,http,500.1538941257102,493.8069466880808,5.055505079544228,483.91401540455786,508.79159237803395,1.2853094676366585,1.255452687271676,0.9024390243902439,0.12195121951219512,-0.10620516326219483,0.4634146341463415,0.5609756097560976,1.3122521892520873,1.2580690783340571,152.75,154.415625,194.65389412571022,184.9756966880808
10,3,f2,trust,naive,http,460.78321042835114,464.56532317627915,3.993690578995587,457.55947614235953,472.1073828592915,-0.8141186092128726,-0.947021977070445,0.1951219512195122,0.8292682926829268,0.8745249736972861,0.8048780487804879,0.21951219512195122,-0.5399324385941922,-1.0889148896893488,138.25,142.46875,184.28321042835114,179.62782317627915
10,4,signed,thr,seasonal60,queue,2110.848143964252,2149.252114186146,208.18012676744047,1658.5534977600905,2627.552795852999,-1.7868527367454348,-0.18447471820783173,0.4878048780487805,0.5365853658536586,10.446515219780602,0.9024390243902439,0.12195121951219512,11.239556376935438,-16.05401736330881,6.375,6.409375,2047.098143964252,2085.158364186146
10,4,signed,mey,seasonal60,queue,1112.1012889006615,1109.0022088506971,14.910573867648468,1078.3157831431445,1142.6743888723704,0.2794475994034415,0.20784445169400892,0.6585365853658537,0.36585365853658536,-0.9445348742621111,0.2682926829268293,0.7560975609756098,2.019787390886388,-1.484337875255675,64.625,65.503125,465.85128890066153,453.9709588506971
10,4,signed,trust,seasonal60,queue,1012.1276551827825,985.5521219793661,13.526522463618443,957.7117163413161,1020.1327243685723,2.696512199683823,1.9646981162301822,0.975609756097561,0.04878048780487805,1.3519419544553475,0.8536585365853658,0.17073170731707318,2.6128745768059805,2.7853830823711685,57.625,55.884375,435.8776551827825,426.7083719793661
10,4,dwell5,thr,seasonal60,queue,2773.2148269487693,2233.081604788155,220.45989662170243,1858.7005644988421,2736.0238389239685,24.18779595884294,2.450029372405334,1.0,0.024390243902439025,-5.464709832329622,0.3902439024390244,0.6341463414634146,20.278069384183485,27.654091757409184,6.0,6.05625,2713.2148269487693,2172.519104788155
10,4,dwell5,mey,seasonal60,queue,1114.294085791539,1131.06087683694,17.623151030214764,1097.2878240313646,1170.6692328880301,-1.4823951025775133,-0.9514071017523789,0.24390243902439024,0.7804878048780488,-3.5423470173813767,0.024390243902439025,1.0,0.7777209626667673,-3.682080084543362,58.125,59.95,533.0440857915389,531.56087683694
10,4,dwell5,trust,seasonal60,queue,998.3545190881605,1008.7949035658628,11.812279210768285,978.1943016422517,1037.895362531836,-1.0349362829647435,-0.8838585925216421,0.17073170731707318,0.8536585365853658,-2.4865663826239994,0.07317073170731707,0.9512195121951219,2.3963192509819784,-4.30930795001969,55.75,55.75625,440.8545190881605,451.2324035658628
10,4,dwell200,thr,seasonal60,queue,2678.484378908455,2221.0864014616795,405.7856557567334,1758.02044288157,3890.9068072399914,20.593434687897112,1.1271910945047876,0.9024390243902439,0.12195121951219512,-11.332772172369603,0.2682926829268293,0.7560975609756098,42.39273428500381,-0.7739622985653886,4.75,4.7,2630.984378908455,2174.0864014616795
10,4,dwell200,mey,seasonal60,queue,922.303091821959,897.3676163594866,16.553466763047386,857.1139637877433,927.6730478841989,2.7787358277572594,1.506359714216257,0.9512195121951219,0.07317073170731707,-1.0934085505100064,0.2926829268292683,0.7317073170731707,5.728276258855267,0.137092474869561,49.25,48.253125,429.803091821959,414.83636635948665
10,4,dwell200,trust,seasonal60,queue,790.9575511207922,798.9034199817888,9.970447674190451,783.0467418001357,822.1549956571807,-0.9945969265193189,-0.7969420351671181,0.2682926829268293,0.7560975609756098,-1.412701528661502,0.17073170731707318,0.8536585365853658,-2.22824398648608,0.060299418218294036,39.5,42.084375,395.95755112079223,378.05966998178883
10,3,base,thr,naive,http,2450.090494486117,2395.2670040967546,220.27057753062707,1968.5044238805797,3016.3759565831406,2.288825850963381,0.24889157237416248,0.639344262295082,0.3770491803278688,5.283214881564826,0.7049180327868853,0.3114754098360656,8.978729599967636,-4.192420153039985,7.25,7.425,2377.590494486117,2321.0170040967546
10,3,base,mey,naive,http,1140.4342222045495,1126.1464605907634,11.203406183787282,1107.27015295021,1162.530515527029,1.2687303218349586,1.2753051508979787,0.8852459016393442,0.13114754098360656,-0.4595434902937788,0.4098360655737705,0.6065573770491803,1.0357828187309668,1.5004320493605152,66.58333333333333,67.39027777777778,474.6008888712163,452.2436828129855
10,3,base,trust,naive,http,1060.453473574101,1078.233386617821,9.958124015476491,1053.5742541704715,1101.7158522619034,-1.648985578112322,-1.7854681279412832,0.04918032786885246,0.9672131147540983,-0.032353234044288144,0.47540983606557374,0.5409836065573771,-3.371475574497159,0.0627351413244927,62.333333333333336,64.71666666666667,437.1201402407677,431.06671995115425
10,4,f2,thr,seasonal60,queue,2217.853587685312,1989.1371552452779,243.02112543797398,1632.5738595991613,2867.6699979251675,11.498273602547606,0.9411380678442673,0.8780487804878049,0.14634146341463414,9.68452515547629,0.8780487804878049,0.14634146341463414,-2.128502187305995,25.8922403170077,6.125,6.115625,2205.603587685312,1976.9059052452778
10,4,f2,mey,seasonal60,queue,499.1453825485033,500.4728532694242,5.772767693443673,487.5649776205677,512.1522120425925,-0.2652433018592316,-0.22995394781407563,0.3902439024390244,0.6341463414634146,1.028335642087735,0.8048780487804879,0.21951219512195122,0.4839533150318132,-0.9935335378675141,137.5,136.1375,224.14538254850328,228.19785326942423
10,4,f2,trust,seasonal60,queue,430.760145861782,438.47468815531937,3.890631934253136,428.40559876334294,446.4983793244958,-1.7594042488502022,-1.9828507100912085,0.04878048780487805,0.975609756097561,-1.1381573144636992,0.0975609756097561,0.926829268292683,-1.699797684129199,-1.8195386260221944,115.25,117.584375,200.260145861782,203.30593815531938
10,4,f50,thr,seasonal60,queue,2224.1487577045086,2472.974486415331,248.52153320151828,2071.0248031311758,3065.0957390881194,-10.061799265527581,-1.001224020733275,0.1951219512195122,0.8292682926829268,1.0230558416165503,0.5609756097560976,0.4634146341463415,-3.6238522392430443,-15.898762947440398,6.0,6.115625,1924.1487577045086,2167.193236415331
10,4,f50,mey,seasonal60,queue,2342.5080745357964,2433.456340958727,62.3456675704572,2273.1407589961937,2551.9911685416214,-3.7374110598219836,-1.458774442027582,0.12195121951219512,0.9024390243902439,0.4737236383732697,0.6097560975609756,0.4146341463414634,-1.1444531072290243,-6.288398827148781,25.875,26.73125,1048.7580745357964,1096.8938409587272
10,4,f50,trust,seasonal60,queue,2158.709180465333,2204.354072377363,38.64813301059296,2103.8633082594074,2294.3620512366724,-2.0706697024767418,-1.1810374358709543,0.0975609756097561,0.926829268292683,-1.133739470020969,0.3170731707317073,0.7073170731707317,-0.6484965700769468,-3.4971145055165476,22.75,23.146875,1021.2091804653328,1047.010322377363
10,5,signed,thr,ma10,queue,2849.927286815231,2587.2935661615984,398.8616879460926,2100.0828790444375,3861.577959295968,10.150905335542006,0.6584581286963026,0.7804878048780488,0.24390243902439024,4.767503515794738,0.7317073170731707,0.2926829268292683,20.305866967494822,0.1825991635396409,8.5,8.6125,2764.927286815231,2501.1685661615984
10,5,signed,mey,ma10,queue,1170.2119313296537,1153.8918352549385,16.342859804255014,1126.856369181325,1199.5055085288914,1.4143523314825612,0.9986071146780597,0.8780487804878049,0.14634146341463414,-0.3117313119739798,0.4146341463414634,0.6097560975609756,0.6337033908124865,2.1955279399671843,69.5,69.634375,475.2119313296537,457.54808525493854
10,5,signed,trust,ma10,queue,1094.960077645463,1080.8744685495976,12.63451062686189,1046.67089307113,1107.4955909530013,1.3031678983745858,1.114851972653237,0.8536585365853658,0.17073170731707318,0.6239069022411812,0.7560975609756098,0.2682926829268293,3.5711963725253053,-1.0025182429524626,64.0,64.56875,454.9600776454629,435.1869685495976
10,4,base,thr,seasonal60,queue,2495.483473343353,2137.798084361591,287.17939023335583,1833.6620389254406,3261.5554429655535,16.731486083662453,1.24551204280751,0.9016393442622951,0.11475409836065574,-1.17471064336916,0.639344262295082,0.3770491803278688,19.518510062685845,13.84235776090161,6.083333333333333,6.105555555555555,2434.6501400100196,2076.7425288060354
10,4,base,mey,seasonal60,queue,1111.1870115909487,1099.9366869805954,12.563414697247193,1067.8834749328776,1127.793248240223,1.0228156532569423,0.8954830260294152,0.8524590163934426,0.16393442622950818,-1.102404658133089,0.16393442622950818,0.8524590163934426,1.5071870750413756,0.527274934925183,59.666666666666664,60.2125,514.5203449242821,497.81168698059537
10,4,base,trust,seasonal60,queue,962.7162915434479,962.7796108569376,10.371637900064062,937.2469094767681,992.2036762754165,-0.006576719404480973,-0.006105044747968256,0.5081967213114754,0.5081967213114754,0.04855605819626842,0.5245901639344263,0.4918032786885246,-0.27843108778101344,0.27213999093897195,53.416666666666664,53.358333333333334,428.5496248767813,429.1962775236042
10,5,dwell5,thr,ma10,queue,1696.4805393517074,2213.6899340431337,245.84928273944362,1818.9644877121254,2816.1140833232857,-23.364130031832563,-2.1037661323566925,0.024390243902439025,1.0,-1.3274520061368849,0.5365853658536586,0.4878048780487805,-23.23786923487922,-23.481676592252366,6.875,7.5125,1627.7305393517074,2138.5649340431337
10,5,dwell5,mey,ma10,queue,1170.3126721933074,1173.4350387179989,16.366812746599916,1133.398739357661,1210.5815921027508,-0.26608771867786246,-0.19077425599190434,0.36585365853658536,0.6585365853658537,1.505184793688023,0.8536585365853658,0.17073170731707318,-1.5992697949177475,1.0341259545476138,69.25,70.109375,477.81267219330744,472.34128871799885
10,5,dwell5,trust,ma10,queue,1087.5601783499712,1079.6960763894872,13.764249969613067,1048.908928582745,1112.4351241922132,0.7283625579877694,0.5713425706337358,0.7317073170731707,0.2926829268292683,-0.04908658229462763,0.5121951219512195,0.5121951219512195,1.0998174767956521,0.37209802004003484,63.25,63.171875,455.06017834997124,447.9773263894872
10,5,dwell200,thr,ma10,queue,3070.877627459342,2388.9148836634786,529.9976790336699,1827.7285193260877,4106.569091152623,28.546967012489425,1.286727792920277,0.9024390243902439,0.12195121951219512,11.14627592845325,0.8292682926829268,0.1951219512195122,34.610781866812246,24.167771041870285,6.375,6.284375,3007.127627459342,2326.0711336634786
10,5,dwell200,mey,ma10,queue,925.4725276469301,921.5295158497022,16.573540119926605,889.3996055453669,952.5294502598902,0.42787688613448294,0.2379100523301683,0.6097560975609756,0.4146341463414634,-0.6690165323941814,0.3902439024390244,0.6341463414634146,0.8128165206117347,0.0841731055124006,51.125,54.425,414.2225276469301,377.2795158497022
10,5,dwell200,trust,ma10,queue,900.2492807058356,842.4338870001855,10.863509486576307,823.7547170046313,875.2521592099299,6.862899818942998,5.321981241613572,1.0,0.024390243902439025,1.5050186199425812,0.9024390243902439,0.12195121951219512,5.134329858658513,8.40341984359026,50.25,49.4125,397.74928070583564,348.30888700018545
10,5,f2,thr,ma10,queue,2740.2480935460544,2562.745460073487,470.1100102601098,1953.7896199623958,3793.536555931545,6.926268575556377,0.37757680032032537,0.7560975609756098,0.2682926829268293,9.510963039009559,0.7560975609756098,0.2682926829268293,0.1652012642679231,14.808196713056226,8.375,7.728125,2723.4980935460544,2547.2892100734866
10,5,f2,mey,ma10,queue,522.4883548377325,496.79767354721935,5.2873775495980295,482.86472498479054,510.23079694707224,5.171256360175221,4.858870214869796,1.0,0.024390243902439025,-1.5316849312874175,0.0975609756097561,0.926829268292683,7.601655677865018,2.801494857813484,149.0,150.528125,224.48835483773246,195.74142354721937
10,5,f2,trust,ma10,queue,492.46561819720455,471.2004343726985,3.992308939785172,463.2660082484514,480.5208151404729,4.512980522357971,5.3265376365513255,1.0,0.024390243902439025,-0.1166548141030649,0.4634146341463415,0.5609756097560976,6.206921806012147,2.806618088924169,137.25,140.578125,217.96561819720455,190.0441843726985
10,5,f50,thr,ma10,queue,3004.274760765198,2757.537665448086,440.03725886088097,2108.15806765884,4281.155968165456,8.94773255171543,0.5607186444980532,0.7560975609756098,0.2682926829268293,-11.518631182457241,0.2682926829268293,0.7560975609756098,6.327785359179417,11.715909112268616,7.5,7.825,2629.274760765198,2366.287665448086
10,5,f50,mey,ma10,queue,2452.498264347757,2439.1961831001886,54.2493576134679,2313.6244355326826,2563.876671006419,0.5453469196012591,0.24520255783205816,0.6097560975609756,0.4146341463414634,2.9488739156234174,0.9024390243902439,0.12195121951219512,-1.7139745088040748,2.671069031576073,26.375,27.965625,1133.748264347757,1040.9149331001886
10,5,f50,trust,ma10,queue,2302.5853645259535,2285.035069184804,45.61418476067069,2214.0075200158244,2420.5177496018014,0.7680536538728394,0.3847552122926859,0.7317073170731707,0.2926829268292683,1.068382928516522,0.7804878048780488,0.24390243902439024,-0.5566788489031183,2.128827230234507,25.5,26.459375,1027.5853645259535,962.0663191848039
10,6,signed,thr,naive,timer,2327.220742048882,2101.4596270879592,121.29236151116537,1889.0243213293404,2352.769089486781,10.743062205471215,1.8612970524128252,0.9512195121951219,0.07317073170731707,3.5204400539805003,0.7317073170731707,0.2926829268292683,13.649033120421176,7.9661352351073464,5.875,5.925,2268.470742048882,2042.2096270879592
10,6,signed,mey,naive,timer,1087.6159583481099,1091.795775869295,16.78765993627409,1061.2757432058415,1120.9311521392883,-0.38283877017725365,-0.2489815457932666,0.43902439024390244,0.5853658536585366,-1.7030374907089705,0.1951219512195122,0.8292682926829268,0.8245430501855768,-1.6415196868444937,62.875,62.23125,458.86595834810987,469.4832758692951
10,6,signed,trust,naive,timer,945.359127242033,961.1017127210823,12.545794491895549,936.3331223609422,986.7040606007898,-1.637972887851668,-1.2548097682628945,0.14634146341463414,0.8780487804878049,-2.0839954958412448,0.07317073170731707,0.9512195121951219,-1.0660222110798971,-2.225172454451078,52.25,52.9,422.85912724203297,432.1017127210823
10,6,dwell200,thr,naive,timer,2189.868825566408,2484.6005133703993,305.7923378320266,1911.0697619030311,3023.8693854929325,-11.862337072617896,-0.9638295383512493,0.1951219512195122,0.8292682926829268,-15.614357516396714,0.12195121951219512,0.9024390243902439,-13.64036484355362,-10.42904210265215,4.125,4.125,2148.618825566408,2443.3505133703993
10,6,dwell200,mey,naive,timer,864.058587806423,873.4226880255617,13.81304386691678,834.0760634426983,902.0501208337191,-1.072115522932765,-0.6779172142909318,0.21951219512195122,0.8048780487804879,-1.2515785764087395,0.1951219512195122,0.8292682926829268,-1.4767845997672122,-0.6449054446590814,48.125,46.34375,382.808587806423,409.9851880255617
10,6,dwell200,trust,naive,timer,785.1313866445867,779.8990693504035,9.099419121076938,753.2281683979626,797.4363584330548,0.6708967223850275,0.5750166273870824,0.7073170731707317,0.3170731707317073,1.4914707054430558,0.8536585365853658,0.17073170731707318,-0.05032023236362233,1.433328173672328,42.25,42.278125,362.63138664458666,357.11781935040347
10,6,dwell5,thr,naive,timer,2096.8140769211336,2232.3228854047434,133.54139560384425,1997.9588935684733,2452.015711978419,-6.070305033809685,-1.0147326068510016,0.17073170731707318,0.8536585365853658,-7.433755853784589,0.17073170731707318,0.8536585365853658,-9.344826019161495,-2.9126151104160765,6.0,6.0,2036.8140769211336,2172.3228854047434
10,6,dwell5,mey,naive,timer,1133.3882206555893,1128.707399981956,14.344008347483651,1106.581253854598,1172.8833030427904,0.4147062979925564,0.32632584701851186,0.6341463414634146,0.3902439024390244,-1.241517635835154,0.17073170731707318,0.8536585365853658,-0.7552518082701949,1.5395420611837871,56.25,57.040625,570.8882206555893,558.3011499819561
10,6,dwell5,trust,naive,timer,1025.3144141915539,1005.837805229878,11.884639339671256,981.5070579846621,1030.2018683860224,1.9363568221841314,1.6388052178127457,0.926829268292683,0.0975609756097561,0.26593524180661626,0.6585365853658537,0.36585365853658536,0.9189078954495471,2.969165585214863,54.125,52.315625,484.06441419155385,482.681555229878
10,5,base,thr,ma10,queue,2650.91627796718,2440.4358708687764,323.4430431818028,1877.8358620868605,3365.834886765753,8.62470551309649,0.6507495261850341,0.8032786885245902,0.21311475409836064,-1.5824421515565341,0.4918032786885246,0.5245901639344263,12.757760852104418,4.607889732304227,7.416666666666667,7.761111111111111,2576.7496113005136,2362.824759757665
10,5,base,mey,ma10,queue,1137.7812015686652,1112.849975539713,13.322921621392018,1085.8637027090767,1142.7638603504226,2.2403043156703233,1.8713032124216187,0.9508196721311475,0.06557377049180328,-2.0734958706447992,0.04918032786885246,0.9672131147540983,-0.5015665463892965,5.072578394551818,65.75,67.57916666666667,480.2812015686652,437.05830887304626
10,5,base,trust,ma10,queue,1039.5429089736588,1031.33824575889,11.19035036651209,1009.7693884432975,1051.8648104564206,0.7955356303820095,0.7331909141398981,0.7540983606557377,0.26229508196721313,-0.2688608008024257,0.4918032786885246,0.5245901639344263,-0.11989148303491273,1.7157179500335475,56.75,59.725,472.04290897365877,434.08824575889
10,6,f2,thr,naive,timer,2103.3602768168084,2002.7187762436042,179.89210916870778,1729.187710804349,2314.88688342708,5.025243771967438,0.5594547811923192,0.7073170731707317,0.3170731707317073,6.233282809855804,0.7317073170731707,0.2926829268292683,4.286720222352101,5.818671504450488,6.0,6.0,2091.3602768168084,1990.7187762436042
10,6,f2,mey,naive,timer,509.1685406942105,499.05494161985206,5.286008173094359,488.875262924258,509.9649963129585,2.0265502314296935,1.9132772298454594,0.975609756097561,0.04878048780487805,0.10686819612762481,0.6097560975609756,0.4146341463414634,2.82295214036848,1.2580191244369594,128.875,126.859375,251.4185406942105,245.33619161985206
10,6,f2,trust,naive,timer,437.7945228429461,439.8603929891099,4.197375499629032,430.1135636376813,449.7496661143216,-0.46966496167682426,-0.49218139914963893,0.36585365853658536,0.6585365853658537,0.9007621264371043,0.8292682926829268,0.1951219512195122,-0.7407669781374332,-0.21476380602797004,117.375,116.178125,203.0445228429461,207.50414298910994
10,6,f50,thr,naive,timer,2162.0108626097426,2288.344970710123,91.91914343523706,2130.3098222237195,2453.6573481398495,-5.520763246687245,-1.3744047581273533,0.0975609756097561,0.926829268292683,-5.378137197389551,0.0975609756097561,0.926829268292683,-4.620826825011681,-6.504289079261076,6.0,6.0,1862.0108626097426,1988.344970710123
10,6,f50,mey,naive,timer,2417.5925267001776,2326.124987102243,47.838086791933904,2230.864090113989,2430.2280391245336,3.9321850762576585,1.912023363220231,0.9512195121951219,0.07317073170731707,-0.22439554371599135,0.5365853658536586,0.4878048780487805,3.324304867301686,4.536310871946384,21.625,22.36875,1336.3425267001776,1207.6874871022428
10,6,f50,trust,naive,timer,2142.5746779197507,2063.3095593689127,27.134494427519417,2007.8392755666607,2127.7691634723133,3.8416493633210402,2.9211938612885464,1.0,0.024390243902439025,1.3902093021980468,0.8536585365853658,0.17073170731707318,4.528000412984035,3.184869065720825,23.125,21.875,986.3246779197507,969.5595593689127
10,8,signed,thr,ma10,event,2275.0148203427793,2305.7345259631,227.2030815925867,1831.0150353753831,3021.0213754498745,-1.3323175445572724,-0.13520813804544443,0.4878048780487805,0.5365853658536586,9.63588071516667,0.8292682926829268,0.1951219512195122,-4.895150176327745,2.250748536688593,6.375,6.53125,2211.2648203427793,2240.4220259631
10,8,signed,mey,ma10,event,1111.0461637796636,1129.6440800995297,13.727950751760064,1096.0868154036034,1149.309382849443,-1.6463518596253286,-1.3547481817329219,0.14634146341463414,0.8780487804878049,-0.6679833644186489,0.1951219512195122,0.8292682926829268,-2.336111764045506,-0.9531607694484524,67.5,66.8125,436.04616377966363,461.5190800995297
10,8,signed,trust,ma10,event,970.9691459756782,966.5884189658649,13.127640702582198,934.8523993838023,995.6683087998206,0.4532153421101581,0.33370253719326937,0.5609756097560976,0.4634146341463415,-2.439598950350014,0.04878048780487805,0.975609756097561,0.43321675066981563,0.4730429927948852,55.125,55.05,419.7191459756782,416.0884189658649
10,8,dwell200,thr,ma10,event,2238.9380864369464,2381.66262613145,268.97482195672285,1824.7333416617703,3060.585669339339,-5.992643043919785,-0.5306241627235561,0.3902439024390244,0.6341463414634146,1.0554218851222692,0.6341463414634146,0.3902439024390244,-7.187124522693952,-4.812985654754268,4.625,4.678125,2192.6880864369464,2334.88137613145
10,8,dwell200,mey,ma10,event,946.3850301140999,963.6599334884668,14.925169896928168,932.222975957627,993.0883980679486,-1.7926348054994272,-1.1574342867562486,0.14634146341463414,0.8780487804878049,1.3979019254165121,0.8292682926829268,0.1951219512195122,-2.010369470236281,-1.603358214892123,50.0,52.6375,446.3850301140999,437.2849334884668
10,8,dwell200,trust,ma10,event,845.1922601896906,858.9504724049136,11.330816279788191,836.9988979781347,882.2517333765027,-1.6017468593622612,-1.2142295731830712,0.12195121951219512,0.9024390243902439,2.1447161838755053,0.975609756097561,0.04878048780487805,-1.1156842312716135,-2.0377683882549915,44.125,45.00625,403.9422601896906,408.8879724049136
10,8,dwell5,thr,ma10,event,1925.3184029785614,2330.457084512675,341.2630841427095,1866.3291891981983,3405.436262930951,-17.38451586285412,-1.187174061184692,0.04878048780487805,0.975609756097561,-6.850465574111261,0.3902439024390244,0.6341463414634146,-20.204455673912953,-14.406810599381359,6.125,6.1,1864.0684029785614,2269.457084512675
10,8,dwell5,mey,ma10,event,1144.3414396634464,1147.1463618694752,18.323887603034553,1109.4795845892445,1195.0930835732188,-0.24451301937249464,-0.1530746240532639,0.4878048780487805,0.5365853658536586,-1.281352600613025,0.24390243902439024,0.7804878048780488,-3.5060481351090993,2.8614761758113767,62.875,62.640625,515.5914396634464,520.7401118694752
10,8,dwell5,trust,ma10,event,1020.4070936843544,1020.8304372380271,13.16876400441863,997.8658476842795,1052.661580596689,-0.04147050658266855,-0.03214755413117222,0.4878048780487805,0.5365853658536586,2.549652000358039,0.975609756097561,0.04878048780487805,-1.0218854818156773,0.9434223344053745,54.75,55.85,472.90709368435444,462.3304372380271
10,6,base,thr,naive,timer,2209.7388069780313,2190.1540607356055,114.00948095058988,1970.734437956962,2478.748777136404,0.8942177444744638,0.1717817332307088,0.6065573770491803,0.4098360655737705,-6.5048549642559,0.09836065573770492,0.9180327868852459,0.29565966024017,1.5140857455833128,6.0,6.0,2149.7388069780313,2130.1540607356055
10,6,base,mey,naive,timer,1070.4007869502284,1081.012737393032,15.536402654234957,1045.465532856123,1117.5081354760312,-0.9816674749268334,-0.6830378099083949,0.26229508196721313,0.7540983606557377,-1.554228569594631,0.14754098360655737,0.8688524590163934,-1.684870770510973,-0.2868598222734137,56.0,56.080555555555556,510.4007869502284,520.2071818374765
10,6,base,trust,naive,timer,971.960801947092,964.6163650577827,8.040789005913973,948.2921538806082,979.1611289064685,0.7613842305971453,0.9133975389613558,0.8032786885245902,0.21311475409836064,0.09304775118907055,0.5081967213114754,0.5081967213114754,0.818275551890337,0.7062127959878906,50.25,50.97361111111111,469.460801947092,454.8802539466716
10,8,f50,thr,ma10,event,2204.528116738849,2472.414600332179,327.5878388325766,2079.4898923107053,3637.554810132369,-10.83501462729343,-0.8177546655822021,0.12195121951219512,0.9024390243902439,13.52578002675979,0.8780487804878049,0.14634146341463414,-14.726086512808951,-6.961633444117727,6.25,6.096875,1892.028116738849,2167.570850332179
10,8,f50,mey,ma10,event,2390.654938191289,2408.556759884987,57.13653132486979,2293.8344347955945,2528.1610852141175,-0.7432592825652469,-0.3133165643519874,0.3902439024390244,0.6341463414634146,2.427145790401087,0.8536585365853658,0.17073170731707318,-2.5603751611190937,1.0717857980669279,25.125,24.146875,1134.4049381912891,1201.213009884987
10,8,f50,trust,ma10,event,2253.5510751295174,2234.155296629866,37.10924630170723,2104.1727886593685,2297.2425857018598,0.8681481779225105,0.5226670016943763,0.7317073170731707,0.2926829268292683,0.9453985680262511,0.7560975609756098,0.2682926829268293,0.35051489288257565,1.3914389115705748,23.25,23.5875,1091.0510751295174,1054.780296629866
10,8,f2,thr,ma10,event,2144.3836540681637,2343.234736671762,358.834614850841,1916.6843599258623,3406.905574789763,-8.486178507495103,-0.5541580281664193,0.4146341463414634,0.6097560975609756,-10.768453484675769,0.3170731707317073,0.7073170731707317,-17.090671825282193,0.8934347388131775,6.0,6.121875,2132.3836540681637,2330.990986671762
10,8,f2,mey,ma10,event,515.0901810329618,512.5772672967871,5.411869109164461,502.44099357710786,524.5999652820585,0.49025071857502195,0.4643337977112826,0.6829268292682927,0.34146341463414637,0.3124856755917719,0.6585365853658537,0.36585365853658536,-0.13213443935953534,1.1391260123781843,140.625,137.478125,233.84018103296182,237.6210172967871
10,8,f2,trust,ma10,event,449.42100501318123,441.10319827629917,3.797006045347327,431.3304542243868,449.26662925940235,1.8856827085783079,2.190622463473376,1.0,0.024390243902439025,-1.5144808443799258,0.07317073170731707,0.9512195121951219,1.2639259444132356,2.5247977774697987,119.375,118.371875,210.67100501318123,204.35944827629916
10,8,base,thr,ma10,event,2272.754908809697,2300.5392894554807,206.55492803389527,2000.1552878713562,2872.22023820601,-1.207733368133866,-0.13451327891447945,0.5081967213114754,0.5081967213114754,-5.78506039850532,0.3114754098360656,0.7049180327868853,-7.46790471255984,5.960522130052434,6.166666666666667,6.091666666666667,2211.0882421430306,2239.622622788814
10,8,base,mey,ma10,event,1132.179216038568,1108.8703365109266,15.194009624508261,1079.4430201694813,1146.2133426599435,2.1020383321807605,1.534083504201797,0.9180327868852459,0.09836065573770492,-0.7772946154847155,0.32786885245901637,0.6885245901639344,1.2051547024290026,2.974191883250918,59.666666666666664,59.43611111111111,535.5125493719014,514.5092253998155
10,8,base,trust,ma10,event,962.6255964591963,963.4688773271487,10.405207371198449,940.4459883870817,982.468339378076,-0.08752549125320547,-0.08104411934033404,0.45901639344262296,0.5573770491803278,-0.9415683751788437,0.21311475409836064,0.8032786885245902,-1.6742771107641323,1.5268232217198532,52.25,51.63194444444444,440.12559645919634,447.1494328827042
10,9,signed,thr,naive,http,2271.7697177457003,2183.837109196901,174.8260550725134,1835.509909293794,2650.518372269128,4.026518652809966,0.5029719884277373,0.7317073170731707,0.2926829268292683,-8.278873606804323,0.24390243902439024,0.7804878048780488,-8.430980824637109,17.67304575654567,6.0,6.015625,2211.7697177457003,2123.680859196901
10,9,signed,mey,naive,http,1071.9136987757984,1062.0697436674868,14.039969497091096,1028.8974145746329,1095.879684203655,0.9268652239653196,0.7011379269984234,0.7317073170731707,0.2926829268292683,0.4551184908242174,0.6585365853658537,0.36585365853658536,0.28115978178568846,1.5958479338719385,64.0,62.94375,431.91369877579837,432.6322436674868
10,9,signed,trust,naive,http,939.4468682873203,929.0648982280716,11.707786056647736,903.1692805111395,954.4891668983818,1.1174644612071112,0.886757753260599,0.8048780487804879,0.21951219512195122,-1.1877537818421637,0.17073170731707318,0.8536585365853658,0.8424662765390316,1.4125824183576405,51.125,51.171875,428.1968682873203,417.34614822807157
10,9,dwell5,thr,naive,http,2026.325578306402,2067.6971069340684,197.76722141568476,1735.2168106048662,2642.5081619509674,-2.0008505350675483,-0.20919305197046864,0.4634146341463415,0.5609756097560976,2.3899480349128495,0.6097560975609756,0.4146341463414634,-3.2027669221162354,-0.8124432101484991,6.0,6.0,1966.325578306402,2007.6971069340684
10,9,dwell5,mey,naive,http,1148.3737904288746,1105.8035757265407,19.49549231865321,1077.5697606442075,1140.1590860971464,3.8497085410819225,2.1835926996110238,1.0,0.024390243902439025,-1.922191494969601,0.21951219512195122,0.8048780487804879,6.318418394586058,1.3215619525058087,56.375,57.925,584.6237904288746,526.5535757265407
10,9,dwell5,trust,naive,http,994.1380828913695,998.9824405876028,9.252048093763719,982.8051726104337,1021.7034924429827,-0.4849292139092858,-0.5235984127123774,0.2682926829268293,0.7560975609756098,0.06922936039879161,0.5121951219512195,0.5121951219512195,-0.2511677755897602,-0.7100743871740953,51.125,52.55,482.88808289136955,473.4824405876028
10,9,dwell200,thr,naive,http,2223.815934554478,2081.2937608974908,164.73240412887853,1746.7825649210345,2324.382516316711,6.8477682648474065,0.8651738825197082,0.7560975609756098,0.2682926829268293,3.440696199156019,0.5609756097560976,0.4634146341463415,1.5524824186268065,11.393203518522496,5.375,5.375,2170.065934554478,2027.5437608974908
10,9,dwell200,mey,naive,http,1036.5954400786397,987.5435776550632,15.455429997639408,949.3030293582738,1025.3979136385083,4.967058014801824,3.173762388433609,1.0,0.024390243902439025,0.0792660624459597,0.4878048780487805,0.5365853658536586,5.190167794666927,4.745059382405458,51.375,51.628125,522.8454400786397,471.26232765506325
10,9,dwell200,trust,naive,http,886.1488633674271,855.6099742774662,11.059373283351272,836.0590640438575,880.7025927781413,3.5692535159784633,2.7613580179931163,1.0,0.024390243902439025,1.396891797359486,0.8292682926829268,0.1951219512195122,3.5325309778080403,3.606496876979637,43.875,44.528125,447.3988633674271,410.3287242774662
10,9,f2,thr,naive,http,2552.2926401113236,2444.3603019398934,184.2996324327931,2036.8132935047797,2868.680980506655,4.415565826599827,0.5856351244259209,0.7073170731707317,0.3170731707317073,1.790344161488354,0.5365853658536586,0.4878048780487805,1.7522181024942898,7.595277932135217,6.0,6.003125,2540.2926401113236,2432.3540519398935
10,9,f2,mey,naive,http,520.6340228612828,496.0080225761997,6.128092054138112,482.90001092298553,509.7146492469566,4.964839108282748,4.01854281357505,1.0,0.024390243902439025,-0.41971881504849246,0.4146341463414634,0.6097560975609756,6.421444231394143,3.5167206288005497,120.5,122.746875,279.6340228612828,250.51427257619972
10,9,f2,trust,naive,http,446.91221935685815,442.8015106759234,4.4924528787712505,433.9154425442637,451.62347652857704,0.9283411600515712,0.9150254419717111,0.8536585365853658,0.17073170731707318,1.3438399652399504,0.8780487804878049,0.14634146341463414,1.2349892628826138,0.6295178863452148,117.25,117.240625,212.41221935685815,208.3202606759234
10,9,f50,thr,naive,http,2367.920006493497,2334.986100523686,147.37425836735338,2102.26273122209,2689.2307226931734,1.4104540477746117,0.2234712244503242,0.6097560975609756,0.4146341463414634,7.61131320752933,0.8780487804878049,0.14634146341463414,1.7207451428950136,1.123140685556338,6.0,6.0,2067.920006493497,2034.9861005236862
10,9,f50,mey,naive,http,2356.3771256223768,2365.497951639194,57.43245475729674,2255.9796103765343,2526.486530154284,-0.38557742189110566,-0.15880961479638872,0.3902439024390244,0.6341463414634146,-1.1302316762061067,0.34146341463414637,0.6829268292682927,-0.339391303749809,-0.4306676094824441,24.375,24.771875,1137.6271256223768,1126.904201639194
10,9,f50,trust,naive,http,2159.2237175313157,2176.2318279653205,38.960383043809884,2077.11062886866,2271.3568553635714,-0.7815394580414047,-0.4365488505305393,0.2926829268292683,0.7317073170731707,1.7187097651117509,0.8292682926829268,0.1951219512195122,-0.43622554643932365,-1.1240759035057575,20.5,22.059375,1134.2237175313157,1073.2630779653205
10,9,base,thr,naive,http,2165.392845255514,2175.226002418068,142.33165373767505,1909.7972028267468,2601.076675948268,-0.4520522075234061,-0.06908622856780022,0.5573770491803278,0.45901639344262296,2.9618241422664497,0.7049180327868853,0.3114754098360656,-0.9983920196237264,0.11252960491900975,5.916666666666667,5.916666666666667,2106.2261785888477,2116.0593357514017
10,9,base,mey,naive,http,1118.6673517120719,1088.3571825120255,13.412492556121247,1062.9112888859054,1113.454531684883,2.7849468618462025,2.2598461153451543,1.0,0.01639344262295082,1.2632556539252477,0.8360655737704918,0.18032786885245902,3.7155880086335866,1.868007523121872,56.75,56.293055555555554,551.1673517120719,525.4266269564699
10,9,base,trust,naive,http,978.8860914498073,963.745456257928,9.484678076248374,931.1275195507438,985.8492146829132,1.5710201374819404,1.5963256812895512,0.9344262295081968,0.08196721311475409,0.7430538042024883,0.8032786885245902,0.21311475409836064,0.7198900828784435,2.4109827180215984,50.083333333333336,50.6875,478.0527581164739,456.870456257928
10,10,signed,thr,seasonal60,timer,2055.6014221491405,2056.2112881421635,189.41985037843747,1751.178582759309,2459.6953135981803,-0.02965969482514019,-0.003219651962582658,0.6097560975609756,0.4146341463414634,0.4680066250845716,0.6341463414634146,0.3902439024390244,9.636115793459766,-9.523021602394927,6.0,6.115625,1995.6014221491405,1995.0550381421635
10,10,signed,mey,seasonal60,timer,1039.675187833665,1039.9552309879682,16.989861413020645,1007.8077872653568,1080.6666698790305,-0.026928385564945274,-0.01648295695270584,0.4878048780487805,0.5365853658536586,0.8199975496976247,0.7073170731707317,0.3170731707317073,1.0076292767780364,-1.0575634750279599,57.5,58.915625,464.67518783366495,450.7989809879682
10,10,signed,trust,seasonal60,timer,917.5245008430886,910.3349528781619,12.191975701925195,879.9404927359117,935.7010513212467,0.7897695174941833,0.5896950699952168,0.7804878048780488,0.24390243902439024,1.1837370809924277,0.8536585365853658,0.17073170731707318,3.693425904189415,-1.978590327907042,52.0,51.5625,397.5245008430886,394.70995287816186
10,10,dwell5,thr,seasonal60,timer,2411.743003894342,2423.524950232296,224.98732335121557,2078.4693089023385,3040.330322204705,-0.48614916618970383,-0.05236715634667816,0.5853658536585366,0.43902439024390244,-2.931166751487891,0.4634146341463415,0.5609756097560976,-1.9177414311703775,0.9623541065873138,6.0,6.003125,2351.743003894342,2363.493700232296
10,10,dwell5,mey,seasonal60,timer,1079.0435568546482,1102.967503136951,19.44903142624658,1053.4683039301385,1139.0638809681607,-2.169052688702145,-1.230084201006403,0.14634146341463414,0.8780487804878049,-1.7185744975641668,0.1951219512195122,0.8292682926829268,-2.107491211661163,-2.228235834691692,57.0,58.45625,509.04355685464816,518.4050031369511
10,10,dwell5,trust,seasonal60,timer,969.4122082627148,994.5048440069593,9.138237886443573,980.1230287310822,1017.1531178162759,-2.523128559449118,-2.74589434594048,0.024390243902439025,1.0,-0.8755815026340793,0.24390243902439024,0.7804878048780488,-3.0983462342176056,-1.9393976064338831,50.75,51.0125,461.9122082627148,484.3798440069593
10,10,dwell200,thr,seasonal60,timer,1977.170226493548,1920.5840758078277,164.93047613815102,1558.8287011601328,2421.1407027180976,2.9462990659192667,0.34309093146812875,0.7317073170731707,0.2926829268292683,-3.6889247522840702,0.3170731707317073,0.7073170731707317,-5.704823249400198,11.755284336654562,4.75,4.75,1929.670226493548,1873.0840758078277
10,10,dwell200,mey,seasonal60,timer,883.690459798173,896.6163651100462,13.190721141037711,865.8388694356495,928.6957134175401,-1.441631651490849,-0.9799240825173188,0.14634146341463414,0.8780487804878049,-0.396542795312986,0.4146341463414634,0.6097560975609756,-0.3129615283336189,-2.5430874675848565,48.75,50.1125,396.19045979817304,395.4913651100462
10,10,dwell200,trust,seasonal60,timer,808.2297888723881,812.7422986802695,9.194039945544393,793.3570531869773,831.0218639729543,-0.5552202481904583,-0.490808157742264,0.3170731707317073,0.7073170731707317,1.9726246585474367,0.926829268292683,0.0975609756097561,-0.4300850653674595,-0.6819603522620833,44.375,44.575,364.4797888723881,366.9922986802695
10,10,f50,thr,seasonal60,timer,2448.066768579287,2271.2702540343225,175.5454837793491,1992.752680907603,2845.9266659052814,7.784036894373586,1.0071265334697401,0.8780487804878049,0.14634146341463414,8.82301702615351,0.9024390243902439,0.12195121951219512,9.789651839177862,5.721961506858063,6.0,6.0,2148.066768579287,1971.2702540343225
10,10,f50,mey,seasonal60,timer,2544.4063976098914,2504.2990164906155,48.5034864493558,2414.056744655373,2601.4839646122427,1.6015412239182276,0.826896869798287,0.7317073170731707,0.2926829268292683,-1.8567280825693662,0.14634146341463414,0.8780487804878049,1.5552281850085476,1.64363980714157,26.625,25.75,1213.1563976098914,1216.7990164906155
10,10,f50,trust,seasonal60,timer,2161.4465212662562,2130.856123831959,27.90763315718234,2083.526025146911,2187.3941235208936,1.4355918774697003,1.0961301254751703,0.8048780487804879,0.21951219512195122,0.3409129154791589,0.6341463414634146,0.3902439024390244,0.5608223172304037,2.334657415222222,22.125,22.58125,1055.1965212662562,1001.7936238319589
10,10,f2,thr,seasonal60,timer,2291.7441124176075,2207.6986778951173,168.35599003218832,1951.8785988032,2648.337194244177,3.806925073788674,0.499212617896289,0.6829268292682927,0.34146341463414637,4.151833788121258,0.6829268292682927,0.34146341463414637,-2.4180735520021455,9.34961698285954,6.0,6.0,2279.7441124176075,2195.6986778951173
10,10,f2,mey,seasonal60,timer,482.10195034002476,481.88733638010035,6.416987343594932,465.76679296771925,499.6375870262804,0.04453612778799495,0.033444659998998115,0.5365853658536586,0.4878048780487805,-1.033487002976271,0.14634146341463414,0.8780487804878049,-1.3334815124260808,1.4169621599739832,127.5,128.990625,227.10195034002476,223.90608638010036
10,10,f2,trust,seasonal60,timer,439.37932031760545,434.19696040238676,4.301650712332715,426.61966292725003,446.07608010638864,1.1935504823469962,1.2047374977147722,0.9024390243902439,0.12195121951219512,-0.2689169560932276,0.43902439024390244,0.5853658536585366,2.7853635210637075,-0.42801140246723063,117.75,116.025,203.87932031760545,202.14696040238675
10,10,base,thr,seasonal60,timer,2202.0734125094928,2187.58097109708,152.30289357918895,1917.0499422449577,2631.1558575338727,0.6624870852275224,0.09515539115399484,0.6229508196721312,0.39344262295081966,-5.677805524146352,0.21311475409836064,0.8032786885245902,-5.751877092513804,8.020574319087093,6.0,6.004166666666666,2142.0734125094928,2127.5393044304133
10,10,base,mey,seasonal60,timer,1102.8527088535755,1070.8302145778862,13.987479089486907,1044.940952962154,1105.7524423536245,2.990436190513387,2.2893685181454613,0.9672131147540983,0.04918032786885246,1.9566002468094605,0.9508196721311475,0.06557377049180328,0.6225448911672152,5.435528233676649,56.833333333333336,56.979166666666664,534.5193755202421,501.03854791121955
10,10,base,trust,seasonal60,timer,961.6924032531143,950.8285057215791,8.478706051265208,927.4036517855264,968.6242277022728,1.1425717115296938,1.2813155056736667,0.8688524590163934,0.14754098360655737,0.36276609207485366,0.6721311475409836,0.3442622950819672,0.03453960999036327,2.2519758157517837,51.5,51.451388888888886,446.6924032531143,436.31461683269015
10,11,signed,thr,ma10,timer,2554.767707730881,2851.9604740546833,836.418494904466,1865.745663568733,4959.124939597937,-10.42064814808875,-0.35531587134230846,0.4634146341463415,0.5609756097560976,-9.981000648938059,0.4878048780487805,0.5365853658536586,-10.978744337367802,-9.890831676598008,7.25,7.15625,2482.267707730881,2780.3979740546833
10,11,signed,mey,ma10,timer,1118.0236791384227,1143.7356652252327,14.419237458590178,1100.1211886209837,1173.7118515914647,-2.248070674769641,-1.7831723876280408,0.04878048780487805,0.975609756097561,0.54262480906092,0.7073170731707317,0.3170731707317073,-2.6679573967027452,-1.8308858050406724,65.0,67.578125,468.0236791384227,467.95441522523265
10,11,signed,trust,ma10,timer,1032.4754552218396,1042.842909058565,13.928591114791567,1013.384203535384,1070.8295462829444,-0.9941529780439051,-0.7443289670349806,0.2682926829268293,0.7560975609756098,-1.3189194256871928,0.1951219512195122,0.8292682926829268,-1.5760859291908722,-0.39934754217978846,62.625,62.8125,406.22545522183964,414.71790905856506
10,11,dwell5,thr,ma10,timer,1944.784229400529,2395.0339035555276,450.57286320007444,1762.6168476773403,3555.9522596742713,-18.799302735822824,-0.9992827152465851,0.1951219512195122,0.8292682926829268,-22.74914755557989,0.07317073170731707,0.9512195121951219,-5.522466217739287,-32.238281647180294,7.0,6.909375,1874.784229400529,2325.9401535555276
10,11,dwell5,mey,ma10,timer,1154.562375507522,1153.2968236377396,14.219533078350661,1120.2368121156208,1188.9002153087463,0.1097334046052812,0.08900094418072481,0.5853658536585366,0.43902439024390244,-0.2121639340742111,0.43902439024390244,0.5853658536585366,-0.022384578297609495,0.2437898300509143,69.25,68.553125,462.0623755075219,467.76557363773964
10,11,dwell5,trust,ma10,timer,1078.1088142614753,1068.1885032106825,12.048959064468571,1042.5071930907702,1090.5945250646782,0.9287041585801682,0.823333451272739,0.7317073170731707,0.2926829268292683,-0.7566936467687995,0.2926829268292683,0.7317073170731707,2.269674524858223,-0.35907411411372786,63.5,62.21875,443.10881426147535,446.0010032106825
10,11,dwell200,thr,ma10,timer,1705.6357840702326,2133.379372777062,419.2542173218267,1622.8113832130362,3228.2966719357983,-20.050048020761878,-1.0202487441610786,0.12195121951219512,0.9024390243902439,27.026981197820003,0.8536585365853658,0.17073170731707318,-13.42055477257457,-26.492194894022465,5.5,5.76875,1650.6357840702326,2075.691872777062
10,11,dwell200,mey,ma10,timer,925.7798929795733,947.4286539979246,11.46326108459666,922.6563695488413,984.4460436711319,-2.2850017177545356,-1.8885342363388187,0.04878048780487805,0.975609756097561,-0.04396114713574156,0.5609756097560976,0.4634146341463415,-2.6346838127802705,-1.8965754764783374,55.0,55.903125,375.77989297957333,388.3974039979246
10,11,dwell200,trust,ma10,timer,861.896787108871,872.0333177185645,12.256088656783431,844.6300211477385,907.4394400841481,-1.1624017573334204,-0.8270608098190618,0.24390243902439024,0.7804878048780488,0.21920190269592757,0.5121951219512195,0.5121951219512195,-1.2899869395876695,-1.0131782683217485,50.375,50.896875,358.14678710887097,363.0645677185645
10,11,f2,thr,ma10,timer,2403.231417561399,2690.5974804215134,413.2342612414741,2024.786744164592,3677.4465169778105,-10.680381028792718,-0.6954071571819438,0.2682926829268293,0.7560975609756098,-11.592045710565902,0.24390243902439024,0.7804878048780488,-3.3774934259396328,-17.990502360890364,6.875,6.875,2389.481417561399,2676.8474804215134
10,11,f2,mey,ma10,timer,491.10766438214773,497.6715413090542,5.16557396841787,487.1526182892401,507.99900472961417,-1.3189174750963488,-1.2706965318932153,0.12195121951219512,0.9024390243902439,-0.639142917474841,0.3170731707317073,0.7073170731707317,-0.4310544110010981,-2.2277057789536094,147.25,147.409375,196.60766438214773,202.85279130905417
10,11,f2,trust,ma10,timer,452.73501950145726,459.84448535513764,4.118165518361209,452.28896427818336,472.5890303592512,-1.546058739443127,-1.7263671948060821,0.04878048780487805,0.975609756097561,1.1069954421839827,0.926829268292683,0.0975609756097561,-1.1736238182694319,-1.9275218854100309,135.0,135.84375,182.73501950145726,188.15698535513764
10,11,f50,thr,ma10,timer,2800.8062356482656,3022.1641670795766,495.6388854859666,2247.5728144170007,4212.5030812330815,-7.324484018524281,-0.4466113089861237,0.3902439024390244,0.6341463414634146,-9.520402197710236,0.3902439024390244,0.6341463414634146,-0.6613331082768288,-14.289109646553593,6.875,7.0375,2457.0562356482656,2670.2891670795766
10,11,f50,mey,ma10,timer,2489.949498124349,2528.285068904135,50.11571620131322,2399.9847332189897,2633.5901028890494,-1.5162677362328703,-0.764941094043107,0.21951219512195122,0.8048780487804879,-0.05089535897096889,0.5609756097560976,0.4634146341463415,-1.47192335371981,-1.5626627562270115,31.0,31.39375,939.9494981243488,958.5975689041352
10,11,f50,trust,ma10,timer,2371.5266784452583,2398.849582455463,46.478403251971315,2265.0616632461165,2480.5311756291603,-1.1390003028967288,-0.5878623639904362,0.2926829268292683,0.7317073170731707,-1.8907832973446212,0.1951219512195122,0.8292682926829268,-2.6148752954152226,0.34580218391219747,25.75,26.325,1084.0266784452583,1082.599582455463
10,12,signed,thr,naive,orchestration,1862.9862272248647,2619.222700148231,413.23792001458355,1970.048101561119,3867.118098307001,-28.872553406037916,-1.83002681093903,0.024390243902439025,1.0,-7.849200658248433,0.3902439024390244,0.6341463414634146,-28.00934456408499,-29.69161723429633,10.125,10.421875,1761.7362272248647,2515.003950148231
10,12,signed,mey,naive,orchestration,1123.7559854134563,1154.5322160378776,15.143181051768954,1128.369093238814,1186.8207109514588,-2.6656883365315776,-2.03234911602844,0.024390243902439025,1.0,1.1948754121906857,0.8048780487804879,0.21951219512195122,-1.0167112120836928,-4.304246543641218,70.875,72.575,415.0059854134563,428.78221603787756
10,12,signed,trust,naive,orchestration,1045.8727250637294,1066.7874165860062,11.149251753004265,1041.6161461780503,1084.3829770621428,-1.9605303921946522,-1.8758829727422002,0.0975609756097561,0.926829268292683,-0.4402688298741744,0.3170731707317073,0.7073170731707317,-3.1792091110674408,-0.7830418682093586,63.625,64.4625,409.6227250637294,422.1624165860062
10,11,base,thr,ma10,timer,2136.4546686972503,2307.611266544532,374.4224933384262,1914.014053283563,3446.3879266619074,-7.417046377294536,-0.45712156959699496,0.32786885245901637,0.6885245901639344,39.510707779168754,0.9672131147540983,0.04918032786885246,-19.639948117103074,4.166653688849652,7.166666666666667,6.868055555555555,2064.788002030584,2238.9307109889764
10,11,base,mey,ma10,timer,1101.2441316942022,1100.471367184821,13.970207573917655,1052.3836736460428,1140.3891344021351,0.0702212281413607,0.0553151773366599,0.5409836065573771,0.47540983606557374,0.7999236093392361,0.7868852459016393,0.22950819672131148,1.306606299921882,-1.1383648176030057,62.916666666666664,62.44722222222222,472.0774650275356,475.99914496259885
10,11,base,trust,ma10,timer,1047.1578476389325,1056.0661727564343,10.84407156819693,1027.4554437686722,1081.1418758939606,-0.8435385345456367,-0.8214926525962634,0.18032786885245902,0.8360655737704918,0.20297369526485626,0.6229508196721312,0.39344262295081966,-0.7452208373473409,-0.9367762610629121,59.833333333333336,60.15,448.8245143055991,454.5661727564343
10,12,dwell5,thr,naive,orchestration,1802.4230054920624,2362.0790230712023,398.9974165959106,1808.277056079241,3721.7976504685307,-23.69336555266761,-1.4026557423702275,0.024390243902439025,1.0,-2.435973374607358,0.5365853658536586,0.4878048780487805,-22.861663760973848,-24.49233215683552,8.375,8.809375,1718.6730054920624,2273.9852730712023
10,12,dwell5,mey,naive,orchestration,1121.6171010485787,1153.3803801060535,14.242658161620541,1127.929352927907,1181.3502968572311,-2.753929198496875,-2.230151050248951,0.024390243902439025,1.0,1.342208940677387,0.8292682926829268,0.1951219512195122,-2.5656385418395264,-2.9380505486948048,67.5,69.534375,446.61710104857866,458.0366301060535
10,12,dwell5,trust,naive,orchestration,1086.2205608583454,1111.816911104651,11.692405134504986,1086.5866492406894,1136.695836088145,-2.3022091129081805,-2.1891432901832286,0.024390243902439025,1.0,0.3855117235739698,0.6585365853658537,0.36585365853658536,-3.5053080852858285,-1.104037329517156,64.875,66.1875,437.4705608583454,449.9419111046509
10,12,dwell200,thr,naive,orchestration,2474.110473343235,2557.534576352921,371.1384421565039,1989.7146530754235,3291.0956119223824,-3.2618954121296713,-0.22477893296353055,0.4634146341463415,0.5609756097560976,-10.951190882774531,0.2926829268292683,0.7317073170731707,-7.54232618675555,0.7447223379971236,8.0,8.4875,2394.110473343235,2472.659576352921
10,12,dwell200,mey,naive,orchestration,956.7634848026552,984.0645246644381,11.313819152383358,961.3905839091823,1019.8783871887651,-2.7743139984740774,-2.413070201500586,0.024390243902439025,1.0,-1.9870125370746035,0.07317073170731707,0.9512195121951219,-3.7473094531175923,-1.7573954480705898,57.625,60.49375,380.51348480265517,379.12702466443807
10,12,dwell200,trust,naive,orchestration,892.3125574420089,920.9902155722542,10.010257536570656,894.0137822652487,939.9608741607568,-3.1137853199044585,-2.86482720604107,0.024390243902439025,1.0,-2.6411029085475026,0.04878048780487805,0.975609756097561,-1.2307212463068204,-5.087408367113488,52.5,54.7875,367.31255744200894,373.1152155722542
10,12,f2,thr,naive,orchestration,1653.038745550194,2261.315205084129,246.6869872129673,1806.828337291752,2827.6300596099504,-26.89923360380469,-2.4657825141331995,0.024390243902439025,1.0,7.001519460656993,0.7317073170731707,0.2926829268292683,-34.67792496006205,-20.280976176211585,7.25,8.790625,1638.538745550194,2243.733955084129
10,12,f2,mey,naive,orchestration,465.7997912046054,481.9838648760045,4.905085174351265,473.32234788809126,499.41687274567084,-3.357804036772598,-3.2994480413970653,0.024390243902439025,1.0,-0.5342101205969112,0.3170731707317073,0.7073170731707317,-5.573911395784902,-1.1422927940916143,141.25,148.56875,183.2997912046054,184.8463648760045
10,12,f2,trust,naive,orchestration,458.11877372652486,465.5394282510273,4.277906570476111,456.7410151236056,478.3430918977953,-1.5939905568000725,-1.7346462346129596,0.04878048780487805,0.975609756097561,0.10200061522047982,0.43902439024390244,0.5853658536585366,-3.3417121678264152,0.1266815046883983,142.375,144.975,173.36877372652486,175.5894282510273
10,12,f50,thr,naive,orchestration,2185.4878757589377,2806.7138406385043,328.824496441305,2222.3291457393734,3808.684945972931,-22.133569724309435,-1.8892326198405818,0.024390243902439025,1.0,-14.531556412559915,0.0975609756097561,0.926829268292683,-20.814165908134658,-23.40846085415295,8.125,9.05625,1779.2378757589377,2353.9013406385043
10,12,f50,mey,naive,orchestration,2393.9661863164833,2473.3150393471205,49.41464708371644,2348.9443510122583,2563.2445605631233,-3.208198380242853,-1.6057759735935655,0.07317073170731707,0.9512195121951219,1.390129857454234,0.8048780487804879,0.21951219512195122,-0.2459451660151405,-6.054979091768364,28.5,30.084375,968.9661863164833,969.0962893471205
10,12,f50,trust,naive,orchestration,2436.5479337229485,2400.6261271515687,45.173426033291726,2309.608018277714,2509.0116681286695,1.4963515628317527,0.7951977462348411,0.8536585365853658,0.17073170731707318,4.182172577276385,0.975609756097561,0.04878048780487805,2.8981532936839653,0.1172977748743158,28.75,28.021875,999.0479337229485,999.5323771515687
10,13,signed,thr,seasonal60,queue,1911.0976878624485,2325.2438760012155,469.3179832361002,1836.6012479538392,4473.535452109834,-17.810871040803917,-0.8824426144574608,0.14634146341463414,0.8780487804878049,-1.7858961264059687,0.5853658536585366,0.43902439024390244,-12.77775192840767,-22.654120469886553,10.0,10.171875,1811.0976878624485,2223.5251260012155
10,13,signed,mey,seasonal60,queue,1074.335992671693,1082.8009719638876,16.362344061980146,1052.7592302324272,1119.9725500032723,-0.7817668723404969,-0.5173451468890677,0.3902439024390244,0.6341463414634146,-1.1501638655448296,0.2926829268292683,0.7317073170731707,-1.2998735306971574,-0.2628304917533452,65.5,66.628125,419.335992671693,416.5197219638876
10,13,signed,trust,seasonal60,queue,1019.5320534742178,1025.4903462201485,13.148026522043677,983.4986938607115,1048.5026490979772,-0.5810189016300628,-0.4531701191765242,0.2926829268292683,0.7317073170731707,-0.7577304249306219,0.2682926829268293,0.7560975609756098,-0.33708214669981074,-0.8266201788049121,60.75,60.2,412.03205347421783,423.49034622014847
10,13,dwell200,thr,seasonal60,queue,1759.4050234410747,2334.9068347211237,350.1389622641526,1773.684358940217,3294.028699063584,-24.647741945077897,-1.6436383073697398,0.024390243902439025,1.0,20.996386286332427,0.9024390243902439,0.12195121951219512,-23.701039111650683,-25.827804457871324,6.75,7.11875,1691.9050234410747,2263.7193347211237
10,13,dwell200,mey,seasonal60,queue,861.9348588464952,893.6160857378211,11.711041272002113,871.7528525244954,912.509831279793,-3.5452838637263366,-2.705244235375295,0.024390243902439025,1.0,1.148599001233238,0.7804878048780488,0.24390243902439024,-3.7730700600332563,-3.311172282283672,53.5,56.328125,326.9348588464952,330.3348357378211
10,13,dwell200,trust,seasonal60,queue,819.9527362337872,830.8714137722712,8.40077768766837,812.4053034153915,846.9265257262559,-1.3141236246065764,-1.2997222333965306,0.14634146341463414,0.8780487804878049,0.3295546369867923,0.6341463414634146,0.3902439024390244,-2.275960187069261,-0.38476460543078306,49.5,50.246875,324.95273623378716,328.40266377227124
10,13,dwell5,thr,seasonal60,queue,1492.7163758520528,1818.6874397671359,269.9735237003011,1513.6054701659118,2758.890107160934,-17.923424156754518,-1.2074186366398845,0.024390243902439025,1.0,-12.363070973902927,0.12195121951219512,0.9024390243902439,-17.772164893700165,-18.06006234063755,8.25,8.396875,1410.2163758520528,1734.7186897671359
10,13,dwell5,mey,seasonal60,queue,1101.9660052248637,1091.2151428784564,14.508735466359187,1053.4547257045253,1115.8252343341053,0.9852193141352671,0.7409923746514566,0.7804878048780488,0.24390243902439024,-1.6571039665574783,0.12195121951219512,0.9024390243902439,1.3469796374715726,0.6166323642542684,65.375,64.78125,448.2160052248637,443.4026428784564
10,13,dwell5,trust,seasonal60,queue,1039.7114458549727,1055.8334948011707,12.747518750157916,1030.8287115758962,1080.7210612195354,-1.5269499429201208,-1.2647205516758524,0.07317073170731707,0.9512195121951219,-1.294920420705975,0.17073170731707318,0.8536585365853658,-0.4623981962361801,-2.5971480308493464,63.25,63.934375,407.2114458549727,416.4897448011707
10,12,base,thr,naive,orchestration,1985.8604361930854,2502.88239789739,262.94771077785293,1962.8225426826639,3393.516343824218,-20.65706171966538,-1.966253899586531,0.03278688524590164,0.9836065573770492,-8.522126197131579,0.2459016393442623,0.7704918032786885,-21.050165684513622,-20.271284603477305,8.25,8.815277777777778,1903.3604361930854,2414.7296201196123
10,12,base,mey,naive,orchestration,1074.0881098176028,1100.120212528332,10.639729547945281,1070.9241896464848,1125.4355441129333,-2.366296193295229,-2.446688385585568,0.03278688524590164,0.9836065573770492,-0.6931139906164159,0.2459016393442623,0.7704918032786885,-4.190081533598027,-0.4966976810921206,64.0,66.75277777777778,434.0881098176028,432.5924347505543
10,12,base,trust,naive,orchestration,1024.3189397979968,1047.180153270305,10.324575813958926,1028.2071228817176,1073.8306749476835,-2.183121347450437,-2.2142520801096404,0.01639344262295082,1.0,1.1072931955494199,0.8688524590163934,0.14754098360655737,-2.3503846514071998,-2.0157706658627883,61.583333333333336,63.016666666666666,408.4856064646634,417.0134866036384
10,13,f2,thr,seasonal60,queue,2247.6025620280006,2442.6355378538037,460.2045850189418,1773.4764442941614,3854.1868016781273,-7.984530348607258,-0.4237962466579415,0.34146341463414637,0.6829268292682927,9.095367892480379,0.8048780487804879,0.21951219512195122,-1.6800111831195153,-13.491609789757751,8.75,8.603125,2230.1025620280006,2425.4292878538035
10,13,f2,mey,seasonal60,queue,451.3203611933871,462.04619440777424,3.8672797495948945,454.036167477036,472.80071517869396,-2.321376811280727,-2.773482630914066,0.024390243902439025,1.0,-1.072497775118878,0.0975609756097561,0.926829268292683,-2.62790294839163,-2.024229586018563,138.25,141.475,174.8203611933871,179.09619440777425
10,13,f2,trust,seasonal60,queue,442.76951643075074,448.38036331961337,3.7885396023068534,440.97773345408933,458.13212438978377,-1.2513587453568111,-1.4810052098825002,0.0975609756097561,0.926829268292683,-0.6679052728285824,0.1951219512195122,0.8292682926829268,-0.7868087208492275,-1.705504397701213,135.875,137.203125,171.01951643075074,173.97411331961337
10,13,f50,thr,seasonal60,queue,2482.684359972661,2760.641688377561,394.86073531826275,2228.6914977990964,4102.021066814352,-10.068576794124148,-0.7039376254538529,0.2926829268292683,0.7317073170731707,13.914805506488051,0.9024390243902439,0.12195121951219512,-17.903993169063035,-2.768219157840735,9.0,8.603125,2032.6843599726608,2330.485438377561
10,13,f50,mey,seasonal60,queue,2396.948575151771,2447.1525792214247,39.57867026198566,2369.832828308224,2544.5942639830355,-2.0515273340915465,-1.268461111435407,0.07317073170731707,0.9512195121951219,2.511125006141979,0.926829268292683,0.0975609756097561,-3.6121625464655804,-0.5245274753719271,28.75,29.675,959.4485751517709,963.4025792214247
10,13,f50,trust,seasonal60,queue,2234.712182698854,2291.512835378315,41.1601659961558,2203.6106726525722,2357.3550092005007,-2.4787403239695673,-1.379990855351886,0.14634146341463414,0.8780487804878049,-1.121395471907143,0.2926829268292683,0.7317073170731707,-4.4112062992808125,-0.5847293972452736,26.125,26.953125,928.4621826988541,943.8565853783148
10,13,base,thr,seasonal60,queue,2099.7984985462153,2284.403122959973,340.47572945486326,1824.993913538723,3755.5569853144166,-8.08108790249594,-0.5421961345360178,0.29508196721311475,0.7213114754098361,-8.663514643247142,0.29508196721311475,0.7213114754098361,-4.5808421925872915,-11.84953139887601,8.166666666666666,8.415277777777778,2018.1318318795486,2200.2503451821954
10,13,base,mey,seasonal60,queue,1068.2642699832288,1074.820935094117,10.969194447131096,1056.6401850159607,1101.37968841524,-0.6100239488091126,-0.5977344227499772,0.3114754098360656,0.7049180327868853,-0.12744825241668375,0.5081967213114754,0.5081967213114754,-1.127883745188357,-0.08497200686332596,64.25,64.45277777777778,425.7642699832288,430.29315731633915
10,13,base,trust,seasonal60,queue,1005.2339434346463,1025.678801122621,8.204579642577624,1007.2429132169386,1042.9126792310185,-1.9933002091490544,-2.491883628245405,0.01639344262295082,1.0,-0.9442074727534551,0.09836065573770492,0.9180327868852459,-2.9772875326347936,-1.0214507387814504,60.666666666666664,61.975,398.5672767679797,405.92880112262105
10,14,signed,thr,ma10,http,2117.4630557015703,2241.5515882342665,130.49438265460117,2018.8512585409362,2610.347054101593,-5.535832107725181,-0.9509109128562245,0.1951219512195122,0.8292682926829268,-0.4635245141762528,0.4634146341463415,0.5609756097560976,-0.6882158709298467,-9.876471720386338,6.0,6.075,2057.4630557015703,2180.8015882342665
10,14,signed,mey,ma10,http,1082.9247877993225,1072.229284140964,12.120354489078212,1046.9729322995827,1097.4420397135837,0.997501543424779,0.882441488654182,0.8292682926829268,0.1951219512195122,-2.024442822180607,0.04878048780487805,0.975609756097561,1.8853721970496706,0.11397961444902276,59.625,59.690625,486.67478779932253,475.32303414096395
10,14,signed,trust,ma10,http,949.3932102909075,954.1167908056605,8.637993834342453,935.4574839182598,977.7377333745841,-0.49507361784968973,-0.546837680755593,0.2926829268292683,0.7317073170731707,-0.4523251474412957,0.2926829268292683,0.7317073170731707,0.45687095023588337,-1.4398198790104064,52.25,52.75625,426.8932102909075,426.55429080566046
10,14,dwell200,thr,ma10,http,2771.766210393124,2239.737541279142,325.4418007847893,1852.9445602259352,2990.4336015843937,23.754063112686566,1.6347889786469252,0.9024390243902439,0.12195121951219512,28.43180160210843,0.9512195121951219,0.07317073170731707,26.720544209870397,21.083408375677244,4.75,4.78125,2724.266210393124,2191.925041279142
10,14,dwell200,mey,ma10,http,907.8739440637805,910.0700614777406,10.700712245185947,889.4034036688264,929.6433457307548,-0.24131300511019224,-0.2052309569344884,0.3902439024390244,0.6341463414634146,-0.24704588568242647,0.3902439024390244,0.6341463414634146,0.531648471679599,-1.0351623081427115,46.25,46.446875,445.3739440637805,445.60131147774064
10,14,dwell200,trust,ma10,http,826.4942454556611,807.7142473106132,9.909273779288,785.3595475514745,826.2027370554264,2.325079470565027,1.8951941951892741,1.0,0.024390243902439025,0.214666634052626,0.5365853658536586,0.4878048780487805,1.8175171590983417,2.8631083728483846,42.625,42.54375,400.24424545566114,382.27674731061325
10,14,dwell5,thr,ma10,http,2798.798115756769,2230.0955367955585,202.2104917971577,1887.3966064639612,2640.837582490472,25.50126528562915,2.8124286425834435,1.0,0.024390243902439025,-5.928377702230157,0.2926829268292683,0.7317073170731707,19.27252574572881,31.516569025187113,6.0,6.0,2738.798115756769,2170.0955367955585
10,14,dwell5,mey,ma10,http,1134.3172183046522,1134.7570153619654,12.464598707387156,1112.3503812070685,1161.6929328429578,-0.03875693662690288,-0.035283691648454386,0.6097560975609756,0.4146341463414634,-1.043326765408284,0.17073170731707318,0.8536585365853658,0.0497560756014086,-0.12645953271817612,59.125,59.0875,543.0672183046522,543.8820153619654
10,14,dwell5,trust,ma10,http,1007.2043377854109,1018.3863200791802,11.132017718007008,998.6907892289137,1042.5745035208536,-1.0980098684848736,-1.0044883665322883,0.1951219512195122,0.8292682926829268,-2.755414780378841,0.024390243902439025,1.0,-0.883357407836089,-1.314292788290462,51.0,52.89375,497.20433778541087,489.4488200791802
10,14,f2,thr,ma10,http,2367.9790237467787,2109.606047044998,162.4330695100125,1740.5105709132258,2456.4965674673736,12.247451464395128,1.590642702752437,0.926829268292683,0.0975609756097561,2.6267650668574287,0.6585365853658537,0.36585365853658536,18.79486585346932,5.095272549903546,5.875,5.875,2356.2290237467787,2097.856047044998
10,14,f2,mey,ma10,http,504.095506170499,505.2865110306117,4.19873129934654,494.1842056868543,517.7620778894147,-0.23570881749513597,-0.2836582708443486,0.34146341463414637,0.6829268292682927,0.6211125170455921,0.8536585365853658,0.17073170731707318,-0.47099660665117205,0.008401455430039539,123.375,121.625,257.345506170499,262.0365110306117
10,14,f2,trust,ma10,http,441.97232901410916,438.737804547636,3.2047001026419193,431.1566396128551,444.57550921106235,0.7372340456980059,1.0093064445583038,0.8536585365853658,0.17073170731707318,-0.9231876532136444,0.0975609756097561,0.926829268292683,1.863623818372918,-0.4207436185504063,113.75,112.996875,214.47232901410916,212.744054547636
10,14,f50,thr,ma10,http,2807.506199628688,2517.989437694264,196.91580138454816,2269.5586965118564,2930.413594786544,11.497933930951525,1.4702566269379256,0.8536585365853658,0.17073170731707318,18.627464333177116,1.0,0.024390243902439025,-0.0793922704559893,23.315639758721524,6.0,6.0,2507.506199628688,2217.989437694264
10,14,f50,mey,ma10,http,2446.563278670136,2397.2248516402515,41.67460661031224,2315.4444593317403,2499.653187298103,2.05814765336366,1.183896646973404,0.8780487804878049,0.14634146341463414,-0.03003566391020476,0.4878048780487805,0.5365853658536586,0.057034444199923186,4.016423073121524,23.875,23.996875,1252.8132786701358,1197.3811016402515
10,14,f50,trust,ma10,http,2058.8429752143647,2101.252671805411,23.86366834308027,2063.918266193409,2144.81005522741,-2.0183054213374305,-1.777165856537045,0.024390243902439025,1.0,-0.4371950104962428,0.43902439024390244,0.5853658536585366,-1.5743248791638007,-2.4417289778626237,21.875,22.021875,965.0929752143647,1000.158921805411
10,15,signed,thr,naive,queue,1885.9180676195945,2457.626976910414,224.26441534357818,1922.8332419099725,3070.2374216547964,-23.26263971961843,-2.5492627014185407,0.024390243902439025,1.0,27.752385390013696,1.0,0.024390243902439025,-22.62761132414274,-23.936103953494264,6.5,7.29375,1820.9180676195945,2384.689476910414
10,15,signed,mey,naive,queue,1117.2688581911034,1131.147735612697,13.461262080963392,1103.87775284119,1157.1811688269477,-1.2269730102121466,-1.0310234908226645,0.1951219512195122,0.8292682926829268,3.637999459574923,1.0,0.024390243902439025,-0.16479868345952486,-2.25709894079468,67.25,68.046875,444.7688581911034,450.67898561269703
10,15,signed,trust,naive,queue,984.7672326419645,1007.8639490419915,10.214171441937896,990.7225005077004,1029.6307705918605,-2.2916502194548434,-2.261242287866376,0.024390243902439025,1.0,0.9274987498948748,0.8048780487804879,0.21951219512195122,-1.6594133888992426,-2.9216537586728766,56.875,58.8625,416.0172326419645,419.23894904199153
10,14,base,thr,ma10,http,2504.2472785233317,2092.706221767754,189.18100331601084,1829.113833231142,2605.5388545551427,19.665495924599497,2.1753825677102117,0.9344262295081968,0.08196721311475409,-11.334373469778308,0.04918032786885246,0.9672131147540983,8.261465606128715,29.025609058361955,6.0,6.0,2444.2472785233317,2032.706221767754
10,14,base,mey,ma10,http,1108.4002376013239,1101.7125841077561,10.917256066287441,1067.2820528397062,1125.878973881762,0.6070234278919353,0.612576406833512,0.7049180327868853,0.3114754098360656,-2.0599432012841423,0.04918032786885246,0.9672131147540983,2.164556162125512,-0.9108454766962641,55.416666666666664,54.977777777777774,554.2335709346572,551.9348063299784
10,14,base,trust,ma10,http,948.4825023496315,955.6194214318649,9.060940828881211,933.492580532608,981.5870024677075,-0.7468369648180303,-0.7876576193373712,0.19672131147540983,0.819672131147541,0.8139409260065928,0.8688524590163934,0.14754098360655737,-1.7618587297850041,0.2719434623438467,50.583333333333336,50.923611111111114,442.6491690162982,446.38331032075376
10,15,dwell5,thr,naive,queue,1761.8104389039229,2343.2659832727686,306.5987078885319,1936.329159376306,3246.685824490132,-24.813894304766222,-1.896470955057781,0.024390243902439025,1.0,-9.895656858902395,0.21951219512195122,0.8048780487804879,-19.40221147041021,-30.47635151025998,6.625,6.53125,1695.5604389039229,2277.9534832727686
10,15,dwell5,mey,naive,queue,1110.132262898955,1168.218527482526,16.395678140031986,1130.420612615646,1216.7268271423832,-4.9722088134268,-3.5427790230735536,0.024390243902439025,1.0,-1.2455457414538902,0.17073170731707318,0.8536585365853658,-5.428585050645797,-4.505685990869338,63.125,65.728125,478.8822628989551,510.93727748252604
10,15,dwell5,trust,naive,queue,1022.3436693067626,1046.8715102404826,13.953678686242343,1019.4435807113284,1071.5996124163817,-2.3429657502175743,-1.7578046252350104,0.0975609756097561,0.926829268292683,-0.6433932936113287,0.2926829268292683,0.7317073170731707,-2.1874753052258136,-2.494200222972423,56.875,57.125,453.59366930676265,475.6215102404826
10,15,dwell200,thr,naive,queue,2029.132845527773,2214.1072705263955,372.2951460564606,1761.256317715318,3310.008933057089,-8.354356966392396,-0.49684887637662095,0.34146341463414637,0.6829268292682927,14.243414176692617,0.8292682926829268,0.1951219512195122,-0.04424294681205035,-15.72221541449356,5.875,5.996875,1970.382845527773,2154.1385205263955
10,15,dwell200,mey,naive,queue,972.4407123663409,991.5804951062721,13.71761454373522,957.1740384305224,1019.0151315910106,-1.9302298536923026,-1.3952704880946134,0.07317073170731707,0.9512195121951219,0.06919954505815568,0.5121951219512195,0.5121951219512195,-2.725581762164007,-1.1452844362753183,53.25,54.55,439.9407123663409,446.0804951062721
10,15,dwell200,trust,naive,queue,852.7370662536262,863.7683754507614,10.405625433668698,839.8607384656412,882.4093500274928,-1.2771142716794277,-1.0601293759279513,0.14634146341463414,0.8780487804878049,-0.5934689287582482,0.36585365853658536,0.6585365853658537,-3.353947451621987,0.750685255199513,45.625,46.3875,396.48706625362615,399.89337545076137
10,15,f2,thr,naive,queue,1567.4883465972566,2176.4427499161466,265.18953293098576,1844.5373105909332,2998.7898473207865,-27.979343970446802,-2.2962987889773436,0.024390243902439025,1.0,3.7945853586797202,0.8048780487804879,0.21951219512195122,-27.192947508073882,-28.86624605916139,6.125,6.4,1555.2383465972566,2163.6427499161464
10,15,f2,mey,naive,queue,488.33336844237726,517.8033701647562,5.496413119165785,503.96060392293884,529.469995060533,-5.691349925552256,-5.361678804604068,0.024390243902439025,1.0,0.5781677837219091,0.7073170731707317,0.3170731707317073,-6.053307555781508,-5.324821772296655,136.375,141.784375,215.58336844237726,234.23462016475617
10,15,f2,trust,naive,queue,447.3823281101688,457.3283285518699,3.9296697403216143,447.62074245569863,465.85693003218324,-2.174805237452725,-2.531001610554445,0.024390243902439025,1.0,0.8732924495816352,0.9024390243902439,0.12195121951219512,-2.9350551062003767,-1.3817955649304106,124.25,126.840625,198.88232811016883,203.6470785518699
10,15,f50,thr,naive,queue,2130.975483326138,2624.1164224898394,261.1805655731308,2120.160003425952,3357.9331323260712,-18.79264711493991,-1.8881226406779537,0.04878048780487805,0.975609756097561,14.23499927899181,0.9512195121951219,0.07317073170731707,-21.655543472550818,-15.515048403128503,6.25,6.775,1818.4754833261381,2285.3664224898394
10,15,f50,mey,naive,queue,2525.797854145072,2442.150566753211,58.581877093310624,2298.340056446718,2548.2551563916686,3.425148659161846,1.4278697020688773,0.9024390243902439,0.12195121951219512,-0.2828434940022608,0.4878048780487805,0.5365853658536586,3.6095973222734594,3.226027821856784,27.0,26.48125,1175.797854145072,1118.088066753211
10,15,f50,trust,naive,queue,2183.6674956023962,2174.324915698137,40.4057060456632,2122.4872775057775,2285.080883932641,0.42967726841595677,0.23121932069943527,0.7073170731707317,0.3170731707317073,0.13409555243115626,0.7073170731707317,0.3170731707317073,-2.9080405167111936,3.8845014050750346,25.0,24.059375,933.6674956023962,971.3561656981369
10,16,signed,thr,seasonal60,timer,1872.1524695856715,2231.7621349192045,257.96116078866197,1780.4848012298612,2708.7685129986444,-16.11326134209871,-1.3940457712087437,0.0975609756097561,0.926829268292683,-1.8079192737859657,0.5121951219512195,0.5121951219512195,-16.441288935375677,-15.773858646650854,6.0,6.503125,1812.1524695856715,2166.7308849192045
10,16,signed,mey,seasonal60,timer,1125.874240411626,1137.8402439534334,14.18632080627718,1103.6984856718605,1171.3534567741617,-1.0516417928962865,-0.8434888584017243,0.17073170731707318,0.8536585365853658,-2.5333433864501536,0.07317073170731707,0.9512195121951219,-1.6416941665037479,-0.46344822860791396,68.625,68.66875,439.62424041162603,451.1527439534334
10,16,signed,trust,seasonal60,timer,967.6823653965338,975.8670553300451,13.760372540456194,949.9912448267447,1012.0216861047911,-0.8387095238852184,-0.5948014786262449,0.3170731707317073,0.7073170731707317,-1.15399832205638,0.24390243902439024,0.7804878048780488,-0.7352562222735325,-0.9406632461564696,56.25,56.83125,405.1823653965338,407.5545553300451
10,16,dwell5,thr,seasonal60,timer,2171.746047880085,2262.650758526561,231.98527727518763,1910.8648230973445,3003.0298566411266,-4.017620054880811,-0.3918555164974634,0.4146341463414634,0.6097560975609756,9.033334053699202,0.8536585365853658,0.17073170731707318,-1.8765471272692165,-5.930459432183098,6.0,6.103125,2111.746047880085,2201.619508526561
10,16,dwell5,mey,seasonal60,timer,1105.7453503977774,1127.9508433995559,14.801593252673628,1095.8820522180677,1156.4361126952876,-1.9686578658740859,-1.5002096478882399,0.07317073170731707,0.9512195121951219,0.835716384803509,0.7560975609756098,0.2682926829268293,-2.4645966276852738,-1.4654819164158008,62.875,62.0875,476.99535039777743,507.0758433995559
10,16,dwell5,trust,seasonal60,timer,1002.1274615686791,1013.8853636601328,13.114748564753594,991.2586620623713,1045.1504386539,-1.1596875261131718,-0.8965404127574018,0.17073170731707318,0.8536585365853658,-2.3014042935313195,0.024390243902439025,1.0,1.2725270774406627,-3.5537685391608473,54.875,55.165625,453.3774615686791,462.22911366013284
10,16,dwell200,thr,seasonal60,timer,1879.7687818566665,2082.0025692032846,329.61331992586196,1542.309414701491,3053.182709004501,-9.713426406769829,-0.613548588971178,0.34146341463414637,0.6829268292682927,12.764690550155366,0.7804878048780488,0.24390243902439024,-17.293822279637308,-2.169880240410634,5.0,4.946875,1829.7687818566665,2032.5338192032846
10,16,dwell200,mey,seasonal60,timer,891.1917638469129,889.262159811951,11.056125266076442,861.0945224229524,909.5115382876511,0.2169893336482302,0.17452805467774726,0.5365853658536586,0.4878048780487805,3.507579285574682,1.0,0.024390243902439025,1.6663982854188613,-1.4213173116925697,51.25,50.06875,378.69176384691286,388.57465981195105
10,16,dwell200,trust,seasonal60,timer,789.8239594295585,777.8669347668122,8.520188290800267,760.9373590778171,794.5184365381692,1.5371555375767187,1.403375636153137,0.9512195121951219,0.07317073170731707,-0.4476172337476718,0.4146341463414634,0.6097560975609756,0.8128187956892023,2.3238325073821957,43.5,42.125,354.8239594295585,356.61693476681216
10,16,f2,thr,seasonal60,timer,2026.0903248648465,2461.511188631398,307.2030155539257,1911.9342895106224,3139.802008305413,-17.689168579755503,-1.4173717109561341,0.07317073170731707,0.9512195121951219,7.401632610463431,0.7317073170731707,0.2926829268292683,-24.855461597966055,-10.035614961702489,6.0,6.04375,2014.0903248648465,2449.423688631398
10,16,f2,mey,seasonal60,timer,497.23317797376455,502.92739194265744,5.557468426582903,493.0622763068735,515.0485971855524,-1.1322139259303106,-1.024605725451518,0.14634146341463414,0.8780487804878049,0.6155835828889814,0.7317073170731707,0.2926829268292683,-0.13958313256873436,-2.1276457105506785,143.75,143.925,209.73317797376455,215.0773919426574
10,16,f2,trust,seasonal60,timer,431.1634088843693,434.79760653369493,4.7175992624161,426.3603018471298,445.72861248192015,-0.8358366271374605,-0.7703489523322509,0.24390243902439024,0.7804878048780488,0.43582945995026895,0.7317073170731707,0.2926829268292683,-1.625315745653092,-0.061164662404679646,122.875,121.853125,185.4134088843693,191.09135653369492
10,16,f50,thr,seasonal60,timer,2125.299217977019,2413.7764966912932,273.5570193097019,1969.503890979295,3300.0358171453836,-11.95128377087552,-1.0545416799840208,0.12195121951219512,0.9024390243902439,-15.316927276932494,0.07317073170731707,0.9512195121951219,-17.965060830644124,-5.828917897698309,5.875,5.921875,1831.549217977019,2117.6827466912932
10,16,f50,mey,seasonal60,timer,2360.1492019045463,2414.790954827871,59.47018293540736,2306.297107932068,2575.4439785829945,-2.2627943348089694,-0.9188092288647034,0.14634146341463414,0.8780487804878049,-0.24599151994243426,0.5121951219512195,0.5121951219512195,-2.3093692788041844,-2.2161411977172705,27.25,26.846875,997.6492019045463,1072.4472048278708
10,16,f50,trust,seasonal60,timer,2082.926304730569,2137.4803298413,32.462815723948616,2087.5526247699718,2254.5408629932476,-2.552258579838315,-1.6805081104066104,0.024390243902439025,1.0,-1.436227425039261,0.12195121951219512,0.9024390243902439,-2.8291393458003244,-2.255776912056189,22.0,23.00625,982.926304730569,987.1678298412999
10,15,base,thr,naive,queue,2124.1510954832647,2532.231991257889,216.29437655281487,2184.333845117692,3120.788266738176,-16.115462453023895,-1.8866921196861492,0.01639344262295082,1.0,-6.346983828750565,0.26229508196721313,0.7540983606557377,-19.773366370148544,-12.531967109813536,6.583333333333333,6.780555555555556,2058.3177621499312,2464.4264357023335
10,15,base,mey,naive,queue,1096.428540492602,1123.2343417854368,14.497545716102094,1091.944882513689,1156.9937979912527,-2.386483416294556,-1.848988912865587,0.04918032786885246,0.9672131147540983,-0.3124045446059709,0.4098360655737705,0.6065573770491803,-2.7837413227327623,-1.9863931105615134,62.666666666666664,61.513888888888886,469.76187382593537,508.09545289654784
10,15,base,trust,naive,queue,987.1748651485649,995.5390532620135,9.749983167391337,977.5097160158574,1016.3073517032473,-0.840166750469729,-0.857866928573011,0.2459016393442623,0.7704918032786885,-0.26955194381290215,0.4098360655737705,0.6065573770491803,-0.6074698839617452,-1.0721475446309907,53.833333333333336,54.64861111111111,448.8415318152315,449.05294215090237
10,16,base,thr,seasonal60,timer,2205.211962956521,2429.920754503933,254.26874892635809,2049.1158431724193,3267.4344657365123,-9.247576947968673,-0.8837452203475183,0.16393442622950818,0.8524590163934426,-13.028846994958347,0.04918032786885246,0.9672131147540983,-1.8325313704689323,-16.268319013608345,6.166666666666667,6.106944444444444,2143.5452962898544,2368.8513100594887
10,16,base,mey,seasonal60,timer,1086.2512075927623,1085.5806776094375,14.77200973452034,1057.7007919499636,1128.5629650434726,0.06176694161518407,0.0453919267164979,0.5245901639344263,0.4918032786885246,-0.2401807576590977,0.47540983606557374,0.5409836065573771,0.5474573131990653,-0.4297459607493122,59.333333333333336,59.46527777777778,492.9178742594289,490.9278998316597
10,16,base,trust,seasonal60,timer,942.0622098524922,958.4298731301375,8.632700342150827,935.1126992825704,977.2185398271622,-1.7077580464171187,-1.8960073475187167,0.03278688524590164,0.9836065573770492,-1.8571278645746419,0.03278688524590164,0.9836065573770492,-2.5144034540816405,-0.8926986721653588,53.666666666666664,53.93611111111111,405.39554318582555,419.0687620190264
10,17,signed,thr,ma10,timer,2902.796501020177,2838.210312300505,616.9980239849478,2089.9647171164747,5041.4225570198,2.275595590635488,0.1046781127474853,0.7317073170731707,0.2926829268292683,11.827294711656831,0.7804878048780488,0.24390243902439024,0.6872025389039567,3.9872193951442014,8.5,8.859375,2817.796501020177,2749.616562300505
10,17,signed,mey,ma10,timer,1138.0681638496353,1126.859004590893,12.948460368256018,1105.7928687476885,1154.6189482947384,0.9947259784121678,0.8656750640579901,0.8048780487804879,0.21951219512195122,1.0070981556125311,0.8048780487804879,0.21951219512195122,1.581490193048817,0.4073766066689826,67.25,67.425,465.5681638496353,452.60900459089294
10,17,signed,trust,ma10,timer,1044.318816249171,1052.2708110272483,14.192346465014966,1023.0219267707475,1090.8155437351516,-0.7556985041060275,-0.5603016243775791,0.3170731707317073,0.7073170731707317,-0.7393419343088885,0.3170731707317073,0.7073170731707317,-3.257633508670251,1.706864994885781,62.25,63.8375,421.81881624917105,413.8958110272483
10,17,dwell5,thr,ma10,timer,2135.1176905126003,2479.1455364586545,529.17854970459,1694.9030043766156,4492.705324484926,-13.87687172401674,-0.6501167633081598,0.2926829268292683,0.7317073170731707,-29.21654229154809,0.04878048780487805,0.975609756097561,-3.9923891152169886,-24.366630096791617,7.25,7.609375,2062.6176905126003,2403.0517864586545
10,17,dwell5,mey,ma10,timer,1126.5348939705532,1142.5049843780776,14.158140698961232,1102.78249435319,1167.9869226675082,-1.397813631090431,-1.1279793545699173,0.17073170731707318,0.8536585365853658,-1.5795939054096426,0.17073170731707318,0.8536585365853658,-0.8954905454161451,-1.9198425532541346,67.25,68.0,454.0348939705532,462.50498437807755
10,17,dwell5,trust,ma10,timer,1046.0126944998633,1083.0473695716082,12.859734364668723,1060.835405637432,1118.3452642199568,-3.4194880216913983,-2.879894251431449,0.024390243902439025,1.0,-5.366212415020158,0.024390243902439025,1.0,-2.2570376655050453,-4.624266437418431,63.5,64.315625,411.0126944998633,439.8911195716082
10,17,dwell200,thr,ma10,timer,2499.855190612808,2594.684109981424,389.28388585049424,1993.3775634488325,3360.2899894463244,-3.65473850954808,-0.24359836822281242,0.4634146341463415,0.5609756097560976,1.6318835646730037,0.5365853658536586,0.4878048780487805,-3.110064358227141,-4.12966363076107,7.25,7.08125,2427.355190612808,2523.871609981424
10,17,dwell200,mey,ma10,timer,982.3514033367599,980.2402213030524,13.698399449465374,956.9726701167641,1008.7786168001846,0.2153739448582323,0.15411888385178069,0.5853658536585366,0.43902439024390244,-0.10022802676885119,0.5609756097560976,0.4634146341463415,-1.8228697809758279,2.1454528257876744,58.125,59.66875,401.10140333675986,383.5527213030524
10,17,dwell200,trust,ma10,timer,903.5717554615358,900.7467460342065,11.418251705827736,872.9474807303759,920.9836243315822,0.313629712210141,0.2474117316828321,0.6341463414634146,0.3902439024390244,2.0088110664743026,0.975609756097561,0.04878048780487805,1.2817499056967527,-0.6059287320373237,51.5,53.034375,388.57175546153576,370.40299603420647
10,17,f50,thr,ma10,timer,2300.6672436838576,2887.4224510357117,370.7026720673112,2318.6570638058893,4165.803167827409,-20.32107242019215,-1.5828189316242982,0.024390243902439025,1.0,10.726237512230455,0.8780487804878049,0.14634146341463414,-17.733178055798827,-23.12535086224866,7.25,7.49375,1938.1672436838576,2512.7349510357117
10,17,f50,mey,ma10,timer,2395.0508527258867,2475.9297498113006,53.58062268327062,2359.5590696713225,2585.1450900651516,-3.266607103516485,-1.5094803500793685,0.0975609756097561,0.926829268292683,-2.4239595986870204,0.17073170731707318,0.8536585365853658,-5.817245814016174,-0.740518137007968,28.125,29.15625,988.8008527258867,1018.1172498113006
10,17,f50,trust,ma10,timer,2281.2289371258507,2356.7494146188706,39.042097894669396,2284.712278862718,2481.3652636452252,-3.2044339132776605,-1.9343345149321751,0.024390243902439025,1.0,1.869264376256942,0.8780487804878049,0.14634146341463414,-1.7486884111139394,-4.588106193493651,25.5,26.575,1006.2289371258507,1027.9994146188706
10,17,f2,thr,ma10,timer,3167.8678553056056,3106.123920416708,499.22418867919583,2286.993494029404,4443.307548987571,1.9878129936494637,0.12367977411562171,0.6341463414634146,0.3902439024390244,-4.446902615927841,0.43902439024390244,0.5853658536585366,9.60596781916212,-4.869421393579411,7.375,7.590625,3153.1178553056056,3090.942670416708
10,17,f2,mey,ma10,timer,493.09918753829663,484.2134218475759,4.822132594362441,478.3039969700091,496.9085260304,1.8350928102769257,1.8427045538127884,0.9512195121951219,0.07317073170731707,-0.6917897272155682,0.3170731707317073,0.7073170731707317,4.394564750129155,-0.7684719901796426,143.625,146.553125,205.84918753829663,191.1071718475759
10,17,f2,trust,ma10,timer,466.8541971861283,468.24896248593524,4.325061899510033,458.065129740837,482.7800024296316,-0.2978683161201483,-0.32248447125460256,0.34146341463414637,0.6829268292682927,-0.6326524809799435,0.24390243902439024,0.7804878048780488,1.087943841264482,-1.6881132376367212,137.75,143.1375,191.35419718612832,181.97396248593526
10,17,base,thr,ma10,timer,2715.9412362820963,2684.958940177524,400.17597463615965,2049.427480543092,4605.140965075692,1.1539206667541808,0.07742167963167104,0.5737704918032787,0.4426229508196721,10.491854184889212,0.819672131147541,0.19672131147540983,-10.01446434502339,11.081148542346055,7.166666666666667,7.498611111111111,2644.2745696154298,2609.9728290664125
10,17,base,mey,ma10,timer,1094.0672641526835,1072.8042036179218,12.43069741653175,1052.1954484248615,1111.0980858381818,1.9820075707248583,1.7105283655673018,0.9508196721311475,0.06557377049180328,1.3998468369400716,0.9180327868852459,0.09836065573770492,-1.6999269974892022,5.631274865567813,65.66666666666667,65.26388888888889,437.40059748601675,420.16531472903284
10,17,base,trust,ma10,timer,1025.517583036614,1022.7893139112863,10.021053542720571,998.2402298148467,1047.896784161079,0.26674791066153025,0.2722537219960877,0.5901639344262295,0.4262295081967213,0.4405197582109755,0.639344262295082,0.3770491803278688,-1.5889188604828894,2.1033297702776355,59.416666666666664,60.05972222222222,431.3509163699474,422.1920916890641
10,18,signed,thr,naive,http,1775.8872139210685,2259.577952264686,328.7687341945949,1813.3553213208784,3725.197449273862,-21.40624260644928,-1.471218787055723,0.024390243902439025,1.0,-6.4122234811016705,0.4146341463414634,0.6097560975609756,-16.10310214925635,-26.434617720194467,12.0,13.071875,1655.8872139210685,2128.859202264686
10,18,signed,mey,naive,http,1067.7338342813869,1087.112549110984,11.847602028601822,1059.5179813884406,1110.5903426510577,-1.7825858827077843,-1.6356655788077719,0.07317073170731707,0.9512195121951219,-1.0602797603939778,0.17073170731707318,0.8536585365853658,-0.7981767684340346,-2.747015754040581,65.375,66.703125,413.98383428138686,420.081299110984
10,18,signed,trust,naive,http,1017.0130223295,1027.4815220388027,12.329608339441318,1004.0525491926742,1053.1310056010407,-1.0188504109086414,-0.8490537104747202,0.21951219512195122,0.8048780487804879,0.3364650344970612,0.6097560975609756,0.4146341463414634,-0.6596778253753242,-1.372833906347931,61.0,61.640625,407.0130223295,411.0752720388027
10,18,dwell5,thr,naive,http,1811.8936405504194,1964.391515166522,166.72125349588984,1740.7142053227117,2471.859737607416,-7.76311002357263,-0.9146876682993632,0.17073170731707318,0.8536585365853658,23.471141348436728,0.975609756097561,0.04878048780487805,-8.991857294720317,-6.642560704092877,12.125,11.88125,1690.6436405504194,1845.579015166522
10,18,dwell5,mey,naive,http,1094.8560724167987,1103.190309755215,11.750777642065621,1072.089406387671,1127.879387409929,-0.7554668731875879,-0.709249854969696,0.24390243902439024,0.7804878048780488,2.7108766221551175,1.0,0.024390243902439025,-1.123298129198457,-0.3816786657376005,67.375,67.03125,421.1060724167987,432.8778097552149
10,18,dwell5,trust,naive,http,1073.374991641256,1076.9691055590772,7.7998204622173875,1062.4727487001724,1099.9561420416737,-0.33372488581791326,-0.460794442029948,0.2682926829268293,0.7560975609756098,1.5836494257507077,0.975609756097561,0.04878048780487805,-0.8786909754898687,0.23141413197077979,64.125,63.80625,432.124991641256,438.9066055590772
10,18,dwell200,thr,naive,http,1974.3895428690391,2180.039098916015,379.5804897186264,1647.4992079558826,3006.8774766002684,-9.433296684872827,-0.5417811547675141,0.4146341463414634,0.6097560975609756,-15.279032592971308,0.1951219512195122,0.8292682926829268,6.498723122263045,-24.48227443749531,11.375,11.290625,1860.6395428690391,2067.132848916015
10,18,dwell200,mey,naive,http,902.102385500184,902.7292761640725,16.19848046057637,878.8057617117795,978.3662576160953,-0.06944392748092999,-0.03870058462670127,0.5609756097560976,0.4634146341463415,0.2822228407968371,0.7560975609756098,0.2682926829268293,-0.37963810265825343,0.2209907184641407,55.875,56.046875,343.352385500184,342.26052616407253
10,18,dwell200,trust,naive,http,841.4884777286552,841.0099137847322,10.965963824262182,821.435308193036,876.6888099527739,0.0569034842608817,0.043640846494872404,0.4634146341463415,0.5609756097560976,-1.1149259274587697,0.24390243902439024,0.7804878048780488,-1.3252557767210493,1.3845236210827094,51.0,50.2375,331.4884777286552,338.63491378473225
10,18,f2,thr,naive,http,1647.6900084007918,2238.2252248236136,412.01708465643065,1692.9632873206008,3587.401557040096,-26.384083687081123,-1.4332784693024376,0.024390243902439025,1.0,-9.804063707973619,0.36585365853658536,0.6585365853658537,-23.835267741790975,-28.78554909685483,11.5,12.2,1624.6900084007918,2213.8252248236136
10,18,f2,mey,naive,http,450.2426217914766,455.10362042041953,3.5506705282337854,448.18940076401236,462.48884813628047,-1.0681080990857397,-1.3690368031305162,0.14634146341463414,0.8780487804878049,-1.104644729390773,0.0975609756097561,0.926829268292683,-1.0163204210635262,-1.1185612926537705,140.25,140.84375,169.7426217914766,173.41612042041953
10,18,f2,trust,naive,http,434.31194522144824,438.0488263617375,3.49400875979668,431.3484310214268,446.95165000087025,-0.8530741130677901,-1.0695110966197776,0.1951219512195122,0.8292682926829268,-0.3728625337249171,0.3170731707317073,0.7073170731707317,-0.8565191857559253,-0.8495898948054467,132.75,133.478125,168.81194522144824,171.09257636173749
10,18,f50,thr,naive,http,2400.5460189432083,2923.191198278765,428.31070515357675,2127.4533384113415,4045.651718936426,-17.879267686742523,-1.2202477618395158,0.07317073170731707,0.9512195121951219,8.218838203437748,0.7317073170731707,0.2926829268292683,-22.422902234910204,-13.206640161861376,11.625,11.70625,1819.2960189432083,2337.878698278765
10,18,f50,mey,naive,http,2398.933175774763,2396.494763329515,36.21973326741135,2297.9175212740183,2460.937171543206,0.10174912470329592,0.0673227609724576,0.4878048780487805,0.5365853658536586,0.47549557184938424,0.5609756097560976,0.4634146341463415,-0.17908662147412874,0.37130849764592244,29.0,28.84375,948.9331757747632,954.3072633295151
10,18,f50,trust,naive,http,2332.763065763407,2364.620658446793,34.495485733737624,2303.206099787614,2443.9413623195787,-1.3472601860930924,-0.9235293258163426,0.1951219512195122,0.8292682926829268,0.5592297573316466,0.7073170731707317,0.3170731707317073,-3.379702357957308,0.7121787092748836,28.75,29.084375,895.2630657634072,910.4019084467932
10,18,base,thr,naive,http,1883.6542694874581,2265.5102837642917,236.73134005992654,1747.8966133400036,2986.680188050896,-16.855187858267193,-1.6130353259529133,0.06557377049180328,0.9508196721311475,2.3365688658917705,0.5573770491803278,0.45901639344262296,-13.891942244311819,-19.77411010999395,12.166666666666666,12.045833333333333,1761.9876028207914,2145.051950430958
10,18,base,mey,naive,http,1057.306824234988,1072.9575991770027,10.454128955211242,1049.5687267561354,1097.853123246429,-1.4586573555208042,-1.497090289307468,0.08196721311475409,0.9344262295081968,-1.166875628209982,0.13114754098360656,0.8852459016393442,-1.590361783058566,-1.3271207112732306,63.333333333333336,63.46944444444444,423.9734909016546,438.2631547325583
10,18,base,trust,naive,http,1023.7531086655664,1040.3327472329531,9.595540472570278,1021.6011857964564,1076.2499492433674,-1.5936861173970314,-1.7278483285835877,0.04918032786885246,0.9672131147540983,-0.06863276120945168,0.47540983606557374,0.5409836065573771,-2.7276737196735557,-0.45267940198717965,61.5,61.643055555555556,408.7531086655664,423.9021916773976
10,20,signed,thr,ma10,queue,2139.7029689015126,2375.584931287837,253.89747812667287,2032.4359924885653,2979.453539197673,-9.929426613194156,-0.9290441328000901,0.1951219512195122,0.8292682926829268,-5.531423508150433,0.3902439024390244,0.6341463414634146,-18.537941401336983,-1.5939270824312952,6.0,6.225,2079.7029689015126,2313.334931287837
10,20,signed,mey,ma10,queue,1104.3983431752724,1120.1618878201723,17.115622879849305,1073.7494041692025,1159.9652357514265,-1.407255934727044,-0.9210032702612724,0.17073170731707318,0.8536585365853658,0.872236735652026,0.7560975609756098,0.2682926829268293,-1.8857541185799773,-0.9305498678798977,64.875,64.753125,455.64834317527243,472.6306378201723
10,20,signed,trust,ma10,queue,990.6644790281653,982.9211173841468,12.993121657098039,956.9425142149682,1003.8417421587487,0.7877907501495062,0.5959585270094305,0.6585365853658537,0.36585365853658536,-0.18763349618762643,0.43902439024390244,0.5853658536585366,0.3079661022387372,1.2664026630871075,56.0,55.0,430.66447902816526,432.9211173841468
10,20,dwell5,thr,ma10,queue,2359.717854388631,2220.7503845427373,200.10443585486055,1824.8973299357071,2547.1123096951987,6.257680773722255,0.6944747089299389,0.7073170731707317,0.3170731707317073,4.696026275956928,0.6585365853658537,0.36585365853658536,5.602234912504258,6.985886170966938,6.0,6.0,2299.717854388631,2160.7503845427373
10,20,dwell5,mey,ma10,queue,1121.6309061860338,1127.8544727202059,15.784124225623001,1094.8504613334899,1156.4269237369742,-0.551805812248259,-0.39429279985449467,0.2926829268292683,0.7317073170731707,-1.97175029126404,0.17073170731707318,0.8536585365853658,-0.9190532220089744,-0.17827858402079505,59.5,59.775,526.6309061860338,530.1044727202059
10,20,dwell5,trust,ma10,queue,996.0900280616366,994.3018147870905,10.346802659755713,965.2899820519652,1011.0121160063867,0.17984612397886923,0.172827619637655,0.5121951219512195,0.5121951219512195,0.7345785980053923,0.7804878048780488,0.24390243902439024,-1.1008658327918486,1.4031353216181486,53.125,52.6625,464.84002806163664,467.6768147870905
10,20,dwell200,thr,ma10,queue,1949.057542931481,2210.891413856726,235.65423884658387,1733.4894351234857,2785.7479982365203,-11.842909574129488,-1.1110934061988365,0.17073170731707318,0.8536585365853658,-1.1573248930369577,0.4634146341463415,0.5609756097560976,-15.876369603097393,-8.201977675360867,4.125,4.1375,1907.807542931481,2169.516413856726
10,20,dwell200,mey,ma10,queue,827.489682276422,830.0269447070335,16.81752993675066,795.8409995564894,865.1342631700375,-0.3056843451638946,-0.150870100434131,0.43902439024390244,0.5853658536585366,1.3874151917518514,0.7804878048780488,0.24390243902439024,-0.7944532548260278,0.14378720102960316,42.75,43.921875,399.98968227642195,390.8081947070335
10,20,dwell200,trust,ma10,queue,744.8475645358458,735.113182200701,10.01028198640159,718.8357533690412,761.2381900599266,1.3242018468507228,0.9724383737010023,0.8048780487804879,0.21951219512195122,4.339557398839049,1.0,0.024390243902439025,-0.20841244271464412,2.8124674075478686,41.125,39.790625,333.5975645358458,337.206932200701
10,20,f2,thr,ma10,queue,2505.666624256237,2421.032810160056,227.01040246961236,2088.738350437134,2911.787206011931,3.4957731155483796,0.3728191006908143,0.6097560975609756,0.4146341463414634,-7.598905297856004,0.2926829268292683,0.7317073170731707,-9.655201899324837,15.311687263280428,6.0,5.99375,2493.666624256237,2409.045310160056
10,20,f2,mey,ma10,queue,488.77714281346715,490.69161138267384,5.880271628531994,478.2893551062665,503.18090964315434,-0.3901571832076136,-0.32557485268493214,0.4146341463414634,0.6097560975609756,0.551803541477645,0.6097560975609756,0.4146341463414634,-1.2833555899661038,0.5055173881579043,133.75,131.75625,221.27714281346715,227.17911138267385
10,20,f2,trust,ma10,queue,439.41758476897326,435.8026020081902,3.5252475109699235,429.87245801636925,445.39792297072427,0.829500040643427,1.025455021110968,0.8536585365853658,0.17073170731707318,1.0829092636895772,0.8780487804878049,0.14634146341463414,1.4510173621204434,0.20523448114509682,118.0,117.753125,203.41758476897326,200.2963520081902
10,20,f50,thr,ma10,queue,2582.7185790799085,2518.2876433796373,224.2225150634993,2186.3250190596264,3376.641675629508,2.5585216950754073,0.2873526580594484,0.7317073170731707,0.2926829268292683,6.708858317382141,0.8292682926829268,0.1951219512195122,4.329800658814485,0.8217307861954223,6.0,6.0125,2282.7185790799085,2217.6626433796373
10,20,f50,mey,ma10,queue,2471.022608971945,2513.633458045392,50.34729005581403,2414.4953249192845,2632.274700129778,-1.6951894452654845,-0.8463384826911188,0.24390243902439024,0.7804878048780488,-1.6017121197629818,0.2682926829268293,0.7560975609756098,2.1293825207768413,-5.529772718403118,28.75,29.05,1033.522608971945,1061.1334580453922
10,20,f50,trust,ma10,queue,2169.7527921308856,2143.236761808337,33.408232591859466,2059.1908436761596,2202.9334506044524,1.2371955723723105,0.7936974890736828,0.8048780487804879,0.21951219512195122,0.3217377133003391,0.5609756097560976,0.4634146341463415,3.2211243442515256,-0.8385046942898262,22.875,23.071875,1026.0027921308856,989.6430118083372
10,20,base,thr,ma10,queue,2084.1746665791934,2267.8957032263847,232.57939899678155,1779.0767963674327,2749.5712038526867,-8.10094734011902,-0.7899282457503198,0.22950819672131148,0.7868852459016393,-4.728920209069729,0.36065573770491804,0.6557377049180327,-13.934575938923416,-2.7430484762777336,6.0,6.002777777777778,2024.1746665791934,2207.867925448607
10,20,base,mey,ma10,queue,1080.7633923667624,1091.6356726406398,17.79860163289367,1061.3740638451368,1129.4510573155405,-0.9959623477288485,-0.6108502509424232,0.32786885245901637,0.6885245901639344,-0.3072669120989442,0.47540983606557374,0.5409836065573771,-2.054045786536158,0.07620591604381192,57.666666666666664,58.041666666666664,504.0967257000958,511.21900597397314
10,20,base,trust,ma10,queue,973.713161878994,966.2937720798692,8.981058294461358,950.8723168335297,990.0760839660376,0.7678192712714249,0.8261153146840582,0.7704918032786885,0.2459016393442623,-1.1237369178574936,0.11475409836065574,0.9016393442622951,1.7288740612362732,-0.18567643728913732,51.75,51.86805555555556,456.213161878994,447.61321652431366
10,21,signed,thr,naive,queue,3310.232179492413,2879.629396426096,415.29448288884896,2290.9061849298537,4101.654834419703,14.953409754766968,1.0368613136177038,0.8048780487804879,0.21951219512195122,37.420061520288996,0.975609756097561,0.04878048780487805,18.440396256975582,11.601833209621766,10.375,10.103125,3206.482179492413,2778.598146426096
10,21,signed,mey,naive,queue,1212.2180181597998,1211.4973975519483,19.055338343772483,1172.3195721873726,1265.032620780184,0.059481812285165504,0.03781725597577871,0.5853658536585366,0.43902439024390244,-0.5882562943740165,0.3902439024390244,0.6341463414634146,-2.550228633607403,2.5153284385175807,75.375,76.203125,458.46801815979984,449.4661475519483
10,21,signed,trust,naive,queue,1080.72823685813,1068.6833671280833,12.971347805495895,1031.8100506352555,1091.8245935662544,1.1270756241313418,0.9285750340410527,0.8536585365853658,0.17073170731707318,-1.2651497926587658,0.1951219512195122,0.8292682926829268,2.548785373464888,-0.23026204091708793,60.5,62.7125,475.72823685813,441.5583671280833
10,21,dwell200,thr,naive,queue,3021.772960509068,3089.992770050965,493.8904708451581,2155.5635527301656,4415.891876754484,-2.207765992305928,-0.13812740591078346,0.5121951219512195,0.5121951219512195,-0.2166042144025401,0.5609756097560976,0.4634146341463415,-2.720013670038245,-1.84542017728329,7.25,7.49375,2949.272960509068,3015.055270050965
10,21,dwell200,mey,naive,queue,972.3561690414869,948.9175798290937,10.767482146424106,933.3531532035743,982.0369476223638,2.470034248560827,2.176793877496897,0.9512195121951219,0.07317073170731707,0.9185253473263756,0.8536585365853658,0.17073170731707318,3.090761308930269,1.8232529701211366,58.25,58.803125,389.85616904148685,360.8863298290937
10,21,dwell200,trust,naive,queue,868.1401241623872,851.5766396587338,11.021475690493697,830.0786568002818,874.0232925646276,1.9450374437573996,1.5028372759502455,0.926829268292683,0.0975609756097561,-0.4068808252355303,0.4146341463414634,0.6097560975609756,0.12095035690808985,3.848262494452592,49.125,49.503125,376.8901241623872,356.5453896587338
10,21,dwell5,thr,naive,queue,2684.8147194187427,2243.2814918497183,299.65430515419473,1848.181521056461,3033.6486426900356,19.682470932569146,1.4734753346587903,0.8780487804878049,0.14634146341463414,-18.5882857695675,0.024390243902439025,1.0,18.210906925449322,21.239843604574073,7.875,8.640625,2606.0647194187427,2156.8752418497183
10,21,dwell5,mey,naive,queue,1207.7807779287318,1191.153932960668,16.272949092908853,1155.0651976464083,1221.2129243127133,1.3958603088970196,1.021747494761668,0.8292682926829268,0.1951219512195122,-1.5080055564582406,0.17073170731707318,0.8536585365853658,-0.9214751473938143,3.6953454032895494,70.875,71.75,499.0307779287318,473.65393296066804
10,21,dwell5,trust,naive,queue,1072.409458558077,1066.1785340821534,11.823382413281474,1046.6608544777832,1095.4861997479618,0.5844166128600196,0.5270001644304587,0.6585365853658537,0.36585365853658536,-1.736527037409557,0.04878048780487805,0.975609756097561,0.6454479369503562,0.524966669773095,62.25,63.290625,449.90945855807695,433.2722840821534
10,21,f50,thr,naive,queue,3355.723995743568,2891.6105982247814,356.7365812116458,2285.7832687374685,3627.8842865220586,16.050342248839296,1.3009974921619718,0.9024390243902439,0.12195121951219512,-6.917485578869992,0.3170731707317073,0.7073170731707317,5.38748089554891,26.46545191571582,7.75,8.5125,2968.223995743568,2465.9855982247814
10,21,f50,mey,naive,queue,2617.0040847237897,2502.465710941372,47.40477464321676,2397.7640907717678,2619.6831662197956,4.577020707281975,2.4161780041033736,0.975609756097561,0.04878048780487805,2.3416345364069246,0.8780487804878049,0.14634146341463414,1.7962867111323428,7.24220594907348,30.375,30.3875,1098.2540847237897,983.090710941372
10,21,f50,trust,naive,queue,2446.08623973616,2370.8093532789603,37.38221968117159,2268.346795596377,2465.2363751918774,3.1751556215639107,2.013708311042718,0.975609756097561,0.04878048780487805,-2.223832015942436,0.12195121951219512,0.9024390243902439,-1.951713759943034,8.549365091170806,27.0,27.371875,1096.0862397361602,1002.2156032789603
10,21,f2,thr,naive,queue,2138.23569754528,2482.0071546855274,353.61976628321025,1901.7684375755944,3175.475305534446,-13.850542553484447,-0.972150003812074,0.17073170731707318,0.8536585365853658,-11.906255784476866,0.2682926829268293,0.7560975609756098,-7.760041028343546,-20.4722717414785,8.375,8.659375,2121.48569754528,2464.6884046855275
10,21,f2,mey,naive,queue,504.969141931331,495.1254855149161,6.669066362528899,485.3895425658002,523.5437149505359,1.9881134589906695,1.476017163620223,0.926829268292683,0.0975609756097561,-0.5570400890276943,0.36585365853658536,0.6585365853658537,1.6623588459373992,2.316699820287221,156.25,156.709375,192.46914193133102,181.7067355149161
10,21,f2,trust,naive,queue,458.4252406254234,460.02341923678614,3.93459723129741,451.83505660696596,468.33715752653177,-0.34741244565640916,-0.4061860763409741,0.34146341463414637,0.6829268292682927,1.4671659187473798,0.9512195121951219,0.07317073170731707,-1.1584620104306524,0.4886327003889161,138.25,141.715625,181.92524062542338,176.59216923678616
10,22,signed,thr,seasonal60,http,1671.5898122929148,1950.8844867606417,181.86575698470253,1640.6974453931437,2542.7700728070968,-14.316310184591376,-1.5357188681276575,0.07317073170731707,0.9512195121951219,3.379884974079324,0.6585365853658537,0.36585365853658536,-13.55833390887208,-15.049031271080032,12.625,11.815625,1545.3398122929148,1832.7282367606417
10,22,signed,mey,seasonal60,http,1049.9679979575628,1044.5329883571121,15.276318837861503,1009.1227797176834,1080.9166382226103,0.5203291481486991,0.3557800578880525,0.6097560975609756,0.4146341463414634,2.52088788365453,0.975609756097561,0.04878048780487805,1.4762473200557706,-0.37061852415018093,62.875,63.434375,421.21799795756283,410.1892383571121
10,22,signed,trust,seasonal60,http,946.6696150551584,970.6046343521994,12.744776722950494,944.7176893827441,995.5404367243008,-2.4659906258345536,-1.8780257840013284,0.04878048780487805,0.975609756097561,0.2325214335318719,0.5365853658536586,0.4878048780487805,-1.8367753940666318,-3.077279841643532,55.125,56.753125,395.4196150551584,403.07338435219935
10,21,base,thr,naive,queue,2455.167488473857,2662.8596465658775,372.17114894441505,2078.811919763249,4100.969504506176,-7.799590878169948,-0.5580555039827663,0.36065573770491804,0.6557377049180327,14.95136619188811,0.8852459016393442,0.13114754098360656,-13.355136032989337,-2.684118162272374,7.75,8.618055555555555,2377.667488473857,2576.679091010322
10,21,base,mey,naive,queue,1122.7946644082879,1134.1117097657939,10.304907405691408,1108.6800757204749,1163.3451264443647,-0.9978774806798436,-1.098219024389835,0.16393442622950818,0.8524590163934426,0.9610522636520034,0.8688524590163934,0.14754098360655737,-1.069945807114978,-0.9252130291665133,65.5,67.39444444444445,467.7946644082879,460.1672653213494
10,21,base,trust,naive,queue,1079.1308029513395,1073.6608302780471,10.480394591100435,1043.0979876009503,1099.8719805799662,0.5094693332414733,0.5219243059738735,0.7377049180327869,0.2786885245901639,-2.193794186509586,0.04918032786885246,0.9672131147540983,0.21442396435289654,0.7966603085836974,62.416666666666664,64.43055555555556,454.9641362846729,429.3552747224916
10,22,dwell5,thr,seasonal60,http,1615.290714996611,1812.8234644235527,120.29070649746478,1649.3779547128788,2135.091665232308,-10.896413980925255,-1.642128100985962,0.024390243902439025,1.0,11.013098855637658,0.9512195121951219,0.07317073170731707,-10.867377943171022,-10.92663123426484,9.875,10.09375,1516.540714996611,1711.8859644235527
10,22,dwell5,mey,seasonal60,http,1038.1778918841442,1082.8933595581598,13.22598141098342,1047.4824082813766,1108.0512844993025,-4.129258645769176,-3.3808808801804275,0.024390243902439025,1.0,1.4793722118476857,0.8780487804878049,0.14634146341463414,-4.83610358519669,-3.442988123610114,61.25,62.35625,425.6778918841442,459.3308595581598
10,22,dwell5,trust,seasonal60,http,982.8786374610183,993.0604111851186,14.011602451821703,966.0188026050398,1022.0860714889777,-1.0252924806406614,-0.7266673286734938,0.2926829268292683,0.7317073170731707,1.1756636787814683,0.7804878048780488,0.24390243902439024,-1.623544783360503,-0.42974843277713887,54.375,55.265625,439.12863746101834,440.4041611851186
10,22,dwell200,thr,seasonal60,http,1591.3156746654688,2154.779221886004,249.4317538642197,1818.0391862590934,3399.547584193722,-26.14947932936512,-2.258988835588517,0.024390243902439025,1.0,29.81544696862821,0.975609756097561,0.04878048780487805,-32.4986323718837,-19.911304517082407,7.25,7.890625,1518.8156746654688,2075.872971886004
10,22,dwell200,mey,seasonal60,http,759.8248403319835,783.5194424507451,10.493129018704579,763.4448485066706,806.8547231485602,-3.024124333743148,-2.2581064310297427,0.024390243902439025,1.0,1.9129042861867078,0.926829268292683,0.0975609756097561,-3.5635311418417546,-2.566490762671562,43.125,45.04375,328.5748403319835,333.08194245074515
10,22,dwell200,trust,seasonal60,http,718.3008718887331,727.3148294669987,9.955736507783334,710.1263029169336,750.8089068433919,-1.2393474205484496,-0.90540338941459,0.24390243902439024,0.7804878048780488,0.7093799670190475,0.7073170731707317,0.3170731707317073,-1.9871786328344054,-0.5928670185234727,41.0,41.45,308.3008718887331,312.81482946699873
10,22,f2,thr,seasonal60,http,1590.856132504117,1955.75145722296,220.2638275291441,1618.5127014945424,2562.320003849523,-18.657550956754523,-1.656628456937905,0.024390243902439025,1.0,2.8931804223939657,0.6341463414634146,0.3902439024390244,-23.018331334422477,-14.001858634094184,10.125,10.0875,1570.606132504117,1935.57645722296
10,22,f2,mey,seasonal60,http,447.19727175555545,459.87360198235547,6.225581810518505,449.8448350497455,489.93914195378755,-2.7564813836142714,-2.036167961905597,0.024390243902439025,1.0,0.0011851175416278663,0.6341463414634146,0.3902439024390244,-4.2910115929214125,-1.2328949179294628,125.625,128.98125,195.94727175555545,201.9111019823555
10,22,f2,trust,seasonal60,http,422.58877864643546,422.6367257460441,4.600108602866446,413.6593735796441,439.986488112512,-0.011344754652824782,-0.010423036442823018,0.5121951219512195,0.5121951219512195,1.344058290255178,0.926829268292683,0.0975609756097561,-0.7701517060867406,0.7241923443981411,120.875,119.871875,180.83877864643546,182.89297574604407
10,22,f50,thr,seasonal60,http,2043.5351749306,2425.350228717899,130.5832208917711,2158.7636536716805,2746.635628408496,-15.742677047889117,-2.923921244856961,0.024390243902439025,1.0,-0.060273636802139735,0.4634146341463415,0.5609756097560976,-15.059044579559568,-16.39733387577066,9.75,9.965625,1556.0351749306,1927.068978717899
10,22,f50,mey,seasonal60,http,2218.3648122250265,2363.7216905437476,48.3921096339015,2266.916160494865,2487.6386838366498,-6.149492087001299,-3.003730968093404,0.024390243902439025,1.0,-2.3425368653034027,0.14634146341463414,0.8780487804878049,-7.125591878336944,-5.23318196660572,24.125,25.8375,1012.1148122250265,1071.8466905437476
10,22,f50,trust,seasonal60,http,2108.1224748654245,2130.559072983502,28.471757510163542,2084.3770485700957,2215.5955166635417,-1.0530850048977445,-0.788029966540298,0.21951219512195122,0.8048780487804879,-0.3749865872871816,0.4634146341463415,0.5609756097560976,2.106439286859527,-4.221306103012284,23.25,23.484375,945.6224748654245,956.3403229835021
10,22,base,thr,seasonal60,http,1766.5693949690328,2022.9961627144548,176.2354691256348,1777.75457175903,2856.59028777533,-12.675593383298796,-1.455023605734101,0.01639344262295082,1.0,-3.251887125603581,0.4262295081967213,0.5901639344262295,-7.2548435179966795,-18.201534158453534,9.75,10.136111111111111,1669.0693949690328,1921.6350516033438
10,22,base,mey,seasonal60,http,1003.6558281530712,1038.92469226219,10.373516529517646,1010.223905425369,1066.4657333920911,-3.394746931302911,-3.399894723140607,0.01639344262295082,1.0,-0.7587406632461019,0.2459016393442623,0.7704918032786885,-2.4311338571967354,-4.358214444904358,59.083333333333336,60.57222222222222,412.8224948197378,433.2024700399679
10,22,base,trust,seasonal60,http,941.7146342915181,956.9696478565812,10.702144829912692,939.6248676100249,978.5227518432943,-1.594095862834444,-1.4254164756231915,0.13114754098360656,0.8852459016393442,-0.35522386017231056,0.4262295081967213,0.5901639344262295,-2.129279054248097,-1.0410000974289264,52.25,52.515277777777776,419.2146342915181,431.8168700788035
10,23,signed,thr,ma10,queue,1784.99499147011,2325.838468474416,292.64803376487276,1954.7502077271158,3191.8155811097668,-23.253699013717863,-1.8481022067581874,0.024390243902439025,1.0,-6.281046586438445,0.36585365853658536,0.6585365853658537,-26.693879875136382,-19.91669086000542,8.25,8.778125,1702.49499147011,2238.057218474416
10,23,signed,mey,ma10,queue,1100.2136413309665,1105.7953186890584,11.553099939982053,1079.4968494930818,1129.7686983694184,-0.5047658697550849,-0.48313243952605406,0.3170731707317073,0.7073170731707317,-0.9963530239003826,0.21951219512195122,0.8048780487804879,-0.8222678776219625,-0.1905513044811385,66.625,67.403125,433.96364133096654,431.7640686890584
10,23,signed,trust,ma10,queue,1018.0012981467864,1013.8042438994784,12.768238654328695,989.5053578884205,1043.9409731520304,0.41399059755013456,0.32871051058285056,0.6585365853658537,0.36585365853658536,-1.0603136737016055,0.1951219512195122,0.8292682926829268,0.6213225798479488,0.20880062773788824,58.75,58.909375,430.50129814678644,424.71049389947837
10,23,dwell5,thr,ma10,queue,1704.3910482524084,2093.57522515041,243.75562715092695,1818.19376338344,2877.3633089902687,-18.58945273246827,-1.596616174350015,0.024390243902439025,1.0,9.266216548783948,0.8780487804878049,0.14634146341463414,-17.387408651771437,-19.755338696603463,8.75,8.11875,1616.8910482524084,2012.38772515041
10,23,dwell5,mey,ma10,queue,1080.810594394923,1144.8390899692854,18.63089464527643,1112.4700218807347,1187.3520175438885,-5.592794318027707,-3.436683894865763,0.024390243902439025,1.0,-2.557363736153717,0.07317073170731707,0.9512195121951219,-2.6245437001447534,-8.574237921487011,61.375,63.7125,467.0605943949231,507.7140899692854
10,23,dwell5,trust,ma10,queue,1021.9364085758864,1047.664853333104,13.187029192417787,1019.9691539996313,1074.7800423036615,-2.455789623500646,-1.9510417685289454,0.04878048780487805,0.975609756097561,1.8882049933498486,0.926829268292683,0.0975609756097561,-3.1601694210292743,-1.7644125056006146,57.625,58.54375,445.6864085758864,462.227353333104
10,23,dwell200,thr,ma10,queue,2192.7865603204623,2249.345904942855,342.87779322621464,1876.2972541805066,3589.7348099061255,-2.514479631527807,-0.16495481987973987,0.5365853658536586,0.4878048780487805,-5.843479577606373,0.4146341463414634,0.6097560975609756,-5.970702991558228,1.090538247561455,7.0,7.628125,2122.7865603204623,2173.064654942855
10,23,dwell200,mey,ma10,queue,936.374368931967,979.283911504959,17.41262755602153,947.4774202481234,1018.1310732302825,-4.381726491048833,-2.4642772858340543,0.024390243902439025,1.0,-0.2753263583669312,0.4634146341463415,0.5609756097560976,-5.3225382594909565,-3.4054574330867973,50.875,54.703125,427.62436893196696,432.25266150495895
10,23,dwell200,trust,ma10,queue,855.6538309215282,881.5730199705888,11.164952444399225,859.7215134433226,915.1983055705068,-2.94010688416092,-2.3214777831017703,0.024390243902439025,1.0,-0.7717131674983649,0.36585365853658536,0.6585365853658537,-5.518499510472343,-0.37729558110432665,47.375,49.778125,381.9038309215282,383.7917699705888
10,23,f2,thr,ma10,queue,1818.912608080227,2102.216346601922,226.2657683323834,1648.040876962598,2675.1236385790307,-13.47643114751888,-1.252083956887031,0.0975609756097561,0.926829268292683,-6.385404683102215,0.3170731707317073,0.7073170731707317,-17.978695319239755,-8.966041886079104,8.0,8.403125,1802.912608080227,2085.410096601922
10,23,f2,mey,ma10,queue,480.1327791823686,499.5169764646448,4.88954376177081,486.65600735403484,510.73027054531184,-3.8805882874029196,-3.964418405216599,0.024390243902439025,1.0,-0.7880412468403294,0.21951219512195122,0.8048780487804879,-5.641875054097547,-2.0441171292839515,135.125,139.653125,209.8827791823686,220.21072646464484
10,23,f2,trust,ma10,queue,444.4749595968119,454.1390814586929,3.8724713187385844,446.4686646935777,463.4624370884287,-2.1280092941659747,-2.495595465127668,0.024390243902439025,1.0,1.6399137933354986,0.975609756097561,0.04878048780487805,-2.905443767383604,-1.3309521053370779,126.125,126.565625,192.2249595968119,201.0078314586929
10,23,f50,thr,ma10,queue,1990.1757473088232,2546.0608059091765,209.5095343601316,2201.5984516425415,3035.0261340410034,-21.833141506683358,-2.6532685507516205,0.024390243902439025,1.0,5.920604353263165,0.7317073170731707,0.2926829268292683,-22.250259230350995,-21.410248008822244,7.875,7.890625,1596.4257473088232,2151.5295559091765
10,23,f50,mey,ma10,queue,2380.5159469719974,2476.6651443667506,51.67447542214943,2411.650478929214,2593.7112425257637,-3.8822041652844113,-1.860670991031297,0.024390243902439025,1.0,1.2890886601653926,0.7073170731707317,0.3170731707317073,-1.5913141359635328,-6.118650856106749,27.125,27.2,1024.2659469719974,1116.6651443667506
10,23,f50,trust,ma10,queue,2193.664446938731,2213.122979736968,46.37113198165951,2092.984523797627,2314.0718903364714,-0.879234140009221,-0.4196260036509982,0.3170731707317073,0.7073170731707317,0.14940339335561736,0.5365853658536586,0.4878048780487805,-1.393482050743913,-0.3636816389432287,26.0,25.559375,893.6644469387311,935.1542297369679
10,24,signed,thr,naive,storage,3593.16194359631,2438.6702019594263,303.26927130671294,1873.0883163559622,3304.825332154001,47.34103613966623,3.8068207064384123,1.0,0.024390243902439025,-18.145733841383052,0.07317073170731707,0.9512195121951219,44.24354221024297,50.525054194584264,10.25,10.3125,3490.66194359631,2335.5452019594263
10,24,signed,mey,naive,storage,1123.6796371091036,1116.1419499978897,13.174406496566535,1091.7024372816522,1149.1670299340767,0.6753340926956628,0.5721462377207179,0.7317073170731707,0.2926829268292683,-0.35308023245228565,0.3902439024390244,0.6341463414634146,2.0873122938384925,-0.6885156832974465,67.5,67.98125,448.6796371091036,436.3294499978897
10,24,signed,trust,naive,storage,1044.0871896209708,1035.0411333227403,10.325427971132553,1011.5798510972326,1059.9081682527835,0.8739803672526906,0.8760950464737272,0.8048780487804879,0.21951219512195122,0.43224771967134945,0.6585365853658537,0.36585365853658536,1.3454443081810767,0.4003379932605658,62.375,61.809375,420.3371896209708,416.9473833227403
10,23,base,thr,ma10,queue,1931.8578084336061,2239.6701971790217,154.92261141063213,1931.1331543382405,2627.58733483872,-13.743648021620366,-1.9868783900727018,0.03278688524590164,0.9836065573770492,-0.7586466378441021,0.4918032786885246,0.5245901639344263,-15.197178847011466,-12.520482573431844,8.166666666666666,8.194444444444445,1850.1911417669394,2157.7257527345773
10,23,base,mey,ma10,queue,1113.3556331079542,1125.1500334226084,13.119200552876359,1095.4069076349533,1161.4070967226455,-1.0482513410924144,-0.8990182189164218,0.16393442622950818,0.8524590163934426,-0.3544792379818789,0.4262295081967213,0.5901639344262295,-3.370641506430529,1.2137375830390553,64.0,64.48333333333333,473.3556331079542,480.31670008927506
10,23,base,trust,ma10,queue,1024.6397140450995,1027.0774768017159,11.369245041385202,1002.7773657881324,1060.2816245770753,-0.23734945139752295,-0.2144172940017293,0.45901639344262296,0.5573770491803278,1.28562529847252,0.9016393442622951,0.11475409836065574,0.25966930198838784,-0.7026565291541615,57.583333333333336,57.331944444444446,448.8063807117661,453.7580323572714
10,24,dwell5,thr,naive,storage,1811.0521155470797,1967.8088115745566,242.95979847482988,1602.5499338706861,2639.493901242474,-7.966053160522586,-0.6451960242456184,0.2682926829268293,0.7560975609756098,-4.785027672656445,0.43902439024390244,0.5853658536585366,-2.8086797039990787,-13.89632196568498,8.25,8.3625,1728.5521155470797,1884.1838115745566
10,24,dwell5,mey,naive,storage,1066.27573948204,1081.5273922707574,16.848483988533726,1052.7847581722758,1118.0058358117483,-1.4101957007945256,-0.9052240426555239,0.24390243902439024,0.7804878048780488,1.2584451836962014,0.7804878048780488,0.24390243902439024,-0.6475653980288293,-2.186364871362999,61.75,62.228125,448.7757394820401,459.24614227075745
10,24,dwell5,trust,naive,storage,1016.518588178793,1029.2432946580277,12.8057445148068,1011.5719744336759,1071.125374953127,-1.2363166751028025,-0.9936717435305358,0.17073170731707318,0.8536585365853658,-0.7898847933134356,0.2682926829268293,0.7560975609756098,-2.299861414183065,-0.12655703458946524,58.0,59.078125,436.51858817879304,438.4620446580277
10,24,dwell200,thr,naive,storage,3163.4378456301324,2380.7379475812904,285.9389765997054,1873.8260728008013,3104.725417579833,32.87635662900344,2.7372969832810417,1.0,0.024390243902439025,-19.085528772480544,0.07317073170731707,0.9512195121951219,28.925316390263177,37.03773923520575,7.25,7.621875,3090.9378456301324,2304.5191975812904
10,24,dwell200,mey,naive,storage,868.9206825470609,865.3804596458328,14.199940598361556,835.4757501147133,907.9442761881999,0.40909438868967835,0.24931251484506445,0.6585365853658537,0.36585365853658536,0.5339240720103922,0.6829268292682927,0.34146341463414637,-1.7121032598180181,2.47313258448517,50.125,49.928125,367.6706825470609,366.09920964583284
10,24,dwell200,trust,naive,storage,825.8418217103941,821.850269885283,11.223488863682956,800.613233773203,850.8902463304721,0.48567871440479415,0.3556426948510694,0.7073170731707317,0.3170731707317073,1.5897041581541758,0.8780487804878049,0.14634146341463414,0.4972738474333934,0.4741056374733598,49.25,48.225,333.34182171039413,339.60026988528296
10,24,f50,thr,naive,storage,3473.547994747463,2547.2488960918427,278.2353158949997,1971.0203727692667,3245.249855308129,36.36468741145828,3.329193117257575,1.0,0.024390243902439025,10.992718915774232,0.8536585365853658,0.17073170731707318,57.98604057089515,13.890431392314932,8.25,8.2625,3061.047994747463,2134.1238960918427
10,24,f50,mey,naive,storage,2362.9540691679017,2315.886058253104,47.32651398464525,2217.7025921373342,2419.8185439386866,2.032397524354104,0.9945378806068159,0.8536585365853658,0.17073170731707318,-0.9941206229582559,0.2682926829268293,0.7560975609756098,2.2357532141460736,1.8372896856282523,28.0,27.484375,962.9540691679017,941.6673082531038
10,24,f50,trust,naive,storage,2295.4953969433736,2216.6209943431904,57.0947237471241,2127.4609620593246,2352.035150014309,3.5583170420866,1.3814657016210918,0.8780487804878049,0.14634146341463414,-2.021807240831552,0.3170731707317073,0.7073170731707317,5.118049794978829,2.1890914716539434,25.75,25.484375,1007.9953969433736,942.4022443431904
10,24,f2,thr,naive,storage,2069.3048553770464,2004.8211901467707,234.5949112371742,1647.6205734028708,2757.047006129613,3.2164297518002014,0.27487239552729675,0.7073170731707317,0.3170731707317073,-3.335118060276039,0.43902439024390244,0.5853658536585366,25.125236581075345,-18.559404209112603,8.125,8.359375,2053.0548553770464,1988.1024401467707
10,24,f2,mey,naive,storage,459.22954079044644,461.4490955017827,4.579655063820292,450.9991245492158,473.59361788166103,-0.4809966544462999,-0.48465543374019115,0.3170731707317073,0.7073170731707317,0.22374871591240883,0.6097560975609756,0.4146341463414634,0.32947549303919205,-1.3440036715181378,143.5,143.35625,172.22954079044644,174.73659550178274
10,24,f2,trust,naive,storage,438.89793049066725,439.09825548799546,3.4731336587657973,431.92298520748255,447.15643794975824,-0.04562190690226648,-0.05767845899699594,0.5365853658536586,0.4878048780487805,0.4855358178069458,0.7073170731707317,0.3170731707317073,-0.32587779213262746,0.24905725748504565,130.625,131.471875,177.64793049066725,176.15450548799544
10,25,signed,thr,seasonal60,orchestration,1728.5248243586316,1726.9161969105985,2.7926713888576997,1722.2748243586316,1736.3132458011032,0.09315029014788687,0.5760174485445138,0.8292682926829268,0.3902439024390244,0.02076692827797027,0.6341463414634146,0.5365853658536586,0.24916883979336968,-0.05907606445918476,9.75,9.565625,1631.0248243586316,1631.2599469105985
10,25,signed,mey,seasonal60,orchestration,924.0765366385042,923.9470360770258,2.5725319041815062,918.8015298671253,929.821000084915,0.014016015682914584,0.050339730002137005,0.4878048780487805,0.5365853658536586,-0.015748328012213188,0.4634146341463415,0.5609756097560976,0.389627153386,-0.32117534630562333,53.625,53.546875,387.8265366385042,388.4782860770258
10,25,signed,trust,seasonal60,orchestration,917.0768589057551,915.3773288630379,2.346031911148805,909.9281520693007,919.7906363666818,0.18566442374405062,0.7244275044345055,0.8536585365853658,0.2926829268292683,0.14640924173094363,0.7317073170731707,0.2926829268292683,0.47351880757957476,-0.09201665441020668,52.625,52.409375,390.8268589057551,391.28357886303786
10,24,base,thr,naive,storage,2501.6515276630744,2211.1045426029013,213.04511679705735,1916.8930720415176,3037.2783513917857,13.140354943061288,1.3637814817269078,0.9508196721311475,0.06557377049180328,8.000078345831898,0.7704918032786885,0.2459016393442623,24.80937101765258,0.47057677423699323,8.666666666666666,8.286111111111111,2414.984860996408,2128.24343149179
10,24,base,mey,naive,storage,1058.98200915142,1052.2686786463535,8.869984090194176,1034.9168053081985,1071.7451505772779,0.6379863471468743,0.7568593626326997,0.7540983606557377,0.26229508196721313,-0.1008983148838068,0.4098360655737705,0.6065573770491803,-1.401426623293837,2.7127472330647384,64.58333333333333,62.68472222222222,413.14867581808676,425.4214564241313
10,24,base,trust,naive,storage,1022.7383027967495,1024.6567472427928,8.752134016148265,1004.6621172348085,1043.6406127056614,-0.18722801086369126,-0.21919733433053298,0.39344262295081966,0.6229508196721312,0.8275721170132744,0.8360655737704918,0.18032786885245902,0.18863164546602162,-0.5674932251317004,58.75,59.82083333333333,435.2383027967495,426.4484139094594
10,25,dwell5,thr,seasonal60,orchestration,1615.7906332468854,1623.2363765287218,6.231529558707241,1589.422421849821,1633.1820366996678,-0.458697413974861,-1.194850030267872,0.04878048780487805,0.975609756097561,0.080349155367788,0.7073170731707317,0.34146341463414637,-0.6907449099014398,-0.22959916814926176,8.25,9.03125,1533.2906332468854,1532.9238765287218
10,25,dwell5,mey,seasonal60,orchestration,957.6894045545625,963.3055716301209,2.9754700254353312,957.6188950036178,969.5325721157997,-0.5830099234300671,-1.8874890446045258,0.04878048780487805,0.975609756097561,-0.06396382349534734,0.4878048780487805,0.6341463414634146,-0.7445448508312961,-0.4224492879780577,53.125,53.596875,426.43940455456254,427.3368216301209
10,25,dwell5,trust,seasonal60,orchestration,919.8853921246496,928.1585368767239,3.395153402729591,918.935911180278,936.3873995985175,-0.8913503914873953,-2.436751383729237,0.04878048780487805,0.975609756097561,-0.08329878155040296,0.43902439024390244,0.6341463414634146,-1.0286680960490524,-0.7543752571485322,51.125,51.85625,408.63539212464957,409.59603687672393
10,25,dwell200,thr,seasonal60,orchestration,1703.3381333865075,1716.7131333865077,3.571611716915804,1708.3381333865075,1724.5881333865075,-0.7791051247808521,-3.7448079634899254,0.024390243902439025,1.0,-0.1237830572081839,0.34146341463414637,0.8048780487804879,-0.7786532055404288,-0.7795288916929541,5.5,6.8375,1648.3381333865075,1648.3381333865077
10,25,dwell200,mey,seasonal60,orchestration,755.2454048713983,767.3451690688987,4.0168791728122235,758.6870560610771,776.2040092023863,-1.5768346091475873,-3.012230061435828,0.024390243902439025,1.0,-0.3391024471111398,0.24390243902439024,0.7804878048780488,-1.5980040144309524,-1.5573389644919333,41.875,43.059375,336.49540487139825,336.7514190688987
10,25,dwell200,trust,seasonal60,orchestration,759.5586002001015,770.0755404890551,3.5006774689426594,761.9155061671664,777.3168280755506,-1.3657024195671204,-3.0042585705932314,0.024390243902439025,1.0,-0.5481069383242138,0.14634146341463414,0.8780487804878049,-1.1726807771323446,-1.5419197805387301,43.375,44.40625,325.8086002001015,326.01304048905513
10,25,f2,thr,seasonal60,orchestration,1634.263250633087,1637.2607008694931,1.7518968747302233,1634.662976251433,1643.8957286339953,-0.18307715043879835,-1.7109741330337993,0.024390243902439025,1.0,-0.06092189447144579,0.17073170731707318,0.8780487804878049,-0.1525322983435478,-0.216352275446908,7.5,8.784375,1619.263250633087,1619.6919508694932
10,25,f2,mey,seasonal60,orchestration,386.0171982022007,389.3147390365715,1.5460233712318872,387.7588575772746,396.9026247914062,-0.8470115574178254,-2.132917843113389,0.024390243902439025,1.0,-0.3918330069208122,0.04878048780487805,0.975609756097561,-1.0831480169513628,-0.6112877693063448,111.0,112.296875,164.0171982022007,164.7209890365715
10,25,f2,trust,seasonal60,orchestration,388.0263117315592,390.31738512198,1.4166942468687849,388.29617932616316,397.33591819997537,-0.5869770288876129,-1.6171967913927872,0.024390243902439025,1.0,-0.24449189109792568,0.12195121951219512,0.9024390243902439,-0.8877746876256358,-0.291152898649298,116.0,116.809375,156.0263117315592,156.69863512198
10,25,f50,thr,seasonal60,orchestration,1986.1356483969637,2071.0533446801887,15.457145030919945,2042.3856483969637,2107.0621332912724,-4.100217722607141,-5.493750373264829,0.024390243902439025,1.0,1.1713030040461705,0.975609756097561,0.04878048780487805,-4.11389348946177,-4.086392464258396,7.25,8.921875,1623.6356483969637,1624.9595946801887
10,25,f50,mey,seasonal60,orchestration,2092.5842901440697,2132.5636093748426,12.420221667188358,2104.736845196206,2154.736845196206,-1.87470699842303,-3.218889348520243,0.024390243902439025,1.0,0.16052209680005844,0.6341463414634146,0.4878048780487805,-1.9369120748083106,-1.8146015790698178,24.25,25.0375,880.0842901440697,880.6886093748426
10,25,f50,trust,seasonal60,orchestration,2045.2703039195785,2084.0219355218096,12.892950619353444,2057.7703039195785,2110.7277571914415,-1.859463710132602,-3.005644925379728,0.024390243902439025,1.0,-0.060058465839406314,0.5853658536585366,0.5365853658536586,-1.7996981209408511,-1.9200046920976859,21.75,22.50625,957.7703039195785,958.7094355218096
10,26,signed,thr,ma10,queue,2038.755442535869,2433.5603453677804,305.5059452097372,1903.7797677656154,3360.5302391985415,-16.22334550213281,-1.292298591966413,0.07317073170731707,0.9512195121951219,-8.606492542102526,0.24390243902439024,0.7804878048780488,-26.90179003835158,-6.215937029968227,7.5,7.546875,1963.755442535869,2358.0915953677804
10,26,signed,mey,ma10,queue,1073.5537433733316,1113.899433239733,16.20692905329026,1067.2011805746479,1141.2936558357667,-3.622022658639623,-2.4894099143483737,0.04878048780487805,0.975609756097561,-1.763712643107779,0.0975609756097561,0.926829268292683,-4.867011196779235,-2.4064439261940938,63.0,65.20625,443.5537433733316,461.83693323973307
10,26,signed,trust,ma10,queue,1016.7990703061915,1038.0916180081315,13.813496732217247,1010.5252491614785,1067.6255897725791,-2.051124133223968,-1.54143068295512,0.07317073170731707,0.9512195121951219,0.8144665092258349,0.7317073170731707,0.2926829268292683,-2.2678466237688504,-1.8378988078284637,60.0,61.609375,416.79907030619154,421.9978680081315
10,25,base,thr,seasonal60,orchestration,1580.2308505358333,1593.5821684677678,3.613511846738136,1584.1961473763174,1600.2308505358333,-0.8378179799019627,-3.694831648050797,0.01639344262295082,1.0,0.09513907473587027,0.5901639344262295,0.4262295081967213,-0.8620109592066664,-0.81324879615903,7.583333333333333,8.9625,1504.3975172025,1503.9571684677678
10,25,base,mey,seasonal60,orchestration,902.2940751559323,913.640338519492,2.9605233477477286,905.7201396060515,920.3087717545286,-1.2418741692103672,-3.83251946727311,0.01639344262295082,1.0,-0.2554444939016062,0.18032786885245902,0.8360655737704918,-1.5184996037934053,-0.9615555238545455,51.25,52.49583333333333,389.7940751559323,388.6820051861588
10,25,base,trust,seasonal60,orchestration,907.8776842822099,920.1400927019586,3.073523703512451,910.7038406221469,925.2345082466035,-1.3326675488881867,-3.989690531989419,0.01639344262295082,1.0,-0.2484302982111246,0.21311475409836064,0.8032786885245902,-1.412997264262474,-1.255459571297316,51.916666666666664,53.24166666666667,388.71101761554326,387.72342603529194
10,26,dwell5,thr,ma10,queue,2088.548838347374,2259.161596332732,174.04172466497835,1946.57010153687,2838.0414811306764,-7.552038697112758,-0.980298019419075,0.17073170731707318,0.8536585365853658,34.92423236574957,1.0,0.024390243902439025,-12.116043704624495,-2.839388287939231,7.375,7.38125,2014.798838347374,2185.349096332732
10,26,dwell5,mey,ma10,queue,1132.3517303620645,1169.9071282511743,13.74768560141591,1136.3430615436973,1207.833069160093,-3.210117878779762,-2.7317614744726124,0.024390243902439025,1.0,-0.5045249415539081,0.34146341463414637,0.6829268292682927,-1.0969601862858336,-5.290265002068067,67.0,67.296875,462.3517303620645,496.9383782511743
10,26,dwell5,trust,ma10,queue,1037.580193105482,1028.0414369340974,15.79488853972452,1000.8145139783203,1061.9665926332302,0.9278571688541899,0.6039141173674287,0.7560975609756098,0.2682926829268293,1.7224589316354608,0.8536585365853658,0.17073170731707318,-1.7904358565636778,3.6096037325968178,60.625,58.975,431.33019310548207,438.2914369340974
10,26,dwell200,thr,ma10,queue,1968.434300942149,2242.0559912414383,384.7610757921948,1596.9600941669953,3446.070468822223,-12.204052502176067,-0.7111470143800857,0.2926829268292683,0.7317073170731707,-6.596856024640053,0.4146341463414634,0.6097560975609756,-16.50382882998168,-7.772172196610877,5.625,6.2625,1912.184300942149,2179.4309912414383
10,26,dwell200,mey,ma10,queue,891.2330650694668,929.6467596754916,15.76006295875355,897.859352044914,963.7514173437099,-4.1320742751186215,-2.4374074333687132,0.024390243902439025,1.0,-1.6104048786138627,0.14634146341463414,0.8780487804878049,-2.8170507046860123,-5.387109115292714,50.875,53.965625,382.48306506946676,389.9905096754916
10,26,dwell200,trust,ma10,queue,810.1492046203587,840.9823503519116,11.373083001194955,812.8675546767724,863.7890767776656,-3.666324949465431,-2.7110631064868973,0.024390243902439025,1.0,-0.5802106250806021,0.34146341463414637,0.6829268292682927,-3.822812838141361,-3.510778434153175,46.25,47.21875,347.64920462035866,368.7948503519116
10,26,f2,thr,ma10,queue,1963.1599218357292,2306.044690464748,232.75932415739382,1978.6738941333772,2909.7715289581,-14.868955924697,-1.473130109267533,0.024390243902439025,1.0,1.5111361872292517,0.6585365853658537,0.36585365853658536,-19.079846148236804,-10.776171463820944,7.125,7.5125,1948.9099218357292,2291.019690464748
10,26,f2,mey,ma10,queue,492.74545118944627,505.2810558329173,4.876166804357766,493.1387316951706,517.204339659,-2.4809172041502756,-2.570790776121133,0.024390243902439025,1.0,-0.08760511458611599,0.4634146341463415,0.5609756097560976,-3.8296214306602856,-1.121988845499242,143.375,144.95625,205.99545118944627,215.36855583291725
10,26,f2,trust,ma10,queue,449.4405564552534,463.5431444308924,4.03451995401061,456.2589745166039,472.2254313521772,-3.0423463587091257,-3.4954810327855808,0.024390243902439025,1.0,-1.1834061722534825,0.0975609756097561,0.926829268292683,-3.669728820725333,-2.396676606438956,126.875,130.971875,195.6905564552534,201.5993944308924
10,26,f50,thr,ma10,queue,2318.2276847192275,2374.379261732865,226.1430165735479,1899.8355206261951,2852.7161576772423,-2.364895024085456,-0.2483011762398397,0.43902439024390244,0.5853658536585366,-16.060946203443628,0.04878048780487805,0.975609756097561,-14.602987461042119,10.19078433963441,6.875,7.140625,1974.4776847192275,2017.348011732865
10,26,f50,mey,ma10,queue,2335.2632305553993,2427.687061401501,40.81302927731993,2364.2938720553902,2498.8480623327587,-3.8070735028239415,-2.2645667935622282,0.024390243902439025,1.0,1.7359025793803802,0.8048780487804879,0.21951219512195122,-3.306863417623532,-4.3090315755909625,27.125,28.5,979.0132305553993,1002.6870614015011
10,26,f50,trust,ma10,queue,2171.733310948627,2178.311681826302,39.48808695527767,2106.759713863515,2284.681384063235,-0.301994013646363,-0.1665912781524512,0.43902439024390244,0.5853658536585366,-0.3863428225434926,0.43902439024390244,0.5853658536585366,-0.7854733785440556,0.18576066059117818,24.875,24.696875,927.9833109486271,943.467931826302
10,26,base,thr,ma10,queue,2204.842395048852,2200.979617090289,196.71317186563496,1856.030954387457,2869.974659818929,0.17550266838314907,0.01963660044687372,0.5245901639344263,0.4918032786885246,23.29517071480366,0.9836065573770492,0.03278688524590164,-6.435653784634147,6.4939155767794725,7.083333333333333,7.354166666666667,2134.0090617155183,2127.4379504236226
10,26,base,mey,ma10,queue,1109.984311678279,1124.3764776435237,11.369583709795931,1095.1736207727133,1149.601972718741,-1.280013078484874,-1.2658481024986428,0.13114754098360656,0.8852459016393442,0.4646832080706323,0.6885245901639344,0.32786885245901637,-1.0441897649821856,-1.5164206618566067,63.75,63.41388888888889,472.484311678279,490.23758875463477
10,26,base,trust,ma10,queue,1034.4585494389216,1041.532393348523,10.664491318152553,1017.5096248878854,1063.672715578713,-0.6791765628008055,-0.6633081408731355,0.29508196721311475,0.7213114754098361,1.3657617380842448,0.9016393442622951,0.11475409836065574,0.36879244268461325,-1.7371117522034538,59.833333333333336,59.77361111111111,436.12521610558827,443.796282237412
10,27,signed,thr,naive,queue,3867.243145083128,2985.7602001688856,295.39670684199876,2439.110057877137,3508.362061815189,29.5228982174919,2.984064901528264,1.0,0.024390243902439025,6.344083083039172,0.6829268292682927,0.34146341463414637,29.91205747484994,29.157754914211377,10.25,9.734375,3764.743145083128,2888.4164501688856
10,27,signed,mey,naive,queue,1091.2576396584018,1059.6562163656374,12.130246391697938,1037.6892768587188,1084.5444483008068,2.9822335588375584,2.6051757130335536,1.0,0.024390243902439025,1.5906080521622723,0.926829268292683,0.0975609756097561,3.3388978740226745,2.616483061590958,65.375,63.55625,437.5076396584018,424.0937163656374
10,27,signed,trust,naive,queue,1090.3416444679829,1091.8117635795504,13.698363140068153,1055.937820503777,1122.8049111710366,-0.1346495028362498,-0.1073207869097447,0.4634146341463415,0.5609756097560976,1.4284833824370484,0.8780487804878049,0.14634146341463414,-0.1556111486528291,-0.11261813901860876,64.625,65.178125,444.09164446798286,440.0305135795504
10,27,dwell200,thr,naive,queue,2587.1583860866667,2796.235195191953,166.2679094121309,2471.2518699697835,3147.0758843255167,-7.477082380795008,-1.2574694049171233,0.14634146341463414,0.8780487804878049,19.089337734378244,1.0,0.024390243902439025,-20.7210019365721,11.878990783582053,7.625,7.715625,2510.9083860866667,2719.078945191953
10,27,dwell200,mey,naive,queue,898.0904339774042,904.1092815843091,10.542215510025022,877.7187885501285,926.7488144281223,-0.6657212495770157,-0.5709281508409001,0.2682926829268293,0.7560975609756098,0.6681509980387454,0.7804878048780488,0.24390243902439024,-1.6771629732182245,0.36265308791757234,51.375,53.03125,384.34043397740425,373.7967815843091
10,27,dwell200,trust,naive,queue,874.9048910829309,869.3394384688436,10.441652203429479,847.6056368104373,894.0120179806956,0.6401932740897743,0.5330049790644644,0.7560975609756098,0.2682926829268293,-0.35282207349800815,0.4146341463414634,0.6097560975609756,-0.06306621048583876,1.3923389751667719,51.875,50.796875,356.15489108293093,361.3706884688436
10,27,dwell5,thr,naive,queue,2524.8385175304907,2193.2370030891034,148.44929269122088,1889.4500151462425,2495.758814971191,15.119274112844952,2.233769581719252,1.0,0.024390243902439025,-6.890841144302837,0.21951219512195122,0.8048780487804879,17.62579769464144,12.415153998543964,8.0,8.21875,2444.8385175304907,2111.0495030891034
10,27,dwell5,mey,naive,queue,1076.2028491974838,1055.470516002174,9.242932333054187,1029.65671505836,1073.223476046299,1.9642740257528062,2.2430471681771076,1.0,0.024390243902439025,0.024012933343743877,0.5609756097560976,0.4634146341463415,4.539634173448956,-0.5211057940096689,61.75,61.684375,458.70284919748383,438.626766002174
10,27,dwell5,trust,naive,queue,1103.5415256468864,1088.3332241225958,10.539671879301828,1069.8966605026746,1111.8785612984545,1.3973938484283075,1.4429577788049746,0.9024390243902439,0.12195121951219512,-0.3568335904882121,0.36585365853658536,0.6585365853658537,2.443921606208648,0.35605588354696727,61.625,61.940625,487.2915256468864,468.92697412259577
10,27,f50,thr,naive,queue,2926.0639002058733,2792.284141852749,195.68454388012822,2425.034563293466,3178.0462216623628,4.791051037676919,0.6836501018449088,0.7317073170731707,0.2926829268292683,10.56469336642729,0.8780487804878049,0.14634146341463414,0.42408468548049383,8.865856036583118,7.75,8.284375,2538.5639002058733,2378.065391852749
10,27,f50,mey,naive,queue,2344.6445342650954,2289.5918283173824,51.43001359027312,2199.4056890588445,2424.3946377823468,2.40447687080414,1.0704392650233545,0.9024390243902439,0.12195121951219512,-1.55752355231694,0.2682926829268293,0.7560975609756098,5.711704863036155,-0.7735976355474561,26.375,26.296875,1025.8945342650954,974.7480783173824
10,27,f50,trust,naive,queue,2338.5350575032435,2360.452559045847,46.607941553602224,2279.229822894465,2452.241234154864,-0.9285296354976574,-0.4702525108815834,0.34146341463414637,0.6829268292682927,0.3023954542300701,0.6097560975609756,0.4146341463414634,0.40876596156571177,-2.26886890980541,27.5,27.975,963.5350575032435,961.702559045847
10,27,f2,thr,naive,queue,2742.060371627381,2371.939772906556,226.38979542514483,1983.783942899345,3002.0459197039518,15.604131392732716,1.6348819876168155,0.9512195121951219,0.07317073170731707,-3.0465386545754716,0.43902439024390244,0.5853658536585366,9.941336700628511,20.59533751081083,8.25,8.2,2725.560371627381,2355.5397729065558
10,27,f2,mey,naive,queue,448.9044549842995,446.780416335283,3.7315741598504744,439.92045817605185,457.6634371886439,0.4754099712872184,0.5692071383358477,0.7317073170731707,0.2926829268292683,0.650149266546361,0.7804878048780488,0.24390243902439024,0.9278148388576978,0.028651514469409955,134.375,135.06875,180.1544549842995,176.64291633528302
10,27,f2,trust,naive,queue,459.2818242010208,459.1363762522542,4.011577235061172,451.7758771697558,467.41241086964163,0.03167859404951737,0.03625704809953593,0.43902439024390244,0.5853658536585366,0.11837762201825959,0.4634146341463415,0.5609756097560976,0.18315562124345314,-0.11629462832269331,142.125,143.0375,175.0318242010208,173.0613762522542
10,27,base,thr,naive,queue,3335.563439969703,2703.7539832785674,289.41593446246617,2184.8939259049102,3561.8035588259336,23.367860411804344,2.1830500033268683,0.9836065573770492,0.03278688524590164,-1.149403181507694,0.5409836065573771,0.47540983606557374,15.779562942824876,31.843881543420444,7.583333333333333,8.13888888888889,3259.7301066363693,2622.3650943896787
10,27,base,mey,naive,queue,1006.4618108691285,1006.2358400526131,10.226467107178234,985.577300558873,1043.3554522737436,0.02245704312257578,0.022096664874305703,0.5573770491803278,0.45901639344262296,-1.0484982522462631,0.14754098360655737,0.8688524590163934,-0.4831110447510747,0.5415529562729494,57.75,57.5,428.9618108691285,431.23584005261307
10,27,base,trust,naive,queue,1035.4534545821182,1030.727884481749,10.643559151802569,1007.8813044187785,1060.1896922152607,0.4584692207822814,0.4439840125818117,0.6721311475409836,0.3442622950819672,-1.0771486811676076,0.16393442622950818,0.8524590163934426,0.2051843220426513,0.7197911952265376,61.083333333333336,61.641666666666666,424.6201212487848,414.3112178150824
10,28,dwell5,thr,seasonal60,queue,2321.707603665188,2250.939846594349,229.01761404491208,1911.3604337759798,2825.523616591232,3.1439204018672355,0.30900573899508316,0.7073170731707317,0.3170731707317073,-15.991580596794972,0.024390243902439025,1.0,6.6045721252956815,-0.5932795375588698,6.625,6.134375,2255.457603665188,2189.596096594349
10,28,dwell5,mey,seasonal60,queue,1136.0668886271314,1147.4770297200378,16.432201618300272,1117.8918560443499,1187.5532265843513,-0.9943677125885622,-0.694376892272246,0.2682926829268293,0.7560975609756098,-1.5394467692997498,0.17073170731707318,0.8536585365853658,-3.237975902179182,1.2634440395679247,62.25,62.8875,513.5668886271314,518.6020297200378
10,28,dwell5,trust,seasonal60,queue,1011.351928465569,1014.4277073390367,16.729989318632654,976.211156159854,1057.4200826114986,-0.3032033580328585,-0.18384822697060046,0.5121951219512195,0.5121951219512195,0.5564863727825261,0.6341463414634146,0.3902439024390244,-2.2502115370738003,1.6839487226481726,54.875,55.259375,462.601928465569,461.8339573390367
10,28,dwell200,thr,seasonal60,queue,2094.7010216932244,2045.9505861590496,292.2288106791013,1582.4444591635377,2820.481651923993,2.3827767818037136,0.16682282428240125,0.6341463414634146,0.3902439024390244,8.09591823550104,0.7560975609756098,0.2682926829268293,-4.471749446751496,9.496417586634601,5.0,4.753125,2044.7010216932244,1998.4193361590496
10,28,dwell200,mey,seasonal60,queue,911.6642318472352,899.0998540021412,13.43220655036847,875.4170975460789,930.016710406689,1.3974396491297911,0.9353919475537936,0.8048780487804879,0.21951219512195122,-2.7168862977527066,0.024390243902439025,1.0,1.943407314805429,0.7863363829717825,47.625,49.1125,435.4142318472352,407.9748540021412
10,28,dwell200,trust,seasonal60,queue,791.9673096468764,790.3197074068494,12.225231325622753,764.7934086863798,819.5143960746932,0.20847287807525924,0.13477063919222795,0.6341463414634146,0.3902439024390244,1.5267111939694733,0.8048780487804879,0.21951219512195122,1.0956795407389033,-0.8064754830513391,44.75,43.628125,344.4673096468764,354.0384574068494
10,28,signed,thr,seasonal60,queue,2309.8592360941093,2108.203352693631,193.38017642681305,1745.7884531581951,2680.1862206419896,9.56529564108815,1.042795012015087,0.8780487804878049,0.14634146341463414,-9.079770073020724,0.17073170731707318,0.8536585365853658,4.043261505924469,15.62515388751874,6.875,6.48125,2241.1092360941093,2043.3908526936311
10,28,signed,mey,seasonal60,queue,1132.5146279614812,1119.1448430617438,15.534959335419313,1089.9321995638848,1156.7379044630875,1.1946429439071078,0.8606256772912579,0.8292682926829268,0.1951219512195122,-0.04895519824896303,0.5365853658536586,0.4878048780487805,-2.1643133645985135,4.547713707751376,69.0,66.9625,442.5146279614812,449.5198430617438
10,28,signed,trust,seasonal60,queue,958.3966386844885,956.8004676157485,11.356009525438301,927.6048581382681,979.4316745900993,0.16682381779322042,0.14055739079510599,0.5121951219512195,0.5121951219512195,-0.5691676577002414,0.34146341463414637,0.6829268292682927,-1.6021406893475802,1.983533993252583,56.625,56.75625,392.1466386844885,389.2379676157485
10,28,f50,thr,seasonal60,queue,2410.234395452425,2524.4058189731013,318.6532642070136,2027.5997370744958,3508.401220625191,-4.522704814835199,-0.358293594778633,0.3902439024390244,0.6341463414634146,-0.4655984017114165,0.5853658536585366,0.43902439024390244,15.654140744950167,-20.554708929785214,6.375,6.171875,2091.484395452425,2215.8120689731013
10,28,f50,mey,seasonal60,queue,2470.9482830808684,2506.871943300389,65.31562781076062,2348.458253216714,2665.610693401784,-1.4330073905660197,-0.5500009939979819,0.2682926829268293,0.7560975609756098,0.9878518875637531,0.7073170731707317,0.3170731707317073,0.3903522836059025,-3.178097508237504,28.375,28.4125,1052.1982830808684,1086.246943300389
10,28,f50,trust,seasonal60,queue,2130.4652492429623,2133.2405244913966,42.68350486447463,2035.895407680066,2255.8193074177652,-0.1300966870154518,-0.06501985385797615,0.5609756097560976,0.4634146341463415,2.758636166847316,0.9024390243902439,0.12195121951219512,0.22009498826960117,-0.47117539920848217,22.625,22.58125,999.2152492429623,1004.1780244913966
10,28,f2,thr,seasonal60,queue,2085.7303305737364,2213.9064770782,229.6967303254743,1803.0029058771702,2869.6792215210676,-5.789591738925848,-0.5580233829312307,0.2926829268292683,0.7317073170731707,9.830381808954739,0.8292682926829268,0.1951219512195122,-1.4086474497230443,-10.356684892715876,6.5,6.125,2072.7303305737364,2201.6564770782
10,28,f2,mey,seasonal60,queue,478.7307318452071,487.1918317179096,5.081542512692738,478.831039088588,501.2426102292543,-1.736708073053571,-1.6650652536249118,0.024390243902439025,1.0,0.02056603110958674,0.4878048780487805,0.5365853658536586,-0.7710504283786835,-2.741343007216256,131.0,133.703125,216.73073184520712,219.78558171790962
10,28,f2,trust,seasonal60,queue,427.1379912374932,427.40074578367165,4.445743701049108,418.0965221877624,438.1661141107309,-0.06147732514987722,-0.05910249529598908,0.4634146341463415,0.5609756097560976,0.2408403101519239,0.6097560975609756,0.4146341463414634,1.1289314468722624,-1.297564820976872,118.5,117.70625,190.13799123749322,191.98824578367166
10,28,base,thr,seasonal60,queue,1857.9833721653888,1981.3005913687457,194.2299215438352,1679.5724755885865,2696.190215781832,-6.224054024945576,-0.6349033054390942,0.2786885245901639,0.7377049180327869,1.6794498630280468,0.6229508196721312,0.39344262295081966,-5.117094618964905,-7.416973555947615,6.333333333333333,6.275,1794.6500388320555,1918.5505913687457
10,28,base,mey,seasonal60,queue,1090.371307687604,1102.6374056522939,14.37434963538531,1073.653996068393,1148.134712722148,-1.1124326004008094,-0.8533323785651077,0.19672131147540983,0.819672131147541,-1.843109528067973,0.11475409836065574,0.9016393442622951,-1.187321186981527,-1.0361244605730113,61.0,60.269444444444446,480.37130768760403,499.9429612078494
10,28,base,trust,seasonal60,queue,965.1799753756485,969.8713545145954,10.205946798789581,949.3787570864561,992.7873223667942,-0.48371148576656925,-0.45967113403954785,0.32786885245901637,0.6885245901639344,1.1606656049054969,0.9180327868852459,0.09836065573770492,0.14689337423464252,-1.1295643612922466,52.166666666666664,52.89861111111111,443.51330870898187,440.8852434034843
10,29,signed,thr,ma10,queue,1677.0859121909907,2740.6118174163666,315.53888714293157,2199.080253493057,3368.3531257311915,-38.80614899442361,-3.3705066112615913,0.024390243902439025,1.0,-0.546427465702312,0.4634146341463415,0.5609756097560976,-39.70255529547387,-37.946473495286035,8.0,8.94375,1597.0859121909907,2651.1743174163666
10,29,signed,mey,ma10,queue,1131.0590018641155,1153.5498845075344,10.677054967766827,1124.8012086423464,1177.944636655682,-1.9497104499317386,-2.106468751103846,0.04878048780487805,0.975609756097561,-1.5936123057484768,0.04878048780487805,0.975609756097561,-0.9979093868890169,-2.8497072637637326,69.625,71.55,434.80900186411554,438.04988450753444
10,29,signed,trust,ma10,queue,1031.5217099622946,1062.697206546542,14.274961373232204,1032.0401258167972,1090.0968690830819,-2.933619886473471,-2.1839286124238746,0.024390243902439025,1.0,-0.9787837513189268,0.21951219512195122,0.8048780487804879,-5.181392138716099,-0.7099112042305508,59.25,62.2625,439.0217099622946,440.072206546542
10,29,dwell200,thr,ma10,queue,2319.7435022030522,2690.8314008666234,441.6478628284356,1985.7591908182148,3922.5829621352987,-13.790826825644173,-0.8402347886096883,0.1951219512195122,0.8292682926829268,37.38442723730522,0.975609756097561,0.04878048780487805,-17.62722988175141,-10.35608739306811,7.75,8.14375,2242.2435022030522,2609.3939008666234
10,29,dwell200,mey,ma10,queue,1022.7391190038127,1019.7346452050417,17.582099433097415,991.9014030387395,1093.276954239572,0.2946329040499393,0.17088253938066061,0.6097560975609756,0.4146341463414634,2.6683258302795507,0.9512195121951219,0.07317073170731707,-0.6553538994079271,1.1464648637977073,61.125,62.70625,411.4891190038127,392.6721452050417
10,29,dwell200,trust,ma10,queue,863.814587785266,895.0522274753961,12.693583320140364,867.942635352777,922.1926540393898,-3.4900354114798047,-2.4609000392006464,0.024390243902439025,1.0,0.8396458790211019,0.7560975609756098,0.2682926829268293,-4.372540762393878,-2.6881919692936465,49.375,51.996875,370.064587785266,375.0834774753961
10,29,dwell5,thr,ma10,queue,1689.474070246757,2208.5763894974248,266.76072646967344,1773.3334108926151,2957.2190746517704,-23.50393319964779,-1.945947314361065,0.024390243902439025,1.0,20.193349247143885,0.926829268292683,0.0975609756097561,-27.58303206411208,-19.632833110609074,8.0,8.134375,1609.474070246757,2127.2326394974248
10,29,dwell5,mey,ma10,queue,1154.997075831523,1173.48893138997,17.043741656232307,1125.0305641588322,1212.7025876142418,-1.5758014467630168,-1.0849645536421977,0.12195121951219512,0.9024390243902439,1.8454557662995559,0.8780487804878049,0.14634146341463414,-1.2283435590817562,-1.9277297852152415,71.0,70.246875,444.99707583152303,471.02018138997005
10,29,dwell5,trust,ma10,queue,1055.8259713682792,1074.878126550809,14.708731997030705,1049.3170206441405,1108.168234377081,-1.7724944542007268,-1.2952955554820003,0.0975609756097561,0.926829268292683,-1.0876856904473864,0.2926829268292683,0.7317073170731707,-1.320163289000461,-2.2010159000457374,61.625,62.284375,439.57597136827917,452.03437655080893
10,29,f50,thr,ma10,queue,2019.071637838627,2778.2393208602566,283.5587228176416,2217.807081470206,3427.8423630091374,-27.325496307012173,-2.6772855917744245,0.024390243902439025,1.0,43.18546511900555,1.0,0.024390243902439025,-31.746177149287977,-22.394706808842393,8.25,8.36875,1606.571637838627,2359.8018208602566
10,29,f50,mey,ma10,queue,2474.3222825534654,2537.328862557209,57.931688965355136,2463.2589316996186,2658.0179467644707,-2.4831854054678373,-1.087601296095881,0.17073170731707318,0.8536585365853658,3.596613782654834,0.9024390243902439,0.12195121951219512,-2.297685228618681,-2.6740494908661954,29.375,30.875,1005.5722825534654,993.578862557209
10,29,f50,trust,ma10,queue,2271.5452533978987,2356.4215898575612,53.47151769403213,2246.423270526525,2517.528226776063,-3.6019164323135002,-1.5873186346669834,0.12195121951219512,0.9024390243902439,1.7668885776256873,0.8048780487804879,0.21951219512195122,-4.524686163674023,-2.6741003359614197,25.375,26.73125,1002.7952533978987,1019.8590898575612
10,29,f2,thr,ma10,queue,1590.803402304323,2389.2677437216903,402.82757489227686,1730.0051511024626,3419.0499991773727,-33.41878881157218,-1.9821491655105552,0.024390243902439025,1.0,9.98428349333327,0.8292682926829268,0.1951219512195122,-31.208575323656586,-35.5520137475689,7.875,8.196875,1575.053402304323,2372.87399372169
10,29,f2,mey,ma10,queue,487.81793580220506,503.9076383838348,4.131507762202119,495.9655825219153,513.9426941537247,-3.1929864435541573,-3.8943900163590253,0.024390243902439025,1.0,-0.015583111649843004,0.4878048780487805,0.5365853658536586,-3.5433134488040148,-2.8338057210526633,150.375,154.30625,187.06793580220506,195.2951383838348
10,29,f2,trust,ma10,queue,455.40814972752855,465.1303087842113,4.406464840746406,457.2096848820995,475.4799103514407,-2.0902011485975156,-2.2063398683639397,0.024390243902439025,1.0,-0.43153936671797904,0.4146341463414634,0.6097560975609756,-2.3102312906742886,-1.8617990667856918,139.375,139.83125,176.65814972752855,185.4678087842113
10,30,signed,thr,naive,event,2237.1202338699404,2270.91540911245,198.39145864961026,1894.4342053565797,2603.014589979981,-1.4881741128225456,-0.17034591848128477,0.36585365853658536,0.6585365853658537,20.981288689348634,1.0,0.024390243902439025,-6.146744981744992,2.953941974385679,6.0,6.253125,2177.1202338699404,2208.38415911245
10,30,signed,mey,naive,event,1103.5141393656284,1098.4473094499651,14.644395078658588,1071.2501361307254,1136.3150835357776,0.46127200386155776,0.3459910695148588,0.7073170731707317,0.3170731707317073,0.6994774858878348,0.7317073170731707,0.2926829268292683,-2.3361974055643477,3.2047875714440868,63.875,63.85625,464.76413936562835,459.88480944996513
10,30,signed,trust,naive,event,971.1109470023537,962.7261139771099,10.05728763847227,944.3285631074732,989.2577623977855,0.8709468771554627,0.8337071909099201,0.8292682926829268,0.1951219512195122,-1.3081716943346247,0.12195121951219512,0.9024390243902439,0.32515997484132625,1.4049389142862623,56.125,54.784375,409.86094700235367,414.8823639771099
10,29,base,thr,ma10,queue,1793.8974793456343,2584.8659395632026,349.76839809103734,2030.4451291920834,3513.732953068427,-30.599979987791095,-2.261406303526872,0.01639344262295082,1.0,-11.34976731617925,0.26229508196721313,0.7540983606557377,-30.312820546623428,-30.877974063273765,7.583333333333333,8.334722222222222,1718.064146012301,2501.5187173409804
10,29,base,mey,ma10,queue,1130.5463574221337,1129.4172137995463,11.017074719914918,1105.6973226693706,1157.9858772157152,0.0999757758949688,0.10249032990094444,0.5245901639344263,0.4918032786885246,-0.9790936959311026,0.21311475409836064,0.8032786885245902,-0.8050423973540691,0.9866413182845949,66.08333333333333,67.79861111111111,469.71302408880047,451.4311026884352
10,29,base,trust,ma10,queue,1014.305724438375,1031.9882597067178,10.726571282104809,1010.1198308452609,1058.3987820465316,-1.7134434526772648,-1.6484797241633646,0.06557377049180328,0.9508196721311475,0.7158886132321581,0.8032786885245902,0.21311475409836064,-2.331561280142272,-1.114577700712259,59.166666666666664,60.65555555555556,422.6390577717084,425.4327041511623
10,30,dwell5,thr,naive,event,2204.9721439593177,2307.3212319760037,198.90895402005006,1944.3027179514668,2901.773601543686,-4.435840428210926,-0.5145524419497434,0.36585365853658536,0.6585365853658537,-7.684317495662505,0.21951219512195122,0.8048780487804879,-3.14078597185085,-5.749894177856718,6.0,6.025,2144.9721439593177,2247.0712319760037
10,30,dwell5,mey,naive,event,1161.5487078408687,1154.9201889276226,19.640872231136264,1116.2498532872064,1195.3812271060046,0.573937400765407,0.3374859749221357,0.5853658536585366,0.43902439024390244,-2.4574471323986034,0.12195121951219512,0.9024390243902439,0.33373142649179277,0.814612782884088,61.375,62.334375,547.7987078408687,531.5764389276226
10,30,dwell5,trust,naive,event,993.8472317393623,997.8137087410344,9.577538865128858,982.6000505496874,1023.2768083071641,-0.3975167876453258,-0.41414366023756993,0.4146341463414634,0.6097560975609756,-0.14935733001334087,0.5365853658536586,0.4878048780487805,-0.6585084187136905,-0.13372771944409959,53.875,54.403125,455.0972317393623,453.78245874103436
10,30,dwell200,thr,naive,event,1885.8149662078777,2158.5946493183387,228.6293709783361,1889.5819890634884,2785.1491005549688,-12.636910927051634,-1.19310866291238,0.024390243902439025,1.0,-10.773594313564018,0.07317073170731707,0.9512195121951219,0.5684384646598261,-23.957550806205507,4.625,4.63125,1839.5649662078777,2112.2821493183387
10,30,dwell200,mey,naive,event,886.9391193549716,930.4653313184779,15.392057907624165,897.5410700717084,965.220873743121,-4.6778972303921575,-2.827835772495788,0.024390243902439025,1.0,-0.911993768475578,0.34146341463414637,0.6829268292682927,-4.339012614567254,-5.046524256127976,46.75,48.0,419.4391193549716,450.46533131847787
10,30,dwell200,trust,naive,event,783.0300327823525,808.4647722217355,12.120307073802659,781.4514801470254,843.6420675652478,-3.146054140304229,-2.0985226929075735,0.07317073170731707,0.9512195121951219,-2.110616275919728,0.07317073170731707,0.9512195121951219,-2.845058408028118,-3.4669937750902844,41.125,42.00625,371.78003278235246,388.40227222173553
10,30,f2,thr,naive,event,2138.62085304363,2090.3477427850034,190.81467208473066,1792.7161693646926,2563.245180824648,2.3093339577228282,0.25298426861636303,0.6341463414634146,0.3902439024390244,-5.920706043284023,0.3170731707317073,0.7073170731707317,-2.6217628690753574,7.193266666434183,6.0,6.009375,2126.62085304363,2078.3289927850033
10,30,f2,mey,naive,event,501.62694977128274,500.90717023299567,7.4583442276173155,485.8586157257406,516.8771769080411,0.14369519564917932,0.09650661277094416,0.6097560975609756,0.4146341463414634,0.29051669123369195,0.6341463414634146,0.3902439024390244,-0.5963359819404263,0.870889890018525,134.75,136.503125,232.12694977128274,227.90092023299565
10,30,f2,trust,naive,event,440.5400237005702,440.47595200507385,4.879557323816414,428.44399417604797,448.91628079384196,0.014546014420241093,0.013130636909136736,0.4878048780487805,0.5365853658536586,-0.29916727102140445,0.4146341463414634,0.6097560975609756,0.031128096006003147,-0.0015413431682181316,116.375,116.03125,207.7900237005702,208.41345200507385
10,30,f50,thr,naive,event,2242.2211642097873,2306.2275785521306,141.08474132928714,1927.341175070544,2523.450729481943,-2.7753728616204945,-0.45367354215119865,0.34146341463414637,0.6829268292682927,-2.3717297884491932,0.34146341463414637,0.6829268292682927,4.831159467707056,-9.49855507268209,6.0,6.009375,1942.2211642097873,2005.7588285521306
10,30,f50,mey,naive,event,2439.2568771521837,2434.279945652005,47.10175556515149,2344.6568173066025,2531.087690618864,0.2044518958909446,0.1056633970530982,0.5853658536585366,0.43902439024390244,0.18440948147909142,0.5609756097560976,0.4634146341463415,0.0056028032118044255,0.41131088442340374,26.75,26.446875,1101.7568771521837,1111.9361956520052
10,30,f50,trust,naive,event,2242.706119750905,2271.622065046851,27.774699380583318,2232.2901209128677,2350.293571937368,-1.2729206033376552,-1.041089406575546,0.17073170731707318,0.8536585365853658,-1.956828636485694,0.024390243902439025,1.0,-1.2486587445900104,-1.2953431395866246,24.5,24.275,1017.7061197509051,1057.8720650468508
10,31,signed,thr,seasonal60,http,2379.0208735110973,2714.246524351553,366.0750729355192,2086.672293796813,3637.2304399946865,-12.350597037995389,-0.9157292468791031,0.1951219512195122,0.8292682926829268,9.709919329393072,0.7317073170731707,0.2926829268292683,-24.03810638029952,-1.1970636512458992,8.875,9.01875,2290.2708735110973,2624.059024351553
10,31,signed,mey,seasonal60,http,1165.2129898199457,1145.3733893617468,14.854815583022885,1115.156870307359,1170.9374496296173,1.7321513353173337,1.3355669309602858,0.8536585365853658,0.17073170731707318,-0.8917908023946401,0.2926829268292683,0.7317073170731707,-2.0590201605955882,5.555437904956691,69.875,69.740625,466.46298981994573,447.96713936174683
10,31,signed,trust,seasonal60,http,1004.6552131477858,1020.7895525652926,13.730608447939801,986.472055233236,1054.2962665460866,-1.5805745049957096,-1.1750636891788768,0.12195121951219512,0.9024390243902439,1.574556298609339,0.9024390243902439,0.12195121951219512,-3.875372360102026,0.7005041764705834,59.125,60.45625,413.40521314778584,416.22705256529264
10,31,dwell5,thr,seasonal60,http,2244.367255676728,2236.7843800848436,286.784209512256,1726.496533816088,3032.3211879971436,0.33900789273200205,0.026441049891765895,0.5365853658536586,0.4878048780487805,-7.096351506964686,0.2926829268292683,0.7317073170731707,7.229564752046932,-6.727203677283947,8.125,7.85,2163.117255676728,2158.2843800848436
10,31,dwell5,mey,seasonal60,http,1197.1867320888118,1180.6979688089555,17.545629162457,1146.5143945389314,1218.089833874828,1.3965267761483162,0.9397647201582229,0.8048780487804879,0.21951219512195122,-0.5745383884484734,0.4146341463414634,0.6097560975609756,1.5157097966275512,1.280010016144984,70.875,69.60625,488.4367320888118,484.63546880895547
10,31,dwell5,trust,seasonal60,http,1055.796722104958,1045.1325749204689,14.314339235612529,1018.2958720621847,1080.2648990208936,1.0203631042024162,0.7449975167528441,0.7804878048780488,0.24390243902439024,1.776617593230117,0.8780487804878049,0.14634146341463414,2.1089953351462283,-0.07101117964462139,60.5,60.5125,450.796722104958,440.00757492046887
10,30,base,thr,naive,event,2240.821502639769,2356.021457446266,230.69084245519645,1910.4702729857754,3052.4731706897087,-4.889597012896674,-0.4993694313152931,0.36065573770491804,0.6557377049180327,-9.960062753606357,0.18032786885245902,0.8360655737704918,2.0330917369980317,-11.542854052596267,6.0,6.0152777777777775,2180.821502639769,2295.8686796684883
10,30,base,mey,naive,event,1067.8527468561442,1090.530074279004,12.6946462264511,1057.466242225584,1112.37407356133,-2.079477490600416,-1.7863693889797774,0.04918032786885246,0.9672131147540983,0.7755740857686664,0.7213114754098361,0.29508196721311475,-1.5870032228412203,-2.5994639993822477,56.416666666666664,57.83611111111111,503.6860801894776,512.168963167893
10,30,base,trust,naive,event,964.0652980592946,979.0991079422839,9.377420995521872,950.879282859351,998.9411887102347,-1.5354737596059103,-1.6031923798844712,0.06557377049180328,0.9508196721311475,0.08537660022451571,0.5573770491803278,0.45901639344262296,-0.43940395290417256,-2.6779261133544443,53.666666666666664,53.25555555555555,427.398631392628,446.5435523867284
10,31,dwell200,thr,seasonal60,http,2821.699505667106,2614.146233191339,419.03428889366734,2014.2400864127244,3790.2673128306815,7.939619820823376,0.49531333825627627,0.7073170731707317,0.3170731707317073,-3.7084023750999924,0.5365853658536586,0.4878048780487805,-5.893203732325646,25.78188996141368,7.75,7.275,2744.199505667106,2541.396233191339
10,31,dwell200,mey,seasonal60,http,925.0225286740928,927.3239034581027,15.300317270212538,896.2633944580064,963.7118369332347,-0.24817377999508095,-0.15041353348210276,0.5365853658536586,0.4878048780487805,0.7924955590666828,0.6829268292682927,0.34146341463414637,1.1085354391183666,-1.6565341233598017,54.625,55.728125,378.77252867409277,370.0426534581027
10,31,dwell200,trust,seasonal60,http,844.8283848228987,847.5883232967933,8.716876560699628,828.0996534696282,867.608641391148,-0.32562252192898716,-0.31662011669844264,0.34146341463414637,0.6829268292682927,1.036474224034562,0.8048780487804879,0.21951219512195122,-0.058571622250730586,-0.5982668978314937,49.75,50.3375,347.32838482289867,344.2133232967933
10,31,f2,thr,seasonal60,http,2155.3876653150246,2373.4131313012226,278.90678993123265,1989.0687436042192,3420.7491633646277,-9.186157399688172,-0.7817144431655982,0.21951219512195122,0.8048780487804879,-10.997188321945146,0.17073170731707318,0.8536585365853658,-17.380882584475117,-1.5431781620147207,8.25,7.9375,2138.8876653150246,2357.5381313012226
10,31,f2,mey,seasonal60,http,506.99329061906826,496.29628217838007,5.13535904605739,486.2174111510358,510.0705467356889,2.1553674336902344,2.0830108167218984,0.9512195121951219,0.07317073170731707,-0.8957610468017472,0.24390243902439024,0.7804878048780488,2.2079651938326763,2.103335526678561,157.75,153.475,191.49329061906826,189.34628217838008
10,31,f2,trust,seasonal60,http,451.370399741978,446.4090449162819,3.838277466844324,436.80131928908156,456.2889725723182,1.1113920925653604,1.2925993153317106,0.926829268292683,0.0975609756097561,-0.12476297353292723,0.4634146341463415,0.5609756097560976,0.5060388201856311,1.7090095395122793,133.875,134.090625,183.62039974197802,178.22779491628194
10,31,f50,thr,seasonal60,http,2537.4110472380344,2945.1851272464046,395.66809545829864,2564.5624724984827,4176.541175367824,-13.84544815998096,-1.0305963121339095,0.024390243902439025,1.0,13.966847114770085,0.9024390243902439,0.12195121951219512,-13.2919984984229,-14.402695058895373,7.25,7.903125,2174.9110472380344,2550.0288772464046
10,31,f50,mey,seasonal60,http,2495.784355290366,2518.6535724903215,56.00875040725439,2423.985815467311,2651.3657820363173,-0.9079937570510567,-0.40831507637052106,0.3902439024390244,0.6341463414634146,0.46763719845171997,0.6341463414634146,0.3902439024390244,-3.0815384668200316,1.4282232513963415,28.75,30.54375,1058.284355290366,991.4660724903215
10,31,f50,trust,seasonal60,http,2466.227854247655,2391.9854500103975,45.66055583990521,2313.1759116477638,2493.8687591155444,3.103798321053122,1.6259636544409577,0.9024390243902439,0.12195121951219512,1.1324090507935285,0.7804878048780488,0.24390243902439024,7.066379418381288,-0.7735387499198099,26.75,27.4125,1128.7278542476552,1021.3604500103975
10,32,signed,thr,ma10,event,2132.301278896771,2227.6368626769045,188.15211339406588,1847.7428967530445,2754.1834495977573,-4.2796734682137965,-0.5066941957779809,0.34146341463414637,0.6829268292682927,-1.7795158875743173,0.4146341463414634,0.6097560975609756,-8.893802392214532,0.22124649930217632,6.25,6.1625,2069.801278896771,2166.0118626769045
10,32,signed,mey,ma10,event,1099.2320102135564,1107.2789465878982,14.520269160223428,1078.2081827101497,1142.1618055138854,-0.7267307302408875,-0.5541864469279589,0.34146341463414637,0.6829268292682927,-1.529737707930104,0.0975609756097561,0.926829268292683,-0.06767076876655412,-1.3768953535008568,64.625,65.253125,452.98201021355635,454.7476965878982
10,32,signed,trust,ma10,event,967.7850069484524,971.7458288453957,11.510117408011975,938.7523411072567,995.0131443624264,-0.40759854885608243,-0.34411655038256084,0.3170731707317073,0.7073170731707317,0.5202626098782049,0.7317073170731707,0.2926829268292683,-1.6924219360109274,0.8990055893607586,54.25,54.31875,425.2850069484524,428.55832884539575
10,32,dwell5,thr,ma10,event,2006.9269629049168,2090.343605391841,257.5378093046011,1792.2985111403284,3038.686944322926,-3.9905708454705158,-0.32390056711348186,0.43902439024390244,0.5853658536585366,4.266348407281055,0.7804878048780488,0.24390243902439024,-4.091715825009175,-3.8849038074301094,6.0,6.0,1946.9269629049168,2030.3436053918408
10,32,dwell5,mey,ma10,event,1105.1564460717552,1111.110974259286,19.073517397571113,1065.9087174434899,1150.0589534543706,-0.5359076028837069,-0.3121882589044122,0.36585365853658536,0.6585365853658537,2.3586014302905927,0.9024390243902439,0.12195121951219512,0.5450487750586351,-1.6031436273376796,55.25,55.69375,552.6564460717552,554.173474259286
10,32,dwell5,trust,ma10,event,1002.1264829173467,1004.422413006371,10.107355149974879,979.5886239169711,1029.4049845608909,-0.22858212434271244,-0.22715438954670572,0.4634146341463415,0.5609756097560976,-0.4335550641678498,0.34146341463414637,0.6829268292682927,-1.560126717831268,1.160204381009609,53.375,54.175,468.3764829173467,462.672413006371
10,31,base,thr,seasonal60,http,2303.6628948812245,2547.0662428989413,326.0112106226457,1919.919978874125,3390.9265133330664,-9.556223702320654,-0.7466103621186616,0.29508196721311475,0.7213114754098361,-12.536456753605103,0.09836065573770492,0.9180327868852459,-10.335207232188903,-8.600269726539842,8.583333333333334,7.927777777777778,2217.829561547891,2467.7884651211634
10,31,base,mey,seasonal60,http,1145.5160454155455,1127.9604364609474,11.354973530300832,1104.3937343578468,1158.4322745789643,1.5564029009457057,1.5460722041976367,0.9508196721311475,0.06557377049180328,-1.258596669762522,0.09836065573770492,0.9180327868852459,2.151516101482666,0.9456758089318303,68.25,67.95972222222223,463.0160454155455,448.36321423872516
10,31,base,trust,seasonal60,http,1050.828536464434,1035.5770368483943,11.298024826508522,1009.474882869671,1055.9718266015186,1.472753747268769,1.3499261906607836,0.8852459016393442,0.13114754098360656,-1.1513176329730708,0.14754098360655737,0.8688524590163934,1.083008459105034,1.8634197768348943,60.5,60.7125,445.8285364644339,428.4520368483943
10,32,dwell200,thr,ma10,event,2278.6981044480885,2216.607317077176,306.01282170046494,1889.0819366803096,3533.5576590549754,2.8011631511162545,0.20290256802275078,0.7560975609756098,0.2682926829268293,-7.78805850919144,0.2682926829268293,0.7560975609756098,-0.7522640350617722,7.25927602395516,4.5,4.3875,2233.6981044480885,2172.732317077176
10,32,dwell200,mey,ma10,event,929.4062123172415,907.1878729070683,14.468848491727979,868.0909172491558,938.6001047896858,2.4491442262091714,1.5355983181989747,0.975609756097561,0.04878048780487805,-2.196094963718637,0.07317073170731707,0.9512195121951219,4.686650480998246,-0.19576415014396148,46.125,45.703125,468.1562123172415,450.15662290706825
10,32,dwell200,trust,ma10,event,782.5648251394146,788.0987714439692,10.23524401074458,768.3778512650177,811.9139178331689,-0.7021894342526713,-0.5406755616910871,0.3170731707317073,0.7073170731707317,1.1950431339691283,0.7804878048780488,0.24390243902439024,-2.1080045744598364,0.9403986759559979,40.625,41.39375,376.31482513941455,374.1612714439692
10,32,f2,thr,ma10,event,2114.3526102538103,2046.809639170547,234.2160123760068,1711.6711173428503,2609.1015977879124,3.2999146471986838,0.2883789643503577,0.7560975609756098,0.2682926829268293,-2.25901046958816,0.43902439024390244,0.5853658536585366,15.367642112653341,-7.829107112262777,6.0,6.028125,2102.3526102538103,2034.7533891705468
10,32,f2,mey,ma10,event,527.9183273912123,512.0470671039764,5.824308759905299,500.4220114347469,527.3195315725052,3.099570587719648,2.725003247852197,1.0,0.024390243902439025,-1.1112046763499668,0.1951219512195122,0.8292682926829268,3.9372261970476474,2.2416394023252835,132.875,130.740625,262.1683273912123,250.56581710397637
10,32,f2,trust,ma10,event,449.90915261456394,452.759082295219,3.303278374067582,445.22993681765206,460.00989807707447,-0.6294583128421454,-0.8627579507160117,0.1951219512195122,0.8292682926829268,-0.49813054835678044,0.21951219512195122,0.8048780487804879,0.17876444669948693,-1.4503816467355175,120.875,120.9125,208.15915261456394,210.934082295219
10,32,f50,thr,ma10,event,2206.874720058773,2253.3617961848363,196.43294774921378,1963.8936187889417,2728.4666646516785,-2.063009863962828,-0.23665620588972297,0.4878048780487805,0.5365853658536586,-8.693406672825583,0.14634146341463414,0.8780487804878049,4.341244599215674,-8.051166932228663,6.0,6.00625,1906.8747200587732,1953.0492961848363
10,32,f50,mey,ma10,event,2461.9381495449343,2462.8284853149407,56.8935974875053,2292.871140505843,2586.1290456158736,-0.03615094495273408,-0.015649138204030605,0.5121951219512195,0.5121951219512195,-3.374977179667797,0.07317073170731707,0.9512195121951219,1.5046721131154663,-1.7337652921972253,24.375,24.996875,1243.1881495449343,1212.9847353149407
10,32,f50,trust,ma10,event,2204.906789455514,2213.7622839647943,33.70703654837789,2144.8685741992194,2283.8557992770666,-0.4000201183941092,-0.26271946204972046,0.4146341463414634,0.6097560975609756,-1.5979993538154196,0.17073170731707318,0.8536585365853658,-0.30284108572390583,-0.5066618925119808,23.75,23.08125,1017.4067894555142,1059.6997839647943
10,33,signed,thr,naive,http,1827.0083506742835,2369.036232021355,201.8780575552115,2035.0228589312908,2855.3406937006084,-22.879678833978485,-2.68492716797036,0.024390243902439025,1.0,-11.821724002794115,0.07317073170731707,0.9512195121951219,-25.337350503534147,-20.208827022238886,8.25,8.709375,1744.5083506742835,2281.942482021355
10,33,signed,mey,naive,http,1085.576724404954,1145.4638267271623,15.715905395815259,1116.565327932481,1178.496202230629,-5.228196729120536,-3.81060465903255,0.024390243902439025,1.0,1.2831484535162134,0.7804878048780488,0.24390243902439024,-4.776298921602512,-5.702450140189932,67.5,69.4125,410.5767244049539,451.3388267271623
10,33,signed,trust,naive,http,981.2610481760526,1012.9510524419914,13.032053782946228,983.6036719747835,1050.5032092448228,-3.128483275627337,-2.4316968601993034,0.024390243902439025,1.0,-0.13762995003038586,0.4634146341463415,0.5609756097560976,-1.6972073279202644,-4.600053142431266,56.875,58.8625,412.51104817605255,424.32605244199135
10,33,dwell5,thr,naive,http,1701.2952273139667,2224.460789656949,217.4741571343843,1848.3401983611752,2704.578549148315,-23.518758558278016,-2.4056447406746426,0.024390243902439025,1.0,7.199159470480112,0.8048780487804879,0.21951219512195122,-24.487078011622607,-22.489906217512544,7.625,8.19375,1625.0452273139667,2142.523289656949
10,33,dwell5,mey,naive,http,1092.6864051762527,1173.0846334878077,16.041525523257686,1143.6763458815442,1215.3147966038212,-6.853574415386845,-5.011881706324636,0.024390243902439025,1.0,0.6140960010233855,0.7317073170731707,0.2926829268292683,-8.438541996403615,-5.2916602027501325,63.375,66.865625,458.9364051762527,504.42838348780765
10,33,dwell5,trust,naive,http,984.1251536174867,1012.6367954451487,13.016911514806665,983.4421250418432,1036.1229394767897,-2.815584220907992,-2.1903538174343518,0.04878048780487805,0.975609756097561,1.2482975359960704,0.8292682926829268,0.1951219512195122,-3.1019071281762796,-2.526052972746139,55.125,56.84375,432.8751536174867,444.19929544514866
10,32,base,thr,ma10,event,2051.3394302033325,2124.273997050355,199.99600871479788,1819.3416927882809,2711.2947333077527,-3.433387922099272,-0.36468011194678324,0.45901639344262296,0.5573770491803278,-10.092494683954518,0.06557377049180328,0.9508196721311475,-3.9951333978801666,-2.8171984416006506,6.0,6.0125,1991.3394302033325,2064.148997050355
10,32,base,mey,ma10,event,1076.8039646418113,1088.2583717540922,13.060961620571309,1049.397919877442,1120.7256696388963,-1.0525448192802163,-0.8769956948835975,0.21311475409836064,0.8032786885245902,-1.072048354854914,0.19672131147540983,0.819672131147541,-1.3502144126437803,-0.7390366434606562,55.916666666666664,57.36805555555556,517.6372979751446,514.5778161985367
10,32,base,trust,ma10,event,980.3341060425951,949.1435471252909,9.521674823398286,934.372283144954,975.0066015459943,3.2861793152123617,3.275742922942236,1.0,0.01639344262295082,0.328684149054753,0.6721311475409836,0.3442622950819672,2.9476726769185775,3.6374541712007513,54.083333333333336,51.37222222222222,439.5007727092617,435.4213249030687
10,33,dwell200,thr,naive,http,2150.6626250049558,2338.4016473593974,415.4547505919297,1861.9021497790773,3787.780168699907,-8.0285190769705,-0.45188801448763244,0.3902439024390244,0.6341463414634146,-8.785888245909078,0.36585365853658536,0.6585365853658537,-18.172349483272956,1.7926365969321199,6.375,7.071875,2086.9126250049558,2267.6828973593974
10,33,dwell200,mey,naive,http,867.9603857443257,934.8227943161171,14.260266886064043,905.7323505675961,963.0289704969065,-7.15241530034637,-4.688720702494933,0.024390243902439025,1.0,-1.3631001465189208,0.24390243902439024,0.7804878048780488,-9.806051690840459,-4.6517267684422805,49.625,53.88125,371.71038574432566,396.0102943161171
10,33,dwell200,trust,naive,http,830.5051636510195,836.6476839928167,10.33764571224273,817.2865791509563,864.0027796859557,-0.7341824353690475,-0.5941894811236075,0.3170731707317073,0.7073170731707317,-0.26866512854351127,0.43902439024390244,0.5853658536585366,-2.133300185152477,0.4872051290646137,46.25,47.65,368.00516365101953,360.1476839928167
10,33,f2,thr,naive,http,1692.4992310673001,2165.897991892819,235.9778247806411,1775.1725755698512,2948.4565887367653,-21.856927823817166,-2.0061154528633276,0.024390243902439025,1.0,3.0466900342119994,0.6829268292682927,0.34146341463414637,-18.597527478350024,-25.181766668878204,7.625,8.221875,1677.2492310673001,2149.454241892819
10,33,f2,mey,naive,http,479.76736018517755,500.0101552232833,4.983147501817758,490.8970998963573,513.8998147305972,-4.0484767812498035,-4.062250822541684,0.024390243902439025,1.0,-1.4663970392332843,0.07317073170731707,0.9512195121951219,-3.9965885635572014,-4.099325037052857,137.25,140.75625,205.26736018517755,218.4976552232833
10,33,f2,trust,naive,http,430.9696352267666,446.04197236453246,4.120202099283789,438.2867221125408,457.37765339773546,-3.3791297841019774,-3.6581548124510297,0.024390243902439025,1.0,1.557858346782606,0.926829268292683,0.0975609756097561,-3.3689429110593077,-3.3891269997539055,122.0,124.00625,186.96963522676663,198.02947236453247
10,33,f50,thr,naive,http,2155.08291874176,2675.7360338268736,276.55813142750276,2284.9125644339347,3704.527791085852,-19.458313843479868,-1.8826172725338879,0.024390243902439025,1.0,4.247577546705313,0.7317073170731707,0.2926829268292683,-19.225982087648944,-19.660856910976367,7.5,8.3,1780.0829187417598,2260.7360338268736
10,33,f50,mey,naive,http,2416.142690399878,2551.7926404037594,51.195023067922556,2465.3392978538027,2696.87575837005,-5.315868846710756,-2.649670649115811,0.024390243902439025,1.0,-0.9033531245885347,0.3902439024390244,0.6341463414634146,-6.680146650975519,-3.9007393610617322,28.25,29.240625,1003.6426903998781,1089.7613904037594
10,33,f50,trust,naive,http,2180.931996643404,2232.4415823253903,44.7841866702339,2164.3795727710376,2349.2598010840147,-2.307320652410174,-1.150173521320694,0.17073170731707318,0.8536585365853658,-0.4565692432752952,0.43902439024390244,0.5853658536585366,-3.3513467515411404,-1.2528724914016385,23.625,24.18125,999.6819966434041,1023.3790823253903
10,33,base,thr,naive,http,1772.6815314431599,2254.840988117675,190.20917556299003,1902.5358051568526,2789.998118810298,-21.383301936382587,-2.534890628947825,0.01639344262295082,1.0,-6.942968535867671,0.22950819672131148,0.7868852459016393,-21.50195737360943,-21.27035089084843,8.0,8.21111111111111,1692.6815314431599,2172.7298770065636
10,33,base,mey,naive,http,1101.8545088378667,1142.4651427159029,11.927784970639946,1115.815393185331,1180.9558019174078,-3.5546497096178675,-3.4047087517086054,0.01639344262295082,1.0,0.4308581171480749,0.7049180327868853,0.3114754098360656,-1.8831003284024919,-5.251261979158472,62.916666666666664,64.25416666666666,472.68784217120003,499.9234760492362
10,33,base,trust,naive,http,996.6014149324624,1020.7627642455241,9.64597651905945,998.9161935673097,1042.0399333522907,-2.366989682555678,-2.504811126724326,0.01639344262295082,1.0,1.0234982789962703,0.819672131147541,0.19672131147540983,-2.9023976825565105,-1.820486159483446,56.416666666666664,56.516666666666666,432.43474826579575,455.59609757885744
10,34,signed,thr,seasonal60,queue,2158.0919820078248,2208.9974640869855,222.2497512675937,1889.167627676566,2757.182172939336,-2.3044608654723278,-0.22904629493991818,0.4634146341463415,0.5609756097560976,-5.130628163379553,0.36585365853658536,0.6585365853658537,-0.12964718292617375,-4.435488268564702,6.5,6.403125,2093.0919820078248,2144.9662140869855
10,34,signed,mey,seasonal60,queue,1075.8479413006403,1079.5716943645589,15.589907257694195,1050.0207516082698,1128.9442061155278,-0.34492874195913525,-0.2388566527283723,0.4878048780487805,0.5365853658536586,-0.9881508626114885,0.1951219512195122,0.8292682926829268,-2.6390976606391954,1.9291285380224428,64.0,63.875,435.8479413006403,440.8216943645589
10,34,signed,trust,seasonal60,queue,930.5360273985245,938.4018608045255,11.759076842894054,914.229828442717,975.8698463335127,-0.8382158789899821,-0.6689158945971412,0.2682926829268293,0.7560975609756098,0.843686051567922,0.7804878048780488,0.24390243902439024,-1.227706092103943,-0.45112568499557854,50.0,52.840625,430.53602739852454,409.99561080452554
10,34,dwell5,thr,seasonal60,queue,1627.9054846364027,2147.236687986191,221.65098108512527,1793.3132906191781,2862.028259624057,-24.186025055153504,-2.3430133302696223,0.024390243902439025,1.0,-4.202824317963835,0.43902439024390244,0.5853658536585366,-19.02661862776781,-28.752103618616424,6.0,6.009375,1567.9054846364027,2087.142937986191
10,34,dwell5,mey,seasonal60,queue,1082.6034304850666,1121.3595110970048,15.1466956263601,1090.6656875166898,1155.986810957892,-3.45616907230972,-2.5587152186837487,0.024390243902439025,1.0,-2.791410366751693,0.024390243902439025,1.0,-3.4903322693412,-3.4225264372781457,62.625,61.740625,456.3534304850666,503.95326109700477
10,34,dwell5,trust,seasonal60,queue,960.0100947974427,979.6378140115401,9.72058009994996,954.5009792517003,999.1357249280038,-2.0035689653223394,-2.019192168808777,0.07317073170731707,0.9512195121951219,-0.05204205282518894,0.4634146341463415,0.5609756097560976,-2.372654775764827,-1.647693726066557,54.5,54.021875,415.01009479744266,439.41906401154006
10,34,dwell200,thr,seasonal60,queue,1844.0100578834554,2178.6711990830254,390.65752679909406,1746.5027877805205,3363.1408819518183,-15.360791538458145,-0.856661188488193,0.17073170731707318,0.8536585365853658,-3.7494514726037744,0.5609756097560976,0.4634146341463415,-15.201952164290477,-15.497574767579573,4.5,4.40625,1799.0100578834554,2134.6086990830254
10,34,dwell200,mey,seasonal60,queue,857.0630846398014,861.2731964353279,16.367511955613967,832.8600469391525,901.2667263417075,-0.4888241980537015,-0.2572236884227494,0.4634146341463415,0.5609756097560976,-1.572011183706122,0.1951219512195122,0.8292682926829268,-4.049319743313124,2.6189519762111035,44.75,44.640625,409.56308463980145,414.8669464353279
10,34,dwell200,trust,seasonal60,queue,789.5444928159668,783.7679280150335,10.354310008673052,765.2019652445342,810.9422650380213,0.7370249016903545,0.5578898831592565,0.6829268292682927,0.34146341463414637,0.2872121543879906,0.5609756097560976,0.4634146341463415,1.8422609020329497,-0.20462231117695262,42.5,41.45,364.5444928159668,369.2679280150335
10,34,f2,thr,seasonal60,queue,2071.660306062131,2279.5789816143624,218.67861123422287,1905.7908182301016,2887.4148029194916,-9.120924400039286,-0.9507956648285705,0.1951219512195122,0.8292682926829268,-5.270023364332366,0.34146341463414637,0.6829268292682927,-6.084655564625501,-11.877060570058584,6.0,6.015625,2059.660306062131,2267.5477316143624
10,34,f2,mey,seasonal60,queue,473.06865042331043,490.0631083615258,6.497671919030415,476.09710036717917,503.49966673214135,-3.4678100938947507,-2.6154687632722586,0.024390243902439025,1.0,-0.4988248581117979,0.3902439024390244,0.6341463414634146,-2.17891685747647,-4.712733907651903,125.0,126.865625,223.06865042331043,236.3318583615258
10,34,f2,trust,seasonal60,queue,418.11850772158425,427.1811996878344,4.402102411588757,420.0606681566853,437.1524916665134,-2.1215100226491197,-2.0587190208006434,0.024390243902439025,1.0,-1.4045972628972316,0.07317073170731707,0.9512195121951219,-1.865871228150094,-2.3719745434605617,108.5,112.953125,201.11850772158425,201.2749496878344
10,34,f50,thr,seasonal60,queue,2158.2061058945046,2388.98455703126,185.62606731573337,2075.6034371206842,3050.255190172811,-9.66010644386663,-1.2432437667508296,0.07317073170731707,0.9512195121951219,9.65100220964693,0.9512195121951219,0.07317073170731707,-11.097045746519173,-8.150824159475901,6.125,6.046875,1851.9561058945046,2086.64080703126
10,34,f50,mey,seasonal60,queue,2372.719760389995,2386.278008188064,42.63574856043701,2285.050170554099,2507.2339057196814,-0.5681755332591879,-0.3180018706332827,0.3902439024390244,0.6341463414634146,1.8377765603664182,0.8536585365853658,0.17073170731707318,-1.254274829178168,0.09911668051265496,25.625,25.9375,1091.469760389995,1089.4030081880642
10,34,f50,trust,seasonal60,queue,2184.6207074069926,2153.3148536980734,33.96239207172592,2085.8617914215856,2241.0335432851098,1.4538446922963861,0.9217799983818458,0.8536585365853658,0.17073170731707318,0.7136191422371877,0.7073170731707317,0.3170731707317073,2.639523136895468,0.26270337878545597,22.375,22.0625,1065.8707074069926,1050.1898536980734
10,34,base,thr,seasonal60,queue,2126.563570366981,2199.4979114899497,192.39471654840452,1807.254556313339,2895.145295573713,-3.3159540976132487,-0.3790870270838196,0.4426229508196721,0.5737704918032787,-4.347303566031335,0.3770491803278688,0.639344262295082,9.815202982930723,-16.048568637703283,6.083333333333333,6.080555555555556,2065.7302370336474,2138.692355934394
10,34,base,mey,seasonal60,queue,1063.7351415083124,1096.1182714588388,13.748881061956908,1066.9615482122822,1132.6147982671312,-2.9543463323010966,-2.355328393968754,0.01639344262295082,1.0,0.0817370163046166,0.5409836065573771,0.47540983606557374,-3.022778875118441,-2.886430937955042,58.666666666666664,58.02777777777778,477.06847484164575,515.8404936810609
10,34,base,trust,seasonal60,queue,940.5374718558764,966.1682767045779,9.263204054267772,943.4117605853615,991.456702672966,-2.6528303057230804,-2.7669480990103814,0.01639344262295082,1.0,-0.4115631249907124,0.3442622950819672,0.6721311475409836,-2.2360047718489215,-3.083482742672936,52.333333333333336,53.420833333333334,417.2041385225431,431.95994337124455
10,35,signed,thr,ma10,http,1809.0116579565863,2420.6570387451397,370.01711625124807,1797.179787859401,3370.3947606402103,-25.267742228598742,-1.6530191548577866,0.04878048780487805,0.975609756097561,27.091098267704815,0.926829268292683,0.0975609756097561,-27.31576435144875,-23.1823745406361,6.875,7.2875,1740.2616579565863,2347.7820387451397
10,35,signed,mey,ma10,http,1096.8779622329378,1152.910356582736,15.926907748303288,1122.9233263387396,1194.281769508434,-4.8600824886229805,-3.518096245378675,0.024390243902439025,1.0,-0.1936358296921419,0.4146341463414634,0.6097560975609756,-3.862002709886693,-5.85730124040665,66.5,69.340625,431.87796223293776,459.5041065827361
10,35,signed,trust,ma10,http,1006.9485068196382,1019.2154854928806,15.224227348110963,991.4165260522624,1066.4601320449665,-1.2035706725266497,-0.8057537760538316,0.24390243902439024,0.7804878048780488,0.16732577548268457,0.5365853658536586,0.4878048780487805,-1.4024623824683469,-1.0011470576382633,57.875,58.09375,428.19850681963817,438.2779854928806
10,35,dwell5,thr,ma10,http,1922.0748260247901,2282.865745212007,383.0783684399464,1737.102800661759,3337.6771765867425,-15.804298607744476,-0.9418201311040001,0.17073170731707318,0.8536585365853658,-9.779206386950658,0.3902439024390244,0.6341463414634146,-21.81210326209699,-9.464951826810506,6.5,6.975,1857.0748260247901,2213.115745212007
10,35,dwell5,mey,ma10,http,1105.342686348506,1165.3697788320278,19.81250018874927,1124.5422494361878,1208.5055041328587,-5.150905195403548,-3.029758582291838,0.024390243902439025,1.0,-3.185629254318985,0.04878048780487805,0.975609756097561,-6.344842577425334,-3.982549602282586,64.25,66.221875,462.84268634850605,503.1510288320278
10,35,dwell5,trust,ma10,http,972.4869941533176,1026.8875293362548,13.727988476785443,1000.1838883420933,1059.4316208675418,-5.297613772571558,-3.962746273784439,0.024390243902439025,1.0,-0.6151052691059217,0.3170731707317073,0.7073170731707317,-3.749042825742969,-6.864041494170172,56.25,58.25625,409.9869941533176,444.32502933625483
10,35,dwell200,thr,ma10,http,2002.456021658386,2756.065465688935,446.5154711546284,1969.1215232706943,3640.849493703281,-27.343669931373313,-1.6877566237107473,0.04878048780487805,0.975609756097561,3.214457054155476,0.6829268292682927,0.34146341463414637,-36.829612092681145,-18.03797656216375,6.0,6.18125,1942.456021658386,2694.252965688935
10,35,dwell200,mey,ma10,http,1010.2777014517042,1016.3913787897429,20.215204165208103,978.6641739806589,1055.7468958819506,-0.6015081852935987,-0.30242966076795164,0.43902439024390244,0.5853658536585366,1.6364658823090994,0.7560975609756098,0.2682926829268293,-1.5615983381080891,0.3669671590732457,55.375,58.43125,456.52770145170416,432.07887878974293
10,35,dwell200,trust,ma10,http,891.9408385389665,900.301142732697,11.267367532879335,876.5615022803992,925.4342851208725,-0.9286119718069371,-0.7419926765798895,0.2926829268292683,0.7317073170731707,0.5169805018120418,0.6585365853658537,0.36585365853658536,-1.7903355728301418,-0.043230728975742,50.75,51.340625,384.44083853896655,386.89489273269703
10,35,f2,thr,ma10,http,1833.1508386871149,2540.4325092435747,411.81507774948454,1846.3010599954468,3776.831588025656,-27.840994318209862,-1.7174739555959475,0.024390243902439025,1.0,0.7777402733179504,0.6341463414634146,0.3902439024390244,-31.15269775236938,-24.744449228665754,6.875,7.059375,1819.4008386871149,2526.3137592435746
10,35,f2,mey,ma10,http,490.48120967511414,511.5386708484628,6.00082328862164,495.0028231822317,521.3257243981237,-4.116494484849353,-3.509095362510742,0.024390243902439025,1.0,-0.002128377048889967,0.4878048780487805,0.5365853658536586,-3.6250335317549007,-4.603560658326641,150.125,147.803125,190.23120967511414,215.9324208484628
10,35,f2,trust,ma10,http,432.6208446428659,446.50591192089706,3.1018103120842997,440.7475392503044,454.15004429688736,-3.1097163346162,-4.4764398467361195,0.024390243902439025,1.0,-0.7157949676890518,0.14634146341463414,0.8780487804878049,-2.1576658441120196,-4.03725230701362,127.0,127.421875,178.6208446428659,191.66216192089706
10,35,f50,thr,ma10,http,1863.2245980152065,2649.776984087516,366.38297346594845,2197.477603521873,3968.739370787542,-29.68372020723732,-2.146803872002015,0.024390243902439025,1.0,5.575597591742907,0.7804878048780488,0.24390243902439024,-31.604626477911474,-27.861653757765342,6.625,7.0625,1531.9745980152065,2296.651984087516
10,35,f50,mey,ma10,http,2359.601057318863,2493.7516345635895,59.88320665391221,2369.214063279912,2648.2005917223833,-5.37946824316381,-2.2402036353870267,0.024390243902439025,1.0,0.7987591971161413,0.6585365853658537,0.36585365853658536,-3.723061622277023,-7.135889303527931,29.0,29.83125,909.6010573188628,1002.1891345635895
10,35,f50,trust,ma10,http,2165.5185478425897,2242.591099927761,39.58338207220988,2173.349962009962,2332.4353148864857,-3.4367634870063566,-1.9470936552256233,0.024390243902439025,1.0,-0.2977113650225967,0.4878048780487805,0.5365853658536586,-1.7356493263901103,-5.066384733045858,23.75,24.31875,978.0185478425897,1026.6535999277612
10,35,base,thr,ma10,http,1931.4323343835265,2568.473511731453,265.24340839343904,2028.4571770498624,3400.863689230877,-24.802326145792563,-2.401722935195415,0.01639344262295082,1.0,14.37136507314568,0.8852459016393442,0.13114754098360656,-26.024711413485768,-23.558679472381556,6.583333333333333,6.966666666666667,1865.5990010501932,2498.8068450647866
10,35,base,mey,ma10,http,1093.2175529572035,1123.9425253644747,13.44192710524855,1097.4729644018305,1153.8917079888613,-2.733678254349144,-2.285756511450977,0.01639344262295082,1.0,0.9976631603191344,0.7377049180327869,0.2786885245901639,-5.236913400343885,-0.26262728473495983,62.083333333333336,64.58472222222223,472.3842196238701,478.0953031422524
10,35,base,trust,ma10,http,981.2410706398323,1003.5445634374158,11.966617384352544,976.6702707419686,1028.2100005335212,-2.222471588226033,-1.86380930226343,0.04918032786885246,0.9672131147540983,2.029572116504169,0.9508196721311475,0.06557377049180328,-2.1395816110684693,-2.3021201354780687,55.5,56.793055555555554,426.2410706398323,435.6140078818603
10,36,signed,thr,naive,http,1729.582696833651,1727.9388255435715,11.057308505503169,1696.00529697003,1769.9629571513992,0.0951348083496147,0.14866830289317812,0.6585365853658537,0.36585365853658536,0.1991181678929747,0.7804878048780488,0.24390243902439024,-0.004709838666821699,0.20403846599654585,15.375,14.934375,1575.832696833651,1578.5950755435715
10,36,signed,mey,naive,http,1010.8726559756234,1002.7506805128027,11.628954128800853,986.3449932225118,1064.1307783590842,0.8099695787458536,0.698426992906046,0.926829268292683,0.0975609756097561,0.026803882227324043,0.5853658536585366,0.43902439024390244,0.15667147492863262,1.4321801609424234,61.125,60.30625,399.6226559756234,399.68818051280266
10,36,signed,trust,naive,http,965.9912164294648,965.6980816898824,8.328093972095704,953.7909829188948,991.1485970574889,0.03035469834105744,0.03519829874212827,0.5853658536585366,0.43902439024390244,1.0759725416930268,0.9024390243902439,0.12195121951219512,0.4355248729015016,-0.36050255022461875,56.0,55.690625,405.99121642946477,408.79183168988243
10,36,dwell5,thr,naive,http,1739.5305929152282,1743.4770485671093,20.64388780883369,1717.6963995513038,1859.7388657385372,-0.226355469096909,-0.1911682377091927,0.5121951219512195,0.6585365853658537,-0.15465965864575779,0.6829268292682927,0.5121951219512195,-0.10113399910996274,-0.33672636303437997,11.75,11.76875,1622.0305929152282,1625.7895485671093
10,36,dwell5,mey,naive,http,1014.1834007347067,1011.2426735636036,13.389499003978363,997.3674560236652,1085.2480939987606,0.29080331042003715,0.21962936553707377,0.7804878048780488,0.24390243902439024,0.8743610815525608,0.9512195121951219,0.07317073170731707,0.4661504780300422,0.1213259423559158,60.0,59.3875,414.18340073470665,417.3676735636036
10,36,dwell5,trust,naive,http,959.3379857876964,962.626149446575,6.184159510633118,950.5448689967549,989.411450876471,-0.34158262382223936,-0.5317074459714201,0.24390243902439024,0.7804878048780488,-0.9284796956007302,0.07317073170731707,0.9512195121951219,-0.7741667665809217,0.09217759174596736,54.5,54.575,414.3379857876964,416.876149446575
10,36,dwell200,thr,naive,http,1650.6306735292555,1652.532454936813,3.9813445831946344,1642.2514633623023,1665.6074733681153,-0.11508284765458852,-0.47767314981602854,0.36585365853658536,0.8292682926829268,0.1514227830450032,0.9024390243902439,0.12195121951219512,-0.1222806042702577,-0.10741100854466147,7.25,7.36875,1578.1306735292555,1578.844954936813
10,36,dwell200,mey,naive,http,728.4841848000412,735.5158188156997,5.797626077289453,725.2603604392116,755.0899710376708,-0.9560139749245039,-1.2128471070604059,0.07317073170731707,0.9512195121951219,0.6062083868611264,0.8536585365853658,0.17073170731707318,-0.7972419883439993,-1.096584378570501,39.875,40.471875,329.73418480004125,330.79706881569973
10,36,dwell200,trust,naive,http,747.3184314737532,747.3130593070463,5.049363771135023,738.0079182418585,756.9736080824998,0.0007188642885373051,0.0010639294276328962,0.43902439024390244,0.5853658536585366,0.16342294606155633,0.6585365853658537,0.36585365853658536,0.6729741057464437,-0.5963194810406304,41.625,41.846875,331.0684314737532,328.8443093070463
10,36,f2,thr,naive,http,1621.9322294729345,1623.9306427485058,14.338650903647727,1584.4856574242735,1669.8879684868884,-0.12306026027003959,-0.13937247576498604,0.1951219512195122,0.8292682926829268,-1.8623939571005563,0.07317073170731707,0.9512195121951219,-0.22970755837229634,-0.04264768178005863,11.125,11.375,1599.6822294729345,1601.1806427485058
10,36,f2,mey,naive,http,413.70227782527127,414.63516638230806,3.173626018221584,410.62346196052704,424.34783301167965,-0.2249902161401897,-0.2939503746441921,0.4634146341463415,0.5609756097560976,0.6984052196768878,0.8536585365853658,0.17073170731707318,-0.42919153270127214,-0.032873621482959615,124.0,124.3875,165.70227782527127,165.86016638230805
10,36,f2,trust,naive,http,399.66780841871997,400.7860076629478,2.5289266578885794,396.257028426447,409.08324380106995,-0.2790015676316203,-0.4421635719405969,0.4146341463414634,0.6097560975609756,-0.1167567338017132,0.5121951219512195,0.5121951219512195,-0.5152507461542479,-0.04642066842679273,117.75,117.759375,164.16780841871997,165.26725766294777
10,36,f50,thr,naive,http,2187.5003755987523,2203.67194308927,16.908045754839385,2176.17831594724,2264.1592922949985,-0.7338464121772658,-0.9564421415105914,0.17073170731707318,0.9024390243902439,-0.13564873539901512,0.5365853658536586,0.4878048780487805,-2.2808418641334574,0.819415643207023,11.125,11.34375,1631.2503755987523,1636.48444308927
10,36,f50,mey,naive,http,2276.290709654782,2299.37077680654,23.109040561785612,2269.0266258571746,2412.5310070009077,-1.0037557833022779,-0.9987462305087921,0.0975609756097561,0.926829268292683,-1.2704585739567953,0.04878048780487805,0.975609756097561,-0.3013627123486792,-1.6782976948588852,27.125,27.459375,920.040709654782,926.4020268065401
10,36,f50,trust,naive,http,2201.271182089029,2195.319558458361,20.53236815046095,2150.7070036011773,2230.4477069257305,0.271105115778569,0.28986542551032995,0.6585365853658537,0.36585365853658536,2.34196634314838,1.0,0.024390243902439025,0.42179749111190684,0.11236530707827555,24.25,24.315625,988.771182089029,979.5383084583609
10,37,signed,thr,seasonal60,http,1952.0718438155743,2125.3369693814107,234.51705551572144,1786.3554632767978,2604.4919732899925,-8.152360216849095,-0.7388167363128993,0.2926829268292683,0.7317073170731707,13.560691966946278,0.8536585365853658,0.17073170731707318,-4.877075431215756,-11.40591891227858,6.0,6.196875,1892.0718438155743,2063.3682193814107
10,37,signed,mey,seasonal60,http,1103.3048146075423,1116.7751750850136,16.03354133938409,1086.3466122502284,1152.240518725711,-1.2061837313357104,-0.8401363237442327,0.24390243902439024,0.7804878048780488,-0.4008669565086989,0.43902439024390244,0.5853658536585366,-2.4068261453613222,0.024575242759398645,65.375,65.521875,449.5548146075423,461.55642508501364
10,37,signed,trust,seasonal60,http,967.142269871095,969.9204014623358,10.956332264784784,951.9091109251515,996.332845514388,-0.2864288231335551,-0.25356401431618986,0.43902439024390244,0.5853658536585366,2.1610846245879856,0.9512195121951219,0.07317073170731707,-0.2735361298795299,-0.29938349017290666,54.375,53.859375,423.392269871095,431.3266514623358
10,36,base,thr,naive,http,1826.961441510836,1833.8819488329725,13.763170245449206,1791.2671153874583,1906.824538324948,-0.37736929176605266,-0.5028279966546763,0.11475409836065574,0.9016393442622951,0.3769187768004341,0.8688524590163934,0.14754098360655737,-0.6202632207514945,-0.15317896573348977,11.083333333333334,11.463888888888889,1716.1281081775028,1719.2430599440836
10,36,base,mey,naive,http,983.5244161022848,991.1240362424966,4.005990340616675,980.0381460613158,1000.9518846428715,-0.7667678173786484,-1.8970640201398696,0.04918032786885246,0.9672131147540983,0.7912566748665054,0.9672131147540983,0.04918032786885246,-0.3595920759884358,-1.1618828575733189,55.583333333333336,56.18888888888889,427.69108276895145,429.23514735360766
10,36,base,trust,naive,http,938.2412461721029,937.7134071138105,4.5310706297518895,927.8507145615699,948.2889188731643,0.056290019347924186,0.11649323116407617,0.5573770491803278,0.45901639344262296,0.27078041199747205,0.7049180327868853,0.3114754098360656,-0.10221578467626843,0.21591070612910673,52.833333333333336,52.68888888888889,409.90791283876956,410.8245182249216
10,37,dwell5,thr,seasonal60,http,1573.3752159491007,1969.6776257362683,150.58631722270454,1671.8433342616995,2392.55700983559,-20.120166092612703,-2.631729210835733,0.024390243902439025,1.0,22.776289103790816,1.0,0.024390243902439025,-24.07150319905757,-15.99633212625166,6.0,6.0125,1513.3752159491007,1909.5526257362683
10,37,dwell5,mey,seasonal60,http,1079.6336608203123,1103.1830282613762,15.073777567642402,1069.5292754258599,1133.2869736032073,-2.134674558779046,-1.5622737787782723,0.04878048780487805,0.975609756097561,4.542351891594653,1.0,0.024390243902439025,-3.795745929873139,-0.4648722412883762,59.25,56.665625,487.13366082031234,536.5267782613762
10,37,dwell5,trust,seasonal60,http,1011.139358331752,1007.9411662182714,11.255385141960973,979.5788001020803,1025.8117330647406,0.31729948340933073,0.28414772778920233,0.6341463414634146,0.3902439024390244,1.7615365115915942,0.9512195121951219,0.07317073170731707,-0.34339053863238567,0.9833574767004005,55.75,54.234375,453.63935833175196,465.5974162182714
10,37,dwell200,thr,seasonal60,http,1922.9466002111349,2060.2185490478855,219.30299711827675,1760.8037272987249,2919.5870645836635,-6.662979949393711,-0.6259465244002832,0.2926829268292683,0.7317073170731707,71.93763287808714,1.0,0.024390243902439025,-4.212446084109357,-9.57410788314401,4.5,4.53125,1877.9466002111349,2014.9060490478855
10,37,dwell200,mey,seasonal60,http,949.3636703127123,955.7581156023323,17.88448197716185,926.4745089896694,991.919255822381,-0.6690443099810978,-0.3575415434333269,0.3902439024390244,0.6341463414634146,0.8627250503965579,0.7317073170731707,0.2926829268292683,-2.0767176973697454,0.7178650536812079,49.25,49.7625,456.8636703127123,458.1331156023323
10,37,dwell200,trust,seasonal60,http,827.0194055989291,837.4406250917579,10.07604203416518,820.3548845473713,862.9053311649876,-1.2444129387306602,-1.0342572467932516,0.14634146341463414,0.8780487804878049,1.5844571493921331,0.9024390243902439,0.12195121951219512,-0.35989569045985853,-2.167307727996468,45.125,45.021875,375.7694055989291,387.22187509175785
10,37,f2,thr,seasonal60,http,1887.678226452234,2114.172980007173,217.44286360305205,1872.495122973929,3048.95906810884,-10.713160923765594,-1.0416288205641528,0.04878048780487805,0.975609756097561,-2.300425088341883,0.4878048780487805,0.5365853658536586,1.7100373364036725,-22.005057570678563,6.0,6.0375,1875.678226452234,2102.097980007173
10,37,f2,mey,seasonal60,http,486.6816420607723,496.5619433707607,5.010674114588547,487.8947533432871,508.85926043302544,-1.989741953021804,-1.9718507099118578,0.024390243902439025,1.0,-0.726317432898659,0.24390243902439024,0.7804878048780488,-2.8845906839545754,-1.077890730571263,127.625,129.40625,231.43164206077228,237.74944337076067
10,37,f2,trust,seasonal60,http,420.74223115598795,431.2241857963471,4.084272830072912,423.90641124958313,440.17231356169555,-2.430743679416312,-2.5664188158977717,0.024390243902439025,1.0,0.14271368953473987,0.5609756097560976,0.4634146341463415,-1.7759210366641458,-3.0918353796666382,110.0,113.08125,200.74223115598795,205.06168579634712
10,37,f50,thr,seasonal60,http,2459.8249682506726,2636.9405016980304,241.78415413055703,2351.4913830481405,3360.843465594479,-6.716705717603645,-0.7325357366129137,0.2926829268292683,0.7317073170731707,-12.356469336860386,0.024390243902439025,1.0,-8.380130385366279,-5.09525091898272,6.0,6.01875,2159.8249682506726,2336.0030016980304
10,37,f50,mey,seasonal60,http,2353.419572817614,2426.4848303958306,58.414613992559644,2286.7211289598335,2521.7691013460408,-3.0111565777354308,-1.2508044234876377,0.0975609756097561,0.926829268292683,1.170036275478648,0.6585365853658537,0.36585365853658536,-2.536660007412613,-3.530999592611728,24.75,24.75,1115.9195728176142,1188.9848303958306
10,37,f50,trust,seasonal60,http,2090.8005800838537,2140.6016471566804,31.46601288885741,2079.931094942545,2223.179016339269,-2.326498586926556,-1.5826939132304896,0.07317073170731707,0.9512195121951219,0.027187038040936085,0.5121951219512195,0.5121951219512195,-2.3913578325095752,-2.2565816768080813,22.375,22.890625,972.0505800838537,996.0703971566804
10,37,base,thr,seasonal60,http,1864.5919583391417,2095.462155952843,203.75096966653797,1821.3817787070848,2793.798250672375,-11.017626682392688,-1.1330998718266092,0.08196721311475409,0.9344262295081968,-8.069424989273923,0.18032786885245902,0.8360655737704918,-6.496554464005171,-15.26372583940188,6.0,6.045833333333333,1804.5919583391417,2035.00382261951
10,37,base,mey,seasonal60,http,1008.0291870862694,1053.0209547429006,14.097889078085904,1023.1859744231924,1085.1497705408356,-4.272637448854575,-3.1913832920254315,0.01639344262295082,1.0,-0.06188313808823567,0.4918032786885246,0.5245901639344263,-4.851030130625501,-3.6943242950280224,54.333333333333336,56.00416666666667,464.69585375293605,492.97928807623384
10,37,base,trust,seasonal60,http,919.7280012110496,945.4373942011423,8.118453921264154,917.612611167803,966.0711669300298,-2.7193120504627566,-3.1667843704518357,0.03278688524590164,0.9836065573770492,-0.5283015937382821,0.2786885245901639,0.7377049180327869,-0.7573094303685144,-4.622174675696849,48.25,49.80416666666667,437.22800121104956,447.3957275344756
10,38,signed,thr,ma10,timer,1659.7387291940593,1698.9452426123414,12.087075212951532,1659.4784820522696,1743.7889113962551,-2.3076972956466344,-3.2436724954165608,0.04878048780487805,0.975609756097561,-0.394745707517333,0.1951219512195122,0.926829268292683,-2.0660117658260946,-2.5650866369413765,8.0,11.675,1579.7387291940593,1582.1952426123414
10,38,signed,mey,ma10,timer,927.7395790836338,963.3874985323222,13.93809734694246,952.9200718073952,1042.0599045222482,-3.700268012922778,-2.557588640784486,0.024390243902439025,1.0,-1.2525551896449012,0.024390243902439025,1.0,-3.034083954388437,-4.330860315916619,52.625,56.228125,401.48957908363377,401.1062485323222
10,38,signed,trust,ma10,timer,908.3810213460284,926.3779881868684,7.615852421905817,916.0101845633048,964.1924609505328,-1.9427239280657012,-2.3630929072462674,0.024390243902439025,1.0,-0.6886423891113783,0.07317073170731707,0.9512195121951219,-1.9245864951619804,-1.9602441419371124,51.0,52.753125,398.38102134602843,398.8467381868684
10,38,dwell5,thr,ma10,timer,1739.78059151736,1763.9649926797247,5.385841477043735,1743.7803818118866,1775.551593889228,-1.371025006886609,-4.49036631795544,0.024390243902439025,1.0,-2.1516242390479743,0.024390243902439025,1.0,-1.4578909824700308,-1.2816743822232195,9.5,12.009375,1644.78059151736,1643.8712426797247
10,38,dwell5,mey,ma10,timer,1003.275761610233,1025.0543746855406,3.7933888801657063,1013.8455622839955,1033.3523002862942,-2.1246300306740986,-5.741202329447498,0.024390243902439025,1.0,0.6300853869818686,0.975609756097561,0.04878048780487805,-2.660055861835862,-1.5694117654086948,56.75,58.9,435.77576161023296,436.05437468554055
10,38,dwell5,trust,ma10,timer,976.0833609652773,983.1959179885707,4.234493534526955,975.4202261719377,993.6699825795764,-0.7234119765106805,-1.679671244104995,0.07317073170731707,0.9512195121951219,0.46475570711660236,0.9024390243902439,0.12195121951219512,-0.27577481804920895,-1.1872331792185025,54.875,55.540625,427.3333609652773,427.7896679885707
10,38,dwell200,thr,ma10,timer,1722.0583974243564,1750.7710139278292,20.68912337120677,1707.03289863878,1843.282699198996,-1.6399983935681306,-1.3878121362760332,0.07317073170731707,0.9512195121951219,-0.35485031760578206,0.34146341463414637,0.7804878048780488,-2.086815194369735,-1.2919913659923181,6.5,9.0,1657.0583974243564,1660.7710139278292
10,38,dwell200,mey,ma10,timer,818.9444388078725,843.8414194723597,4.661618998206571,835.4845195194764,855.6189166595813,-2.9504335873978356,-5.340844173250877,0.024390243902439025,1.0,-0.6706357062447749,0.12195121951219512,0.9024390243902439,-2.70692100641986,-3.2138597205078705,45.5,47.8875,363.94443880787253,364.9664194723597
10,38,dwell200,trust,ma10,timer,797.8768124989435,819.8619767725329,5.082125301340962,809.9953061523725,832.1857615726041,-2.681568958733288,-4.325978398798705,0.024390243902439025,1.0,-0.9071395228678333,0.07317073170731707,0.9512195121951219,-3.4048176470341622,-1.9793272111762719,46.0,47.8875,337.87681249894354,340.9869767725329
10,38,f2,thr,ma10,timer,1556.7034762663104,1584.5912561195819,121.10431852818942,1533.1248109366848,2327.6081281079396,-1.7599352353845694,-0.23027898750596607,0.04878048780487805,0.975609756097561,-1.3339578753598964,0.8048780487804879,0.21951219512195122,-2.0566403132551354,-1.5081773648189825,8.5,11.453125,1539.7034762663104,1561.6850061195819
10,38,f2,mey,ma10,timer,398.3017957156367,422.183748867752,112.62002558572894,401.745350110583,1116.5444241298815,-5.656767513236586,-0.21205778482030127,0.024390243902439025,1.0,-3.9287398261143593,0.7804878048780488,0.24390243902439024,-5.280420122321455,-6.0356166428596705,115.875,118.85625,166.55179571563667,184.471248867752
10,38,f2,trust,ma10,timer,396.7637678776749,409.1402126559341,56.19464318233529,397.2892548243864,755.468333732749,-3.0249885969207115,-0.22024243019216597,0.024390243902439025,1.0,-1.963721312383816,0.8048780487804879,0.21951219512195122,-3.167918604458013,-2.8854410928659577,118.25,119.5375,160.26376787767492,170.0652126559341
10,38,f50,thr,ma10,timer,2014.1515299655562,2194.4764159962456,18.289907575847884,2146.4329913952406,2233.0074554136118,-8.217216859394943,-9.859256274690601,0.024390243902439025,1.0,0.21087706775180345,0.5121951219512195,0.5121951219512195,-8.573511051158455,-7.856432655768969,8.0,11.565625,1614.1515299655562,1616.1951659962456
10,38,f50,mey,ma10,timer,2159.129461236361,2246.3260148767395,26.986742116305194,2212.6050946723317,2359.737923514489,-3.881740809789058,-3.2310885569138446,0.024390243902439025,1.0,-0.3586181576160389,0.43902439024390244,0.5853658536585366,-3.5056234451392485,-4.273337141492937,24.375,26.065625,940.3794612363608,943.0447648767395
10,38,f50,trust,ma10,timer,2100.7018504723237,2145.9600245082934,17.649171942702754,2109.9069043830496,2197.942749308443,-2.1089942738490537,-2.564322801256529,0.024390243902439025,1.0,-0.0411575506782499,0.43902439024390244,0.5853658536585366,-2.8311803872105585,-1.3805907276713851,22.875,24.00625,956.9518504723237,945.6475245082934
10,38,base,thr,ma10,timer,1748.1072995328234,1781.301237978076,11.772150132105196,1729.5815982457636,1806.5836111229908,-1.8634657483834924,-2.8197005706481377,0.04918032786885246,0.9672131147540983,-0.03895682720348005,0.4098360655737705,0.6885245901639344,-1.9979476238105234,-1.7447623668198475,8.166666666666666,11.556944444444444,1666.4406328661566,1665.7317935336316
10,38,base,mey,ma10,timer,944.4607412315809,976.5957957409203,3.8294946242316215,967.5081518142911,987.2619719711564,-3.2905173920966235,-8.391460926985168,0.01639344262295082,1.0,-0.5857769142505388,0.09836065573770492,0.9180327868852459,-3.15178781793116,-3.430884048981609,54.25,57.32083333333333,401.96074123158087,403.3874624075869
10,38,base,trust,ma10,timer,905.3168366898313,919.9520030817589,3.4192219775090913,913.7287994547534,931.5467120272124,-1.5908619518084666,-4.280262143901314,0.01639344262295082,1.0,-0.37868555755640904,0.16393442622950818,0.8524590163934426,-1.325900460924059,-1.8590982429137588,50.0,51.5,405.31683668983135,404.9520030817589
10,39,signed,thr,naive,others,1651.7947999056598,1687.8763029494853,10.884600193441171,1656.8026673274403,1729.3631373211888,-2.1376864513575273,-3.314913033330101,0.024390243902439025,1.0,-0.21218990026502346,0.2926829268292683,0.8048780487804879,-2.127838235067437,-2.1472429939129953,8.5,12.096875,1566.7947999056598,1566.9075529494853
10,39,signed,mey,naive,others,921.9370660459954,956.424292538845,4.8357963017034375,943.172172656261,964.0461262783874,-3.6058501192292627,-7.13165409401162,0.024390243902439025,1.0,-0.7416729484331672,0.07317073170731707,0.9512195121951219,-3.7878360442199797,-3.4189062058418247,51.25,54.559375,409.4370660459954,410.83054253884495
10,39,signed,trust,naive,others,911.5841888165826,940.8202972909212,4.781772170516385,930.6764460306557,952.001543681739,-3.1075125141882642,-6.114073910631629,0.024390243902439025,1.0,-0.24747155143750602,0.34146341463414637,0.6829268292682927,-3.4192685197127735,-2.7818753964551655,53.125,56.0875,380.3341888165826,379.9452972909212
10,39,dwell5,thr,naive,others,1742.848328813748,1761.275918579784,12.67113706387013,1698.7490535604416,1787.1200663230943,-1.0462636530507576,-1.4542964592009406,0.04878048780487805,0.975609756097561,0.018305492658063614,0.6829268292682927,0.4634146341463415,-0.874439377932019,-1.2304878351276787,9.125,10.815625,1651.598328813748,1653.119668579784
10,39,dwell5,mey,naive,others,969.1687957385703,981.5742283910988,3.7047205708502706,975.9960751816427,994.9703262050973,-1.2638303139704734,-3.3485474586498447,0.024390243902439025,1.0,0.32074223249127154,0.8292682926829268,0.1951219512195122,-1.3456724926116321,-1.1849382535764261,55.875,56.984375,410.41879573857034,411.7304783910988
10,39,dwell5,trust,naive,others,950.5971355340619,967.9793255202773,3.527464451855197,959.6563337108312,977.4848788947241,-1.7957191365500162,-4.927672616820728,0.024390243902439025,1.0,0.2723317475630265,0.7560975609756098,0.2682926829268293,-1.0345385101654363,-2.5697576862375437,53.5,55.15,415.59713553406186,416.47932552027726
10,39,f2,thr,naive,others,1855.2038977323568,1862.892928280792,8.017166595025095,1859.1554003401475,1901.557474263004,-0.41274677850278063,-0.9590708210063105,0.024390243902439025,1.0,-0.1040870636738397,0.5121951219512195,0.6585365853658537,-0.5201955398144542,-0.3034673072049521,7.25,10.1125,1840.7038977323568,1842.667928280792
10,39,f2,mey,naive,others,402.1162280269865,408.0117330932978,1.440754548435023,405.63714648766455,410.6658660353479,-1.4449351790977003,-4.0919565881052335,0.024390243902439025,1.0,-0.04028983723794332,0.6097560975609756,0.4146341463414634,-1.3624356319736761,-1.5294846727827893,119.125,121.678125,163.8662280269865,164.6554830932978
10,39,f2,trust,naive,others,389.0626840413537,395.1760393076487,1.4371959908125767,392.70151965783424,399.5285181028437,-1.546995429430804,-4.253668466496745,0.024390243902439025,1.0,-0.07675344329905982,0.5121951219512195,0.5121951219512195,-1.78454729213177,-1.3025623494325749,113.25,115.79375,162.5626840413537,163.5885393076487
10,39,f50,thr,naive,others,1930.0073405645912,2091.058813884607,20.044531922090897,2036.191832109591,2150.509783430623,-7.701910259560168,-8.034683670638492,0.024390243902439025,1.0,-0.8274025199642456,0.24390243902439024,0.9024390243902439,-7.994575402594246,-7.399316048044102,7.0,10.2,1580.0073405645912,1581.058813884607
10,39,f50,mey,naive,others,1976.9221231287627,2066.0083235689553,15.016935404859211,2035.3183956559014,2096.9749566575265,-4.311996201752926,-5.932382209712774,0.024390243902439025,1.0,0.7620579769656893,0.8780487804878049,0.14634146341463414,-4.110690562405654,-4.506787533743863,22.125,23.834375,870.6721231287627,874.2895735689553
10,39,f50,trust,naive,others,2062.0832337996594,2146.331026858593,19.530894775669665,2105.8332337996594,2212.4442793068984,-3.9252003537515816,-4.313565457527524,0.024390243902439025,1.0,-0.5111958369214963,0.21951219512195122,0.8048780487804879,-4.22419749562626,-3.6058464724823813,21.375,23.003125,993.3332337996594,996.1747768585928
10,39,dwell200,thr,naive,others,1854.142528295128,1871.986608075746,11.001932113178045,1832.7156476007547,1882.7673983262503,-0.9532162091138264,-1.6219041889237442,0.0975609756097561,0.926829268292683,0.31548944815650615,0.975609756097561,0.12195121951219512,-0.6506870853377327,-1.3612547426496582,5.125,7.234375,1802.892528295128,1799.642858075746
10,39,dwell200,mey,naive,others,743.4044465063931,761.4250656047425,4.109535187479035,754.0919802043246,769.4894498902463,-2.3666963319676033,-4.385074777618336,0.024390243902439025,1.0,0.9343709788178045,0.9512195121951219,0.07317073170731707,-1.983910745693576,-2.7417416235205447,41.75,43.4,325.9044465063931,327.4250656047425
10,39,dwell200,trust,naive,others,750.8645451208099,770.8563497791426,3.9491414792310744,762.944511521725,782.7373454293843,-2.5934539767442497,-5.0623166486872195,0.024390243902439025,1.0,1.0094808004438673,0.975609756097561,0.04878048780487805,-2.50455846202607,-2.681266966385478,41.5,43.459375,335.8645451208099,336.26259977914265
10,39,base,thr,naive,others,1596.48756422674,1633.1364155972224,32.55997922271598,1596.9031013349475,1869.158405635111,-2.244077776998208,-1.1255796915531726,0.01639344262295082,1.0,-0.5602012962975119,0.19672131147540983,0.819672131147541,-2.4468787742927702,-2.0466128057179467,7.25,10.541666666666666,1523.98756422674,1527.7197489305556
10,39,base,mey,naive,others,938.096714190301,970.9884766054055,21.1596769096052,959.918885282316,1129.2480821858576,-3.3874513660650982,-1.5544548508759908,0.01639344262295082,1.0,-0.773246145937748,0.14754098360655737,0.8688524590163934,-3.2732189019893516,-3.5053724221799047,51.75,54.641666666666666,420.596714190301,424.57180993873885
10,39,base,trust,naive,others,951.4300820406647,984.866241588794,11.239303662433468,973.5846989149574,1064.6919765429016,-3.394994988780381,-2.9749315929497575,0.01639344262295082,1.0,-0.8955615947238447,0.09836065573770492,0.9180327868852459,-3.5239983296262856,-3.2623127549224744,51.5,54.57222222222222,436.43008204066473,439.1440193665718
10,40,signed,thr,seasonal60,event,2160.815141482463,2415.832775015979,369.72614931905474,1903.3087721823313,3562.6270378162494,-10.55609627333703,-0.6897473549090226,0.2682926829268293,0.7560975609756098,-3.4373369314535003,0.5121951219512195,0.5121951219512195,-16.99290340119472,-4.145160185922208,6.375,6.915625,2097.065141482463,2346.676525015979
10,40,signed,mey,seasonal60,event,1149.3017203823115,1168.6130787516151,20.458684343770436,1129.666287203475,1215.803254076299,-1.6525023312192646,-0.943919855490799,0.24390243902439024,0.7804878048780488,-0.036026665436724684,0.5365853658536586,0.4878048780487805,1.3599133250830064,-4.680722397206951,68.125,68.453125,468.0517203823115,484.08182875161515
10,40,signed,trust,seasonal60,event,1012.4602651605228,1005.6606950707852,10.648412335200497,980.3821522598939,1030.6573034381436,0.6761296452238282,0.6385524785944118,0.7317073170731707,0.2926829268292683,-1.5218440096073027,0.12195121951219512,0.9024390243902439,-0.21655105464903127,1.5908296948985452,58.75,58.74375,424.9602651605228,418.2231950707852
10,40,dwell5,thr,seasonal60,event,2012.1674671132196,2284.990397220975,291.28285007454264,1692.0695097999326,3073.9526566584364,-11.939784536493676,-0.9366254485560577,0.17073170731707318,0.8536585365853658,-10.004899152274447,0.21951219512195122,0.8048780487804879,-14.233933821542701,-9.404209825992266,6.5,6.2875,1947.1674671132196,2222.115397220975
10,40,dwell5,mey,seasonal60,event,1124.8319464747265,1144.8090709870926,18.228967186573342,1112.558422656914,1187.5808296258083,-1.745018013802177,-1.0958999655822734,0.21951219512195122,0.8048780487804879,-0.38184075836726955,0.4146341463414634,0.6097560975609756,-2.393105411110769,-1.090920136545717,65.75,64.99375,467.33194647472646,494.8715709870926
10,40,dwell5,trust,seasonal60,event,996.1112700349216,1008.2201000166564,12.316147627415736,987.2697891327663,1035.399673333769,-1.201010571157498,-0.983167005466912,0.21951219512195122,0.8048780487804879,-0.02475650247717571,0.5365853658536586,0.4878048780487805,-2.1215271343565805,-0.25714995247374495,56.625,57.615625,429.86127003492163,432.0638500166564
10,40,dwell200,thr,seasonal60,event,2237.1779973816015,2479.7762821869037,331.6694398833274,1935.90800611313,3123.178516973796,-9.783071422529934,-0.7314459990363957,0.2926829268292683,0.7317073170731707,-19.859126520048324,0.07317073170731707,0.9512195121951219,-26.035301834898206,3.8852024162840375,5.375,5.353125,2183.4279973816015,2426.2450321869037
10,40,dwell200,mey,seasonal60,event,934.6612702643317,942.7212378750821,13.453665551669914,916.3323816272687,972.499243109139,-0.854968286162489,-0.5990908261986608,0.34146341463414637,0.6829268292682927,-1.3297065266572379,0.24390243902439024,0.7804878048780488,-3.970942016546286,2.555830585267736,52.625,52.9875,408.41127026433173,412.8462378750821
10,40,dwell200,trust,seasonal60,event,834.7728355768204,831.3639768653426,11.83361592816058,801.8503977258296,858.9479282147335,0.41003204448801345,0.2880656877975668,0.5853658536585366,0.43902439024390244,0.5252425283847664,0.6341463414634146,0.3902439024390244,1.802614253368808,-1.0332499920074287,45.0,44.828125,384.7728355768204,383.0827268653426
10,40,f2,thr,seasonal60,event,2274.2743415464565,2331.351020260262,215.0412060145688,1999.1764709406089,2998.4330534112078,-2.4482232927512415,-0.265422054552366,0.43902439024390244,0.5853658536585366,-4.405332324166467,0.3902439024390244,0.6341463414634146,-1.3869320347006733,-3.452011331668394,6.375,6.4625,2261.5243415464565,2318.426020260262
10,40,f2,mey,seasonal60,event,493.22177403150334,491.3727600836164,4.9531764114320636,482.3383213423774,502.57420426184717,0.3762955739696043,0.3732986258311651,0.6829268292682927,0.34146341463414637,-0.6454315474406921,0.2926829268292683,0.7317073170731707,-0.9452214711877147,1.68713623902335,143.625,142.68125,205.97177403150334,206.0102600836164
10,40,f2,trust,seasonal60,event,449.07879376562676,442.4884746442314,3.6218545262451243,434.28925927608987,449.1749593319547,1.4893764468541406,1.819597963871758,0.975609756097561,0.04878048780487805,-0.47792370837755244,0.2926829268292683,0.7317073170731707,1.3125569043389425,1.6637949050663787,130.125,126.215625,188.82879376562676,190.0572246442314
10,40,f50,thr,seasonal60,event,2370.2593166345887,2676.5794032861863,284.54907003742767,2127.9358933446388,3355.2858983607703,-11.444461026469506,-1.0765105878269303,0.14634146341463414,0.8780487804878049,-3.734649749705793,0.43902439024390244,0.5853658536585366,-10.955850490679225,-11.934991621632252,6.125,6.353125,2064.0093166345887,2358.9231532861863
10,40,f50,mey,seasonal60,event,2462.628570121856,2509.0929271336086,48.094175430926285,2422.8475820009016,2636.9397341715185,-1.851838826265942,-0.9661119375772587,0.1951219512195122,0.8292682926829268,-0.11372744490733591,0.5365853658536586,0.4878048780487805,-3.080977658270457,-0.6843218510380066,29.125,28.51875,1006.3785701218558,1083.1554271336086
10,40,f50,trust,seasonal60,event,2165.2632402853746,2148.2587875292024,40.23251836735393,2065.133910832733,2214.2081103522846,0.7915458256186029,0.4226544458616396,0.6097560975609756,0.4146341463414634,-1.4295547002994087,0.24390243902439024,0.7804878048780488,3.698827853930207,-2.1688738730931676,23.0,23.10625,1015.2632402853746,992.9462875292024
10,40,base,thr,seasonal60,event,1979.29997531015,2260.6586722480138,329.56761831716284,1773.9493209214281,3139.235259923847,-12.44587254112443,-0.8537206973626128,0.19672131147540983,0.819672131147541,-17.236594770380975,0.08196721311475409,0.9344262295081968,-6.171037371382468,-18.601760493241024,6.25,6.356944444444444,1916.79997531015,2197.0892278035694
10,40,base,mey,seasonal60,event,1091.02573343694,1113.9286264342884,14.953477122328396,1085.204451381199,1159.3417049927878,-2.0560467209340882,-1.5316098596994492,0.06557377049180328,0.9508196721311475,-1.236038827558251,0.18032786885245902,0.8360655737704918,-0.7597646976629765,-3.405248671974725,63.25,64.04305555555555,458.5257334369401,473.49807087873285
10,40,base,trust,seasonal60,event,974.9654242627721,973.9785410264548,10.815443941773461,946.7578034249858,996.8373722432985,0.10132494657195269,0.09124759386950468,0.5245901639344263,0.4918032786885246,-0.9170096275959854,0.19672131147540983,0.819672131147541,0.02585727009497778,0.17821679435833837,53.666666666666664,53.61527777777778,438.2987575961055,437.82576324867694
10,41,signed,thr,ma10,storage,1883.2156042805377,2328.850304791134,256.4429113939516,1757.4150454797373,2896.8902070190616,-19.1353948166524,-1.7377540213073206,0.04878048780487805,0.975609756097561,28.955744845986548,1.0,0.024390243902439025,-13.183107063647494,-25.501436775489758,6.625,8.01875,1816.9656042805377,2248.662804791134
10,41,signed,mey,ma10,storage,1074.9596283527685,1088.1556346180848,14.497530766421901,1053.4751250824784,1127.0168632996179,-1.2126947511463093,-0.910224401515321,0.17073170731707318,0.8536585365853658,-0.32930802981484075,0.36585365853658536,0.6585365853658537,0.38983193522442106,-2.8292102736377505,64.375,65.003125,431.2096283527685,438.12438461808483
10,41,signed,trust,ma10,storage,990.6493506186991,1028.303131886842,15.009900699024575,998.1000719009969,1067.0844942162175,-3.661739432714909,-2.5085962940840667,0.024390243902439025,1.0,0.9457783513964485,0.8048780487804879,0.21951219512195122,-2.6406402487979337,-4.66172937031938,56.25,59.640625,428.14935061869915,431.89688188684204
10,41,dwell5,thr,ma10,storage,1872.2845459688815,2101.714971913,163.8550425562204,1873.661590562255,2517.4162013036303,-10.916343510428012,-1.4002036334365402,0.024390243902439025,1.0,5.447737420442843,0.7804878048780488,0.24390243902439024,-13.04991022584971,-9.012079975861948,6.875,7.128125,1803.5345459688815,2030.4337219130002
10,41,dwell5,mey,ma10,storage,1084.9287182898959,1111.0505835676377,14.017574233707851,1068.2418551427108,1143.8826822801807,-2.3510959504528772,-1.8635082534413787,0.04878048780487805,0.975609756097561,0.75436419309711,0.7073170731707317,0.3170731707317073,-1.760373990979049,-2.92431363093083,60.375,62.18125,481.17871828989587,489.23808356763766
10,41,dwell5,trust,ma10,storage,1043.7003243138693,1049.069581156371,16.943588840008562,1019.5103005933033,1079.1571647300955,-0.5118113172801455,-0.31689017558212973,0.4634146341463415,0.5609756097560976,-1.111085174828075,0.3170731707317073,0.7073170731707317,0.27375366335769663,-1.2333090971262146,57.75,58.14375,466.20032431386926,467.632081156371
10,41,dwell200,thr,ma10,storage,1823.1075959599632,2388.504929805771,378.01918073354454,1876.1972516786154,3554.6549700310948,-23.671600036922886,-1.4956842474200829,0.024390243902439025,1.0,-0.45931421791296395,0.5853658536585366,0.43902439024390244,-22.223665457877406,-24.980508524504806,4.875,5.925,1774.3575959599632,2329.254929805771
10,41,dwell200,mey,ma10,storage,866.9143907692467,859.4261230165561,14.842517376626194,824.9978734202846,886.2466659214197,0.8713102327407785,0.5045146697610091,0.7073170731707317,0.3170731707317073,3.4330651904690037,1.0,0.024390243902439025,2.827939618998392,-1.0335093962600723,47.625,47.996875,390.66439076924667,379.45737301655606
10,41,dwell200,trust,ma10,storage,750.5293259813163,783.0074677298783,12.111309759647362,751.9209692433154,806.8377387163611,-4.1478712639515,-2.6816374440998185,0.024390243902439025,1.0,-1.968403230665359,0.12195121951219512,0.9024390243902439,-0.9800833105500945,-7.07726989809596,40.25,43.090625,348.02932598131633,352.1012177298783
10,41,f2,thr,ma10,storage,1472.8143947461458,1929.4812804053029,253.647131959938,1532.7927512959254,2723.780676141525,-23.66785779664214,-1.8004023232215562,0.024390243902439025,1.0,10.719195062552952,0.8292682926829268,0.1951219512195122,-27.121206425911836,-19.86349437929041,6.375,7.15,1460.0643947461458,1915.181280405303
10,41,f2,mey,ma10,storage,495.15798153247476,500.2679710241242,5.162328119240477,490.7462207916997,516.3140675523971,-1.021450460078133,-0.9898614294980693,0.1951219512195122,0.8292682926829268,1.598736209894395,0.9512195121951219,0.07317073170731707,-0.8219366678394803,-1.2158344981096163,132.5,135.190625,230.15798153247476,229.8867210241242
10,41,f2,trust,ma10,storage,453.0778899041254,466.50822515018706,3.9919562915333198,457.5089009766848,472.87488920884437,-2.878906420511214,-3.3643492726978286,0.024390243902439025,1.0,1.6093397650890908,1.0,0.024390243902439025,-2.5680274464814534,-3.1749759499724415,124.875,130.4375,203.3278899041254,205.63322515018706
10,41,f50,thr,ma10,storage,2312.851731667834,2603.484290644149,266.21607137538655,2189.727091273755,3642.9358744836254,-11.163215388728437,-1.0917168053558242,0.0975609756097561,0.926829268292683,15.424549800268517,0.9512195121951219,0.07317073170731707,-11.707356536203875,-10.628930247560064,6.375,7.20625,1994.101731667834,2243.171790644149
10,41,f50,mey,ma10,storage,2374.374884439626,2388.8614373150513,55.39895630842947,2271.4512381570034,2559.1715756767476,-0.6064208098945839,-0.26149505046218835,0.43902439024390244,0.5853658536585366,1.2427944518063305,0.7560975609756098,0.2682926829268293,-0.5975212407840987,-0.6152125335716727,27.125,26.95625,1018.1248844396259,1041.0489373150513
10,41,f50,trust,ma10,storage,2249.114559462767,2336.990558758674,40.26858024564184,2265.1314520545757,2432.515697252849,-3.7602205523065417,-2.1822472697039705,0.024390243902439025,1.0,-0.6522323947312635,0.36585365853658536,0.6585365853658537,-4.517992687878955,-3.020216408742955,24.0,25.525,1049.114559462767,1060.740558758674
10,42,signed,thr,naive,queue,2216.0809338180115,2348.3370436644473,223.17056705579145,1992.836900877338,2876.018221147877,-5.631904934738735,-0.5926234430966535,0.2926829268292683,0.7317073170731707,-3.2529135380193153,0.3902439024390244,0.6341463414634146,7.536471100899881,-18.630601637022266,6.125,6.215625,2154.8309338180115,2286.1807936644473
10,42,signed,mey,naive,queue,1118.8066363355556,1111.1586229841862,14.885384368114856,1080.9163482103959,1144.8203503267518,0.6882917697951614,0.513793474339284,0.7073170731707317,0.3170731707317073,-1.8700847528310585,0.14634146341463414,0.8780487804878049,2.4196742779420344,-1.0292972798953064,66.375,65.13125,455.0566363355556,459.8461229841862
10,42,signed,trust,naive,queue,986.1399486078903,987.3828391301092,11.357547351664858,960.2423392799226,1011.7319804919598,-0.12587726593606596,-0.10943300377582803,0.5121951219512195,0.5121951219512195,-1.246437602354292,0.12195121951219512,0.9024390243902439,-1.1827572534262407,0.9678676036009156,55.5,55.40625,431.13994860789035,433.32033913010923
10,41,base,thr,ma10,storage,2161.1454234418197,2350.1792654773726,223.30115166456292,1901.5319348860664,2959.7554718579936,-8.043379703511935,-0.8465421724269229,0.16393442622950818,0.8524590163934426,-0.03194286652996494,0.5573770491803278,0.45901639344262296,-11.052622461545589,-4.954686816843637,6.583333333333333,7.115277777777778,2095.3120901084862,2279.026487699595
10,41,base,mey,ma10,storage,1086.596096325967,1093.3053536955376,12.637195962481302,1065.0683365562006,1119.282106346781,-0.6136672931210246,-0.5309134549697443,0.29508196721311475,0.7213114754098361,-1.579996218349669,0.11475409836065574,0.9016393442622951,-0.5974068176366144,-0.6295963700405196,59.5,61.015277777777776,491.596096325967,483.1525759177599
10,41,base,trust,ma10,storage,995.5475973722811,1012.1622793500134,10.293729417132782,989.9457176679225,1034.6777557662963,-1.6415037703639621,-1.6140585500604838,0.11475409836065574,0.9016393442622951,0.6855546409370135,0.7868852459016393,0.22950819672131148,-1.4633875342706242,-1.8156354307930327,54.916666666666664,55.93055555555556,446.38093070561445,452.8567237944578
10,42,dwell5,thr,naive,queue,1979.0661529686897,2102.650545867599,161.52199278434594,1847.5155456938032,2654.0808772016985,-5.877552650952538,-0.7651242457360665,0.21951219512195122,0.8048780487804879,3.997568480124496,0.8292682926829268,0.1951219512195122,-3.8026818879442104,-7.965079863450688,6.125,6.028125,1917.8161529686897,2042.3692958675988
10,42,dwell5,mey,naive,queue,1161.089911355906,1137.8617971938966,15.54462356161823,1102.172330156547,1169.149661831108,2.0413827249752776,1.4942860513755236,0.926829268292683,0.0975609756097561,2.1281909109387493,0.9512195121951219,0.07317073170731707,3.411117160774926,0.6800834528944699,59.0,58.534375,571.089911355906,552.5180471938966
10,42,dwell5,trust,naive,queue,1014.6897437832688,1018.0258580095884,12.742347939349882,996.1247929413516,1049.282692344817,-0.32770427195653956,-0.2618131479534726,0.3902439024390244,0.6341463414634146,1.0572279168208947,0.8048780487804879,0.21951219512195122,1.053738475859644,-1.7196232244314935,56.0,55.865625,454.6897437832688,459.36960800958843
10,42,f2,thr,naive,queue,2085.753915237491,2216.337882637272,182.51760533945028,1907.0448452703392,2637.3024784979507,-5.891879953087108,-0.7154595698147461,0.2682926829268293,0.7560975609756098,1.199872224024235,0.6585365853658537,0.36585365853658536,-13.210063643300558,0.16918227691454965,6.0,6.025,2073.753915237491,2204.2878826372717
10,42,f2,mey,naive,queue,504.057158983709,506.43553029276535,4.943577663995075,497.5232318421945,523.0862974878361,-0.469629630385819,-0.4811032557207431,0.3170731707317073,0.7073170731707317,-1.374819710397354,0.0975609756097561,0.926829268292683,-1.9495426540797491,1.018458188679049,126.75,125.2875,250.55715898370897,255.86053029276536
10,42,f2,trust,naive,queue,445.9957481092533,447.88315645236236,3.917413180210296,440.78922376035797,457.19539978180126,-0.4214064127927923,-0.4817996612263681,0.2926829268292683,0.7317073170731707,1.836916620394673,0.975609756097561,0.04878048780487805,0.5658253613536796,-1.392743609721991,121.0,119.321875,203.99574810925333,209.23940645236235
10,42,dwell200,thr,naive,queue,1873.4249410734715,2294.871446323084,240.40262996970995,1909.3673076132043,2899.2883611765374,-18.36471083924407,-1.7530860843856557,0.024390243902439025,1.0,3.5462038223310213,0.6341463414634146,0.3902439024390244,-14.858804093097273,-21.39853329197233,4.875,4.915625,1824.6749410734715,2245.715196323084
10,42,dwell200,mey,naive,queue,984.8525303827182,1001.9405674873626,16.28182138394549,968.5235777491735,1029.6285442141054,-1.705494084094956,-1.049516310349275,0.17073170731707318,0.8536585365853658,-1.6384705065574958,0.1951219512195122,0.8292682926829268,-1.7124681543185054,-1.698254646496452,50.25,49.525,482.3525303827182,506.6905674873626
10,42,dwell200,trust,naive,queue,877.217472944874,875.2720939756222,10.682161796604346,853.3921606348144,895.4983413265325,0.22225991010584967,0.18211472605387838,0.5121951219512195,0.5121951219512195,1.0361684376033515,0.8292682926829268,0.1951219512195122,-1.2698179417448054,1.7298099439043024,46.625,46.26875,410.967472944874,412.58459397562217
10,42,f50,thr,naive,queue,2293.890787640018,2295.3512471956824,218.2842250318002,1949.725965561925,3036.791306303284,-0.06362684392851106,-0.0066906326164960644,0.6341463414634146,0.3902439024390244,-3.3206021943616246,0.3902439024390244,0.6341463414634146,7.637916148817199,-8.115215942423605,6.0,5.909375,1993.890787640018,1999.8824971956824
10,42,f50,mey,naive,queue,2380.38097634517,2421.850071252084,49.86164964347381,2324.556600239218,2573.094020659002,-1.7122899307088297,-0.8316831714038923,0.1951219512195122,0.8292682926829268,2.450956659831068,0.8780487804878049,0.14634146341463414,1.6776537553607944,-5.00962310173029,24.75,25.375,1142.88097634517,1153.100071252084
10,42,f50,trust,naive,queue,2102.3998123732626,2087.687478175058,43.64627744241133,2010.2891232941663,2197.779477333125,0.7047191857981234,0.33708107679095184,0.7073170731707317,0.3170731707317073,-0.2053262048423709,0.5365853658536586,0.4878048780487805,-0.3831667703013717,1.696933277700545,22.125,22.3625,996.1498123732626,969.562478175058
10,43,signed,thr,seasonal60,http,1683.376969576788,2584.870921019934,357.3778076515381,1946.9203408738247,3682.4869326439475,-34.87578215655875,-2.52252359307702,0.024390243902439025,1.0,-3.9902454842034074,0.4634146341463415,0.5609756097560976,-34.46657839002185,-35.30061562636242,7.75,8.371875,1605.876969576788,2501.152171019934
10,43,signed,mey,seasonal60,http,1083.9406874103875,1129.6764613170303,19.16277461451669,1087.722658032008,1177.246218365749,-4.048572796968959,-2.3866989424379024,0.024390243902439025,1.0,1.111790667243868,0.7804878048780488,0.24390243902439024,-5.313434942828817,-2.7900267892018435,64.375,67.11875,440.19068741038745,458.4889613170303
10,43,signed,trust,seasonal60,http,961.1896077034862,1006.4115308858148,15.064700509168752,980.1782431893225,1049.792599865445,-4.493382855274479,-3.001846811013962,0.024390243902439025,1.0,-1.6950546796918042,0.12195121951219512,0.9024390243902439,-6.653149303989879,-2.409494683595022,56.0,59.60625,401.1896077034862,410.34903088581484
10,42,base,thr,naive,queue,2141.3325317489375,2252.1174016400896,120.78981096170779,2004.0787020168457,2540.5072525356272,-4.919142750305722,-0.9171706537919211,0.21311475409836064,0.8032786885245902,0.6317229533540132,0.5737704918032787,0.4426229508196721,-4.256296361726708,-5.552408345754086,5.916666666666667,5.979166666666667,2082.165865082271,2192.325734973423
10,42,base,mey,naive,queue,1081.2029366522627,1080.8700403767873,13.266284719152186,1048.5934266347908,1107.5707163012537,0.030798917819882497,0.025093406520574967,0.5245901639344263,0.4918032786885246,-0.8857597355418851,0.2459016393442623,0.7704918032786885,-1.1344535342230988,1.1905618115907712,56.166666666666664,55.55972222222222,519.536269985596,525.2728181545651
10,42,base,trust,naive,queue,956.6533397947255,958.9521635204545,9.343857084650091,927.7234008253535,980.4158665719368,-0.23972246095046845,-0.2460251376816815,0.39344262295081966,0.6229508196721312,1.2993314766662605,0.9180327868852459,0.09836065573770492,-1.5428667173452122,1.0787947952208146,52.916666666666664,52.69027777777778,427.4866731280589,432.0493857426767
10,43,dwell200,thr,seasonal60,http,1932.1506879473307,2764.257764958017,528.3758291620138,2076.9665781616613,4590.312247928076,-30.102369162498285,-1.574839406129497,0.024390243902439025,1.0,24.890666503732263,0.9024390243902439,0.12195121951219512,-32.66941830207936,-27.11541440093834,6.25,6.9125,1869.6506879473307,2695.132764958017
10,43,dwell200,mey,seasonal60,http,915.4039249259788,949.6700977844514,15.432385945717051,909.6230915933443,987.6107516229831,-3.608218573841004,-2.22040668105391,0.07317073170731707,0.9512195121951219,2.173381685895865,0.926829268292683,0.0975609756097561,-3.7970189856014307,-3.4456473972409425,52.0,55.428125,395.4039249259788,395.3888477844514
10,43,dwell200,trust,seasonal60,http,822.5963034764752,838.9115199883623,10.106237387593692,818.6775043906883,858.6551483474443,-1.944807780457401,-1.614370995472113,0.0975609756097561,0.926829268292683,1.5519902761041537,0.9512195121951219,0.07317073170731707,-2.4114784501368867,-1.5306615476181198,46.0,47.43125,362.5963034764752,364.59901998836233
10,43,f50,thr,seasonal60,http,1901.9542801638806,2801.1609715255645,331.78101616092954,2242.9804364497354,3670.989781555046,-32.101214478650945,-2.710241537525239,0.024390243902439025,1.0,0.5281955839712703,0.5121951219512195,0.5121951219512195,-31.458294268256456,-32.743141950517376,6.875,7.315625,1558.2042801638806,2435.3797215255645
10,43,f50,mey,seasonal60,http,2407.7746858363544,2505.6343067773205,55.547887411424085,2406.737308265748,2633.5147374100106,-3.905582737124578,-1.7617163406441292,0.04878048780487805,0.975609756097561,1.3978147832684,0.7560975609756098,0.2682926829268293,-6.257023705145269,-1.5360715211807436,26.125,28.45,1101.5246858363544,1083.1343067773205
10,43,f50,trust,seasonal60,http,2120.0257018042703,2209.279586724186,42.376477403543724,2118.393629315088,2334.7395369379483,-4.039954266370481,-2.1062129367188045,0.04878048780487805,0.975609756097561,-4.4078862653429685,0.024390243902439025,1.0,-6.739466121826063,-1.3086209284280117,23.625,25.215625,938.7757018042703,948.4983367241862
10,43,dwell5,thr,seasonal60,http,1579.789773531506,2111.2082191158443,216.9030664370524,1750.1592893414902,2956.7690621311876,-25.171294843049246,-2.4500273523729166,0.024390243902439025,1.0,13.434403935191964,0.926829268292683,0.0975609756097561,-22.543353151537815,-27.783696948804113,7.375,7.240625,1506.039773531506,2038.8019691158443
10,43,dwell5,mey,seasonal60,http,1068.8493848795097,1125.3999777512313,17.05876760482914,1094.6276133839856,1174.734447801597,-5.02493282297026,-3.315045622387915,0.024390243902439025,1.0,-0.6072934253763509,0.36585365853658536,0.6585365853658537,-4.331212503582539,-5.69944171589344,62.875,63.80625,440.09938487950967,487.3374777512313
10,43,dwell5,trust,seasonal60,http,1001.0227553966331,1033.578704651823,12.50732016250544,1011.5606375202299,1063.1522086890632,-3.1498277885046906,-2.6029516181081274,0.024390243902439025,1.0,1.4818064996169344,0.8780487804878049,0.14634146341463414,-3.365987503349292,-2.9299469580946806,57.5,58.83125,426.0227553966331,445.26620465182305
10,43,f2,thr,seasonal60,http,1678.6124250689422,2507.1168034657508,377.12286314157166,1784.8336837759243,3589.4719237118934,-33.046102090317966,-2.1969083801895843,0.024390243902439025,1.0,-4.602314342969457,0.4634146341463415,0.5609756097560976,-31.41852729017225,-34.81138385054337,6.875,7.53125,1664.8624250689422,2492.0543034657508
10,43,f2,mey,seasonal60,http,463.35857972894837,491.58609540277547,3.949421730812859,483.6426165304409,498.9777597073761,-5.742130613092139,-7.147252837953416,0.024390243902439025,1.0,-1.490019522464057,0.07317073170731707,0.9512195121951219,-4.98764266748229,-6.474352548454262,138.0,142.334375,187.35857972894837,206.91734540277548
10,43,f2,trust,seasonal60,http,421.35277090253743,440.5960635598787,3.8377386592207965,429.45942177116194,447.8939186460805,-4.367558915951602,-5.014226961782847,0.024390243902439025,1.0,-0.564975569509713,0.2682926829268293,0.7560975609756098,-4.967818778085365,-3.7731190741343026,124.125,127.034375,173.10277090253743,186.5273135598787
10,43,base,thr,seasonal60,http,1838.9243564136252,2632.046067794979,330.5990591649874,1989.4038839850264,3273.731876530612,-30.13327620233482,-2.3990440668058337,0.01639344262295082,1.0,-3.8077238644052573,0.4262295081967213,0.5901639344262295,-24.128031977198717,-36.213210313044975,6.833333333333333,7.423611111111111,1770.591023080292,2557.8099566838678
10,43,base,mey,seasonal60,http,1051.2320297427846,1115.515610919203,15.676012413823752,1090.2549644383128,1160.3090843916552,-5.762678760133867,-4.1007610532210705,0.01639344262295082,1.0,0.6779953525136447,0.7377049180327869,0.2786885245901639,-4.887877133337612,-6.63761232265832,60.666666666666664,63.202777777777776,444.56536307611793,483.4878331414253
10,43,base,trust,seasonal60,http,975.4308222172757,996.3189750851013,12.331986701470747,973.0357444195475,1029.8255454069465,-2.0965326757970706,-1.6938189582489938,0.03278688524590164,0.9836065573770492,-0.7505870285529618,0.29508196721311475,0.7213114754098361,-0.5210887205194944,-3.701035949597914,55.916666666666664,55.7875,416.2641555506091,438.44397508510133
10,44,signed,thr,ma10,queue,1832.1597067901112,2782.5947084143786,351.9575390152852,2095.7923987716995,3746.639359498582,-34.15642956375272,-2.7004251827746497,0.024390243902439025,1.0,-5.025904984977596,0.34146341463414637,0.6829268292682927,-33.20766815359291,-35.19713923292714,7.0,8.215625,1762.1597067901112,2700.4384584143786
10,44,signed,mey,ma10,queue,1109.5285276089419,1156.0201058305988,15.578683756760384,1123.8020707518476,1206.7132936445028,-4.021692874299345,-2.9843072076921695,0.024390243902439025,1.0,-0.47275912990865004,0.4146341463414634,0.6097560975609756,-5.27924959256091,-2.810155319577659,69.125,71.278125,418.2785276089419,443.2388558305988
10,44,signed,trust,ma10,queue,1021.302786923861,1070.2989559800462,13.412908871849016,1041.1184954846633,1104.8186124550266,-4.577802190914089,-3.6529114992362497,0.024390243902439025,1.0,-0.7865780903231222,0.3170731707317073,0.7073170731707317,-5.006500111630375,-4.162220194960099,60.875,64.41875,412.55278692386105,426.11145598004623
10,44,dwell5,thr,ma10,queue,2150.9915165341827,2309.428694346871,270.9688440045902,1838.5995298881935,2876.5359752252566,-6.860449001976912,-0.5847062543101982,0.34146341463414637,0.6829268292682927,-8.301201972796989,0.2926829268292683,0.7317073170731707,-4.003485340105366,-9.99482812155281,7.0,7.4,2080.9915165341827,2235.428694346871
10,44,dwell5,mey,ma10,queue,1139.8868053641918,1159.92417376196,13.259709274378755,1132.6640932225775,1194.9088421026072,-1.7274722650862073,-1.5111468873971219,0.12195121951219512,0.9024390243902439,-1.0184614079328709,0.1951219512195122,0.8292682926829268,0.19883784690999753,-3.662197299272639,68.375,67.346875,456.1368053641918,486.45542376196
10,44,dwell5,trust,ma10,queue,1051.7976006840322,1086.3256236643397,13.797614145515691,1067.3097502189057,1116.906258514118,-3.17842295423717,-2.5024632966366354,0.024390243902439025,1.0,-1.263058959460595,0.17073170731707318,0.8536585365853658,-4.6277728562799725,-1.7310767040413384,63.0,63.7625,421.7976006840322,448.7006236643397
10,44,f2,thr,ma10,queue,1925.4218230150711,2415.327133177666,348.34167114430795,1854.3106987587844,3363.3468502002347,-20.283186630626837,-1.4063930638939868,0.07317073170731707,0.9512195121951219,11.660611642418306,0.8292682926829268,0.1951219512195122,-17.299071115826408,-23.121490819804517,6.875,7.384375,1911.6718230150711,2400.5583831776657
10,44,f2,mey,ma10,queue,473.915930606995,501.0379904267552,7.641038938741174,487.5379973338478,520.2985674149116,-5.413174317711753,-3.5495251414369076,0.024390243902439025,1.0,0.4073107245016317,0.5853658536585366,0.43902439024390244,-4.827208391521022,-5.995618865203834,146.875,152.1125,180.165930606995,196.81299042675516
10,44,f2,trust,ma10,queue,450.2827466369856,469.21570925032773,3.817196174370164,460.3718382041923,477.43868784084316,-4.035023175927243,-4.959913441301205,0.024390243902439025,1.0,0.701115230158391,0.8536585365853658,0.17073170731707318,-3.8088683532736334,-4.257066932125045,135.75,139.4875,178.78274663698562,190.2407092503277
10,44,f50,thr,ma10,queue,2186.4344843334966,2794.1580639098916,411.9183569269573,2215.474993806264,4245.657442818003,-21.749792448248318,-1.4753495913855534,0.024390243902439025,1.0,7.803262471975008,0.8536585365853658,0.17073170731707318,-27.487937941455293,-15.93922826558488,6.75,7.38125,1848.9344843334966,2425.0955639098916
10,44,f50,mey,ma10,queue,2469.8001658267453,2528.3242082816223,51.771491096634826,2441.240895471678,2647.9219812079095,-2.314736467070925,-1.1304299183818767,0.17073170731707318,0.8536585365853658,-0.20856916846947582,0.4634146341463415,0.5609756097560976,-0.2706577750552015,-4.338178776197436,29.625,30.240625,988.5501658267453,1016.2929582816223
10,44,f50,trust,ma10,queue,2244.940325599932,2292.664414211249,36.36181825783649,2204.8527386535234,2368.6901824073475,-2.0815993965578206,-1.3124780579703832,0.12195121951219512,0.9024390243902439,-0.6625567311476216,0.3902439024390244,0.6341463414634146,-1.0071782257006663,-3.216226329046571,25.375,25.7,976.1903255999318,1007.6644142112491
10,44,dwell200,thr,ma10,queue,1653.4938747333877,2283.095439179992,365.90617017438774,1736.5094342607058,3759.6264730304038,-27.576664279647247,-1.7206639728063113,0.024390243902439025,1.0,-10.118948903720739,0.2926829268292683,0.7317073170731707,-25.4883482458502,-29.44095994962521,6.125,6.5125,1592.2438747333877,2217.970439179992
10,44,dwell200,mey,ma10,queue,901.0266927237806,925.5586898673613,15.847621085834326,897.8550806073042,962.6872464131291,-2.6505069221592334,-1.5479924091262556,0.07317073170731707,0.9512195121951219,-0.6845178918431364,0.4146341463414634,0.6097560975609756,-5.868172225959968,0.31414597478195394,52.375,54.878125,377.27669272378057,376.7774398673613
10,44,dwell200,trust,ma10,queue,826.0922121313852,840.4112420631345,10.142713136766961,815.5897496049397,860.004269254296,-1.7038122784504186,-1.411755389181165,0.0975609756097561,0.926829268292683,-0.29114204548517114,0.36585365853658536,0.6585365853658537,-1.617133195527392,-1.783864250219525,46.875,48.7375,357.34221213138517,353.0362420631345
10,44,base,thr,ma10,queue,2023.9464043263176,2485.3793157704113,290.3105384740022,2087.0774409224446,3489.4489424253225,-18.565894892428517,-1.589445956283863,0.01639344262295082,1.0,43.23225562890765,1.0,0.01639344262295082,-18.564031476302112,-18.567664155372785,7.0,7.358333333333333,1953.9464043263176,2411.795982437078
10,44,base,mey,ma10,queue,1079.6762201746494,1131.6460190183534,14.120674420731763,1100.5801048520846,1167.6216898537484,-4.592407693775585,-3.680404865606327,0.01639344262295082,1.0,0.6747762607059675,0.7377049180327869,0.2786885245901639,-3.280188067724718,-5.901048069454467,65.58333333333333,68.64305555555555,423.84288684131616,445.21546346279797
10,44,base,trust,ma10,queue,1006.3311783208364,1045.3156541064368,11.419819931276054,1022.7442451066809,1071.2209587396521,-3.729445324237998,-3.4137557352223693,0.01639344262295082,1.0,1.7077674855579792,0.9508196721311475,0.06557377049180328,-3.3966253844081735,-4.066896370489122,59.916666666666664,61.53333333333333,407.1645116541698,429.98232077310354
10,45,dwell5,thr,naive,timer,3929.9964280487993,2404.6090625744732,383.98552469524617,1882.3325814219634,3490.584754662253,63.43598172424684,3.9725126791822807,1.0,0.024390243902439025,-19.118889424733574,0.04878048780487805,0.975609756097561,52.33364694918928,74.38505515845348,7.5,7.1625,3854.9964280487993,2332.9840625744732
10,45,dwell5,mey,naive,timer,1370.0514376149695,1162.0974600119216,11.65400817958765,1139.7221414989062,1189.1116635370577,17.8947106209934,17.84398761340202,1.0,0.024390243902439025,-1.4988538175509818,0.12195121951219512,0.9024390243902439,19.425216804634996,16.339610451326113,70.5,69.70625,665.0514376149695,465.0349600119216
10,45,dwell5,trust,naive,timer,1285.6564896627433,1090.0256243435838,11.202641362244503,1062.1729938659491,1116.8482372468247,17.947363892199224,17.46292316189652,1.0,0.024390243902439025,-0.014077386307769956,0.5365853658536586,0.4878048780487805,17.079374053932174,18.829607778466332,62.5,63.2875,660.6564896627433,457.1506243435838
10,45,signed,thr,naive,timer,4633.025897523209,3255.4519962598783,392.7743577124155,2496.999396505438,4234.899644443887,42.31590276391718,3.5072908254157804,1.0,0.024390243902439025,-5.8779959152636,0.36585365853658536,0.6585365853658537,71.20809400839259,19.85786326728196,8.5,8.6125,4548.025897523209,3169.3269962598783
10,45,signed,mey,naive,timer,1272.6802596114287,1139.5751691727557,16.5252868833217,1116.0885090297102,1181.6113718764282,11.68023786752892,8.05463114670708,1.0,0.024390243902439025,0.04228589999073381,0.5609756097560976,0.4634146341463415,17.565266156895795,6.056964981161899,66.5,68.45,607.6802596114287,455.07516917275575
10,45,signed,trust,naive,timer,1207.8856813934008,1100.5168577766958,12.68234221364989,1078.2038690002296,1137.3604217029633,9.756217985939385,8.466009023250049,1.0,0.024390243902439025,-1.4223096192120888,0.0975609756097561,0.926829268292683,14.442807416159845,5.283031691880143,65.125,65.703125,556.6356813934008,443.4856077766958
10,45,dwell200,thr,naive,timer,2362.5382786307437,2478.3903489487902,168.64024357098936,2133.4107527651313,2875.6188630969227,-4.674488438319866,-0.6869776031204466,0.24390243902439024,0.7804878048780488,-5.578802898120986,0.1951219512195122,0.8292682926829268,-6.852577976443233,-2.5766999216616933,5.25,5.66875,2310.0382786307437,2421.7028489487902
10,45,dwell200,mey,naive,timer,879.6584443995597,837.0987861803457,10.378426311939464,816.0504725077133,860.133060741004,5.084185871707254,4.100781461468094,1.0,0.024390243902439025,-0.04952347093434594,0.5365853658536586,0.4878048780487805,5.174056429542775,4.9906122919446405,48.0,47.875,399.6584443995597,358.34878618034566
10,45,dwell200,trust,naive,timer,844.5832033465977,811.42727549421,9.050581896028147,791.9621770734786,832.5095939292089,4.086124395090568,3.663402887601974,1.0,0.024390243902439025,-1.1576299088374213,0.12195121951219512,0.9024390243902439,6.580761410198619,1.5356821260406126,44.875,47.359375,395.83320334659766,337.83352549421
10,45,f50,thr,naive,timer,3041.350177999476,2925.7312316633224,216.0103770498905,2681.8917278005492,3614.3138648408676,3.951796565757076,0.5352471854139194,0.8048780487804879,0.21951219512195122,-8.814163801734985,0.024390243902439025,1.0,-6.5417198045655,15.53197991838588,6.875,7.31875,2697.600177999476,2559.7937316633224
10,45,f50,mey,naive,timer,2629.4644704703965,2486.8277459281894,50.34041914521152,2397.2498473341557,2634.7795461191963,5.735689766842656,2.8334433237585572,0.975609756097561,0.04878048780487805,-1.2349416480833155,0.3170731707317073,0.7073170731707317,4.293228008632425,7.118144184476168,26.125,27.98125,1323.2144704703965,1087.7652459281894
10,45,f50,trust,naive,timer,2583.9470954034086,2396.7341934475285,37.575169847552836,2324.4418755092383,2509.829731000386,7.81116664783707,4.982356772182969,1.0,0.024390243902439025,1.673499520750473,0.8780487804878049,0.14634146341463414,7.357334878129303,8.25627925037225,27.5,28.203125,1208.9470954034086,986.5779434475285
10,45,f2,thr,naive,timer,3868.153918627061,2932.6302958807055,228.40785766659369,2186.1981867829363,3314.102765722284,31.900496426720782,4.095846930590001,1.0,0.024390243902439025,10.13944709508282,0.9024390243902439,0.12195121951219512,21.287116875675093,44.82778395330236,7.25,7.484375,3853.653918627061,2917.6615458807055
10,45,f2,mey,naive,timer,596.4507834877886,474.9079776836958,4.713921191923787,466.5956340163084,485.9836903717699,25.592917263024862,25.783800970692575,1.0,0.024390243902439025,0.4859375690407398,0.7317073170731707,0.2926829268292683,23.78410367702002,27.40529609159252,140.25,143.521875,315.9507834877886,187.8642276836958
10,45,f2,trust,naive,timer,565.5788322425517,472.3276307587497,4.176463511658567,463.2615505383883,479.4776541348343,19.74290628181179,22.32779029997316,1.0,0.024390243902439025,1.1540561991901912,0.8780487804878049,0.14634146341463414,17.92364832761126,21.534910953204903,143.375,143.859375,278.8288322425517,184.6088807587497
10,45,base,thr,naive,timer,3117.71817868126,2954.8371725985558,242.7475331349375,2452.021002520924,3596.573542023642,5.512351326603304,0.6709893360364756,0.819672131147541,0.19672131147540983,10.425319622782581,0.8360655737704918,0.18032786885245902,10.206797848192963,1.1808843667598097,7.333333333333333,7.344444444444444,3044.3848453479263,2881.3927281541114
10,45,base,mey,naive,timer,1222.7634310727383,1104.6383390916633,11.060219693671703,1074.1850338149627,1128.0434019060579,10.693553518901805,10.680175914467805,1.0,0.01639344262295082,1.1936913618961373,0.8852459016393442,0.13114754098360656,9.324716301213057,12.037766496019833,62.416666666666664,64.01388888888889,598.5967644060717,464.49945020277437
10,45,base,trust,naive,timer,1161.7394256739813,1076.2513890880712,8.58069513037584,1057.9771859767795,1094.6333233094695,7.943129035897995,9.962833463606072,1.0,0.01639344262295082,1.29008654505219,0.9836065573770492,0.03278688524590164,3.013481817022869,12.805827781176655,60.583333333333336,62.727777777777774,555.9060923406479,448.97361131029345
10,46,signed,thr,seasonal60,timer,1701.9504492643418,1701.559444250151,10.161552775441645,1649.9102376200722,1738.3504603409865,0.022979215654913857,0.03847886468058046,0.975609756097561,0.975609756097561,0.022979215654913857,0.975609756097561,0.975609756097561,0.14525984190571428,-0.11291454957218733,8.0,8.0,1621.9504492643418,1621.559444250151
10,46,signed,mey,seasonal60,timer,897.9390527525834,897.8457218020998,0.7176675412980033,896.1899317819713,900.7179258557045,0.010394987492538338,0.13004761273558033,0.8536585365853658,0.7317073170731707,0.06359937259256057,0.9024390243902439,0.12195121951219512,0.0165568395505348,0.004313629727911178,51.625,51.596875,381.6890527525834,381.8769718020998
10,46,signed,trust,seasonal60,timer,918.4838605245053,919.3027870231442,0.9764539021631117,916.1725351717773,920.9135128208571,-0.08908125921066082,-0.8386739986647302,0.12195121951219512,0.9024390243902439,0.1706584635734877,0.9512195121951219,0.07317073170731707,0.04660837280750494,-0.21812050260830496,51.0,51.05625,408.4838605245053,408.7402870231442
10,46,dwell5,thr,seasonal60,timer,1500.957953698468,1503.122843401551,1.300295574948577,1500.957953698468,1504.707953698468,-0.1440261328331667,-1.6649212262133597,0.17073170731707318,1.0,0.10545447458770048,1.0,0.2926829268292683,-0.20221426470313386,-0.0824708295673856,7.625,7.840625,1424.707953698468,1424.716593401551
10,46,dwell5,mey,seasonal60,timer,930.8720080900172,933.3508527467762,1.6684025740960133,930.8413707127107,937.4227278322277,-0.2655855136858798,-1.4857593096811015,0.0975609756097561,0.926829268292683,0.13291014437751275,0.8780487804878049,0.36585365853658536,-0.33944829064190213,-0.1916878625709386,51.0,51.209375,420.8720080900172,421.25710274677624
10,46,dwell5,trust,seasonal60,timer,948.9435003733872,951.0572628529674,1.292178586331327,947.6935003733872,953.8312589216314,-0.2222539653647471,-1.6358129611026975,0.0975609756097561,0.9512195121951219,0.17204405920958885,0.975609756097561,0.1951219512195122,-0.32762100325718113,-0.11649441618283642,52.125,52.309375,427.6935003733872,427.96351285296737
10,46,dwell200,thr,seasonal60,timer,1575.2822357122104,1593.0828008127578,108.15652720454474,1570.2822357122104,2259.8048397340954,-1.1173659706492276,-0.16458151496379955,0.4634146341463415,0.6585365853658537,-0.8819733094462552,0.9024390243902439,0.2682926829268293,-1.0720682116856304,-1.1713453411512273,6.125,6.203125,1514.0322357122104,1531.0515508127578
10,46,dwell200,mey,seasonal60,timer,731.2947615190308,749.6159981502817,109.43112747311723,727.1099183337346,1424.220069347367,-2.4440829273200664,-0.1674225337370459,0.3902439024390244,0.7560975609756098,-1.943826794946514,0.8780487804878049,0.2926829268292683,-2.394486853836549,-2.49736676089502,40.125,40.221875,330.04476151903077,347.3972481502817
10,46,dwell200,trust,seasonal60,timer,722.0085182158609,729.510881300001,55.4548367695168,714.761216227699,1071.1179280279562,-1.0284100314954436,-0.13528780393532838,0.5609756097560976,0.4634146341463415,-0.8224229721714934,0.8536585365853658,0.21951219512195122,-0.721677276954839,-1.3720421513831913,41.375,41.45,308.25851821586093,315.01088130000096
10,46,f50,thr,seasonal60,timer,1796.6763095962015,1806.081827490402,8.598975776762883,1784.1763095962015,1818.2039842543008,-0.520769200544461,-1.0937951377438697,0.21951219512195122,0.926829268292683,-0.17471621972882764,0.4634146341463415,0.7560975609756098,-0.8122245480438067,-0.21332646769494948,7.625,7.803125,1415.4263095962015,1415.925577490402
10,46,f50,mey,seasonal60,timer,1996.4672225848026,1997.9631984045343,9.264816108448006,1979.061258291576,2015.2172225848026,-0.07487504379091252,-0.1614684848809492,0.5609756097560976,0.5853658536585366,0.23794353089509337,0.8048780487804879,0.4146341463414634,0.32874866574891864,-0.47473052743649946,23.125,23.1375,840.2172225848026,841.0881984045343
10,46,f50,trust,seasonal60,timer,2123.3806242767073,2133.218689229314,6.960831430349349,2117.1306242767073,2148.3806242767073,-0.4611840784200556,-1.4133462433399067,0.17073170731707318,0.975609756097561,0.12478491121578815,0.7804878048780488,0.5121951219512195,-0.38858616512892596,-0.533281328165874,23.25,23.4375,960.8806242767073,961.3436892293139
10,46,f2,thr,seasonal60,timer,1660.4562445725392,1660.2015242129687,1.94580109585399,1650.9015686595433,1660.9562445725392,0.015342737363839492,0.13090770691475123,0.4146341463414634,0.7560975609756098,0.015342737363839492,0.4146341463414634,0.7560975609756098,-0.0058523754314097455,0.03781364677521134,7.75,7.828125,1644.9562445725392,1644.5452742129687
10,46,f2,mey,seasonal60,timer,378.94562155551284,379.4101561321185,0.6976736432327848,378.7514232957726,383.17654156366035,-0.12243598888900367,-0.6658336331198857,0.17073170731707318,0.9024390243902439,-0.16559529754354801,0.04878048780487805,0.975609756097561,-0.08157263351567776,-0.16275931209983352,109.5,109.596875,159.94562155551284,160.21640613211852
10,46,f2,trust,seasonal60,timer,386.6086363210244,386.8817391891522,0.804517058327242,386.17241841796306,391.4230396527496,-0.07059078794987622,-0.33946187380494475,0.3170731707317073,0.7804878048780488,-0.07059078794987622,0.3170731707317073,0.7804878048780488,0.04097996899039628,-0.18303623538051056,112.125,112.096875,162.3586363210244,162.6879891891522
10,46,base,thr,seasonal60,timer,1626.883545127607,1629.6467465034768,5.991165480263009,1619.6997594274014,1672.7955029444402,-0.16955830346659223,-0.46121266137160827,0.11475409836065574,0.9344262295081968,2.2979669605686808,0.9836065573770492,0.03278688524590164,-0.37723387597163033,0.018040431532007288,7.583333333333333,7.815277777777778,1551.0502117942738,1551.493968725699
10,46,base,mey,seasonal60,timer,902.9568063086294,906.4557511895043,1.658204669483191,902.2183663416698,913.6950013696846,-0.38600283315356176,-2.11008022427376,0.03278688524590164,0.9836065573770492,0.15929032019895484,0.8524590163934426,0.16393442622950818,-0.6378249492667357,-0.12993728248006803,51.833333333333336,52.2125,384.62347297529607,384.3307511895043
10,46,base,trust,seasonal60,timer,884.1168011858026,887.2775247891585,1.4570981696797707,883.0798447022806,890.7372623192168,-0.35622716850705527,-2.1691905659661512,0.04918032786885246,0.9672131147540983,-0.13260252288618288,0.2459016393442623,0.7704918032786885,-0.7291631690337926,0.01922297184102948,48.916666666666664,49.21111111111111,394.950134519136,395.16641367804743
10,47,signed,thr,ma10,http,1732.8633553798775,2569.601995668761,346.6562951670377,1996.4846897576458,3424.2937318670315,-32.56296662670964,-2.4137413684805513,0.024390243902439025,1.0,-9.060966306915175,0.2682926829268293,0.7560975609756098,-27.493982886066522,-37.86100039664069,8.0,9.846875,1652.8633553798775,2471.133245668761
10,47,signed,mey,ma10,http,1057.8692933074426,1111.9032982958308,15.894831870780859,1074.3835516492597,1150.7237500196431,-4.859595710454674,-3.3994700559065256,0.024390243902439025,1.0,-0.40190258194489165,0.3902439024390244,0.6341463414634146,-5.099125268781033,-4.631816348122976,65.625,69.0,401.6192933074426,421.90329829583084
10,47,signed,trust,ma10,http,989.9372556687557,1029.9880658778764,16.379578135386254,987.4434171174123,1056.0235507852485,-3.8884732295402524,-2.4451673833158942,0.04878048780487805,0.975609756097561,-0.12008168288491351,0.5121951219512195,0.5121951219512195,-4.287050078650347,-3.4924531480320637,59.375,61.209375,396.1872556687557,417.89431587787635
10,47,dwell5,thr,ma10,http,1789.0824178260482,2072.481453239082,235.6041104780726,1723.7967258688705,2741.9259312552963,-13.674382222823239,-1.2028611675661294,0.04878048780487805,0.975609756097561,-7.040011435630242,0.24390243902439024,0.7804878048780488,-11.32723058847991,-16.01040455876269,8.5,8.471875,1704.0824178260482,1987.762703239082
10,47,dwell5,mey,ma10,http,1123.2759938642735,1133.6118283482554,14.317704452239688,1102.2170204577048,1164.150592600926,-0.9117613477129881,-0.7218918729926072,0.24390243902439024,0.7804878048780488,0.18757409887321386,0.5609756097560976,0.4634146341463415,-1.3938527021061133,-0.4320636896476152,69.0,67.528125,433.27599386427346,458.33057834825536
10,47,dwell5,trust,ma10,http,1050.514438671452,1075.3445889384898,12.097464636224808,1056.0743093594178,1104.0458631080724,-2.3090412619780407,-2.052508605206925,0.024390243902439025,1.0,0.08519123368148024,0.6097560975609756,0.4146341463414634,-2.015057554394487,-2.6026429812149434,60.125,62.075,449.2644386714519,454.5945889384898
10,47,dwell200,thr,ma10,http,1969.949217506726,2590.9413896616848,430.86951078198035,1838.870326463276,4208.722111101773,-23.96782013799415,-1.441253457521111,0.04878048780487805,0.975609756097561,-10.12219898705411,0.3170731707317073,0.7073170731707317,-16.064393574098144,-30.98866192012068,6.125,7.475,1908.699217506726,2516.1913896616848
10,47,dwell200,mey,ma10,http,879.4477408215539,916.07083618088,13.826059666802971,878.0231339849477,944.8014542497551,-3.9978453535327634,-2.648845458642121,0.04878048780487805,0.975609756097561,-1.7657430701943337,0.17073170731707318,0.8536585365853658,-3.2173561535151984,-4.809209756167897,54.0,56.746875,339.4477408215539,348.60208618087995
10,47,dwell200,trust,ma10,http,787.3730031140033,819.9199433398796,12.456954417826296,793.0429571539139,840.4010630684853,-3.969526597108854,-2.6127526146600224,0.024390243902439025,1.0,-1.0614934938327145,0.21951219512195122,0.8048780487804879,-5.639650972619218,-2.247381983413868,45.875,47.646875,328.62300311400327,343.45119333987964
10,47,f2,thr,ma10,http,1695.1300990556051,2486.3118517942953,351.96595924423417,1947.1890421957416,3337.943605971913,-31.821501078704927,-2.2478928201965065,0.024390243902439025,1.0,3.1010966814373955,0.6585365853658537,0.36585365853658536,-34.23774639719881,-29.573532298132328,7.625,8.58125,1679.8800990556051,2469.1493517942954
10,47,f2,mey,ma10,http,455.21130872059905,476.0241839440134,4.51749754032344,467.17770861253354,484.9654905229985,-4.372230639832825,-4.607169132387437,0.024390243902439025,1.0,0.52896564561052,0.7317073170731707,0.2926829268292683,-5.165927677143789,-3.589558456859122,138.0,143.803125,179.21130872059905,188.41793394401338
10,47,f2,trust,ma10,http,440.9739259313943,457.3069496477352,3.9616337408931193,448.6111247346262,464.43542725552993,-3.571566915596248,-4.122800032659948,0.024390243902439025,1.0,-0.007329842510018098,0.5121951219512195,0.5121951219512195,-3.843910936786543,-3.290689450935476,133.125,137.20625,174.72392593139432,182.8944496477352
10,47,f50,thr,ma10,http,2057.1239077490764,2732.9631534328787,311.28069515320067,2077.3245524080157,3219.4161259539815,-24.72917517511642,-2.1711569532160664,0.024390243902439025,1.0,-13.1184119285868,0.17073170731707318,0.8536585365853658,-21.937883352253607,-27.392162713927792,8.125,8.49375,1650.8739077490764,2308.2756534328787
10,47,f50,mey,ma10,http,2403.1077698460645,2430.086358560335,54.92638371323129,2354.181449066805,2584.4593355275574,-1.1101905337328721,-0.49117722468540725,0.4146341463414634,0.6097560975609756,2.07652468329946,0.8048780487804879,0.21951219512195122,-2.3484945199943588,0.1556097849436759,29.125,28.775,946.8577698460645,991.3363585603352
10,47,f50,trust,ma10,http,2264.864623024974,2314.6230452551686,40.60444942404456,2249.8549538375046,2397.216941859446,-2.149741934532104,-1.2254426038524027,0.14634146341463414,0.8780487804878049,-0.26483669481725874,0.5609756097560976,0.4634146341463415,-2.9237994320320104,-1.4285945672083116,26.25,26.790625,952.3646230249742,975.0917952551686
10,49,signed,thr,seasonal60,queue,1803.181705071704,2548.4765414014296,351.40649673230837,2105.0323428512143,3843.656102216433,-29.244720295517467,-2.1208908863670506,0.024390243902439025,1.0,-11.987947031270105,0.17073170731707318,0.8536585365853658,-24.70081375346055,-34.064659695402376,6.5,7.784375,1738.181705071704,2470.6327914014296
10,49,signed,mey,seasonal60,queue,1043.2205879340413,1135.3607086989432,15.769764508414982,1105.4158145735378,1176.560236274801,-8.115493169610305,-5.842834286823659,0.024390243902439025,1.0,0.14374591710328263,0.6585365853658537,0.36585365853658536,-8.146761872811286,-8.084716960084036,62.25,68.809375,420.7205879340413,447.2669586989432
10,49,signed,trust,seasonal60,queue,966.1894901725875,1020.6218186083437,14.47957359136628,983.7860338850096,1047.938203334276,-5.333251498579239,-3.7592494069170987,0.024390243902439025,1.0,-2.3297944150101983,0.07317073170731707,0.9512195121951219,-4.8544589519400585,-5.805456124827406,57.75,61.8125,388.6894901725875,402.4968186083437
10,47,base,thr,ma10,http,1689.7337645985328,2333.9597364634387,274.2640023644871,1878.836296484328,3000.490874148543,-27.602274443734718,-2.348926458853147,0.01639344262295082,1.0,20.59126741561643,0.9508196721311475,0.06557377049180328,-25.092039881468825,-29.991319410195494,8.0,8.498611111111112,1609.7337645985328,2248.9736253523274
10,47,base,mey,ma10,http,1068.977871703986,1098.5673271362755,14.794754463481473,1071.9786782473805,1146.7613179496486,-2.693458534710176,-1.999996384213499,0.01639344262295082,1.0,2.804668355571668,0.9836065573770492,0.03278688524590164,-0.9142850800498721,-4.442545179511516,66.16666666666667,67.26805555555555,407.31120503731927,425.88677158072005
10,47,base,trust,ma10,http,975.8011093458323,1008.2641907715505,10.245366299101745,981.3221985667292,1036.2659431099837,-3.2196999281385357,-3.1685623020198292,0.01639344262295082,1.0,0.624663779699249,0.7377049180327869,0.2786885245901639,-2.7182738153864805,-3.7135823984131875,56.666666666666664,58.25833333333333,409.13444267916566,425.6808574382171
10,49,dwell5,thr,seasonal60,queue,1497.5652031990119,2188.523568040904,284.25501564220593,1742.2723685769179,2815.1189077363388,-31.57189508634883,-2.4307692980573723,0.024390243902439025,1.0,45.54720966870124,1.0,0.024390243902439025,-26.454289734254004,-36.590130534530644,6.625,6.9,1431.3152031990119,2119.523568040904
10,49,dwell5,mey,seasonal60,queue,1094.9008672763466,1163.4980638257773,15.505801626205251,1122.1189442788227,1204.2334567582166,-5.895772299256913,-4.423969698767425,0.024390243902439025,1.0,2.2282096628885193,0.9512195121951219,0.07317073170731707,-5.882931936720242,-5.908354431230475,67.75,69.459375,417.4008672763466,468.9043138257773
10,49,dwell5,trust,seasonal60,queue,1008.3216001157336,1037.1954050146758,12.633098753487717,1012.3406763433267,1062.6357146242167,-2.7838346332177952,-2.285567892910733,0.024390243902439025,1.0,2.115928887111318,0.9512195121951219,0.07317073170731707,-3.6112676787265046,-1.9876388716359454,57.0,57.81875,438.32160011573364,459.00790501467577
10,49,dwell200,thr,seasonal60,queue,1901.5574824729642,2697.353308132782,521.3113027104914,2008.5152957150049,4138.629195510893,-29.502839811915482,-1.526527089518641,0.024390243902439025,1.0,38.540461142618426,0.975609756097561,0.04878048780487805,-29.368180680195856,-29.635445768811014,5.375,6.075,1847.8074824729642,2636.603308132782
10,49,dwell200,mey,seasonal60,queue,887.5910963035856,920.2623225769464,12.90842025321862,891.8594453595415,945.2928637837524,-3.5502079648196276,-2.531001132010287,0.024390243902439025,1.0,0.33236751614965004,0.5609756097560976,0.4634146341463415,-5.899592304019206,-0.9419611334969152,48.5,52.8875,402.5910963035856,391.3873225769464
10,49,dwell200,trust,seasonal60,queue,844.5973105075307,846.4080438659203,12.062233459593648,820.6880239045772,871.4359339472935,-0.21393149220548247,-0.15011592707563115,0.4878048780487805,0.5365853658536586,-0.07622361959495594,0.4878048780487805,0.5365853658536586,-1.6536837243164375,1.426260749255859,49.125,49.765625,353.34731050753066,348.75179386592026
10,49,f2,thr,seasonal60,queue,1595.505618908896,2360.952995434068,219.22388592599623,1913.1729958593037,2843.8604037754412,-32.42111884503834,-3.4916239774326656,0.024390243902439025,1.0,-12.418338346052208,0.07317073170731707,0.9512195121951219,-38.43631601929313,-26.31837401608577,6.375,7.121875,1582.755618908896,2346.7092454340677
10,49,f2,mey,seasonal60,queue,451.6557378398128,492.4850346852545,4.3288796355541805,484.7162727107068,505.43196540674364,-8.29046447503437,-9.431839247758335,0.024390243902439025,1.0,0.618958418832034,0.8536585365853658,0.17073170731707318,-7.933843522002947,-8.661692595637259,138.25,146.30625,175.1557378398128,199.8725346852545
10,49,f2,trust,seasonal60,queue,422.3252564626788,441.792583239182,4.734990644025827,432.90161899391614,453.0245093547803,-4.406440378371815,-4.1113759751701515,0.024390243902439025,1.0,-0.16862290476032535,0.43902439024390244,0.5853658536585366,-3.8794193620694806,-4.948430557347524,124.875,128.24375,172.5752564626788,185.305083239182
10,49,f50,thr,seasonal60,queue,1864.984819094782,2785.931078931562,404.2546463774479,2087.818589912047,3818.0831464907187,-33.057036722888846,-2.278134013027281,0.024390243902439025,1.0,-3.8653201369238626,0.4634146341463415,0.5609756097560976,-29.92928184976641,-36.47349598355559,6.375,6.98125,1546.234819094782,2436.868578931562
10,49,f50,mey,seasonal60,queue,2233.186700092573,2349.36128376384,53.88242197075678,2224.551080786659,2451.385693548614,-4.944943311790145,-2.156075755731947,0.04878048780487805,0.975609756097561,3.1271565816820037,0.9024390243902439,0.12195121951219512,-2.67082644433186,-7.174825626006796,27.0,27.503125,883.1867000925731,974.2050337638402
10,49,f50,trust,seasonal60,queue,2098.014337155343,2189.0686447114376,38.60241943611013,2120.4647338450386,2262.7817531864102,-4.159499875715284,-2.358772037768154,0.024390243902439025,1.0,-4.788243052471731,0.024390243902439025,1.0,-4.554098284240558,-3.779989658433096,22.125,23.3375,991.7643371553431,1022.1936447114376
10,49,base,thr,seasonal60,queue,1637.1665983445416,2319.043033457105,236.58403526180265,1876.9794710794558,3099.4105466362,-29.403354110943713,-2.882174337579468,0.01639344262295082,1.0,-4.77759671047328,0.3442622950819672,0.6721311475409836,-24.784295891844202,-33.50521081127772,6.75,7.1402777777777775,1569.6665983445416,2247.6402556793273
10,49,base,mey,seasonal60,queue,1040.8224317261527,1110.3744088126323,16.062900804269297,1081.2868213905501,1153.9219510035884,-6.2638310586475345,-4.329976131583509,0.01639344262295082,1.0,0.39839488945806584,0.6557377049180327,0.36065573770491804,-7.421725696242325,-5.067070951569554,63.333333333333336,66.88055555555556,407.4890983928193,441.5688532570766
10,49,base,trust,seasonal60,queue,970.8483401628695,1008.2510033907238,10.603846608441271,985.2471640270928,1038.7141316548411,-3.7096579226869153,-3.527273131061669,0.01639344262295082,1.0,-0.20602470448947466,0.47540983606557374,0.5409836065573771,-5.156651368827467,-2.2285397695896236,56.5,57.68472222222222,405.8483401628695,431.4037811685016
10,50,signed,thr,ma10,others,2522.479943348826,2103.706302869125,286.7279043240668,1767.7299397134907,3429.7349780881364,19.906468878690887,1.4605262835053296,0.9512195121951219,0.07317073170731707,-7.8542177553904695,0.24390243902439024,0.7804878048780488,41.70819138704387,0.16348445298958802,11.75,12.253125,2404.979943348826,1981.175052869125
10,50,signed,mey,ma10,others,1115.2986511066847,1055.5795677190454,14.160213732633432,1019.6970500115596,1091.301879269769,5.657468675401099,4.217385734087584,1.0,0.024390243902439025,-1.754664471061674,0.07317073170731707,0.9512195121951219,5.912220295124069,5.407626631200114,63.375,63.171875,481.5486511066847,423.8608177190454
10,50,signed,trust,ma10,others,1043.9303689614494,1021.475548196873,17.574502983603228,994.0145299344549,1063.6450168502442,2.1982729595646298,1.277693075333423,0.9024390243902439,0.12195121951219512,0.5202247871241935,0.6829268292682927,0.34146341463414637,2.476858967182449,1.936089548020318,58.875,60.93125,455.1803689614494,412.163048196873
10,50,dwell200,thr,ma10,others,2607.494018570764,2143.030584600807,381.8424054798042,1634.755884144604,3020.2649380580915,21.673206033896864,1.2163746805081423,0.8536585365853658,0.17073170731707318,1.2893859938498196,0.5853658536585366,0.43902439024390244,23.269328986251544,19.88547178935369,12.25,11.690625,2484.994018570764,2026.1243346008068
10,50,dwell200,mey,ma10,others,919.7945634596115,877.3687560354025,10.610740491053676,861.1714927034014,916.9965633583178,4.835573085132412,3.998383285311691,1.0,0.024390243902439025,0.9117407022370864,0.8536585365853658,0.17073170731707318,3.4373749203058463,6.254699154665029,53.5,55.071875,384.7945634596115,326.6500060354025
10,50,dwell200,trust,ma10,others,899.8343575239044,834.3745515170497,12.249536190379514,811.2950030807644,857.7471421295265,7.845374225260883,5.343859962491089,1.0,0.024390243902439025,0.021491972329663087,0.5121951219512195,0.5121951219512195,8.454631762027054,7.2455311869137144,50.75,49.771875,392.3343575239044,336.65580151704967
10,50,dwell5,thr,ma10,others,2217.9724047210793,1944.5809273212749,212.99664327219656,1740.6644635365506,2761.8332913948548,14.059146295156268,1.2835482907137978,0.926829268292683,0.0975609756097561,-7.9050730749003,0.14634146341463414,0.8780487804878049,12.863525673331322,15.23204657803998,11.875,11.678125,2099.2224047210793,1827.7996773212749
10,50,dwell5,mey,ma10,others,1138.4690562567564,1089.511149566305,14.208266935036828,1063.1256145050056,1145.5304459497243,4.4935663769884115,3.4457338755174862,0.975609756097561,0.04878048780487805,0.572609569036977,0.7317073170731707,0.2926829268292683,6.515898071931438,2.451998359692816,64.75,64.378125,490.9690562567564,445.729899566305
10,50,dwell5,trust,ma10,others,1090.1452390961194,1052.8161175480993,12.371943474990717,1026.1964355316247,1084.4795148387952,3.5456449541213146,3.0172399044239993,1.0,0.024390243902439025,-2.264730531311705,0.04878048780487805,0.975609756097561,6.556564643180076,0.49420818149674967,62.625,61.46875,463.89523909611944,438.1286175480993
10,50,f2,thr,ma10,others,2383.618814645067,1882.6561476814036,196.29158788306256,1594.7013621383376,2349.0579791882546,26.609355488554126,2.552135179945171,1.0,0.024390243902439025,-12.511997190184992,0.12195121951219512,0.9024390243902439,25.33943060358334,28.07441886643491,12.625,11.515625,2358.368814645067,1859.6248976814036
10,50,f2,mey,ma10,others,497.05544255912014,451.84558190110295,6.002249281778149,443.75095493556336,477.03191328788233,10.005599804207542,7.532153120542154,1.0,0.024390243902439025,0.0588798191714065,0.5853658536585366,0.43902439024390244,9.889258417511915,10.1202442925868,134.5,135.6375,228.05544255912014,180.57058190110297
10,50,f2,trust,ma10,others,465.59046005219307,450.5512667761006,3.842060760500876,443.48715023295887,460.2297770653691,3.337953832358468,3.914355918236928,1.0,0.024390243902439025,-0.38633031218804803,0.3902439024390244,0.6341463414634146,3.5508740102108467,3.1320919310077437,130.5,134.334375,204.59046005219307,181.8825167761006
10,50,f50,thr,ma10,others,2752.7422865908766,2512.578624498271,240.7801698317678,2174.486253119014,3309.741428714321,9.558453604235494,0.9974395410569193,0.8780487804878049,0.14634146341463414,-0.7351177179411723,0.5121951219512195,0.5121951219512195,11.860456500925384,7.266521084354787,12.0,11.35,2152.7422865908766,1945.078624498271
10,50,f50,mey,ma10,others,2471.676422182014,2360.2142183751625,54.432867802925884,2256.732250487172,2548.243981827719,4.72254606972011,2.047700374898493,0.975609756097561,0.04878048780487805,-2.105069434125061,0.14634146341463414,0.8780487804878049,2.9874772855019494,6.453043302484488,27.25,26.946875,1109.176422182014,1012.8704683751625
10,50,f50,trust,ma10,others,2506.156198988989,2364.943343016354,36.47769163473012,2279.1840656161985,2449.7763875846263,5.971088330282199,3.871211407417776,1.0,0.024390243902439025,-0.11143460865657688,0.5609756097560976,0.4634146341463415,8.375130987936904,3.6608773434287056,27.5,26.85625,1131.1561989889892,1022.130843016354
10,51,signed,thr,naive,queue,2398.774017929086,2477.7942851204393,365.7993175625368,1935.3277669509089,3552.445641495062,-3.189137519037925,-0.2160208163260015,0.4878048780487805,0.5365853658536586,9.230863832551746,0.7560975609756098,0.2682926829268293,-5.17781235643319,-1.3365780590164251,15.5,14.9,2243.774017929086,2328.7942851204393
10,51,signed,mey,naive,queue,1100.346682610621,1097.4195786406565,10.66691247098405,1079.452604799288,1120.5461492655322,0.26672605691892387,0.2744096736451854,0.6097560975609756,0.4146341463414634,3.5279407920994306,1.0,0.024390243902439025,0.03380787430522691,0.4931863232735516,66.875,66.771875,431.596682610621,429.7008286406565
10,51,signed,trust,naive,queue,1036.9870185998311,1056.3801432126784,10.355338236830809,1038.8351461286493,1082.1349088922268,-1.83580927163858,-1.8727659270338244,0.024390243902439025,1.0,1.5762390383752303,0.926829268292683,0.0975609756097561,-2.320109143627664,-1.3490160436133398,60.375,62.56875,433.2370185998311,430.6926432126784
10,51,dwell5,thr,naive,queue,1751.094044855348,1913.2604131638818,266.8791821377576,1580.5149502996512,2670.971492898885,-8.475917193120916,-0.6076396330712177,0.2926829268292683,0.7317073170731707,12.284966171682761,0.8780487804878049,0.14634146341463414,-0.9885903413776947,-14.972430377297195,11.875,12.53125,1632.344044855348,1787.9479131638818
10,51,dwell5,mey,naive,queue,1070.7260264216156,1086.4972305587685,12.757562486667451,1065.1120672867646,1115.3764112916592,-1.4515641359750133,-1.236223938047323,0.12195121951219512,0.9024390243902439,0.671741260701473,0.7560975609756098,0.2682926829268293,-0.9709040162125039,-1.9463894840550586,63.5,64.9625,435.72602642161564,436.8722305587685
10,51,dwell5,trust,naive,queue,1041.1257097569523,1056.9823773472012,11.911559986390904,1031.9779475338478,1081.884678682282,-1.500182777885637,-1.3311999107056773,0.0975609756097561,0.926829268292683,-0.2511228604547774,0.43902439024390244,0.5853658536585366,-2.0840826556708123,-0.9196759663494425,63.125,64.584375,409.87570975695235,411.13862734720124
10,50,base,thr,ma10,others,2419.7232074621174,1977.280415675323,198.0931566944537,1719.8500052359707,2743.534952533839,22.376330048041364,2.233508714635886,0.9508196721311475,0.06557377049180328,-1.202550330879005,0.5245901639344263,0.4918032786885246,18.95240374604969,25.97037510902296,11.583333333333334,11.516666666666667,2303.889874128784,1862.1137490086562
10,50,base,mey,ma10,others,1086.0955739152298,1049.2209370006767,10.068332258323128,1029.1421314410418,1067.1146834391059,3.5144778010209787,3.66243742940348,1.0,0.01639344262295082,-0.8789775284198115,0.22950819672131148,0.7868852459016393,4.701452464865977,2.296759718370229,62.833333333333336,62.90138888888889,457.76224058189644,420.2070481117878
10,50,base,trust,ma10,others,1053.9507148441648,1021.7685522846701,10.154747658390908,989.0650861981521,1046.4981741460192,3.149652872711294,3.169174029932931,1.0,0.01639344262295082,0.5325286126068893,0.7377049180327869,0.2786885245901639,3.0447266710054968,3.259317861271925,58.833333333333336,59.94583333333333,465.6173815108315,422.31021895133676
10,51,dwell200,thr,naive,queue,2754.1177291831245,2625.4329099948027,405.7438939709246,1969.181134865675,3722.080966972393,4.901470485055229,0.3171577467966612,0.6341463414634146,0.3902439024390244,31.42321496031047,0.9512195121951219,0.07317073170731707,-7.920496060029352,15.849055507263508,11.625,12.30625,2637.8677291831245,2502.3704099948027
10,51,dwell200,mey,naive,queue,919.5392713146813,924.2089272380035,10.844552954812558,899.1378194632856,949.8355951148179,-0.5052597725145868,-0.4305992089097555,0.34146341463414637,0.6829268292682927,-1.019948560234669,0.1951219512195122,0.8292682926829268,0.20743293750650674,-1.2167192910407951,57.25,56.884375,347.0392713146813,355.3651772380035
10,51,dwell200,trust,naive,queue,850.3912004356403,870.5661826115945,9.714525866087062,849.8568808276088,892.212322179204,-2.3174553042517365,-2.0767850592054256,0.04878048780487805,0.975609756097561,0.9692976987172,0.8292682926829268,0.1951219512195122,-0.6006406700723004,-4.00106706466113,50.25,51.55,347.89120043564026,355.0661826115945
10,51,f2,thr,naive,queue,1895.814881300595,2105.0180749436086,317.7012641996429,1608.797903105221,3468.2820818999535,-9.938308660300594,-0.6584902775569398,0.17073170731707318,0.8536585365853658,3.866382761567892,0.7317073170731707,0.2926829268292683,-19.905947305778273,-1.669759773750316,12.375,12.684375,1871.064881300595,2079.6493249436085
10,51,f2,mey,naive,queue,438.8683747891882,441.0558712672465,3.4108284649058236,434.43413991919226,449.3505690756252,-0.49596811210634084,-0.6413387540785445,0.34146341463414637,0.6829268292682927,-1.095164295886921,0.07317073170731707,0.9512195121951219,0.02700553665225189,-1.020813436000486,135.875,136.48125,167.11837478918818,168.09337126724654
10,51,f2,trust,naive,queue,430.9767897523218,432.2246621093882,2.8918114698855266,427.1469690390483,438.2520118651547,-0.2887091983544856,-0.4315192639843137,0.36585365853658536,0.6585365853658537,-0.701250152333425,0.1951219512195122,0.8292682926829268,0.06215734373073784,-0.6315863091461016,132.625,132.821875,165.7267897523218,166.58091210938818
10,51,f50,thr,naive,queue,2462.4593558457286,2789.1609445618656,231.36468859794425,2370.027703082526,3287.486883369157,-11.713256969022156,-1.412063313100752,0.0975609756097561,0.926829268292683,8.678702469095468,0.8536585365853658,0.17073170731707318,-25.88894870551042,4.270520832736221,12.625,12.7125,1831.2093558457286,2153.5359445618656
10,51,f50,mey,naive,queue,2352.8093004121242,2428.92703257708,41.85557536576101,2367.3184085787825,2570.4633929012343,-3.133800692406767,-1.8185804758336215,0.024390243902439025,1.0,1.0688241872580695,0.8048780487804879,0.21951219512195122,-2.2882857903433274,-4.0613960870851304,27.875,29.028125,959.0593004121242,977.5207825770799
10,51,f50,trust,naive,queue,2347.312807445752,2331.5606841417066,44.07786887881267,2246.222047489887,2406.7409299862047,0.6756042598927193,0.357370347177037,0.6341463414634146,0.3902439024390244,5.673154156458824,1.0,0.024390243902439025,-1.4420087936331176,2.782283805420867,27.375,27.31875,978.5628074457518,965.6231841417066
10,52,signed,thr,seasonal60,event,1842.5788712260974,2035.8101866568256,216.69698482327505,1732.3232765455446,2863.811922020975,-9.491617474812307,-0.8917120632219043,0.12195121951219512,0.9024390243902439,-4.796996477604501,0.3902439024390244,0.6341463414634146,-13.998443076194269,-5.140338062838256,6.125,6.165625,1781.3288712260974,1974.1539366568256
10,52,signed,mey,seasonal60,event,1100.6449774477,1069.006527543123,14.062992525505393,1034.232819072237,1099.6292032128003,2.9596124148363376,2.249766530643881,1.0,0.024390243902439025,-1.4745189721737406,0.12195121951219512,0.9024390243902439,3.511779011979422,2.4293925773307405,64.625,62.5375,454.39497744770006,443.63152754312296
10,52,signed,trust,seasonal60,event,948.0920450138503,947.8847363671333,11.504353032596974,917.3788705107852,972.336092485251,0.021870659877017973,0.018020017825394107,0.5609756097560976,0.4634146341463415,0.7563928162197949,0.7804878048780488,0.24390243902439024,-0.2971998434716703,0.3335052944564651,54.5,53.865625,403.09204501385034,409.2284863671333
10,51,base,thr,naive,queue,2159.6842621559495,2545.7341725292267,426.1926156499052,1972.4884319835437,4415.276507728116,-15.164580596792264,-0.9058108850257438,0.19672131147540983,0.819672131147541,12.909279425013652,0.9016393442622951,0.11475409836065574,-11.979939301915913,-18.436020993370242,12.416666666666666,12.744444444444444,2035.5175954892827,2418.2897280847824
10,51,base,mey,naive,queue,1058.0258037850754,1064.4752526105415,8.87291634476527,1048.5276499892077,1087.7532158162649,-0.6058805791538453,-0.7268691121235544,0.19672131147540983,0.819672131147541,0.5028239127091007,0.7540983606557377,0.26229508196721313,-0.6288972091057612,-0.5833773795204404,63.916666666666664,64.32222222222222,418.85913711840874,421.2530303883193
10,51,base,trust,naive,queue,1019.670843984674,1029.252073085769,8.448358303815807,1011.4998877928119,1045.9073168331572,-0.9308923782266407,-1.1340936021579051,0.11475409836065574,0.9016393442622951,-0.3784166193393419,0.39344262295081966,0.6229508196721312,0.23740074982613485,-2.0986755140026543,61.0,61.19444444444444,409.670843984674,417.30762864132464
10,52,dwell5,thr,seasonal60,event,2014.5899664735916,2137.8623077085526,145.89497899798533,1837.5120089512375,2495.354466972377,-5.766149709009524,-0.8449388874216383,0.1951219512195122,0.8292682926829268,2.7997565635890083,0.7073170731707317,0.3170731707317073,-6.9115456231508405,-4.60120006000605,6.0,6.00625,1954.5899664735916,2077.7998077085526
10,52,dwell5,mey,seasonal60,event,1109.8666076450959,1103.7782694129342,18.548421539465952,1071.0119044757967,1146.827939748453,0.5515906954210951,0.32824023430820887,0.6097560975609756,0.4146341463414634,0.9350767060561312,0.7317073170731707,0.2926829268292683,1.5098369611458355,-0.4413192704476169,56.75,55.496875,542.3666076450959,548.8095194129342
10,52,dwell5,trust,seasonal60,event,1001.2329875822675,996.174145442398,12.015243085418343,971.8974766823457,1020.7799201515945,0.5078270865605427,0.4210353551655484,0.6585365853658537,0.36585365853658536,-1.8763753448448324,0.12195121951219512,0.9024390243902439,1.2608713410296308,-0.24337255452156376,56.5,55.73125,436.23298758226747,438.86164544239796
10,52,dwell200,thr,seasonal60,event,2284.947234449294,2141.3467225710533,196.6680233036976,1790.9922881337711,2589.470462412503,6.7060840901945795,0.7301670574910416,0.7560975609756098,0.2682926829268293,-6.622222559689401,0.2682926829268293,0.7560975609756098,11.084642162784348,1.4042249786887517,4.375,4.4,2241.197234449294,2097.3467225710533
10,52,dwell200,mey,seasonal60,event,846.4376478592084,872.1306692792448,15.66619798533567,838.1214772132978,911.2784992632589,-2.946005951295109,-1.640029153473379,0.04878048780487805,0.975609756097561,0.6042983716115639,0.6097560975609756,0.4146341463414634,-1.5431826384662939,-4.238504047495395,43.75,44.68125,408.93764785920837,425.3181692792448
10,52,dwell200,trust,seasonal60,event,778.5973203188366,770.7523835288097,11.347806211068763,750.4119464966011,804.1871457073523,1.0178284177480887,0.6913174797058954,0.7804878048780488,0.24390243902439024,3.0167913388428427,0.9512195121951219,0.07317073170731707,1.2037480683161454,0.8484653577655492,41.125,40.796875,367.34732031883664,362.7836335288097
10,52,f2,thr,seasonal60,event,2036.5410345799828,2213.7711278647957,146.52556610241734,1875.434641877122,2443.273060127314,-8.005800195603468,-1.2095506470245199,0.14634146341463414,0.8780487804878049,-1.3559202750447983,0.3902439024390244,0.6341463414634146,2.758957040055008,-17.672507816098577,5.875,5.875,2024.7910345799828,2202.0211278647957
10,52,f2,mey,seasonal60,event,483.6484766940717,496.0628251338923,4.86106010832653,484.45766152299007,505.69830348913155,-2.5025758454022173,-2.553835616752823,0.024390243902439025,1.0,-0.3167234101861565,0.34146341463414637,0.6829268292682927,-2.643199688993797,-2.3632469886306735,127.375,129.6625,228.8984766940717,236.73782513389233
10,52,f2,trust,seasonal60,event,436.9412391251491,434.6957025598864,4.4584833170391,426.3680934012535,443.6705492564208,0.516576665478611,0.5036548094014074,0.6341463414634146,0.3902439024390244,0.48464365385335645,0.6097560975609756,0.4146341463414634,0.9607379237228452,0.08111988678364977,115.125,116.05625,206.69123912514908,202.5832025598864
10,52,f50,thr,seasonal60,event,2475.9665971025147,2418.628471120033,138.61312711000053,2184.6016186081747,2856.5192959633478,2.3706876300819113,0.41365581440911803,0.6585365853658537,0.36585365853658536,3.472208492436403,0.7317073170731707,0.2926829268292683,6.185285106874893,-1.2792271610120083,6.0,6.003125,2175.9665971025147,2118.472221120033
10,52,f50,mey,seasonal60,event,2503.8763203234985,2392.7973318679433,54.1815969636657,2262.894429921097,2510.9289030724503,4.642223015554815,2.0501239291644544,0.975609756097561,0.04878048780487805,2.2275652124379164,0.8536585365853658,0.17073170731707318,6.1633392969555585,3.1472756794393812,26.625,25.38125,1172.6263203234985,1123.7348318679433
10,52,f50,trust,seasonal60,event,2068.6567204661114,2116.6639412166855,36.99841221592866,2050.5590955196003,2178.565842955144,-2.2680605936424154,-1.2975481345090236,0.12195121951219512,0.9024390243902439,0.4675192995645477,0.6341463414634146,0.3902439024390244,-1.3197607643288454,-3.1645504001633378,21.5,21.78125,993.6567204661114,1027.6014412166855
10,53,signed,thr,ma10,orchestration,1996.7805629126115,2664.227478517325,415.5215032186866,1977.9834878697034,3795.50421310243,-25.052174447812384,-1.606287305072248,0.04878048780487805,0.975609756097561,19.587108465209123,0.9024390243902439,0.12195121951219512,-23.364563865272615,-26.82386622415826,11.875,12.30625,1878.0305629126115,2541.164978517325
10,53,signed,mey,ma10,orchestration,1082.1955200735506,1102.878129242104,17.83290303097883,1070.9906135813123,1140.9416220703529,-1.8753304304589375,-1.1598004616872624,0.07317073170731707,0.9512195121951219,2.4059175964892474,0.8780487804878049,0.14634146341463414,-1.265180754702868,-2.4923128091648423,66.875,68.91875,413.4455200735506,413.690629242104
10,53,signed,trust,ma10,orchestration,1060.7685115066115,1063.392427065365,11.93834900495712,1036.8448528478293,1092.4549128860021,-0.24674950582398086,-0.21978881314861082,0.36585365853658536,0.6585365853658537,0.8306308075240307,0.8292682926829268,0.1951219512195122,-0.004471582070858974,-0.483609305201169,64.0,63.703125,420.7685115066115,426.3611770653649
10,53,dwell5,thr,ma10,orchestration,1634.065354272435,1970.3120777586487,228.82654627873805,1648.2916147707033,2457.795321670531,-17.065658140243205,-1.4694393152996557,0.024390243902439025,1.0,-5.817271666485683,0.43902439024390244,0.5853658536585366,-12.008318474517308,-21.58177065812854,10.25,10.70625,1531.565354272435,1863.2495777586487
10,53,dwell5,mey,ma10,orchestration,1044.5939944694862,1086.1069556677576,14.585627798413805,1050.5642057188907,1121.3144905280437,-3.822179849013898,-2.8461552544749495,0.024390243902439025,1.0,0.8340712252832571,0.7317073170731707,0.2926829268292683,-4.219335127477155,-3.414335453259507,63.5,66.934375,409.59399446948623,416.7632056677576
10,53,dwell5,trust,ma10,orchestration,1067.3202817479182,1077.1374796883822,11.164218598571544,1050.9471338321803,1095.5826932817881,-0.9114154994684724,-0.8793448331189152,0.17073170731707318,0.8536585365853658,-0.10066694677031808,0.4878048780487805,0.5365853658536586,-1.103789201561821,-0.7156988106478996,63.5,64.2875,432.3202817479182,434.2624796883822
10,52,base,thr,seasonal60,event,2125.5994394775494,2265.2958453107244,165.06171334400474,1903.3712823078374,2783.055744939357,-6.166806252805945,-0.8463283398860285,0.14754098360655737,0.8688524590163934,-4.110492054801453,0.2459016393442623,0.7704918032786885,-4.777316241121391,-7.495137996649397,5.916666666666667,5.947222222222222,2066.432772810883,2205.8236230885022
10,52,base,mey,seasonal60,event,1064.9148434906315,1089.3160663946398,14.347367006351982,1062.0577678885827,1119.412105766014,-2.2400498493307115,-1.7007457112657156,0.04918032786885246,0.9672131147540983,-1.3056036464000784,0.21311475409836064,0.8032786885245902,-1.8487291870545177,-2.6460422956043446,55.416666666666664,56.766666666666666,510.74817682396485,521.6493997279732
10,52,base,trust,seasonal60,event,969.7884980694522,965.3628977664473,8.619085739069895,947.0252381429317,983.8010301125378,0.4584390298450848,0.513465167534402,0.7704918032786885,0.2459016393442623,0.6645935329873027,0.7868852459016393,0.22950819672131148,-0.23725250860161187,1.1781867165793978,50.75,50.704166666666666,462.2884980694522,458.3212310997807
10,53,dwell200,thr,ma10,orchestration,1977.986149921272,2363.610411646924,281.2693010082545,1956.7235696087537,2950.54934260528,-16.315051745645153,-1.3710143991659263,0.07317073170731707,0.9512195121951219,-14.399933395990326,0.14634146341463414,0.8780487804878049,-7.633731154246262,-22.486040656987704,10.125,10.209375,1876.736149921272,2261.516661646924
10,53,dwell200,mey,ma10,orchestration,890.2074426006386,898.0062664449358,20.554224924803332,880.5548425315266,1010.3134367633947,-0.868459846630192,-0.37942680265633144,0.3902439024390244,0.6341463414634146,-0.4413832394672607,0.5121951219512195,0.5121951219512195,-1.9825817303047377,0.016131163299358684,54.125,55.090625,348.9574426006386,347.1000164449358
10,53,dwell200,trust,ma10,orchestration,832.7363869646604,858.5551907073011,15.194880989674282,838.175619088137,928.6856286651594,-3.007238675171308,-1.6991777533621995,0.024390243902439025,1.0,-1.3151478167221509,0.21951219512195122,0.8048780487804879,-5.008632438294354,-1.4562712094043382,49.5,51.50625,337.73638696466037,343.4926907073011
10,53,f2,thr,ma10,orchestration,1646.378444971317,2383.742699338337,378.24989747884854,1818.596431522867,3538.8677244088385,-30.933047202271137,-1.9494103218051837,0.024390243902439025,1.0,11.320030877729614,0.8780487804878049,0.14634146341463414,-34.24033897696713,-27.249717292150343,11.0,10.953125,1624.378444971317,2361.836449338337
10,53,f2,mey,ma10,orchestration,462.7747857444986,473.796026962236,17.50084898059887,459.36129202598386,573.0951824855518,-2.3261573737543886,-0.6297546610427491,0.07317073170731707,0.9512195121951219,-0.4707036910611344,0.6341463414634146,0.3902439024390244,-2.563268648261048,-2.0859681864999318,143.625,145.68125,175.52478574449862,182.433526962236
10,53,f2,trust,ma10,orchestration,443.9362268081443,452.9634070502361,8.860743604583575,443.0762816809789,500.59303579583116,-1.9929160063675255,-1.018783597058623,0.04878048780487805,0.975609756097561,-1.6787036837194254,0.07317073170731707,0.9512195121951219,-2.1297145853821378,-1.8575731792515813,134.75,138.028125,174.43622680814428,176.90715705023615
10,53,f50,thr,ma10,orchestration,2192.464955823956,2889.97317641092,407.7153461144946,2118.5738169521414,4054.7107493503427,-24.13545655995343,-1.710772545684581,0.04878048780487805,0.975609756097561,19.862755595340648,0.9024390243902439,0.12195121951219512,-24.809547605222633,-23.528713551536047,10.125,10.68125,1686.2149558239562,2355.91067641092
10,53,f50,mey,ma10,orchestration,2233.5247291586015,2360.392640434774,48.374665478163415,2268.504818089289,2462.664442493321,-5.374864719659689,-2.622610616985895,0.024390243902439025,1.0,-0.10641956011925112,0.5121951219512195,0.5121951219512195,-5.726926191458157,-5.046319369272885,26.5,28.41875,908.5247291586015,939.455140434774
10,53,f50,trust,ma10,orchestration,2259.053746900573,2287.2132006992915,37.617801700823726,2227.541469082018,2360.8286751969817,-1.2311687336409654,-0.748567234807393,0.2682926829268293,0.7560975609756098,-0.006146318381770828,0.5853658536585366,0.43902439024390244,0.1919977650757105,-2.6953443755963318,25.875,26.428125,965.3037469005731,965.8069506992915
10,54,signed,thr,naive,timer,2135.476663097207,2407.8059467317894,237.18990687361742,1924.680648537613,3034.422588826562,-11.310267092089608,-1.1481487017054575,0.14634146341463414,0.8780487804878049,-5.921183621390341,0.2682926829268293,0.7560975609756098,0.061657931221739196,-22.718346551883954,6.0,6.321875,2075.476663097207,2344.5871967317894
10,54,signed,mey,naive,timer,1148.1499148572607,1130.5025462944645,15.21777312869392,1097.7269993695977,1157.8746175865995,1.5610197978447982,1.1596551225698781,0.8780487804878049,0.14634146341463414,-0.46971167438633665,0.4146341463414634,0.6097560975609756,-0.09456410850433569,3.1236353198016453,68.5,65.778125,463.1499148572607,472.72129629446454
10,54,signed,trust,naive,timer,971.7416398710787,971.0287008787375,10.360774497099811,949.394507299882,993.3059880667504,0.07342100101635377,0.06881136082450501,0.5853658536585366,0.43902439024390244,-1.2595354548286724,0.0975609756097561,0.926829268292683,-1.7917930942870353,1.9054001933053737,54.375,54.28125,427.99163987107875,428.2162008787375
10,53,base,thr,ma10,orchestration,1939.6248702611495,2651.963760507041,345.61064915160335,2023.827359358644,3479.4244585102847,-26.860807860726435,-2.0611022605771088,0.01639344262295082,1.0,0.010270464865716233,0.5081967213114754,0.5081967213114754,-31.987607319570667,-21.598999288795067,10.416666666666666,10.716666666666667,1835.4582035944827,2544.7970938403746
10,53,base,mey,ma10,orchestration,1061.2391714525984,1081.2794181826794,15.442694175374132,1052.6620689125136,1157.3388418844354,-1.8533827975531882,-1.2977169982449297,0.04918032786885246,0.9672131147540983,0.3669880836752359,0.6557377049180327,0.36065573770491804,-3.1292176943493524,-0.6275545907796554,65.25,67.03194444444445,408.7391714525984,410.9599737382349
10,53,base,trust,ma10,orchestration,1003.262716052488,1030.129578261706,11.61352474007135,1007.8001267566955,1060.7577923323943,-2.608105113781366,-2.313411544775588,0.01639344262295082,1.0,0.6273235817057908,0.7049180327868853,0.3114754098360656,-3.208823868274509,-2.0307364620339383,59.166666666666664,61.458333333333336,411.5960493858214,415.54624492837263
10,54,dwell5,thr,naive,timer,2246.3726806442896,2235.572097053065,223.64353787978942,1908.0379279274212,2884.200359129417,0.4831239218570424,0.048293743220203904,0.5853658536585366,0.43902439024390244,-1.4564637286918038,0.5365853658536586,0.4878048780487805,-5.952971276505635,6.907584847600141,6.0,6.009375,2186.3726806442896,2175.478347053065
10,54,dwell5,mey,naive,timer,1126.0983847078505,1119.9381588410167,16.35092741050514,1080.757983428854,1148.350371605125,0.5500505378983418,0.3767508540754684,0.6829268292682927,0.34146341463414637,-1.101320641915715,0.2682926829268293,0.7560975609756098,-0.20139738707923807,1.2766895007516896,61.375,61.20625,512.3483847078505,507.87565884101673
10,54,dwell5,trust,naive,timer,1014.276792351096,999.564865990173,12.809887030726214,976.7816735457378,1028.8667354689128,1.471833080722514,1.1484821314688038,0.8536585365853658,0.17073170731707318,-0.71044394596444,0.34146341463414637,0.6829268292682927,1.5708444620542816,1.3769975226266762,55.0,54.58125,464.276792351096,453.75236599017296
10,54,dwell200,thr,naive,timer,1855.7141975435993,2216.5820369735784,331.12766487106984,1697.1188564712402,3391.326058812525,-16.28037372001317,-1.0898148288832619,0.12195121951219512,0.9024390243902439,-6.653960734119365,0.3902439024390244,0.6341463414634146,-14.434311032367003,-18.172496384297464,4.5,4.5,1810.7141975435993,2171.5820369735784
10,54,dwell200,mey,naive,timer,926.7919606614137,918.1959814299029,15.444812501433871,879.7980953147872,940.1438427921134,0.9361813169912062,0.5565609314268308,0.6829268292682927,0.34146341463414637,0.008750442687271334,0.43902439024390244,0.5853658536585366,0.45190316020846816,1.4721825757463685,50.875,51.175,418.04196066141367,406.4459814299029
10,54,dwell200,trust,naive,timer,808.4295529687906,809.3782300390441,10.36845951940149,785.8234637731478,829.1189564062067,-0.11721059883309128,-0.09149643382204188,0.4878048780487805,0.5365853658536586,-1.2560852951571382,0.1951219512195122,0.8292682926829268,1.262796254550472,-1.6153283248916477,44.375,43.584375,364.67955296879063,373.53448003904407
10,54,f2,thr,naive,timer,2473.653397840517,2735.3205857707007,323.5748367368939,2087.115708768865,3666.6263333214492,-9.566234732827738,-0.8086759482566053,0.21951219512195122,0.8048780487804879,-10.47772171145655,0.21951219512195122,0.8048780487804879,-18.705543262985007,0.2636193675304769,6.0,6.00625,2461.653397840517,2723.308085770701
10,54,f2,mey,naive,timer,496.69033986381737,491.24546914426764,5.7945539940966375,479.89374771860537,505.9778814017683,1.108380852658957,0.9396531165464744,0.8536585365853658,0.17073170731707318,-0.795295342511718,0.3170731707317073,0.7073170731707317,-1.223418736457511,3.4677038549618406,136.0,135.353125,224.69033986381737,220.53921914426763
10,54,f2,trust,naive,timer,442.6205153608071,444.84876280775626,4.115110617312954,435.57986142232454,456.56467276333825,-0.5008999986613725,-0.5414793560043261,0.2926829268292683,0.7317073170731707,1.7131784952215143,0.926829268292683,0.0975609756097561,-1.8758025826286422,0.8861730457193574,120.0,122.978125,202.62051536080708,198.89251280775625
10,54,f50,thr,naive,timer,2638.8377124804765,2637.6083249136836,233.69570294786877,2243.267879691642,3103.14632084038,0.046609936554287225,0.0052606340265790395,0.5365853658536586,0.4878048780487805,-1.680248356851702,0.5121951219512195,0.5121951219512195,-6.822533875941501,5.655357230980141,6.0,6.021875,2338.8377124804765,2336.5145749136836
10,54,f50,mey,naive,timer,2431.231274958255,2461.681220114239,60.45432339686929,2339.4449560977228,2602.154665533737,-1.2369572837936569,-0.5036851534353709,0.34146341463414637,0.6829268292682927,-0.6308201581579184,0.43902439024390244,0.5853658536585366,-3.6651009662326195,1.0070040536409017,27.0,27.075,1081.2312749582552,1107.9312201142388
10,54,f50,trust,naive,timer,2267.4721018066857,2287.8861338858183,31.876115158237013,2227.41858075462,2342.1275587044347,-0.8922660868817235,-0.6404178168448299,0.24390243902439024,0.7804878048780488,-0.43280028500948453,0.36585365853658536,0.6585365853658537,-2.442831604687341,0.6161844940145602,25.375,25.315625,998.7221018066857,1022.1048838858183
10,56,signed,thr,ma10,http,1780.397415360388,2507.53031857335,425.01684312323255,1975.8071136053127,3760.8624217312436,-28.997970546041554,-1.7108331469163252,0.024390243902439025,1.0,1.4542929229050536,0.6097560975609756,0.4146341463414634,-31.362902328509787,-26.66487006310652,6.5,7.071875,1715.397415360388,2436.81156857335
10,56,signed,mey,ma10,http,1106.803512702295,1142.8404392073692,14.18447492158804,1110.1705625945024,1173.313664602535,-3.1532771565266,-2.5405893911679374,0.024390243902439025,1.0,-0.6599842056335922,0.3170731707317073,0.7073170731707317,-3.3688249306741933,-2.9409769811713233,67.25,68.84375,434.30351270229494,454.4029392073692
10,56,signed,trust,ma10,http,989.3223613861134,1000.7848633004475,13.185579765570322,976.6055761366208,1023.6874493848112,-1.1453512472733032,-0.8693210399640174,0.17073170731707318,0.8536585365853658,0.7200405013208372,0.7317073170731707,0.2926829268292683,1.0235663881350696,-3.296098561696998,58.0,58.4,409.32236138611336,416.78486330044746
10,54,base,thr,naive,timer,2205.3517285484327,2323.1769949051018,238.86009920346308,1890.1161200241625,2952.2643969834658,-5.071730075455662,-0.4932814930144717,0.36065573770491804,0.6557377049180327,16.496065842478878,0.9344262295081968,0.08196721311475409,2.2307184450237583,-13.519647220721104,5.916666666666667,5.926388888888889,2146.185061881766,2263.913106016213
10,54,base,mey,naive,timer,1124.5631958522279,1118.7825734262547,14.919646685294474,1088.2535841352494,1151.0183553086165,0.5166886366731775,0.38745035642639364,0.6885245901639344,0.32786885245901637,-0.17023927963921925,0.5245901639344263,0.4918032786885246,0.8556701495529122,0.16786803310876444,60.166666666666664,60.772222222222226,522.8965291855612,511.0603512040324
10,54,base,trust,naive,timer,986.7151989887111,980.782006402322,10.204486425136515,958.6763360729237,1012.2606500204292,0.6049450894957821,0.5814298083413523,0.7377049180327869,0.2786885245901639,0.3813249140338171,0.6721311475409836,0.3442622950819672,-1.1385487628999202,2.3553616941629185,53.5,52.93194444444445,451.7151989887111,451.4625619578776
10,56,dwell5,thr,ma10,http,1610.974114119349,2378.784277953383,328.0496100171487,1797.2139772578907,3176.3995555259708,-32.27741880380297,-2.3405306404537316,0.024390243902439025,1.0,-15.350957194079347,0.12195121951219512,0.9024390243902439,-31.12999619737507,-33.3379305856785,6.5,6.640625,1545.974114119349,2312.378027953383
10,56,dwell5,mey,ma10,http,1092.7891463619205,1161.4857320666658,19.08727254162815,1119.9400883593478,1192.6694554721676,-5.9145440885021845,-3.5990781582293825,0.024390243902439025,1.0,0.7401613868243087,0.6585365853658537,0.36585365853658536,-6.916592813505351,-4.900324029455496,66.0,67.003125,432.78914636192053,491.45448206666583
10,56,dwell5,trust,ma10,http,970.6422466430824,1017.638450795463,12.254282416824509,990.0632555329969,1038.8681577878215,-4.618163171374347,-3.8350841406965714,0.024390243902439025,1.0,-1.23776652652797,0.1951219512195122,0.8292682926829268,-4.96690462467918,-4.275923345284921,55.75,56.75,413.14224664308244,450.138450795463
10,56,dwell200,thr,ma10,http,1989.6014010044476,2687.591838895803,345.79935546911724,1989.596837263704,3346.7145458854347,-25.970849732083007,-2.0184839180641325,0.04878048780487805,0.975609756097561,4.271780178244462,0.7073170731707317,0.3170731707317073,-27.774256215310576,-24.488663608011223,5.25,5.775,1937.1014010044476,2629.841838895803
10,56,dwell200,mey,ma10,http,946.1328954484916,987.5880939859944,17.282515832025435,952.2942638266107,1033.2537386205586,-4.197620322677841,-2.398678464433061,0.024390243902439025,1.0,2.9502401278455817,0.975609756097561,0.04878048780487805,-2.2805441217868165,-6.398233752169929,54.125,57.225,404.8828954484916,415.3380939859944
10,56,dwell200,trust,ma10,http,856.1155367828895,880.7366617466541,11.007783197230477,858.1498943170158,900.4274386723406,-2.795514940292893,-2.2367014795457814,0.024390243902439025,1.0,0.362199242641495,0.5853658536585366,0.43902439024390244,-1.8589868658417585,-3.8875021225155515,47.25,48.96875,383.61553678288954,391.04916174665414
10,56,f2,thr,ma10,http,1667.8764846507759,2246.1501691590684,286.1343093003545,1809.1164245944556,3244.012689917326,-25.74510344180555,-2.020986878233047,0.024390243902439025,1.0,-13.061581103757796,0.0975609756097561,0.926829268292683,-29.101678831258244,-22.803891275382934,6.625,6.83125,1654.6264846507759,2232.4876691590684
10,56,f2,mey,ma10,http,481.86745674507654,515.3361500436719,4.891098168025477,504.6013351134635,525.4671871367084,-6.494536293593811,-6.842776846596507,0.024390243902439025,1.0,-1.3589159443607495,0.07317073170731707,0.9512195121951219,-7.080079730865288,-5.9007288071549775,143.875,147.9,194.11745674507654,219.53615004367185
10,56,f2,trust,ma10,http,444.1853013481307,457.8327474515114,5.102676729554076,448.0063948966308,468.5441797915431,-2.9808802841972586,-2.674566081040643,0.024390243902439025,1.0,-1.372457508920928,0.12195121951219512,0.9024390243902439,-4.120830842689956,-1.840895880262036,130.25,129.91875,183.68530134813068,197.99524745151143
10,56,f50,thr,ma10,http,1935.6637367188878,2693.042745789235,379.55625047702836,2222.7804732245227,3736.448415182487,-28.123542051256468,-1.995432845904841,0.024390243902439025,1.0,10.595807153031961,0.8048780487804879,0.21951219512195122,-27.53021742196016,-28.70092636161091,6.375,6.690625,1616.9137367188878,2358.511495789235
10,56,f50,mey,ma10,http,2395.8669887261376,2519.568245999037,70.9696789872178,2408.7068585474813,2680.8838464424816,-4.909621220593316,-1.7430155953668478,0.024390243902439025,1.0,2.2267731556168595,0.7804878048780488,0.24390243902439024,-3.4751074657411385,-6.408111873832943,29.0,29.221875,945.8669887261376,1058.4744959990371
10,56,f50,trust,ma10,http,2161.7159891857277,2260.634468801042,36.67787636269913,2178.173428687598,2334.84959056224,-4.375695451011026,-2.696952207296089,0.024390243902439025,1.0,-0.030424185397539924,0.5365853658536586,0.4878048780487805,-3.577851057571242,-5.096034875680594,24.125,25.203125,955.4659891857277,1000.4782188010422
10,57,signed,thr,naive,timer,2102.529534650337,2162.0826407408317,220.13767522110516,1758.0894747746038,2682.62665475286,-2.754432461013093,-0.2705266421600925,0.43902439024390244,0.5853658536585366,6.370903692384276,0.7317073170731707,0.2926829268292683,-2.91800046725659,-2.6001479382201724,6.0,6.00625,2042.5295346503372,2102.0201407408317
10,57,signed,mey,naive,timer,1078.3166089272133,1068.3826738987568,18.143910229704936,1028.9731646628725,1104.3695908170948,0.929810569859343,0.5475079463407413,0.7073170731707317,0.3170731707317073,1.218626733139683,0.7804878048780488,0.24390243902439024,-0.6674871646358671,2.522494995574522,62.125,61.978125,457.06660892721334,448.6014238987568
10,57,signed,trust,naive,timer,945.3351719691117,951.9853290485462,14.904356144815566,919.0850302435288,988.9032872350365,-0.6985566769270437,-0.4461888198872478,0.34146341463414637,0.6829268292682927,-0.7367427796726491,0.34146341463414637,0.6829268292682927,-1.6172417899739462,0.1914356871260013,52.0,52.725,425.3351719691117,424.7353290485462
10,57,dwell5,thr,naive,timer,2196.0247326786466,2274.071434576213,77.3388363019001,2081.1571690494843,2408.3470154771267,-3.4320250767369105,-1.0091527831231273,0.17073170731707318,0.8536585365853658,-9.058864676833148,0.024390243902439025,1.0,-0.5756287343140811,-6.650784374599837,6.0,6.0,2136.0247326786466,2214.071434576213
10,57,dwell5,mey,naive,timer,1125.430256170967,1131.782910203197,18.432055325612705,1082.4208264803074,1182.8117566568153,-0.5612961615659565,-0.34465250456374974,0.36585365853658536,0.6585365853658537,-0.3738889481691515,0.43902439024390244,0.5853658536585366,-0.6590996171101364,-0.4606093771285556,57.0,55.809375,555.4302561709669,573.6891602031969
10,57,dwell5,trust,naive,timer,999.2581610158079,999.6806494443266,11.656962838206665,969.4537217516511,1027.3248284289193,-0.04226233935342703,-0.03624343959765948,0.5365853658536586,0.4878048780487805,0.7840804499378891,0.7804878048780488,0.24390243902439024,-0.7572791870587655,0.6310568476096284,53.75,53.00625,461.7581610158079,469.6181494443266
10,57,dwell200,thr,naive,timer,1892.5386861409306,2116.842669597731,150.59246586830054,1772.6153125043338,2288.2117072304977,-10.596157507512139,-1.48947679529309,0.14634146341463414,0.8780487804878049,0.18694646073435883,0.4146341463414634,0.6097560975609756,-10.052458931857442,-11.113894413065315,4.625,4.625,1846.2886861409306,2070.592669597731
10,57,dwell200,mey,naive,timer,971.1858709307957,954.9518205007182,16.29457465899905,925.4654514827946,999.0790256207133,1.6999863324586684,0.9962856208162403,0.8292682926829268,0.1951219512195122,-1.5726281042340724,0.17073170731707318,0.8536585365853658,-0.04142246150557506,3.656002059552269,47.5,46.63125,496.18587093079566,488.6393205007182
10,57,dwell200,trust,naive,timer,847.1445752889424,859.658252778423,11.274771233773183,834.6727195122536,883.6480039671317,-1.4556572276292732,-1.1098830503980746,0.17073170731707318,0.8536585365853658,0.9694485786033123,0.8536585365853658,0.17073170731707318,-3.484023794635551,0.9016292697047933,42.875,44.04375,418.3945752889424,419.22075277842305
10,57,f2,thr,naive,timer,1867.226682809429,1909.084555938559,73.14237496825106,1779.6860073512871,2058.501855885116,-2.192562555646034,-0.5722793817851755,0.3170731707317073,0.7073170731707317,3.2778438085564647,0.8048780487804879,0.21951219512195122,11.551140367963562,-14.81151319089021,6.0,6.0,1855.226682809429,1897.084555938559
10,57,f2,mey,naive,timer,501.5782344441616,494.1906481691466,6.077164326187955,480.2579587467412,506.9317828175797,1.4948858911806944,1.2156304945022007,0.9024390243902439,0.12195121951219512,0.22221352048767792,0.5853658536585366,0.43902439024390244,2.773567934378013,0.20741685369254162,123.75,123.715625,254.07823444416158,246.75939816914658
10,57,f2,trust,naive,timer,442.8354575383254,442.28149801136317,3.4801790500383816,432.0091342006889,449.78630935630457,0.12525044105462094,0.15917558234715176,0.6585365853658537,0.36585365853658536,-1.4728964723669848,0.04878048780487805,0.975609756097561,1.2053529763306436,-0.962509718695754,113.0,115.70625,216.8354575383254,210.86899801136317
10,57,f50,thr,naive,timer,2467.9378336421287,2508.5424209847943,86.83842115181581,2318.152885261314,2685.7613007597365,-1.6186526089012752,-0.46758781198564586,0.36585365853658536,0.6585365853658537,-2.107619957698141,0.2926829268292683,0.7317073170731707,-2.4460275289678326,-0.6697789989291258,6.0,6.03125,2167.9378336421287,2206.9799209847943
10,57,f50,mey,naive,timer,2451.467786575986,2397.62546862479,49.36877940076553,2255.0372848755815,2499.4035368187324,2.2456517356765677,1.0906147286752879,0.8780487804878049,0.14634146341463414,2.2930474674682793,0.8780487804878049,0.14634146341463414,1.706551459113429,2.9073033571349978,24.25,23.509375,1238.9677865759859,1222.1567186247898
10,57,f50,trust,naive,timer,2244.5723886594424,2190.0716343001404,32.47223497618376,2127.9657876461474,2255.4944622718913,2.4885375211353855,1.678380142274612,0.9512195121951219,0.07317073170731707,0.9072621542181153,0.7317073170731707,0.2926829268292683,0.5428873862475536,4.748578758232875,22.625,21.790625,1113.3223886594424,1100.5403843001404
10,56,base,thr,ma10,http,1674.9361630193237,2392.730951282952,355.90763486761347,1950.806218824868,3481.5634649845147,-29.998976185715986,-2.0168007593616966,0.01639344262295082,1.0,25.973482551092864,0.8852459016393442,0.13114754098360656,-26.597301593648975,-33.465329696142625,6.666666666666667,6.8805555555555555,1608.269496352657,2323.9253957273963
10,56,base,mey,ma10,http,1048.8845787721232,1114.2005491551151,14.289155766839052,1091.1186716545737,1142.2389770556267,-5.862137694378295,-4.571016752058314,0.01639344262295082,1.0,-0.7623369236046236,0.36065573770491804,0.6557377049180327,-7.82909503112841,-3.862237458002827,63.25,64.87222222222222,416.3845787721232,465.47832693289297
10,56,base,trust,ma10,http,952.3015686429347,987.9898300755056,8.95721998127077,967.7206948457691,1014.4645643507715,-3.612209391856128,-3.984301100921235,0.01639344262295082,1.0,0.037714785356079125,0.5245901639344263,0.4918032786885246,-4.400933454761346,-2.8074276897577186,52.666666666666664,54.701388888888886,425.6349019762681,440.97594118661664
10,57,base,thr,naive,timer,2044.6792357980037,2062.565506372853,111.0264368352516,1815.7303998553768,2256.3798789927137,-0.8671855763894548,-0.16109920379945492,0.39344262295081966,0.6229508196721312,-3.6066642958307806,0.3114754098360656,0.7049180327868853,-1.4980369214810911,-0.11384883846775977,6.0,6.0,1984.6792357980037,2002.5655063728532
10,57,base,mey,naive,timer,1091.0323361117696,1072.4792881180836,14.056803032559941,1044.7679360260051,1108.8600766197521,1.7299213326759646,1.3198625569918994,0.9016393442622951,0.11475409836065574,-0.7127568732740223,0.32786885245901637,0.6885245901639344,3.8090070685877206,-0.3745300377477154,52.583333333333336,52.705555555555556,565.1990027784362,545.423732562528
10,57,base,trust,naive,timer,986.5445228344134,985.8286126149717,10.505105464491585,957.3686223418546,1006.558887820384,0.07262015022497231,0.06814878935405344,0.4918032786885246,0.5245901639344263,0.15542506390933453,0.5409836065573771,0.47540983606557374,-0.5869833077131196,0.733031691584767,50.0,50.1375,486.54452283441344,484.4536126149717
10,59,signed,thr,ma10,event,2061.613590391529,2383.8940784420934,286.8295028367675,1911.9961736909338,3160.4926718023603,-13.519077502855277,-1.1235960208527487,0.07317073170731707,0.9512195121951219,-14.479297401295486,0.04878048780487805,0.975609756097561,-10.620818863601434,-16.57359700808416,6.125,6.43125,2000.3635903915292,2319.5815784420934
10,59,signed,mey,ma10,event,1067.6125143393556,1092.564159492747,12.412083739860618,1068.791160944114,1118.4771009490314,-2.2837693271007415,-2.0102704490512546,0.024390243902439025,1.0,-1.4718786181802601,0.0975609756097561,0.926829268292683,-2.6181246085831105,-1.9374691388336927,64.875,64.8,418.8625143393556,444.56415949274697
10,59,signed,trust,ma10,event,938.7104529594242,951.6762705048379,8.949879086654402,932.5318704015625,964.4097448120322,-1.3624189177834338,-1.448714269754517,0.0975609756097561,0.926829268292683,2.0638942880106206,1.0,0.024390243902439025,-3.3548289041510677,0.58909122420046,54.125,54.4875,397.4604529594242,406.80127050483793
10,59,dwell5,thr,ma10,event,1721.2037335666569,2298.442676464952,239.45078045524622,1939.9313434484834,3240.8501479841652,-25.114350199331465,-2.410678895265418,0.024390243902439025,1.0,-4.74067851202693,0.3902439024390244,0.6341463414634146,-24.671157457797793,-25.60223855322779,6.125,6.0875,1659.9537335666569,2237.567676464952
10,59,dwell5,mey,ma10,event,1108.7014897763368,1160.701835661272,17.03827853314929,1133.103766909936,1207.2551863245194,-4.480077853526423,-3.05197181650509,0.024390243902439025,1.0,-1.260864438046442,0.24390243902439024,0.7804878048780488,-5.577444786504078,-3.387823713075145,61.5,61.753125,493.70148977633676,543.1705856612721
10,59,dwell5,trust,ma10,event,998.6387465408156,1015.7818390499322,10.778348462768315,995.5934172085092,1038.482546768243,-1.6876746413531638,-1.5905119943314094,0.12195121951219512,0.9024390243902439,-0.6469254256069534,0.2926829268292683,0.7317073170731707,-2.8211816997669223,-0.5809951924028786,51.875,53.30625,479.88874654081565,482.71933904993216
10,59,dwell200,thr,ma10,event,1932.0718856571198,2239.875545236012,320.64127002370094,1711.2110447775203,3237.1202488952235,-13.741998310288237,-0.9599627008592504,0.0975609756097561,0.926829268292683,-8.919442374013201,0.3170731707317073,0.7073170731707317,-22.93990550379861,-3.9636015127866377,4.625,4.6125,1885.8218856571198,2193.750545236012
10,59,dwell200,mey,ma10,event,928.9455109219465,943.9554024209898,16.58753441106434,912.2820237538501,982.1165177917696,-1.5901060008287469,-0.9048898484292697,0.17073170731707318,0.8536585365853658,-1.6250826892118886,0.17073170731707318,0.8536585365853658,-2.774112158995082,-0.4116055394754589,48.5,49.309375,443.9455109219465,450.8616524209898
10,59,dwell200,trust,ma10,event,836.6029317771674,827.9833604565131,11.23710046471312,798.0640497327561,848.2450443948271,1.0410319497123603,0.7670636520267521,0.7560975609756098,0.2682926829268293,-2.6026569454596866,0.04878048780487805,0.975609756097561,3.7129804964247755,-1.7085563259433865,46.75,45.7875,369.10293177716744,370.1083604565131
10,59,f2,thr,ma10,event,2116.9038006774144,2326.183515884623,199.7277523810241,2006.401063676515,3027.70894148673,-8.99669840225919,-1.047824915227414,0.1951219512195122,0.8292682926829268,16.499319624437216,0.975609756097561,0.04878048780487805,-6.753135331262751,-11.392381506699188,6.0,6.075,2104.9038006774144,2314.033515884623
10,59,f2,mey,ma10,event,487.9147537957864,502.9968694152225,6.55355132659695,484.74747359655566,514.4130830183808,-2.998451190555192,-2.301365300707539,0.04878048780487805,0.975609756097561,1.165307822631732,0.8292682926829268,0.1951219512195122,-3.1045781248071864,-2.892373893207234,129.125,130.625,229.6647537957864,241.74686941522248
10,59,f2,trust,ma10,event,449.77519899680647,446.9794948091996,3.249342221750902,440.6560692230736,453.5062761451768,0.6254658703751643,0.8603908104516036,0.8048780487804879,0.21951219512195122,0.29052101113273654,0.6829268292682927,0.34146341463414637,0.9042334890149519,0.34721033301744947,122.125,120.04375,205.52519899680647,206.8919948091996
10,59,f50,thr,ma10,event,2062.3803661879647,2424.285278930316,176.14160829416633,2073.4372034134894,2898.2089339161653,-14.92831375447848,-2.0546247774571804,0.024390243902439025,1.0,-3.297023491089697,0.3170731707317073,0.7073170731707317,-11.545461890359562,-18.465903505243702,6.125,6.05625,1756.1303661879647,2121.472778930316
10,59,f50,mey,ma10,event,2447.1724146392526,2495.75284908603,62.746853759626276,2385.624160712021,2645.9318668121464,-1.946524250771388,-0.7742290096788236,0.2682926829268293,0.7560975609756098,0.13262298349095156,0.6097560975609756,0.4146341463414634,-1.4922385791151827,-2.362596636037666,27.75,26.571875,1059.6724146392526,1167.15909908603
10,59,f50,trust,ma10,event,2305.448473513792,2336.7310194261545,33.92122933378549,2267.978213071407,2430.993809685021,-1.3387311441624383,-0.922211444772286,0.21951219512195122,0.8048780487804879,-2.482232461694108,0.04878048780487805,0.975609756097561,-2.5753762008861902,-0.126142116535448,23.5,24.00625,1130.4484735137921,1136.4185194261545
10,59,base,thr,ma10,event,1846.6882495093905,2261.838214776108,258.0132322580897,1901.1931123660654,2944.7372505112894,-18.354538470286297,-1.6090258690742052,0.01639344262295082,1.0,-3.360511500103897,0.5081967213114754,0.5081967213114754,-20.539243970407593,-16.395738604600034,6.166666666666667,6.113888888888889,1785.0215828427238,2200.6993258872194
10,59,base,mey,ma10,event,1046.2073592326751,1084.9640820191275,15.03805731957876,1054.3907610733288,1118.795989256718,-3.5721664365446855,-2.57724265593756,0.01639344262295082,1.0,-1.7898208231649693,0.14754098360655737,0.8688524590163934,-1.7499433969869285,-5.449049063135531,55.0,56.8875,496.2073592326751,516.0890820191275
10,59,base,trust,ma10,event,970.8915015820376,975.8611516604467,9.570570452345294,954.2591613159337,999.2975052001342,-0.509257907229238,-0.5192637265620155,0.3114754098360656,0.7049180327868853,-1.2934814231696146,0.06557377049180328,0.9508196721311475,-1.6083046190826937,0.6128595057706462,51.916666666666664,51.59722222222222,451.72483491537093,459.8889294382245
10,60,signed,thr,naive,timer,2191.441699748148,2190.8735155085533,155.2269236101189,1848.330556540235,2508.138362898655,0.025934141591139187,0.0036603459398696627,0.5121951219512195,0.5121951219512195,8.999733670596466,0.9024390243902439,0.12195121951219512,16.408118373798487,-16.10095659532988,6.0,6.053125,2131.441699748148,2130.3422655085533
10,60,signed,mey,naive,timer,1061.9625953786135,1065.9083165845846,16.42831878158007,1026.6651089399302,1094.74268865043,-0.3701745398341612,-0.2401780278573059,0.4146341463414634,0.6097560975609756,0.6797642557044411,0.6341463414634146,0.3902439024390244,1.5317111367384935,-2.229305779140452,61.25,62.178125,449.4625953786135,444.12706658458455
10,60,signed,trust,naive,timer,968.0538077213776,955.7049043864272,12.88339918768903,928.5021584236977,992.8047218218177,1.2921251401214158,0.9585128237546646,0.8292682926829268,0.1951219512195122,-0.1919193180305012,0.4634146341463415,0.5609756097560976,1.064503235268495,1.5070433991511678,54.875,54.6125,419.30380772137755,409.5799043864272
10,60,dwell5,thr,naive,timer,2092.1453650533817,2285.8831762805216,185.49801850037926,1773.0338307660095,2774.309295104811,-8.475402996857463,-1.0444198422892792,0.12195121951219512,0.9024390243902439,-0.14031323201044799,0.4878048780487805,0.5365853658536586,-11.764940303802607,-5.8350118224864875,6.0,6.0,2032.1453650533817,2225.8831762805216
10,60,dwell5,mey,naive,timer,1120.7906874170626,1123.75594512281,19.142661490558126,1084.1167151415025,1159.1839063755247,-0.2638702574715572,-0.15490310515129077,0.4146341463414634,0.6097560975609756,-0.5984326916904017,0.34146341463414637,0.6829268292682927,-0.4061249971081777,-0.11546514185142695,56.75,58.221875,553.2906874170626,541.5371951228101
10,60,dwell5,trust,naive,timer,1001.6935273925684,978.2993857723734,10.403785133819072,957.8064189164963,1001.209833466361,2.391306992564979,2.248618297983569,1.0,0.024390243902439025,0.2814481733694731,0.6829268292682927,0.34146341463414637,1.7880037968225564,3.007280947369891,52.75,51.36875,474.1935273925684,464.6118857723734
10,60,dwell200,thr,naive,timer,2199.4987561455728,2075.095926839651,183.80810810617513,1844.088068850001,2528.6221478001726,5.995039925474001,0.6768081701491735,0.8292682926829268,0.1951219512195122,0.4093839913550317,0.6097560975609756,0.4146341463414634,6.214210954291123,5.7720431338669576,4.5,4.5,2154.4987561455728,2030.095926839651
10,60,dwell200,mey,naive,timer,922.5484913021223,928.4909251536632,19.16063069230524,891.7292402385352,985.0695166583624,-0.6400099010722567,-0.3101376957245607,0.3902439024390244,0.6341463414634146,-2.201705159776565,0.12195121951219512,0.9024390243902439,-2.909428859563045,1.824182562553558,47.25,48.390625,450.04849130212233,444.58467515366317
10,60,dwell200,trust,naive,timer,815.2880510191742,826.3026427246419,9.387437511030235,810.9351014189406,848.6117567156717,-1.3329972743580183,-1.1733331585457278,0.14634146341463414,0.8780487804878049,-1.4751354117450215,0.0975609756097561,0.926829268292683,-2.974150495718497,0.33537426609132015,43.375,44.534375,381.5380510191742,380.95889272464194
10,60,f2,thr,naive,timer,2020.3705817984985,2290.94697794566,188.6990625152561,1926.6409654990114,2663.1298259789182,-11.810679110076695,-1.4339042947035607,0.12195121951219512,0.9024390243902439,22.62098046299032,1.0,0.024390243902439025,-7.669217159048443,-15.917510535658964,6.0,6.0,2008.3705817984985,2278.94697794566
10,60,f2,mey,naive,timer,492.3878980958476,494.1821692591924,6.421761945428606,479.1758647940368,508.5466777976938,-0.36307889579150343,-0.2794048079938628,0.3902439024390244,0.6341463414634146,0.49023221607434214,0.6829268292682927,0.34146341463414637,-0.33764658703665784,-0.3897450669103347,125.0,126.696875,242.38789809584762,240.78841925919238
10,60,f2,trust,naive,timer,445.10739878663816,447.2619302519561,4.439631600213589,439.8820541389588,455.5963936246325,-0.4817158178663236,-0.4852951008850064,0.4146341463414634,0.6097560975609756,0.20759670019020576,0.6585365853658537,0.36585365853658536,-0.6695804119246658,-0.2840508244364827,120.5,120.403125,204.10739878663816,206.45568025195607
10,60,f50,thr,naive,timer,2368.0531313797837,2416.8915268762,171.88116829487043,2058.7304583380537,2782.5928288122955,-2.0207111057044025,-0.2841404673991478,0.3902439024390244,0.6341463414634146,-2.0758705341974184,0.3902439024390244,0.6341463414634146,-10.579688959199833,6.379693617725533,6.0,6.0,2068.0531313797837,2116.8915268762
10,60,f50,mey,naive,timer,2310.553255559562,2363.9373798486063,51.39429674466366,2293.7328326771935,2498.0389298874848,-2.2582715068562127,-1.0387168940994866,0.17073170731707318,0.8536585365853658,-2.7443140016567598,0.0975609756097561,0.926829268292683,-1.0046314909564866,-3.465231709645645,23.875,23.7,1116.8032555595619,1178.9373798486063
10,60,f50,trust,naive,timer,2150.293553396656,2135.3737694031615,38.64377204713419,2022.1366104301555,2202.741050984766,0.6986966032492119,0.38608508442956185,0.7073170731707317,0.3170731707317073,0.4281639730051694,0.6097560975609756,0.4146341463414634,0.8826336318940804,0.5256915889704913,22.25,22.021875,1037.793553396656,1034.2800194031615
10,62,signed,thr,ma10,http,2278.2457008659258,2233.17302535638,360.3399616834565,1722.2656178476223,3230.8850632640597,2.0183243751277513,0.12508375507110728,0.6585365853658537,0.36585365853658536,-13.743021678836554,0.17073170731707318,0.8536585365853658,7.803190004541502,-3.3972403575043533,6.875,7.215625,2209.4957008659258,2161.01677535638
10,62,signed,mey,ma10,http,1099.2051480174423,1098.752773856595,16.50132495145582,1060.9086569546105,1138.953537403287,0.04117160580714282,0.027414414429028873,0.43902439024390244,0.5853658536585366,1.3389146905360745,0.8292682926829268,0.1951219512195122,-1.2696232374569283,1.4123817330278214,63.625,65.3125,462.9551480174423,445.627773856595
10,62,signed,trust,ma10,http,995.8262393893793,984.962375892935,11.588977331587397,960.7050285507668,1007.8070224044571,1.1029724345151237,0.9374307314272945,0.8292682926829268,0.1951219512195122,-0.9390359761268471,0.21951219512195122,0.8048780487804879,2.8899315158151673,-0.7887853375864042,56.75,56.9125,428.32623938937934,415.83737589293503
10,60,base,thr,naive,timer,2182.3286226396003,2306.960312172275,180.78659859018126,1959.3454370448246,2681.427359121328,-5.402420183610315,-0.6893856652239897,0.29508196721311475,0.7213114754098361,11.829020460448064,0.8852459016393442,0.13114754098360656,-6.011048187974152,-4.810892041050322,6.0,6.0055555555555555,2122.3286226396003,2246.904756616719
10,60,base,mey,naive,timer,1060.543726729447,1074.5910191254063,12.686247339484314,1034.5977802670989,1098.278703088872,-1.3072222032334018,-1.1072850796656795,0.16393442622950818,0.8524590163934426,2.4420268578780657,1.0,0.01639344262295082,-2.8634295660007174,0.2989282751615776,54.666666666666664,54.13194444444444,513.8770600627803,533.2715746809619
10,60,base,trust,naive,timer,956.6840810081816,967.6401788090537,7.485374413932757,950.7315043367702,982.3598717756712,-1.1322491604634108,-1.4636673057368028,0.13114754098360656,0.8852459016393442,0.3010099729440198,0.639344262295082,0.3770491803278688,-0.19023138489044,-2.1069822254414396,51.583333333333336,51.74305555555556,440.8507476748482,450.2096232534982
10,62,dwell200,thr,ma10,http,2446.88027999276,2302.3804886142207,323.9948511382363,1763.5547955960524,3424.3729339555125,6.276103888697915,0.4459940979644969,0.7073170731707317,0.3170731707317073,22.46137616555094,0.9512195121951219,0.07317073170731707,-1.9667479621572166,14.65931476432389,5.5,6.1375,2391.88027999276,2241.0054886142207
10,62,dwell200,mey,ma10,http,931.9193117237401,924.7742243878238,13.091728515287313,897.3121202712855,958.093388335991,0.7726304591421919,0.5457711201063261,0.7317073170731707,0.2926829268292683,0.010017398149988373,0.5365853658536586,0.4878048780487805,0.7049075767122384,0.83676940759274,52.875,53.81875,403.16931172374007,386.5867243878238
10,62,dwell200,trust,ma10,http,813.2551678402442,818.7602062030434,11.045331070061078,792.0778967691373,838.4635227260505,-0.6723627163474977,-0.4984041064844889,0.2926829268292683,0.7317073170731707,-2.2583003176958085,0.12195121951219512,0.9024390243902439,-2.1056289898527294,0.7476188768340375,44.125,45.85625,372.0051678402442,360.19770620304337
10,62,dwell5,thr,ma10,http,2419.0713958928595,2445.8994061491203,347.313660400014,1945.246589866265,3494.5758177239136,-1.0968566486754825,-0.07724432786594676,0.5609756097560976,0.4634146341463415,-7.220837454602637,0.3902439024390244,0.6341463414634146,-5.415022714204818,3.3070581983331038,7.75,7.309375,2341.5713958928595,2372.8056561491203
10,62,dwell5,mey,ma10,http,1223.1965038874932,1165.298653613987,18.264069253763015,1128.061380612613,1207.748121407028,4.9684988559752785,3.170041104699455,1.0,0.024390243902439025,0.16025582720007286,0.4634146341463415,0.5609756097560976,3.675890191059757,6.259498843122936,68.75,66.984375,535.6965038874932,495.45490361398697
10,62,dwell5,trust,ma10,http,1081.7445978528121,1042.212321130153,13.66057228396032,1021.3657175775866,1070.6971202685975,3.793111626217506,2.893896090215512,1.0,0.024390243902439025,-1.9587460478991983,0.04878048780487805,0.975609756097561,3.1636428222315494,4.449668915628119,59.375,57.775,487.99459785281215,464.462321130153
10,62,f50,thr,ma10,http,2627.587796512782,2690.906616253843,334.3262057801481,2209.338587791749,3378.1883946122452,-2.3530664110971813,-0.18939233193912167,0.4878048780487805,0.5365853658536586,3.691696069843338,0.7317073170731707,0.2926829268292683,-11.6657857607672,7.267572729311533,7.25,7.390625,2265.087796512782,2321.375366253843
10,62,f50,mey,ma10,http,2488.7983683753328,2422.428949327962,48.918477174449976,2348.196218398467,2573.5078038027486,2.7397880571805047,1.356735182305211,0.9024390243902439,0.12195121951219512,-2.800121222346801,0.04878048780487805,0.975609756097561,-0.21691145395112074,5.845737600776135,27.5,27.0875,1113.7983683753328,1068.053949327962
10,62,f50,trust,ma10,http,2291.4486209562756,2284.7714103899207,45.90484951054336,2176.4082124202787,2401.530997352685,0.29224851711600236,0.14545762893354663,0.5853658536585366,0.43902439024390244,-1.422582148275316,0.1951219512195122,0.8292682926829268,-2.5119191099002505,3.018092165182332,25.5,25.809375,1016.4486209562756,994.3026603899207
10,62,f2,thr,ma10,http,2599.926208499842,2249.7525050206814,241.53847964991678,1792.4804942057242,2904.375722163747,15.564987824113627,1.4497636318101295,0.9024390243902439,0.12195121951219512,29.7797202418225,1.0,0.024390243902439025,19.490061552993293,11.81551773459926,7.5,7.29375,2584.926208499842,2235.1650050206813
10,62,f2,mey,ma10,http,533.4751432936993,510.3419044316755,4.3430621728351735,501.64234707794066,519.7352577745696,4.532890335114705,5.326481164998438,1.0,0.024390243902439025,1.247922411170058,0.9512195121951219,0.07317073170731707,6.072333355346032,2.9847624897901546,144.375,148.44375,244.72514329369926,213.45440443167553
10,62,f2,trust,ma10,http,473.8050406052459,464.9564516282893,4.766224656002857,452.2254323177642,475.0812800290146,1.9031005905969491,1.8565194919656527,0.975609756097561,0.04878048780487805,-0.7254351048012571,0.24390243902439024,0.7804878048780488,1.6468852228831423,2.163162665742028,130.625,135.05625,212.5550406052459,194.8439516282893
10,62,base,thr,ma10,http,2746.464571744626,2467.4284684612153,285.35209908133913,1990.280815283418,3169.6205123081513,11.308781869467063,0.9778659564157332,0.8524590163934426,0.16393442622950818,6.025530528318816,0.7704918032786885,0.2459016393442623,3.771939546852497,18.895688039099028,7.5,7.372222222222222,2671.464571744626,2393.706246238993
10,62,base,mey,ma10,http,1144.593835232122,1124.9740224754792,16.02727311748841,1087.9463142827715,1159.687175500672,1.7440236276274135,1.224151645312291,0.8852459016393442,0.13114754098360656,-2.6132322402718984,0.06557377049180328,0.9508196721311475,0.6557481368922611,2.8091255588536317,65.66666666666667,65.64166666666667,487.9271685654553,468.55735580881253
10,62,base,trust,ma10,http,1042.4801776288714,1014.8511854585327,10.921121997016911,989.7881973239338,1034.7286222548587,2.7224673495213323,2.5298675518765887,1.0,0.01639344262295082,-0.6672792614153268,0.26229508196721313,0.7540983606557377,2.107939561286415,3.32116142071536,58.083333333333336,57.140277777777776,461.646844295538,443.44840768075494
10,63,signed,thr,naive,timer,1884.128990209832,2268.1978515564456,211.37502414918052,1891.8708841055404,2744.383189426285,-16.93277599584464,-1.8170020932820914,0.024390243902439025,1.0,4.965263883784573,0.7560975609756098,0.2682926829268293,-14.30390049890602,-19.677066905775405,6.125,6.159375,1822.878990209832,2206.6041015564456
10,63,signed,mey,naive,timer,1094.6914254106605,1091.2673532034155,16.031763862095797,1056.9857619264772,1126.9592885906823,0.31377024128813397,0.21358050409790458,0.6341463414634146,0.3902439024390244,0.7962226212545797,0.7073170731707317,0.3170731707317073,0.7401343972347841,-0.09838042010433846,64.125,62.746875,453.4414254106605,463.7986032034155
10,63,signed,trust,naive,timer,939.1485678183404,964.1491688507601,10.857313773032876,939.7800953825576,987.9589253194462,-2.593022100741915,-2.3026506882867808,0.024390243902439025,1.0,-0.2868950043946882,0.43902439024390244,0.5853658536585366,-3.135508986869419,-2.0480140764115062,54.5,55.8375,394.14856781834044,405.77416885076013
10,63,dwell5,thr,naive,timer,2197.7044028108726,2243.9368255379854,197.94683045298,1842.953928029522,2741.764026718476,-2.0603263960440867,-0.23355980301030807,0.43902439024390244,0.5853658536585366,3.9934251498864874,0.7317073170731707,0.2926829268292683,-2.1323652934133053,-1.985722058367254,6.0,6.0,2137.7044028108726,2183.9368255379854
10,63,dwell5,mey,naive,timer,1108.6832745827892,1125.7080000641708,15.96585389911995,1096.413002126902,1164.3619291051648,-1.5123571548226693,-1.0663210116384745,0.1951219512195122,0.8292682926829268,0.9266070344424934,0.7073170731707317,0.3170731707317073,-1.6412410917605276,-1.3775911703754848,56.75,59.38125,541.1832745827892,531.8955000641708
10,63,dwell5,trust,naive,timer,1020.7967933712451,999.2091228268321,11.434610340485383,964.4813610654151,1025.8267182960196,2.16047572537569,1.8879235847661342,0.975609756097561,0.04878048780487805,-0.3057945707691512,0.34146341463414637,0.6829268292682927,-0.06101534061577916,4.338896907163891,56.5,54.790625,455.79679337124514,451.3028728268321
10,63,dwell200,thr,naive,timer,2295.694207921624,2491.7648801245386,211.85002282888,1994.603463527865,2897.083992239682,-7.868746917771585,-0.9255164081869788,0.24390243902439024,0.7804878048780488,-0.6330205641364263,0.4878048780487805,0.5365853658536586,8.833361163007334,-22.341118782224758,4.0,4.025,2255.694207921624,2451.5148801245386
10,63,dwell200,mey,naive,timer,851.0230681739547,851.7350331048754,13.323291785025749,819.1761083492921,889.2720053138352,-0.08358995500341157,-0.05343761454814389,0.4878048780487805,0.5365853658536586,-0.8028528233173078,0.2926829268292683,0.7317073170731707,0.38673739447311206,-0.5497405651181845,47.75,47.25,373.5230681739547,379.23503310487536
10,63,dwell200,trust,naive,timer,745.419947301493,751.4283021472768,10.102996441659393,735.2627520802931,775.7601835383297,-0.7995912355994984,-0.5947101813288261,0.34146341463414637,0.6829268292682927,-0.5282871649753547,0.3902439024390244,0.6341463414634146,3.539492759003316,-5.345161273451782,38.875,38.484375,356.66994730149304,366.5845521472768
10,63,f50,thr,naive,timer,2239.350846022283,2618.47672685047,206.382939103989,2224.9904791598674,3042.9974618013102,-14.478871511079026,-1.8370020432607528,0.04878048780487805,0.975609756097561,0.6944104423594629,0.5609756097560976,0.4634146341463415,-15.174314484196476,-13.732292907919662,6.125,6.003125,1933.100846022283,2318.32047685047
10,63,f50,mey,naive,timer,2338.232334981234,2432.6907956190257,72.61509405869361,2319.833282881981,2678.987993413858,-3.8828798467893906,-1.3008102772881127,0.04878048780487805,0.975609756097561,-2.823383567155621,0.17073170731707318,0.8536585365853658,-7.717673218889625,-0.10264013711676484,24.875,25.16875,1094.482334981234,1174.2532956190257
10,63,f50,trust,naive,timer,2257.556769377303,2233.096767845251,42.375434757006964,2160.307292127824,2331.4379141647532,1.0953399729136626,0.5772212526505697,0.7317073170731707,0.2926829268292683,-1.8757026480986043,0.17073170731707318,0.8536585365853658,-0.14999396006368124,2.48061748189442,23.75,23.496875,1070.0567693773032,1058.2530178452512
10,63,f2,thr,naive,timer,1897.2771333701164,2215.9186246877853,176.82690302614478,1882.5893796001728,2696.196752959085,-14.379656715172212,-1.8019966750792218,0.04878048780487805,0.975609756097561,-0.9058880739737247,0.5365853658536586,0.4878048780487805,-24.178655655715815,-3.8981981352417305,6.0,6.0,1885.2771333701164,2203.9186246877853
10,63,f2,mey,naive,timer,494.48539822028204,493.98354105426336,5.485369686962725,479.06253552029614,504.120822283301,0.10159390431260391,0.09149012640140969,0.5853658536585366,0.43902439024390244,-1.4757919169606442,0.12195121951219512,0.9024390243902439,-0.20338064470351525,0.41178994656550644,132.5,133.0125,229.48539822028204,227.95854105426338
10,63,f2,trust,naive,timer,443.43415793942967,440.5955428499845,4.046954887968742,432.586837209998,448.92956944940147,0.6442677724526306,0.7014199980049531,0.7560975609756098,0.2682926829268293,-1.0419779051632823,0.14634146341463414,0.8780487804878049,-0.3316691196841571,1.6418919911131944,120.0,120.6125,203.43415793942967,199.3705428499845
10,63,base,thr,naive,timer,2378.444406631392,2366.4472393227543,214.93845305308255,1940.4889527756861,2794.998351435179,0.5069695664151531,0.05581675655623627,0.5901639344262295,0.4262295081967213,-1.9688888542562621,0.47540983606557374,0.5409836065573771,-1.4027435748440176,2.643187319552323,6.0,6.002777777777778,2318.444406631392,2306.4194615449765
10,63,base,mey,naive,timer,1123.0267026650506,1103.466715101836,13.361552652516592,1069.1031758747017,1134.4016739948522,1.7725942518718885,1.4639007959550756,0.9508196721311475,0.06557377049180328,2.1789966124502063,0.9672131147540983,0.04918032786885246,2.4799699875899797,1.0571044070434854,59.166666666666664,59.168055555555554,531.360035998384,511.7861595462804
10,63,base,trust,naive,timer,1006.2428649073282,994.7401216869125,9.536908926258603,973.998100240315,1015.8994218285821,1.1563566171342305,1.2061290832655898,0.8524590163934426,0.16393442622950818,0.042608223460701616,0.5245901639344263,0.4918032786885246,0.6602078010615887,1.6420498382810005,53.25,53.77361111111111,473.7428649073282,457.00401057580143
10,64,signed,thr,seasonal60,timer,2518.2627798143662,2483.6799192698445,265.22054046817624,2004.8154769766252,3243.245491590287,1.3924040805825113,0.13039284394592857,0.5609756097560976,0.4634146341463415,-15.31823661667595,0.0975609756097561,0.926829268292683,9.557102325256892,-6.705785506809763,6.875,6.803125,2449.5127798143662,2415.6486692698445
10,64,signed,mey,seasonal60,timer,1173.6852070819077,1168.0607255737766,13.374212889290535,1131.5108304488049,1189.4845702252007,0.4815230394265885,0.4205467308386382,0.5853658536585366,0.43902439024390244,-1.8317053503068765,0.07317073170731707,0.9512195121951219,-0.955346022278441,1.9263529584760346,70.25,69.871875,471.1852070819077,469.3419755737766
10,64,signed,trust,seasonal60,timer,989.0486296630492,996.8042403944422,13.894673514854277,971.2348083731304,1036.5690902027045,-0.7780475259940823,-0.5581714980997451,0.36585365853658536,0.6585365853658537,0.11845749499260536,0.5609756097560976,0.4634146341463415,-1.7911256804525308,0.24461374471416966,56.625,56.5625,422.79862966304916,431.1792403944422
10,64,dwell5,thr,seasonal60,timer,1991.5149576764309,2399.3718647164706,315.4217530916173,1853.1313482782552,3115.351530122035,-16.998486688858268,-1.2930525654696166,0.07317073170731707,0.9512195121951219,-14.363391655832658,0.17073170731707318,0.8536585365853658,-27.923736689545112,-6.6483625195530385,6.25,6.165625,1929.0149576764309,2337.7156147164706
10,64,dwell5,mey,seasonal60,timer,1083.2643399834078,1125.7475831636264,14.015801147173805,1100.908033350826,1154.553305416302,-3.7737805362042383,-3.031096312948548,0.024390243902439025,1.0,-1.795628334357981,0.07317073170731707,0.9512195121951219,-4.868205592908387,-2.6953422897837993,62.625,63.528125,457.0143399834078,490.46633316362636
10,64,dwell5,trust,seasonal60,timer,1004.3544578116284,1005.5252085417764,12.25633312915663,975.4752339130923,1031.2003440759195,-0.11643176324199281,-0.09552210418977702,0.4146341463414634,0.6097560975609756,-0.5011801259231817,0.34146341463414637,0.6829268292682927,0.19462431554915685,-0.43015705056891834,56.125,56.646875,443.10445781162844,439.05645854177635
10,64,dwell200,thr,seasonal60,timer,2427.2234853142736,2378.1286190146593,365.41640247274734,1809.5117041096387,3059.0457416290083,2.0644327605777684,0.1343532090168716,0.5609756097560976,0.4634146341463415,9.447606542047142,0.7560975609756098,0.2682926829268293,2.146274483481628,1.9838585390270769,4.875,5.053125,2378.4734853142736,2327.5973690146593
10,64,dwell200,mey,seasonal60,timer,935.0495738013148,924.5496062185059,14.57215719609278,892.7522204045927,953.5153219739702,1.1356846092612252,0.7205499804534213,0.7560975609756098,0.2682926829268293,-1.3262915938163156,0.1951219512195122,0.8292682926829268,1.6909146075832366,0.572131706005778,52.75,51.328125,407.54957380131475,411.2683562185059
10,64,dwell200,trust,seasonal60,timer,802.6661117232044,811.3343407997075,11.352249159094098,789.9273394605386,830.7647483204211,-1.0683917394596114,-0.7635693116865033,0.2682926829268293,0.7560975609756098,0.8530464789374924,0.7317073170731707,0.2926829268292683,-2.533701865666721,0.41766769261092834,45.875,45.44375,343.9161117232044,356.89684079970755
10,64,f2,thr,seasonal60,timer,2142.918291818407,2268.3604068251066,383.4145559819746,1671.7677740372894,3385.609517629814,-5.530078669565289,-0.32717097733920414,0.5365853658536586,0.4878048780487805,7.1119759153293485,0.6097560975609756,0.4146341463414634,-11.19575281238576,-0.15648940260379415,6.25,6.20625,2130.418291818407,2255.9479068251067
10,64,f2,mey,seasonal60,timer,490.0052874202321,493.9489404507898,5.116622133307096,484.7027648100652,511.01054917038556,-0.7983928514875697,-0.7707532289488697,0.1951219512195122,0.8292682926829268,1.9688483335202847,0.975609756097561,0.04878048780487805,-0.26195979525393026,-1.3360031176750917,146.75,143.93125,196.5052874202321,206.08644045078978
10,64,f2,trust,seasonal60,timer,431.1584534377746,432.9335111680399,3.0801249331677054,424.52325471770155,437.27527188861774,-0.41000700672864465,-0.5762940688382315,0.21951219512195122,0.8048780487804879,1.1987876837789195,1.0,0.024390243902439025,-0.4460257430345711,-0.3743356287268485,122.875,122.384375,185.4084534377746,188.1647611680399
10,64,f50,thr,seasonal60,timer,2300.083789414751,2603.704805325481,316.1145396059142,1997.9687364221804,3386.245927515354,-11.661115165195358,-0.960477858086631,0.1951219512195122,0.8292682926829268,0.06839158688111005,0.4878048780487805,0.5365853658536586,-24.06288991424521,0.5115318886372345,6.0,6.05625,2000.0837894147512,2300.892305325481
10,64,f50,mey,seasonal60,timer,2365.195098744208,2361.912153760164,60.46639444504973,2248.0095274539844,2502.0789743704763,0.13899521956467786,0.05429371164221154,0.5853658536585366,0.43902439024390244,-2.9653540494077095,0.14634146341463414,0.8780487804878049,0.2438657221913289,0.027605225178294425,26.25,26.275,1052.6950987442078,1048.162153760164
10,64,f50,trust,seasonal60,timer,2090.1334772403866,2114.2456423186586,48.27630017195174,2026.970296823223,2226.7961441777534,-1.140461855313492,-0.4994617440108027,0.2926829268292683,0.7317073170731707,2.2723508105255745,0.8536585365853658,0.17073170731707318,-1.7357593142638792,-0.5326736253853732,22.625,22.903125,958.8834772403866,969.0893923186586
10,64,base,thr,seasonal60,timer,2366.5046438446193,2382.466873159808,292.4488902573492,1905.1620109778833,3033.076536580023,-0.6699874611065824,-0.054581261365506756,0.5081967213114754,0.5081967213114754,18.274356182972298,0.8852459016393442,0.13114754098360656,-5.7553345179846325,4.287789879451105,6.333333333333333,6.180555555555555,2303.171310511286,2320.6613176042524
10,64,base,mey,seasonal60,timer,1087.4394020533991,1111.769925627571,15.8578519658434,1082.4491684036527,1150.6586341691134,-2.188449517595805,-1.5342887313223699,0.06557377049180328,0.9508196721311475,1.1835910936944123,0.8032786885245902,0.21311475409836064,-1.8110037123717984,-2.5692880054466647,63.083333333333336,64.50833333333334,456.60606872006576,466.6865922942376
10,64,base,trust,seasonal60,timer,989.4293920324303,979.7350804990122,11.532240200706552,943.9923756650359,1000.676878225945,0.9894829455816279,0.840626917641224,0.7868852459016393,0.22950819672131148,0.03764978708775035,0.5409836065573771,0.47540983606557374,0.35879768518899724,1.614598143256662,53.583333333333336,54.00833333333333,453.59605869909694,439.6517471656788
10,65,signed,thr,ma10,timer,1858.72574327669,2400.5992028345418,270.4015456766938,1917.2023335764563,3020.315070538735,-22.57242520609133,-2.0039584396671457,0.024390243902439025,1.0,7.95901777884497,0.8048780487804879,0.21951219512195122,-31.436760008192103,-13.122019784974611,6.375,6.684375,1794.97574327669,2333.7554528345418
10,65,signed,mey,ma10,timer,1144.4485241750353,1182.6338089945482,16.354866229842,1139.2230463061367,1217.7789309670238,-3.228834194413672,-2.334796523730524,0.04878048780487805,0.975609756097561,1.0085866312478031,0.7804878048780488,0.24390243902439024,-3.5586339519334995,-2.887645348087479,68.25,69.25625,461.94852417503535,490.0713089945482
10,65,signed,trust,ma10,timer,996.8702506998674,995.3583370522535,12.041857519243479,968.7010157382068,1022.8227480414495,0.15189641673081727,0.1255548527457422,0.5853658536585366,0.43902439024390244,0.6947082726467305,0.7073170731707317,0.3170731707317073,-0.9771922310962765,1.284017195452764,58.125,57.934375,415.62025069986737,416.01458705225355
10,65,dwell5,thr,ma10,timer,2169.814006224655,2396.73631623763,372.1137740036339,1831.6020708037106,3213.6407870026014,-9.467971444150992,-0.6098196999575705,0.2682926829268293,0.7560975609756098,-7.25653968975548,0.4634146341463415,0.5609756097560976,-1.1591708373742133,-18.958671210856735,6.125,6.15,2108.564006224655,2335.23631623763
10,65,dwell5,mey,ma10,timer,1102.8059209496212,1131.1706327002776,13.780176867633488,1102.3462738573398,1166.8163500501698,-2.5075537616235213,-2.0583706597611733,0.04878048780487805,0.975609756097561,-1.0579456757041505,0.24390243902439024,0.7804878048780488,-3.529077112500889,-1.4475325718261105,65.75,65.290625,445.30592094962117,478.26438270027757
10,65,dwell5,trust,ma10,timer,1009.4062779082717,1033.866179334822,13.87008735761807,1009.1772976821711,1086.6005206862515,-2.3658672578193305,-1.7635001709715812,0.04878048780487805,0.975609756097561,-0.4586704030394481,0.4146341463414634,0.6097560975609756,-1.7210142886143323,-3.034718973667636,57.125,57.7375,438.1562779082717,456.49117933482194
10,65,dwell200,thr,ma10,timer,2164.8355706069487,2552.0668674594367,464.74774753393916,1734.441020573122,3532.350982141882,-15.17324258975917,-0.833207474177612,0.24390243902439024,0.7804878048780488,-8.921308421283136,0.3902439024390244,0.6341463414634146,-9.77357544624972,-20.630597024943366,4.75,4.709375,2117.3355706069487,2504.9731174594367
10,65,dwell200,mey,ma10,timer,939.5367317839027,957.3973182121056,12.88598390176857,933.9607773181963,980.9137152608656,-1.865535456225912,-1.3860475509170493,0.12195121951219512,0.9024390243902439,0.029992448914715787,0.5853658536585366,0.43902439024390244,-2.2130838454589203,-1.5014977810183134,56.0,54.728125,379.5367317839027,410.1160682121056
10,65,dwell200,trust,ma10,timer,835.6319386488792,848.1754333907331,11.041702652606867,827.9275004809682,869.9831053105377,-1.4788797515284136,-1.136010915752426,0.17073170731707318,0.8536585365853658,-0.07075611962322693,0.4634146341463415,0.5609756097560976,-1.9371430095305444,-0.9971367331379081,47.625,47.10625,359.3819386488792,377.11293339073313
10,65,f2,thr,ma10,timer,2033.33651364554,2661.66320460507,442.76746516684165,2081.4947513205816,3678.232291201153,-23.606543828401435,-1.419089568206568,0.024390243902439025,1.0,20.295170174520816,0.8292682926829268,0.1951219512195122,-26.07296759087589,-21.04869016107488,6.25,6.203125,2020.83651364554,2649.25695460507
10,65,f2,mey,ma10,timer,477.31973627315807,493.29463390547363,4.567114549833137,486.73209784497817,507.64853250979854,-3.238408961768011,-3.497809712896125,0.024390243902439025,1.0,-2.244445034265469,0.024390243902439025,1.0,-3.890285913661342,-2.571039293285209,138.625,140.659375,200.06973627315807,211.9758839054736
10,65,f2,trust,ma10,timer,433.6710151721014,444.28248196424784,3.836179821120701,437.29582452483135,452.6854564095977,-2.3884504167779315,-2.7661546869422775,0.024390243902439025,1.0,-0.9320343538698881,0.1951219512195122,0.8292682926829268,-2.8450913908517976,-1.9177115457597422,125.0,124.315625,183.67101517210142,195.65123196424784
10,65,f50,thr,ma10,timer,2432.800986977644,2815.2794549272153,472.2887046523673,2039.1191053355246,3724.702059499086,-13.585808232293582,-0.8098403882665339,0.2926829268292683,0.7317073170731707,-7.366530718421113,0.43902439024390244,0.5853658536585366,-8.402896600894874,-19.16950190812324,6.0,6.05625,2132.800986977644,2512.4669549272153
10,65,f50,mey,ma10,timer,2396.2228947443477,2479.639238551864,65.77570147144331,2332.5953583268383,2613.051927592061,-3.364051613259361,-1.2681939065861811,0.0975609756097561,0.926829268292683,-2.1248073588272804,0.1951219512195122,0.8292682926829268,-4.372120557593244,-2.4084651537255004,25.625,26.146875,1114.9728947443477,1172.2954885518639
10,65,f50,trust,ma10,timer,2229.9171923695244,2225.9802223575643,42.34296011687113,2130.122931161035,2313.347843145254,0.17686455487867547,0.09297814798714107,0.4878048780487805,0.5365853658536586,-1.805196026631402,0.24390243902439024,0.7804878048780488,-1.0886409598009432,1.385285792288264,24.0,23.684375,1029.9171923695244,1041.7614723575643
10,66,signed,thr,naive,timer,2488.526495275347,2480.3469049307923,298.17732663413466,1865.2818349615154,3169.721288122092,0.3297760619006137,0.027431966195709215,0.5365853658536586,0.4878048780487805,31.832103235011935,1.0,0.024390243902439025,-6.2146611713911355,6.995751601947768,6.75,6.471875,2421.026495275347,2415.6281549307923
10,66,signed,mey,naive,timer,1167.6565677269632,1149.814002261305,16.274214509577153,1121.7398342644956,1190.2215402713446,1.5517784120360172,1.0963703013228778,0.8780487804878049,0.14634146341463414,-0.6984633828226539,0.2682926829268293,0.7560975609756098,0.9762105586978664,2.1051069135452063,69.375,67.640625,473.9065677269632,473.40775226130495
10,66,signed,trust,naive,timer,997.565210288153,1000.2960622386069,10.64792280351024,968.7233663800239,1013.5787031615425,-0.27300436876081774,-0.2564680455378171,0.2682926829268293,0.7560975609756098,1.308336269089812,0.9512195121951219,0.07317073170731707,-1.0649833520423853,0.5194401146372484,57.75,56.890625,420.065210288153,431.38981223860685
10,66,dwell5,thr,naive,timer,2786.731407530879,2510.6675224004625,287.21451887857864,2019.6253124076595,3240.9898924774143,10.995636923939273,0.9611766362240342,0.8536585365853658,0.17073170731707318,-15.250723778016688,0.12195121951219512,0.9024390243902439,11.122464323032347,10.864731238323506,6.0,6.03125,2726.731407530879,2450.3550224004625
10,66,dwell5,mey,naive,timer,1155.7285037868483,1143.6763766326603,16.80546633679892,1095.8559475214474,1199.6575883658038,1.0538057269026704,0.7171551751466363,0.8292682926829268,0.1951219512195122,0.29163002017165246,0.6341463414634146,0.3902439024390244,1.228365803144365,0.8762358617140393,64.5,63.68125,510.72850378684825,506.8638766326603
10,66,dwell5,trust,naive,timer,1018.0444154892592,1021.5768033536322,11.207209249200387,1003.6801029146322,1051.9074824935674,-0.34577800247390245,-0.3151888918844774,0.4146341463414634,0.6097560975609756,0.7012521149685559,0.7804878048780488,0.24390243902439024,1.2704363000886285,-1.9788136656922015,56.0,56.290625,458.0444154892592,458.67055335363216
10,66,dwell200,thr,naive,timer,3181.6059776351563,2677.3723193566548,517.0808364099875,1878.7921691018496,3806.3885277428626,18.833154232343137,0.9751544106320359,0.7560975609756098,0.2682926829268293,-11.479648619948609,0.3902439024390244,0.6341463414634146,32.45673229429102,7.624270797423133,4.5,4.51875,3136.6059776351563,2632.1848193566548
10,66,dwell200,mey,naive,timer,909.5203204557693,909.3136569731789,15.94939194516518,881.5803259773206,952.1413725168987,0.02272741435317792,0.012957452127381962,0.5609756097560976,0.4634146341463415,-0.16519499756069062,0.5365853658536586,0.4878048780487805,0.09309728713999427,-0.04308197173590438,48.875,50.0,420.77032045576925,409.3136569731789
10,66,dwell200,trust,naive,timer,831.3638754766822,821.435763927237,12.256982965057144,797.3139900241305,851.5051021509884,1.2086290840295923,0.8099963569949338,0.8292682926829268,0.1951219512195122,0.9270015910069097,0.7804878048780488,0.24390243902439024,1.6395575455479907,0.809643936008901,44.0,45.05,391.3638754766822,370.93576392723696
10,66,f2,thr,naive,timer,2750.3879905975314,2511.722657577125,294.14211899155356,2088.7899969750965,3187.9752202163536,9.50205757392933,0.8113946205278396,0.7804878048780488,0.24390243902439024,-3.754987397087496,0.4634146341463415,0.5609756097560976,7.9702923994100985,11.154368256426208,6.0,6.0,2738.3879905975314,2499.722657577125
10,66,f2,mey,naive,timer,503.5275384029536,493.53869173962795,5.230959236620804,480.58694779797315,501.3226244267354,2.0239237228021407,1.9095630861345514,1.0,0.024390243902439025,-0.40379298487291726,0.3170731707317073,0.7073170731707317,2.0737345518076005,1.9726777256874017,141.75,140.35,220.0275384029536,212.83869173962796
10,66,f2,trust,naive,timer,438.70825801284775,436.5628809245794,3.5648600825580266,429.05416781973963,444.1664772508061,0.49142453057958635,0.6018124242141029,0.7073170731707317,0.3170731707317073,-0.48358671956474336,0.34146341463414637,0.6829268292682927,0.1724439218497827,0.8018318028598649,124.75,123.5,189.20825801284775,189.56288092457942
10,65,base,thr,ma10,timer,2073.033585194558,2449.3331607373607,382.4292031497153,1719.9517176874867,3400.631358700819,-15.363347933831896,-0.9839718631411293,0.14754098360655737,0.8688524590163934,-6.3372713876526685,0.47540983606557374,0.5409836065573771,-1.2313720180455594,-28.587790611548485,6.0,6.038888888888889,2013.0335851945579,2388.944271848472
10,65,base,mey,ma10,timer,1133.30128394888,1128.6176145438517,14.419481441194053,1089.2265434190258,1160.1667135990988,0.41499169822200743,0.32481538425145984,0.5245901639344263,0.4918032786885246,0.4223425664442426,0.5409836065573771,0.47540983606557374,0.23242768578139025,0.6012897456879555,65.5,65.44305555555556,478.3012839488799,474.18705898829603
10,65,base,trust,ma10,timer,991.1549489002197,996.2979484054559,9.84354350868162,967.2632612455782,1015.0960229862752,-0.5162109902431785,-0.5224744016928814,0.26229508196721313,0.7540983606557377,1.1463242976986046,0.8688524590163934,0.14754098360655737,-0.13691877335897296,-0.8970892224384494,56.083333333333336,56.37083333333333,430.3216155668863,432.5896150721227
10,66,f50,thr,naive,timer,2968.7727304706714,2783.919358318937,358.2909015241807,2157.7080643641025,3452.7518945776205,6.640040473850416,0.515930969403248,0.7073170731707317,0.3170731707317073,-8.449649633362787,0.34146341463414637,0.6829268292682927,6.1858318982617515,7.066796109607422,6.0,6.0,2668.7727304706714,2483.919358318937
10,66,f50,mey,naive,timer,2646.3104747475927,2595.3114843597677,57.354424134205104,2497.2834792109516,2719.0708687115175,1.9650431439602634,0.8891901742137817,0.8048780487804879,0.21951219512195122,0.464403820299722,0.5609756097560976,0.4634146341463415,3.051652527368277,0.870723067514352,27.125,27.875,1290.0604747475927,1201.5614843597677
10,66,f50,trust,naive,timer,2337.8745513999847,2264.9860693372766,31.558681391096986,2182.9829355061706,2326.2122474109956,3.21805432048573,2.309617476073341,1.0,0.024390243902439025,2.1806178920647223,0.9512195121951219,0.07317073170731707,4.836721829785969,1.5544420953447933,24.375,24.2625,1119.1245513999847,1051.8610693372766
10,67,signed,thr,seasonal60,orchestration,2406.1798749304107,2259.637838363415,287.411367411435,1881.7457396796335,3051.3046701264175,6.485200153717175,0.5098686175387693,0.7560975609756098,0.2682926829268293,32.620240002546055,0.9512195121951219,0.07317073170731707,-21.55564753465686,33.99645105017257,7.0,6.8375,2336.1798749304107,2191.262838363415
10,67,signed,mey,seasonal60,orchestration,1120.4673960667428,1117.498339698433,17.620259919429618,1077.0477395131406,1151.8925729142793,0.2656877655058548,0.16850241607593178,0.5853658536585366,0.43902439024390244,-0.4330870306824478,0.3902439024390244,0.6341463414634146,1.0605789879691856,-0.4811923985964669,68.0,68.421875,440.4673960667428,433.279589698433
10,67,signed,trust,seasonal60,orchestration,975.3553652866968,978.0502105146616,13.778117843834528,957.2239148855809,1010.1734920377987,-0.2755324009946954,-0.19558877769147673,0.5365853658536586,0.4878048780487805,-0.9213751702393895,0.2682926829268293,0.7560975609756098,-0.9898710865795992,0.43755533974380983,58.25,58.14375,392.85536528669684,396.61271051466156
10,67,dwell5,thr,seasonal60,orchestration,2364.144724499276,2438.9063301208466,278.5605729290883,2012.6846438596724,3101.0939366526954,-3.0653742088514835,-0.2683854532443194,0.4146341463414634,0.6097560975609756,-4.472264456921874,0.36585365853658536,0.6585365853658537,7.5243491050002005,-12.5474190708676,6.125,6.240625,2302.894724499276,2376.5000801208466
10,67,dwell5,mey,seasonal60,orchestration,1146.9976692592554,1152.9745183294308,16.851038587603288,1113.6534039607648,1188.5442746108554,-0.5183851832940211,-0.3546872816831796,0.3902439024390244,0.6341463414634146,1.8102494029145046,0.8536585365853658,0.17073170731707318,1.1323630430872478,-2.2047974045772416,66.875,66.721875,478.2476692592554,485.7557683294308
10,67,dwell5,trust,seasonal60,orchestration,1002.1247624156915,1006.8823995995947,15.203273713733429,979.3640482857853,1043.1269219645976,-0.4725117040277129,-0.31293504764079194,0.3902439024390244,0.6341463414634146,0.1888339298648906,0.6097560975609756,0.4146341463414634,-0.746266379547445,-0.20433952037152486,55.75,55.246875,444.6247624156915,454.4136495995947
10,66,base,thr,naive,timer,2487.19079721026,2451.876528263597,283.8676628295539,1884.7841413460253,3072.3022331795983,1.4402955670721496,0.1244039866839897,0.639344262295082,0.3770491803278688,10.519269231385767,0.7868852459016393,0.22950819672131148,-11.994360285584616,13.936744174124234,6.0,5.929166666666666,2427.19079721026,2392.5848615969303
10,66,base,mey,naive,timer,1093.4605293757609,1096.5699396876007,13.374332895083446,1070.7430457588237,1122.6294143145144,-0.28355786523982873,-0.23249087159950174,0.4426229508196721,0.5737704918032787,1.121481024627112,0.7868852459016393,0.22950819672131148,-1.1160056625081682,0.5543794985054246,61.25,61.87083333333333,480.96052937576087,477.86160635426745
10,66,base,trust,naive,timer,982.2828711294804,985.0970329959366,9.399640764114864,963.4150460904111,1006.1645347269714,-0.285673570439815,-0.2993903636402615,0.39344262295081966,0.6229508196721312,-1.7829469151633321,0.03278688524590164,0.9836065573770492,-1.9463471213001717,1.3934273427926127,55.666666666666664,55.6125,425.6162044628138,428.9720329959366
10,67,dwell200,thr,seasonal60,orchestration,1857.8836302666512,2401.2491451677074,488.231359496404,1703.935421921259,3752.3898888415024,-22.62845219516389,-1.112926288597114,0.14634146341463414,0.8780487804878049,27.040277011216922,0.9024390243902439,0.12195121951219512,-24.904011525984103,-20.540174726131887,4.375,4.703125,1814.1336302666512,2354.2178951677074
10,67,dwell200,mey,seasonal60,orchestration,910.0251388976617,905.0640252844553,13.778616934187578,878.4401399122601,948.1243907272459,0.5481505699717945,0.36005889683287917,0.7317073170731707,0.2926829268292683,-0.6695380439838043,0.3902439024390244,0.6341463414634146,0.16968350554487072,0.8772084064533382,51.375,50.915625,396.2751388976617,395.9077752844553
10,67,dwell200,trust,seasonal60,orchestration,766.7563084676278,770.8840740751472,10.588153778459702,747.6990516863472,790.9607311545013,-0.535458669641287,-0.3898475309186355,0.36585365853658536,0.6585365853658537,-1.2924056205314276,0.14634146341463414,0.8780487804878049,-1.805331327035916,0.5715462899569127,43.0,41.984375,336.75630846762783,351.04032407514717
10,67,f2,thr,seasonal60,orchestration,2805.7148391081296,2607.3218699875983,357.3742589424816,2002.980632880591,3517.341633463177,7.609070878597543,0.5551406240270428,0.7560975609756098,0.2682926829268293,-0.8419050918428628,0.5609756097560976,0.4634146341463415,8.81492069257929,6.203848703253896,6.375,6.43125,2792.9648391081296,2594.459369987598
10,67,f2,mey,seasonal60,orchestration,499.9588218015193,499.7525121046862,4.960731491502152,490.93286019718937,510.00754460393244,0.04128237314190538,0.04158856353876756,0.5365853658536586,0.4878048780487805,0.4662091005523169,0.6829268292682927,0.34146341463414637,1.0702384105298752,-0.9938908892803007,142.5,143.409375,214.95882180151932,212.9337621046862
10,67,f2,trust,seasonal60,orchestration,435.3544406766006,437.1871450775243,3.6833675482311414,425.9287838318321,444.2218437788141,-0.41920363431517005,-0.4975621837695329,0.34146341463414637,0.6829268292682927,-0.5656591099476792,0.21951219512195122,0.8048780487804879,-0.902251170476585,0.05689632842283109,125.875,123.396875,183.60444067660057,190.3933950775243
10,67,f50,thr,seasonal60,orchestration,2674.35501299964,2668.6845902593022,294.3274619026012,2245.047619939384,3341.466058148618,0.21248006456195562,0.019265693740172916,0.6097560975609756,0.4146341463414634,5.057527126281429,0.7317073170731707,0.2926829268292683,-5.620897605717374,6.534994028991732,6.375,6.353125,2355.60501299964,2351.0283402593022
10,67,f50,mey,seasonal60,orchestration,2348.8890838725547,2397.34731788764,39.76936471178248,2309.3766007023605,2487.9878893851283,-2.0213272250340104,-1.2184814710084815,0.0975609756097561,0.926829268292683,-0.889671856935317,0.34146341463414637,0.6829268292682927,1.0658054731655389,-5.162518019654838,24.875,25.690625,1105.1390838725547,1112.8160678876402
10,67,f50,trust,seasonal60,orchestration,2206.473357304426,2195.8523702979,33.325935076250104,2124.8399936014566,2273.605999944397,0.48368401948100775,0.3187003450083225,0.6585365853658537,0.36585365853658536,-1.8437066071335384,0.12195121951219512,0.9024390243902439,2.938096810397768,-1.9410801990300393,21.875,22.109375,1112.723357304426,1090.3836202979
10,67,base,thr,seasonal60,orchestration,2405.6371220921105,2401.4577548868447,199.82873451384134,2073.885382098815,3113.9618509945253,0.17403459197902033,0.02091474589694894,0.5737704918032787,0.4426229508196721,8.95235301151718,0.8688524590163934,0.14754098360655737,-6.191421374748246,5.2474591332351865,6.333333333333333,6.344444444444444,2342.303788758777,2338.0133104424003
10,67,base,mey,seasonal60,orchestration,1125.2560638103007,1115.9457800957478,14.952410013837447,1088.8618774108709,1150.0945760118245,0.8342953466569077,0.6226610764376387,0.7049180327868853,0.3114754098360656,0.7766768625425938,0.7049180327868853,0.3114754098360656,-1.6691648446283631,3.4301910026180216,64.58333333333333,63.91388888888889,479.42273047696744,476.80689120685884
10,67,base,trust,seasonal60,orchestration,986.613203050828,978.9318315045897,10.347488055474752,959.2975038388203,1005.4071756661939,0.7846686867289094,0.7423416683408673,0.7213114754098361,0.29508196721311475,-0.14692524370026333,0.47540983606557374,0.5409836065573771,1.1137581007240172,0.4508532897738022,56.5,55.234722222222224,421.613203050828,426.5846092823674
10,68,signed,thr,ma10,queue,2154.0096210079764,2051.5129191593714,244.06281791312384,1775.713269529489,2719.911386581958,4.996151907763957,0.41996033121722587,0.8048780487804879,0.21951219512195122,-16.047916050354733,0.024390243902439025,1.0,4.613709293067837,5.344928612501303,6.0,6.025,2094.0096210079764,1991.2629191593714
10,68,signed,mey,ma10,queue,1071.1688859340775,1092.0887905427264,15.251191627388407,1066.5271815532203,1125.7799379498388,-1.9155864239072131,-1.3716898403584772,0.0975609756097561,0.926829268292683,-1.5425866570137412,0.14634146341463414,0.8780487804878049,-0.44429781612607855,-3.3356143602108466,61.625,61.2625,454.9188859340775,479.46379054272643
10,68,signed,trust,ma10,queue,983.89233923707,962.2336105648055,10.823789336762342,943.7895777503797,988.6456508748978,2.2508804966344287,2.0010301381884745,0.9512195121951219,0.07317073170731707,-0.9588133966987683,0.21951219512195122,0.8048780487804879,0.5756590211463782,3.9626711914882877,56.125,54.0625,422.64233923707,421.60861056480553
10,68,dwell200,thr,ma10,queue,2060.360494232632,1998.059253933779,175.35934238185362,1721.057939467638,2387.39443891963,3.1180877231840967,0.355277565783686,0.7073170731707317,0.3170731707317073,-6.053437478680201,0.2926829268292683,0.7317073170731707,-3.0402120113767173,8.437702925743634,4.5,4.5,2015.360494232632,1953.059253933779
10,68,dwell200,mey,ma10,queue,939.7662677488848,938.0435994718252,14.456267913570873,910.6508841581249,970.4093074706701,0.1836447983899216,0.11916410842403082,0.6341463414634146,0.3902439024390244,-0.0929446369612402,0.5853658536585366,0.43902439024390244,0.00141944282891037,0.38134682784687074,46.0,46.684375,479.76626774888484,471.19984947182525
10,68,dwell200,trust,ma10,queue,818.5366164423202,833.3940537936487,9.78446828347512,808.1578011669878,852.1227285973191,-1.7827625819618866,-1.5184716144893686,0.04878048780487805,0.975609756097561,2.020838085940762,0.9512195121951219,0.07317073170731707,-1.6991877368005006,-1.8698725157752436,43.25,45.5875,386.0366164423202,377.5190537936487
10,68,dwell5,thr,ma10,queue,2474.417826460992,2117.506041053245,167.36831274257756,1845.6796229388328,2604.2684795077084,16.85529006709323,2.1324931796181654,0.975609756097561,0.04878048780487805,2.6118694670751093,0.7560975609756098,0.2682926829268293,17.88339282479669,15.814012482189534,6.0,6.0,2414.417826460992,2057.506041053245
10,68,dwell5,mey,ma10,queue,1128.3805525955881,1133.4007415293083,11.870406313688806,1104.3426243811168,1159.635002419988,-0.4429315024927903,-0.4229163518969837,0.36585365853658536,0.6585365853658537,2.1303802107290775,0.975609756097561,0.04878048780487805,-1.2841555679963375,0.3799620161220983,58.625,58.840625,542.1305525955881,544.9944915293083
10,68,dwell5,trust,ma10,queue,1012.6502565140654,1005.1014286953244,9.797375449642182,978.9530104170906,1026.8035197453353,0.7510513469809453,0.770494900143554,0.8292682926829268,0.1951219512195122,1.7568150812918935,0.975609756097561,0.04878048780487805,1.0702810518172998,0.43378096780452163,52.375,51.81875,488.9002565140654,486.91392869532444
10,68,f2,thr,ma10,queue,2269.042707439473,1891.6289945684734,223.08331582943086,1574.7293167888615,2478.3753173421956,19.95178303751348,1.6918060925702278,0.926829268292683,0.0975609756097561,24.40417911974106,0.926829268292683,0.0975609756097561,19.654702083006782,20.275677054001253,6.0,6.0,2257.042707439473,1879.6289945684734
10,68,f2,mey,ma10,queue,500.1275016668711,501.1346458255841,5.353769546574095,492.4687156186088,514.6699968814902,-0.2009727659227687,-0.1881186984145449,0.5121951219512195,0.5121951219512195,0.4714990344605664,0.7073170731707317,0.3170731707317073,-0.5093996460760208,0.11233352136687093,123.25,123.459375,253.62750166687113,254.21589582558408
10,68,f2,trust,ma10,queue,447.6585225530389,449.65322105477765,3.2734739857023922,443.9704423790844,457.48875713320797,-0.44360818700679455,-0.6093521776714987,0.34146341463414637,0.6829268292682927,0.03139505696313623,0.4878048780487805,0.5365853658536586,-1.3675554551299003,0.48138641659979303,118.125,120.334375,211.4085225530389,208.98447105477766
10,68,f50,thr,ma10,queue,3200.045670674997,2782.156815880837,295.76969457050865,2424.5240248056725,3460.2079578927323,15.020319933398708,1.4128859800899563,0.9024390243902439,0.12195121951219512,-10.706288231359796,0.0975609756097561,0.926829268292683,16.0090828538392,14.060020049405948,6.0,6.0,2900.045670674997,2482.156815880837
10,68,f50,mey,ma10,queue,2415.8665304690135,2413.4549261420593,34.49309724486029,2329.1827423432596,2487.7734763795493,0.09992332157655541,0.06991556339039671,0.5853658536585366,0.43902439024390244,-0.46862226378333083,0.3902439024390244,0.6341463414634146,0.43708280647298053,-0.23785236353344694,24.5,24.075,1190.8665304690135,1209.7049261420593
10,68,f50,trust,ma10,queue,2224.063804556369,2189.3713711214414,37.77988183556206,2122.553484342357,2292.3885617022042,1.584584227807712,0.9182779762500991,0.8048780487804879,0.21951219512195122,-0.3219475157144897,0.5121951219512195,0.5121951219512195,-0.770425297883412,3.787986989833578,22.375,21.9625,1105.3138045563692,1091.2463711214414
10,68,base,thr,ma10,queue,2494.3706289985034,2156.5647642961417,185.2029563348847,1918.5691875305936,2727.172087811953,15.664072338333627,1.8239766329190765,0.9344262295081968,0.08196721311475409,9.628131489018147,0.8360655737704918,0.18032786885245902,14.748602828299443,16.44755865938839,6.0,6.0,2434.3706289985034,2096.5647642961417
10,68,base,mey,ma10,queue,1106.6521758621468,1100.6126297462854,12.425698249253157,1077.7842346139262,1128.0182336762887,0.5487440315175791,0.4860528555185555,0.7213114754098361,0.29508196721311475,-1.0342655032314838,0.21311475409836064,0.8032786885245902,0.3619943304410508,0.7393659020785088,56.0,56.986111111111114,546.6521758621468,530.7515186351743
10,68,base,trust,ma10,queue,993.2236438090522,982.7627906724643,9.571735079765746,959.931094338393,1004.5521581354129,1.064433171043229,1.0928899566706203,0.8524590163934426,0.16393442622950818,-0.4829422040880651,0.3442622950819672,0.6721311475409836,3.0713703075095413,-0.9673893687493731,52.666666666666664,51.49722222222222,466.55697714238556,467.7905684502422
10,69,signed,thr,naive,queue,2186.4543825812148,2273.959876818072,233.43804819445785,1866.6076547326911,2918.681910330661,-3.848154715874008,-0.3748553199175306,0.36585365853658536,0.6585365853658537,-5.125158777925301,0.36585365853658536,0.6585365853658537,-5.694986197781011,-1.8932225528669924,13.625,13.8125,2050.2043825812148,2135.834876818072
10,69,signed,mey,naive,queue,1109.659836245814,1092.9648083068762,11.083342302940245,1064.2180835168842,1116.5810980660813,1.527499130077226,1.5063170912359907,0.9024390243902439,0.12195121951219512,-0.32099541175368956,0.34146341463414637,0.6829268292682927,-0.6235271832471992,3.722771851760335,64.625,64.5,463.40983624581395,447.9648083068762
10,69,signed,trust,naive,queue,1094.710951690416,1081.8473267438262,9.09833453621433,1061.315889199407,1099.40485367632,1.1890425412712504,1.4138439178498516,0.8536585365853658,0.17073170731707318,1.803790602322434,1.0,0.024390243902439025,3.6605498205766724,-1.1832854787002423,66.0,65.51875,434.7109516904161,426.6598267438262
10,69,dwell5,thr,naive,queue,1747.918398817028,1915.7378073260995,184.81552976869602,1679.9089399802901,2495.498997663336,-8.760040537243784,-0.908037374992806,0.17073170731707318,0.8536585365853658,-5.886775210984343,0.34146341463414637,0.6829268292682927,-2.0872646812189637,-15.060833669923877,11.625,11.659375,1631.668398817028,1799.1440573260995
10,69,dwell5,mey,naive,queue,1048.2815824174872,1043.113638866297,12.319248439904886,1020.4083888327023,1068.4850482465195,0.49543437633574366,0.4195015285551153,0.7317073170731707,0.2926829268292683,0.5739998419262845,0.7317073170731707,0.2926829268292683,0.1351856087859467,0.8706229614529634,60.5,61.659375,443.28158241748724,426.5198888662969
10,69,dwell5,trust,naive,queue,1094.6673353714389,1086.151986789154,10.664025279033813,1065.06109161424,1110.339941335274,0.7839923588831774,0.7985116651051579,0.7804878048780488,0.24390243902439024,1.212346855523993,0.8780487804878049,0.14634146341463414,-0.24539395094685199,1.8174142579293058,64.0,64.9,454.66733537143887,437.1519867891541
10,69,dwell200,thr,naive,queue,2287.5077791463937,2458.697698460745,247.0438446732142,2047.0814087572357,2922.8903404772373,-6.962625760032388,-0.6929535910550562,0.2682926829268293,0.7560975609756098,-10.793032872244947,0.21951219512195122,0.8048780487804879,6.546091661502999,-19.496902376179353,11.5,11.7875,2172.5077791463937,2340.822698460745
10,69,dwell200,mey,naive,queue,944.9050453596647,939.3230112602034,12.293702191021136,911.2908815532347,976.0580588307978,0.5942614023659787,0.45405639511408824,0.6829268292682927,0.34146341463414637,0.7851684493930339,0.8048780487804879,0.21951219512195122,-0.00870634895197803,1.2811999542683297,57.625,58.625,368.65504535966465,353.07301126020343
10,69,dwell200,trust,naive,queue,964.9644933566897,947.4996843670002,9.598251532523248,923.9823815963559,965.7855187522193,1.8432522224381787,1.819582340649308,0.9512195121951219,0.07317073170731707,-1.3609012402637615,0.12195121951219512,0.9024390243902439,1.525960836458053,2.1861591977645194,57.0,56.453125,394.9644933566897,382.9684343670002
10,69,f2,thr,naive,queue,1821.2453408303143,2150.086732538612,231.23808262203096,1762.4872666998156,2684.95007128059,-15.29433146727221,-1.422090115864712,0.07317073170731707,0.9512195121951219,22.57991838537896,0.975609756097561,0.04878048780487805,-15.556666543008692,-15.025068578583149,11.125,11.5875,1798.9953408303143,2126.911732538612
10,69,f2,mey,naive,queue,433.7427201712835,436.1692162952266,18.39429239850735,426.1454218741256,538.2353793581767,-0.5563198945018343,-0.13191570903483005,0.6097560975609756,0.4146341463414634,-0.43951593233933933,0.6829268292682927,0.34146341463414637,-0.2339096257392665,-0.8704787693665705,129.375,132.196875,174.9927201712835,171.77546629522658
10,69,f2,trust,naive,queue,435.1429303885998,439.5199601219968,9.410500025905709,431.1328530620924,489.1861100498485,-0.9958659743648727,-0.46512190864966907,0.24390243902439024,0.7804878048780488,-0.7193028595245796,0.36585365853658536,0.6585365853658537,-0.4149112563697946,-1.5614580144994374,135.125,136.596875,164.89293038859978,166.32621012199678
10,69,f50,thr,naive,queue,2307.442457598403,2572.6211724335094,263.27084366915574,2094.8161452638387,3657.8031559682718,-10.307724964584153,-1.00724680006096,0.07317073170731707,0.9512195121951219,-3.922186043658867,0.43902439024390244,0.5853658536585366,-5.006648658523383,-16.060938990063494,12.125,11.84375,1701.192457598403,1980.4336724335094
10,69,f50,mey,naive,queue,2403.6460653586546,2409.9461917080575,43.42025675646467,2340.7468742742467,2527.879076552156,-0.26142186788567706,-0.14509647846485715,0.5365853658536586,0.4878048780487805,-0.3260746714470844,0.5365853658536586,0.4878048780487805,-1.5222898109427763,1.0312479920498279,28.0,28.80625,1003.6460653586546,969.6336917080575
10,69,f50,trust,naive,queue,2430.7825220732484,2400.3030654981967,33.354613143512935,2341.5525674827677,2456.189714787527,1.269817008242062,0.9138003323231342,0.8536585365853658,0.17073170731707318,2.559245678857061,1.0,0.024390243902439025,2.1328694122708054,0.3335118803551875,29.0,28.85,980.7825220732484,957.8030654981967
10,69,base,thr,naive,queue,2037.3020588266115,2157.4036072459426,216.09288586412725,1815.710977281364,2819.016735412355,-5.566948530907854,-0.5557866837636075,0.3442622950819672,0.6721311475409836,0.4892907568492393,0.5901639344262295,0.4262295081967213,-2.031818372895723,-9.502593811459922,11.333333333333334,11.725,1923.9687254932783,2040.1536072459426
10,69,base,mey,naive,queue,1021.904854593679,1040.0098462453284,11.576583555295619,1021.6568501357243,1089.5857804875106,-1.7408481003340965,-1.5639321882117259,0.03278688524590164,0.9836065573770492,-0.08630879535703212,0.5081967213114754,0.5081967213114754,-0.053559840237172154,-3.4658921165081558,59.25,61.99583333333333,429.40485459367903,420.05151291199513
10,69,base,trust,naive,queue,1068.3379068980964,1064.381966967201,8.78734199485772,1045.695110591989,1088.771726129616,0.3716654409476118,0.45018618066879545,0.6557377049180327,0.36065573770491804,-0.10998534726105004,0.4918032786885246,0.5245901639344263,1.3851377695334692,-0.6503454948935147,63.833333333333336,64.28888888888889,430.00457356476306,421.493078078312
10,70,dwell5,thr,seasonal60,timer,2963.857199930536,2287.9295642358024,196.66045616096673,1972.251632953056,3085.3336286952263,29.54320125324758,3.4370287188873707,0.975609756097561,0.04878048780487805,-3.4403118011644653,0.3170731707317073,0.7073170731707317,32.839598017872454,25.993810537696273,6.0,6.00625,2903.857199930536,2227.8670642358024
10,70,dwell5,mey,seasonal60,timer,1176.160235821399,1125.25402234759,18.338333312863,1090.0992471156692,1159.2849136297716,4.523975250282117,2.775945480176325,1.0,0.024390243902439025,0.6370818302697707,0.7317073170731707,0.2926829268292683,4.303269807702702,4.749437138709569,63.25,62.38125,543.660235821399,501.4415223475901
10,70,dwell5,trust,seasonal60,timer,1014.8991469029742,998.502141391921,13.119654302655897,971.6045969939141,1027.8680789490018,1.6421602750090858,1.249804692470733,0.8780487804878049,0.14634146341463414,-0.12969957979233213,0.4878048780487805,0.5365853658536586,2.7339135958282075,0.5598262939096283,54.0,54.34375,474.89914690297417,455.064641391921
10,70,signed,thr,seasonal60,timer,2636.597418283848,2410.454345727972,200.20379942444956,2107.4240200258937,2813.9693627195875,9.381761283165046,1.1295643399675603,0.8048780487804879,0.21951219512195122,-3.903392950762221,0.34146341463414637,0.6829268292682927,16.116909801712932,2.557693157826151,6.75,6.4125,2569.097418283848,2346.329345727972
10,70,signed,mey,seasonal60,timer,1121.723550335239,1097.8989457797925,13.407641223044646,1076.6996272870847,1128.2835112421924,2.17001798271378,1.7769422793397476,0.9512195121951219,0.07317073170731707,0.5289806376465808,0.6585365853658537,0.36585365853658536,1.1424549167936728,3.185912766387958,64.875,64.79375,472.973550335239,449.9614457797925
10,70,signed,trust,seasonal60,timer,951.3843219233822,941.2327556707953,13.44483857836114,916.7618607014833,974.8664595828627,1.0785394145523681,0.7550530408691857,0.7560975609756098,0.2682926829268293,-0.33134807250184184,0.4634146341463415,0.5609756097560976,0.7591126058219008,1.4096616720930748,53.75,53.521875,413.88432192338223,406.0140056707953
10,70,dwell200,thr,seasonal60,timer,2298.4348570307993,2409.5654207652306,225.1494763072164,1891.9541365723262,3012.622438799809,-4.612058372714294,-0.4935857082909383,0.2926829268292683,0.7317073170731707,0.17630898553391014,0.5365853658536586,0.4878048780487805,1.8334922569098508,-10.543921490404303,4.875,4.884375,2249.6848570307993,2360.7216707652306
10,70,dwell200,mey,seasonal60,timer,946.1158143318554,942.7655452062978,13.13171142815169,916.3707577521943,964.5851560220209,0.35536609739216507,0.2551281410567171,0.6341463414634146,0.3902439024390244,-0.9990666858538882,0.24390243902439024,0.7804878048780488,-0.040649473132964374,0.737975596261116,49.75,50.125,448.6158143318554,441.5155452062978
10,70,dwell200,trust,seasonal60,timer,827.8270998401936,827.989134896868,11.491585367097718,793.2497337346338,849.8208285640114,-0.01956970808495078,-0.014100322235638538,0.4634146341463415,0.5609756097560976,-2.452335945899289,0.0975609756097561,0.926829268292683,0.6408833193470486,-0.6566649761225717,46.0,45.271875,367.82709984019357,375.270384896868
10,70,f50,thr,seasonal60,timer,2956.0274529868334,2785.7351113246486,282.3640861471287,2287.718427380536,3344.7407814200888,6.113012718614471,0.6030949048295475,0.7317073170731707,0.2926829268292683,19.582720948995334,0.975609756097561,0.04878048780487805,13.942215311753019,-2.924323332080691,6.125,6.046875,2649.7774529868334,2483.3913613246486
10,70,f50,mey,seasonal60,timer,2615.867154100285,2520.0865522883955,69.6900960303946,2359.564312553872,2680.0714385708416,3.800686993266748,1.3743789615401847,0.9512195121951219,0.07317073170731707,3.9457331702218914,0.975609756097561,0.04878048780487805,2.9882324995941114,4.621596587672214,27.375,26.878125,1247.117154100285,1176.1803022883955
10,70,f50,trust,seasonal60,timer,2254.8652191654646,2190.780001392924,36.03437523973257,2128.5114953408674,2281.6543284207432,2.9252237893259205,1.7784467566369317,0.9512195121951219,0.07317073170731707,2.0960144943913233,0.9024390243902439,0.12195121951219512,2.5770975023869886,3.2640610565764967,23.75,22.6875,1067.3652191654646,1056.405001392924
10,70,f2,thr,seasonal60,timer,2529.714394683453,2143.7860194596933,232.2718235506331,1733.443027704989,2939.0673439660186,18.00218733215859,1.6615376300243796,0.975609756097561,0.04878048780487805,-12.715772901685298,0.14634146341463414,0.8780487804878049,-1.598594078655927,38.43314067621673,6.0,6.0,2517.714394683453,2131.7860194596933
10,70,f2,mey,seasonal60,timer,485.74953860650595,481.27533381147225,6.864524259656326,467.3811535406238,503.53815336316075,0.9296559538175624,0.6517865806563122,0.7804878048780488,0.24390243902439024,-0.7697533257271147,0.24390243902439024,0.7804878048780488,0.49829776895807243,1.3659532278623967,134.875,134.94375,215.99953860650595,211.38783381147226
10,70,f2,trust,seasonal60,timer,437.9986165882201,431.70271660567397,4.165180173530645,422.6015561603856,443.2960206887093,1.4583878535786317,1.5115552557740537,0.926829268292683,0.0975609756097561,1.139166537409005,0.8536585365853658,0.17073170731707318,2.3818338710457736,0.4907697401359099,120.375,119.925,197.2486165882201,191.85271660567398
10,70,base,thr,seasonal60,timer,2323.370263571655,2328.989334623136,230.769527232152,1927.9987902851453,2959.717256554782,-0.24126649993398794,-0.024349276608901578,0.5901639344262295,0.4262295081967213,0.34147061489076413,0.639344262295082,0.3770491803278688,0.8292586406147198,-1.6369086501547045,5.916666666666667,5.95,2264.2035969049884,2269.489334623136
10,70,base,mey,seasonal60,timer,1077.2739280935434,1062.9827754318296,13.477835606392977,1033.895594415683,1092.8889842821316,1.344438780384575,1.060344782283517,0.8524590163934426,0.16393442622950818,0.3091226909820123,0.5737704918032787,0.4426229508196721,3.31177610386896,-0.6131767751536195,58.333333333333336,58.013888888888886,493.94059476021005,482.8438865429407
10,70,base,trust,seasonal60,timer,978.6303834235379,956.6056714513292,9.664347432765727,930.3476244879281,979.2284835601594,2.3023814963164053,2.2789652509321794,0.9836065573770492,0.03278688524590164,0.7323332463947761,0.7868852459016393,0.22950819672131148,1.5858011211285883,3.012791637098872,53.083333333333336,52.141666666666666,447.7970500902045,435.18900478466253
10,71,signed,thr,ma10,timer,2833.1166483838715,2324.735696643987,229.01639791340662,1857.9325771273552,2953.1038304200447,21.868333353928733,2.21984520048258,0.975609756097561,0.04878048780487805,13.375336044968744,0.926829268292683,0.0975609756097561,20.344828593754052,23.46992455658477,6.5,6.296875,2768.1166483838715,2261.766946643987
10,71,signed,mey,ma10,timer,1163.2663448052185,1164.3584804335023,14.578567263933786,1140.634427060221,1197.8510838391617,-0.09379719791083586,-0.07491378326220505,0.4634146341463415,0.5609756097560976,-1.0994993485420441,0.24390243902439024,0.7804878048780488,0.45753226427789784,-0.6535087488014862,67.375,69.340625,489.5163448052185,470.95223043350234
10,71,signed,trust,ma10,timer,979.3462659492669,979.1810941908185,12.031628303919549,960.2124561074545,1020.5505947476233,0.01686835657145921,0.013728130081496539,0.5609756097560976,0.4634146341463415,-1.2930368773362082,0.12195121951219512,0.9024390243902439,1.4250819187830541,-1.3926399046894125,55.875,56.503125,420.5962659492669,414.1498441908185
10,71,dwell5,thr,ma10,timer,3099.873400419395,2584.947975862358,285.84692066173443,2198.337280574863,3232.781713240589,19.92014653158557,1.8014027345999972,0.926829268292683,0.0975609756097561,-8.073927082295908,0.2926829268292683,0.7317073170731707,17.663423873065515,21.89491846977218,6.0,6.01875,3039.873400419395,2524.760475862358
10,71,dwell5,mey,ma10,timer,1164.3898083116483,1148.7269756223163,16.488661784508707,1117.60042932576,1193.7917576760115,1.3634948096214667,0.9499153354001931,0.926829268292683,0.0975609756097561,-1.7277697090482498,0.12195121951219512,0.9024390243902439,1.1623429145512254,1.566241411137349,63.875,64.825,525.6398083116483,500.47697562231633
10,71,dwell5,trust,ma10,timer,1039.7561986595272,1013.7311957619662,13.86594821445614,986.9180519373482,1038.5113160592873,2.5672488926415444,1.87690033851621,1.0,0.024390243902439025,-0.5820261865364027,0.34146341463414637,0.6829268292682927,0.5474518084990239,4.718010444466998,57.5,57.265625,464.7561986595272,441.0749457619662
10,71,f2,thr,ma10,timer,2876.8914925883846,2420.5975760900305,247.439741919735,1919.9803000365125,2864.8945126870435,18.85046572819434,1.8440607517541283,1.0,0.024390243902439025,5.896452869515967,0.6829268292682927,0.34146341463414637,2.5185855773520163,34.19416961611299,6.0,6.0375,2864.8914925883846,2408.5225760900307
10,71,f2,mey,ma10,timer,515.0090154237404,496.5196757512922,5.514014296754,485.99889763335256,507.0941660205409,3.723787913232573,3.3531541046842266,1.0,0.024390243902439025,-1.5018682537462442,0.0975609756097561,0.926829268292683,3.512824031794517,3.9360358167879888,139.375,140.190625,236.25901542374038,216.13842575129217
10,71,f2,trust,ma10,timer,448.53981973013373,443.2978168612664,3.265891416609547,436.32502718459966,450.4296100524129,1.1825013951078918,1.6050756746558452,0.926829268292683,0.0975609756097561,-0.27643086080179663,0.4146341463414634,0.6097560975609756,2.3092022609800926,0.044992531396290454,123.5,123.55,201.53981973013373,196.19781686126643
10,71,dwell200,thr,ma10,timer,2884.9164231823206,2537.034564224493,361.21212163952697,1951.0044713019258,3560.3024639835503,13.712145031976195,0.9630957493309091,0.8536585365853658,0.17073170731707318,-7.003648783315852,0.34146341463414637,0.6829268292682927,22.18340770187318,4.459503439662061,4.25,4.16875,2842.4164231823206,2495.347064224493
10,71,dwell200,mey,ma10,timer,871.3581334286172,848.6698523867475,11.86341181411611,827.3388388146416,879.1522118535713,2.673393072472475,1.9124583549289937,0.975609756097561,0.04878048780487805,1.893122735766779,0.926829268292683,0.0975609756097561,5.813961601546354,-0.12421983311212552,47.75,47.309375,393.8581334286172,375.5761023867475
10,71,dwell200,trust,ma10,timer,785.1806799797381,766.3618178821096,10.009211452521381,746.4947861202195,785.3576150516017,2.4556106082679956,1.880154314542726,0.975609756097561,0.04878048780487805,1.253506021947338,0.8048780487804879,0.21951219512195122,2.489457548670567,2.4247857361471947,45.375,43.315625,331.4306799797381,333.20556788210956
10,71,f50,thr,ma10,timer,3319.8914611337223,2843.3875252444677,328.162310789989,2320.0932552386193,3751.3590889557654,16.758318437381686,1.4520373614573867,0.926829268292683,0.0975609756097561,14.471315413135407,0.8780487804878049,0.14634146341463414,14.340934620775023,19.166066458277143,6.0,6.0,3019.8914611337223,2543.3875252444677
10,71,f50,mey,ma10,timer,2689.7097276403874,2535.37924021663,50.84832165339836,2438.80148849978,2632.690638953281,6.087077032727103,3.0351146784299616,1.0,0.024390243902439025,2.1065748054709084,0.8536585365853658,0.17073170731707318,6.463958193068101,5.688296720508362,29.5,28.253125,1214.7097276403874,1122.72299021663
10,71,f50,trust,ma10,timer,2333.5992894203837,2294.01709277107,45.26331060043421,2192.1406110136686,2377.0960378932414,1.725453431626355,0.8744874408045147,0.7560975609756098,0.2682926829268293,1.496985040218176,0.7317073170731707,0.2926829268292683,0.2863287428815482,3.0545335873379904,24.875,23.996875,1089.8492894203837,1094.17334277107
10,71,base,thr,ma10,timer,3097.201410620615,2681.8993752592496,333.00022657337234,2017.4348188795973,3341.7677706811605,15.485369779066367,1.2471524107802945,0.9180327868852459,0.09836065573770492,-9.624261637866713,0.2786885245901639,0.7377049180327869,22.985827287656466,8.819901195143114,6.0,6.045833333333333,3037.201410620615,2621.441041925916
10,71,base,mey,ma10,timer,1153.5829164412562,1120.923693913908,12.08514828832562,1098.6074342876047,1161.772131308808,2.9135990883833167,2.7024262961586802,0.9836065573770492,0.03278688524590164,-0.3685139017941699,0.39344262295081966,0.6229508196721312,3.1063941010814906,2.716364580118749,63.166666666666664,62.55555555555556,521.9162497745896,495.36813835835244
10,71,base,trust,ma10,timer,993.4402477001704,986.0087516485952,10.504606872722501,961.6448187853721,1010.828320900528,0.7536947353813882,0.7074511346895529,0.8032786885245902,0.21311475409836064,-1.72542427527527,0.08196721311475409,0.9344262295081968,0.5048064177229178,1.0179734424490199,53.416666666666664,53.75138888888889,459.2735810335038,448.4948627597063
10,72,signed,thr,naive,storage,1590.2379775915533,2415.622444814806,354.4910312580641,1904.953536202455,3209.840596269168,-34.16860399666185,-2.3283648793427028,0.024390243902439025,1.0,4.99494572306264,0.7073170731707317,0.3170731707317073,-34.12373177179528,-34.21046098575718,8.0,8.203125,1510.2379775915533,2333.591194814806
10,72,signed,mey,naive,storage,1104.9680091203932,1177.2504841159612,13.278318655286364,1147.2217049615192,1210.6410247932236,-6.139940137705483,-5.4436466597968645,0.024390243902439025,1.0,-1.398560182183496,0.12195121951219512,0.9024390243902439,-6.6266708774704925,-5.657527539026092,68.375,72.115625,421.21800912039316,456.09423411596117
10,72,signed,trust,naive,storage,1054.0630787659293,1047.3332729321603,12.563199652408425,1019.0052820331571,1076.612485724132,0.6425658391361823,0.5356761032193612,0.6829268292682927,0.34146341463414637,2.4653221711382276,0.975609756097561,0.04878048780487805,2.060634559980854,-0.7524442028647975,65.125,62.584375,402.8130787659293,421.4895229321603
10,72,dwell5,thr,naive,storage,1720.0004367153947,2238.1127173711006,295.6419307983952,1852.1827030400275,3118.771829391206,-23.149516851156786,-1.7524993131269264,0.024390243902439025,1.0,37.820420721465496,0.975609756097561,0.04878048780487805,-17.05877632645354,-28.88697654903029,6.75,7.284375,1652.5004367153947,2165.2689673711006
10,72,dwell5,mey,naive,storage,1145.7542436250915,1174.6694050203587,12.403866635348683,1147.8781656914957,1207.690073998027,-2.461557377053339,-2.331140945426198,0.024390243902439025,1.0,0.6683333288404908,0.7560975609756098,0.2682926829268293,-2.648103430236174,-2.281180744257378,70.5,68.703125,440.7542436250915,487.6381550203587
10,72,dwell5,trust,naive,storage,1025.514358893487,1054.3770112601142,16.355889135704547,1025.8505783122555,1091.6365533962216,-2.737412904339842,-1.7646642213794772,0.024390243902439025,1.0,-1.735389911643206,0.0975609756097561,0.926829268292683,-3.188962559673566,-2.291261086440875,60.25,61.309375,423.01435889348704,441.28326126011416
10,72,dwell200,thr,naive,storage,2441.9418886151716,2672.5028516920365,287.68741740331,2078.0520786890593,3274.1316946385887,-8.627154988100024,-0.8014287352499699,0.2682926829268293,0.7560975609756098,-8.653371769728022,0.2682926829268293,0.7560975609756098,0.5034392446176027,-18.985137653839796,6.125,6.390625,2380.6918886151716,2608.5966016920365
10,72,dwell200,mey,naive,storage,909.1002239082984,927.4691228781772,15.972387174567174,897.9812847598298,960.2839213917543,-1.9805402160317083,-1.150040928079156,0.17073170731707318,0.8536585365853658,-3.7840213382964434,0.024390243902439025,1.0,-5.6749335374280765,1.6668942114951535,52.875,55.221875,380.3502239082984,375.25037287817725
10,72,dwell200,trust,naive,storage,830.3533035921068,829.9219361607313,10.591442586617855,803.5182766737985,850.6529184936999,0.05197686825474835,0.04072792047426542,0.5609756097560976,0.4634146341463415,-0.9022899646045143,0.24390243902439024,0.7804878048780488,-1.4995933215437338,1.5534787641332106,46.375,47.078125,366.60330359210684,359.1406861607313
10,72,f2,thr,naive,storage,1739.5077007452196,2275.517251291922,312.46084183506696,1791.400260279609,3346.852365524149,-23.555503709865693,-1.7154455175846839,0.024390243902439025,1.0,26.167138635936595,0.9512195121951219,0.07317073170731707,-24.440518091297584,-22.56179347973487,6.625,7.25625,1726.2577007452196,2261.0047512919223
10,72,f2,mey,naive,storage,484.1751330742088,503.9297733131336,4.8724971805040695,496.31778000481245,514.2119287248773,-3.9201176999418053,-4.054315376100661,0.024390243902439025,1.0,-0.39895232816837933,0.43902439024390244,0.5853658536585366,-5.6585161305912415,-2.145519122599298,148.875,151.25,186.42513307420882,201.42977331313358
10,72,f2,trust,naive,storage,443.69344212273177,460.59587103727563,4.413188888337513,449.36423849602477,468.2081832691672,-3.669687458656346,-3.829980846550884,0.024390243902439025,1.0,0.5008164087688691,0.6829268292682927,0.34146341463414637,-4.664593634010915,-2.653209264272004,130.125,135.0625,183.44344212273177,190.47087103727563
10,72,f50,thr,naive,storage,2406.126041506812,2762.8346980814927,305.0446115088169,2230.2941589555694,3727.9204353930345,-12.910966292061508,-1.169365539061065,0.0975609756097561,0.926829268292683,-6.444467897779747,0.3170731707317073,0.7073170731707317,-12.95809984777278,-12.866323589558903,6.875,7.4375,2062.376041506812,2390.9596980814927
10,72,f50,mey,naive,storage,2338.0871469762997,2454.436574244314,58.07072073081293,2293.0826684706535,2556.6842463526655,-4.740372128126263,-2.003581595058081,0.07317073170731707,0.9512195121951219,-1.0512266215709536,0.3902439024390244,0.6341463414634146,-6.910769675934157,-2.687342341341438,27.75,28.94375,950.5871469762997,1007.2490742443142
10,72,f50,trust,naive,storage,2234.957382646272,2331.9148119843776,46.43982258462713,2266.382282982836,2511.7200411715526,-4.15784611169386,-2.0878079187624032,0.024390243902439025,1.0,4.262788235482854,0.975609756097561,0.04878048780487805,-4.383790925768885,-3.928025431839475,23.5,24.865625,1059.957382646272,1088.6335619843776
10,72,base,thr,naive,storage,1880.7237587875686,2419.6725114533883,274.3331417507812,1862.1292053627628,3170.671262300501,-22.273623811269296,-1.9645776271371158,0.03278688524590164,0.9836065573770492,0.8298514905399997,0.5737704918032787,0.4426229508196721,-20.52628219719741,-24.317036911868424,7.083333333333333,7.345833333333333,1809.8904254542354,2346.214178120055
10,72,base,mey,naive,storage,1087.9459151524914,1136.533075001726,13.327032147911503,1112.76780203673,1168.238332205422,-4.2750326337102775,-3.6457599343938596,0.01639344262295082,1.0,1.230765957799255,0.8688524590163934,0.14754098360655737,-3.5654084035574742,-5.014663912578552,64.16666666666667,67.10138888888889,446.2792484858246,465.51918611283713
10,72,base,trust,naive,storage,1022.2768923151822,1035.1192663901618,11.654493951306284,1012.125411615683,1063.2096370075676,-1.2406661234087202,-1.1019246419995934,0.16393442622950818,0.8524590163934426,0.927992298299474,0.7540983606557377,0.26229508196721313,-0.18470900668351975,-2.311879341082105,58.416666666666664,58.87361111111111,438.11022564851555,446.3831552790507
10,74,signed,thr,ma10,http,1769.1573153488698,1955.453557725939,202.85718362254718,1650.415302683045,2503.612988315215,-9.527009303852715,-0.9183615736463505,0.1951219512195122,0.8292682926829268,-13.378491866120816,0.12195121951219512,0.9024390243902439,-16.344608235708083,-2.5468158637227805,8.0,7.934375,1689.1573153488698,1876.109807725939
10,74,signed,mey,ma10,http,1059.3209940765296,1062.329145844053,13.384585339524966,1026.6889830762682,1081.4247957054556,-0.28316570050739004,-0.22474747563828892,0.3902439024390244,0.6341463414634146,0.10167235180411298,0.4146341463414634,0.6097560975609756,-0.7751087209639477,0.22021897890270098,61.75,60.9625,441.8209940765296,452.7041458440531
10,74,signed,trust,ma10,http,969.4219173462016,954.8471418172,11.50422087772104,928.652528921959,985.8805809374519,1.5263988224611302,1.2669067887271588,0.926829268292683,0.0975609756097561,-0.5706350163770487,0.34146341463414637,0.6829268292682927,2.817454444140134,0.2330580731382672,54.25,53.359375,426.92191734620155,421.25339181720005
10,74,dwell5,thr,ma10,http,1963.305981564832,2106.7840840270155,210.13213390372735,1665.8343525461346,2722.753010409749,-6.810289841754072,-0.682799435748929,0.3170731707317073,0.7073170731707317,-3.0384661735501233,0.43902439024390244,0.5853658536585366,-3.4528211750473097,-9.942921534525459,8.0,7.96875,1883.305981564832,2027.0965840270155
10,74,dwell5,mey,ma10,http,1087.803372200709,1080.1412605902374,13.679800335214358,1055.6967989348598,1106.7552784454774,0.7093619964378237,0.5601040528894182,0.6829268292682927,0.34146341463414637,-0.3527748302310708,0.3902439024390244,0.6341463414634146,1.6983165598276464,-0.26273469764419255,64.375,63.43125,444.05337220070896,445.8287605902374
10,74,dwell5,trust,ma10,http,993.909281602369,999.8544592253953,11.663812365388539,976.1804786691434,1025.9067412698741,-0.5946043014732522,-0.5097113565259486,0.3902439024390244,0.6341463414634146,-0.22108802270393227,0.4634146341463415,0.5609756097560976,1.283990060447371,-2.43637097928734,56.625,56.615625,427.659281602369,433.6982092253953
10,74,dwell200,thr,ma10,http,1830.5994812137483,1995.039320853669,252.31988696003287,1663.0677269808725,2925.5487234631646,-8.242436022241291,-0.6517117680302698,0.2682926829268293,0.7560975609756098,3.2552220632019115,0.6829268292682927,0.34146341463414637,-11.346723627096598,-5.253978739860939,6.5,6.3625,1765.5994812137483,1931.414320853669
10,74,dwell200,mey,ma10,http,841.0737910147236,841.3416307446639,13.250037988121006,813.2884965204255,871.679531984621,-0.031834836189342415,-0.02021426128592469,0.5609756097560976,0.4634146341463415,-0.9358677128887339,0.3170731707317073,0.7073170731707317,-0.2821295797880808,0.22966824185377507,48.375,48.7375,357.3237910147236,353.9666307446639
10,74,dwell200,trust,ma10,http,802.2896057108524,793.8172074877386,10.760519751309252,776.5079694801619,819.9599051043573,1.0672983834561913,0.7873595717421421,0.7804878048780488,0.24390243902439024,1.4162529175797545,0.8780487804878049,0.14634146341463414,1.2919436794976684,0.8285354001045402,46.625,45.8,336.03960571085236,335.81720748773864
10,74,f2,thr,ma10,http,1739.8362913561348,1898.3784071311493,148.9554003485342,1687.7420245115554,2317.3436811948914,-8.351449594004029,-1.0643596365358274,0.0975609756097561,0.926829268292683,9.405806197583964,0.8536585365853658,0.17073170731707318,-3.593942783445145,-12.970362702664623,8.0,7.9,1723.8362913561348,1882.5784071311493
10,74,f2,mey,ma10,http,459.5637777747214,458.1985733696944,4.495679272376629,450.1225440920424,471.82475602339974,0.2979503831683774,0.3036703292904904,0.6585365853658537,0.36585365853658536,1.1329293976398591,0.9024390243902439,0.12195121951219512,1.04193334767612,-0.4209459662012741,136.375,137.50625,186.81377777472142,183.18607336969438
10,74,f2,trust,ma10,http,426.1026194437718,422.474567631225,2.9810707670635277,417.8569609764993,428.35512142952655,0.8587621813282027,1.2170297507296597,0.8292682926829268,0.1951219512195122,0.013794673573073544,0.5853658536585366,0.43902439024390244,1.2383003502664836,0.48664900957977514,125.5,122.425,175.1026194437718,177.624567631225
10,74,f50,thr,ma10,http,2125.9429551295298,2389.9928305929816,253.72447195894048,2085.166834678149,3140.8506665253453,-11.04814508577159,-1.0406953394159877,0.12195121951219512,0.9024390243902439,-1.4911760126397422,0.5609756097560976,0.4634146341463415,-13.302895115376886,-8.603989338091711,8.0,7.859375,1725.9429551295298,1997.0240805929816
10,74,f50,mey,ma10,http,2326.7830071357503,2383.386024919857,45.89660967208121,2294.0054746584906,2520.334954261975,-2.3748992900136683,-1.2332723089683493,0.12195121951219512,0.9024390243902439,0.14933948934197278,0.5853658536585366,0.43902439024390244,-1.2842742483380583,-3.443794164744916,26.375,26.9125,1008.0330071357503,1037.761024919857
10,74,f50,trust,ma10,http,2217.05064806473,2242.182694850154,40.89426696651316,2161.918950658346,2327.7945268804406,-1.120874175112812,-0.6145616158373399,0.2926829268292683,0.7317073170731707,0.26746846012258996,0.5853658536585366,0.43902439024390244,-2.4687083492828044,0.20518452069833476,25.125,25.50625,960.80064806473,966.8701948501539
10,74,base,thr,ma10,http,1929.3759673858942,1962.6968761804408,149.5622599154923,1661.6221133363754,2335.845121197104,-1.6977103901745436,-0.22278955141072337,0.45901639344262296,0.5573770491803278,8.283214952303437,0.819672131147541,0.19672131147540983,-1.4768168416282923,-1.9193173153381073,7.833333333333333,7.788888888888889,1851.042634052561,1884.8079872915519
10,74,base,mey,ma10,http,1052.5041093313541,1040.6609061796944,10.331223920464785,1019.1996243931773,1064.5985249477542,1.1380463204999776,1.1463504462622207,0.8688524590163934,0.14754098360655737,-0.6697778031373286,0.29508196721311475,0.7213114754098361,1.514697760877718,0.7687868971039641,61.416666666666664,61.548611111111114,438.3374426646875,425.1747950685833
10,74,base,trust,ma10,http,966.4242546522916,960.4511265367377,7.258351746273404,943.7385604596029,978.3188931206872,0.6219085959211914,0.8229317514986271,0.819672131147541,0.19672131147540983,-0.11252832175285729,0.47540983606557374,0.5409836065573771,0.636669424807781,0.6069496283647733,54.666666666666664,55.03194444444444,419.7575879856249,410.1316820922932
10,75,signed,thr,naive,event,2423.0820668802553,2363.2724626954796,272.51107036336384,1900.2924186176047,3381.723843016389,2.5307959674086256,0.21947586975100172,0.6585365853658537,0.36585365853658536,13.04458424341695,0.9024390243902439,0.12195121951219512,6.368953842447128,-1.5024225739726678,6.375,6.571875,2359.3320668802553,2297.5537126954796
10,75,signed,mey,naive,event,1150.5366236795876,1149.405014124143,15.39254541519705,1119.5670078544915,1188.6057183446005,0.09845176778760448,0.07351672676095185,0.5609756097560976,0.4634146341463415,1.453989193727973,0.8780487804878049,0.14634146341463414,0.19009315691658488,0.00689808264669148,68.375,68.665625,466.7866236795876,462.748764124143
10,75,signed,trust,naive,event,1028.684189510133,1017.5137056011594,11.834448228618955,993.7849922366802,1045.2925877638743,1.0978214688886077,0.943895625142898,0.8048780487804879,0.21951219512195122,0.6934081324242469,0.6341463414634146,0.3902439024390244,1.0048421749453065,1.1917946452343355,59.5,58.90625,433.6841895101329,428.45120560115936
10,75,dwell5,thr,naive,event,2137.4600079637876,2369.119406884144,293.4877201418801,1863.181022631489,3137.1943607810676,-9.778291387390812,-0.7893325104313257,0.24390243902439024,0.7804878048780488,-3.5343696150164527,0.5365853658536586,0.4878048780487805,-13.007976679997288,-6.522207421061764,6.0,6.190625,2077.4600079637876,2307.213156884144
10,75,dwell5,mey,naive,event,1188.9578963823633,1170.27981748717,17.927021580904494,1130.8541736008183,1220.667022648996,1.5960352913971394,1.0418952646929807,0.8536585365853658,0.17073170731707318,0.6970390080271828,0.6341463414634146,0.3902439024390244,1.1361755399449966,2.0401520280310286,67.625,65.60625,512.7078963823633,514.21731748717
10,75,dwell5,trust,naive,event,1032.0853056012747,1024.7844842488091,12.39259088675423,1000.4885690657716,1049.7207595404184,0.7124250478691908,0.5891279248368533,0.7073170731707317,0.3170731707317073,0.5832768609770748,0.7073170731707317,0.3170731707317073,-0.140449211612649,1.5742706095861398,55.625,55.6,475.83530560127474,468.7844842488091
10,75,dwell200,thr,naive,event,3040.270732807314,2704.6220979175296,319.8046988074611,2197.4194362570074,3464.662211724238,12.410186071770351,1.0495425368714237,0.8780487804878049,0.14634146341463414,-18.408070011591253,0.04878048780487805,0.975609756097561,25.862648445439973,-3.5077772577749284,4.625,4.875,2994.020732807314,2655.8720979175296
10,75,dwell200,mey,naive,event,960.7487393488933,958.3326992879672,12.913733213265873,928.6676068427113,980.8954281509733,0.25210869489491383,0.18709075222679766,0.5365853658536586,0.4878048780487805,0.05450251530631031,0.5121951219512195,0.5121951219512195,0.9136834464408469,-0.3564323673764073,52.0,52.90625,440.7487393488933,429.2701992879672
10,75,dwell200,trust,naive,event,823.1473940190613,830.9335759647481,10.421620302285136,811.145424124288,858.823404318059,-0.937040236537171,-0.7471181754702368,0.2926829268292683,0.7317073170731707,-0.8359662887386,0.2926829268292683,0.7317073170731707,2.2780181500606633,-4.015484364063507,42.0,42.934375,403.14739401906127,401.5898259647481
10,75,f50,thr,naive,event,2795.015081665887,2516.1899225772427,274.10609794714964,2197.1791275245605,3355.673641733675,11.08124456690669,1.017216184451338,0.8780487804878049,0.14634146341463414,28.844925413701688,0.9512195121951219,0.07317073170731707,15.964078278855105,5.535153694581348,6.25,6.146875,2482.515081665887,2208.8461725772427
10,75,f50,mey,naive,event,2644.889522810423,2532.30021820232,53.024103685895355,2435.634930400087,2635.361882493865,4.446127824765973,2.123360826145413,1.0,0.024390243902439025,1.9307088062071596,0.8048780487804879,0.21951219512195122,4.222456642223728,4.666212040239719,30.5,29.434375,1119.889522810423,1060.5814682023201
10,75,f50,trust,naive,event,2275.669003223352,2231.7685568633124,37.158388149598416,2137.410876784727,2306.0467046634903,1.9670698480374835,1.181441083593233,0.9024390243902439,0.12195121951219512,2.4434753669464797,0.9512195121951219,0.07317073170731707,1.6907070539159483,2.2492246479911904,24.0,24.003125,1075.6690032233519,1031.6123068633124
10,75,f2,thr,naive,event,2454.956752384661,2359.7507134515427,236.7398012488979,2018.0505938442961,3148.9933953285054,4.034580364375138,0.4021547641371157,0.7317073170731707,0.2926829268292683,-17.530803233503264,0.024390243902439025,1.0,-0.5517862315513599,7.927258556265159,6.125,6.103125,2442.706752384661,2347.5444634515425
10,75,f2,mey,naive,event,511.81353166369365,508.20418170215123,5.158192439452117,495.25680656848147,520.2240155918633,0.7102165018503905,0.6997315443170615,0.7560975609756098,0.2682926829268293,0.48928695639478265,0.7073170731707317,0.3170731707317073,-0.8124350956634894,2.310627351467757,141.75,142.028125,228.31353166369365,224.14793170215125
10,75,f2,trust,naive,event,453.3662995252111,449.46359423304455,3.176926801890618,441.9361952524021,458.3321296853426,0.8683028708534347,1.22845300994786,0.8780487804878049,0.14634146341463414,-1.7849624693729471,0.024390243902439025,1.0,2.294989835846289,-0.5786957377759058,122.25,122.89375,208.8662995252111,203.67609423304455
10,76,signed,thr,seasonal60,http,1787.0749920345274,2282.0905734775915,237.07285511034218,1906.4688405390143,2852.420609464174,-21.691320545999563,-2.0880314670047997,0.024390243902439025,1.0,5.280149120563298,0.7804878048780488,0.24390243902439024,-24.011826536220937,-19.230976004630786,6.625,6.740625,1720.8249920345274,2214.6843234775915
10,76,signed,mey,seasonal60,http,1147.0914792281878,1165.0616570674015,14.883822474091591,1132.8224930211768,1194.2693344929112,-1.5424229035608912,-1.2073630863640374,0.12195121951219512,0.9024390243902439,-0.6604013772173465,0.34146341463414637,0.6829268292682927,-2.771730890431881,-0.30234528618699164,70.125,72.171875,445.84147922818784,443.3429070674015
10,76,signed,trust,seasonal60,http,990.6561492771708,986.2923474824911,11.797476257831875,963.1758835740543,1007.5476030049463,0.44244506264479394,0.3698928227791738,0.6341463414634146,0.3902439024390244,-0.5689225309568107,0.3902439024390244,0.6341463414634146,2.0954846263788256,-1.2004636957069568,58.0,56.478125,410.6561492771708,421.5110974824911
10,76,dwell5,thr,seasonal60,http,1484.1864267002375,2207.4164726179315,198.01649035616109,1917.3992310703634,2649.3850071881466,-32.76364269674786,-3.652372813076633,0.024390243902439025,1.0,2.1529568125018117,0.6341463414634146,0.3902439024390244,-33.61867207841182,-31.917750741959853,6.25,6.20625,1421.6864267002375,2145.3539726179315
10,76,dwell5,mey,seasonal60,http,1138.7763956275262,1165.1822831254883,15.50605755240563,1118.4425390609285,1190.5680698930933,-2.266245194454114,-1.702940119286831,0.0975609756097561,0.926829268292683,-0.6301171101491868,0.2926829268292683,0.7317073170731707,-0.7353580796478555,-3.7990104354992336,66.75,66.25625,471.2763956275262,502.6197831254883
10,76,dwell5,trust,seasonal60,http,976.4325211600885,1000.0956562646312,12.555455057253596,981.340479542804,1028.0211271465168,-2.366087179392895,-1.8846895629539049,0.024390243902439025,1.0,0.9092382876073758,0.7804878048780488,0.24390243902439024,-2.844603726416849,-1.8987601675077221,55.625,56.478125,420.1825211600885,435.3144062646312
10,76,dwell200,thr,seasonal60,http,2214.395693717346,2337.5595036796612,403.620621770083,1814.6487311292808,3818.1053577577477,-5.268905872489544,-0.3051474660094887,0.43902439024390244,0.5853658536585366,-8.634025458011015,0.34146341463414637,0.6829268292682927,-5.780697381547523,-4.8344513152367465,4.625,4.55,2168.145693717346,2292.0595036796612
10,76,dwell200,mey,seasonal60,http,883.4802411944303,883.8136599560369,16.78654301610439,851.7873439192341,917.6431941594874,-0.037725006606390284,-0.01986226474901503,0.43902439024390244,0.5853658536585366,-1.500261090842937,0.2682926829268293,0.7560975609756098,0.5816037894185299,-0.6468024945071544,50.0,50.815625,383.4802411944303,375.6574099560369
10,76,dwell200,trust,seasonal60,http,791.4802526097267,788.0517501846805,12.607531392832684,765.8291422495267,818.4316077757896,0.4350605685784872,0.2719408199923481,0.6097560975609756,0.4146341463414634,0.5693766894723987,0.6341463414634146,0.3902439024390244,0.06037610091655379,0.8122115487701494,44.0,44.765625,351.4802526097267,340.3955001846805
10,76,f2,thr,seasonal60,http,2013.38443835534,2266.8389056385704,244.56830272452632,1903.872318228399,2949.310051101496,-11.180965116346986,-1.0363340811532435,0.14634146341463414,0.8780487804878049,-5.386279724007923,0.36585365853658536,0.6585365853658537,-8.231307271733096,-14.555134729492288,6.125,6.309375,2001.13443835534,2254.2201556385703
10,76,f2,mey,seasonal60,http,487.54653980201317,489.3211734692753,4.555298781645385,475.2782658491394,501.28415642990166,-0.362672568341983,-0.3895756902736353,0.36585365853658536,0.6585365853658537,-0.2628348135870984,0.43902439024390244,0.5853658536585366,-0.20413131394750475,-0.516964821701408,135.75,140.128125,216.04653980201317,209.0649234692753
10,76,f2,trust,seasonal60,http,427.7050064708759,431.18170397661504,4.060462148738271,422.6184582783928,440.15009639257084,-0.80631842067392,-0.8562319702498574,0.24390243902439024,0.7804878048780488,-0.9944456248251159,0.1951219512195122,0.8292682926829268,-0.9281242975873883,-0.6900970161078711,116.125,119.171875,195.4550064708759,192.83795397661504
10,75,base,thr,naive,event,2479.029147620083,2318.045429676613,242.71311479543425,1949.5206789897932,2900.7901400005157,6.944804268393002,0.6632674879524006,0.7540983606557377,0.26229508196721313,-14.444547226423474,0.04918032786885246,0.9672131147540983,6.3915159458442545,7.4956300879866244,6.166666666666667,6.158333333333333,2417.3624809534167,2256.4620963432794
10,75,base,mey,naive,event,1083.1126084037858,1114.3236415540223,14.375123563680653,1082.7335234086497,1147.5477406850225,-2.8008948196333687,-2.171183643185683,0.03278688524590164,0.9836065573770492,-0.6362696710824648,0.36065573770491804,0.6557377049180327,-1.591739482368464,-4.034680285030962,61.083333333333336,61.84305555555556,472.2792750704524,495.89308599846674
10,75,base,trust,naive,event,1010.8179388631115,1006.2823655820725,10.188598929252281,988.8237451011178,1030.0164126912982,0.45072570445129756,0.4451616274752935,0.7049180327868853,0.3114754098360656,-0.515624188360909,0.3442622950819672,0.6721311475409836,-0.3355735750851573,1.2356086540665248,54.5,55.858333333333334,465.8179388631115,447.6990322487392
10,76,f50,thr,seasonal60,http,1954.3170775317321,2432.267613473568,297.8696627248242,2007.999901029662,3212.6628601621105,-19.650409078928018,-1.6045626518984333,0.024390243902439025,1.0,-1.6807563042440172,0.4878048780487805,0.5365853658536586,-23.631327033804677,-15.884002296917672,6.375,6.334375,1635.5670775317321,2115.548863473568
10,76,f50,mey,seasonal60,http,2355.1171744106077,2430.240921578491,62.54711775676253,2326.754666964643,2624.660876872231,-3.0912057525181025,-1.2010744837200906,0.14634146341463414,0.8780487804878049,-1.9969520551888302,0.24390243902439024,0.7804878048780488,-0.664395785881076,-5.503564101588099,27.0,27.1,1005.1171744106077,1075.240921578491
10,76,f50,trust,seasonal60,http,2219.883106197048,2233.3650313759417,31.35143486987971,2177.1423336006183,2315.3092314645596,-0.6036597237571842,-0.4300257782410483,0.34146341463414637,0.6829268292682927,-1.7899500641412627,0.12195121951219512,0.9024390243902439,-2.895176061748101,1.58427736005786,24.5,24.296875,994.8831061970482,1018.5212813759417
10,76,base,thr,seasonal60,http,1715.7368837697552,2298.658083012388,253.12096212070708,1914.8503746027188,3276.734929291935,-25.359195591138786,-2.3029353015996055,0.01639344262295082,1.0,25.434176266936646,0.9508196721311475,0.06557377049180328,-29.891426547821922,-20.911633559967726,6.25,6.252777777777778,1653.2368837697552,2236.13030523461
10,76,base,mey,seasonal60,http,1086.619498096404,1098.13346214836,15.412500017614642,1065.7417849546352,1137.2157268063736,-1.0485031600285075,-0.747053627821374,0.26229508196721313,0.7540983606557377,1.1187089254117806,0.8032786885245902,0.21311475409836064,-1.2668614448179363,-0.8261070712495179,62.583333333333336,62.32222222222222,460.7861647630706,474.9112399261378
10,76,base,trust,seasonal60,http,971.8433666290845,976.1516318785159,10.00592229350145,946.2705320256963,996.8601474470414,-0.441352051129655,-0.4305715278470151,0.36065573770491804,0.6557377049180327,1.3164272815388545,0.8852459016393442,0.13114754098360656,-0.029419716478477135,-0.8522924897698981,54.0,53.329166666666666,431.84336662908447,442.85996521184927
10,77,signed,thr,ma10,queue,1937.061631819809,2570.29192003367,288.5198714877298,1873.335360763761,3302.1033424014904,-24.636512424066055,-2.1947545066780303,0.04878048780487805,0.975609756097561,-14.63732433606927,0.0975609756097561,0.926829268292683,-24.52226261528155,-24.751137554748965,8.25,8.921875,1854.561631819809,2481.07317003367
10,77,signed,mey,ma10,queue,1134.1913985971273,1144.229691221159,12.229522008136142,1111.1889515605878,1164.8801222897268,-0.8772969886245996,-0.8208246092818213,0.24390243902439024,0.7804878048780488,0.042017871517285595,0.43902439024390244,0.5853658536585366,-3.8659344783323992,2.1652315108179643,69.125,70.7,442.9413985971273,437.2296912211591
10,77,signed,trust,ma10,queue,993.1882473446533,997.065221003445,13.965817011774108,960.5688771842797,1031.5320569645671,-0.3888385210036643,-0.27760450072653586,0.3170731707317073,0.7073170731707317,-0.44978102428105976,0.3170731707317073,0.7073170731707317,-1.0110081547406344,0.23510440909342817,57.875,58.16875,414.4382473446533,415.377721003445
10,77,dwell5,thr,ma10,queue,1570.5714000950468,2065.947902147319,265.75021439210235,1633.946147022141,2738.7099973953923,-23.97817009506311,-1.8640681181967615,0.024390243902439025,1.0,20.94116097279164,0.926829268292683,0.0975609756097561,-22.832092561713477,-25.201028207848147,8.375,8.55,1486.8214000950468,1980.447902147319
10,77,dwell5,mey,ma10,queue,1105.3438795732027,1142.959293157615,14.687804061663607,1113.8626297605592,1176.6007615324565,-3.2910545292031856,-2.560996417605527,0.024390243902439025,1.0,0.2097655639129295,0.5609756097560976,0.4634146341463415,-2.4617158735725,-4.138111859390014,66.625,68.021875,439.0938795732027,462.7405431576151
10,77,dwell5,trust,ma10,queue,1038.6945491750917,1058.5918545285901,11.69465843361139,1036.9580789971487,1080.4744266427492,-1.879601214422637,-1.7014011539073288,0.04878048780487805,0.975609756097561,1.4679347097114974,0.926829268292683,0.0975609756097561,-0.6048620079268403,-3.1226705659719425,61.625,61.484375,422.44454917509165,443.74810452859015
10,77,dwell200,thr,ma10,queue,2949.8947680007077,2773.8950649703497,541.7541736007095,1870.4445843634282,4269.458573883616,6.34485800320782,0.3248700455053172,0.7317073170731707,0.2926829268292683,5.8463991999528115,0.7317073170731707,0.2926829268292683,15.015534165246049,-2.194176030860851,8.625,8.446875,2863.6447680007077,2689.4263149703497
10,77,dwell200,mey,ma10,queue,944.1441561153699,980.1584622121582,14.141479603191737,954.4512706091565,1013.685031719433,-3.6743350677711977,-2.54671414217928,0.024390243902439025,1.0,-1.0389862342796086,0.34146341463414637,0.6829268292682927,-3.717554867379377,-3.630239479703723,59.75,61.0,346.6441561153699,370.15846221215816
10,77,dwell200,trust,ma10,queue,864.6561477573903,884.715439641074,12.5337729650658,859.7175112535886,906.8778471739813,-2.267315679697159,-1.6004192783444453,0.07317073170731707,0.9512195121951219,0.8951913695309331,0.7073170731707317,0.3170731707317073,-3.718870697198596,-0.8256990882222989,48.875,50.31875,375.9061477573903,381.527939641074
10,77,f2,thr,ma10,queue,2328.266272194428,2547.8022306088337,372.4227041442596,1915.3636072272084,3302.908689266304,-8.616679731925052,-0.5894805981790183,0.34146341463414637,0.6829268292682927,-6.979516921144099,0.3902439024390244,0.6341463414634146,-7.709159050458096,-9.40853392477059,8.625,8.628125,2311.016272194428,2530.545980608834
10,77,f2,mey,ma10,queue,478.6809640368724,494.9069683461461,5.7770826958022505,483.5962909510047,509.44986914476846,-3.2785968570005926,-2.808684791904367,0.024390243902439025,1.0,1.2921046273164776,0.9512195121951219,0.07317073170731707,-2.7832702911199627,-3.7865018803867234,143.875,148.26875,190.9309640368724,198.36946834614605
10,77,f2,trust,ma10,queue,451.7236199282816,460.93815655393337,4.07586354480053,452.7914949673824,471.7766079413567,-1.999083064535489,-2.2607568983526196,0.024390243902439025,1.0,1.6104936029413865,0.975609756097561,0.04878048780487805,-1.4261935773277605,-2.5691791497504157,133.875,136.775,183.9736199282816,187.38815655393336
10,77,f50,thr,ma10,queue,2392.5382568895625,2714.8915567726494,294.65083653392446,2156.149510700252,3356.206965049816,-11.873523974795045,-1.0940179355166126,0.21951219512195122,0.8048780487804879,-15.647694401602644,0.0975609756097561,0.926829268292683,-16.02952852143315,-7.259716133512533,9.0,8.965625,1942.5382568895625,2266.6103067726494
10,77,f50,mey,ma10,queue,2388.449844824052,2449.864638305958,48.64264749249279,2368.177291278831,2586.5880105384954,-2.5068647680213663,-1.2625709464392234,0.12195121951219512,0.9024390243902439,-2.5012989229050615,0.12195121951219512,0.9024390243902439,-3.90111621670865,-1.1090326807229947,28.75,29.20625,950.949844824052,989.5521383059581
10,77,f50,trust,ma10,queue,2289.46973481611,2239.0770243671363,43.20790173690266,2146.0101487027805,2340.3043026061446,2.250601917690471,1.166284601270848,0.8536585365853658,0.17073170731707318,-1.2884503462572376,0.21951219512195122,0.8048780487804879,0.1354021287310306,4.39939667170675,26.125,25.45625,983.2197348161098,966.2645243671363
10,78,signed,thr,naive,timer,2077.391725996228,2168.7581493017956,150.69144933537487,1848.668564496185,2465.254516465301,-4.212845186771134,-0.6063145832662659,0.34146341463414637,0.6829268292682927,-5.665602769586105,0.24390243902439024,0.7804878048780488,-15.709279929881951,6.955677264624737,6.0,6.009375,2017.3917259962282,2108.6643993017956
10,78,signed,mey,naive,timer,1033.7606497444006,1069.9180232247709,15.712430388081387,1041.6370951568374,1097.419129872988,-3.3794526959542863,-2.301195460366041,0.024390243902439025,1.0,0.6707628640853338,0.6097560975609756,0.4146341463414634,-1.9262081164299403,-4.810119871020069,57.25,59.525,461.26064974440055,474.6680232247709
10,78,signed,trust,naive,timer,973.2532064371551,970.6011042546764,9.58974476531409,951.9444376936478,992.176394221075,0.27324326861498777,0.27655607603564614,0.6829268292682927,0.34146341463414637,-1.3393129009620142,0.07317073170731707,0.9512195121951219,-1.5388255232275034,2.0574652058767673,53.5,54.2625,438.2532064371551,427.97610425467644
10,78,dwell5,thr,naive,timer,2157.3973801167604,2262.576921591509,87.80725608576714,2061.492703471305,2426.314634089097,-4.648661465209528,-1.1978456697475284,0.12195121951219512,0.9024390243902439,0.19909376812998028,0.5365853658536586,0.4878048780487805,-1.196817873908242,-8.267084454696988,6.0,6.0,2097.3973801167604,2202.576921591509
10,78,dwell5,mey,naive,timer,1140.972734069604,1126.991376804602,16.70656833819776,1092.6714863860655,1160.1441893448493,1.2405913259641719,0.8368778663560266,0.7804878048780488,0.24390243902439024,2.7219308023452595,0.975609756097561,0.04878048780487805,-1.655085502810706,4.17104782433145,54.625,54.3625,594.722734069604,583.3663768046019
10,78,dwell5,trust,naive,timer,1005.2027812863439,1001.0719577356734,8.238418324215042,983.7146506255463,1013.7696654316151,0.4126400224029837,0.5014097837844446,0.6341463414634146,0.3902439024390244,0.29302487091541696,0.5853658536585366,0.43902439024390244,0.013084529600320145,0.8052513813561676,54.625,53.434375,458.9527812863439,466.72820773567344
10,78,dwell200,thr,naive,timer,2363.0658787192924,2420.559183855998,88.85514663014716,2226.2709326623103,2561.8734374240166,-2.375207576834279,-0.6470453014502041,0.3170731707317073,0.7073170731707317,-6.1447563669128495,0.04878048780487805,0.975609756097561,6.0929636946919,-13.470813103215505,4.875,4.875,2314.3158787192924,2371.809183855998
10,78,dwell200,mey,naive,timer,909.8097557969694,910.5619372641765,13.108216621840024,885.4938489349762,932.8387055575656,-0.08260629358911199,-0.05738244102206226,0.5121951219512195,0.5121951219512195,0.994729072104176,0.6829268292682927,0.34146341463414637,0.31011005354946375,-0.4861285886349925,44.5,45.078125,464.8097557969694,459.78068726417655
10,78,dwell200,trust,naive,timer,821.0679763731558,827.001654292267,8.400590526793263,809.4683531478262,843.0007418824011,-0.7174928717874275,-0.7063405721521542,0.2926829268292683,0.7317073170731707,0.5895697296884778,0.6585365853658537,0.36585365853658536,-0.4621322848656429,-0.9938127027945148,44.875,44.471875,372.31797637315583,382.28290429226695
10,77,base,thr,ma10,queue,2175.3605474870865,2550.835518574837,345.8237929087741,1981.0225854984953,3531.3416299965497,-14.719685701159202,-1.0857407118508993,0.11475409836065574,0.9016393442622951,-7.457497216283334,0.3114754098360656,0.7049180327868853,-8.57824725871999,-20.025685464908243,8.666666666666666,8.879166666666666,2088.69388082042,2462.0438519081704
10,77,base,mey,ma10,queue,1133.9004680341,1138.9442562950537,13.628775895461303,1116.1563760013908,1171.0787592113184,-0.442847683991228,-0.37008373309839654,0.45901639344262296,0.5573770491803278,1.7690991769441404,0.9016393442622951,0.11475409836065574,-0.8259827140486503,-0.06741164281814727,68.83333333333333,68.71111111111111,445.5671347007667,451.83314518394263
10,77,base,trust,ma10,queue,1023.5850300896276,1027.610142064803,10.670224117937808,1005.9036897207543,1051.5732040644928,-0.3916964041526227,-0.3772284378177999,0.4098360655737705,0.6065573770491803,0.6975071307508028,0.7540983606557377,0.26229508196721313,-0.25624718867502655,-0.5248891602931686,57.833333333333336,58.16111111111111,445.2516967562942,445.999030953692
10,78,f2,thr,naive,timer,2127.259914452807,2229.3650676535603,95.14935485722523,2042.5514472322793,2384.9002890950424,-4.580010455991417,-1.0731039990125564,0.24390243902439024,0.7804878048780488,1.6173412124220086,0.5609756097560976,0.4634146341463415,-13.999202381951111,5.440247857195886,6.0,6.0,2115.259914452807,2217.3650676535603
10,78,f2,mey,naive,timer,515.5758987449042,500.5997477583052,6.447606995458693,485.46065538963893,519.8732600447793,2.9916417364695906,2.322745632162018,0.975609756097561,0.04878048780487805,-0.6741498759112101,0.2926829268292683,0.7317073170731707,4.815599293696139,1.1955367055266881,120.375,120.540625,274.8258987449042,259.5184977583052
10,78,f2,trust,naive,timer,448.891728367693,448.42004881448594,3.6239774085678884,441.272843014959,456.285140237639,0.1051869902904851,0.13015521346571493,0.5365853658536586,0.4878048780487805,-0.14403239522086606,0.43902439024390244,0.5853658536585366,-0.7042281859126844,0.9163871509341452,116.0,118.0125,216.89172836769302,212.39504881448593
10,78,f50,thr,naive,timer,2530.7013322037424,2596.902425869482,78.83824575381932,2431.6034602389645,2716.257561711281,-2.5492330018358187,-0.8397078477933113,0.21951219512195122,0.8048780487804879,-0.05200285784191993,0.5121951219512195,0.5121951219512195,-4.072314999503334,-0.8636362925466525,5.875,5.875,2236.9513322037424,2303.152425869482
10,78,f50,mey,naive,timer,2256.6586744830347,2266.306397606008,41.438364541606646,2181.3647409774326,2365.5235777918374,-0.4257025057672943,-0.23282103986720742,0.3902439024390244,0.6341463414634146,-0.3169463048912435,0.3902439024390244,0.6341463414634146,-1.585021900854963,0.6619751732997414,23.875,23.31875,1062.9086744830347,1100.368897606008
10,78,f50,trust,naive,timer,2046.9076570526836,2093.082329197371,19.09105284324816,2047.6084790929947,2150.3882577872555,-2.206060960936687,-2.418655090623663,0.024390243902439025,1.0,1.22587410568437,0.9024390243902439,0.12195121951219512,-0.7780835769104968,-3.652448390214204,20.375,21.003125,1028.1576570526836,1042.926079197371
10,79,signed,thr,seasonal60,queue,2925.9046063812075,2450.3869515672186,355.3493051772942,1829.7698465447666,3320.1128091764995,19.40581892626621,1.3381696485286194,0.8780487804878049,0.14634146341463414,-16.279852211423158,0.14634146341463414,0.8780487804878049,14.380357236158831,24.310696386493984,7.125,7.38125,2854.6546063812075,2376.5744515672186
10,79,signed,mey,seasonal60,queue,1105.4070641576473,1112.3985994411717,15.207274745212104,1085.7199809154129,1141.5523882889192,-0.6285098962760912,-0.45974938972715224,0.3902439024390244,0.6341463414634146,2.1989285214947616,0.9512195121951219,0.07317073170731707,1.1444030891215842,-2.377687406086839,65.5,65.596875,450.40706415764726,456.42984944117165
10,79,signed,trust,seasonal60,queue,979.7468127742823,972.456142739434,13.16738369869825,933.9002446924856,995.4850420811024,0.749717104394064,0.5536916217888492,0.7073170731707317,0.3170731707317073,-0.7394795052878581,0.2682926829268293,0.7560975609756098,0.6224534159713124,0.8716862516599279,55.375,55.23125,425.99681277428226,420.143642739434
10,78,base,thr,naive,timer,1826.2182103255582,1909.901055644369,48.64468575068926,1823.3564831079732,2018.5110956786668,-4.381527779750752,-1.7202875098771746,0.03278688524590164,0.9836065573770492,1.2389633144196996,0.6721311475409836,0.3442622950819672,-6.6310754641338425,-2.3487240634084863,6.0,6.0,1766.2182103255582,1849.901055644369
10,78,base,mey,naive,timer,1044.640705459398,1073.9266671420137,14.079624078520721,1038.506118793669,1104.347334227561,-2.726998274523981,-2.0800244040104046,0.03278688524590164,0.9836065573770492,-0.3211518700894235,0.36065573770491804,0.6557377049180327,-5.476321466321328,-0.03377114482249016,51.75,52.330555555555556,527.1407054593981,550.6211115864581
10,78,base,trust,naive,timer,960.0552161387335,966.6003457141404,7.032307116034325,948.1457349972508,982.9631789094856,-0.6771288262442393,-0.930722943041467,0.16393442622950818,0.8524590163934426,-0.1670090796623588,0.39344262295081966,0.6229508196721312,-0.44668441348054755,-0.9010968667284769,50.416666666666664,51.05833333333333,455.88854947206687,456.0170123808071
10,79,dwell5,thr,seasonal60,queue,2711.193163019465,2194.716026153163,269.0708934938848,1837.2729450107279,3000.4307432428595,23.532754612065624,1.9194834868976265,0.926829268292683,0.0975609756097561,-10.212265265757615,0.17073170731707318,0.8536585365853658,16.612529796230596,30.69932666567585,6.75,6.853125,2643.693163019465,2126.184776153163
10,79,dwell5,mey,seasonal60,queue,1162.2369834238298,1154.778056889779,18.62046867171009,1110.991479952566,1189.316437877118,0.6459186238904,0.40057673442898034,0.6829268292682927,0.34146341463414637,-2.2608779075732444,0.07317073170731707,0.9512195121951219,2.8660796490317666,-1.6010948894381551,63.0,65.803125,532.2369834238298,496.746806889779
10,79,dwell5,trust,seasonal60,queue,1040.7008242259278,1027.2442300196394,12.40260796228056,1006.1409639191061,1061.94815098188,1.3099702887628903,1.0849810174773948,0.8780487804878049,0.14634146341463414,-1.2803372187045658,0.1951219512195122,0.8292682926829268,2.2081831854499954,0.4500915626991204,57.625,57.53125,464.4508242259278,451.9317300196394
10,79,dwell200,thr,seasonal60,queue,2359.0326707588083,2337.120757783022,218.15586628248855,1958.7038858351352,3134.896564261896,0.9375601539978593,0.1004415482800396,0.6341463414634146,0.3902439024390244,13.394090383324084,0.9024390243902439,0.12195121951219512,17.557610754557682,-14.737264759294067,5.75,6.13125,2301.5326707588083,2275.808257783022
10,79,dwell200,mey,seasonal60,queue,958.9258640252224,951.9705909125929,16.1163622731474,924.0052504418682,995.9073325132892,0.7306184853842909,0.43156594489180344,0.6829268292682927,0.34146341463414637,1.365058145141891,0.8292682926829268,0.1951219512195122,2.8428176022981666,-1.5609802433866165,53.125,53.675,427.6758640252224,415.2205909125929
10,79,dwell200,trust,seasonal60,queue,849.9733335784111,842.9156014296962,10.975208230063986,818.0866183932887,868.3825986694856,0.8372999784016507,0.6430613434177953,0.7317073170731707,0.2926829268292683,-1.5838635876596001,0.07317073170731707,0.9512195121951219,1.904394768114322,-0.3663180600470427,47.0,46.990625,379.97333357841114,373.00935142969615
10,79,f50,thr,seasonal60,queue,2505.585431227002,2587.510848599263,263.43537626348433,2277.695378482334,3298.8319061705256,-3.1661864303529796,-0.3109886702927874,0.43902439024390244,0.5853658536585366,-15.537883434629112,0.024390243902439025,1.0,-1.8756316833999649,-4.38351916580479,6.625,7.009375,2174.335431227002,2237.042098599263
10,79,f50,mey,seasonal60,queue,2390.0757088615883,2411.8427471942914,42.724015280605336,2305.9356080964017,2484.9585988505214,-0.9025065319049025,-0.509480164486888,0.3902439024390244,0.6341463414634146,-2.9915067165392086,0.04878048780487805,0.975609756097561,-0.6764754758411113,-1.12244317309525,27.375,27.728125,1021.3257088615883,1025.4364971942914
10,79,f50,trust,seasonal60,queue,2056.166154753288,2106.0187590229216,38.00622229596736,2040.0439263491917,2189.3609384585425,-2.367149108052694,-1.3116958555210865,0.12195121951219512,0.9024390243902439,3.745169734831464,0.975609756097561,0.04878048780487805,-0.9928438662238704,-3.659582152464196,21.5,22.175,981.1661547532881,997.2687590229216
10,79,f2,thr,seasonal60,queue,2153.3611397249997,2335.164109082384,332.981655862776,1795.26918436806,3517.9058355880584,-7.7854472261833845,-0.5459849398800115,0.3170731707317073,0.7073170731707317,33.032864952814315,0.9512195121951219,0.07317073170731707,-4.133468398397741,-11.397113388723339,6.625,6.76875,2140.1111397249997,2321.626609082384
10,79,f2,mey,seasonal60,queue,503.0714070764561,502.7070145287686,5.884890930692227,489.88672867515675,513.5867248744079,0.07248606785984893,0.061920017206619854,0.5365853658536586,0.4878048780487805,1.188778683260455,0.8048780487804879,0.21951219512195122,0.49956139917187986,-0.3501749263711434,139.75,140.65,223.57140707645613,221.40701452876857
10,79,f2,trust,seasonal60,queue,446.3927795928678,442.69362723462,3.871958805409632,434.43316879840586,450.4357404978866,0.8356009959653847,0.9553697609281312,0.8780487804878049,0.14634146341463414,-0.6851985600716934,0.2682926829268293,0.7560975609756098,2.3798911600178965,-0.688234451388489,119.5,120.375,207.39277959286778,201.94362723462
10,79,base,thr,seasonal60,queue,2300.151052068249,2310.149500468779,242.18956028958328,1998.3257913484842,3486.467239931104,-0.4328052534479272,-0.04128356477700729,0.5409836065573771,0.47540983606557374,-6.866304892192687,0.3114754098360656,0.7049180327868853,-5.252240846441078,4.37083612243155,7.0,7.0,2230.151052068249,2240.149500468779
10,79,base,mey,seasonal60,queue,1111.0954656929205,1103.5297568759079,14.366435816911027,1073.0743879414342,1136.4871505402195,0.6855917359610773,0.526623924919975,0.6885245901639344,0.32786885245901637,-1.5241688335595662,0.13114754098360656,0.8852459016393442,0.9421802884239578,0.42559179909559824,59.166666666666664,60.56666666666667,519.4287990262538,497.86309020924114
10,79,base,trust,seasonal60,queue,1013.3967063058293,999.3106228682242,10.880599215966855,969.561114683242,1024.7570370896512,1.4095800760303332,1.2946054861513816,0.8852459016393442,0.13114754098360656,-1.3915486496354394,0.11475409836065574,0.9016393442622951,0.4231885203218768,2.436400634049889,57.75,56.144444444444446,435.8967063058293,437.86617842377973
10,80,signed,thr,ma10,timer,2151.7439658863086,2123.562627686449,103.23298897330388,1960.8052235528091,2393.219621611109,1.3270782708472386,0.27298771914031494,0.6585365853658537,0.36585365853658536,5.461245028260991,0.926829268292683,0.0975609756097561,-3.1653478140468505,5.8706205042232495,6.0,6.003125,2091.7439658863086,2063.531377686449
10,80,signed,mey,ma10,timer,1047.5368891563917,1041.453518404223,10.797613544598242,1024.7965444583056,1069.4503184115733,0.5841231168425144,0.5633995629721461,0.8292682926829268,0.1951219512195122,2.3580618035207355,0.9512195121951219,0.07317073170731707,0.5085661801181042,0.6596901286393676,59.625,58.88125,451.2868891563917,452.6410184042229
10,80,signed,trust,ma10,timer,982.929882644569,962.4619469786614,11.457104938502289,937.6841767460228,989.5125108449679,2.126622847808172,1.7864840878888928,0.9512195121951219,0.07317073170731707,0.01688752580588665,0.4634146341463415,0.5609756097560976,2.193099205191955,2.058340898120207,55.75,53.371875,425.42988264456903,428.74319697866144
10,80,dwell5,thr,ma10,timer,2285.4299109582735,2314.5010444412214,17.316184312930055,2280.418025547775,2357.7494778520368,-1.2560432216165394,-1.6788417677698462,0.04878048780487805,0.975609756097561,-0.6743337175270198,0.14634146341463414,0.8780487804878049,-0.9259193196107659,-1.585584670878766,6.0,6.0,2225.4299109582735,2254.5010444412214
10,80,dwell5,mey,ma10,timer,1158.9474667674385,1158.2922118357005,7.996678832499453,1143.0750422556393,1176.6903926149334,0.05657077938040607,0.08194088389231864,0.6097560975609756,0.4146341463414634,0.19135170325624082,0.6829268292682927,0.34146341463414637,-0.4809550740075791,0.6035655696215606,52.5,53.06875,633.9474667674385,627.6047118357005
10,80,dwell5,trust,ma10,timer,977.151307886869,978.928814604521,5.193527157612851,968.3398079886081,995.0336629904743,-0.1815767082482032,-0.34225424527654863,0.4634146341463415,0.5609756097560976,-0.5010912275369483,0.1951219512195122,0.8292682926829268,-0.16470760086501468,-0.19860827832024058,49.625,49.765625,480.90130788686895,481.272564604521
10,80,dwell200,thr,ma10,timer,1936.3473794894753,1946.177740178362,20.448338279811335,1914.8510446132423,2019.2184473112875,-0.5051111461168886,-0.4807412981128256,0.34146341463414637,0.6829268292682927,-0.24593564558413814,0.5121951219512195,0.5121951219512195,-0.960753579636859,0.03937460284817302,4.75,4.75,1888.8473794894753,1898.677740178362
10,80,dwell200,mey,ma10,timer,946.800941980757,945.79762429316,7.249761582777938,925.325423346663,959.1676842880183,0.10608164599132357,0.13839319764396593,0.5609756097560976,0.4634146341463415,0.6811900213312668,0.8048780487804879,0.21951219512195122,-0.1826226811804361,0.38315199839527486,43.375,42.528125,513.050941980757,520.51637429316
10,80,dwell200,trust,ma10,timer,838.9070643350617,832.6722578633846,5.625674927462432,823.2283217224303,849.5075663270577,0.7487707693871568,1.108277060453865,0.8536585365853658,0.17073170731707318,0.8790812577224573,0.9024390243902439,0.12195121951219512,0.8489786046325409,0.6571497825381105,42.75,41.85625,411.4070643350617,414.10975786338463
10,80,f2,thr,ma10,timer,2071.244044825233,2083.006588318315,22.010094331396058,2045.0028703399287,2145.2319867895535,-0.5646906523986894,-0.5344158601039626,0.36585365853658536,0.6585365853658537,0.9617100380601363,0.8536585365853658,0.17073170731707318,-0.5444682528612258,-0.5878867898989659,6.0,6.0,2059.244044825233,2071.006588318315
10,80,f2,mey,ma10,timer,516.6081221278528,518.916292749024,3.682314534871191,510.41028726683226,524.5176508554096,-0.44480596455035826,-0.626826035449467,0.2926829268292683,0.7317073170731707,1.153690331782989,1.0,0.024390243902439025,-0.9565714491064433,0.05328625725444793,109.125,109.64375,298.35812212785277,299.628792749024
10,80,f2,trust,ma10,timer,452.4726835815068,450.0924825876159,2.065643892315119,445.9402486674827,453.800958439207,0.5288248717701105,1.1522804113264657,0.8048780487804879,0.21951219512195122,0.4672597927108069,0.8048780487804879,0.21951219512195122,1.2053097854150476,-0.10831317229390885,110.375,109.74375,231.72268358150677,230.6049825876159
10,80,f50,thr,ma10,timer,2359.802724833744,2388.182689807648,22.657241873920004,2359.2336255968403,2440.284573781898,-1.1883498316533636,-1.252578099833554,0.07317073170731707,0.9512195121951219,-0.5659374615617887,0.36585365853658536,0.6585365853658537,-0.7785024722087522,-1.5546965105307853,6.0,6.0,2059.802724833744,2088.182689807648
10,80,f50,mey,ma10,timer,2334.6527197506,2337.3578934802717,20.73231489128335,2304.601836398634,2386.0767739062053,-0.11573639352438123,-0.13048102654512891,0.3902439024390244,0.6341463414634146,-0.3058907483558427,0.36585365853658536,0.6585365853658537,0.7461112718397754,-0.9659652144531803,22.75,22.834375,1197.1527197506002,1195.6391434802717
10,80,f50,trust,ma10,timer,2241.861417782729,2234.8470020944687,13.272449727344632,2194.329123922433,2260.7429052273365,0.31386558818954485,0.5284944250953709,0.6585365853658537,0.36585365853658536,0.05636460250307798,0.43902439024390244,0.5853658536585366,-0.6120447388997122,1.213897940497195,22.5,22.284375,1116.861417782729,1120.6282520944687
10,80,base,thr,ma10,timer,2146.632989975246,2156.4039952460525,23.93962094380242,2086.7686420849714,2229.1925265405266,-0.45311570987382405,-0.4081520460889423,0.4262295081967213,0.5901639344262295,1.7813511908383763,0.9344262295081968,0.08196721311475409,-0.3095003218961372,-0.5764722540557121,6.0,6.0,2086.632989975246,2096.4039952460525
10,80,base,mey,ma10,timer,1107.365025634076,1099.3110499503512,6.485810998619318,1085.3213915721433,1111.32084850974,0.7326384724403958,1.241783901109551,0.8688524590163934,0.14754098360655737,0.4711655287695124,0.7540983606557377,0.26229508196721313,1.0547568447311984,0.4139386889492681,49.833333333333336,48.852777777777774,609.0316923007425,610.7832721725734
10,80,base,trust,ma10,timer,968.7815399327079,970.1487503271991,4.177110468970229,962.8789043079541,980.2881858926435,-0.14092791378951444,-0.32731008783404797,0.4262295081967213,0.5901639344262295,0.19901636251133362,0.7049180327868853,0.3114754098360656,-1.0991482597857687,0.8381306752216905,50.333333333333336,50.397222222222226,465.44820659937454,466.1765281049768
10,81,signed,thr,naive,http,3175.468090909634,2657.700344224837,307.7951834252934,2246.3264978503175,3544.858889319067,19.48179552333289,1.6821827454309966,0.9512195121951219,0.07317073170731707,3.2792900500672495,0.6585365853658537,0.36585365853658536,40.03860519149558,1.7883025813150888,8.5,8.396875,3090.468090909634,2573.731594224837
10,81,signed,mey,naive,http,1194.0213529970918,1168.9959847226578,17.52382241523841,1131.0148113456403,1206.1494787468969,2.1407574193140775,1.4280770303100272,0.975609756097561,0.04878048780487805,-1.086289928968136,0.2926829268292683,0.7317073170731707,3.013451250977748,1.2712936387342282,75.25,72.409375,441.52135299709175,444.9022347226578
10,81,signed,trust,naive,http,1099.2320727208783,1101.1507877771521,15.411809032992219,1069.1596479022037,1146.7147777803189,-0.17424635005230293,-0.12449642038559229,0.4878048780487805,0.5365853658536586,-0.7662395453879224,0.34146341463414637,0.6829268292682927,-0.5356344426433899,0.17440154330615998,66.625,67.184375,432.98207272087825,429.3070377771521
10,81,dwell5,thr,naive,http,2895.171339019404,2259.94969923486,244.52320294890896,1839.287949679041,3096.5446041042064,28.107777796984063,2.5977969866412565,0.975609756097561,0.04878048780487805,6.425569675715135,0.7317073170731707,0.2926829268292683,22.60992408335086,33.33745193838901,7.625,7.225,2818.921339019404,2187.69969923486
10,81,dwell5,mey,naive,http,1221.2342757150873,1192.8481739768422,14.399507862629337,1160.4017482059182,1220.8591591751187,2.3796910920866425,1.971324437546563,1.0,0.024390243902439025,-0.12817369746263918,0.4634146341463415,0.5609756097560976,0.1259516347046371,4.648829279748881,73.0,72.678125,491.2342757150873,466.0669239768422
10,81,dwell5,trust,naive,http,1082.4825378923688,1079.0686459991546,13.29861738457589,1048.65383668554,1109.6431081633548,0.31637393097017924,0.25671028758025183,0.6097560975609756,0.4146341463414634,0.4692661098273592,0.6585365853658537,0.36585365853658536,-0.9986383508040825,1.5851528574288427,62.25,61.246875,459.9825378923688,466.59989599915457
10,81,dwell200,thr,naive,http,2559.509090431343,2371.056584807177,403.71021807688624,1816.4254147680049,3503.0317964949554,7.94803914979075,0.46680142633465704,0.8536585365853658,0.17073170731707318,-6.683239474859534,0.4146341463414634,0.6097560975609756,8.164096732581651,7.73844426455894,6.75,6.61875,2492.009090431343,2304.869084807177
10,81,dwell200,mey,naive,http,966.2599268542167,973.7373318648979,11.606399659292817,951.051692490762,994.8256895150944,-0.767907809014624,-0.6442484517319126,0.3170731707317073,0.7073170731707317,-1.927106327736395,0.07317073170731707,0.9512195121951219,2.556939453922987,-3.9583600887621495,59.875,60.775,367.5099268542167,365.9873318648979
10,81,dwell200,trust,naive,http,936.3799716373833,931.1036039017251,12.811405012971278,906.5968758560225,960.3174954022829,0.5666789080772416,0.4118492648008497,0.6829268292682927,0.34146341463414637,1.080547910578493,0.8292682926829268,0.1951219512195122,-0.28132089399150406,1.3627210574622874,55.875,55.278125,377.6299716373833,378.32235390172514
10,81,f2,thr,naive,http,2478.507258537338,2395.215223096812,421.6602950888024,1749.2249954265776,3592.762004896281,3.4774342880485025,0.19753350365365685,0.6829268292682927,0.34146341463414637,-3.7468305388663747,0.4634146341463415,0.5609756097560976,-12.442570238466995,17.047608310363184,7.5,7.35,2463.507258537338,2380.5152230968124
10,81,f2,mey,naive,http,506.3513137516103,498.64899354884545,4.919727887937795,489.6943334554627,510.1692731840664,1.544637671470674,1.5655988254247581,0.926829268292683,0.0975609756097561,-0.7463695941361942,0.24390243902439024,0.7804878048780488,2.595843740554053,0.4752226787104527,152.25,153.028125,201.8513137516103,192.59274354884548
10,81,f2,trust,naive,http,459.94944038569173,457.9325479325318,4.475046973938462,449.07933802295895,465.79554794876594,0.4404343963463106,0.45069749321198094,0.6341463414634146,0.3902439024390244,-0.6766096149701549,0.34146341463414637,0.6829268292682927,0.8146147506925229,0.0790227185784111,135.375,136.65625,189.19944038569173,184.6200479325318
10,81,f50,thr,naive,http,2606.88435393859,2855.7718584275926,325.15015360291216,2399.9861338466453,3626.2733748831383,-8.715244663347931,-0.765454057859543,0.24390243902439024,0.7804878048780488,-2.3765129209159923,0.4634146341463415,0.5609756097560976,-5.664561635986097,-11.735328529061611,7.5,7.35,2231.88435393859,2488.2718584275926
10,81,f50,mey,naive,http,2603.235213854285,2572.3180306167483,53.353232904812536,2395.1180802296194,2681.693185646277,1.2019191588889198,0.57948097152231,0.7560975609756098,0.2682926829268293,0.9391783072638422,0.7073170731707317,0.3170731707317073,-0.2904862738340134,2.6792820482501587,30.5,30.565625,1078.2352138542851,1044.0367806167483
10,81,f50,trust,naive,http,2348.7830035619745,2357.9502694509415,43.29676295424401,2266.757730997657,2452.6718886875105,-0.38878113791185387,-0.21173097625462106,0.4634146341463415,0.5609756097560976,3.1556803586002,0.9512195121951219,0.07317073170731707,1.5220008991757614,-2.2894490880710276,27.375,27.315625,980.0330035619745,992.1690194509415
10,82,signed,thr,seasonal60,timer,2156.2699485021185,2260.468572081028,319.6538211164428,1843.5986958509932,3162.6604569112374,-4.609602843669815,-0.3259733395802338,0.4634146341463415,0.5609756097560976,19.092150199938043,0.926829268292683,0.0975609756097561,-9.57011813886815,0.591822580938992,12.875,14.590625,2027.5199485021185,2114.562322081028
10,82,signed,mey,seasonal60,timer,992.9734957394083,1026.2378872466095,12.967067324165182,1003.1446819735615,1056.4748401414813,-3.241391876151573,-2.5652979718251516,0.024390243902439025,1.0,-1.2530180560580957,0.24390243902439024,0.7804878048780488,-3.0341946030917137,-3.4540418752475284,60.75,63.19375,385.47349573940835,394.3003872466095
10,82,signed,trust,seasonal60,timer,1017.5534917623924,1026.3272329931597,10.637014167480798,1005.3811630867488,1056.9276795920257,-0.8548678188319875,-0.8248312066359906,0.21951219512195122,0.8048780487804879,-1.1420475987773182,0.12195121951219512,0.9024390243902439,-1.0308689791771706,-0.6776867592632387,58.125,59.3125,436.30349176239235,433.20223299315967
10,81,base,thr,naive,http,2668.76169252474,2461.8471786053774,295.96550936278646,1831.0992320675377,3310.7752764002394,8.404848022962106,0.6991169828026558,0.8524590163934426,0.16393442622950818,-7.250507958105498,0.29508196721311475,0.7213114754098361,9.468801868643615,7.318487149137149,7.75,7.352777777777778,2591.26169252474,2388.3194008275996
10,81,base,mey,naive,http,1144.219091084777,1142.634720158715,12.304268985290994,1119.3419260361538,1172.5793603672557,0.13865944191174165,0.12876595334155036,0.5901639344262295,0.4262295081967213,0.7423221933726724,0.7704918032786885,0.2459016393442623,-0.5568705696458659,0.8484658860590971,70.75,69.49583333333334,436.7190910847769,447.67638682538166
10,81,base,trust,naive,http,1040.8979942963842,1046.3912941995588,9.811925250621885,1023.2264164698203,1066.3160613787165,-0.5249756886955681,-0.5598595344809046,0.29508196721311475,0.7213114754098361,0.7750338404704165,0.7704918032786885,0.2459016393442623,-2.043510572972475,1.021459562251899,60.083333333333336,61.75833333333333,440.06466096305087,428.80796086622547
10,82,dwell5,thr,seasonal60,timer,1715.8127993276926,1849.7480435836856,154.0166143026749,1704.1906853619353,2258.762079731859,-7.2407290668899975,-0.8696155597394329,0.04878048780487805,0.975609756097561,-1.8274739784484275,0.6585365853658537,0.36585365853658536,-10.398169478847633,-4.374060098618921,10.25,11.63125,1613.3127993276926,1733.4355435836856
10,82,dwell5,mey,seasonal60,timer,1031.538557321805,1043.8296836722861,10.373099242545434,1028.6392368588517,1069.5250655586146,-1.1775030488920237,-1.184903958121685,0.14634146341463414,0.8780487804878049,-0.15991256041932783,0.4878048780487805,0.5365853658536586,-1.9679441960719826,-0.40426875300573045,61.25,62.071875,419.038557321805,423.11093367228614
10,82,dwell5,trust,seasonal60,timer,1009.2618299195592,1008.8982167245697,8.173210342363044,985.6560623017438,1028.5076984585057,0.0360406222314474,0.04448841761784189,0.5365853658536586,0.4878048780487805,0.9045134520902702,0.9024390243902439,0.12195121951219512,0.06704032480006422,0.007194135408136867,58.0,57.509375,429.2618299195592,433.8044667245697
10,82,dwell200,thr,seasonal60,timer,2892.2656806578625,2698.696986734815,320.91783383115893,1996.9927349808065,3273.0465009509844,7.172672399847629,0.6031721316705881,0.5853658536585366,0.43902439024390244,-10.572556510601675,0.17073170731707318,0.8536585365853658,23.626604810715847,-8.561246397210285,9.25,9.71875,2799.7656806578625,2601.509486734815
10,82,dwell200,mey,seasonal60,timer,785.3672686924651,795.2532228430994,13.657035344275814,776.5991648784423,844.3027454361061,-1.243120287559614,-0.7238726342447239,0.21951219512195122,0.8048780487804879,0.820119791436172,0.8048780487804879,0.21951219512195122,-1.7530797014388633,-0.7619678208267545,47.125,48.0875,314.11726869246513,314.37822284309937
10,82,dwell200,trust,seasonal60,timer,778.8248462582472,799.3042937137086,8.932737502316094,780.0131496430165,819.5112043015197,-2.562159069646709,-2.2926283740176414,0.024390243902439025,1.0,0.11311798845650863,0.5609756097560976,0.4634146341463415,-2.3928469180036718,-2.7262137993675033,47.0,48.10625,308.82484625824725,318.2417937137086
10,82,f2,thr,seasonal60,timer,2039.4558331847832,2242.321505164503,294.62549008412884,1775.4787879652658,3121.301919140796,-9.047126895607104,-0.6885543810951065,0.24390243902439024,0.7804878048780488,26.088154039421656,0.9512195121951219,0.07317073170731707,-12.678974548908858,-4.570254500411809,10.0,11.446875,2019.4558331847832,2219.4277551645027
10,82,f2,mey,seasonal60,timer,421.44455709758245,431.44872062956136,12.659190650528544,424.1972072017445,506.86244929670437,-2.3187375587488224,-0.7902688100807792,0.024390243902439025,1.0,-1.392345066510969,0.0975609756097561,0.926829268292683,-2.5128152525024983,-2.130813645115701,124.5,127.971875,172.44455709758245,175.50497062956137
10,82,f2,trust,seasonal60,timer,419.63163979030446,422.4976841733325,6.55366393391592,415.28091213000386,459.0938306309831,-0.6783574183692426,-0.43731940055637647,0.2926829268292683,0.7317073170731707,-0.5578648404378527,0.3170731707317073,0.7073170731707317,-0.8449658771633721,-0.5182724307968445,127.75,128.19375,164.13163979030446,166.11018417333253
10,82,f50,thr,seasonal60,timer,2549.5295418321693,2666.889859264581,353.81786557429365,2003.6609280192558,3742.8675368948643,-4.400643582062846,-0.3316969798625634,0.3902439024390244,0.6341463414634146,-12.79946370975128,0.14634146341463414,0.8780487804878049,-2.7382085969839034,-6.110382381990484,10.75,11.25,2012.0295418321693,2104.389859264581
10,82,f50,mey,seasonal60,timer,2304.3056093913237,2298.311038781689,34.49507005723606,2234.841411060559,2377.0757164011857,0.26082503666745877,0.17378050253813315,0.6097560975609756,0.4146341463414634,0.2589553820650782,0.6097560975609756,0.4146341463414634,-0.4037894260313207,0.9567868988098941,27.0,26.703125,954.3056093913237,963.1547887816891
10,82,f50,trust,seasonal60,timer,2167.3104784725197,2192.0517841298033,27.845269113465818,2142.7673796653885,2248.2611843011855,-1.1286825355316779,-0.8885281573852303,0.2926829268292683,0.7317073170731707,1.2009296181156492,0.8536585365853658,0.17073170731707318,-3.4923361328041227,1.2985725845734613,24.875,25.146875,923.5604784725197,934.7080341298033
10,82,base,thr,seasonal60,timer,1940.0632678436305,2131.5898680321798,322.11691629515315,1623.0285346956687,2864.540700601459,-8.985152493962685,-0.594587215075209,0.39344262295081966,0.6229508196721312,0.37771575326907686,0.5409836065573771,0.47540983606557374,-10.578649972251842,-7.324620214992268,10.166666666666666,11.515277777777778,1838.3966011769637,2016.437090254402
10,82,base,mey,seasonal60,timer,987.9408058898875,1014.3729386536995,7.381387926630242,1002.9221265681531,1032.2090403091588,-2.605760835742853,-3.580916356997213,0.01639344262295082,1.0,0.07747929598874567,0.6229508196721312,0.39344262295081966,-2.8451060255639837,-2.3752928579239856,59.25,61.57083333333333,395.44080588988754,398.66460532036615
10,82,base,trust,seasonal60,timer,982.1637887612527,992.7204644997985,8.384695205576987,972.824945590297,1015.0737278142375,-1.0634086952025275,-1.2590410837503219,0.13114754098360656,0.8852459016393442,-0.6042397806775073,0.22950819672131148,0.7868852459016393,-0.057261853337179106,-2.116334886956662,55.833333333333336,57.27638888888889,423.83045542791933,419.95657561090957
10,83,signed,thr,ma10,queue,2781.5185775952045,2207.9940915666584,243.04243440141903,1734.8684656473397,2619.8385095638278,25.974910359547565,2.3597709899551496,1.0,0.024390243902439025,-0.021037484000216034,0.4146341463414634,0.6097560975609756,36.62440289240417,17.026154336695463,9.25,10.828125,2689.0185775952045,2099.7128415666584
10,83,signed,mey,ma10,queue,1114.7662469896818,1102.3294258796614,14.189995966943714,1078.1157699775317,1129.846629669402,1.1282308916044617,0.8764499397316692,0.7804878048780488,0.24390243902439024,0.15201331300630352,0.5365853658536586,0.4878048780487805,2.109673835492668,0.1830160582021981,64.875,66.559375,466.0162469896818,436.73567587966136
10,83,signed,trust,ma10,queue,1025.9302871411724,1025.064626968774,11.771357035874336,1001.4983453867524,1049.4387350704271,0.08444932637643959,0.07353953921880976,0.5365853658536586,0.4878048780487805,0.3005976617630089,0.6097560975609756,0.4146341463414634,2.0298827969754774,-1.8112876183507747,57.0,58.428125,455.93028714117236,440.78337696877406
10,83,dwell5,thr,ma10,queue,3560.2694705587396,1906.6755801402273,229.47121466785512,1619.4105381698043,2521.905332746698,86.72654685685427,7.206105971992973,1.0,0.024390243902439025,-6.239575862581301,0.4146341463414634,0.6097560975609756,110.57547923832813,63.12087273473272,8.25,9.7625,3477.7694705587396,1809.0505801402273
10,83,dwell5,mey,ma10,queue,1178.3336748618672,1131.2912351821767,16.708392200960006,1081.6095313263804,1172.1004601489567,4.1582961324821905,2.8154976920512773,1.0,0.024390243902439025,1.8306579316698934,0.9024390243902439,0.12195121951219512,7.038638257619654,1.2509170978496962,66.5,66.846875,513.3336748618672,462.8224851821767
10,83,dwell5,trust,ma10,queue,1031.8591527516949,1030.1780564636642,13.39720757426566,999.5272904991484,1060.3791281004,0.16318502199526563,0.12548109587103837,0.5853658536585366,0.43902439024390244,-0.32670525279641405,0.4878048780487805,0.5365853658536586,-0.10442713788147633,0.43642818247988,57.125,59.88125,460.60915275169486,431.36555646366423
10,83,dwell200,thr,ma10,queue,2036.7427153054728,2107.1635694390425,308.794992028127,1533.2700816320394,2996.047025939994,-3.34197378670118,-0.22805050584225584,0.3902439024390244,0.6341463414634146,18.162680935484694,0.8780487804878049,0.14634146341463414,-24.028993973883942,19.436155535339072,7.75,8.8,1959.2427153054728,2019.1635694390425
10,83,dwell200,mey,ma10,queue,917.9890507653404,905.0745771642221,13.37035413355027,883.1202156700092,947.1507443683306,1.4268960732033698,0.965903630683346,0.8292682926829268,0.1951219512195122,0.8403257656380482,0.7073170731707317,0.3170731707317073,0.8238265024866075,1.9364388637182754,51.625,53.66875,401.7390507653404,368.3870771642221
10,83,dwell200,trust,ma10,queue,851.4683057253737,833.8669499197935,11.077751134740353,813.2226511452866,860.7552763835613,2.1108110601185586,1.588892509995246,0.926829268292683,0.0975609756097561,-0.2891026272115214,0.4878048780487805,0.5365853658536586,1.888177395117437,2.3129744732772077,46.875,48.790625,382.71830572537374,345.96069991979346
10,83,f2,thr,ma10,queue,2281.6919383558316,2210.1129229155836,271.24600211787964,1713.9331580887913,2825.955263997922,3.238703991007883,0.2638896606083092,0.6341463414634146,0.3902439024390244,12.826393368971111,0.8536585365853658,0.17073170731707318,-4.897192078878764,11.682615068497597,8.5,9.88125,2264.6919383558316,2190.3504229155837
10,83,f2,mey,ma10,queue,487.69261540918455,475.60390890847646,7.6691735396413785,464.26200050684326,510.9226690086133,2.5417592820992576,1.5762723894853192,0.975609756097561,0.04878048780487805,0.6141137922047107,0.7804878048780488,0.24390243902439024,0.6387602751667506,4.523662074444033,139.0,142.853125,209.69261540918455,189.89765890847644
10,83,f2,trust,ma10,queue,444.8099546515584,438.3204541297374,4.0212638279519854,427.9172254406235,451.2178104095336,1.480537917105781,1.613796258955258,0.9512195121951219,0.07317073170731707,-1.05411938564969,0.12195121951219512,0.9024390243902439,2.164699722093467,0.7615255571243471,126.0,127.7375,192.80995465155843,182.84545412973742
10,83,f50,thr,ma10,queue,3288.34491016812,2575.5614870759714,284.5725008776478,2062.4335962678283,3220.0406960549617,27.674875038660783,2.504751586656682,1.0,0.024390243902439025,1.6451993904461364,0.5609756097560976,0.4634146341463415,19.392047311041548,36.81566664811163,8.125,9.8125,2882.09491016812,2084.9364870759714
10,83,f50,mey,ma10,queue,2524.5886894511086,2485.740257656896,43.72265827374832,2390.475555615226,2569.5681507546997,1.562851616316169,0.8885194388452274,0.8536585365853658,0.17073170731707318,-0.3572653543003719,0.3902439024390244,0.6341463414634146,1.1531281979653187,1.9447200504973357,29.125,29.5375,1068.3386894511086,1008.8652576568961
10,83,f50,trust,ma10,queue,2241.167337563401,2279.726665472517,35.08980839399746,2219.7531529575053,2379.7665003950933,-1.6914013637298984,-1.0988754192146668,0.17073170731707318,0.8536585365853658,-0.07242572133077486,0.5121951219512195,0.5121951219512195,-3.0410561181227926,-0.348338950904768,25.625,25.85,959.9173375634009,987.2266654725172
10,84,signed,thr,naive,orchestration,2906.3675177539844,2597.1250327072835,397.3950590106372,1990.1074115452252,3598.4341720544335,11.907108096537877,0.7781739557019085,0.7804878048780488,0.24390243902439024,-7.81798011659108,0.3902439024390244,0.6341463414634146,32.22136382831566,-3.9303807869383602,8.0,7.60625,2826.3675177539844,2521.0625327072835
10,84,signed,mey,naive,orchestration,1167.7589266749872,1174.3237828409972,14.089481532856693,1144.356653359467,1214.1963573523708,-0.5590328887087617,-0.46594022290321874,0.36585365853658536,0.6585365853658537,-1.0246388902095944,0.1951219512195122,0.8292682926829268,-0.4358809156433679,-0.6829856859308402,70.625,70.496875,461.50892667498715,469.3550328409972
10,84,signed,trust,naive,orchestration,1055.2136048338689,1041.656229655891,11.446041984742367,1013.8783731456656,1058.886968039561,1.3015210577156175,1.1844596757595356,0.8292682926829268,0.1951219512195122,-1.236264531726833,0.14634146341463414,0.8780487804878049,0.5540966775543354,2.054936417292553,62.875,61.475,426.4636048338689,426.9062296558909
10,83,base,thr,ma10,queue,2743.798044519825,2251.439791894877,266.53986490982794,1900.9309007131924,3446.4950294981195,21.868595127323612,1.8472218134856326,0.9672131147540983,0.04918032786885246,-7.907080582296185,0.3114754098360656,0.7049180327868853,6.849901337096365,40.051708287541445,8.166666666666666,9.501388888888888,2662.1313778531585,2156.4259030059884
10,83,base,mey,ma10,queue,1105.3184772773363,1086.5756265541038,12.566624273529438,1050.3420681279583,1124.8031148901066,1.7249467285284525,1.4914785637947994,0.9344262295081968,0.08196721311475409,-0.34730332849703727,0.36065573770491804,0.6557377049180327,0.3976968265762935,3.0982292164080105,63.666666666666664,65.51527777777778,468.6518106106697,431.42284877632596
10,83,base,trust,ma10,queue,1012.1015831583935,983.8480073171518,10.260046132011547,961.8633239979586,1009.3733702047989,2.871741938908452,2.7537474469135206,1.0,0.01639344262295082,-1.5490984302144217,0.08196721311475409,0.9344262295081968,0.8344741629820965,4.926138416527869,56.583333333333336,56.35138888888889,446.26824982506014,420.33411842826285
10,84,dwell5,thr,naive,orchestration,2670.9201686788283,2554.5603399280826,524.6210232243895,1838.9249780373643,3792.8969558461085,4.554984547909387,0.22179787618037672,0.6341463414634146,0.3902439024390244,-2.452476914540599,0.6097560975609756,0.4146341463414634,3.187237518582639,5.704802044914341,6.75,6.9125,2603.4201686788283,2485.4353399280826
10,84,dwell5,mey,naive,orchestration,1164.5180125559057,1174.9595825895924,16.943031619312613,1133.4234917169592,1214.339787835559,-0.8886748266415833,-0.6162751901958824,0.2682926829268293,0.7560975609756098,1.0161615885158406,0.8048780487804879,0.21951219512195122,-1.317814616919474,-0.4702874440989061,70.25,70.03125,462.01801255590567,474.6470825895924
10,84,dwell5,trust,naive,orchestration,1057.7142724877285,1043.5148976317942,12.074799573130726,1012.6149575303076,1064.4835095361657,1.3607256483025925,1.1759511841116868,0.8536585365853658,0.17073170731707318,-1.9043255240228756,0.07317073170731707,0.9512195121951219,1.3466477062749966,1.3744073515243627,62.0,60.896875,437.7142724877285,434.54614763179416
10,84,dwell200,thr,naive,orchestration,2714.2190561175503,3062.932415211925,371.9844684309375,2515.898996170252,3947.589369234769,-11.384951145591874,-0.9374406425227318,0.1951219512195122,0.8292682926829268,0.13752902394649516,0.5609756097560976,0.4634146341463415,-19.43440597761106,-4.998153738052663,5.75,5.740625,2656.7190561175503,3005.526165211925
10,84,dwell200,mey,naive,orchestration,921.7090233188958,939.1967659779635,15.142297101573032,910.9347159326526,978.3619540634953,-1.8619892329865695,-1.154893642738727,0.14634146341463414,0.8780487804878049,1.0845347383111665,0.7804878048780488,0.24390243902439024,0.30628865961190516,-3.9867737268537944,53.125,54.74375,390.4590233188958,391.75926597796354
10,84,dwell200,trust,naive,orchestration,826.8240382036653,826.403988807383,9.8615983189399,803.8873080405544,846.0686238876635,0.05082857802857925,0.04259445403241758,0.4878048780487805,0.5365853658536586,-0.25643613431903783,0.36585365853658536,0.6585365853658537,0.0778328252569187,0.024654574806221248,47.625,46.990625,350.5740382036653,356.49773880738303
10,84,f2,thr,naive,orchestration,3461.2417186279263,2415.833712438409,475.1393256823549,1883.2636952020694,4045.2119983587386,43.273177322057506,2.200213599849246,0.926829268292683,0.0975609756097561,60.62148256749146,0.975609756097561,0.04878048780487805,49.704903961310194,36.97514290563809,6.625,6.840625,3447.9917186279263,2402.1524624384087
10,84,f2,mey,naive,orchestration,500.1409048278907,496.93609772342904,4.113355046349377,486.73151823449336,506.7218953463149,0.6449133236936476,0.7791224118389588,0.8292682926829268,0.1951219512195122,1.728251654051359,0.975609756097561,0.04878048780487805,0.5689929870753194,0.7190513743485258,152.75,151.471875,194.64090482789072,193.99234772342902
10,84,f2,trust,naive,orchestration,446.33963328450733,447.13238949888927,4.296972605256534,438.0092624068867,455.3986792816115,-0.17729787262121569,-0.18449180090470002,0.5121951219512195,0.5121951219512195,0.8993734881787732,0.7804878048780488,0.24390243902439024,-0.4426886434624337,0.08692901919168985,132.75,132.7875,180.83963328450733,181.55738949888928
10,84,f50,thr,naive,orchestration,2796.9009491616453,2973.336071246367,350.1565401367421,2418.389880571407,3909.4636136632826,-5.933911197961665,-0.5038749869296191,0.34146341463414637,0.6829268292682927,2.2984280790894642,0.7073170731707317,0.3170731707317073,0.7921019012322026,-13.166263209677956,6.875,7.15,2453.1509491616453,2615.836071246367
10,84,f50,mey,naive,orchestration,2603.625883505807,2580.809874348673,66.16744991919438,2466.9173546695993,2778.0668173002955,0.8840639283004961,0.34482225301107344,0.6829268292682927,0.34146341463414637,4.382700463390124,0.9512195121951219,0.07317073170731707,0.6188381378342099,1.163985430454876,30.5,30.5,1078.625883505807,1055.809874348673
10,84,f50,trust,naive,orchestration,2401.391899842285,2398.2404647698604,31.31173278073872,2337.695912365229,2465.527401116413,0.13140613373509502,0.1006470991079497,0.5609756097560976,0.4634146341463415,0.5672569650188727,0.7560975609756098,0.2682926829268293,1.3979409813208012,-1.1245371825744521,26.125,26.371875,1095.141899842285,1079.6467147698604
10,85,signed,thr,seasonal60,timer,3891.8732937179393,2699.93777019346,345.1002581817708,2025.666960573356,3572.1869958069374,44.14677762884413,3.4538818655321446,1.0,0.024390243902439025,5.447630472949255,0.6829268292682927,0.34146341463414637,47.161714971539276,41.0067443345745,8.0,8.040625,3811.8732937179393,2619.53152019346
10,85,signed,mey,seasonal60,timer,1172.0023161216172,1152.5174828951765,17.465274915201018,1101.6419053298557,1191.3746592278776,1.6906323344869314,1.1156327811068114,0.926829268292683,0.0975609756097561,-1.3782919381864913,0.14634146341463414,0.8780487804878049,3.532944621130277,-0.1798497952724531,71.25,71.26875,459.50231612161724,439.8299828951765
10,85,signed,trust,seasonal60,timer,1062.461255693221,1033.3596122718286,16.515365196730325,981.4755390434016,1062.9183212403777,2.8162164531873537,1.7620950596450486,0.975609756097561,0.04878048780487805,1.0012911644135076,0.7073170731707317,0.3170731707317073,3.532403709378525,2.1074659319028353,63.625,63.46875,426.2112556932209,398.6721122718286
10,84,base,thr,naive,orchestration,3242.9665812752664,2785.9147950681863,459.4341653989346,2138.558756766756,3852.8776409776096,16.405806344694533,0.9948145362899038,0.7704918032786885,0.2459016393442623,-13.514154356492016,0.2459016393442623,0.7704918032786885,31.917965742484057,2.4056674111633476,7.166666666666667,7.059722222222222,3171.2999146086,2715.317572845964
10,84,base,mey,naive,orchestration,1098.5289191575623,1121.8517200014544,13.624242473093737,1086.3610553722428,1147.5208299421477,-2.0789557503964824,-1.7118603760870996,0.04918032786885246,0.9672131147540983,-0.27814374388255597,0.4426229508196721,0.5737704918032787,-2.4078633805379033,-1.7681220112716844,64.91666666666667,66.03472222222223,449.36225249089557,461.5044977792321
10,84,base,trust,naive,orchestration,1013.1205688709932,1005.869178658834,10.055993821455582,983.1732453284907,1030.912605813759,0.7209078840478818,0.7211012994745045,0.7540983606557377,0.26229508196721313,1.2493386412728071,0.9016393442622951,0.11475409836065574,1.042664854065738,0.3978950471892889,57.416666666666664,57.61388888888889,438.9539022043266,429.7302897699451
10,85,dwell5,thr,seasonal60,timer,3085.5407759497675,2415.7675249120875,339.68911766992267,1868.0111964359535,3105.8265913807586,27.725070567874855,1.97172419190803,0.975609756097561,0.04878048780487805,-3.9430351539199693,0.5365853658536586,0.4878048780487805,23.07221535725787,32.886114898461315,7.0,7.05625,3015.5407759497675,2345.2050249120875
10,85,dwell5,mey,seasonal60,timer,1206.7457366634023,1174.1658098191851,14.55477653833419,1144.076816091523,1201.8207291109225,2.7747296482116375,2.2384353863770143,1.0,0.024390243902439025,-0.2683926192545717,0.43902439024390244,0.5853658536585366,1.8925189143011363,3.666361281330805,74.125,72.15,465.49573666340234,452.66580981918514
10,85,dwell5,trust,seasonal60,timer,1080.5874455792427,1059.161715469503,14.894236328353188,1030.9799900138585,1100.9604964591235,2.0228950685063456,1.4385249191294904,0.9512195121951219,0.07317073170731707,-0.5494788178533374,0.4634146341463415,0.5609756097560976,-0.03208120498007369,4.096463341184363,61.125,60.0125,469.33744557924274,459.03671546950295
10,85,dwell200,thr,seasonal60,timer,2987.646280862647,2277.767044574252,337.3944119917809,1767.3470495490799,3113.7136974739615,31.16557674233459,2.104004130055622,0.9512195121951219,0.07317073170731707,-6.363468132458117,0.4146341463414634,0.6097560975609756,50.31336877087511,14.586488176701042,6.375,6.384375,2923.896280862647,2213.923294574252
10,85,dwell200,mey,seasonal60,timer,983.1176094508245,936.683328850802,11.131389488947187,915.0305395433684,962.2189480922318,4.9573083207311655,4.171472092152465,1.0,0.024390243902439025,0.9174856727007111,0.8048780487804879,0.21951219512195122,4.0347948847432695,5.914349185343146,56.25,55.94375,420.6176094508245,377.245828850802
10,85,dwell200,trust,seasonal60,timer,873.8701923457033,867.9531644205679,11.619030074212574,846.2451977400325,904.5369976963079,0.6817220292163562,0.5092531723683029,0.7560975609756098,0.2682926829268293,-0.6694681956780408,0.2682926829268293,0.7560975609756098,1.7608600940270926,-0.3810896870611518,49.25,49.00625,381.37019234570334,377.8906644205679
10,85,f2,thr,seasonal60,timer,2353.812334837931,2361.345869088321,257.82157265388406,1874.2962633555603,3050.192672669141,-0.3190356122332274,-0.029219953058402293,0.6341463414634146,0.3902439024390244,7.795008004688784,0.7560975609756098,0.2682926829268293,4.2390801385613575,-5.038734702955429,7.125,7.15,2339.562334837931,2347.0458690883206
10,85,f2,mey,seasonal60,timer,489.06840223117183,481.28836340932196,4.35165942962674,472.65514139759836,491.9972247172833,1.6165025820982026,1.7878326527306383,0.9512195121951219,0.07317073170731707,1.7366010799440672,0.9512195121951219,0.07317073170731707,1.4451806558961418,1.7859610102103038,150.875,149.075,187.31840223117183,183.13836340932198
10,85,f2,trust,seasonal60,timer,442.7799051607641,435.6086106176008,3.4076410276139186,429.18961638437224,444.9470944719205,1.6462701536124187,2.1044747627612486,0.975609756097561,0.04878048780487805,0.16060152252841733,0.5853658536585366,0.43902439024390244,2.008955935476322,1.281384413668261,135.375,132.128125,172.0299051607641,171.35236061760077
10,85,f50,thr,seasonal60,timer,3565.321071516206,2929.867637528701,339.70361681779036,2319.2715475583627,3668.218477738115,21.688810301461274,1.8706113286051598,0.975609756097561,0.04878048780487805,7.72744414131858,0.7317073170731707,0.2926829268292683,35.17148875042405,9.667359993724348,7.0,7.20625,3215.321071516206,2569.555137528701
10,85,f50,mey,seasonal60,timer,2481.4728012427922,2440.8516996368285,59.620041783665954,2331.9075663697804,2547.506365175468,1.6642183387056135,0.6813329945886197,0.7317073170731707,0.2926829268292683,0.3133470829662028,0.5853658536585366,0.43902439024390244,6.094648229386755,-2.9834332931282392,28.0,27.334375,1081.4728012427922,1074.1329496368285
10,85,f50,trust,seasonal60,timer,2336.071405625225,2306.6360566553362,45.599878556405926,2218.7741490662447,2386.657901486342,1.2761158781403317,0.6455137579692886,0.6829268292682927,0.34146341463414637,4.169873223026243,1.0,0.024390243902439025,1.3393923432148218,1.2102536729867575,26.625,27.021875,1004.821405625225,955.5423066553362
10,85,base,thr,seasonal60,timer,2966.7497436627204,2433.0175123749464,301.2725592900976,2091.1011007741804,3396.0921125271684,21.93704848292608,1.7715925822963496,0.9508196721311475,0.06557377049180328,-7.981005917445889,0.29508196721311475,0.7213114754098361,24.50090804537261,19.130136395848005,7.25,7.166666666666667,2894.2497436627204,2361.35084570828
10,85,base,mey,seasonal60,timer,1129.846080183562,1114.4390481476034,12.241701112385488,1080.8829293991093,1153.712249719504,1.3824921211768175,1.258569531678121,0.9180327868852459,0.09836065573770492,0.20376032049853243,0.6065573770491803,0.4098360655737705,3.657723027440963,-0.8646233014642724,65.75,66.69027777777778,472.346080183562,447.5362703698256
10,85,base,trust,seasonal60,timer,1001.5257781182368,998.3752529970726,11.647484453848724,961.7247589453473,1031.662964539466,0.315565225771215,0.2704897468331121,0.6721311475409836,0.3442622950819672,-2.1470632497507376,0.03278688524590164,0.9836065573770492,1.3020528021476332,-0.6331947992428638,58.416666666666664,58.888888888888886,417.35911145157013,409.4863641081837
10,86,signed,thr,ma10,queue,2384.7104539820125,2294.125927746987,181.72781091433157,2028.3084666911436,3047.0352450968776,3.948542019399367,0.4984626501539044,0.8048780487804879,0.21951219512195122,10.743255671999137,0.926829268292683,0.0975609756097561,-6.501908138648415,14.113564843940923,6.5,6.41875,2319.7104539820125,2229.938427746987
10,86,signed,mey,ma10,queue,1128.3105194201707,1113.604440720514,16.08543593231405,1074.313152177819,1143.440850821229,1.3205836975777243,0.9142480664831497,0.8048780487804879,0.21951219512195122,2.9002012982775796,1.0,0.024390243902439025,-0.9004418756655096,3.4730829093027937,64.875,66.371875,479.56051942017075,449.88569072051405
10,86,signed,trust,ma10,queue,974.5790420234109,970.8874038864327,12.531585345079229,947.9657855982873,996.5987632233923,0.3802333949540078,0.29458668119974196,0.6829268292682927,0.34146341463414637,1.9114240110896612,0.8780487804878049,0.14634146341463414,1.420746626084618,-0.6272287827239454,54.5,54.89375,429.5790420234109,421.9499038864327
10,86,dwell5,thr,ma10,queue,1775.6887166086308,2106.60724068391,328.441194549908,1769.9236958259294,3613.1127999877754,-15.708600905019503,-1.0075426882086638,0.04878048780487805,0.975609756097561,5.392818723405554,0.7804878048780488,0.24390243902439024,-13.922530256679819,-17.5126946624725,6.0,6.009375,1715.6887166086308,2046.5134906839098
10,86,dwell5,mey,ma10,queue,1108.6929446721608,1148.1120978332006,18.21895158549222,1107.2044907832255,1185.1220571063388,-3.43338888558307,-2.163634552518887,0.04878048780487805,0.975609756097561,-0.684585600366831,0.36585365853658536,0.6585365853658537,-2.8510153132604836,-4.004753772608029,62.25,63.890625,486.1929446721608,509.20584783320055
10,86,dwell5,trust,ma10,queue,986.3588578012885,980.1242803197041,15.512985643395089,943.4942566646798,1013.7476144437709,0.6361007075093372,0.40189410503573264,0.6341463414634146,0.3902439024390244,-0.43886109898371933,0.4146341463414634,0.6097560975609756,0.46860825759803665,0.8047851180041308,54.0,51.609375,446.35885780128854,464.0305303197041
10,86,dwell200,thr,ma10,queue,1858.988288550736,2023.9294124724875,233.8408239508496,1687.7415872471283,2752.4977721392024,-8.149549233550344,-0.7053564092659036,0.1951219512195122,0.8292682926829268,-9.63836314960412,0.1951219512195122,0.8292682926829268,-8.261508688444453,-8.00738257811309,5.375,5.04375,1805.238288550736,1973.4919124724875
10,86,dwell200,mey,ma10,queue,968.0467530160006,965.8213979844159,14.38185912258153,929.1939335207359,990.9158713451483,0.2304106158994676,0.15473347448457633,0.5121951219512195,0.5121951219512195,-2.0821130995960413,0.0975609756097561,0.926829268292683,1.40753704453432,-1.1718691111263912,51.125,51.45,456.7967530160006,451.32139798441585
10,86,dwell200,trust,ma10,queue,847.2422174279577,851.2282870831775,10.950652833698742,829.6643475020338,870.9045293813247,-0.46827269672610283,-0.364002924369346,0.36585365853658536,0.6585365853658537,-1.1784806826965017,0.1951219512195122,0.8292682926829268,1.2676167313420985,-2.525148709530028,44.75,44.6375,399.7422174279577,404.8532870831775
10,86,f2,thr,ma10,queue,2331.4419129666176,2275.823700106101,278.4134180921264,1898.6798536496167,3161.259456224553,2.4438717664256453,0.1997684351625341,0.7073170731707317,0.3170731707317073,10.64897092630636,0.8780487804878049,0.14634146341463414,-0.7377643512527947,5.80315530347524,6.25,6.0625,2318.9419129666176,2263.698700106101
10,86,f2,mey,ma10,queue,529.9617879362327,526.3246040670259,6.25327362225469,515.8043169835032,539.6626479694822,0.6910533615759993,0.5816447654333288,0.6341463414634146,0.3902439024390244,-0.45193845465280985,0.4146341463414634,0.6097560975609756,1.168686702097592,0.21460599794907173,136.75,136.046875,256.46178793623267,254.23085406702592
10,86,f2,trust,ma10,queue,456.9052029183789,457.8528991308327,5.501810163139839,448.26499013951593,469.97974384310896,-0.20698705069966447,-0.17225171068297596,0.4634146341463415,0.5609756097560976,-0.36609966019333584,0.4634146341463415,0.5609756097560976,0.745608703771354,-1.1454992235529406,121.5,121.43125,213.9052029183789,214.9903991308327
10,86,f50,thr,ma10,queue,2859.5529020559406,2737.9970564548303,296.32335852919505,2261.388429571404,4023.171608125651,4.4395900760573275,0.41021351203784423,0.7804878048780488,0.24390243902439024,5.688805989945799,0.8536585365853658,0.17073170731707318,5.844645001354683,2.9885329988713334,6.0,5.971875,2559.5529020559406,2439.4033064548303
10,86,f50,mey,ma10,queue,2428.782086169592,2428.144312363684,62.83934456018286,2320.606119428758,2575.9244187753307,0.02626589377988348,0.010149275272865315,0.5609756097560976,0.4634146341463415,5.4940639601197585,0.9512195121951219,0.07317073170731707,2.783392056679351,-2.780138657193425,24.125,24.4375,1222.5320861695918,1206.269312363684
10,86,f50,trust,ma10,queue,2127.561913989146,2195.6827474951033,38.27143666006119,2107.971114370505,2270.946945993266,-3.1024898102274325,-1.7799392824217117,0.07317073170731707,0.9512195121951219,1.7132549176871612,0.8536585365853658,0.17073170731707318,-0.8073128379921589,-5.366014855473757,22.5,23.834375,1002.561913989146,1003.9639974951033
10,86,base,thr,ma10,queue,2067.211397234814,2069.633991902655,300.55578733168994,1682.5216215822459,3130.2626566123713,-0.11705425584037826,-0.008060382697497752,0.6721311475409836,0.3442622950819672,0.6438263767079335,0.6885245901639344,0.32786885245901637,-6.2177795546973185,5.8416548189582,6.0,6.044444444444444,2007.2113972348138,2009.1895474582107
10,86,base,mey,ma10,queue,1088.9230942691786,1094.3000910538462,13.006751807707298,1056.1387885718414,1123.285350697459,-0.4913640077914489,-0.4134004295739274,0.36065573770491804,0.6557377049180327,-0.7695675526024317,0.2459016393442623,0.7704918032786885,0.04802705252026959,-1.0035712924813869,58.083333333333336,57.34583333333333,508.0897609358452,520.841757720513
10,86,base,trust,ma10,queue,977.6266582387735,984.3716833925838,7.571287187482789,965.1084875257393,998.6988773282379,-0.6852112131632953,-0.8908690143152237,0.21311475409836064,0.8032786885245902,-2.0218892153221857,0.01639344262295082,1.0,-0.6779622699127911,-0.6923467409386881,53.583333333333336,54.22638888888889,441.79332490544016,442.1077945036949
10,88,base,thr,seasonal60,http,1574.7489683778656,2399.606501138587,307.3274079282568,1944.287946801194,3012.438620481628,-34.37469986722139,-2.683969966496702,0.01639344262295082,1.0,1.7236722726010278,0.639344262295082,0.3770491803278688,-34.74364330478471,-34.0142529359426,6.083333333333333,6.625,1513.9156350445323,2333.356501138587
10,88,base,mey,seasonal60,http,1043.655245435626,1109.7896332131545,12.11952622572089,1083.2517483938293,1143.3593708877886,-5.959182334948535,-5.45684596458676,0.01639344262295082,1.0,-0.5982256125310078,0.2786885245901639,0.7377049180327869,-5.673732563740017,-6.237315358093679,61.333333333333336,64.36527777777778,430.3219121022927,466.1368554353767
10,88,base,trust,seasonal60,http,959.0186341780072,990.1511904916027,10.02207814448226,966.6755373824145,1010.1154244928266,-3.1442224796132816,-3.1063972825571904,0.01639344262295082,1.0,-0.2676736938651903,0.45901639344262296,0.5573770491803278,-3.287366763853733,-3.0050490719499696,54.083333333333336,54.979166666666664,418.18530084467386,440.3595238249361
10,87,base,thr,naive,http,2827.4668085080557,2502.773728719266,285.17343577955546,2017.4398891762232,3195.2068876716967,12.973329393022826,1.138581084529149,0.8688524590163934,0.14754098360655737,-13.08322210170316,0.11475409836065574,0.9016393442622951,9.177248535799924,17.44030058141042,7.333333333333333,7.401388888888889,2754.133475174722,2428.759839830377
10,87,base,mey,naive,http,1101.8250650899288,1096.2312054391666,11.594693471667316,1070.2930085881894,1121.5727180652384,0.5102810085141835,0.4824499814877618,0.7049180327868853,0.3114754098360656,-0.9282043439098574,0.19672131147540983,0.819672131147541,1.443783909058517,-0.4175613309826565,65.58333333333333,66.04722222222222,445.9917317565955,435.75898321694444
10,87,base,trust,naive,http,1083.167712034027,1087.7187859575388,12.180834430248407,1060.7328297130591,1118.5919963371862,-0.41840538034886476,-0.3736257930089017,0.32786885245901637,0.6885245901639344,-1.7280098761213791,0.06557377049180328,0.9508196721311475,0.2784254427368302,-1.116364372590337,64.83333333333333,64.84583333333333,434.83437870069383,439.2604526242055
10,89,base,thr,ma10,orchestration,1970.4050427245586,2550.2013366754672,296.7729337817259,2020.7840096616128,3594.701523291289,-22.735314487237765,-1.9536697183353795,0.01639344262295082,1.0,-15.10399344248398,0.11475409836065574,0.9016393442622951,-19.338607683684344,-26.289087179872396,8.416666666666666,8.502777777777778,1886.2383760578919,2465.1735588976894
10,89,base,mey,ma10,orchestration,1107.5221630907556,1111.6469285690275,11.273708494674938,1082.4441040021036,1141.9747378743841,-0.37104995950301717,-0.3658747678477066,0.39344262295081966,0.6229508196721312,0.19611255790275742,0.6229508196721312,0.39344262295081966,0.721912475939871,-1.5030122707761768,67.41666666666667,68.57222222222222,433.35549642408887,425.92470634680535
10,89,base,trust,ma10,orchestration,1025.041091137292,1050.3165948594165,9.121344212310182,1033.9514793125952,1070.819454551504,-2.4064652358946717,-2.7710283850501636,0.01639344262295082,1.0,-1.2445888322354053,0.11475409836065574,0.9016393442622951,-2.9106769276922697,-1.9086690663370405,59.5,62.27638888888889,430.0410911372919,427.55270597052754
10,91,base,thr,seasonal60,http,2141.5990853031594,2295.211116649496,178.63515923180867,1872.2662219222814,2760.7458454711846,-6.692719037130511,-0.8599204770601715,0.18032786885245902,0.8360655737704918,4.3015525694326815,0.7540983606557377,0.26229508196721313,-11.873061441556983,-1.6468556134652559,6.75,6.779166666666667,2074.0990853031594,2227.4194499828295
10,91,base,mey,seasonal60,http,1089.223937432381,1106.1895353561897,13.456360734427028,1081.4834009350982,1138.290770387402,-1.5336971993995407,-1.2607864978235566,0.11475409836065574,0.9016393442622951,1.4351924644962906,0.8360655737704918,0.18032786885245902,-2.9242265141905976,-0.10088104560086616,63.666666666666664,64.40972222222223,452.5572707657144,462.0923131339674
10,91,base,trust,seasonal60,http,977.9703033803115,980.1844165270027,12.622642853366678,949.9042108304369,1018.8108751928648,-0.22588740540644495,-0.17540804825200335,0.4918032786885246,0.5245901639344263,-0.5361127410647858,0.36065573770491804,0.6557377049180327,-1.5918223409733547,1.2046870239024976,54.916666666666664,54.875,428.8036367136449,431.43441652700267
10,92,base,thr,ma10,orchestration,2165.05408471257,2284.105603729317,254.36799716034793,1871.5058736665026,3110.290018684905,-5.212172275326003,-0.4680286842125806,0.4426229508196721,0.5737704918032787,5.171849962164307,0.7049180327868853,0.3114754098360656,-6.7045790617641,-3.6732125867468026,10.666666666666666,10.818055555555556,2058.3874180459034,2175.9250481737613
10,92,base,mey,ma10,orchestration,1035.0997927428882,1031.3432305500157,10.265401747180888,1009.5450760647306,1073.596092244369,0.3642397682553366,0.3659440015490983,0.6885245901639344,0.32786885245901637,0.3368792441818863,0.6885245901639344,0.32786885245901637,-3.961212032021129,4.603509453026776,62.25,62.1625,412.5997927428882,409.71823055001573
10,92,base,trust,ma10,orchestration,1033.384163467814,1007.4645451295215,8.667233785840818,989.3526629531275,1033.852820638996,2.5727573703311024,2.990529502115881,0.9836065573770492,0.03278688524590164,-0.4534079654212447,0.29508196721311475,0.7213114754098361,-1.5094829003636845,6.618232329621372,60.666666666666664,60.34027777777778,426.7174968011474,404.0617673517437
10,93,base,thr,naive,orchestration,2275.848328371227,2280.9380874562803,173.05848385462582,1913.9373813753239,2778.8792883922943,-0.22314323712000936,-0.02941063027761598,0.5901639344262295,0.4262295081967213,3.043654667072084,0.7540983606557377,0.26229508196721313,-0.8595458995351872,0.48691437078075106,6.0,6.044444444444444,2215.848328371227,2220.493643011836
10,93,base,mey,naive,orchestration,1151.4420091574693,1128.1903367043165,13.574445962956116,1099.7099563814459,1153.4486682459208,2.060970715373786,1.7129002919607443,0.9672131147540983,0.04918032786885246,2.9527726674702692,1.0,0.01639344262295082,2.176043910128737,1.9464684730603556,59.666666666666664,59.829166666666666,554.7753424908027,529.8986700376498
10,93,base,trust,naive,orchestration,993.8563712575174,989.9917956733568,8.24534609140874,974.0106126074144,1005.8879201961831,0.39036440514459037,0.4686978013193713,0.6557377049180327,0.36065573770491804,0.06498913430717436,0.47540983606557374,0.5409836065573771,0.2591550742908105,0.5217149645629645,54.333333333333336,53.93472222222222,450.523037924184,450.64457345113465
10,94,base,thr,seasonal60,http,1720.9668759302012,1969.8962101662203,154.70667472136145,1733.734044086574,2554.1252595118076,-12.63667257956775,-1.609040687380553,0.01639344262295082,1.0,10.271045957399709,0.9344262295081968,0.08196721311475409,-12.704725219387575,-12.572229234149175,8.916666666666666,9.094444444444445,1631.8002092635345,1878.9517657217757
10,94,base,mey,seasonal60,http,947.1122126795021,967.7254264280709,9.817614607268089,950.972088438421,997.8529905449832,-2.1300684249512107,-2.099615290796667,0.01639344262295082,1.0,0.45107309456578726,0.7049180327868853,0.3114754098360656,-2.153325288640442,-2.1067547928218167,56.25,56.65694444444444,384.61221267950214,401.1559819836265
10,94,base,trust,seasonal60,http,972.4659580213433,977.1147137208594,8.0821229742079,964.828962180217,1009.9072413278632,-0.475763555111516,-0.5751899240275642,0.29508196721311475,0.7213114754098361,-0.5383160607092429,0.26229508196721313,0.7540983606557377,0.3248636330131294,-1.2723471868207703,58.083333333333336,57.581944444444446,391.63262468800997,401.29526927641496
10,95,base,thr,ma10,orchestration,2390.069146001236,2056.033928396964,177.7080242624711,1750.1339361103664,2607.3173239416105,16.24658100193466,1.8796856190967992,0.9344262295081968,0.08196721311475409,7.44851359607804,0.8852459016393442,0.13114754098360656,23.425898189319106,8.148310861399683,6.0,6.0152777777777775,2330.069146001236,1995.881150619186
10,95,base,mey,ma10,orchestration,1090.0378546919967,1108.0354004115845,11.032571133270963,1079.5568259597553,1128.1510307153562,-1.6242753356889652,-1.6313101907235905,0.08196721311475409,0.9344262295081968,-0.34396544837984777,0.32786885245901637,0.6885245901639344,-0.9502551199371082,-2.315925478945565,56.083333333333336,57.0125,529.2045213586633,537.9104004115845
10,95,base,trust,ma10,orchestration,968.7042993081159,960.634375364998,8.333779712961597,941.1552760514802,985.923329589913,0.8400619580213979,0.9683390035576065,0.8524590163934426,0.16393442622950818,-0.9655819137736177,0.13114754098360656,0.8852459016393442,-0.2944351033853845,1.9791602966478066,49.666666666666664,50.28611111111111,472.03763264144925,457.77326425388696
10,96,base,thr,naive,orchestration,1847.9935317563775,2159.3919838297375,318.20692675205675,1772.1525495919784,2851.6282433649044,-14.420654258477278,-0.9786036251687197,0.19672131147540983,0.819672131147541,-10.009579354613216,0.36065573770491804,0.6557377049180327,-9.050321572530928,-19.889010764395593,14.0,13.569444444444445,1707.9935317563775,2023.697539385293
10,96,base,mey,naive,orchestration,1010.029233215897,1015.9153741726956,10.656910929079913,998.2725889051356,1068.3775710689538,-0.5793928418094819,-0.5523308767399828,0.26229508196721313,0.7540983606557377,-0.35003894927690793,0.4098360655737705,0.6065573770491803,0.30204965089000524,-1.4827387953280537,59.416666666666664,59.28888888888889,415.86256654923034,423.02648528380666
10,96,base,trust,naive,orchestration,1003.3737541643033,1008.7090202644638,8.391125575021581,991.5472737259853,1030.0190592363344,-0.5289202329886706,-0.6358224593899986,0.29508196721311475,0.7213114754098361,-0.09698823785844099,0.4262295081967213,0.5901639344262295,-0.7220749453826629,-0.33484172206374957,59.166666666666664,59.25555555555555,411.7070874976366,416.15346470890825
10,97,base,thr,seasonal60,orchestration,1582.5054547592456,1601.8298592554263,51.099264204246296,1579.1721214259123,1989.3422898950137,-1.2063955721966133,-0.37817383081956135,0.04918032786885246,0.9672131147540983,-0.16591885924447372,0.9016393442622951,0.21311475409836064,-1.102670823669965,-1.3169195374668194,9.333333333333334,10.595833333333333,1489.1721214259123,1495.871525922093
10,97,base,mey,seasonal60,orchestration,901.2568029741029,919.528327317544,44.71041453198523,900.40107769118,1258.953912251228,-1.9870539928599007,-0.4086637204038874,0.03278688524590164,0.9836065573770492,-0.38984886383542666,0.7377049180327869,0.2786885245901639,-1.9442536564765578,-2.031863311783093,49.666666666666664,50.84027777777778,404.5901363074363,411.12554953976627
10,97,base,trust,seasonal60,orchestration,923.9794316883443,939.296302841833,23.08854877185579,923.0542458273579,1113.0920367319038,-1.6306751242550024,-0.6633968771636044,0.03278688524590164,0.9836065573770492,-0.09345467223921616,0.6721311475409836,0.3442622950819672,-1.5969645885949126,-1.6645335855681398,53.5,54.645833333333336,388.97943168834433,392.83796950849967
10,100,base,thr,seasonal60,timer,1726.250631559383,1753.0682560160903,41.31567766338306,1690.211902466929,1916.1344156625091,-1.5297535828782467,-0.6490907561822482,0.22950819672131148,0.7868852459016393,2.1232277655099163,0.8524590163934426,0.16393442622950818,-2.0159280744158465,-0.9979643005672186,11.666666666666666,12.723611111111111,1609.5839648927163,1625.8321449049793
10,100,base,mey,seasonal60,timer,945.7489995878312,961.0708344871908,17.816653544168886,948.7692054314944,1091.142514135351,-1.5942461626707298,-0.8599726576809481,0.01639344262295082,1.0,-0.25038419315546295,0.5573770491803278,0.45901639344262296,-0.9388958799929936,-2.2586082205431866,53.666666666666664,55.104166666666664,409.0823329211646,410.0291678205242
10,100,base,trust,seasonal60,timer,963.9254910284303,979.0408861048456,10.757365285046236,961.0399370095819,1046.361332483222,-1.5438982468395723,-1.4051205546981997,0.04918032786885246,0.9672131147540983,0.5544296032727268,0.8524590163934426,0.16393442622950818,-2.0486561322431722,-1.0400308701238012,56.833333333333336,57.643055555555556,395.59215769509694,402.6103305492901
10,98,base,thr,ma10,queue,1797.5032577020957,1864.6446702156682,160.2172530310997,1697.1901085024701,2415.3081906426105,-3.6007617744032063,-0.4190648088351616,0.45901639344262296,0.5573770491803278,-8.305608282672639,0.14754098360655737,0.8688524590163934,-8.906866921193593,1.4969300226897255,13.166666666666666,13.95138888888889,1665.836591035429,1725.1307813267792
10,98,base,mey,ma10,queue,1014.4745056073547,1027.7333337224375,6.921598354224731,1013.7188155043108,1049.74497349726,-1.2901039287165554,-1.9155731720535347,0.03278688524590164,0.9836065573770492,0.17942175694464776,0.6557377049180327,0.36065573770491804,-1.4736102086109568,-1.1014530691624507,60.25,61.40694444444444,411.9745056073547,413.663889277993
10,98,base,trust,ma10,queue,979.4655217204358,991.0074341551446,5.746840132038601,979.8967605004682,1002.8069146397944,-1.1646645662702257,-2.0083928157949984,0.01639344262295082,1.0,-0.7800136417924902,0.13114754098360656,0.8852459016393442,-1.4471645657523604,-0.8866011659066977,56.333333333333336,57.354166666666664,416.1321883871025,417.4657674884779
10,101,base,thr,ma10,event,1977.3011194304445,2116.216864096925,118.72332565869142,1902.4095453466928,2443.526065425356,-6.564343523732446,-1.1700796275353553,0.09836065573770492,0.9180327868852459,5.443361575336254,0.7868852459016393,0.22950819672131148,-2.5683031666097333,-10.263360011709038,5.916666666666667,5.9222222222222225,1918.1344527637777,2056.9946418747027
10,101,base,mey,ma10,event,1074.0558753713676,1089.8553245652765,13.163915251783868,1060.0948083653088,1117.6506902614344,-1.449683167828815,-1.200208972157269,0.16393442622950818,0.8524590163934426,1.2418072835056355,0.8524590163934426,0.16393442622950818,-0.5079690671149256,-2.360094180662309,55.583333333333336,56.11527777777778,518.2225420380342,528.7025467874987
10,101,base,trust,ma10,event,971.2451382492582,960.6426319362778,9.810865277044552,939.1584895999976,981.6678735285499,1.1036889224466229,1.080690236139325,0.8852459016393442,0.13114754098360656,-1.530739774868899,0.09836065573770492,0.9180327868852459,1.2684569451212788,0.9434903162135916,52.083333333333336,51.30694444444445,450.4118049159248,447.5731874918333
10,102,base,thr,naive,http,2246.1119906019508,2380.369135961074,354.66736084650586,1941.9394410605037,3750.93022135589,-5.640181740338218,-0.37854384186546947,0.39344262295081966,0.6229508196721312,-6.6185119967686585,0.3770491803278688,0.639344262295082,-9.482856859166581,-1.5842075839151684,7.0,7.204166666666667,2176.1119906019508,2308.3274692944074
10,102,base,mey,naive,http,1105.9531581792248,1143.5572684010224,14.016160321667947,1104.431723753499,1184.9241166946833,-3.288345171761923,-2.6829109655419954,0.03278688524590164,0.9836065573770492,-1.4378816387685913,0.13114754098360656,0.8852459016393442,-1.26591186908035,-5.280614805592874,65.08333333333333,66.53194444444445,455.11982484589157,478.2378239565779
10,102,base,trust,naive,http,1004.4966376454913,1018.5988349061971,9.956133821514726,1002.7493530304511,1042.068984957491,-1.3844701935089554,-1.4164330766860147,0.09836065573770492,0.9180327868852459,0.7461356060525831,0.7049180327868853,0.3114754098360656,-1.3303257281410505,-1.4382765004305675,57.25,57.834722222222226,431.9966376454913,440.2516126839748
10,103,base,thr,seasonal60,queue,2555.169595858912,2333.723696094165,327.54189575098934,1755.9525853274852,3217.655700088357,9.48895107571517,0.6760841975864341,0.8360655737704918,0.18032786885245902,-11.112059128245416,0.22950819672131148,0.7868852459016393,11.043804978930197,7.995435454173818,7.666666666666667,7.848611111111111,2478.5029291922456,2255.2375849830537
10,103,base,mey,seasonal60,queue,1149.7567662625677,1108.1848096532667,13.13107450615176,1075.5357662737615,1147.0009490330133,3.751355933340051,3.1659219197808204,1.0,0.01639344262295082,0.16247756929186266,0.5737704918032787,0.4426229508196721,2.3179909895577744,5.184298261198665,66.16666666666667,67.29722222222222,488.09009959590094,435.21258743104454
10,103,base,trust,seasonal60,queue,1051.049304398047,1029.5587303336736,9.126938136864302,1010.1723396723473,1051.629576771524,2.0873577612622976,2.354631284019738,0.9836065573770492,0.03278688524590164,0.3298599996075892,0.639344262295082,0.3770491803278688,1.2903174120339669,2.8732364484397865,59.5,60.59861111111111,456.04930439804707,423.5726192225625
10,104,base,thr,ma10,queue,1972.2363636746893,2444.8369118053206,299.5707933546542,1939.6452992828072,3096.2218552783056,-19.3305551731732,-1.5775922039607233,0.03278688524590164,0.9836065573770492,0.13880705257650003,0.5737704918032787,0.4426229508196721,-14.88283606536805,-23.837980194946994,6.166666666666667,6.398611111111111,1910.5696970080226,2380.8508006942093
10,104,base,mey,ma10,queue,1094.066995051136,1141.7936871332809,15.227098234408437,1109.7945832743553,1178.1175482329402,-4.179975123349384,-3.1343261432633023,0.01639344262295082,1.0,0.6295633115408414,0.6885245901639344,0.32786885245901637,-4.176952373675812,-4.182969884972268,63.333333333333336,64.61111111111111,460.73366171780265,495.68257602216977
10,104,base,trust,ma10,queue,962.0224178761813,992.2581603490122,9.272705267928174,968.3736949710745,1016.6451661457162,-3.047164909401796,-3.2607250634190126,0.01639344262295082,1.0,-0.8054178424978343,0.16393442622950818,0.8524590163934426,-1.7979451805174067,-4.289994229319431,54.083333333333336,55.544444444444444,421.1890845428479,436.81371590456774
10,105,base,thr,naive,queue,1968.6225077241704,2262.6850082963356,209.41827890552827,1951.8948299362337,3039.8157998031,-12.996174876041467,-1.4041873618148737,0.03278688524590164,0.9836065573770492,-2.2523431000228973,0.39344262295081966,0.6229508196721312,-10.925721297686184,-15.185098906449864,6.416666666666667,6.401388888888889,1904.4558410575037,2198.671119407447
10,105,base,mey,naive,queue,1068.054071638808,1103.8027481313259,11.522731365513662,1071.3053904233493,1135.7770658897027,-3.2386834108755713,-3.1024481399878843,0.01639344262295082,1.0,-0.32642275055205966,0.36065573770491804,0.6557377049180327,-3.8501280681540466,-2.626290591678298,60.25,61.09166666666667,465.55407163880795,492.8860814646591
10,105,base,trust,naive,queue,983.0940067419982,990.5640154793447,10.787334145980312,965.6058221607286,1013.6106710750713,-0.754116707311606,-0.6924795909960769,0.3114754098360656,0.7049180327868853,-1.2129062653804574,0.09836065573770492,0.9180327868852459,-0.8673468366698925,-0.6418700809548916,56.25,55.25277777777778,420.5940067419982,438.03623770156685
10,106,base,thr,seasonal60,orchestration,1658.2213625954653,1685.1379912243392,71.64715297049669,1656.0610442194054,2071.3901343825255,-1.597295222649251,-0.3756831571515175,0.03278688524590164,0.9836065573770492,-0.5588046010423312,0.9180327868852459,0.16393442622950818,-1.3940046954172045,-1.8107328523220787,7.583333333333333,8.955555555555556,1582.388029262132,1595.5824356687835
10,106,base,mey,seasonal60,orchestration,920.0093480543592,941.8640099560687,61.96853509743379,924.1467044558262,1277.0085859597918,-2.320362777502123,-0.35267352806302726,0.01639344262295082,1.0,-1.0067956692534288,0.7049180327868853,0.3114754098360656,-2.3890932391894886,-2.2519139432515343,52.75,53.74166666666667,392.5093480543592,404.44734328940206
10,106,base,trust,seasonal60,orchestration,900.0948224880422,915.2824131762644,31.514084549858723,903.8320663125149,1085.3660154323568,-1.6593338263233341,-0.48193025135138645,0.01639344262295082,1.0,-0.3574134778188368,0.8032786885245902,0.21311475409836064,-1.7674664742669748,-1.5504371824713092,50.083333333333336,51.0625,399.2614891547088,404.6574131762644
10,109,base,thr,seasonal60,timer,1669.1317156765836,1745.0194785597016,74.55449229418358,1594.2835127521412,1938.7243978450272,-4.348820389429352,-1.0178831690473265,0.13114754098360656,0.8852459016393442,-1.708815308077576,0.3442622950819672,0.6721311475409836,-2.239306124414695,-6.510050272631228,6.5,7.916666666666667,1604.1317156765836,1665.8528118930349
10,109,base,mey,seasonal60,timer,904.2698183358979,921.2967697843354,5.748205120176902,910.5056963077113,943.9046794410293,-1.8481505641687384,-2.9621335864774343,0.01639344262295082,1.0,0.028817843116627676,0.5081967213114754,0.5081967213114754,-0.48163749181468846,-3.2375535059340743,49.916666666666664,51.583333333333336,405.10315166923124,405.46343645100205
10,109,base,trust,seasonal60,timer,890.4110746428996,902.453671258235,5.69969489076827,890.6699732363417,916.0537406052721,-1.3344282370246345,-2.1128493447676666,0.01639344262295082,1.0,1.168455107417961,0.9836065573770492,0.03278688524590164,-1.6744976048492441,-0.9896592782150614,49.416666666666664,50.63194444444444,396.244407976233,396.1342268137905
10,107,base,thr,ma10,queue,2138.7000973298796,2246.8727348346933,214.53035137153856,1812.0459117522416,2749.979911854213,-4.814364241807948,-0.5042299926944739,0.3442622950819672,0.6721311475409836,44.727864396475404,1.0,0.01639344262295082,-4.946314952001521,-4.668655515260464,6.25,6.305555555555555,2076.2000973298796,2183.8171792791377
10,107,base,mey,ma10,queue,1101.1106838766814,1109.9168083414747,15.525086919193356,1074.9191331231334,1148.5435289643344,-0.7934040099773029,-0.567219012082085,0.29508196721311475,0.7213114754098361,3.3607179502403075,0.9836065573770492,0.03278688524590164,1.0212948311628778,-2.6903848465921887,57.166666666666664,58.0125,529.4440172100147,529.7918083414747
10,107,base,trust,ma10,queue,982.5837976385865,997.3335225069311,9.20789907867463,976.3532479049795,1015.1574060023601,-1.4789159830173184,-1.6018556179123196,0.08196721311475409,0.9344262295081968,2.3828558885301496,1.0,0.01639344262295082,-3.2180220894239686,0.22727265306792532,51.916666666666664,52.708333333333336,463.41713097191985,470.25018917359773
10,110,base,thr,ma10,event,2065.646925798333,2263.960953034242,211.9125949602804,1967.7081606595386,3103.136508271263,-8.759604575782154,-0.9358293558392766,0.11475409836065574,0.9016393442622951,-7.107249063587709,0.22950819672131148,0.7868852459016393,-13.85771837499191,-3.0319836702103826,6.166666666666667,6.226388888888889,2003.9802591316663,2201.697064145353
10,110,base,mey,ma10,event,1064.778218696835,1091.6327829123236,13.606367387307214,1061.9299382549948,1119.4810361180907,-2.4600364367809098,-1.9736762539970851,0.03278688524590164,0.9836065573770492,0.45960396113312735,0.6229508196721312,0.39344262295081966,-5.518273363934613,0.5897068524890134,57.5,56.96388888888889,489.778218696835,521.9938940234347
10,110,base,trust,ma10,event,986.5503269551422,997.6026083209919,10.001120081723137,973.2945856736516,1025.1450295204095,-1.1078841688727297,-1.105104355865853,0.09836065573770492,0.9180327868852459,-0.6995552631251778,0.2786885245901639,0.7377049180327869,-1.4810988897088107,-0.7319986487874702,55.5,55.18611111111111,431.55032695514217,445.7414972098808
10,111,base,thr,naive,timer,2314.3584335457886,2316.5591406770286,82.37888488162417,2039.135593264458,2451.625875083777,-0.09499896171858065,-0.0267144564338592,0.4098360655737705,0.6065573770491803,-4.8717997917183,0.13114754098360656,0.8852459016393442,-2.667484504525996,3.03018663058074,6.0,6.0,2254.3584335457886,2256.5591406770286
10,111,base,mey,naive,timer,1106.699590289234,1084.2410509096455,11.6630290644673,1053.5489477114781,1114.7586270336199,2.071360364076463,1.9256180581776057,0.9836065573770492,0.03278688524590164,-0.8602493602412694,0.19672131147540983,0.819672131147541,2.4473326620292797,1.693256896595397,51.75,51.94166666666667,589.199590289234,564.8243842429788
10,111,base,trust,naive,timer,981.1873546670753,978.9293614003865,6.2439769249284875,964.004045923737,992.9015241343446,0.23065946897932205,0.3616274201261019,0.639344262295082,0.3770491803278688,-0.24140316101738218,0.3770491803278688,0.639344262295082,0.08031136815924889,0.37863343468871274,51.333333333333336,51.22361111111111,467.8540213337419,466.6932502892754
10,112,base,thr,seasonal60,http,2482.4794218995144,2430.751503065361,222.7310393179057,2044.212038986544,2999.8204920525936,2.128062813863152,0.23224387131926377,0.639344262295082,0.3770491803278688,-2.1077183195843707,0.5081967213114754,0.5081967213114754,10.460630314912631,-6.409000689111534,6.166666666666667,6.625,2420.812755232848,2364.501503065361
10,112,base,mey,seasonal60,http,1123.4200447585201,1108.995542069408,12.40128775041298,1085.3182420808007,1142.60137509867,1.300681755870339,1.1631455522537815,0.8852459016393442,0.13114754098360656,0.8274974088805376,0.7540983606557377,0.26229508196721313,2.8240978919533952,-0.22759716497000054,60.916666666666664,63.704166666666666,514.2533780918535,471.95387540274135
10,112,base,trust,seasonal60,http,975.6190796733321,971.2542642666499,11.294004940823601,948.1517714145717,993.2370969897491,0.449399870586704,0.3864718874794356,0.639344262295082,0.3770491803278688,0.4620777553468085,0.639344262295082,0.3770491803278688,1.7447731534832667,-0.8461672525821121,53.666666666666664,54.272222222222226,438.95241300666544,428.5320420444276
10,113,base,thr,ma10,http,1731.605035417752,2273.6777221421016,271.28474007213197,1785.5409878984526,3075.470327672014,-23.841227868197883,-1.9981687380580924,0.01639344262295082,1.0,-3.7751918929758954,0.4262295081967213,0.5901639344262295,-25.599572617865377,-22.065580105796514,10.0,10.129166666666666,1631.605035417752,2172.386055475435
10,113,base,mey,ma10,http,1062.2770801540337,1082.7475232399277,18.980619022557825,1056.672216541276,1172.7802562582017,-1.8906017004444258,-1.0784918585408383,0.09836065573770492,0.9180327868852459,0.8532669561794236,0.8360655737704918,0.18032786885245902,-2.040905322159448,-1.7398568859989014,65.75,66.51944444444445,404.7770801540337,417.5530787954832
10,113,base,trust,ma10,http,960.4312561745252,989.7817297435882,13.920150288935524,967.7746694956321,1056.198375622217,-2.965348085043616,-2.1084882677159302,0.01639344262295082,1.0,-0.6306257522438562,0.36065573770491804,0.6557377049180327,-2.974242213331406,-2.9566788366413936,55.5,57.670833333333334,405.4312561745252,413.0733964102549
10,114,base,thr,naive,timer,2871.683014984727,2521.9050981240484,314.45581646211974,2052.41554573517,3365.940730070908,13.869590775674522,1.1123277056724876,0.819672131147541,0.19672131147540983,-6.983104871712346,0.3770491803278688,0.639344262295082,11.023789454524174,16.835880338959146,6.0,6.0,2811.683014984727,2461.9050981240484
10,114,base,mey,naive,timer,1122.2860996277354,1088.2618777630562,12.043496020286838,1062.6248624286561,1116.465491092554,3.126473743122998,2.82511172896696,1.0,0.01639344262295082,0.7398464344483575,0.7704918032786885,0.2459016393442623,1.6389282394901545,4.600275193144757,58.083333333333336,57.30972222222222,541.4527662944021,515.164655540834
10,114,base,trust,naive,timer,979.699387958464,968.9631123881084,10.493179153839199,946.7071513897941,990.6893839487444,1.108016954731635,1.0231670891111628,0.8360655737704918,0.18032786885245902,-0.34791941673438315,0.4262295081967213,0.5901639344262295,3.1218133793306224,-0.8934480753551051,52.166666666666664,51.6625,458.0327212917973,452.33811238810836
10,118,base,thr,seasonal60,http,2670.9249152466296,2661.390027188861,235.04785121115685,2185.795700028321,3278.0423620584866,0.3582672197746191,0.04056573165267008,0.5245901639344263,0.4918032786885246,4.8660396460922914,0.7377049180327869,0.2786885245901639,-5.219233501738109,6.240078480692847,7.833333333333333,8.816666666666666,2592.591581913296,2573.2233605221945
10,118,base,mey,seasonal60,http,1060.3890634299717,1068.4297932300233,10.748896425388695,1051.2157302923254,1100.7147016908218,-0.752574464976617,-0.74805165868559,0.29508196721311475,0.7213114754098361,1.7010069144497355,0.9672131147540983,0.04918032786885246,-0.8896555067071092,-0.6170893003521345,62.75,64.25694444444444,432.88906342997166,425.8603487855788
10,118,base,trust,seasonal60,http,1009.2506081352462,1029.6076067236388,9.496412080270238,1006.6647604990972,1050.8740269797147,-1.9771608577340938,-2.143651561907924,0.04918032786885246,0.9672131147540983,0.03492377234227401,0.5245901639344263,0.4918032786885246,-0.9664142503966126,-2.964533417720132,59.916666666666664,62.854166666666664,410.0839414685796,401.0659400569722
10,117,base,thr,naive,orchestration,2205.444002247877,2375.8606063997786,262.31216863558075,1907.477255192444,3537.2100359799447,-7.172836810916259,-0.6496709818622793,0.2459016393442623,0.7704918032786885,-1.3274499160234394,0.4918032786885246,0.5245901639344263,0.5016464537582646,-15.172010414160425,6.916666666666667,7.226388888888889,2136.2773355812105,2303.59671751089
10,117,base,mey,naive,orchestration,1091.4442147092852,1121.60723352714,13.897153739747012,1098.8058420597915,1160.4034466801393,-2.6892675007988704,-2.170445789311946,0.01639344262295082,1.0,-2.1739160318002324,0.01639344262295082,1.0,-3.0313156418163563,-2.3377324976058795,63.083333333333336,64.45416666666667,460.61088137595186,477.06556686047327
10,117,base,trust,naive,orchestration,1034.1605874421014,1036.0228416117404,13.621875210569723,1008.7389547303623,1075.3113657855777,-0.17975030036422404,-0.13671055863102313,0.47540983606557374,0.5409836065573771,-0.27454345512207184,0.4426229508196721,0.5737704918032787,1.7492936012932956,-2.132493616044188,56.5,57.03333333333333,469.16058744210136,465.6895082784072
10,119,base,thr,ma10,timer,1752.5633218906962,2131.3442000926852,237.7104980070928,1820.9663337061158,2812.198548449138,-17.77192431825498,-1.5934545650175154,0.01639344262295082,1.0,-12.34845436618946,0.09836065573770492,0.9180327868852459,-16.98330773267518,-18.584652055498328,10.916666666666666,11.07638888888889,1643.3966552240295,2020.5803112037963
10,119,base,mey,ma10,timer,1008.2393316692218,1018.3024842398493,10.139549320680908,999.4885660560961,1043.178411689097,-0.9882282255394397,-0.992465468864815,0.16393442622950818,0.8524590163934426,-0.6089104683570059,0.3114754098360656,0.7049180327868853,-0.892489032234888,-1.0883261027254052,60.0,60.35138888888889,408.23933166922177,414.78859535096035
10,119,base,trust,ma10,timer,960.7272982844758,995.3310510656133,10.349210181508225,970.6129278146905,1020.8968575039406,-3.4766073804379354,-3.3436129109607733,0.01639344262295082,1.0,0.7737651650167634,0.7377049180327869,0.2786885245901639,-2.6727299794190014,-4.311450564756131,56.083333333333336,58.87916666666667,399.8939649511424,406.5393843989466
10,116,base,thr,ma10,queue,1775.039676274634,2707.6473134983657,280.3804761233163,2051.2041170695734,3348.3681624672245,-34.443468046020115,-3.3262217473856994,0.01639344262295082,1.0,-8.240906077066427,0.21311475409836064,0.8032786885245902,-34.556912188261634,-34.334020953508734,10.416666666666666,10.63888888888889,1670.8730096079673,2601.258424609477
10,116,base,mey,ma10,queue,1059.0785625908145,1115.4083570362386,12.481134268689424,1087.7760477507272,1141.6094001475055,-5.050149937472094,-4.513195133773607,0.01639344262295082,1.0,0.3071110048878543,0.7049180327868853,0.3114754098360656,-5.365361261097436,-4.738007679464407,64.91666666666667,68.05416666666666,409.91189592414776,434.866690369572
10,116,base,trust,ma10,queue,1022.6741433790456,1060.5016475857992,9.563797686480406,1043.7677379713607,1084.638803667032,-3.5669444071932173,-3.9552806789532338,0.01639344262295082,1.0,-1.7304396930900596,0.01639344262295082,1.0,-3.47434905712547,-3.6596931419324426,61.833333333333336,64.20833333333333,404.34081004571226,418.41831425246596
10,120,base,thr,naive,timer,1665.920168776555,1685.2864513414938,95.88130198568639,1649.446218965985,2414.9804151129315,-1.1491389223192947,-0.2019818480127629,0.04918032786885246,0.9672131147540983,-0.7041107199012445,0.4918032786885246,0.7213114754098361,-1.0877636280737546,-1.2132622877794863,8.0,8.779166666666667,1585.920168776555,1597.494784674827
10,120,base,mey,naive,timer,923.0484759074853,941.5299151835493,93.56768459286931,925.5484759074853,1654.1007589060034,-1.9629157797350532,-0.19751946792827235,0.01639344262295082,1.0,-1.2630786763393422,0.5081967213114754,0.5081967213114754,-2.1438354280178054,-1.7823096237597713,52.25,52.84861111111111,400.54847590748534,413.0438040724382
10,120,base,trust,naive,timer,927.7363556891031,940.6189936099088,46.919515733654784,930.3720528131553,1297.800266755208,-1.3695915145583732,-0.27456885944722403,0.01639344262295082,1.0,-0.6865463656404533,0.39344262295081966,0.7049180327868853,-1.5794907292880918,-1.161375321748081,51.916666666666664,52.580555555555556,408.5696890224365,414.81343805435324
10,121,base,thr,seasonal60,http,3005.883933302768,2721.1990835404417,379.11419463921675,2099.1380160028248,4027.2225236554436,10.461742820813187,0.7509211044794726,0.8360655737704918,0.18032786885245902,-6.834085182926145,0.3114754098360656,0.7049180327868853,2.2645816468792486,18.952731510928313,7.25,8.369444444444444,2933.383933302768,2637.5046390959974
10,121,base,mey,seasonal60,http,1283.5346292245943,1032.060735582088,11.95953458812986,1000.4012504613714,1075.9552584062412,24.366191346352654,21.02706353574164,1.0,0.01639344262295082,-1.1749838599179374,0.16393442622950818,0.8524590163934426,23.864670585074386,24.8839731201273,58.416666666666664,61.69722222222222,699.3679625579276,415.08851335986583
10,121,base,trust,seasonal60,http,1181.5308111312409,1008.0578358961557,10.440134907003866,986.2269538476467,1038.953505562645,17.20863318133617,16.615970653665514,1.0,0.01639344262295082,-0.004645139371913845,0.5081967213114754,0.5081967213114754,16.55232728796408,17.85750237401135,56.75,59.59305555555556,614.0308111312409,412.1272803406001
10,122,base,thr,ma10,http,1924.0934199352066,1929.1172541492647,118.98708975098846,1711.5197077349196,2200.0663567853376,-0.2604214027557162,-0.04222167484364694,0.639344262295082,0.3770491803278688,-6.165535376083177,0.11475409836065574,0.9016393442622951,5.068372734219391,-4.893897969492971,6.0,6.0,1864.0934199352066,1869.1172541492647
10,122,base,mey,ma10,http,1112.5830368638829,1102.7792829382208,15.589582981024247,1058.6140134173004,1134.081287895989,0.8890041803778826,0.6288656943290415,0.7213114754098361,0.29508196721311475,0.38705131136280385,0.6229508196721312,0.39344262295081966,0.7852821161391469,0.9927097150594881,55.083333333333336,54.67638888888889,561.7497035305495,556.0153940493319
10,122,base,trust,ma10,http,961.375599750582,973.0491533203378,6.889870535424419,959.3765813246144,991.5742792428246,-1.199687963338973,-1.694306665086964,0.06557377049180328,0.9508196721311475,-0.5691717922215304,0.2459016393442623,0.7704918032786885,-0.45553147857080034,-1.9208628275169906,50.416666666666664,51.266666666666666,457.2089330839153,460.3824866536712
10,124,base,thr,seasonal60,event,1947.397466831843,2096.398405748775,183.00651092587626,1828.5653756646725,2764.2858820374695,-7.1074724397967195,-0.814183813259422,0.19672131147540983,0.819672131147541,5.694392380669272,0.7868852459016393,0.22950819672131148,-5.588913047610654,-8.475513435047404,6.083333333333333,6.0152777777777775,1886.5641334985098,2036.2456279709972
10,124,base,mey,seasonal60,event,1043.8775103857904,1059.0963956156218,14.494629517186892,1028.1398657246598,1093.058601273168,-1.4369688437080428,-1.0499671765867271,0.18032786885245902,0.8360655737704918,0.30524136054052614,0.5245901639344263,0.4918032786885246,-0.7372818951255037,-2.091268681579478,54.833333333333336,55.8625,495.54417705245703,500.47139561562176
10,124,base,trust,seasonal60,event,977.0810264070213,977.657741327451,11.375998469154295,951.9614990035217,1004.6309851643856,-0.058989449584539916,-0.05069576283729775,0.5245901639344263,0.4918032786885246,0.255233364740347,0.6885245901639344,0.32786885245901637,-0.8667252613478483,0.7377259850338813,52.583333333333336,52.49305555555556,451.24769307368797,452.7271857718955
10,125,base,thr,ma10,event,2313.565565817762,2469.7432395613155,316.94728633457754,2035.064488460882,3353.483717241757,-6.323640095125608,-0.49275598964645606,0.3770491803278688,0.639344262295082,6.020022274561123,0.7540983606557377,0.26229508196721313,-12.144223218195624,-0.1788901154264133,6.666666666666667,6.870833333333334,2246.8988991510955,2401.034906227982
10,125,base,mey,ma10,event,1162.1602552298689,1130.7098114596588,13.991884694430608,1089.9831958350258,1165.1180591270675,2.7814779222274546,2.2477632182552765,0.9836065573770492,0.03278688524590164,0.7671401116251397,0.7377049180327869,0.2786885245901639,2.834594873759614,2.727951551252397,59.75,61.21944444444444,564.6602552298689,518.5153670152143
10,125,base,trust,ma10,event,1022.6030739017629,1007.4465897886944,12.786536751044862,979.3221773278491,1036.1647804434072,1.5044454233794617,1.1853470887517645,0.9180327868852459,0.09836065573770492,-0.013976302844222722,0.4918032786885246,0.5245901639344263,1.6801820514126442,1.3359856428555301,56.833333333333336,55.47222222222222,454.2697405684295,452.7243675664722
10,126,base,thr,naive,event,2313.685122850708,2281.1592117861414,213.15136515267415,1950.9677180987399,3233.4749901214896,1.4258501071084324,0.15259536827863712,0.6229508196721312,0.39344262295081966,-0.48358432280099595,0.5573770491803278,0.45901639344262296,2.985058469674748,-0.23806182862438777,6.083333333333333,6.286111111111111,2252.8517895173745,2218.29810067503
10,126,base,mey,naive,event,1164.524136641224,1140.0961856130903,11.928853016615038,1116.9998612579568,1173.642997335359,2.1426219415862304,2.0478038411664063,0.9508196721311475,0.06557377049180328,0.5267874028887467,0.7540983606557377,0.26229508196721313,1.5974192713906445,2.6815278687126245,65.41666666666667,63.84861111111111,510.35746997455726,501.61007450197917
10,126,base,trust,naive,event,1019.6934246488381,1003.0210959829687,7.542980076652157,985.3385160720464,1018.2332381158084,1.662211167107144,2.2103105796971887,1.0,0.01639344262295082,-0.5900610379291247,0.21311475409836064,0.8032786885245902,3.1786875582702057,0.12736376351738182,55.416666666666664,54.6375,465.5267579821715,456.64609598296875
10,127,base,thr,seasonal60,http,3221.721934986393,2386.9075508546925,296.81095437972436,1908.5868406205245,3256.959653215777,34.97472634969771,2.8126131189338883,0.9836065573770492,0.03278688524590164,-13.168018524148682,0.14754098360655737,0.8688524590163934,37.52677891934691,32.431301231261756,6.916666666666667,6.7652777777777775,3152.5552683197266,2319.2547730769147
10,127,base,mey,seasonal60,http,1158.6740986817679,1121.4956834982665,13.430287997314021,1088.474695869698,1150.1104674720998,3.3150743003781518,2.768251521556112,1.0,0.01639344262295082,-0.6395771837162745,0.3442622950819672,0.6721311475409836,4.111254835864374,2.5241186850443054,65.25,65.54722222222222,506.1740986817679,466.0234612760444
10,127,base,trust,seasonal60,http,999.70131248825,977.8864976280657,11.196632810090948,948.5398885349836,1001.5316380491245,2.230812564965121,1.948337078672766,0.9836065573770492,0.03278688524590164,1.343310542107085,0.8524590163934426,0.16393442622950818,0.8510832101550924,3.599800986941313,55.666666666666664,55.05138888888889,443.03464582158335,427.3726087391768
10,128,base,thr,ma10,http,2057.0349157302285,2434.6751729447114,331.7977592960304,1970.817630441453,3458.3263359173106,-15.510909274921117,-1.1381639768023624,0.06557377049180328,0.9508196721311475,-10.173611575563024,0.18032786885245902,0.8360655737704918,-15.655946794163137,-15.353464547031928,6.333333333333333,6.558333333333334,1993.7015823968952,2369.091839611378
10,128,base,mey,ma10,http,1074.0865880487736,1108.0730644392693,16.828321010653735,1069.202478558312,1141.9325798221532,-3.0671692581656824,-2.0195999570592575,0.03278688524590164,0.9836065573770492,0.2699977550684157,0.6065573770491803,0.4098360655737705,-4.592934402713883,-1.555266051622887,60.0,60.09027777777778,474.0865880487736,507.17028666149145
10,128,base,trust,ma10,http,977.1572316719007,998.8034496335183,10.216419081579064,976.7153812763914,1020.2599180025531,-2.1672149780379755,-2.1187676218810636,0.03278688524590164,0.9836065573770492,-1.0505752917700142,0.16393442622950818,0.8524590163934426,-2.1210063004942246,-2.214873606058906,51.75,53.03055555555556,459.6572316719007,468.49789407796277
10,129,base,thr,naive,timer,1750.5817907062972,1759.3039616897481,3.061563777033377,1752.2484573729637,1775.0462008725024,-0.49577396364603304,-2.8489267637934503,0.01639344262295082,1.0,-0.06946900649715469,0.32786885245901637,0.7868852459016393,-0.46889442800232484,-0.5251948720192088,7.0,7.815277777777778,1680.5817907062972,1681.1511839119703
10,129,base,mey,naive,timer,922.9850681899061,931.3715192194547,2.067996657163585,924.7496837184914,937.3125833345161,-0.9004410008776091,-4.055350380039449,0.01639344262295082,1.0,-0.0951769526183871,0.32786885245901637,0.7540983606557377,-0.8727812643593594,-0.9283569713154539,51.5,52.297222222222224,407.9850681899061,408.39929699723245
10,129,base,trust,naive,timer,916.3621657600044,923.260643179638,1.7589604612940581,917.1954990933377,927.0566874652146,-0.747186341213011,-3.9219059048993494,0.01639344262295082,1.0,-0.07185692116429784,0.29508196721311475,0.7213114754098361,-0.9317166376562177,-0.5649197526678181,50.166666666666664,50.80833333333333,414.69549909333773,415.1773098463047
10,130,base,thr,seasonal60,orchestration,1605.7444419723479,2365.43425434437,287.0277430458359,1871.2471506791444,3257.3477886998153,-32.116293698578666,-2.646746981007707,0.01639344262295082,1.0,-9.797664701165742,0.21311475409836064,0.8032786885245902,-32.857263265920125,-31.320397000772832,7.416666666666667,7.822222222222222,1531.5777753056811,2287.212032122148
10,130,base,mey,seasonal60,orchestration,1033.3543636482636,1083.4381110083361,11.474764778954704,1063.0123564271412,1119.6849800802872,-4.622668046397266,-4.364686189640123,0.01639344262295082,1.0,0.024691684324716048,0.4918032786885246,0.5245901639344263,-5.678704283197182,-3.5653095417334555,61.416666666666664,65.73333333333333,419.187696981597,426.10477767500277
10,130,base,trust,seasonal60,orchestration,995.5523763928221,1021.3262872549535,10.925274107438717,1001.8965392487445,1052.4130268896727,-2.523572650950231,-2.3591088524344355,0.01639344262295082,1.0,-0.018252253202409887,0.4918032786885246,0.5245901639344263,-3.521788409776096,-1.5281917445973416,58.833333333333336,60.61944444444445,407.21904305948874,415.13184281050906
10,132,base,thr,naive,timer,1856.6918460441393,1864.5429489287128,3.8203186000213134,1852.3505338715713,1886.8824368204816,-0.4210738556108028,-2.0550911341608242,0.03278688524590164,0.9836065573770492,0.02586319875532146,0.8524590163934426,0.32786885245901637,-0.46839046559763736,-0.3756681268669912,8.0,8.715277777777779,1776.6918460441393,1777.390171150935
10,132,base,mey,naive,timer,897.9561910712673,903.7944702553473,1.8933805262804024,898.3915865503158,908.8891376163475,-0.6459742094273367,-3.08352130120902,0.01639344262295082,1.0,0.07843071657385053,0.7704918032786885,0.29508196721311475,-0.7268762879356675,-0.5640454821076804,49.5,50.02361111111111,402.9561910712673,403.5583591442362
10,132,base,trust,naive,timer,925.4217610755012,932.2481586101026,1.102848490640107,929.3490775819363,934.7120279892947,-0.7322511148511045,-6.18978725775763,0.01639344262295082,1.0,0.07560795332539375,0.8032786885245902,0.21311475409836064,-0.6562197938270519,-0.8078073772201929,52.166666666666664,52.826388888888886,403.75509440883457,403.98426972121365
10,133,base,thr,seasonal60,http,1653.9616056599364,1679.0738336151671,22.9546373990936,1644.8741449122824,1751.8716848578968,-1.4955999821140875,-1.0939936675376263,0.04918032786885246,0.9672131147540983,-0.9000335573506644,0.3114754098360656,0.8032786885245902,-0.8772277997446668,-2.2046955153068812,8.583333333333334,9.591666666666667,1568.128272326603,1583.1571669485004
10,133,base,mey,seasonal60,http,910.2308402225423,922.2678976468244,3.8001090006929195,914.5089283223059,935.3139640642879,-1.3051584528741373,-3.167555831184649,0.01639344262295082,1.0,-0.2792671541586346,0.2459016393442623,0.7704918032786885,-1.3148141146135275,-1.2954346297160102,51.083333333333336,52.11805555555556,399.3975068892089,401.08734209126885
10,133,base,trust,seasonal60,http,909.595569160792,916.3120200481607,4.424735755649064,900.5129777814559,926.468085791177,-0.7329873165928377,-1.5179326536717448,0.09836065573770492,0.9180327868852459,-0.8438995931410058,0.04918032786885246,0.9672131147540983,-0.3577097859580516,-1.1203234465700185,50.5,51.24861111111111,404.595569160792,403.8259089370496
10,134,base,thr,ma10,queue,1588.9036562166586,2285.64747760684,288.375689041953,1833.5861268947538,3278.886511002353,-30.48343317227986,-2.4160976388298065,0.01639344262295082,1.0,-14.755013990544361,0.06557377049180328,0.9508196721311475,-24.893793687725186,-36.0516104038516,6.583333333333333,6.913888888888889,1523.0703228833254,2216.508588717951
10,134,base,mey,ma10,queue,1042.726319679247,1117.072720988484,13.873368691009823,1075.5815922145998,1161.5089115906005,-6.6554665522087815,-5.358929252519239,0.01639344262295082,1.0,-0.9821255942760212,0.19672131147540983,0.819672131147541,-6.619888846530365,-6.690461459965818,60.5,62.545833333333334,437.7263196792469,491.6143876551506
10,134,base,trust,ma10,queue,972.9730637406111,1004.0044783559712,11.23517715292038,975.2928005554376,1031.966225509879,-3.0907645617450954,-2.7619871224989105,0.01639344262295082,1.0,-0.6170222111332396,0.2786885245901639,0.7377049180327869,-2.9843153924619017,-3.198536218561398,53.833333333333336,55.03333333333333,434.63973040727774,453.6711450226379
10,137,base,thr,ma10,timer,2382.4948535839094,2371.292140903769,258.90337359850844,1968.0800741621313,3077.6273679357164,0.4724307261386491,0.04326985981076043,0.5737704918032787,0.4426229508196721,-3.9837171409028693,0.5081967213114754,0.5081967213114754,-10.423108648936651,11.25294368682985,6.0,6.0,2322.4948535839094,2311.292140903769
10,137,base,mey,ma10,timer,1098.6001229011417,1078.914713374129,13.22017427395778,1048.0461342285028,1108.9056661140298,1.8245565921934541,1.4890431184247526,0.9180327868852459,0.09836065573770492,-0.16553084714367236,0.45901639344262296,0.5573770491803278,1.6890095616730543,1.9560705191189003,60.333333333333336,59.7125,495.26678956780836,481.78971337412895
10,137,base,trust,ma10,timer,961.3211655169943,968.1042548933857,9.90146963051742,946.2146279419904,986.4706615544814,-0.7006569119085676,-0.6850588477780325,0.3114754098360656,0.7049180327868853,-0.26136714080367995,0.4426229508196721,0.5737704918032787,-2.202670160292814,0.7692775354438455,53.083333333333336,52.983333333333334,430.4878321836609,438.27092156005233
10,135,base,thr,naive,http,1707.547420521547,2251.5353145291747,254.10119962441198,1925.4969659777228,2983.4102961206954,-24.160753353379334,-2.1408316639657676,0.01639344262295082,1.0,-2.385961321766391,0.5081967213114754,0.5081967213114754,-25.29202190595887,-23.126385934571402,5.916666666666667,5.927777777777778,1648.3807538548804,2192.257536751397
10,135,base,mey,naive,http,1028.9404672858939,1087.6770474317987,14.547553728792657,1040.5219829994037,1111.9725368201973,-5.400185678698693,-4.0375571894024205,0.01639344262295082,1.0,1.0502274175563489,0.7868852459016393,0.22950819672131148,-6.412368594293108,-4.363643148221293,55.916666666666664,57.38055555555555,469.77380061922725,513.8714918762431
10,135,base,trust,naive,http,961.2294771974304,1002.6471077763763,9.835045767346767,984.864492610876,1022.7732330927794,-4.130828310151915,-4.211229063768689,0.01639344262295082,1.0,1.5752416027827614,0.9344262295081968,0.08196721311475409,-4.53153418362202,-3.7256537426177534,52.666666666666664,54.831944444444446,434.5628105307637,454.32766333193183
10,140,base,thr,ma10,queue,2073.1740693878155,2291.989770860164,238.5456109573233,1939.0865877778435,3000.8060429074208,-9.54697548192934,-0.917290830018647,0.19672131147540983,0.819672131147541,-2.3272108392914532,0.4426229508196721,0.5737704918032787,-5.2822841648032455,-13.340585111732208,7.0,7.051388888888889,2003.1740693878155,2221.475881971275
10,140,base,mey,ma10,queue,1092.3865738064535,1099.0966911891242,11.633781872647143,1071.6485076400572,1124.891788939325,-0.6105120174104895,-0.5767786826437932,0.29508196721311475,0.7213114754098361,-0.998644096039942,0.18032786885245902,0.8360655737704918,-1.5467116959092126,0.32386198595436066,61.666666666666664,61.28888888888889,475.71990713978687,486.20780230023524
10,140,base,trust,ma10,queue,995.0069265033859,1003.5236658977138,9.61755694993036,980.6602337103363,1024.7130400037897,-0.8486834624581766,-0.8855408331519795,0.19672131147540983,0.819672131147541,1.5402610039576676,0.9672131147540983,0.04918032786885246,0.017627719834190304,-1.7465080568353977,56.75,56.65,427.5069265033859,437.02366589771384
10,138,base,thr,naive,timer,1845.6875947859053,2018.9771998612982,53.792759516399286,1864.0722064239174,2096.6525186278773,-8.583039228342836,-3.2214299216712203,0.01639344262295082,1.0,-3.866457241768375,0.13114754098360656,0.8852459016393442,-2.5552483235836747,-14.19519669773747,6.0,6.0,1785.6875947859053,1958.9771998612982
10,138,base,mey,naive,timer,1096.9599583071238,1097.834115904935,12.720747742730566,1070.35588114486,1129.4119591658923,-0.07962565429028684,-0.06871904195339767,0.47540983606557374,0.5409836065573771,-0.5505314789848429,0.32786885245901637,0.6885245901639344,-0.5135440301610245,0.34620865566845893,54.333333333333336,53.80972222222222,553.6266249737904,559.7368936827129
10,138,base,trust,naive,timer,929.6316647708467,935.2555549912199,6.6362743890405325,921.6577761113399,954.6041037311794,-0.6013212314388287,-0.8474469093171949,0.21311475409836064,0.8032786885245902,-0.994218313208404,0.09836065573770492,0.9180327868852459,0.3193233035548269,-1.5175224208425055,49.333333333333336,48.923611111111114,436.2983314375133,446.0194438801088
10,144,base,thr,naive,http,2340.604937908754,2464.9313472394524,309.8268898376837,1996.9217080787912,3665.544679826573,-5.043808196521788,-0.40127701438642793,0.3770491803278688,0.639344262295082,-8.045319744133723,0.29508196721311475,0.7213114754098361,3.083556904216905,-12.57284954674849,7.25,7.295833333333333,2268.104937908754,2391.973013906119
10,144,base,mey,naive,http,1108.808239942776,1121.7297594439488,12.800165678080036,1100.1109066254978,1151.792594732133,-1.151928028331711,-1.0094806447154434,0.16393442622950818,0.8524590163934426,0.11636775255985098,0.5573770491803278,0.45901639344262296,-1.5644820951158622,-0.7428691958296225,64.41666666666667,65.55833333333334,464.6415732761093,466.1464261106154
10,144,base,trust,naive,http,1018.027155080812,1026.5101995939378,10.097967171847188,1003.9366280315539,1053.9510303779696,-0.826396514762495,-0.840074479225511,0.21311475409836064,0.8032786885245902,-1.3882021682561096,0.08196721311475409,0.9344262295081968,-1.8665552865992139,0.21318317059780642,56.916666666666664,59.013888888888886,448.8604884141454,436.3713107050489
10,143,base,thr,ma10,timer,1877.6188496006346,2029.6773684544926,133.31934263706344,1849.8179769254295,2389.7362530203545,-7.491758109794745,-1.1405585704679657,0.06557377049180328,0.9508196721311475,-6.361094497251693,0.13114754098360656,0.8852459016393442,-7.680278604388305,-7.298916477424527,14.166666666666666,13.411111111111111,1735.9521829339678,1895.5662573433815
10,143,base,mey,ma10,timer,1042.3386658275947,1036.7382153925284,5.928099469963563,1024.015715835508,1052.19239292094,0.5401990928776379,0.944729497782984,0.8032786885245902,0.21311475409836064,0.05590607560401338,0.6721311475409836,0.3442622950819672,-0.05926262446865495,1.1175518098897703,62.416666666666664,61.920833333333334,418.17199916092807,417.5298820591951
10,143,base,trust,ma10,timer,1004.2911415087725,1012.5137107992449,7.861011823379906,993.4242728113489,1031.47155670402,-0.8120946119318985,-1.0459937569381537,0.11475409836065574,0.9016393442622951,-0.7142860865158416,0.16393442622950818,0.8524590163934426,-1.0513814016532481,-0.5773237374948216,59.916666666666664,60.15138888888889,405.1244748421059,410.999821910356
10,145,base,thr,seasonal60,http,2629.8116433524665,2347.764176422071,209.70144201523138,1993.4796031726546,3342.1651949418924,12.013449637017121,1.3449953620724706,0.9344262295081968,0.08196721311475409,-10.781339225477918,0.08196721311475409,0.9344262295081968,14.768949102265323,9.526780920204102,6.166666666666667,6.8,2568.1449766858,2279.764176422071
10,145,base,mey,seasonal60,http,1141.6026515146955,1113.4636714645567,13.892201727011795,1081.5916723680036,1139.9670674708343,2.5271574431455983,2.0255234269616005,1.0,0.01639344262295082,-3.987548804669723,0.01639344262295082,1.0,6.329009720372469,-1.3179809660180073,61.583333333333336,65.40416666666667,525.7693181813621,459.42200479788994
10,145,base,trust,seasonal60,http,1017.3065411395827,988.6782130426328,9.23671210909988,962.592651402364,1014.8039357206158,2.895616361247296,3.0994067757882853,1.0,0.01639344262295082,-0.5796426828581436,0.29508196721311475,0.7213114754098361,3.8031563383059073,1.9843524879838428,54.333333333333336,56.35,473.9732078062493,425.1782130426328
10,146,base,thr,ma10,http,1807.369654664297,2048.920471021902,191.26497073720503,1768.6233733594652,2575.941933919626,-11.789174825176648,-1.2629119458026203,0.09836065573770492,0.9180327868852459,4.671080618358713,0.7049180327868853,0.3114754098360656,-11.592788461162364,-12.017807600733613,10.666666666666666,10.54861111111111,1700.7029879976303,1943.4343599107908
10,146,base,mey,ma10,http,1013.0158046718915,1015.5401273987299,8.708716729635773,998.2489644322776,1037.9776819902656,-0.2485694714303734,-0.2898616185606417,0.3770491803278688,0.639344262295082,1.480770960848921,0.9508196721311475,0.06557377049180328,-0.11272189048191768,-0.3885068909541499,58.833333333333336,58.791666666666664,424.6824713385581,427.6234607320632
10,146,base,trust,ma10,http,967.9763501631099,970.9308476191634,6.058637756870236,956.7557133626756,983.9874926430765,-0.30429535360816073,-0.4876504545437086,0.3442622950819672,0.6721311475409836,-0.5273323989927864,0.21311475409836064,0.8032786885245902,-0.5205754621141113,-0.08722342635852835,55.5,55.67638888888889,412.97635016310994,414.1669587302745
10,148,base,thr,seasonal60,timer,1800.2179045992264,1676.490354027224,48.10500648049932,1559.6603131927106,1808.3321846562228,7.380152845782092,2.5720306393090038,0.9836065573770492,0.03278688524590164,8.048246338746136,1.0,0.01639344262295082,1.2668368250772077,13.000703100099082,6.75,7.897222222222222,1732.7179045992264,1597.5181318050018
10,148,base,mey,seasonal60,timer,1011.4408075896855,918.9127656840044,7.818398831130056,905.8382623041339,940.9440595697506,10.069295515424328,11.834653604171187,1.0,0.01639344262295082,2.4286418803052983,1.0,0.01639344262295082,3.2355343883073497,16.722818991756167,50.333333333333336,52.06805555555555,508.10747425635213,398.23221012844886
10,148,base,trust,seasonal60,timer,990.3285116731926,906.2392839208574,7.189491651886845,890.18292580699,927.3620445262601,9.278921058081036,11.696129827241181,1.0,0.01639344262295082,2.1743903521787504,0.9672131147540983,0.04918032786885246,4.223879437640545,14.346470645923029,50.166666666666664,50.90416666666667,488.66184500652594,397.1976172541907
10,149,base,thr,ma10,http,2691.724377498606,2144.1820190120498,152.14405939808466,1855.7912457798627,2742.4089490671763,25.536188328770756,3.5988415233085935,0.9836065573770492,0.03278688524590164,-1.9001257013470403,0.47540983606557374,0.5409836065573771,14.670742751783804,36.74720001522099,6.0,6.002777777777778,2631.724377498606,2084.154241234272
10,149,base,mey,ma10,http,1107.0105223391006,1090.2720603659602,12.57834632688888,1061.5204826188653,1113.7735568577402,1.535255518473247,1.3307362937970921,0.9180327868852459,0.09836065573770492,-0.7527458903398454,0.26229508196721313,0.7540983606557377,1.5717922553959007,1.4983757901613124,57.416666666666664,57.44444444444444,532.843855672434,515.8276159215158
10,149,base,trust,ma10,http,962.502511725238,960.7695830620611,8.290277058869352,945.1445660688302,986.3755960617787,0.18036880993400584,0.209031453457032,0.6229508196721312,0.39344262295081966,0.5505917621998442,0.8032786885245902,0.21311475409836064,0.7143315876927089,-0.35469488383014874,50.416666666666664,49.74166666666667,458.3358450585714,463.3529163953944
10,151,base,thr,seasonal60,http,2011.0851633338923,2360.1922242757123,113.62831568558586,2118.4881108035884,2601.9898405799036,-14.791467294531605,-3.072359726846725,0.01639344262295082,1.0,0.611480819755052,0.5245901639344263,0.4918032786885246,-12.87511972046988,-16.959636097406523,6.916666666666667,6.959722222222222,1941.9184966672256,2290.59500205349
10,151,base,mey,seasonal60,http,1040.3285607801442,1060.4548237985298,7.891609586055247,1045.956778009014,1079.2068856676904,-1.8978897136130362,-2.5503368861466944,0.01639344262295082,1.0,-0.5676595723150091,0.22950819672131148,0.7868852459016393,-1.805134294866902,-1.9913767264024964,59.166666666666664,60.329166666666666,448.6618941134776,457.16315713186316
10,151,base,trust,seasonal60,http,1010.4214787238188,1019.0711876393796,9.690216469884549,998.8315367211836,1040.9716966910535,-0.8487835806247531,-0.8926228781825941,0.19672131147540983,0.819672131147541,-0.243586360721003,0.39344262295081966,0.6229508196721312,-1.7436783705198058,0.07072438532998908,59.5,59.734722222222224,415.42147872381884,421.7239654171573
10,153,base,thr,naive,storage,2414.2372932930402,2245.257393668366,214.66691289775477,1861.674374856678,2921.363607485057,7.526081423947116,0.787172542538769,0.8360655737704918,0.18032786885245902,25.136956247544134,0.9836065573770492,0.03278688524590164,4.387645236488141,10.675931640390154,6.0,6.018055555555556,2354.2372932930402,2185.0768381128105
10,153,base,mey,naive,storage,1125.7485554604657,1122.3352953873043,13.952407669857426,1095.106302743011,1158.6172401936067,0.30412124497817805,0.24463591904179652,0.639344262295082,0.3770491803278688,-0.2698136041625011,0.5081967213114754,0.5081967213114754,0.4662644153972937,0.14040072638745008,61.083333333333336,60.47638888888889,514.9152221271323,517.5714064984154
10,153,base,trust,naive,storage,997.1773087467283,991.1604836113628,8.669351405720368,967.872488869607,1016.7050021436648,0.6070485289569612,0.6940340578875773,0.7704918032786885,0.2459016393442623,0.27457997484808744,0.6721311475409836,0.3442622950819672,1.5849616030633102,-0.40087935165683325,52.416666666666664,52.297222222222224,473.01064208006164,468.1882613891405
10,154,base,thr,seasonal60,http,1687.843576349502,2019.83317560584,212.362092569181,1706.830764995041,2535.8462115556135,-16.43648610518338,-1.563318552948362,0.01639344262295082,1.0,9.529061104832921,0.8032786885245902,0.21311475409836064,-11.177374914596221,-22.539083603580618,7.0,7.302777777777778,1617.843576349502,1946.8053978280623
10,154,base,mey,seasonal60,http,1025.916962691408,1014.9860546094932,9.121602037077087,990.3388947705348,1035.8477992658782,1.0769515534004335,1.1983539774573846,0.9016393442622951,0.11475409836065574,1.2792627650040447,0.9508196721311475,0.06557377049180328,3.822188926799469,-1.7750473417606392,58.75,60.075,438.4169626914079,414.2360546094932
10,154,base,trust,seasonal60,http,966.877326428253,1001.6095056916561,8.746089225829502,983.2518762771391,1019.976968617954,-3.4676367452622103,-3.971166811428106,0.01639344262295082,1.0,-0.849682678133754,0.18032786885245902,0.8360655737704918,-1.5576407187458503,-5.397253667656742,57.5,60.91388888888889,391.877326428253,392.47061680276715
10,155,base,thr,ma10,timer,2001.4445281217565,2027.4162050738082,47.00030631791708,1901.5980435402653,2131.422470730626,-1.281023446841107,-0.5525852698996336,0.2459016393442623,0.7704918032786885,1.605558694151696,0.8032786885245902,0.21311475409836064,-0.2713248985956785,-2.1582066544005554,6.0,6.0,1941.4445281217565,1967.4162050738082
10,155,base,mey,ma10,timer,1094.4957450859486,1070.6519925408707,10.599575672853495,1042.0725636986579,1094.769425962633,2.2270310718324007,2.2495006669129203,0.9836065573770492,0.03278688524590164,0.10614175125107647,0.4918032786885246,0.5245901639344263,2.260041982090098,2.1945418904967844,51.25,51.206944444444446,581.9957450859486,558.5825480964262
10,155,base,trust,ma10,timer,974.3173595967659,975.8773065027199,6.41346595594118,959.6339722833765,990.0019233998987,-0.15985072053211632,-0.24322993474518004,0.4098360655737705,0.6065573770491803,0.35076942623827423,0.7704918032786885,0.2459016393442623,-0.8994765580612564,0.5931609945741948,49.416666666666664,50.24583333333333,480.15069293009924,473.41897316938656
10,156,base,thr,naive,queue,1737.9628862379147,2080.546718975387,222.87390480240086,1822.3503776124162,2869.3406921861574,-16.466048544499195,-1.537119534210189,0.01639344262295082,1.0,9.3455239820886,0.819672131147541,0.19672131147540983,-19.836098982699816,-12.812761168377726,9.416666666666666,10.001388888888888,1643.796219571248,1980.5328300864983
10,156,base,mey,naive,queue,1006.7126606531983,1059.3897478447104,10.487707873956923,1034.943261086171,1084.2905789605065,-4.972399185350028,-5.022745467798531,0.01639344262295082,1.0,0.7639777221648193,0.7704918032786885,0.2459016393442623,-4.178737973115709,-5.754192752713498,59.416666666666664,62.669444444444444,412.5459939865317,432.69530340026597
10,156,base,trust,naive,queue,960.6756182842865,982.276074526869,9.613359841398841,959.2663153491253,1005.1782495711401,-2.19902090692647,-2.246920597891548,0.03278688524590164,0.9836065573770492,-0.6553311494444153,0.2459016393442623,0.7704918032786885,-2.583567081045778,-1.8251178665607242,55.0,56.890277777777776,410.67561828428654,413.3732967490913
10,157,base,thr,seasonal60,timer,2097.0847002851638,2073.9804109875477,120.49654719817174,1820.4845090929364,2389.5066793026194,1.1140071128547813,0.19174233482074962,0.5245901639344263,0.4918032786885246,-8.22851191076419,0.08196721311475409,0.9344262295081968,-5.177424802128255,7.517812755258978,6.0,6.004166666666666,2037.0847002851638,2013.938744320881
10,157,base,mey,seasonal60,timer,1074.9964714750904,1074.3750613254442,13.094216254568128,1049.8433780469825,1110.8696615623037,0.057839219469554164,0.04745684182735197,0.5737704918032787,0.4426229508196721,0.933957983684484,0.819672131147541,0.19672131147540983,-1.583418139397979,1.6928369808635022,57.166666666666664,57.605555555555554,503.3298048084238,498.3195057698887
10,157,base,trust,seasonal60,timer,936.9223631864023,940.0821057337267,8.994359502161148,921.2649687776648,965.9895244712924,-0.33611346584012025,-0.35130267436666235,0.4098360655737705,0.6065573770491803,0.6717462395032698,0.7704918032786885,0.2459016393442623,0.70743668678835,-1.3925863380265322,51.416666666666664,51.202777777777776,422.7556965197357,428.054327955949
10,158,base,thr,ma10,http,1887.8766188639695,2444.3229257297294,285.6743171619636,1870.6838102221936,3450.563487086308,-22.764844244122866,-1.9478345564760084,0.03278688524590164,0.9836065573770492,-10.560021389729371,0.18032786885245902,0.8360655737704918,-19.339051095796492,-26.329980937741013,9.166666666666666,9.35138888888889,1796.2099521973028,2350.8090368408407
10,158,base,mey,ma10,http,1064.1436034551637,1099.6208715080663,11.18727754145152,1069.1090575785518,1128.6536241614992,-3.2263181767592,-3.1712155098906742,0.01639344262295082,1.0,0.12688090877080774,0.5901639344262295,0.4262295081967213,-3.48950236064528,-2.961334139429584,66.25,66.84166666666667,401.64360345516366,431.2042048413996
10,158,base,trust,ma10,http,980.635602573334,998.4179798753544,11.222395570020653,975.3031154546082,1025.2686317050384,-1.7810553956811097,-1.5845437982531934,0.04918032786885246,0.9672131147540983,0.3386944555552423,0.6229508196721312,0.39344262295081966,-1.5448909446544692,-2.0154769742644523,56.833333333333336,57.78611111111111,412.30226924000067,420.5568687642433
10,159,base,thr,naive,http,1875.97760744049,2260.3541239235005,273.41595398860585,1833.7703487270876,3189.510678685707,-17.005145893503343,-1.4058306067210287,0.03278688524590164,0.9836065573770492,2.2256323652670167,0.7213114754098361,0.29508196721311475,-21.109021506849754,-12.797607147164682,6.166666666666667,6.076388888888889,1814.3109407738232,2199.590235034612
10,159,base,mey,naive,http,1080.2001981957903,1113.3592687395228,12.822751473332959,1084.2355139491217,1150.2320954340603,-2.9782902495861143,-2.5859559559188416,0.01639344262295082,1.0,-1.4620238586447298,0.08196721311475409,0.9344262295081968,-4.547289258617614,-1.3837113607637115,60.5,59.94027777777778,475.20019819579034,513.956490961745
10,159,base,trust,naive,http,959.613197516976,985.5658823108789,10.31684687915347,963.6267553637877,1014.3977210637462,-2.6332775169784743,-2.515563630816667,0.01639344262295082,1.0,-0.9160871729160625,0.19672131147540983,0.819672131147541,-2.9325370477404684,-2.3365908298553153,51.5,53.015277777777776,444.613197516976,455.4131045331012
10,161,base,thr,ma10,timer,4079.7149430478044,2401.502083680693,314.83352224148297,1990.2933244281296,3401.1381445194816,69.8817990111829,5.3304770324930395,1.0,0.01639344262295082,-0.3664061017692317,0.6065573770491803,0.4098360655737705,59.68193948928853,80.04661362273009,6.5,6.715277777777778,4014.7149430478044,2334.349305902915
10,161,base,mey,ma10,timer,1290.3835539285703,1123.6487948754152,15.616709870934361,1091.5131911743272,1165.1629259459141,14.838689794673957,10.676689291864218,1.0,0.01639344262295082,1.4053463618314117,0.8524590163934426,0.16393442622950818,16.477640329604757,13.185946099465417,62.5,64.78055555555555,665.3835539285703,475.84323931985966
10,161,base,trust,ma10,timer,1079.0426696710822,1006.1222574328015,10.820744767966541,984.0978130228738,1025.665655722579,7.247669127640888,6.738945775169975,1.0,0.01639344262295082,-0.8429149700703151,0.2786885245901639,0.7377049180327869,6.135775642672105,8.360843678620204,55.083333333333336,55.74583333333333,528.2093363377488,448.6639240994682
10,162,base,thr,naive,event,2785.725853520451,2424.4199474881793,242.01528468083788,2040.350072135633,3005.992264921333,14.902777318203585,1.49290532004518,0.8524590163934426,0.16393442622950818,-0.12955917107310336,0.639344262295082,0.3770491803278688,17.17124376821957,12.693660396763503,6.333333333333333,6.633333333333334,2722.3925201871175,2358.086614154846
10,162,base,mey,naive,event,1099.9102329138516,1107.4736561931852,11.55931083732182,1079.2748775752855,1128.6770339310415,-0.6829438548752507,-0.654314377887773,0.2459016393442623,0.7704918032786885,0.4908495828573929,0.6721311475409836,0.3442622950819672,0.10398411262395707,-1.4298750370871862,65.58333333333333,65.41666666666667,444.07689958051833,453.30698952651846
10,162,base,trust,naive,event,991.502308118368,983.2073623712552,10.485610101526062,955.0247170919641,1008.5110545620811,0.8436618829935777,0.7910789803166136,0.7868852459016393,0.22950819672131148,0.6867594017067693,0.7049180327868853,0.3114754098360656,1.3594128419227973,0.3374521135616742,54.083333333333336,54.42638888888889,450.6689747850346,438.94347348236624
10,163,base,thr,seasonal60,http,1757.2695646345694,2617.5210324614313,226.98010209936177,2186.07404030039,3381.0391447402485,-32.86512150841858,-3.789986258135888,0.01639344262295082,1.0,-1.5161613099187994,0.3770491803278688,0.639344262295082,-32.65649747115517,-33.05311635339261,6.666666666666667,7.3694444444444445,1690.6028979679027,2543.826588016987
10,163,base,mey,seasonal60,http,1061.9099400644511,1107.4887428069558,11.97965795825179,1082.4753732937427,1134.8386895142569,-4.115509348382551,-3.804683147160241,0.01639344262295082,1.0,-1.8818941481891704,0.03278688524590164,0.9836065573770492,-3.923223384043226,-4.308465563912693,61.666666666666664,65.65694444444445,445.2432733977845,450.9192983625113
10,163,base,trust,seasonal60,http,1036.311778092636,1027.2416894957014,11.170347800411063,1005.6508524762276,1062.460095060921,0.8829556558775612,0.8119790680645357,0.7868852459016393,0.22950819672131148,-1.0031344455593563,0.18032786885245902,0.8360655737704918,2.054709957922905,-0.32534257185047905,59.416666666666664,61.03194444444444,442.1451114259693,416.92224505125694
10,164,base,thr,ma10,queue,1951.5806809910348,2375.734603733906,292.95639338541224,1842.6244645010445,3293.0304969046024,-17.8535902990273,-1.4478397888550472,0.06557377049180328,0.9508196721311475,-15.762681608014427,0.06557377049180328,0.9508196721311475,-13.865430656998255,-22.097867950090226,6.583333333333333,7.709722222222222,1885.7473476577015,2298.637381511684
10,164,base,mey,ma10,queue,1047.1287078702883,1087.9827189334665,16.413663856213514,1057.7836884502995,1135.671973836369,-3.7550238944260776,-2.4890244750389834,0.01639344262295082,1.0,-2.8166180952043685,0.01639344262295082,1.0,-3.6899040947841124,-3.824468502389555,58.666666666666664,60.481944444444444,460.46204120362165,483.163274489022
10,164,base,trust,ma10,queue,972.9563750630169,980.4477640468674,10.056961420287722,956.5115054871754,1004.1132380749665,-0.764078338343007,-0.7448958657371629,0.2459016393442623,0.7704918032786885,-0.026354692184512304,0.5409836065573771,0.47540983606557374,0.4898178193286174,-2.041449731902833,53.75,54.10138888888889,435.45637506301694,439.4338751579785
10,165,base,thr,naive,timer,1850.6347145384034,1896.216928475436,57.240784608680706,1796.1655068590853,2084.282587210249,-2.403850174129642,-0.7963240589493923,0.19672131147540983,0.819672131147541,7.073057868777853,0.9836065573770492,0.03278688524590164,-3.2046537986346166,-1.4960082701273107,11.666666666666666,13.761111111111111,1733.9680478717366,1758.6058173643248
10,165,base,mey,naive,timer,994.5755666441001,1018.6446618681979,5.494971283009413,1003.5873588897497,1031.4292573166922,-2.362854891906559,-4.38020400552774,0.01639344262295082,1.0,0.0668172709993081,0.5081967213114754,0.5081967213114754,-2.2361099366443846,-2.486335816694289,59.166666666666664,61.44861111111111,402.9088999774335,404.1585507570868
10,165,base,trust,naive,timer,967.4826891153335,984.1738783522419,5.8893515619302,973.3973792533017,998.1440094299984,-1.6959593831990014,-2.8341302198366187,0.01639344262295082,1.0,-0.5479940686138473,0.2459016393442623,0.7704918032786885,-0.4291680861895375,-2.999721510140475,56.166666666666664,57.775,405.8160224486669,406.4238783522419
10,166,base,thr,seasonal60,http,1754.8182122863598,2137.5682917914564,162.71608859868147,1776.2271580610661,2518.9142604696603,-17.905864386878648,-2.3522571295890784,0.01639344262295082,1.0,-1.0474923207814137,0.45901639344262296,0.5573770491803278,-17.345428291311215,-18.565516920683947,6.0,6.019444444444445,1694.8182122863598,2077.373847347012
10,166,base,mey,seasonal60,http,1043.7722867245554,1079.3042787618112,13.15117270619192,1054.150095380022,1110.7473253548085,-3.292120001415955,-2.701811681062207,0.01639344262295082,1.0,0.377549704382645,0.639344262295082,0.3770491803278688,-1.7689127622353742,-4.851360617853231,53.583333333333336,56.675,507.93895339122207,512.5542787618112
10,166,base,trust,seasonal60,http,953.8679317501961,963.077278248101,9.39042766262389,942.0881157422114,986.7433539661806,-0.9562416958540743,-0.9807164091748736,0.14754098360655737,0.8688524590163934,-0.21472625910580478,0.45901639344262296,0.5573770491803278,-2.035144682078469,0.14050416167299934,51.166666666666664,52.1375,442.2012650835295,441.70227824810104
10,167,base,thr,ma10,http,1728.2868572858733,2132.2390114031255,143.9782609361102,1848.8534784281176,2517.0811970367463,-18.944975303281332,-2.8056468489816275,0.01639344262295082,1.0,-5.584048806220246,0.2459016393442623,0.7704918032786885,-21.385716257029788,-16.477688761661895,8.916666666666666,9.77361111111111,1639.1201906192066,2034.5029002920144
10,167,base,mey,ma10,http,1066.9173795106396,1083.073531204081,11.355578798362304,1056.5155511388712,1105.4311511897092,-1.4916948136919383,-1.4227501724325535,0.11475409836065574,0.9016393442622951,-0.6426543499011683,0.26229508196721313,0.7540983606557377,-2.613747264499858,-0.36702768889909054,59.583333333333336,61.50138888888889,471.0840461773063,468.05964231519215
10,167,base,trust,ma10,http,967.7431455732309,985.6032317356472,10.519405287156708,956.080770278961,1010.7840749246883,-1.8120969561924758,-1.6978228022283703,0.06557377049180328,0.9508196721311475,1.7119981534053512,0.9508196721311475,0.06557377049180328,-0.936561033863507,-2.7211094577370907,56.0,56.18333333333333,407.7431455732309,423.76989840231397
10,170,base,thr,ma10,orchestration,2131.5498125382846,2116.2874350919988,251.05642018488516,1845.5786780164747,3269.553572880433,0.7211864132067863,0.060792619583463464,0.6721311475409836,0.3442622950819672,-1.9539382028462153,0.5573770491803278,0.45901639344262296,-1.6790522846004612,3.397886981799086,6.166666666666667,6.133333333333334,2069.883145871618,2054.9541017586653
10,170,base,mey,ma10,orchestration,1128.3012501704404,1118.8111262916211,14.98161537143496,1080.1960344776255,1153.3511318436115,0.8482328836212948,0.6334513097241747,0.7377049180327869,0.2786885245901639,-1.2739010480115585,0.16393442622950818,0.8524590163934426,4.052071474816445,-2.326363469665626,59.916666666666664,60.21527777777778,529.1345835037738,516.6583485138433
10,170,base,trust,ma10,orchestration,1000.823100660516,996.1369014558944,8.595743659224556,978.4955517246632,1022.4977438204645,0.4704372659794613,0.545176704937288,0.7377049180327869,0.2786885245901639,1.2498742719887639,0.9344262295081968,0.08196721311475409,-0.7200088058790041,1.643529184496234,53.916666666666664,53.918055555555554,461.6564339938494,456.9563459003389
10,171,base,thr,naive,orchestration,2284.7845954247596,2408.336709219768,233.3473748220198,2045.0638687082128,3228.8008817138284,-5.130184385016327,-0.529477196344056,0.32786885245901637,0.6885245901639344,0.053713470292916426,0.5737704918032787,0.4426229508196721,4.738532854345341,-15.20902532624123,6.583333333333333,6.629166666666666,2218.951262091426,2342.0450425531017
10,171,base,mey,naive,orchestration,1141.2064303682216,1138.3555389397984,14.41045886027722,1108.5251958539795,1171.8846327958765,0.25043945682193225,0.1978348820162668,0.5737704918032787,0.4426229508196721,-0.831789363639639,0.29508196721311475,0.7213114754098361,0.7852912782310205,-0.2836807516089536,65.25,63.983333333333334,488.7064303682216,498.52220560646504
10,171,base,trust,naive,orchestration,1003.957708526556,1017.9396066545329,8.916385728604538,999.3004112167381,1039.2158517974628,-1.3735488860609875,-1.5681127480972241,0.04918032786885246,0.9672131147540983,0.5057421946299964,0.7377049180327869,0.2786885245901639,-1.0904512075573018,-1.6523272157202629,55.416666666666664,56.68472222222222,449.79104185988933,451.0923844323107
10,172,base,thr,seasonal60,timer,1549.7538633621132,2560.067948062169,366.61345955963964,2083.799461390132,3531.896771434225,-39.46434646255417,-2.755801944406519,0.01639344262295082,1.0,-25.293219874739716,0.01639344262295082,1.0,-36.975935890613606,-41.96236834573551,6.5,6.838888888888889,1484.7538633621132,2491.67905917328
10,172,base,mey,seasonal60,timer,1057.2828021844268,1114.2821775408768,11.944984666535172,1088.4659954993106,1141.2231079962507,-5.11534479374359,-4.771824907916227,0.01639344262295082,1.0,0.7584309665001804,0.7704918032786885,0.2459016393442623,-7.097659573671438,-3.1031020529866513,64.08333333333333,65.525,416.44946885109357,459.0321775408768
10,172,base,trust,seasonal60,timer,956.9696130090706,986.85510709591,7.1610060964755,971.8104818183307,1007.0133414858229,-3.028356834954784,-4.173365262396351,0.01639344262295082,1.0,-1.606323526950203,0.01639344262295082,1.0,-3.0669264664215854,-2.990045082588164,54.833333333333336,55.3125,408.6362796757372,433.73010709590994
10,174,base,thr,naive,timer,1706.6745123754652,1715.3067325840905,8.491731805924008,1693.320487262766,1773.8968835045423,-0.50324644826765,-1.016544140336992,0.04918032786885246,0.9836065573770492,-0.017424689684613172,0.5901639344262295,0.5573770491803278,-0.5778123235922309,-0.4355041914938207,7.0,7.7875,1636.6745123754652,1637.4317325840905
10,174,base,mey,naive,timer,941.3483614087421,947.6868384586594,1.932954316198905,942.0529649145643,952.6453109931655,-0.6688366655198397,-3.279165470595139,0.01639344262295082,1.0,0.029553470254921162,0.5409836065573771,0.5245901639344263,-0.5046536236800535,-0.8329527324615633,53.5,54.17916666666667,406.3483614087421,405.89517179199277
10,174,base,trust,naive,timer,925.3583814234265,932.5927553379781,1.8734502490537306,926.6956114927598,935.387576792867,-0.7757270119399355,-3.8615244350393896,0.01639344262295082,1.0,0.028482537948959746,0.5409836065573771,0.5245901639344263,-0.8657148920902326,-0.6851330427342334,52.083333333333336,52.768055555555556,404.52504809009315,404.9121997824226
10,175,base,thr,seasonal60,http,3671.063520918153,2692.6198524554998,430.5475752106785,1974.8476818248546,3407.6417690877206,36.33798018574267,2.2725564485733645,1.0,0.01639344262295082,1.1399253021837057,0.5245901639344263,0.4918032786885246,29.388288055461363,43.32234834686002,6.166666666666667,6.272222222222222,3609.3968542514863,2629.8976302332776
10,175,base,mey,seasonal60,http,1103.477907097903,1103.1117683066104,12.945852734671206,1074.202249362093,1136.0530096126024,0.033191450024561205,0.028282323211661426,0.45901639344262296,0.5573770491803278,1.1094760312543253,0.8032786885245902,0.21311475409836064,0.7647701252743592,-0.6885554126721034,63.916666666666664,63.731944444444444,464.31124043123634,465.792323862166
10,175,base,trust,seasonal60,http,996.5568287464943,993.1467427028207,9.412727661306077,973.5486172789182,1011.9685245928281,0.3433617507915417,0.3622845753512857,0.5901639344262295,0.4262295081967213,1.0567001073877964,0.8524590163934426,0.16393442622950818,0.6421297479226636,0.03231320809528238,55.916666666666664,56.56388888888889,437.39016207982763,427.5078538139318
10,176,base,thr,ma10,http,1669.794912667964,1778.8902513627586,62.58150852318836,1689.9675391554968,1942.0154111548109,-6.1327751170270215,-1.7432519808047058,0.01639344262295082,1.0,-1.795508221254034,0.3770491803278688,0.639344262295082,-6.8084887408516135,-5.428428550373205,8.833333333333334,10.641666666666667,1581.4615793346306,1672.4735846960918
10,176,base,mey,ma10,http,968.2132744250961,993.9515162315978,11.512484158341708,973.7119261393415,1049.0894647047664,-2.5894866486128008,-2.235680974887798,0.01639344262295082,1.0,0.6281658029475673,0.7868852459016393,0.22950819672131148,-2.8280803916957047,-2.3548226521745645,55.333333333333336,57.80833333333333,414.8799410917627,415.86818289826454
10,176,base,trust,ma10,http,945.270065934961,973.6324133611884,8.515399456907934,955.4549321082304,1004.0782723757397,-2.913044701163387,-3.3307125014809444,0.01639344262295082,1.0,0.8107856693119336,0.8852459016393442,0.13114754098360656,-3.4358494428520676,-2.3817222732558636,54.333333333333336,55.581944444444446,401.9367326016277,417.8129689167439
10,177,base,thr,naive,timer,1927.261468877981,2041.7306749101615,161.28835980938152,1773.8200515932451,2413.8378161682917,-5.606479220733518,-0.7097177140834324,0.32786885245901637,0.6885245901639344,-1.4583067993948866,0.5245901639344263,0.4918032786885246,-7.36013900195357,-3.7533087328139803,12.083333333333334,12.215277777777779,1806.4281355446478,1919.5778971323837
10,177,base,mey,naive,timer,1041.5334607694078,1035.816936786628,10.06599420347207,1019.3242661210653,1081.128113933205,0.5518855484748034,0.5679045573866898,0.8032786885245902,0.21311475409836064,-0.9245086632720746,0.11475409836065574,0.9016393442622951,-0.5982668666020271,1.7467108704250147,61.083333333333336,60.84444444444444,430.70012743607447,427.3724923421836
10,177,base,trust,naive,timer,969.2886416284404,970.0546745261241,7.7378461673037116,954.7351493970968,999.044538828511,-0.0789680126079473,-0.09899820713942928,0.4918032786885246,0.5245901639344263,0.013232378374336561,0.5901639344262295,0.4262295081967213,-0.6325272582670939,0.47060815003590656,56.416666666666664,56.606944444444444,405.12197496177373,403.9852300816797
10,178,base,thr,seasonal60,queue,1526.6054402696693,2252.9094971250734,282.85402203475377,1844.582035471007,3216.507089142564,-32.23849239315814,-2.56776994589161,0.01639344262295082,1.0,1.0002389911474592,0.7213114754098361,0.29508196721311475,-30.36290635912164,-34.254445633601385,7.5,7.775,1451.6054402696693,2175.1594971250734
10,178,base,mey,seasonal60,queue,1059.7542542494768,1108.892338795995,15.117729304724218,1080.831762821915,1146.0263459540427,-4.431276403250386,-3.2503614501923144,0.01639344262295082,1.0,-0.6614576409067143,0.3114754098360656,0.7049180327868853,-3.779766512241786,-5.079344197404209,63.25,65.10972222222222,427.25425424947684,457.79511657377293
10,178,base,trust,seasonal60,queue,983.853962672784,1016.8467048103704,10.572819925659546,985.9616080907971,1040.9679897248755,-3.244613173402494,-3.120524360536512,0.01639344262295082,1.0,1.0886575966134757,0.8524590163934426,0.16393442622950818,-2.687409996636365,-3.797362324299681,57.833333333333336,58.84444444444444,405.5206293394506,428.40226036592594
10,179,base,thr,ma10,orchestration,2420.980528041467,2314.463365363544,234.04638051303687,2009.3030844125917,3198.008676420072,4.602240168151969,0.45511134350565047,0.7377049180327869,0.2786885245901639,7.692062283217086,0.8524590163934426,0.16393442622950818,1.107452612240176,7.712118138275191,6.083333333333333,6.043055555555555,2360.1471947081336,2254.0328098079885
10,179,base,mey,ma10,orchestration,1101.9829540831715,1110.8413147278177,13.149349190933227,1089.4677039964777,1143.681771386691,-0.7974460912823234,-0.6736729336197257,0.29508196721311475,0.7213114754098361,0.8717803455314822,0.7868852459016393,0.22950819672131148,-0.7635277930837411,-0.830093234635485,57.416666666666664,58.5875,527.8162874165049,524.9663147278177
10,179,base,trust,ma10,orchestration,971.5535619905546,978.7304513988191,8.075883227947054,959.357831940751,993.0754566789411,-0.733285594415416,-0.8886816717988789,0.19672131147540983,0.819672131147541,-0.71820014974909,0.21311475409836064,0.8032786885245902,-0.297114918977785,-1.1592876074044838,51.25,52.145833333333336,459.0535619905546,457.27211806548576
10,180,base,thr,naive,storage,1858.237228764151,2167.052232778121,212.59161700380247,1875.6185838275294,3022.426538718419,-14.250464263986602,-1.4526207964655837,0.01639344262295082,1.0,-4.351495564165865,0.39344262295081966,0.6229508196721312,-6.2009959929158205,-21.775242095136946,6.166666666666667,6.138888888888889,1796.5705620974843,2105.6633438892322
10,180,base,mey,naive,storage,1096.9028609019426,1103.0435910697468,15.695940831270487,1072.6243019790784,1137.0281611705784,-0.556707841604769,-0.3912304610355153,0.3114754098360656,0.7049180327868853,-1.5706659436901338,0.14754098360655737,0.8688524590163934,0.2763631565625537,-1.385910861776616,58.0,60.09861111111111,516.9028609019426,502.05747995863567
10,180,base,trust,naive,storage,955.1537868966574,969.3290202232085,10.146896017837872,946.4362550408537,993.8114459996708,-1.4623758322315592,-1.3970019306033712,0.06557377049180328,0.9508196721311475,0.1748456341696747,0.5573770491803278,0.45901639344262296,-2.005331948180008,-0.9300718626399316,51.333333333333336,53.06388888888889,441.820453563324,438.69013133431963
10,181,base,thr,seasonal60,event,2198.6454770658447,2206.0030748715103,197.58580380540945,1861.2232591869097,2902.775502291915,-0.3335261808777913,-0.03723748196460335,0.5737704918032787,0.4426229508196721,-1.6139946295645158,0.5081967213114754,0.5081967213114754,-4.941878712904115,3.9911479230752414,6.083333333333333,6.097222222222222,2137.8121437325112,2145.030852649288
10,181,base,mey,seasonal60,event,1039.524884799185,1060.6484539686649,15.242958568190943,1034.0495212869735,1092.6701829786225,-1.9915712025451122,-1.385791942881785,0.13114754098360656,0.8852459016393442,-0.2414062093419264,0.4426229508196721,0.5737704918032787,-0.7977621400499955,-3.2346397858860825,54.833333333333336,56.21388888888889,491.1915514658516,498.50956507977594
10,181,base,trust,seasonal60,event,930.3638365000635,948.1140807670239,12.093083227168894,923.1974178205538,988.9506938556455,-1.8721633426855624,-1.467801381460922,0.06557377049180328,0.9508196721311475,-0.5974997583072008,0.36065573770491804,0.6557377049180327,-2.847081179607105,-0.9109217952226453,49.083333333333336,51.72638888888889,439.5305031667301,430.850191878135
10,182,base,thr,ma10,queue,1920.2964731021575,2277.510689277181,196.62413772972388,1977.0279836203363,2833.7683051317927,-15.684414473083917,-1.8167363391876328,0.01639344262295082,1.0,-8.163104145028884,0.19672131147540983,0.819672131147541,-18.33641589280276,-13.159728278406536,6.083333333333333,6.013888888888889,1859.4631397688242,2217.3718003882923
10,182,base,mey,ma10,queue,1075.036207941398,1095.577836297774,13.416486277600368,1064.0651487473324,1121.5183680933549,-1.8749583713550735,-1.5310736307069743,0.06557377049180328,0.9508196721311475,-0.6896455742134548,0.3114754098360656,0.7049180327868853,-1.9624677663753376,-1.7865822527850261,59.333333333333336,58.38194444444444,481.7028746080647,511.7583918533295
10,182,base,trust,ma10,queue,965.6689559589378,965.960553789759,8.196967000956993,947.3779904543231,984.2199227175328,-0.030187343538744596,-0.035573869064890754,0.45901639344262296,0.5573770491803278,2.349671472424191,1.0,0.01639344262295082,0.9916978189954937,-1.0171839369850753,51.75,51.3,448.1689559589378,452.96055378975905
10,183,base,thr,naive,others,2198.154412398974,2335.1392609830796,352.67307028212633,1851.9365729497247,3488.435132577594,-5.866238937991045,-0.38841879385495065,0.4098360655737705,0.6065573770491803,30.771825191604552,0.9180327868852459,0.09836065573770492,-14.536190950140416,3.21692429504398,6.333333333333333,6.9944444444444445,2134.8210790656403,2265.194816538635
10,183,base,mey,naive,others,1114.71891195799,1120.2740939077496,13.615827656893424,1093.541361079912,1152.4720836874726,-0.49587703401958877,-0.4079944377782347,0.4098360655737705,0.6065573770491803,1.7264018936012966,0.9016393442622951,0.11475409836065574,-1.1543947940210593,0.16056603849565265,62.666666666666664,63.3625,488.0522452913234,486.6490939077496
10,183,base,trust,naive,others,978.5216656937314,991.655807724273,9.37758663907283,969.847769145099,1009.9893034001269,-1.3244658003549488,-1.4005887160579953,0.11475409836065574,0.9016393442622951,1.3500059786829306,0.9508196721311475,0.06557377049180328,-0.027252558007374375,-2.5634887422057986,53.5,54.18333333333333,443.5216656937314,449.82247439093976
10,184,base,thr,seasonal60,queue,1590.9219118132053,1590.2691026097132,2.5986218178172553,1582.588578479872,1599.0607935949254,0.04105023498355115,0.25121362370475,0.6885245901639344,0.5409836065573771,0.04105023498355115,0.6885245901639344,0.5409836065573771,0.17374525742147412,-0.073618320837673,7.833333333333333,7.7555555555555555,1512.588578479872,1512.7135470541575
10,184,base,mey,seasonal60,queue,897.2488426935678,896.1626225414063,1.983646389665368,889.9610746418825,899.5862249021742,0.12120792865485276,0.5475875931418833,0.7377049180327869,0.2786885245901639,0.14489023172981125,0.819672131147541,0.2786885245901639,0.37934495396335327,-0.13786463629155987,50.666666666666664,50.75,390.58217602690115,388.66262254140634
10,184,base,trust,seasonal60,queue,890.1001416489468,888.8353703445023,2.0242573025060815,881.7668083156135,894.0731559043046,0.1422953391193545,0.6248075789963367,0.8360655737704918,0.29508196721311475,0.03817184178817518,0.5081967213114754,0.5081967213114754,0.22896186871663268,0.05513405331527586,50.0,49.831944444444446,390.10014164894676,390.5159259000578
10,185,base,thr,ma10,event,2159.809846980531,2268.2943370460434,245.63897638427252,1758.0219029151265,2980.549706873686,-4.7826460743533765,-0.4416420051181196,0.3442622950819672,0.6721311475409836,8.37739066305137,0.7868852459016393,0.22950819672131148,4.127022318569709,-13.177954124778651,8.666666666666666,9.126388888888888,2073.1431803138644,2177.0304481571548
10,185,base,mey,ma10,event,1073.0333824834113,1084.2856110827038,12.96149529604912,1056.5664942768365,1116.9709445417968,-1.0377550420554489,-0.8681273527694262,0.2459016393442623,0.7704918032786885,0.6763462923262604,0.7377049180327869,0.2786885245901639,-0.6150317139346757,-1.4509900408327152,62.833333333333336,64.06805555555556,444.7000491500779,443.6050555271481
10,185,base,trust,ma10,event,1009.0962304786676,1017.1215221063654,9.364268936407601,987.1429979162514,1036.0854071034857,-0.7890199404175587,-0.8570120830784833,0.14754098360655737,0.8688524590163934,1.0644130069854159,0.9016393442622951,0.11475409836065574,-3.273120258087058,1.6970204350516909,57.0,58.09305555555556,439.0962304786676,436.1909665508099
10,186,base,thr,naive,queue,1766.3522922317945,1740.564412987395,87.33269090066965,1687.3153212236978,2165.4878719110807,1.4815814371465248,0.2952832321831261,0.7868852459016393,0.22950819672131148,24.03463516528016,0.9836065573770492,0.03278688524590164,-0.6737472557474141,3.690441030116038,9.583333333333334,9.884722222222223,1670.5189588984613,1641.7171907651727
10,186,base,mey,naive,queue,936.9870420048254,940.5748848524213,3.362470654148742,933.3782715325838,951.8917478774846,-0.3814521209716143,-1.0670257726023766,0.14754098360655737,0.8688524590163934,0.7381746537893218,0.9672131147540983,0.04918032786885246,-0.7029546038727824,-0.05581992111271687,52.916666666666664,53.0875,407.8203753381588,409.6998848524213
10,186,base,trust,naive,queue,961.0819508990676,961.9634073411308,5.151449792780735,953.5282191239902,976.4602568398591,-0.09163097424876228,-0.17110842141925656,0.5245901639344263,0.4918032786885246,1.7400173063958573,1.0,0.01639344262295082,-0.26090853339631315,0.0836943483276759,54.166666666666664,54.140277777777776,419.41528423240095,420.56062956335313
10,187,base,thr,seasonal60,event,2118.868349574671,2216.103889794784,143.09710858421238,1952.6147988447321,2591.441139515902,-4.387679687215274,-0.6795073721764991,0.26229508196721313,0.7540983606557377,-0.05842378616679807,0.5409836065573771,0.47540983606557374,-5.49228141818912,-3.0451746111031857,6.25,6.386111111111111,2056.368349574671,2152.242778683673
10,187,base,mey,seasonal60,event,1092.4509341814921,1093.52001787688,12.977299385702073,1064.6274359355007,1120.2043232258363,-0.0977653520658536,-0.08238106123727063,0.47540983606557374,0.5409836065573771,3.2242863552565395,1.0,0.01639344262295082,-3.0051144903167657,2.8251378786568315,58.583333333333336,58.81805555555555,506.61760084815876,505.3394623213245
10,187,base,trust,seasonal60,event,967.9160837314471,973.566672246021,9.329188067760862,953.9887000038683,1003.5696219712449,-0.5804007753817167,-0.6056892061272493,0.22950819672131148,0.7868852459016393,-0.04990546369608347,0.4918032786885246,0.5245901639344263,-1.1239665168532469,-0.03840482398464998,51.5,51.794444444444444,452.9160837314471,455.6222278015765
10,188,base,thr,ma10,queue,1916.5866294795449,2046.4587451408672,167.6220643291745,1815.058170152989,2893.811944003464,-6.346187821752677,-0.7747912912364618,0.18032786885245902,0.8360655737704918,-3.8711003868926364,0.32786885245901637,0.6885245901639344,-7.58111280246366,-5.193338091562402,6.583333333333333,6.451388888888889,1850.7532961462116,1981.9448562519783
10,188,base,mey,ma10,queue,1055.4192847721645,1090.814791957388,14.666825683625849,1059.532179208819,1123.2357016779586,-3.2448686473813653,-2.413303870157764,0.01639344262295082,1.0,0.7204664518515667,0.7049180327868853,0.3114754098360656,-4.3377518929696155,-2.184038994548003,56.833333333333336,56.03888888888889,487.0859514388311,530.4259030684991
10,188,base,trust,ma10,queue,985.2366950653674,987.8765734914919,9.352858498079675,970.9631743576709,1010.2359372024206,-0.2672275562517142,-0.2822536475524035,0.4262295081967213,0.5901639344262295,2.46382760489809,1.0,0.01639344262295082,0.5672226277046928,-1.1143196241139384,52.916666666666664,53.45,456.07002839870074,453.37657349149185
10,190,base,thr,seasonal60,http,1739.2728258319532,2148.9685095299537,177.19903643815502,1864.7572503443619,2662.340954020556,-19.06475976177118,-2.312064963406221,0.01639344262295082,1.0,-7.8578134137765865,0.21311475409836064,0.8032786885245902,-16.67743663688062,-21.432931112772607,8.75,9.304166666666667,1651.7728258319532,2055.926842863287
10,190,base,mey,seasonal60,http,994.2447673001989,1029.1057254209175,11.011479224066152,1001.6894118369379,1054.1022246755538,-3.3875001624794185,-3.165874212842192,0.01639344262295082,1.0,0.9892837401048339,0.8360655737704918,0.18032786885245902,-3.9423131057005456,-2.8213499989805166,58.166666666666664,59.975,412.57810063353224,429.35572542091745
10,190,base,trust,seasonal60,http,957.3693270230821,975.5712226969803,9.843448758252272,947.050404358863,1001.1547776579492,-1.8657679983198778,-1.849138053229425,0.04918032786885246,0.9672131147540983,-0.8611148777258797,0.18032786885245902,0.8360655737704918,1.1465262163861112,-4.919862469001915,54.416666666666664,55.856944444444444,413.20266035641544,417.0017782525358
10,189,base,thr,naive,event,1782.6524568050472,2360.750947082995,263.65262739306,1994.1175847224943,3142.025446654498,-24.487906739686423,-2.1926521119628517,0.01639344262295082,1.0,21.437017458550184,0.9344262295081968,0.08196721311475409,-29.23784362195623,-19.54734263067105,6.25,6.166666666666667,1720.1524568050472,2299.0842804163285
10,189,base,mey,naive,event,1098.8591900268436,1131.3484973677978,15.240827274033462,1085.6239895855422,1158.1109794252093,-2.8717329290261997,-2.1317285969317274,0.04918032786885246,0.9672131147540983,-0.8068275780874553,0.3442622950819672,0.6721311475409836,-4.519306083271078,-1.2498043816346402,60.0,61.94583333333333,498.85919002684363,511.8901640344644
10,189,base,trust,naive,event,992.1857535504463,998.1483163138323,10.145443272732019,976.7712952366284,1028.1157132544256,-0.5973624025541412,-0.5877084522675949,0.3442622950819672,0.6721311475409836,0.6017715451839656,0.7213114754098361,0.29508196721311475,-0.5304385133122619,-0.6646848179647618,55.083333333333336,54.8625,441.3524202171129,449.5233163138323
10,191,base,thr,ma10,timer,1713.0567091931844,1745.1496392576717,6.629886626508513,1715.825168971481,1766.7698816023333,-1.8389786951529583,-4.840645379389895,0.01639344262295082,1.0,-0.16767979845357464,0.22950819672131148,0.8360655737704918,-1.8762253068561812,-1.7986865157016947,8.5,11.670833333333333,1628.0567091931844,1628.4413059243384
10,191,base,mey,ma10,timer,959.1087490886284,986.9725848937316,3.8169340950565958,979.2618490972112,999.5747216756948,-2.823162084902617,-7.3000568286442915,0.01639344262295082,1.0,-0.1195642598703264,0.4426229508196721,0.5737704918032787,-2.922235367394236,-2.721679603643441,53.166666666666664,55.77638888888889,427.4420824219618,429.20869600484264
10,191,base,trust,ma10,timer,921.7834987756977,938.7013217572224,4.0356904687959165,929.7095570831776,949.6679010446173,-1.802258353046213,-4.192051673024451,0.01639344262295082,1.0,0.014890852653061053,0.5081967213114754,0.5081967213114754,-1.9929180360347194,-1.6131068141043778,52.0,53.65138888888889,401.7834987756977,402.18743286833353
10,192,base,thr,naive,http,1883.6771723485308,2415.675625885504,258.9925035030445,1914.7320771817278,3272.7440154225374,-22.022760334056056,-2.0541075372504727,0.01639344262295082,1.0,-4.435782963340163,0.39344262295081966,0.6229508196721312,-18.81602028441317,-25.031919632645174,10.666666666666666,11.225,1777.010505681864,2303.425625885504
10,192,base,mey,naive,http,1085.8126870774436,1102.6150142401752,11.231372797667737,1080.370693431256,1139.1523792414866,-1.5238616330932468,-1.4960172247350545,0.04918032786885246,0.9672131147540983,0.8398100218641417,0.819672131147541,0.19672131147540983,-0.5931351471410237,-2.4531007696489744,66.16666666666667,67.71111111111111,424.1460204107768,425.50390312906416
10,192,base,trust,naive,http,1024.1192152187152,1046.5375812154548,9.731791712392647,1026.3774165077991,1078.2046748446214,-2.1421462926064008,-2.303621641243266,0.01639344262295082,1.0,0.23026509137166914,0.5737704918032787,0.4426229508196721,-0.8117498871642209,-3.526713803400439,59.583333333333336,62.048611111111114,428.28588188538185,426.0514701043437
10,193,base,thr,seasonal60,timer,1549.6622554166297,1550.643335113697,3.235920215218301,1536.1125176092282,1565.4927265611102,-0.06326920413296772,-0.30318414293819607,0.29508196721311475,0.8360655737704918,0.04421306654306355,0.7049180327868853,0.5409836065573771,-0.1219194351960339,-0.0045592724450589294,7.666666666666667,7.7652777777777775,1472.995588749963,1472.9905573359192
10,193,base,mey,seasonal60,timer,898.1651550768044,898.5000831936524,1.780369744144875,892.5437951160258,902.4850953927352,-0.03727635902464554,-0.18812278626363269,0.4098360655737705,0.7049180327868853,0.01804973485878378,0.5081967213114754,0.5081967213114754,-0.10859276491451328,0.0331586697369493,49.583333333333336,49.5875,402.331821743471,402.62508319365236
10,193,base,trust,seasonal60,timer,905.8181665342562,906.145025004854,1.7546380722580517,900.8181665342562,910.0519158765111,-0.036071319885695105,-0.18628255921585993,0.4098360655737705,0.6885245901639344,-0.05001088150333432,0.3114754098360656,0.7049180327868853,-0.0961988952029774,0.024786227969870855,50.75,50.75555555555555,398.3181665342562,398.58946944929846
10,196,base,thr,seasonal60,queue,1985.8355902405892,2311.2716637814246,167.35657329956365,1965.9770809204265,2713.2464363481035,-14.080390403281113,-1.9445670231208296,0.03278688524590164,0.9836065573770492,-4.94857902527543,0.2786885245901639,0.7377049180327869,-9.350760383932894,-18.663741507556956,6.0,6.029166666666667,1925.8355902405892,2250.979997114758
10,196,base,mey,seasonal60,queue,1054.716535870574,1093.3946165838377,13.454059702254753,1063.1303115214432,1130.4414989911913,-3.5374310543166945,-2.8748260056242803,0.01639344262295082,1.0,-0.13509361868542555,0.47540983606557374,0.5409836065573771,-4.3560339926502625,-2.680330622498837,60.166666666666664,60.50277777777778,453.0498692039074,488.36683880605983
10,196,base,trust,seasonal60,queue,942.0317054867614,954.3657287843563,9.899066870726886,931.5525108838777,978.1366996966584,-1.2923791085106942,-1.2459783794438768,0.09836065573770492,0.9180327868852459,-1.4173506478400835,0.08196721311475409,0.9344262295081968,-2.577665214376724,0.06060181529065885,54.333333333333336,52.53611111111111,398.69837215342807,429.0046176732452
10,194,base,thr,ma10,queue,2215.9360568323095,2483.4704148562764,213.43629419780964,1863.462454475919,3030.0206581218067,-10.77260097094612,-1.253462345893337,0.13114754098360656,0.8852459016393442,-13.19644845428213,0.04918032786885246,0.9672131147540983,-5.7676143878214905,-15.33270515405486,10.333333333333334,11.215277777777779,2112.602723498976,2371.3176370784986
10,194,base,mey,ma10,queue,1025.5775565589372,1053.9253167282227,12.271434414512981,1029.5274571519942,1114.016704311753,-2.6897313993070697,-2.3100608463310226,0.01639344262295082,1.0,-0.6258961909860864,0.29508196721311475,0.7213114754098361,-1.7765194506074151,-3.6257142823692563,61.583333333333336,63.46527777777778,409.74422322560383,419.27253895044487
10,194,base,trust,ma10,queue,980.8125092835867,995.4803852511357,8.577586455329804,974.7456190003878,1027.5998814079653,-1.473447009591116,-1.7100236813625922,0.06557377049180328,0.9508196721311475,-0.6805234100586753,0.19672131147540983,0.819672131147541,-1.6321386607488915,-1.3118373551245706,56.333333333333336,56.890277777777776,417.4791759502533,426.57760747335794
10,197,base,thr,ma10,queue,2921.812520622572,2548.0594770783346,355.0840646899817,1910.7706423023592,3566.7681571351477,14.668144401903495,1.0525762226771713,0.8360655737704918,0.18032786885245902,6.958585906975989,0.6885245901639344,0.32786885245901637,25.90858697431776,2.525348653570663,8.25,8.061111111111112,2839.312520622572,2467.4483659672233
10,197,base,mey,ma10,queue,1154.34422638261,1099.090064080388,11.787305470720437,1062.1396333705895,1123.3012483378272,5.027264289615193,4.687599081865906,1.0,0.01639344262295082,-0.6982494941963109,0.3114754098360656,0.7049180327868853,4.175388415853815,5.913936490997066,66.75,67.75416666666666,486.84422638261003,421.5483974137213
10,197,base,trust,ma10,queue,1062.457693395392,1026.508737777982,11.129196539348554,1003.4024566959525,1047.3041185556356,3.502060361924076,3.230148330142989,1.0,0.01639344262295082,1.863127151255857,0.9672131147540983,0.04918032786885246,2.3333184898042028,4.722455820538524,61.25,61.12916666666667,449.95769339539197,415.21707111131536
10,198,base,thr,naive,queue,1835.9482396118592,2006.1022882005066,118.40733899083034,1733.990036191749,2261.636080702596,-8.481823164723929,-1.4370228234064475,0.16393442622950818,0.8524590163934426,4.314513239585552,0.7868852459016393,0.22950819672131148,-3.8919382543271612,-12.898700599885059,6.0,6.0,1775.9482396118592,1946.1022882005066
10,198,base,mey,naive,queue,1084.3094262021978,1075.3866572621541,12.616497390093263,1047.5410222357657,1105.2666982907992,0.8297265806477699,0.7072302766891522,0.7868852459016393,0.22950819672131148,0.7390880564039337,0.7704918032786885,0.2459016393442623,1.3823314326332128,0.2788394543950651,53.333333333333336,53.05555555555556,550.9760928688644,544.8311017065986
10,198,base,trust,naive,queue,973.1718481271913,976.1133467925533,7.557209785479572,956.1149907699892,992.1046858177115,-0.30134806321700214,-0.3892307807854979,0.3114754098360656,0.7049180327868853,0.8611935267339357,0.8852459016393442,0.13114754098360656,-0.8241638908979451,0.21460110019466286,50.833333333333336,51.727777777777774,464.83851479385794,458.8355690147756
10,200,base,thr,ma10,http,1902.1895988038286,2389.5759607176815,235.55900611387838,2056.774684839619,3175.508830291395,-20.396353575948766,-2.069062736995211,0.01639344262295082,1.0,-7.9684906540425064,0.14754098360655737,0.8688524590163934,-20.886065016971827,-19.853852011739228,7.166666666666667,7.148611111111111,1830.522932137162,2318.08984960657
10,200,base,mey,ma10,http,1067.0976498285015,1114.72743665655,13.05997399259971,1091.5086869928043,1155.3130820484641,-4.272774246133797,-3.647004722600321,0.01639344262295082,1.0,0.5368648113737943,0.7377049180327869,0.2786885245901639,-4.1734973380728615,-4.370723052564057,58.416666666666664,59.59583333333333,482.9309831618349,518.7691033232168
10,200,base,trust,ma10,http,975.4969664577696,999.4154467335219,8.70570937351416,981.8560292541656,1019.0233286704025,-2.3932470079312,-2.747447594393709,0.01639344262295082,1.0,-0.6196549037816756,0.29508196721311475,0.7213114754098361,-2.760380578037087,-2.0292384556790557,53.583333333333336,54.920833333333334,439.6636331244363,450.2071134001885
10,202,base,thr,seasonal60,timer,1682.9211969181677,1714.97316245921,8.081767816443937,1683.893541119897,1734.2203392190925,-1.8689485201669858,-3.965959709437132,0.01639344262295082,1.0,0.15832762135775913,0.6885245901639344,0.32786885245901637,-1.8257672252057189,-1.9117156886439755,7.583333333333333,10.86111111111111,1607.0878635848344,1606.362051348099
10,202,base,mey,seasonal60,timer,909.9218463133919,945.1877365227156,12.78519558850917,937.4621397040423,1037.6242527965826,-3.731099002518225,-2.7583379515147364,0.01639344262295082,1.0,-0.3461248108413711,0.39344262295081966,0.6229508196721312,-3.3912428438764364,-4.062717158114578,51.333333333333336,54.50277777777778,396.58851298005857,400.15995874493774
10,202,base,trust,seasonal60,timer,883.9578320643997,912.5734794168759,8.763116829266865,903.5354513418633,970.678544429521,-3.1357088495231427,-3.2654645498855293,0.01639344262295082,1.0,-0.25811159038709547,0.3770491803278688,0.639344262295082,-3.645163939043216,-2.6308217914806837,49.083333333333336,51.71944444444444,393.1244987310663,395.37903497243144
10,201,base,thr,naive,queue,2870.3303114014984,2469.086541958332,151.62646572985238,2074.957012813363,2877.397816630264,16.25069687208792,2.6462647369097727,0.9836065573770492,0.03278688524590164,-0.9749526668591614,0.45901639344262296,0.5573770491803278,10.891283434137776,21.674992135040114,5.916666666666667,5.934722222222222,2811.163644734832,2409.73931973611
10,201,base,mey,naive,queue,1133.8618056203957,1101.7421083352262,12.940129532182715,1062.9747833173285,1124.9074483902618,2.9153553306320927,2.4821774160209307,1.0,0.01639344262295082,0.5117133181424918,0.639344262295082,0.3770491803278688,2.5899773261568075,3.240906286357289,57.416666666666664,57.74444444444445,559.695138953729,524.2976638907818
10,201,base,trust,naive,queue,980.8520937574166,977.9386938517499,8.510827063393682,961.3376025769409,1001.9515609194286,0.2979123255867735,0.3423168963446134,0.639344262295082,0.3770491803278688,-0.10746609714824193,0.4098360655737705,0.6065573770491803,-0.06414573965616295,0.6600042249678368,51.25,51.515277777777776,468.3520937574166,462.7859160739722
10,203,base,thr,ma10,http,1885.5733850214735,2300.016499350852,150.70422585459585,2029.146636102192,2586.693740218096,-18.01913657777452,-2.750043085913504,0.01639344262295082,1.0,8.817901273990378,0.8852459016393442,0.13114754098360656,-19.924870411212016,-15.809492155692856,6.0,6.0,1825.5733850214735,2240.016499350852
10,203,base,mey,ma10,http,1041.0344589610681,1088.5986255119074,13.415896991116497,1061.9206755818848,1126.8387119344852,-4.369302462463834,-3.545358657891785,0.01639344262295082,1.0,-0.6155553238702368,0.3114754098360656,0.7049180327868853,-4.330062846739799,-4.407652625146102,52.25,53.25694444444444,518.5344589610681,556.0291810674629
10,203,base,trust,ma10,http,970.177422751593,989.6433461958386,9.261747369198345,968.4568635835823,1014.948938101068,-1.9669635044859428,-2.1017549570595233,0.03278688524590164,0.9836065573770492,1.0039888656746798,0.8524590163934426,0.16393442622950818,-0.34757865256486925,-3.5800841015914786,51.916666666666664,51.951388888888886,451.01075608492636,470.1294573069497
10,204,base,thr,naive,queue,2679.569604431617,2336.5379129871894,196.3748999157297,1919.939123763664,2841.2186283276264,14.681195179318632,1.7468204520620125,0.9344262295081968,0.08196721311475409,-0.002732789413560247,0.6065573770491803,0.4098360655737705,10.938956676038067,18.259654181591905,6.083333333333333,6.044444444444444,2618.7362710982834,2276.093468542745
10,204,base,mey,naive,queue,1107.872612236802,1112.337596957852,12.688661501230424,1084.8247832670124,1143.431267151077,-0.40140553850388677,-0.35188776378161624,0.3770491803278688,0.639344262295082,0.7976695800346313,0.8360655737704918,0.18032786885245902,-0.44615068148738907,-0.357255924079072,60.166666666666664,60.044444444444444,506.20594557013544,511.8931525134075
10,204,base,trust,naive,queue,1016.1853118737284,993.0501601527162,9.734840069030623,969.0551113768389,1016.4549429282139,2.3297062574819365,2.376531258547525,0.9836065573770492,0.03278688524590164,0.29833807562780323,0.5573770491803278,0.45901639344262296,1.5371760628693971,3.0848647200677957,54.833333333333336,54.084722222222226,467.85197854039507,452.20293793049393
10,205,base,thr,seasonal60,http,2021.357887134366,2423.8080300439774,226.91780369956624,2068.0616814652694,3282.6942529283297,-16.604043633864414,-1.7735503179928793,0.01639344262295082,1.0,-3.1525727374132617,0.3770491803278688,0.639344262295082,-12.119136433008576,-21.429796589053478,6.666666666666667,6.9125,1954.6912204676992,2354.6830300439774
10,205,base,mey,seasonal60,http,1093.274220739948,1124.490284157741,14.776870013200048,1081.9720819324564,1157.3563458885376,-2.776018953438456,-2.112494959345775,0.06557377049180328,0.9508196721311475,-0.8410547900317363,0.2459016393442623,0.7704918032786885,-2.1942424531310634,-3.3640920787292723,64.58333333333333,64.32777777777778,447.4408874066148,481.2125063799631
10,205,base,trust,seasonal60,http,970.8270401354679,993.8764200953617,9.242469714787617,976.6343108413213,1014.2661034855954,-2.319139431608837,-2.4938550702541824,0.01639344262295082,1.0,-1.286240821537588,0.13114754098360656,0.8852459016393442,-2.483436952648587,-2.1485067117720593,54.333333333333336,55.9875,427.4937068021345,434.0014200953617
10,206,base,thr,ma10,queue,2054.326109431608,2401.893134907696,359.00786725764266,1840.9001627222058,3239.033714402601,-14.470544939104666,-0.9681320583057192,0.16393442622950818,0.8524590163934426,-12.01219338322621,0.21311475409836064,0.8032786885245902,-6.797576758528692,-22.01528946728402,10.5,10.973611111111111,1949.326109431608,2292.157023796585
10,206,base,mey,ma10,queue,1053.7864922625831,1051.4497099382022,10.0346378474793,1029.9018617574857,1072.1819777466333,0.2222438507799162,0.23287161528882874,0.6065573770491803,0.4098360655737705,-0.19357325880109216,0.4098360655737705,0.6065573770491803,0.9184198050866645,-0.4715428226474015,60.75,61.50972222222222,446.2864922625831,436.35248771598003
10,206,base,trust,ma10,queue,1007.6527645664961,994.2427208944297,8.149195655246295,977.123238287236,1015.4514548879594,1.3487696103022637,1.645566536794744,0.9672131147540983,0.04918032786885246,-0.29269934462074065,0.39344262295081966,0.6229508196721312,0.09212492393395418,2.619398906989662,56.583333333333336,57.730555555555554,441.81943123316273,416.93716533887414
10,207,base,thr,naive,queue,1685.7394510106944,2532.7369459118336,370.571788915177,1981.9069775484338,3476.606219472325,-33.44198442196309,-2.2856502309057714,0.01639344262295082,1.0,-12.284958677947847,0.21311475409836064,0.8032786885245902,-36.818111576037374,-29.65054119003914,6.75,7.375,1618.2394510106944,2458.9869459118336
10,207,base,mey,naive,queue,1054.8868701601605,1143.1336733269532,13.124799336170947,1112.118128670911,1173.7408715914164,-7.719727379735125,-6.723668751535974,0.01639344262295082,1.0,-0.33285072347706607,0.39344262295081966,0.6229508196721312,-8.829873823887237,-6.566868680960985,64.16666666666667,69.01666666666667,413.2202034934937,452.96700666028653
10,207,base,trust,naive,queue,1010.7588885038728,1049.1647240483019,10.016483177303368,1022.471014856133,1072.4986291357675,-3.660610642362865,-3.8342634699825577,0.01639344262295082,1.0,-1.1723453412733889,0.09836065573770492,0.9180327868852459,-4.389436217658717,-2.9140548591191284,60.166666666666664,62.06388888888889,409.0922218372061,428.52583515941296
10,208,base,thr,seasonal60,queue,1631.8316439271036,2501.541732917824,182.07128736854392,2161.359594346261,2861.649319979526,-34.76696301109802,-4.776755860633181,0.01639344262295082,1.0,7.225739229214017,0.8360655737704918,0.18032786885245902,-35.62333298209759,-33.90756116404154,6.916666666666667,7.904166666666667,1562.664977260437,2422.5000662511575
10,208,base,mey,seasonal60,queue,987.0043336724729,1045.7022915625541,11.942516793170709,1023.3651480996579,1079.8018168548235,-5.613257077439422,-4.915040849986289,0.01639344262295082,1.0,0.6339514257007309,0.7540983606557377,0.26229508196721313,-4.934666181196676,-6.282734604912133,57.5,61.352777777777774,412.00433367247285,432.1745137847764
10,208,base,trust,seasonal60,queue,984.44827782053,1038.5105108510247,9.046945598136041,1016.072913027293,1059.7001031868454,-5.205747314602764,-5.975744238103212,0.01639344262295082,1.0,-0.12388837627641479,0.47540983606557374,0.5409836065573771,-3.9472373082883,-6.412969884959939,58.75,62.951388888888886,396.94827782053005,408.9966219621358
10,209,base,thr,ma10,http,1951.4906535509747,2484.866623128392,228.63369687924998,2133.445715784829,3239.682152810676,-21.464973798308286,-2.3328843335770975,0.01639344262295082,1.0,11.609873207154859,0.8852459016393442,0.13114754098360656,-22.360407940930425,-20.428732344916675,7.5,7.9527777777777775,1876.4906535509747,2405.338845350614
10,209,base,mey,ma10,http,1065.7900337072863,1106.3713420719284,13.754824729473368,1075.8956571925596,1142.6584387262683,-3.6679645270497114,-2.950332640566907,0.01639344262295082,1.0,1.0003368390708456,0.7704918032786885,0.2459016393442623,-2.987891867957899,-4.3603353236783065,62.0,63.833333333333336,445.7900337072863,468.03800873859507
10,209,base,trust,ma10,http,988.5991809346202,1020.0628613160868,10.24232318984304,982.9899245911583,1039.7116970938534,-3.084484454308247,-3.071928096612694,0.03278688524590164,0.9836065573770492,0.9235739946155728,0.8032786885245902,0.21311475409836064,-3.42683111068163,-2.74917029801985,55.166666666666664,57.7375,436.9325142679536,442.6878613160868
10,211,base,thr,seasonal60,orchestration,3632.0807036490096,2444.6460172296024,276.4456442503378,1982.4860138212819,3058.395649482662,48.57286813921096,4.2953640656537715,1.0,0.01639344262295082,10.563511957803664,0.819672131147541,0.19672131147540983,55.18489969044753,41.2927223304117,8.0,8.968055555555555,3552.0807036490096,2354.9654616740468
10,211,base,mey,seasonal60,orchestration,1133.629222313591,1037.0325624647407,9.656887292273957,1012.0566233030892,1055.4099058541046,9.31471810482659,10.002877420567286,1.0,0.01639344262295082,3.7910510081597226,1.0,0.01639344262295082,8.081198136004392,10.539324460730922,60.25,61.826388888888886,531.1292223135911,418.76867357585184
10,211,base,trust,seasonal60,orchestration,1021.5418516491078,992.566349703528,9.392559443138515,971.9437471785862,1011.173906567401,2.9192508847629766,3.0849420885749206,1.0,0.01639344262295082,-0.27794141065481615,0.3442622950819672,0.6721311475409836,1.0970562380875737,4.843245708027784,55.5,59.49444444444445,466.5418516491078,397.6219052590835
10,210,base,thr,naive,queue,1800.8214891633022,2017.897829375011,173.93449334643282,1757.4247515017553,2560.5280108526554,-10.757548625687473,-1.2480350276431285,0.06557377049180328,0.9508196721311475,-3.6604136699951435,0.4426229508196721,0.5737704918032787,-8.775408681512433,-12.4844041675656,12.25,12.655555555555555,1678.3214891633022,1891.3422738194554
10,210,base,mey,naive,queue,994.3597939789015,1003.4514142800462,10.750529096389462,985.0985730973865,1065.166391545721,-0.9060349282249681,-0.8456904976144888,0.16393442622950818,0.8524590163934426,-0.4586002087572213,0.29508196721311475,0.7213114754098361,-0.9975718075122073,-0.816876536690437,58.416666666666664,59.12916666666667,410.1931273122349,412.1597476133794
10,210,base,trust,naive,queue,978.8147092821113,987.446709952543,7.84030563649752,968.409479274259,1019.4443453965245,-0.8741738246154621,-1.1009775728957227,0.13114754098360656,0.8852459016393442,-1.2467073058750666,0.03278688524590164,0.9836065573770492,-2.1444134577310487,0.4268232259321306,56.916666666666664,57.81527777777778,409.64804261544464,409.29393217476513
10,214,base,thr,seasonal60,http,2402.3489925087442,2272.868445734005,292.7613437883064,1838.2315801832044,2985.8017295911013,5.696790195568247,0.44227337222623775,0.7377049180327869,0.2786885245901639,-6.539708750290911,0.4262295081967213,0.5901639344262295,1.2380199959837705,10.170022118233415,6.916666666666667,6.923611111111111,2333.1823258420777,2203.6323346228937
10,214,base,mey,seasonal60,http,1181.74940454404,1112.8358888218029,13.527839745900787,1081.2923344162539,1144.3175545175134,6.192603636749915,5.094199592593445,1.0,0.01639344262295082,2.172009044226697,0.9672131147540983,0.04918032786885246,7.630876031387668,4.745970190916708,63.833333333333336,64.87361111111112,543.4160712107067,464.0997777106917
10,214,base,trust,seasonal60,http,1005.744242135488,967.1121598618645,11.062590076091574,945.4055601440491,998.752776688435,3.994581381247593,3.492137194626329,1.0,0.01639344262295082,0.3807720760353466,0.7049180327868853,0.3114754098360656,4.143046897963495,3.840978334187457,53.333333333333336,54.15416666666667,472.4109088021546,425.57049319519774
10,213,base,thr,naive,http,1932.634981319241,2248.7763904293347,267.81857378143,1835.0857140119895,2984.3755263423204,-14.058374610102353,-1.1804312324062354,0.08196721311475409,0.9344262295081968,-10.161387160264965,0.16393442622950818,0.8524590163934426,-14.523742205128347,-13.570693186346135,6.083333333333333,6.144444444444445,1871.8016479859077,2187.3319459848904
10,213,base,mey,naive,http,1101.2043001286706,1108.0666555043167,12.40777160493051,1078.1343855221558,1138.7232502825661,-0.6193088964059474,-0.553069124267178,0.29508196721311475,0.7213114754098361,1.0060711371321465,0.8524590163934426,0.16393442622950818,0.13743593387971156,-1.3408308077967341,59.25,60.020833333333336,508.70430012867064,507.85832217098334
10,213,base,trust,naive,http,948.1467735386174,964.5370714580822,9.759135864304117,940.7267173552042,987.897586635243,-1.6992916503134268,-1.6794825020743336,0.04918032786885246,0.9672131147540983,0.7343624059632724,0.8032786885245902,0.21311475409836064,-0.6936915414132182,-2.698499095181844,49.916666666666664,51.97083333333333,448.98010687195074,444.82873812474895
10,215,base,thr,ma10,http,2745.7654378256007,2613.5233162652044,315.06089250115514,1964.7799134597383,3437.1351360154463,5.059917420188693,0.4197351201241565,0.639344262295082,0.3770491803278688,10.704282701055515,0.8032786885245902,0.21311475409836064,8.846446996130375,1.0241607201600014,7.583333333333333,7.648611111111111,2669.932104492267,2537.037205154093
10,215,base,mey,ma10,http,1127.5935436097313,1100.482411488853,12.3021411719676,1076.668340753435,1126.8992929612523,2.4635679623629363,2.2037734522715033,1.0,0.01639344262295082,0.035962018745018295,0.45901639344262296,0.5573770491803278,2.6699443530952136,2.256060353596566,64.16666666666667,62.418055555555554,485.9268769430646,476.30185593329736
10,215,base,trust,ma10,http,1005.5862759226342,1016.1689254817828,12.073254708725589,992.6131537170439,1053.3935124326472,-1.0414262130807863,-0.8765365938565308,0.21311475409836064,0.8032786885245902,-1.6247100363539342,0.09836065573770492,0.9180327868852459,0.01538657068318796,-2.0620396515296227,55.666666666666664,57.43888888888889,448.91960925596754,441.7800365928939
10,217,base,thr,seasonal60,timer,1707.0163164591465,1719.609167623687,6.457591774439482,1685.0182726997355,1729.520760973901,-0.7323089107475733,-1.950084738150468,0.04918032786885246,0.9672131147540983,0.2005924750531195,0.7868852459016393,0.22950819672131148,-0.7602600211721307,-0.7050578542571956,7.666666666666667,8.954166666666667,1630.3496497924798,1630.0675009570202
10,217,base,mey,seasonal60,timer,897.0440023131205,907.895463247833,2.891052695158054,899.931001608014,915.5620395959685,-1.1952324220118276,-3.7534635577160684,0.01639344262295082,1.0,0.18166388116230575,0.7049180327868853,0.3114754098360656,-1.3217373383511413,-1.0658454858697515,50.416666666666664,51.43055555555556,392.87733564645384,393.5899076922775
10,217,base,trust,seasonal60,timer,895.0199044888592,907.1274421508962,2.816615112297036,898.9679558042761,912.8461618628502,-1.3347118717220934,-4.298612760109387,0.01639344262295082,1.0,0.4118790779102778,0.9672131147540983,0.04918032786885246,-1.5172001315846178,-1.1549676922409056,49.5,50.65277777777778,400.0199044888592,400.5996643731184
10,218,base,thr,ma10,http,1897.2465280835597,1877.1315827424512,45.58593082371132,1800.6306214600418,1962.1440040558448,1.071578866715406,0.441253364308749,0.639344262295082,0.3770491803278688,-4.7540307641703645,0.01639344262295082,1.0,0.432654544470374,1.597930851993224,6.0,6.0,1837.2465280835597,1817.1315827424512
10,218,base,mey,ma10,http,1062.7588460080685,1062.0772685010616,8.81405324421978,1047.1905646125326,1087.1152579613652,0.06417400383391186,0.07732849894615208,0.6065573770491803,0.4098360655737705,-0.5837389157917301,0.2786885245901639,0.7377049180327869,1.45928938025042,-1.3950294366952727,48.083333333333336,47.94166666666667,581.9255126747352,582.6606018343948
10,218,base,trust,ma10,http,939.9076356993504,944.5295112826896,6.0138642824565975,928.15560015666,961.1058202507116,-0.489330987346552,-0.7685367288420353,0.19672131147540983,0.819672131147541,-0.12032244476171872,0.4098360655737705,0.6065573770491803,-0.36796469463866466,-0.615149410364808,47.916666666666664,48.125,460.7409690326838,463.27951128268955
10,220,base,thr,seasonal60,timer,2092.686944896827,2173.0320631838335,161.6468274849337,1897.1231988669713,2541.9517388375925,-3.6973738053956033,-0.49704110830443154,0.39344262295081966,0.6229508196721312,7.657638722262936,0.8524590163934426,0.16393442622950818,-3.7085719933897714,-3.6865369912763777,6.0,6.0,2032.6869448968268,2113.0320631838335
10,220,base,mey,seasonal60,timer,1045.9473746209824,1063.3890577150692,12.313108276301865,1035.0794832087772,1093.2232268181174,-1.6401977213837584,-1.416513418277618,0.08196721311475409,0.9344262295081968,-1.2503806186650133,0.16393442622950818,0.8524590163934426,-2.7516161089782796,-0.5561533699646765,56.416666666666664,55.766666666666666,481.78070795431574,505.7223910484025
10,220,base,trust,seasonal60,timer,945.8452968055996,971.8810658073057,9.721850040245567,949.6218117141543,996.6844261237983,-2.6789048493376315,-2.6780673322388058,0.01639344262295082,1.0,-0.6753925722372924,0.22950819672131148,0.7868852459016393,-2.1135082103679843,-3.2479528700931732,51.75,52.297222222222224,428.34529680559956,448.90884358508345
10,219,base,thr,naive,event,2348.5412779571247,2378.9929451191388,150.17757465617163,2070.9067158338557,2716.2872988012327,-1.2800234327928626,-0.202771067729203,0.4262295081967213,0.5901639344262295,-8.454761452505819,0.11475409836065574,0.9016393442622951,3.839881555299329,-6.286638026765314,6.083333333333333,6.026388888888889,2287.7079446237913,2318.72905623025
10,219,base,mey,naive,event,1071.3979948284461,1092.8247219564569,12.655734532022894,1066.6113874987036,1118.9193324955322,-1.9606737199036812,-1.693044925507447,0.04918032786885246,0.9672131147540983,-0.5198519765689869,0.3442622950819672,0.6721311475409836,-1.150812729516775,-2.7950172800370137,59.083333333333336,59.7,480.5646614951128,495.82472195645687
10,219,base,trust,naive,event,954.4522457064157,965.9444737517408,10.238031809720294,944.0860526847291,993.4293152250021,-1.1897400272594465,-1.122503647079316,0.13114754098360656,0.8852459016393442,-0.8848641450234692,0.21311475409836064,0.8032786885245902,-0.8787742616019912,-1.5030280009179702,52.416666666666664,51.86388888888889,430.2855790397491,447.3055848628519
10,223,base,thr,seasonal60,timer,1963.2728261603943,2315.279293028278,276.608452558031,1835.9182271035786,3429.6836137464657,-15.20362869083823,-1.2725802975743652,0.06557377049180328,0.9508196721311475,6.202732200169772,0.8032786885245902,0.21311475409836064,-23.273590478143333,-6.249325846100176,6.083333333333333,6.008333333333334,1902.439492827061,2255.1959596949446
10,223,base,mey,seasonal60,timer,1073.7720893772512,1096.3723813263548,13.237738113072254,1066.6241006965424,1123.6391349300088,-2.061370054010531,-1.707262355249788,0.04918032786885246,0.9672131147540983,-0.846301222117215,0.2786885245901639,0.7377049180327869,-2.7088112333062213,-1.434403467607128,61.083333333333336,61.794444444444444,462.9387560439178,478.42793688191034
10,223,base,trust,seasonal60,timer,958.8235667524899,963.3070223820898,10.469045197996959,934.2185650385574,988.1263562560689,-0.46542333082064685,-0.42825831246365575,0.3114754098360656,0.7049180327868853,-0.029418168199024847,0.4426229508196721,0.5737704918032787,-0.44644616999465486,-0.48462807324816676,55.0,53.766666666666666,408.8235667524899,425.6403557154232
10,222,base,thr,naive,orchestration,1731.9080003735126,1707.1417372866838,51.00404899344668,1648.5889702480097,1895.0168606843763,1.450744396079967,0.48557445096193996,0.819672131147541,0.19672131147540983,-1.9818717929390828,0.13114754098360656,0.9016393442622951,2.002799785266164,0.9278186675008642,11.083333333333334,10.669444444444444,1621.0746670401793,1600.4472928422394
10,222,base,mey,naive,orchestration,963.3529243076454,960.0515327286395,2.599917953371761,955.1526860391849,965.9181520959773,0.3438764968816564,1.2698060624276284,0.8852459016393442,0.13114754098360656,-0.22691150155873938,0.21311475409836064,0.8032786885245902,0.44336901720836425,0.24184146107719767,53.333333333333336,53.05555555555556,430.019590974312,429.49597717308393
10,222,base,trust,naive,orchestration,956.7675980049598,957.1840030222371,3.258359846574901,951.2320882891768,964.3761197580606,-0.043503131682362285,-0.12779589636638325,0.5081967213114754,0.5081967213114754,-0.30914040300276413,0.2459016393442623,0.7704918032786885,-0.6282244764204684,0.5670753566680514,53.0,52.888888888888886,426.76759800495984,428.2951141333482
10,224,base,thr,ma10,event,2065.096953802779,2269.989193181585,260.48015882431963,1871.1475502548958,3110.243126967642,-9.026132811303478,-0.7865944197192976,0.22950819672131148,0.7868852459016393,-6.168048097892117,0.3442622950819672,0.6721311475409836,-13.974345409781264,-3.568046635740905,6.166666666666667,6.233333333333333,2003.4302871361122,2207.6558598482516
10,224,base,mey,ma10,event,1124.7892443906824,1122.8838105638122,14.61719844152877,1095.8163349400925,1158.813603703339,0.16969109438967286,0.13035561051539712,0.6229508196721312,0.39344262295081966,-0.2888234415173201,0.45901639344262296,0.5573770491803278,-2.64208378176508,2.9386148495690074,62.833333333333336,63.81666666666667,496.455911057349,484.71714389714543
10,224,base,trust,ma10,event,985.5120542028197,1004.7336098198841,10.00750728636498,986.0327521280888,1036.5897382116025,-1.9130996942075202,-1.9207136269841492,0.01639344262295082,1.0,1.345920624397499,0.9180327868852459,0.09836065573770492,-2.4935991372657553,-1.3048519256185125,55.666666666666664,57.00277777777778,428.8453875361531,434.7058320421063
10,225,base,thr,naive,http,2448.5267096087296,2425.10967963426,303.79135444346196,2026.0061544895477,3340.123540759417,0.9656070474305828,0.07708260828346826,0.639344262295082,0.3770491803278688,6.5298271929615455,0.8032786885245902,0.21311475409836064,3.446953872428044,-1.5885161235855616,6.666666666666667,6.558333333333334,2381.860042942063,2359.5263463009264
10,225,base,mey,naive,http,1154.439721555353,1136.9378934876606,12.001830924739568,1111.4863672952297,1174.1055880393917,1.5393829485271007,1.4582631747973933,0.9344262295081968,0.08196721311475409,-1.024047617483901,0.16393442622950818,0.8524590163934426,-0.04579782749061441,3.1424448977615227,64.66666666666667,65.61805555555556,507.77305488868615,480.7573379321051
10,225,base,trust,naive,http,1025.9245488300696,1012.7318107966653,11.19443345598872,985.8142416192228,1032.9276303328725,1.3026882233536512,1.1785087727102954,0.8688524590163934,0.14754098360655737,-2.0777397799578576,0.04918032786885246,0.9672131147540983,-0.016398562465037854,2.6246662677249777,55.583333333333336,56.69305555555555,470.09121549673625,445.80125524110974
10,226,base,thr,seasonal60,orchestration,1840.9107775615232,2412.2621033806327,228.69808927442713,1986.30282771793,3064.046533242068,-23.68529211723704,-2.4982776534416704,0.01639344262295082,1.0,-10.41446198539282,0.11475409836065574,0.9016393442622951,-16.592677015979262,-30.45146025145489,6.166666666666667,6.476388888888889,1779.2441108948565,2347.498214491744
10,226,base,mey,seasonal60,orchestration,1086.1219888478897,1107.024612906598,10.888472148889253,1085.0114216275708,1129.8797446588298,-1.8881806072790335,-1.9197022110067548,0.03278688524590164,0.9836065573770492,1.0246721843713347,0.8360655737704918,0.18032786885245902,0.2944714409621402,-4.09327770885929,63.666666666666664,64.0625,449.4553221812231,466.3996129065979
10,226,base,trust,seasonal60,orchestration,975.8159942201568,974.6632768105533,9.38959039098441,952.7681709897578,995.1724796953748,0.11826827141529334,0.12276546277357317,0.5245901639344263,0.4918032786885246,-0.32101523733682336,0.39344262295081966,0.6229508196721312,1.7839305637672933,-1.5397724652041718,54.583333333333336,54.3125,429.9826608868234,431.53827681055327
10,227,base,thr,ma10,timer,1672.1532727648744,1689.345006653942,30.20507333493605,1668.819939431541,1791.550323276061,-1.0176567735633202,-0.5691670964818719,0.6557377049180327,0.45901639344262296,-0.18609213404849267,0.7049180327868853,0.3114754098360656,-0.6350156401933938,-1.4391318596511418,8.833333333333334,8.695833333333333,1583.8199394315411,1602.3866733206087
10,227,base,mey,ma10,timer,936.2358462405081,935.7822355412746,1.8772197415071032,932.3199610726974,943.4147061255644,0.048473959218839555,0.24163963823928608,0.8360655737704918,0.18032786885245902,-0.035145895793288195,0.47540983606557374,0.5409836065573771,-0.05491594795970324,0.14954823077814836,51.75,51.74444444444445,418.73584624050807,418.3377910968302
10,227,base,trust,ma10,timer,918.7526242063915,922.096463196851,2.108896266137265,916.1234342419347,929.6094885141453,-0.36263440148839043,-1.5855872307006451,0.04918032786885246,0.9672131147540983,-0.020310787431353644,0.4918032786885246,0.5245901639344263,-0.26295269625332046,-0.45967004634966935,52.0,52.327777777777776,398.7526242063915,398.8186854190733
10,228,base,thr,naive,storage,2707.1228452869855,2399.191472661068,274.21406904210687,2044.6302263464815,3316.625959133957,12.834797728101906,1.1229597872260637,0.8688524590163934,0.14754098360655737,-16.97896987963459,0.01639344262295082,1.0,28.28437666769185,-0.9144675157996619,6.666666666666667,6.543055555555555,2640.456178620319,2333.7609171055124
10,228,base,mey,naive,storage,1185.1414001541298,1130.785117979931,12.818617842762407,1101.6351473785978,1162.1118156918628,4.806950614215934,4.24041677823238,1.0,0.01639344262295082,-2.0310153982852,0.03278688524590164,0.9836065573770492,7.284077029814872,2.3806047944814024,63.416666666666664,62.458333333333336,550.9747334874631,506.20178464659773
10,228,base,trust,naive,storage,1013.4413069911981,1000.7167015137456,9.232542082214442,974.6631951051254,1020.0171124088516,1.2715492264898154,1.3782342245658532,0.9180327868852459,0.09836065573770492,0.6245747618275168,0.7540983606557377,0.26229508196721313,0.8673124282782383,1.680400718180361,55.666666666666664,55.31111111111111,456.77464032453145,447.60559040263456
10,229,base,thr,seasonal60,timer,2497.3571776939357,2555.791728449074,227.23071199489925,2229.845436777106,3361.1681679058597,-2.2863580824951693,-0.25715956369687426,0.47540983606557374,0.5409836065573771,-12.735882040648987,0.03278688524590164,0.9836065573770492,-3.733317718559737,-0.9285149286617465,8.083333333333334,8.338888888888889,2416.523844360602,2472.4028395601854
10,229,base,mey,seasonal60,timer,1069.6920359326011,1080.6933754242266,10.197518025609854,1056.1126868141573,1102.5395217274156,-1.0179889820557915,-1.0788252066823418,0.11475409836065574,0.9016393442622951,-0.9865200150054537,0.13114754098360656,0.8852459016393442,-0.059140886933626936,-1.9656464038883277,64.75,64.63194444444444,422.19203593260113,434.37393097978213
10,229,base,trust,seasonal60,timer,1017.5798146847724,1017.4770699182611,9.29246299067705,996.9108494862818,1036.436738845969,0.010097993315908771,0.01105678511868514,0.4918032786885246,0.5245901639344263,-0.35841436989095915,0.3770491803278688,0.639344262295082,-1.2136781543026016,1.1923867753036492,62.0,61.99722222222222,397.5798146847724,397.50484769603895
10,230,base,thr,ma10,http,1815.0077687079008,1845.7216811955627,44.5947307717638,1773.2895222777931,1973.9212493774692,-1.6640597984289278,-0.6887341162536883,0.2459016393442623,0.7704918032786885,2.9490379985392834,0.8524590163934426,0.16393442622950818,-4.428344361669899,1.1992949535867357,9.583333333333334,10.977777777777778,1719.1744353745676,1735.943903417785
10,230,base,mey,ma10,http,945.982588056745,958.2580456707279,6.177516303127797,947.0358433979945,983.1027184326982,-1.281017954343472,-1.987118610721851,0.01639344262295082,1.0,0.3602862795599872,0.7704918032786885,0.2459016393442623,-0.8391541748245505,-1.720884392944845,53.5,54.65694444444444,410.98258805674504,411.6886012262835
10,230,base,trust,ma10,http,915.1541968386406,923.0815081818275,4.08559856570885,909.5559941192622,931.9548169753461,-0.8587877964104369,-1.9403059834909546,0.03278688524590164,0.9836065573770492,0.7105734574995278,0.9672131147540983,0.04918032786885246,-0.8008862452923848,-0.914901469785353,52.083333333333336,52.94583333333333,394.3208635053072,393.62317484849416
10,233,base,thr,ma10,http,1972.1535779769101,2730.975075585623,243.4711500691932,2321.9445907767363,3449.7861645345997,-27.785735006973404,-3.116679316596894,0.01639344262295082,1.0,0.7530395637068725,0.5245901639344263,0.4918032786885246,-34.86730727676337,-19.354702466667323,10.416666666666666,10.697222222222223,1867.9869113102434,2624.002853363401
10,233,base,mey,ma10,http,1067.3496762448449,1073.5878878951755,10.000366968347953,1054.1280381798372,1100.7177432895448,-0.5810620369945656,-0.6237982736108718,0.2786885245901639,0.7377049180327869,0.5816515442512155,0.7704918032786885,0.2459016393442623,-1.26489122230609,0.10838969069825753,64.66666666666667,64.36111111111111,420.68300957817814,429.97677678406444
10,233,base,trust,ma10,http,977.6264354503911,1000.0955700987374,9.337157987628304,974.6697331560796,1019.1908528377417,-2.2466987476134888,-2.406421169923206,0.03278688524590164,0.9836065573770492,1.9555481209416339,1.0,0.01639344262295082,-2.782679499100893,-1.6878111675642937,56.75,58.231944444444444,410.1264354503911,417.77612565429297
10,232,base,thr,seasonal60,event,1974.5258862764567,2328.3020644815088,254.5695688250596,1925.4235760508245,3034.8388830901263,-15.194599687125848,-1.3897033327191093,0.08196721311475409,0.9344262295081968,4.975551430118995,0.7377049180327869,0.2786885245901639,-20.557057281647374,-9.9975125007493,6.666666666666667,6.926388888888889,1907.85921960979,2259.03817559262
10,232,base,mey,seasonal60,event,1080.1742783928823,1091.835379578337,13.631967906726311,1067.3261645803807,1132.8719182769394,-1.06802741544776,-0.8554231689249292,0.19672131147540983,0.819672131147541,-1.0943092753600439,0.19672131147540983,0.819672131147541,0.24444661229305945,-2.365831945502128,59.916666666666664,60.96111111111111,481.0076117262157,482.224268467226
10,232,base,trust,seasonal60,event,986.763229507158,974.7305904673424,10.153071927327016,955.4546977123579,993.5283210737656,1.2344579268869056,1.1851229978416458,0.8852459016393442,0.13114754098360656,-0.1531840001612768,0.45901639344262296,0.5573770491803278,0.16586916544095093,2.299673896398789,55.583333333333336,54.50555555555555,430.92989617382466,429.67503491178684
10,234,base,thr,naive,timer,1755.740028731053,1775.6430205384336,28.598057262914324,1733.426463725645,1986.0887505562357,-1.120889254043046,-0.6959560792680368,0.04918032786885246,0.9672131147540983,-0.08839943929559832,0.6721311475409836,0.3442622950819672,-1.0067060164314021,-1.2370871821858753,10.166666666666666,11.856944444444444,1654.0733620643862,1657.0735760939892
10,234,base,mey,naive,timer,963.2615592377834,982.6488929716725,30.2974317611865,969.0834640091894,1211.8707062804594,-1.9729665267579877,-0.6399002359904905,0.01639344262295082,1.0,-0.34112624154783594,0.5081967213114754,0.5081967213114754,-1.8896321123284958,-2.0600964704097193,55.0,56.46805555555556,413.26155923778344,417.9683374161169
10,234,base,trust,naive,timer,960.4999067234412,974.836712242544,14.729178538901113,964.3944932339182,1084.3461342900039,-1.4706878946035942,-0.9733608348380018,0.01639344262295082,1.0,-0.2982788966681301,0.36065573770491804,0.6557377049180327,-0.9962806055737494,-1.9502006269672756,53.833333333333336,54.96111111111111,422.1665733901078,425.2256011314329
10,235,base,thr,seasonal60,timer,2214.4620989550804,2231.709937993639,191.71326666288,1880.7053743073602,2741.8168279312927,-0.772853082066069,-0.08996685174056432,0.47540983606557374,0.5409836065573771,-10.998448448750022,0.13114754098360656,0.8852459016393442,-9.112469447310358,8.684585803312267,6.0,6.018055555555556,2154.4620989550804,2171.5293824380833
10,235,base,mey,seasonal60,timer,1068.0813524952482,1057.97896077737,17.382324398011058,1013.7729089353825,1100.2903152139825,0.9548764287765458,0.581187618327622,0.6885245901639344,0.32786885245901637,-0.7380456097363592,0.4098360655737705,0.6065573770491803,0.9741659569644426,0.9351218800790813,56.833333333333336,56.477777777777774,499.74801916191484,493.20118299959233
10,235,base,trust,seasonal60,timer,946.9453172793714,943.1608078809014,8.62119498815625,918.4515145453305,960.1182968790895,0.40125812765407326,0.4389773579728883,0.6557377049180327,0.36065573770491804,0.5372440991280653,0.7540983606557377,0.26229508196721313,1.091078541175368,-0.28253351709515734,51.416666666666664,50.25,432.7786506127047,440.6608078809014
10,236,base,thr,ma10,http,2114.0751774289256,2348.9605050101527,229.35878898205618,2007.2817094858035,3405.349297280622,-9.999543503615097,-1.0240956042002964,0.11475409836065574,0.9016393442622951,-8.29829640300477,0.16393442622950818,0.8524590163934426,-15.444058593993836,-4.600721282690904,8.5,8.405555555555555,2029.0751774289256,2264.904949454597
10,236,base,mey,ma10,http,1117.5203614622167,1114.8127960123577,13.983592833416562,1080.7417632973518,1148.5004181613103,0.2428717592356163,0.19362444845996318,0.5245901639344263,0.4918032786885246,1.2859406881616937,0.819672131147541,0.19672131147540983,0.33707108409758924,0.1467635564212773,64.75,66.08333333333333,470.02036146221667,453.97946267902444
10,236,base,trust,ma10,http,1061.4341277324313,1044.3821677672518,9.314572518013483,1024.1158051417376,1065.1887407084525,1.6327318190078197,1.830675528286747,0.9344262295081968,0.08196721311475409,-1.7982790308140781,0.03278688524590164,0.9836065573770492,1.6861075214975965,1.5793856472465304,61.666666666666664,60.361111111111114,444.7674610657647,440.7710566561407
10,238,base,thr,seasonal60,event,1660.6072972184365,2151.3860323085505,257.096968957364,1776.59310481961,2958.435535773193,-22.812211649597938,-1.9089246251343508,0.01639344262295082,1.0,4.1323541249133475,0.7049180327868853,0.3114754098360656,-30.143967421490554,-15.832082012341273,8.416666666666666,8.445833333333333,1576.4406305517698,2066.927698975217
10,238,base,mey,seasonal60,event,1019.8749456635933,1043.189674738221,10.968593320865287,1019.2954031272296,1072.2509194493862,-2.2349463035548394,-2.125589708050948,0.03278688524590164,0.9836065573770492,-1.5739131231437533,0.06557377049180328,0.9508196721311475,-4.381437633835817,-0.10880034122643553,60.5,60.93055555555556,414.8749456635933,433.88411918266536
10,238,base,trust,seasonal60,event,997.7059718674228,1024.5337309730942,10.077799504041176,1002.4877112477785,1049.1222961646022,-2.6185335137956427,-2.662065175528992,0.01639344262295082,1.0,0.23221731631002246,0.6065573770491803,0.4098360655737705,-3.1886413620285463,-2.0454663926482914,57.0,59.02777777777778,427.7059718674228,434.25595319531635
10,237,base,thr,naive,http,1935.565360668156,2419.6021636668174,331.9338463963324,1950.8082824156297,3319.2127509231846,-20.004809479303887,-1.4582327420166623,0.01639344262295082,1.0,7.658701580417908,0.7377049180327869,0.2786885245901639,-16.241869668965975,-23.58838678277587,6.25,6.5055555555555555,1873.065360668156,2354.546608111262
10,237,base,mey,naive,http,1129.9934215702317,1147.6832464549966,15.009771436812619,1111.0274820720385,1181.4032079231295,-1.541350798611537,-1.1785539146438464,0.16393442622950818,0.8524590163934426,0.23813035629635862,0.5901639344262295,0.4262295081967213,-1.1892851569429341,-1.887008932761119,66.66666666666667,66.98472222222222,463.32675490356496,477.83602423277443
10,237,base,trust,naive,http,1020.6515869528617,1017.4237841614892,11.948250576802394,994.1833031338127,1054.2869460034838,0.31725253936665077,0.2701485686648886,0.639344262295082,0.3770491803278688,-2.3413942774960868,0.01639344262295082,1.0,0.5964416991612509,0.038508612257292275,56.916666666666664,57.013888888888886,451.4849202861951,447.28489527260024
10,239,base,thr,ma10,queue,2775.056930714387,2518.049368023439,286.0183425648457,2049.422191256916,3419.4549701444375,10.20661333946315,0.8985702119180679,0.8524590163934426,0.16393442622950818,15.85404723567111,0.9180327868852459,0.09836065573770492,16.031971799573995,4.521851047129533,6.75,6.873611111111111,2707.556930714387,2449.3132569123277
10,239,base,mey,ma10,queue,1238.9129357818758,1151.4726835245312,12.67849995012888,1125.0023843396577,1189.308771754078,7.593775649952858,6.8967348346643895,1.0,0.01639344262295082,1.8307829187690325,0.9508196721311475,0.06557377049180328,8.267985414942535,6.933398941027364,65.66666666666667,67.89583333333333,582.2462691152091,472.514350191198
10,239,base,trust,ma10,queue,1058.681595820146,1004.610135416215,10.761484776412397,977.7610669997056,1029.3652080684546,5.382332757525768,5.024535324572281,1.0,0.01639344262295082,1.118838320796807,0.8524590163934426,0.16393442622950818,7.409617607853387,3.3727570826308715,56.0,55.355555555555554,498.68159582014596,451.0545798606595
10,240,base,thr,naive,http,1637.7536293645774,2376.935033714085,134.73200526997402,1972.7652729209478,2849.2724984499055,-31.098090350180843,-5.486308935047369,0.01639344262295082,1.0,-0.5569054932803745,0.4918032786885246,0.5245901639344263,-32.91618672429712,-29.08152344548523,7.0,7.0055555555555555,1567.7536293645774,2306.8794781585293
10,240,base,mey,naive,http,975.4303188150369,993.966266951674,7.438316690181656,973.4447702138468,1015.0576508856451,-1.8648468014396216,-2.49195468661666,0.03278688524590164,0.9836065573770492,-0.705778877975829,0.19672131147540983,0.819672131147541,-2.228180306738845,-1.4907936539231297,57.666666666666664,58.31944444444444,398.7636521483703,410.77182250722956
10,240,base,trust,naive,http,980.5975255644897,1011.8209993574,8.016769910388152,994.2146880194551,1032.8052652523036,-3.0858693200417884,-3.8947698564294284,0.01639344262295082,1.0,-0.5568551001309844,0.21311475409836064,0.8032786885245902,-4.29324958244821,-1.8915870552810574,57.416666666666664,58.584722222222226,406.4308588978231,425.97377713517767
10,241,base,thr,seasonal60,http,2297.5971359878945,2337.8231137028397,310.6732582660542,1834.4820018530681,3201.462670903756,-1.7206595947814005,-0.12948001363057937,0.5081967213114754,0.5081967213114754,-0.1936462921355026,0.5573770491803278,0.45901639344262296,-6.104913128559323,2.4406903788717558,7.0,6.8902777777777775,2227.5971359878945,2268.920335925062
10,241,base,mey,seasonal60,http,1190.2839039677217,1122.8349842955088,14.061350141957224,1086.942398589007,1154.2067845184722,6.00701978612929,4.796759841073454,1.0,0.01639344262295082,0.506132065678044,0.6557377049180327,0.36065573770491804,5.278331584573634,6.744539036651726,63.083333333333336,64.63194444444444,559.4505706343883,476.5155398510643
10,241,base,trust,seasonal60,http,1007.7699355913956,995.7891761925415,10.164901253357176,968.6590447487946,1011.5963955709329,1.2031421595345297,1.1786400182586276,0.8688524590163934,0.14754098360655737,-0.6164949619596752,0.2459016393442623,0.7704918032786885,1.3839592561873852,1.0220770109439576,53.0,54.645833333333336,477.76993559139555,449.33084285920813
10,242,base,thr,ma10,event,1806.2220775094954,1946.5035517941478,118.65904267233651,1806.749001848447,2254.654653768139,-7.206843992416606,-1.1822232096716285,0.01639344262295082,1.0,-3.4003684560345087,0.4098360655737705,0.6065573770491803,-7.132060046331547,-7.28234115247614,12.5,13.2875,1681.2220775094954,1813.6285517941478
10,242,base,mey,ma10,event,979.7407856225742,997.1768580707206,7.591516429390105,985.43312218749,1023.5234213476343,-1.7485436316563467,-2.296783865295175,0.01639344262295082,1.0,-0.1019753385399544,0.5245901639344263,0.4918032786885246,-2.1944228183871393,-1.3134157106376378,57.083333333333336,58.65,408.90745228924084,410.67685807072064
10,242,base,trust,ma10,event,970.270081353027,981.6654638062934,8.294448872027482,967.7601498395857,1015.3434674172312,-1.1608213666886198,-1.3738564947571885,0.08196721311475409,0.9344262295081968,0.5540505638876476,0.7540983606557377,0.26229508196721313,-1.6359592772211111,-0.7048880700986703,55.0,55.55972222222222,420.27008135302697,426.0682415840712
10,243,base,thr,naive,queue,2045.8175986936387,2460.201917592661,284.89821935483025,1952.9734525620524,3220.1125622567474,-16.843508491551084,-1.4544995045508586,0.04918032786885246,0.9672131147540983,18.005281103422515,0.9180327868852459,0.09836065573770492,-10.66407203563503,-23.355116870971816,7.583333333333333,7.9,1969.9842653603055,2381.201917592661
10,243,base,mey,naive,queue,1116.9991240711406,1133.1812999218944,11.857316252513865,1108.9354520398629,1162.6338596532876,-1.4280306118596502,-1.3647418611545414,0.11475409836065574,0.9016393442622951,1.2912065814606501,0.9180327868852459,0.09836065573770492,0.7045644676188696,-3.5896514524187806,67.83333333333333,68.70833333333333,438.66579073780736,446.0979665885611
10,243,base,trust,naive,queue,993.147614094661,1007.5588004593496,11.555962283406275,984.9467464188671,1041.1812047411586,-1.430307229525319,-1.2470780027884245,0.13114754098360656,0.8852459016393442,1.86349256941819,0.9508196721311475,0.06557377049180328,-0.7818318933626477,-2.0677479187422487,59.166666666666664,59.954166666666666,401.48094742799435,408.017133792683
10,244,base,thr,seasonal60,http,2092.1902703497194,2515.6124091857832,187.14852129006417,2167.679514488264,2985.292789702293,-16.831771750287675,-2.2624925696302767,0.01639344262295082,1.0,-5.76059146355076,0.2459016393442623,0.7704918032786885,-17.765322165226507,-15.98346615565872,6.833333333333333,7.043055555555555,2023.8569370163862,2445.1818536302276
10,244,base,mey,seasonal60,http,1098.8603607007244,1119.2060633615597,13.685426965889594,1086.745911529832,1147.8694429379882,-1.8178692313126439,-1.4866691928243216,0.08196721311475409,0.9344262295081968,-0.5508257400559707,0.36065573770491804,0.6557377049180327,-1.9350948042114944,-1.6986254283448883,63.083333333333336,65.45416666666667,468.02702736739104,464.66439669489307
10,244,base,trust,seasonal60,http,968.1191904765636,979.8621382830486,9.743920890723853,954.651994235904,1006.0555384480793,-1.1984285694578816,-1.2051563162488477,0.11475409836065574,0.9016393442622951,-0.4413742732992077,0.36065573770491804,0.6557377049180327,0.894549263500701,-3.307566082437386,53.833333333333336,55.96666666666667,429.78585714323026,420.19547161638184
10,245,base,thr,ma10,http,2124.1017113636267,2153.7266858637868,184.1032577540061,1781.5575511487414,2710.9728722595723,-1.3755215410853538,-0.16091499336608256,0.4918032786885246,0.5245901639344263,-12.55419037740224,0.03278688524590164,0.9836065573770492,-1.0560832659016806,-1.7176279328985515,6.666666666666667,6.730555555555555,2057.43504469696,2086.421130308231
10,245,base,mey,ma10,http,1112.786220874262,1093.3583638381601,13.942814582204072,1062.656594501962,1119.5002117857227,1.776897463691746,1.3933956391343403,0.9180327868852459,0.09836065573770492,-0.09563922791179845,0.4262295081967213,0.5901639344262295,0.7910140435550307,2.779201905663334,60.0,60.71666666666667,512.786220874262,486.1916971714934
10,245,base,trust,ma10,http,982.0224669544467,981.9754635722473,10.497212817728958,958.0612643642083,1005.4239449487492,0.004786614731530472,0.004477701177971629,0.5245901639344263,0.4918032786885246,-1.2813303264219735,0.13114754098360656,0.8852459016393442,-0.8210086889702746,0.8164353272050066,53.583333333333336,54.37916666666667,446.18913362111334,438.1837969055806
10,246,base,thr,naive,http,1961.3542824458918,2006.4100196420598,69.75003113802329,1861.5135669202693,2183.131176831489,-2.2455897226931603,-0.6459601015375946,0.29508196721311475,0.7213114754098361,-0.7567075187716011,0.4262295081967213,0.5901639344262295,-2.9325797861500313,-1.6209145808593195,9.583333333333334,9.811111111111112,1865.5209491125586,1908.2989085309487
10,246,base,mey,naive,http,969.4914731939563,981.054078827947,6.636667279608755,970.7775234757655,1010.086364461631,-1.1785900373406994,-1.7422307231698972,0.01639344262295082,1.0,-0.6043956305925748,0.14754098360655737,0.8688524590163934,-0.9542518451034154,-1.395740264306114,57.083333333333336,57.43333333333333,398.6581398606229,406.72074549461377
10,246,base,trust,naive,http,978.7283758101357,990.5145667388606,7.095659540425961,971.0118427772089,1009.1727834636754,-1.1899058655471724,-1.661042340261061,0.03278688524590164,0.9836065573770492,0.8086405210055322,0.8852459016393442,0.13114754098360656,-2.091175521100878,-0.3025626355102115,54.0,55.230555555555554,438.72837581013573,438.20901118330505
10,247,base,thr,seasonal60,http,1784.8522379080998,2076.143122066057,223.54890647658644,1697.6062994154638,3272.3571679312768,-14.030385528916785,-1.303029787750117,0.04918032786885246,0.9672131147540983,-2.8811030429407536,0.4426229508196721,0.5737704918032787,-9.763094336564025,-18.13082927504385,6.666666666666667,7.144444444444445,1718.185571241433,2004.6986776216127
10,247,base,mey,seasonal60,http,1004.6752175698507,1043.5248939721885,14.348295563725197,1015.66814405108,1079.176976708846,-3.7229276107114284,-2.7076161227509146,0.01639344262295082,1.0,0.770792190013946,0.7213114754098361,0.29508196721311475,-3.495965021231549,-3.968932012885361,56.333333333333336,59.44166666666667,441.34188423651733,449.1082273055217
10,247,base,trust,seasonal60,http,971.1226071783843,1003.1764404845903,10.256807534258918,977.7782901517861,1025.0885220283753,-3.195233860428601,-3.125127696814287,0.01639344262295082,1.0,1.4916549548275841,0.9508196721311475,0.06557377049180328,-2.573090986094454,-3.8666092940212193,54.166666666666664,57.02777777777778,429.4559405117177,432.8986627068125
10,249,base,thr,naive,queue,1660.942161827704,2430.8850688124453,333.4010452935132,1999.9157012598023,3751.7705597551326,-31.67335703620409,-2.3093596071569413,0.01639344262295082,1.0,-3.0960291886358164,0.5081967213114754,0.5081967213114754,-29.276187029511465,-34.22728545701943,6.5,7.075,1595.942161827704,2360.1350688124453
10,249,base,mey,naive,queue,1048.9586218580264,1132.3378417077827,11.533982306730529,1102.2258086768677,1160.8929431477507,-7.363457863777159,-7.229005354126584,0.01639344262295082,1.0,-1.5217539175459371,0.08196721311475409,0.9344262295081968,-8.058771412798468,-6.67719234812437,61.75,66.34722222222223,431.4586218580264,468.8656194855604
10,249,base,trust,naive,queue,986.2988135534471,1043.1843361909787,12.082755618451241,1023.3261471076534,1078.898803331634,-5.4530652602818055,-4.707992483987949,0.01639344262295082,1.0,-0.510002213800827,0.4098360655737705,0.6065573770491803,-6.009245668673374,-4.912413855870234,56.5,59.57361111111111,421.2988135534471,447.4482250798676
10,253,base,thr,seasonal60,http,1661.9555576960772,2442.835238110901,341.97973157513144,1734.7359051759283,3440.9255600477045,-31.966121506364694,-2.2834092442208616,0.01639344262295082,1.0,1.0698320226577662,0.5901639344262295,0.4262295081967213,-32.96732075437473,-31.046658640192216,8.25,8.895833333333334,1579.4555576960772,2353.8769047775677
10,253,base,mey,seasonal60,http,1020.6661074950638,1063.1839460559925,12.935661408454541,1042.30337675813,1097.4051464083193,-3.999104643994454,-3.2868700886944753,0.01639344262295082,1.0,2.6282560230661414,0.9836065573770492,0.03278688524590164,-4.266196063605524,-3.7412467692886926,63.5,65.45277777777778,385.6661074950638,408.65616827821464
10,253,base,trust,seasonal60,http,983.8466247443852,1007.9522061396722,10.088112147540766,988.310352987313,1036.622098143279,-2.391540119507084,-2.3895037091913527,0.01639344262295082,1.0,0.2394010310211704,0.6557377049180327,0.36065573770491804,-3.3861206801073322,-1.4222772790556215,59.083333333333336,60.2,393.0132914110518,405.95220613967217
10,254,base,thr,ma10,storage,1980.5429689670093,2373.3503213530807,241.5546033072315,2054.783670776506,3112.2172756782907,-16.550753121103774,-1.6261638031648797,0.01639344262295082,1.0,-4.015210689983242,0.4098360655737705,0.6065573770491803,-27.307777740685612,-6.886971154594317,6.5,6.809722222222222,1915.5429689670093,2305.2530991308586
10,254,base,mey,ma10,storage,1097.486211372567,1134.6852187276666,13.663825879975624,1110.6494544253856,1162.3927876769228,-3.2783548019433306,-2.722444480913277,0.01639344262295082,1.0,-1.2887844562732966,0.18032786885245902,0.8360655737704918,-3.501472663887391,-3.0484751250441,62.333333333333336,62.65972222222222,474.15287803923354,508.0879965054444
10,254,base,trust,ma10,storage,977.5289743981158,999.5950785654588,9.977122476140554,969.043972037231,1020.7529849129795,-2.207504282535144,-2.211670170443659,0.03278688524590164,0.9836065573770492,-1.2229848547331137,0.13114754098360656,0.8852459016393442,-1.3416915773558071,-3.0689200957205274,55.083333333333336,55.172222222222224,426.6956410647824,447.87285634323655
10,255,base,thr,naive,queue,1825.839713271799,1861.406636925607,66.02868931827898,1780.0458880651406,2136.7246234275185,-1.9107551755887264,-0.538658634921017,0.26229508196721313,0.8032786885245902,2.45800547363818,0.8524590163934426,0.16393442622950818,-1.5696392563052213,-2.2354933565821367,12.583333333333334,12.613888888888889,1700.0063799384657,1735.267748036718
10,255,base,mey,naive,queue,965.8100062628727,971.8142540301018,26.960103043427747,960.8225841316874,1175.2702703121163,-0.6178390306922928,-0.2227086357035573,0.21311475409836064,0.8032786885245902,0.021598733036844144,0.8524590163934426,0.16393442622950818,-0.8436849031803655,-0.38556316103441546,57.416666666666664,57.43333333333333,391.64333959620603,397.4809206967685
10,255,base,trust,naive,queue,959.2537863958441,961.3281921599288,13.545542518329107,951.7174769013536,1059.7695837227548,-0.21578538744649048,-0.1531430550882454,0.4426229508196721,0.5737704918032787,-0.3069421939364151,0.3770491803278688,0.639344262295082,-0.7823786285577763,0.340958213345004,54.916666666666664,54.75555555555555,410.0871197291775,413.77263660437325
10,256,base,thr,seasonal60,queue,1652.3364698949733,2175.263343442441,285.5547624243164,1697.871781556151,3044.509916595866,-24.039704209786162,-1.8312665112215196,0.01639344262295082,1.0,-6.456470761494417,0.3770491803278688,0.639344262295082,-23.544603696243254,-24.561093906415984,10.5,10.841666666666667,1547.3364698949733,2066.8466767757745
10,256,base,mey,seasonal60,queue,1023.3775062894282,1062.9697154540863,9.889357099580485,1039.6945996244015,1091.3118998233513,-3.7246789432514427,-4.003516989626926,0.01639344262295082,1.0,0.6151268096537593,0.7868852459016393,0.22950819672131148,-3.517360801918602,-3.9321680067167946,59.833333333333336,63.05694444444445,425.0441729560948,432.40027100964187
10,256,base,trust,seasonal60,queue,928.5239766266544,953.1946633614504,9.992490049311217,930.7370574720895,978.1355671195987,-2.588210748872063,-2.4689228223446156,0.01639344262295082,1.0,-0.05652503774305412,0.4262295081967213,0.5901639344262295,-2.6871201451090996,-2.4869645862841354,51.666666666666664,53.397222222222226,411.8573099599878,419.22244113922807
10,257,base,thr,ma10,http,1801.4583304677337,2593.607623507158,469.75850495303075,1953.8896065871338,3837.117144044812,-30.54237217147963,-1.6862904762493407,0.01639344262295082,1.0,-2.9738310442494043,0.5409836065573771,0.47540983606557374,-30.594859573878832,-30.48472091735659,7.333333333333333,7.555555555555555,1728.1249971344005,2518.0520679516026
10,257,base,mey,ma10,http,1083.1146441918152,1135.6036730770722,14.079314533900106,1108.0395749298432,1181.8559204039682,-4.622125670220046,-3.728095480704991,0.01639344262295082,1.0,-0.8367112457798952,0.2459016393442623,0.7704918032786885,-6.1767014791151285,-3.0789238369609566,63.25,67.29027777777777,450.61464419181516,462.70089529929453
10,257,base,trust,ma10,http,1027.7333407435021,1046.0815267356845,13.32205170780391,1009.9329994731019,1076.015366702765,-1.7539919712986627,-1.3772792956083646,0.04918032786885246,0.9672131147540983,1.8630505800974073,0.9344262295081968,0.08196721311475409,-1.551784205136267,-1.9603494878287637,58.5,59.90833333333333,442.73334074350214,446.99819340235126
10,258,base,thr,naive,timer,1952.7799618562428,2119.6987116553,154.92227285248168,1817.8582615460582,2570.718484305817,-7.874645055981007,-1.0774354566692852,0.13114754098360656,0.8852459016393442,2.402567566904939,0.7049180327868853,0.3114754098360656,-3.5563322627028757,-12.09117604728129,6.0,5.995833333333334,1892.7799618562428,2059.7403783219665
10,258,base,mey,naive,timer,1106.5975396144943,1103.8377037020691,14.787816537612175,1074.2229880602579,1150.7168777031693,0.25002189209239517,0.18662903379992823,0.6065573770491803,0.4098360655737705,0.6117411561653595,0.7377049180327869,0.2786885245901639,1.1839759804223615,-0.6771803405321419,56.75,57.106944444444444,539.0975396144943,532.7682592576247
10,258,base,trust,naive,timer,981.7929066752052,988.0889797311269,9.102906500774116,967.1652962346053,1008.8508806944454,-0.6371969716365905,-0.6916552482864899,0.26229508196721313,0.7540983606557377,-0.2588245416556601,0.39344262295081966,0.6229508196721312,-2.22388167040846,0.917691358239185,52.5,53.99583333333333,456.79290667520524,448.1306463977936
10,259,base,thr,seasonal60,http,2108.2091577458204,2229.095926620122,223.83296826239655,1879.0339678163275,2834.157569387156,-5.423129952850294,-0.5400757976483055,0.39344262295081966,0.6229508196721312,-8.770144089451506,0.18032786885245902,0.8360655737704918,-3.3996683324088868,-7.472286794519571,6.0,5.948611111111111,2048.2091577458204,2169.609815509011
10,259,base,mey,seasonal60,http,1068.7217666338245,1072.5895692980507,13.124282423704843,1046.1573500865902,1094.770973738986,-0.36060416537124307,-0.2947058390971754,0.4098360655737705,0.6065573770491803,0.7295640541656999,0.7049180327868853,0.3114754098360656,-1.0485748313193677,0.34988621580777196,59.416666666666664,58.793055555555554,474.55509996715784,484.6590137424952
10,259,base,trust,seasonal60,http,970.3031144778626,970.160650847863,8.978017056127257,953.3474998379957,990.3593412150971,0.01468454011972063,0.01586805071864612,0.5081967213114754,0.5081967213114754,-0.515404963021888,0.3770491803278688,0.639344262295082,0.18138022731907757,-0.15727107486532896,53.25,52.4375,437.80311447786255,445.78565084786305
10,260,base,thr,ma10,http,2507.7524138095464,2466.0522433496544,303.66629173938725,2019.999874898411,3286.223718844192,1.6909686553619145,0.13732235547460742,0.639344262295082,0.3770491803278688,10.439985211291608,0.819672131147541,0.19672131147540983,2.8216076055985204,0.5684072412962959,7.0,7.3625,2437.7524138095464,2392.4272433496544
10,260,base,mey,ma10,http,1127.418089579719,1118.5658402851393,16.462534876766558,1091.007782724009,1161.9805629385858,0.7913927795544969,0.537720913628726,0.7540983606557377,0.26229508196721313,0.7766879805155162,0.7540983606557377,0.26229508196721313,3.699636196594818,-2.2716003458878227,61.916666666666664,63.40138888888889,508.25142291305235,484.5519513962504
10,260,base,trust,ma10,http,1030.5794370480307,1012.6280811272552,13.649436707944137,985.9041322454042,1041.1434474275,1.7727491717188144,1.3151719228330965,0.8852459016393442,0.13114754098360656,-0.8602476761648932,0.3114754098360656,0.7049180327868853,2.9990628100068752,0.5454651465706996,58.25,57.68333333333333,448.07943704803074,435.79474779392194
10,261,base,thr,naive,timer,1760.173709594077,1778.5868369163654,87.60385164999303,1731.6505474879639,2444.699779502024,-1.035267266129789,-0.2101862757799167,0.04918032786885246,0.9672131147540983,-0.707291526500071,0.13114754098360656,0.9180327868852459,-1.024618612866453,-1.0471053569936484,7.0,7.794444444444444,1690.173709594077,1700.642392471921
10,261,base,mey,naive,timer,912.02895693144,932.14669847651,92.83969799522268,915.9634077245668,1639.213355961926,-2.158216252651024,-0.21669331093801264,0.01639344262295082,1.0,-1.3785338122863908,0.26229508196721313,0.819672131147541,-2.219898162881186,-2.0979956667251813,50.416666666666664,51.205555555555556,407.8622902647734,420.09114292095444
10,261,base,trust,naive,timer,934.5349605085036,949.4987795051474,46.44623723927869,939.0914760059763,1303.1453689664684,-1.575970324516112,-0.3221750541288021,0.01639344262295082,1.0,-0.7677316790429265,0.13114754098360656,0.8852459016393442,-1.5216298872919753,-1.630045804497671,52.583333333333336,53.43055555555556,408.7016271751702,415.1932239495918
10,263,base,thr,ma10,timer,3215.2173789396875,2568.463758004322,354.9821845414614,1962.1238666533202,3612.231540927826,25.180562463450475,1.8219326183109503,0.9180327868852459,0.09836065573770492,-18.598297417766318,0.03278688524590164,0.9836065573770492,25.624179773713145,24.744637103756784,6.083333333333333,6.066666666666666,3154.384045606354,2507.7970913376553
10,263,base,mey,ma10,timer,1130.8893814568785,1129.8688153796768,13.510457524931672,1101.1324634247783,1164.6154969299544,0.09032606823994391,0.07553897233445868,0.5573770491803278,0.45901639344262296,0.04972651707388516,0.5245901639344263,0.4918032786885246,0.8823405423283134,-0.7223669736432408,64.75,63.6625,483.3893814568785,493.2438153796768
10,263,base,trust,ma10,timer,999.3977795051201,1008.3641483350307,10.76874764061264,980.7144390112281,1038.445096797079,-0.8891994865858237,-0.8326287446922199,0.21311475409836064,0.8032786885245902,-0.3783135096940824,0.36065573770491804,0.6557377049180327,-1.3445144584355915,-0.42523663378384896,55.75,56.02916666666667,441.89777950512007,448.07248166836393
10,264,base,thr,naive,http,2415.5014985913335,2119.489208420478,241.59235168736424,1790.9326071141288,3214.648151409232,13.966208886312511,1.2252552206367613,0.9344262295081968,0.08196721311475409,12.01133474176971,0.9016393442622951,0.11475409836065574,25.014068774948413,3.4819927764749616,9.416666666666666,8.919444444444444,2321.334831924667,2030.2947639760337
10,264,base,mey,naive,http,1049.8688905042402,1025.3118359035645,8.94497790353352,1009.9509423500705,1056.6805268767941,2.395081548925508,2.7453454737965224,0.9672131147540983,0.04918032786885246,-0.0075845212996252685,0.5081967213114754,0.5081967213114754,4.024228418763729,0.7802872941399558,60.166666666666664,60.36388888888889,448.20222383757357,421.67294701467563
10,264,base,trust,naive,http,999.0609037563463,985.3110468884977,8.744566198355946,967.2568985805242,1005.8484022843023,1.3954838841266557,1.5723886761167996,0.9344262295081968,0.08196721311475409,0.3535275581013027,0.6721311475409836,0.3442622950819672,2.289031074118103,0.47013938969464575,59.166666666666664,58.77916666666667,407.3942370896797,397.51938022183094
10,266,base,thr,ma10,http,2481.5425883469816,2407.880161792273,192.0815497635783,2023.0965173470804,2924.004488081258,3.059223117643811,0.3834955863557697,0.7704918032786885,0.2459016393442623,4.196343421065511,0.7868852459016393,0.22950819672131148,6.596349097934637,-1.2964758628824866,6.583333333333333,6.4875,2415.709255013648,2343.005161792273
10,266,base,mey,ma10,http,1119.758065324355,1102.3722516035602,13.1927972291084,1074.6885651412504,1130.673551594602,1.5771272993768186,1.3178261909790325,0.8688524590163934,0.14754098360655737,-1.2586943710713792,0.18032786885245902,0.8360655737704918,3.5292809997094445,-0.3303082452502049,60.833333333333336,60.451388888888886,511.42473199102153,497.85836271467133
10,266,base,trust,ma10,http,985.624043087505,976.9540009749112,9.155959619985635,957.1544609149167,994.7213017659877,0.8874565336691294,0.946928828046472,0.819672131147541,0.19672131147540983,0.341568294303646,0.639344262295082,0.3770491803278688,0.5141035947583532,1.2459939958652182,54.166666666666664,53.88055555555555,443.9573764208384,438.14844541935565
10,267,base,thr,naive,event,1934.417768892894,2124.5170200862576,180.8517866861151,1870.2542672013258,2602.394423811973,-8.947880831081571,-1.0511328346636597,0.18032786885245902,0.8360655737704918,-2.1759323380030446,0.4918032786885246,0.5245901639344263,-10.293968973381087,-7.412695964798192,6.083333333333333,6.147222222222222,1873.5844355595607,2063.0447978640354
10,267,base,mey,naive,event,1093.864805769764,1096.7997408513284,12.997373192740527,1071.8211248646437,1123.5067734200036,-0.26759078911582473,-0.22580986465816422,0.4426229508196721,0.5737704918032787,1.2635433944784156,0.8360655737704918,0.18032786885245902,-0.7596734950714181,0.22868234982272534,58.083333333333336,57.854166666666664,513.0314724364306,518.2580741846617
10,267,base,trust,naive,event,955.4024925535823,961.2387671126465,10.482442839357587,935.2044443490258,978.8769843794217,-0.6071617956686395,-0.5567666476702591,0.2459016393442623,0.7704918032786885,2.0026872218856657,1.0,0.01639344262295082,0.39409047615199316,-1.6161383056060665,51.75,51.701388888888886,437.9024925535823,444.2248782237576
10,269,base,thr,ma10,queue,2099.1495951100114,2029.9640567180866,131.72632225679456,1817.8230545534595,2600.3441009261146,3.4082149466123814,0.5252218175274852,0.7540983606557377,0.26229508196721313,0.906221984133043,0.7049180327868853,0.3114754098360656,15.734621610673091,-8.471699682623049,6.0,6.009722222222222,2039.1495951100114,1969.8668344958644
10,269,base,mey,ma10,queue,1109.7278620151217,1114.2380758015418,12.110638004279636,1090.4403523389974,1141.9865356044936,-0.4047800810590322,-0.37241752125910044,0.3114754098360656,0.7049180327868853,-0.5097074408983014,0.29508196721311475,0.7213114754098361,-0.02160779980799588,-0.7833418191010485,56.0,56.68055555555556,549.7278620151217,547.4325202459862
10,269,base,trust,ma10,queue,976.0390617561679,981.7984772486454,8.41378840081983,963.3561893382742,1000.5700040943912,-0.5866189066230239,-0.6845210763698681,0.29508196721311475,0.7213114754098361,1.346384566711928,0.9180327868852459,0.09836065573770492,1.0786990369251475,-2.279471932437622,51.5,52.143055555555556,461.03906175616794,460.3679216930899
10,270,base,thr,naive,http,1639.4689380136235,1632.1543501843285,49.93330330666587,1517.2447544964189,1761.20975082307,0.4481553983217948,0.14648716077068777,0.5409836065573771,0.47540983606557374,2.9814436454390267,0.819672131147541,0.19672131147540983,0.719600300204413,0.17307777645786834,8.583333333333334,8.319444444444445,1553.6356046802903,1548.959905739884
10,270,base,mey,naive,http,949.9184133142558,951.3211939572235,9.642996892429856,936.6315209295782,983.985422715756,-0.1474560486908292,-0.1454714399077512,0.4918032786885246,0.5245901639344263,1.273560268118992,0.9180327868852459,0.09836065573770492,-0.10748708984372152,-0.18771239442982107,54.833333333333336,55.03472222222222,401.5850799809224,400.9739717350013
10,270,base,trust,naive,http,915.4827540242014,922.3178662588348,6.506406693899421,910.4754352263471,940.762270055679,-0.7410798906409978,-1.0505202881095859,0.19672131147540983,0.819672131147541,-1.2942378246770492,0.01639344262295082,1.0,-0.5595629621927772,-0.9210700452615808,50.666666666666664,51.204166666666666,408.8160873575348,410.27619959216815
10,271,base,thr,seasonal60,http,2629.1334481289523,2468.466995734496,249.8367800454934,2084.9407182800037,3371.77960795454,6.508754326960321,0.643085667231223,0.8032786885245902,0.21311475409836064,33.60670053508688,0.9836065573770492,0.03278688524590164,-0.8984374186549552,13.642917249878304,6.833333333333333,7.063888888888889,2560.800114795619,2397.828106845607
10,271,base,mey,seasonal60,http,1152.1400266521293,1130.5755261109957,12.257864244695764,1102.4609187193237,1160.8633457966064,1.9073914164153318,1.7592379969834488,0.9508196721311475,0.06557377049180328,-0.0919988850381898,0.5245901639344263,0.4918032786885246,1.5745788637747784,2.2386976552150495,64.25,63.4625,509.64002665212934,495.9505261109957
10,271,base,trust,seasonal60,http,993.6976822996959,994.0372097671357,9.49477283325305,969.2253180458147,1013.3032184723793,-0.03415641427742104,-0.035759409245755755,0.47540983606557374,0.5409836065573771,-1.1932563739198438,0.11475409836065574,0.9016393442622951,1.938629325302813,-2.015564608869345,53.583333333333336,55.701388888888886,457.8643489663625,437.02332087824675
10,272,base,thr,ma10,queue,2369.098892968671,2590.9385800956375,530.7173405726561,1913.1420002822815,3996.2289920982635,-8.562136085787797,-0.4179996961991037,0.45901639344262296,0.5573770491803278,-14.625190035564984,0.26229508196721313,0.7540983606557377,-12.590826520095655,-4.082662856957811,7.166666666666667,7.002777777777778,2297.4322263020044,2520.9108023178596
10,272,base,mey,ma10,queue,1101.3339151048258,1098.6483128776156,12.207270240260414,1063.17435928219,1121.3400399879897,0.24444603388831443,0.22000022727054167,0.4918032786885246,0.5245901639344263,0.2744716930534999,0.5081967213114754,0.5081967213114754,0.9991371095687158,-0.4940751799620932,63.916666666666664,64.31805555555556,462.16724843815916,455.4677573220599
10,272,base,trust,ma10,queue,1024.6978494491607,1035.0845416135733,9.920458543631325,1013.6276882842077,1057.4649543749315,-1.0034631710585655,-1.046997184528387,0.13114754098360656,0.8852459016393442,-1.5896140202792686,0.04918032786885246,0.9672131147540983,-0.28145861064504635,-1.7163423730776393,60.166666666666664,61.24305555555556,423.03118278249406,422.6539860580177
10,273,base,thr,naive,timer,1974.3953831087658,2202.473811710662,165.32091546564664,1942.8552008425213,2653.0321027021014,-10.355556891945414,-1.3796102444720044,0.04918032786885246,0.9672131147540983,-0.7827149364332995,0.5081967213114754,0.5081967213114754,-7.692570643246974,-12.802309239030452,6.0,6.0,1914.3953831087658,2142.473811710662
10,273,base,mey,naive,timer,1083.4959179424523,1084.2836198077666,13.031410903721348,1060.0008589995107,1112.4178771744835,-0.07264721618260979,-0.06044639917611937,0.4918032786885246,0.5245901639344263,0.9664075399534903,0.8032786885245902,0.21311475409836064,0.060313018606471196,-0.20421720398936802,57.833333333333336,57.53472222222222,505.1625846091189,508.93639758554446
10,273,base,trust,naive,timer,958.8675288292796,957.6518167363558,9.88905325256072,934.6859439099309,986.9861829756513,0.1269471922547919,0.12293513462565353,0.5245901639344263,0.4918032786885246,1.9747727408376325,0.9672131147540983,0.04918032786885246,-0.3122665526456752,0.5619091758919942,51.666666666666664,51.3,442.200862162613,444.65181673635584
10,274,base,thr,seasonal60,queue,1767.2259376641798,2431.739310144029,298.0371498939927,2018.7198943091844,3207.832191217422,-27.32666983289795,-2.229632690811217,0.01639344262295082,1.0,4.411490365572538,0.7213114754098361,0.29508196721311475,-29.035321678543124,-25.69978541735157,6.5,6.448611111111111,1702.2259376641798,2367.2531990329176
10,274,base,mey,seasonal60,queue,1093.323659179792,1106.6129415575049,15.826381139730286,1070.8013222273219,1144.1518123876406,-1.2008970687627103,-0.8396917943769018,0.14754098360655737,0.8688524590163934,-0.22614238747995535,0.4918032786885246,0.5245901639344263,-3.99905420425477,1.635597977752023,63.166666666666664,63.69722222222222,461.6569925131254,469.6407193352827
10,274,base,trust,seasonal60,queue,943.9380769278099,972.092667590993,10.568199432832433,950.1570142770388,1004.7374900609311,-2.8962867020646095,-2.664085858913169,0.01639344262295082,1.0,-0.3926993868628317,0.39344262295081966,0.6229508196721312,-2.309215395736676,-3.4860265660038023,54.083333333333336,55.28611111111111,403.10474359447653,419.2315564798819
10,276,base,thr,naive,orchestration,2324.096829825406,2806.279705605348,349.2091449780306,2263.580534556309,4039.898310175302,-17.18228139614221,-1.3807853623371666,0.04918032786885246,0.9672131147540983,9.386723767258877,0.7868852459016393,0.22950819672131148,-18.104444913851726,-16.23580489039015,7.5,8.311111111111112,2249.096829825406,2723.168594494237
10,276,base,mey,naive,orchestration,1102.3281873699182,1132.1980325917912,11.509249705196702,1107.6454295507517,1159.2229360674405,-2.6382173755854272,-2.5952903957228455,0.01639344262295082,1.0,0.6053523377128538,0.7213114754098361,0.29508196721311475,-2.266802856357422,-3.011513337948353,66.16666666666667,68.39166666666667,440.6615207032514,448.28136592512453
10,276,base,trust,naive,orchestration,1031.7924121094832,1054.6951299842713,13.733369633927449,1016.8084630356499,1086.3178045434208,-2.1715012446421027,-1.6676692235974144,0.04918032786885246,0.9672131147540983,0.9772669837175653,0.7540983606557377,0.26229508196721313,-1.5831365336939918,-2.76567086992054,59.166666666666664,60.775,440.12574544281654,446.94512998427126
10,277,base,thr,seasonal60,http,1717.1257267202461,1768.1521504764032,140.17447635407473,1603.116130323802,2113.8724039777762,-2.8858615895927713,-0.36402079096958095,0.4918032786885246,0.5245901639344263,11.988647273628882,0.8852459016393442,0.13114754098360656,-6.141156144672206,0.39365184712453993,7.0,7.030555555555556,1647.1257267202461,1697.8465949208476
10,277,base,mey,seasonal60,http,971.675535057367,971.539764367279,8.294563228343808,952.1883298082158,992.3406139279346,0.013974794966471313,0.016368636461063586,0.4426229508196721,0.5737704918032787,-0.1276936333788833,0.39344262295081966,0.6229508196721312,-0.7254383220509338,0.7454304668085409,56.166666666666664,57.25555555555555,410.0088683907004,398.9842088117234
10,277,base,trust,seasonal60,http,1042.0952736325473,1033.7781727075187,8.557640431472985,1015.1624874717337,1064.5901412905082,0.8045343908979725,0.9718918423401256,0.8688524590163934,0.14754098360655737,-0.4743345754103121,0.2786885245901639,0.7377049180327869,0.2514325127357168,1.3509227663340535,62.5,61.709722222222226,417.09527363254733,416.6809504852964
10,275,base,thr,ma10,http,2594.6995219363,2193.4316567875426,308.7384891280781,1745.5163963698308,3441.0326407612397,18.294067376434526,1.2997014602293204,0.9180327868852459,0.09836065573770492,-4.381356526399266,0.4426229508196721,0.5737704918032787,28.7434111555893,7.77665400906721,12.666666666666666,13.233333333333333,2468.0328552696333,2061.098323454209
10,275,base,mey,ma10,http,1038.6311910175257,1035.589216080463,16.632050954016922,1012.4450263891234,1144.891482911708,0.2937433964961499,0.18289836565994386,0.6721311475409836,0.3442622950819672,-0.8870928182578429,0.21311475409836064,0.8032786885245902,0.9383659432999439,-0.377638662819588,60.75,61.50138888888889,431.1311910175257,420.57532719157416
10,275,base,trust,ma10,http,1000.2365589861491,975.2061565256809,8.70126717937109,957.796961474107,1012.6901766186633,2.566678060118372,2.8766387635826427,0.9836065573770492,0.03278688524590164,-0.4028362210109276,0.36065573770491804,0.6557377049180327,2.686216294552068,2.448892049351758,54.75,54.61666666666667,452.73655898614913,429.0394898590142
10,278,base,thr,ma10,orchestration,1641.7939973932437,2360.9390417885616,272.0949256156026,1949.584694207915,3612.669535182344,-30.460127587644944,-2.6429932229286686,0.01639344262295082,1.0,-5.819378617986504,0.3114754098360656,0.7049180327868853,-28.401962111275772,-32.55496270642073,9.0,9.244444444444444,1551.7939973932437,2268.494597344117
10,278,base,mey,ma10,orchestration,1037.7725615390432,1075.937544744328,8.581353433473886,1059.173583414239,1092.7345605994553,-3.54713741440763,-4.4474316902520385,0.01639344262295082,1.0,-0.9444541857190266,0.14754098360655737,0.8688524590163934,-2.3395663446988118,-4.8368951735481565,62.333333333333336,65.76666666666667,414.4392282057098,418.27087807766145
10,278,base,trust,ma10,orchestration,1012.1439893375899,1044.381387635242,9.811561322760772,1020.0997829819717,1068.1025871509923,-3.086745769248731,-3.2856542641045308,0.01639344262295082,1.0,0.6882585019920545,0.8032786885245902,0.21311475409836064,-2.5181393157758336,-3.661926173872039,60.666666666666664,63.2,405.4773226709233,412.38138763524194
10,279,base,thr,naive,timer,2834.370060462065,2612.6573633995595,204.8514485528021,2155.3445909224115,3247.9499614440715,8.486099255434528,1.082309637685365,0.8852459016393442,0.13114754098360656,-0.23504497995086698,0.4918032786885246,0.5245901639344263,15.599211885029472,1.2829144573785738,6.5,6.683333333333334,2769.370060462065,2545.824030066226
10,279,base,mey,naive,timer,1145.2988446228128,1139.750063620393,11.18296318079659,1118.7122197438755,1176.247799692206,0.4868419120587114,0.4961816392231605,0.7213114754098361,0.29508196721311475,-1.0852834401690743,0.14754098360655737,0.8688524590163934,-0.6725659745257059,1.625944126749712,66.91666666666667,66.33472222222223,476.13217795614605,476.4028413981706
10,279,base,trust,naive,timer,1000.2210253304198,1016.6864272722404,9.767117201171835,995.7589601948929,1037.9854061741632,-1.6195162539935823,-1.6857995663085823,0.04918032786885246,0.9672131147540983,-0.24687761592441554,0.47540983606557374,0.5409836065573771,-1.1315429992227164,-2.1032617676933922,58.333333333333336,58.540277777777774,416.88769199708645,431.2836494944627
10,281,base,thr,ma10,http,2334.17052071769,2096.9667131499623,191.09740833282072,1733.5951416181615,2730.0995532175275,11.311758364128334,1.2412717139240679,0.9344262295081968,0.08196721311475409,-2.7128581744686477,0.4426229508196721,0.5737704918032787,14.263404664073338,8.200042732446036,6.0,6.272222222222222,2274.17052071769,2034.2444909277401
10,281,base,mey,ma10,http,1070.968187929285,1114.86114640089,12.951122886064356,1086.9166670970142,1149.8485153647093,-3.937078497470717,-3.389123773880224,0.01639344262295082,1.0,1.1887657990380953,0.8524590163934426,0.16393442622950818,-3.5661820071830985,-4.31194576914384,57.666666666666664,59.275,494.3015212626184,522.11114640089
10,281,base,trust,ma10,http,963.2761295474937,977.026079960498,9.022256108076864,955.6323081563029,997.5473850369735,-1.4073268559586667,-1.5240035583444718,0.06557377049180328,0.9508196721311475,0.018686755197682366,0.47540983606557374,0.5409836065573771,-2.7745835249253967,-0.09264636977160703,51.916666666666664,53.079166666666666,444.1094628808271,446.2344132938314
10,280,base,thr,seasonal60,http,1503.9591630480065,1529.765757142405,21.674649104017305,1496.6091637990141,1580.7729035788082,-1.686963770362137,-1.190634919649761,0.08196721311475409,0.9344262295081968,0.35112471013977603,0.6557377049180327,0.36065573770491804,-1.668974261615232,-1.703592671208419,10.5,10.606944444444444,1398.9591630480065,1423.6963126979606
10,280,base,mey,seasonal60,http,944.1700365946913,950.5715809988391,5.28391880525567,940.1108087725747,963.2463236479825,-0.6734415936800032,-1.2115145292884637,0.09836065573770492,0.9180327868852459,0.3346720496521175,0.7213114754098361,0.29508196721311475,-1.0027890014744552,-0.34736053583071597,56.916666666666664,57.07361111111111,375.00336992802465,379.835469887728
10,280,base,trust,seasonal60,http,974.1334990308933,972.7340500478363,6.022121586932021,960.1250999931316,992.3982288292905,0.1438675846690271,0.2323847107460975,0.5737704918032787,0.4426229508196721,0.16881339917293034,0.5901639344262295,0.4262295081967213,-0.7103891236186144,1.0016254884589904,56.083333333333336,55.827777777777776,413.3001656975599,414.45627227005855
10,283,base,thr,seasonal60,orchestration,2537.9589579163244,2452.4625651020556,301.6416055264018,1976.3298626849044,3471.4177916163194,3.48614466254701,0.28343700354288676,0.7213114754098361,0.29508196721311475,-10.563060936924602,0.13114754098360656,0.8852459016393442,-0.23468493547922747,7.016536601418334,7.5,7.580555555555556,2462.9589579163244,2376.6570095465
10,283,base,mey,seasonal60,orchestration,1120.1158509713873,1115.9596915730806,12.352205509962985,1086.2393928499043,1142.7137932617009,0.3724291683374438,0.3364710370916733,0.6229508196721312,0.39344262295081966,-1.5388976753271406,0.04918032786885246,0.9672131147540983,1.2449092990771762,-0.4978627559174657,67.0,67.01527777777778,450.1158509713873,445.80691379530276
10,283,base,trust,seasonal60,orchestration,1027.0209924530288,1041.445211896779,9.68691946195231,1023.1019736106006,1072.3204977522857,-1.3850195170113107,-1.489040917538827,0.04918032786885246,0.9672131147540983,-0.22838656598441126,0.4262295081967213,0.5901639344262295,-4.0426343291685365,1.2622155353054385,60.916666666666664,61.84166666666667,417.8543257863622,423.0285452301123
10,286,base,thr,seasonal60,queue,1708.9534539678498,2090.447581932444,272.7538993589829,1713.8355330941015,3002.5920925954765,-18.249399375608103,-1.3986752484975242,0.01639344262295082,1.0,-21.057976863332673,0.01639344262295082,1.0,-21.241734904906465,-15.239381828051098,11.0,11.720833333333333,1598.9534539678498,1973.2392485991106
10,286,base,mey,seasonal60,queue,1061.6972408635386,1100.6268895971714,11.618739396779109,1075.188243307143,1132.1154308662744,-3.5370432161512086,-3.3505914371764542,0.01639344262295082,1.0,0.15645127693633235,0.5245901639344263,0.4918032786885246,-4.0959874822190345,-3.0014321194603966,64.33333333333333,68.16805555555555,418.3639075302053,418.94633404161584
10,286,base,trust,seasonal60,queue,982.7730658191537,992.019089313955,8.914040035299848,972.3620390257538,1016.935175546066,-0.9320408845353497,-1.0372427606547419,0.14754098360655737,0.8688524590163934,-0.29241583200731175,0.45901639344262296,0.5573770491803278,0.1328080600881542,-1.9793945652607945,56.0,56.2125,422.77306581915366,429.89408931395496
10,284,base,thr,ma10,http,2242.369151919536,2226.5129528261086,18.272342166366997,2124.8450121116825,2256.1836492970233,0.7121539119411355,0.8677704778653362,0.9180327868852459,0.09836065573770492,-0.04253858840362384,0.2786885245901639,0.7377049180327869,1.2099488804432845,0.12465096189958996,6.0,6.0,2182.369151919536,2166.5129528261086
10,284,base,mey,ma10,http,1111.1503559241185,1112.8094106714454,5.287745986295206,1100.757385142588,1126.7951594986755,-0.14908705223169819,-0.3137546227876553,0.36065573770491804,0.6557377049180327,0.08465537214362559,0.5245901639344263,0.4918032786885246,-0.5807907805597622,0.3039693412145089,50.083333333333336,50.24444444444445,610.3170225907851,610.364966227001
10,284,base,trust,ma10,http,978.8186326474894,978.4379527713783,2.579002452054355,971.8597835957434,983.8038408162088,0.0389069000270134,0.14760741146557607,0.47540983606557374,0.5409836065573771,-0.38783903699662436,0.11475409836065574,0.9016393442622951,-0.6193225347975022,0.7072795097147594,50.333333333333336,50.43055555555556,475.485299314156,474.1323972158227
10,288,base,thr,naive,timer,2114.0548849340166,2206.894083185854,168.9718917937908,1773.0279307599942,2576.597591180817,-4.206780876308096,-0.5494357509184787,0.3114754098360656,0.7049180327868853,8.403803122195272,0.8360655737704918,0.18032786885245902,-9.491874069137136,0.9146449724027579,6.0,6.0,2054.0548849340166,2146.894083185854
10,288,base,mey,naive,timer,1092.4136846191973,1088.6288526312808,14.458079016872464,1056.4776797107897,1123.4710999755498,0.34766963770695036,0.26177972768717306,0.6229508196721312,0.39344262295081966,-0.49853938198900544,0.3770491803278688,0.639344262295082,0.30148501494633745,0.3930042756490217,54.25,54.56527777777778,549.9136846191973,542.976074853503
10,288,base,trust,naive,timer,971.9984450106834,977.0698993157645,9.346142642298076,954.7890401091998,995.9374382265814,-0.5190472358868633,-0.5426253909424646,0.3442622950819672,0.6721311475409836,-1.3995738576129113,0.08196721311475409,0.9344262295081968,-0.8850082207642664,-0.16567458140391605,51.916666666666664,53.1125,452.8317783440168,445.9448993157645
10,287,base,thr,ma10,queue,1620.793734179495,1638.1418480756906,29.817066463642732,1597.7559798701607,1752.8010013467667,-1.0590117038139455,-0.5818182656348487,0.13114754098360656,0.8852459016393442,0.756451962575978,0.819672131147541,0.19672131147540983,-1.717678329189268,-0.4266254740464065,13.666666666666666,13.88888888888889,1484.1270675128283,1499.2529591868017
10,287,base,mey,ma10,queue,986.9613485191212,991.9461734358812,5.270259403880198,981.3885498075143,1005.1250045076767,-0.5025297793622864,-0.9458405241096723,0.16393442622950818,0.8524590163934426,0.3159620028915759,0.7540983606557377,0.26229508196721313,-1.1222912079517247,0.12346480063759521,57.666666666666664,58.06527777777778,410.2946818524546,411.29339565810335
10,287,base,trust,ma10,queue,992.8736916060094,998.8540201409627,6.400658167897145,985.0234016371213,1021.733320508968,-0.5987189733800458,-0.9343302482466499,0.21311475409836064,0.8032786885245902,-0.12880777540862445,0.4426229508196721,0.5737704918032787,-1.4528049763086173,0.30168017714145273,57.0,57.30277777777778,422.8736916060094,425.82624236318486
10,289,base,thr,seasonal60,queue,2864.6256083425396,2168.7733347283515,263.1025229683994,1686.2164372329628,2860.3651586705764,32.085062208741455,2.644795138273019,1.0,0.01639344262295082,7.356714879000664,0.7704918032786885,0.2459016393442623,19.321716782932253,44.34541039001121,8.0,8.530555555555555,2784.6256083425396,2083.467779172796
10,289,base,mey,seasonal60,queue,1171.8877347389923,1031.7087457366358,10.498320724552581,1010.9779081366061,1053.2734737666094,13.587069953765806,13.352515386057675,1.0,0.01639344262295082,-0.5826986110756583,0.32786885245901637,0.6885245901639344,11.097032617488148,16.07306914765598,61.166666666666664,63.1625,560.2210680723257,400.0837457366358
10,289,base,trust,seasonal60,queue,1118.2914414475358,1051.3717095237091,9.196261875391132,1025.874092256465,1072.3610085822138,6.364992639391313,7.276840615304955,1.0,0.01639344262295082,1.6476412994168663,0.9672131147540983,0.04918032786885246,4.4337523489329715,8.24305100868903,58.333333333333336,62.46111111111111,534.9581081142024,426.76059841259803
10,291,base,thr,naive,event,2559.6710751846927,2542.5728583060295,311.93807015716817,1926.10904764998,3522.306847491824,0.672476968469439,0.05481285714837024,0.5901639344262295,0.4262295081967213,-3.176558988735953,0.4262295081967213,0.5901639344262295,2.8502036794365826,-1.2706951074705295,7.166666666666667,7.1722222222222225,2488.004408518026,2470.8506360838073
10,291,base,mey,naive,event,1143.867680211622,1134.90752363329,15.246493567344086,1101.6334898705472,1184.2066365831236,0.7895054347376991,0.5876863777730047,0.7868852459016393,0.22950819672131148,-0.56022380903041,0.29508196721311475,0.7213114754098361,-0.1891192481488108,1.7841429598405776,64.91666666666667,65.37916666666666,494.70101354495523,481.1158569666235
10,291,base,trust,naive,event,981.5277492266732,994.9623896851695,11.29884908744775,968.2876480416022,1018.4052679745822,-1.3502661605879678,-1.1890273384942545,0.13114754098360656,0.8852459016393442,0.2818471111373009,0.5901639344262295,0.4262295081967213,-1.3074029989723952,-1.3925892958201207,55.083333333333336,55.46666666666667,430.69441589333985,440.2957230185027
10,292,base,thr,seasonal60,orchestration,1959.4523825577671,2370.688592505287,262.4650295180188,1867.0583183446788,3034.1918170795725,-17.3466988134842,-1.5668228666603663,0.03278688524590164,0.9836065573770492,-1.317023164330744,0.5573770491803278,0.45901639344262296,-16.460715941390983,-18.23581957802141,6.5,6.730555555555555,1894.4523825577671,2303.3830369497314
10,292,base,mey,seasonal60,orchestration,1056.4657517153737,1089.5618860757756,14.683675546761743,1058.235087748916,1120.0901151011972,-3.03756351826905,-2.25394072860053,0.01639344262295082,1.0,0.3325436303833039,0.5901639344262295,0.4262295081967213,-1.5174911361583179,-4.6226701572534425,60.5,60.763888888888886,451.4657517153737,481.92299718688673
10,292,base,trust,seasonal60,orchestration,969.8667668360504,988.1250779862974,10.56359465733375,957.8098294613786,1011.4794565644561,-1.847773278607162,-1.7284183786407588,0.04918032786885246,0.9672131147540983,-0.9865221707324788,0.11475409836065574,0.9016393442622951,-0.7469615051683997,-2.969990021095022,54.666666666666664,54.352777777777774,423.20010016938375,444.59730020851964
10,293,base,thr,ma10,queue,1877.894357388167,2063.49761937512,181.6917285509697,1853.250704833912,2653.928974656265,-8.99459540172178,-1.021528406753453,0.06557377049180328,0.9508196721311475,-3.812904061396143,0.4098360655737705,0.6065573770491803,-5.595722017816277,-12.194614036428323,14.5,13.448611111111111,1732.894357388167,1929.0115082640089
10,293,base,mey,ma10,queue,1039.8294113172747,1040.5419561234426,22.809703683742814,1013.5181872766439,1144.820454804928,-0.06847823886145796,-0.031238669999722572,0.639344262295082,0.3770491803278688,-0.4150173130854189,0.4918032786885246,0.5245901639344263,0.13632183422419705,-0.26881094787628573,61.583333333333336,61.106944444444444,423.9960779839413,429.4725116789981
10,293,base,trust,ma10,queue,992.5522485015073,1003.0564500170855,13.537169242662568,979.6525218319075,1062.32435211902,-1.0472193778724284,-0.7759525885569974,0.22950819672131148,0.7868852459016393,-0.24975823209758946,0.5245901639344263,0.4918032786885246,-1.626862483196519,-0.4621857534780527,57.666666666666664,58.333333333333336,415.88558183484065,419.7231166837521
10,295,base,thr,seasonal60,event,3005.71465668264,2412.247650872376,315.2440351452495,2016.4586360941912,3314.13521786081,24.60224204573853,1.8825637907369837,0.9180327868852459,0.09836065573770492,-3.115012045702226,0.5573770491803278,0.45901639344262296,27.638252440419773,21.161808607580753,6.25,6.395833333333333,2943.21465668264,2348.2893175390427
10,295,base,mey,seasonal60,event,1085.5304581084504,1097.7237230896064,12.957463899114495,1068.830976308977,1124.1685063425223,-1.110777213308046,-0.94102249298872,0.18032786885245902,0.8360655737704918,0.5381265732261223,0.6557377049180327,0.36065573770491804,-1.9969048538725136,-0.21428533751053336,60.916666666666664,60.93055555555556,476.36379144178375,488.4181675340509
10,295,base,trust,seasonal60,event,975.3524741892589,971.4497564591868,10.326286106626675,948.973418726151,993.751018319302,0.4017415933374732,0.3779401122314105,0.6885245901639344,0.32786885245901637,-0.02285986868868121,0.5081967213114754,0.5081967213114754,2.322005241853914,-1.5031978069570093,52.25,52.28611111111111,452.85247418925894,448.5886453480757
10,296,base,thr,ma10,http,1780.7294283465656,2381.008696392197,322.48539274397484,1973.5162172196704,3578.121918136739,-25.211132951979536,-1.8614153743149564,0.01639344262295082,1.0,-8.816211240526092,0.2786885245901639,0.7377049180327869,-25.65127175102354,-24.816022569601415,6.916666666666667,7.054166666666666,1711.5627616798988,2310.4670297255307
10,296,base,mey,ma10,http,1138.586557371061,1157.8939528028204,12.989430893355124,1129.6263971954943,1183.8927907128182,-1.6674580072746392,-1.486392713451084,0.06557377049180328,0.9508196721311475,-0.6252231802344366,0.3442622950819672,0.6721311475409836,-2.7358828133131974,-0.6389201801634141,66.75,68.45,471.08655737106096,473.3939528028204
10,296,base,trust,ma10,http,970.4102025240659,1003.1911895576433,9.936073876041643,977.9907077607859,1026.9217877284743,-3.267670945957186,-3.2991891407551366,0.01639344262295082,1.0,0.861153683179018,0.7868852459016393,0.22950819672131148,-4.629374495576165,-1.9635381880027631,55.333333333333336,56.75555555555555,417.0768691907325,435.6356340020877
10,297,base,thr,naive,http,1592.9990881333254,2411.443458317329,294.79725609501537,1793.3123258762396,3201.670726186779,-33.940019093588965,-2.7762957533099044,0.01639344262295082,1.0,-2.455759283902817,0.4262295081967213,0.5901639344262295,-31.94575035846179,-36.08524199538228,9.0,9.125,1502.9990881333254,2320.193458317329
10,297,base,mey,naive,http,1062.0581103238737,1084.568349691969,13.348149356758562,1055.2545573314435,1132.3152183736543,-2.0755021455760154,-1.6863940285997474,0.04918032786885246,0.9672131147540983,0.1704176587238262,0.6229508196721312,0.39344262295081966,-0.8137569475531956,-3.400637133206565,64.58333333333333,66.3625,416.2247769905405,420.94334969196893
10,297,base,trust,naive,http,1027.1397202334613,1037.7460720026963,10.250575503468122,1019.1194037852179,1067.2724366683303,-1.0220565565491733,-1.0347079308519378,0.16393442622950818,0.8524590163934426,0.4492758135453124,0.7704918032786885,0.2459016393442623,-1.5134790950752084,-0.5289263138022561,60.166666666666664,62.28888888888889,425.47305356679465,414.8571831138074
10,300,base,thr,naive,queue,1940.867892202943,2144.5185102154146,154.48346499644268,1823.9936408211204,2495.914858152221,-9.496332955037776,-1.3182680620036653,0.06557377049180328,0.9508196721311475,12.676741845366532,0.9344262295081968,0.08196721311475409,-9.3881791226255,-9.601391066510956,11.0,12.088888888888889,1830.867892202943,2023.6296213265257
10,300,base,mey,naive,queue,1010.5502806370196,1032.144547812547,6.4607670550423135,1019.837836663255,1050.9397155133026,-2.092174707631093,-3.3423689465284387,0.01639344262295082,1.0,0.15414299733541423,0.639344262295082,0.3770491803278688,-2.6041666085499835,-1.5679288267198017,59.916666666666664,61.80138888888889,411.38361397035294,414.1306589236581
10,300,base,trust,naive,queue,991.6601004728358,990.6802679566313,7.046076494780721,975.835581260173,1006.585268487183,0.09890501990369754,0.13906072648094397,0.6065573770491803,0.4098360655737705,-0.7259716148330645,0.13114754098360656,0.8852459016393442,0.9959304716562345,-0.8017547582146357,56.833333333333336,57.270833333333336,423.3267671395024,417.9719346232979
10,299,base,thr,ma10,timer,3254.4202331749766,2366.1171559478585,236.33739790798919,1896.4558313736952,3062.472889509674,37.542649779371004,3.7586225671019364,1.0,0.01639344262295082,27.02278821066545,0.9672131147540983,0.04918032786885246,26.655199313468163,49.169837059622594,7.166666666666667,7.006944444444445,3182.75356650831,2296.047711503414
10,299,base,mey,ma10,timer,1167.621429135296,1139.7247632267322,13.585316575592781,1108.9072181179315,1169.5112271208375,2.4476669112272478,2.0534424614500804,0.9836065573770492,0.03278688524590164,0.14676481103144706,0.5573770491803278,0.45901639344262296,2.076817542885907,2.818885117539225,63.416666666666664,63.33888888888889,533.4547624686294,506.3358743378433
10,299,base,trust,ma10,timer,1014.616470067378,1005.2825168155674,10.66009041239559,983.7020188951004,1035.0100488038483,0.9284905581943043,0.8755979443623724,0.8360655737704918,0.18032786885245902,0.15682999159009542,0.6229508196721312,0.39344262295081966,0.34885354431579807,1.4987647927962242,56.083333333333336,56.05277777777778,453.78313673404466,444.7547390377896
10,301,base,thr,seasonal60,http,2012.4464946752532,2087.761890478757,241.5899170685606,1636.3350729996594,2713.8305822157968,-3.607470571571388,-0.3117489203083337,0.3442622950819672,0.6721311475409836,-16.098504350391533,0.14754098360655737,0.8688524590163934,-2.1427342405975396,-5.192934316095644,11.333333333333334,12.180555555555555,1899.11316134192,1965.9563349232012
10,301,base,mey,seasonal60,http,995.1689177469189,1003.2056644949521,7.403908196046177,989.7189684578975,1020.7454369404508,-0.801106595832392,-1.0854735816855494,0.18032786885245902,0.8360655737704918,-1.3452286052524833,0.01639344262295082,1.0,-0.8271230713786987,-0.775127366577356,57.333333333333336,58.897222222222226,421.8355844135855,414.2334422727298
10,301,base,trust,seasonal60,http,971.8406816893848,984.9631669147083,7.823144851840844,966.8382974608966,1005.4793944149427,-1.3322818219109869,-1.6773925926011215,0.06557377049180328,0.9508196721311475,-0.3619050732947493,0.3114754098360656,0.7049180327868853,-1.8525459578216366,-0.8105183264210399,56.0,57.31388888888889,411.84068168938484,411.82427802581935
10,304,base,thr,seasonal60,http,1853.9454438704886,2401.3553438864174,163.04984042491904,2031.642275920445,2759.641596288955,-22.795872398042768,-3.3573163800058996,0.01639344262295082,1.0,15.478052090600963,1.0,0.01639344262295082,-19.25631830239415,-26.104848816038352,7.333333333333333,9.508333333333333,1780.6121105371553,2306.272010553084
10,304,base,mey,seasonal60,http,987.8373136589445,1019.5738855545635,11.877387677095554,995.1407156509539,1058.468706572181,-3.112728988577121,-2.672016167058357,0.01639344262295082,1.0,1.5671225863263498,0.9344262295081968,0.08196721311475409,-4.816777629157687,-1.4226198503000889,55.666666666666664,59.87083333333333,431.17064699227785,420.86555222123025
10,304,base,trust,seasonal60,http,948.3376269615001,967.5782012357342,8.015790165332195,947.6727111903651,982.9980014258903,-1.9885291183349565,-2.4003340752916027,0.03278688524590164,0.9836065573770492,0.4311932326870053,0.6885245901639344,0.32786885245901637,-3.988488801291293,0.07852593104402927,53.75,55.263888888888886,410.83762696150006,414.9393123468453
10,302,base,thr,ma10,event,2316.243582150841,2246.55423013464,176.35407857778534,1997.1409230633344,3110.7713018425143,3.102055186623496,0.39516722594801196,0.7377049180327869,0.2786885245901639,-6.632874571353868,0.19672131147540983,0.819672131147541,-7.561528967163371,13.611951544294838,6.083333333333333,6.375,2255.4102488175076,2182.80423013464
10,302,base,mey,ma10,event,1111.466022528822,1101.7101510661128,13.074918965636147,1076.4576150631408,1134.0131009142674,0.8855207019077104,0.746151581386453,0.7868852459016393,0.22950819672131148,-0.3912547148495303,0.4426229508196721,0.5737704918032787,2.295092173143915,-0.5458223911028514,57.416666666666664,57.58611111111111,537.2993558621553,525.8490399550017
10,302,base,trust,ma10,event,976.1884317485728,975.3688815311849,9.253010362121826,955.139578714383,1002.2539816411463,0.084024642666614,0.08857119848723427,0.5245901639344263,0.4918032786885246,0.836741824489983,0.8524590163934426,0.16393442622950818,-0.11936920692362121,0.28969973759476414,52.666666666666664,52.390277777777776,449.5217650819062,451.4661037534072
10,305,base,thr,ma10,http,3514.3279074687393,2409.7159940147153,296.34491084761305,1859.896836997462,3513.6152742496174,45.83992122713522,3.7274536292679556,1.0,0.01639344262295082,-2.358761751080491,0.5573770491803278,0.45901639344262296,34.28905381161141,56.784062470794275,9.583333333333334,9.509722222222223,3418.494574135406,2314.618771792493
10,305,base,mey,ma10,http,1167.9447431112674,1076.2012446765052,11.91101691562708,1052.7757566032924,1123.3108791117536,8.524753050470526,7.7024068628763365,1.0,0.01639344262295082,-0.4883167202199911,0.3442622950819672,0.6721311475409836,9.54124835149374,7.5093426235322305,64.16666666666667,65.20833333333333,526.2780764446006,424.11791134317195
10,305,base,trust,ma10,http,1083.128153195593,1040.2054403683574,10.40303831532483,1016.2313402828254,1062.0141100754572,4.126368807688214,4.125978538789558,1.0,0.01639344262295082,-0.02691101489771215,0.4918032786885246,0.5245901639344263,7.103200331385583,1.1231865637962961,57.75,59.795833333333334,505.6281531955931,442.247107035024
10,306,base,thr,naive,timer,1652.3289393280054,1680.5770602590685,8.325502702707583,1633.053617719409,1696.7479894335538,-1.6808584145917438,-3.392962796333774,0.03278688524590164,0.9836065573770492,2.0074734565356755,1.0,0.01639344262295082,-1.6942325240505716,-1.6671756225877217,7.833333333333333,10.679166666666667,1573.9956059946721,1573.7853935924018
10,306,base,mey,naive,timer,928.7250850087247,957.096212861193,3.6873918531211367,948.3480546344713,966.2538214990332,-2.9642921444286285,-7.694090832373549,0.01639344262295082,1.0,-0.23097774405484972,0.26229508196721313,0.7540983606557377,-2.8857704728457367,-3.046396131880355,51.083333333333336,53.80416666666667,417.89175167539133,419.0545461945263
10,306,base,trust,naive,timer,954.3057886802808,982.9562727206619,3.71433156190345,974.3303987730524,990.3321522396421,-2.9147262025279383,-7.713496644790338,0.01639344262295082,1.0,-0.4020234032151283,0.14754098360655737,0.8688524590163934,-3.1042764711853716,-2.724635272633146,52.666666666666664,55.395833333333336,427.63912201361416,428.99793938732853
10,307,base,thr,seasonal60,http,1758.424584728642,2156.263394741583,190.2441263425728,1870.8230415257112,2783.982602022152,-18.45038092206819,-2.0912015401545285,0.01639344262295082,1.0,-1.551179292132548,0.5573770491803278,0.45901639344262296,-17.847675942648824,-19.011655192023653,6.0,6.0,1698.424584728642,2096.263394741583
10,307,base,mey,seasonal60,http,1091.2459383758303,1080.5706416673015,16.34337182762055,1052.108231842523,1114.7140803871187,0.9879314037309935,0.6531881438619269,0.7377049180327869,0.2786885245901639,-1.8973424663983802,0.09836065573770492,0.9180327868852459,3.4118931048210057,-1.4079585675734199,56.5,57.15,526.2459383758303,509.0706416673015
10,307,base,trust,seasonal60,http,970.5449268785469,967.9251901699038,9.415709764088096,943.5785422373159,989.0659913243991,0.27065487449327347,0.27823040156090145,0.639344262295082,0.3770491803278688,-0.23105986380672433,0.3770491803278688,0.639344262295082,-0.9459510380581514,1.476081970659176,51.75,51.37222222222222,453.0449268785469,454.2029679476816
10,308,base,thr,ma10,timer,1901.2877974182222,2407.7394529572102,354.4782023997996,1862.6378768723227,3051.388510986453,-21.03432142198604,-1.4287243957747917,0.03278688524590164,0.9836065573770492,-10.197559194772648,0.4098360655737705,0.6065573770491803,-11.719293592823258,-30.04917174161121,6.25,6.25,1838.7877974182222,2345.2394529572102
10,308,base,mey,ma10,timer,1084.1786881450755,1096.6274949327533,16.551186567864175,1051.1949410921502,1130.9030447666821,-1.1351901028563165,-0.7521398382305956,0.18032786885245902,0.8360655737704918,-1.4553818175646815,0.13114754098360656,0.8852459016393442,-2.361303293072347,0.097940515507564,59.416666666666664,59.44861111111111,490.0120214784089,502.1413838216422
10,308,base,trust,ma10,timer,973.8315160661183,983.7316081221312,10.642204527516103,954.9497421425725,1003.0402382694239,-1.0063814128033794,-0.9302670354075215,0.21311475409836064,0.8032786885245902,-2.472510810847132,0.04918032786885246,0.9672131147540983,-1.1949061736454354,-0.8171187349638431,53.333333333333336,53.90555555555556,440.4981827327849,444.67605256657566
10,309,base,thr,naive,queue,1837.883615293321,2383.9415419641273,251.50237464484528,1844.4995610020317,3179.2963218658647,-22.905676043587444,-2.171183979641991,0.01639344262295082,1.0,13.439518164036865,0.9180327868852459,0.09836065573770492,-32.306838157461144,-13.708203996773786,10.416666666666666,11.306944444444444,1733.7169486266544,2270.872097519683
10,309,base,mey,naive,queue,1024.0667334560655,1057.3161850912022,11.34138390193018,1031.4168219065825,1102.081338648457,-3.1447027960012384,-2.9316926331607527,0.01639344262295082,1.0,0.37641528538444186,0.639344262295082,0.3770491803278688,-2.4033471980942895,-3.893258021768908,60.083333333333336,63.1375,423.2334001227322,425.9411850912022
10,309,base,trust,naive,queue,977.5249020082698,1009.2026828334012,8.968314475002867,987.1032431101943,1036.9548589172957,-3.1388918563111656,-3.5321888983070377,0.01639344262295082,1.0,0.8348858364712102,0.8360655737704918,0.18032786885245902,-3.7515048671803832,-2.50680738344895,57.333333333333336,59.519444444444446,404.19156867493643,414.0082383889568
10,310,base,thr,seasonal60,queue,2799.3225923886625,2356.419384358027,241.62263347535767,1951.380566696017,3160.4590513534204,18.795601961630368,1.833036920673269,0.9180327868852459,0.09836065573770492,-5.195997065381903,0.3770491803278688,0.639344262295082,19.33371704418848,18.19100982942189,7.5,7.395833333333333,2724.3225923886625,2282.4610510246935
10,310,base,mey,seasonal60,queue,1214.4693095127325,1109.820012889612,12.77060889583331,1075.7600801042408,1143.1165917538058,9.429393541989542,8.194542443255362,1.0,0.01639344262295082,-0.4860069539376385,0.29508196721311475,0.7213114754098361,11.1115249532771,7.742703510974903,65.08333333333333,67.4875,563.6359761793992,434.9450128896119
10,310,base,trust,seasonal60,queue,1112.3712588010812,1025.7880222156307,9.676060079136727,1003.2476015572547,1045.1427350317497,8.440655838273173,8.948191296593858,1.0,0.01639344262295082,0.46063364407447444,0.6721311475409836,0.3442622950819672,9.122997294024591,7.733019652186021,58.5,59.388888888888886,527.3712588010812,431.8991333267418
10,312,base,thr,naive,timer,2144.668163475537,2144.0023692602895,3.6898932467762258,2120.694784061576,2144.668163475537,0.031053800349908015,0.1804372567767582,1.0,0.9672131147540983,0.031053800349908015,1.0,0.9672131147540983,0.0,0.06494588979181244,6.0,6.0,2084.668163475537,2084.0023692602895
10,312,base,mey,naive,timer,1106.426829713368,1106.0393657103118,1.2865620500828547,1099.5962216944424,1108.868637385776,0.035031664791373124,0.30116231318288395,0.4262295081967213,0.5901639344262295,-0.17195665788307796,0.08196721311475409,0.9344262295081968,0.03332081447867624,0.03681191764327814,50.75,50.76111111111111,598.9268297133681,598.4282545992007
10,312,base,trust,naive,timer,957.6009085009233,958.1923657566211,0.7665974997853932,953.5739139996103,959.2307410047046,-0.06172635859301573,-0.7715355918371891,0.11475409836065574,0.9016393442622951,0.01778069634549151,0.7704918032786885,0.2459016393442623,-0.003544638512581375,-0.11974390652634437,50.666666666666664,50.75138888888889,450.9342418342567,450.67847686773223
10,313,base,thr,seasonal60,event,1797.1188354730884,2164.5121415675394,203.73193297438584,1831.0462023971884,2971.3819807739224,-16.973492503875946,-1.8033172352055453,0.01639344262295082,1.0,8.435671657312199,0.8688524590163934,0.14754098360655737,-14.043750510093822,-19.954085227639688,6.416666666666667,6.575,1732.9521688064217,2098.7621415675394
10,313,base,mey,seasonal60,event,1102.2682443289204,1121.8495653604862,14.312121981063072,1097.9857622911948,1157.8586457343426,-1.7454498032696226,-1.3681633693085158,0.09836065573770492,0.9180327868852459,1.3247453634493234,0.8360655737704918,0.18032786885245902,-1.5054592542819052,-1.9844620469397252,62.75,62.84444444444444,474.76824432892045,493.4051209160417
10,313,base,trust,seasonal60,event,968.9918259291726,981.2083760648168,9.431169329881708,960.2549027473593,1001.2804535698065,-1.245051554149919,-1.2953378004715999,0.09836065573770492,0.9180327868852459,-0.6496876723790732,0.26229508196721313,0.7540983606557377,-1.021638962717614,-1.4614960408155082,53.75,53.525,431.4918259291726,445.9583760648168
10,314,base,thr,ma10,event,1913.1723833504602,2139.583841929643,161.90423770170108,1865.0942292761763,2536.7584185766405,-10.582032549609611,-1.3984282424795593,0.08196721311475409,0.9344262295081968,-5.5016791150130375,0.26229508196721313,0.7540983606557377,-11.373230562287514,-9.754315575050187,5.916666666666667,5.916666666666667,1854.0057166837935,2080.4171752629763
10,314,base,mey,ma10,event,1067.2983112818704,1080.179394104723,12.290954441691262,1049.1804659014701,1111.3186258926091,-1.1924947738453051,-1.048013226634354,0.19672131147540983,0.819672131147541,0.8702852781074693,0.8688524590163934,0.14754098360655737,-1.4399833451023196,-0.9449693973930323,54.666666666666664,54.67777777777778,520.6316446152038,533.4016163269453
10,314,base,trust,ma10,event,966.4752550373205,974.9269565788048,9.358053632413405,954.6951361257989,994.5424654137902,-0.8669061291671419,-0.9031473716083714,0.2459016393442623,0.7704918032786885,-2.166414522774441,0.01639344262295082,1.0,-1.824690547201024,0.08921848191629363,51.0,52.048611111111114,456.4752550373205,454.44084546769375
10,315,base,thr,naive,http,2170.6586883938985,2290.4640912375285,165.17352436675571,1956.926842035022,2707.607109985525,-5.230616943612488,-0.7253305473921525,0.26229508196721313,0.7540983606557377,-8.932675827662939,0.06557377049180328,0.9508196721311475,-2.5469945332230854,-7.8550954993188995,6.0,6.0,2110.6586883938985,2230.4640912375285
10,315,base,mey,naive,http,1112.4991217716477,1096.480692627015,15.399040801154628,1061.3703107265621,1133.7299157147943,1.460894774741055,1.0402225275896093,0.8852459016393442,0.13114754098360656,-1.7469321374978366,0.11475409836065574,0.9016393442622951,1.702919093450252,1.2173341824422539,53.916666666666664,54.6,573.332455104981,550.4806926270151
10,315,base,trust,naive,http,963.3279411959905,969.2467694282178,9.382464313903528,945.1171076802661,996.8020238583807,-0.6106626732136472,-0.6308394078788423,0.22950819672131148,0.7868852459016393,0.10587500069924355,0.5737704918032787,0.4426229508196721,-1.606392647072943,0.3414809429371312,52.583333333333336,52.94166666666667,437.4946078626572,439.8301027615511
10,316,base,thr,seasonal60,http,1684.053564054205,2528.9724326735927,288.6176712441016,2054.2757971758533,3301.679433519126,-33.40957211329314,-2.927467555875289,0.01639344262295082,1.0,-5.163167709204355,0.32786885245901637,0.6885245901639344,-32.16941998423748,-34.61391350182111,7.166666666666667,7.451388888888889,1612.3868973875383,2454.458543784704
10,316,base,mey,seasonal60,http,1060.8364028126955,1063.5567389792009,9.003704524268377,1036.9542332921912,1082.227075906211,-0.2557772488110365,-0.30213521103153096,0.4262295081967213,0.5901639344262295,0.19377062997370145,0.5737704918032787,0.4426229508196721,0.7213520719264195,-1.2280496458801988,64.25,64.36805555555556,418.3364028126955,419.87618342364533
10,316,base,trust,seasonal60,http,1054.16515538685,1076.0099742063069,11.352064283644864,1053.4694984086811,1103.9449668130328,-2.030168803553156,-1.9243036573470653,0.03278688524590164,0.9836065573770492,-0.19083281497111998,0.45901639344262296,0.5573770491803278,-0.8765231347345513,-3.1864550641745986,63.583333333333336,64.35416666666667,418.3318220535167,432.46830753964014
10,317,base,thr,ma10,timer,1705.5772517027751,2122.447773425525,184.11158878092104,1766.4583309285601,2639.625956335472,-19.641026127580126,-2.2642274963951055,0.01639344262295082,1.0,3.477739032754118,0.7213114754098361,0.29508196721311475,-21.040323087483536,-18.18422216683148,11.5,11.881944444444445,1590.5772517027751,2003.6283289810808
10,317,base,mey,ma10,timer,1007.3989479560832,1021.0429665684059,7.592195958181783,1004.596011188458,1039.8359087943861,-1.3362825129855607,-1.7971109659806712,0.03278688524590164,0.9836065573770492,0.014424782919800658,0.5737704918032787,0.4426229508196721,-0.09893383133403398,-2.5646193832677477,56.833333333333336,58.727777777777774,439.0656146227499,433.76518879062814
10,317,base,trust,ma10,timer,1024.1193628687995,1039.264195026476,9.129880608846813,1018.5150426582487,1063.2887412733105,-1.4572648831888912,-1.6588203949787987,0.09836065573770492,0.9180327868852459,-1.4289546645244817,0.09836065573770492,0.9180327868852459,-1.3218588784077465,-1.59056547463419,60.0,61.31527777777778,424.1193628687995,426.1114172486982
10,319,base,thr,seasonal60,queue,2668.9499950524605,2273.098463751596,237.34845304425778,1830.703717813885,3132.3432659971663,17.414623150443667,1.667807505056927,0.9508196721311475,0.06557377049180328,-2.585858111666382,0.4098360655737705,0.6065573770491803,10.124473225382934,24.307086910839367,6.666666666666667,7.173611111111111,2602.283328385794,2201.3623526404845
10,319,base,mey,seasonal60,queue,1137.2353503469828,1098.0745983735103,12.479049515294449,1056.932240306045,1125.519012236687,3.5663107070756594,3.138119768294591,1.0,0.01639344262295082,0.12384870165816003,0.4918032786885246,0.5245901639344263,3.510969773389977,3.6198441354281514,61.416666666666664,61.852777777777774,523.0686836803162,479.5468205957326
10,319,base,trust,seasonal60,queue,993.956443818599,989.1916933685219,10.986506197487198,969.962092277355,1026.960554015833,0.48168120314997875,0.4336911447942317,0.6229508196721312,0.39344262295081966,0.47475392573220243,0.6229508196721312,0.39344262295081966,-1.0812568085256777,2.0255776902501474,55.25,55.80972222222222,441.45644381859904,431.0944711462997
10,318,base,thr,naive,storage,1647.3918352077105,2099.9248066045234,208.49493103252863,1751.3280657610055,2767.1570217586122,-21.5499607401913,-2.170474692865364,0.01639344262295082,1.0,12.31904645103598,0.8688524590163934,0.14754098360655737,-24.364731622683877,-18.583557299164557,12.333333333333334,12.759722222222223,1524.0585018743773,1972.3275843823012
10,318,base,mey,naive,storage,1057.1989016850919,1071.568350754344,14.203098846731896,1048.9711225570604,1151.5835947708283,-1.3409736354322697,-1.0117122484547463,0.08196721311475409,0.9344262295081968,0.25424386593134335,0.6557377049180327,0.36065573770491804,-2.242747398592385,-0.4505808148174785,63.416666666666664,63.977777777777774,423.03223501842524,431.7905729765663
10,318,base,trust,naive,storage,1035.481179989989,1050.091463342442,10.334209763633018,1028.3915780614782,1096.3044350508496,-1.3913343610992235,-1.4137784781443,0.06557377049180328,0.9508196721311475,0.022065878535147486,0.5245901639344263,0.4918032786885246,-1.0655829102870364,-1.7280909106289999,61.833333333333336,62.69027777777778,417.1478466566556,423.1886855646642
10,320,base,thr,ma10,queue,2443.1236670928897,2357.2989949353787,239.66941093537972,2024.618941007134,3130.471967900959,3.640805529629633,0.35809606166492103,0.7377049180327869,0.2786885245901639,-2.914385865059972,0.4918032786885246,0.5245901639344263,1.9768909111643282,5.400809059642347,7.0,6.998611111111111,2373.1236670928897,2287.3128838242674
10,320,base,mey,ma10,queue,1154.3124110108272,1127.143406619848,13.646567569168024,1092.9965164625485,1164.3616475361116,2.410430139715347,1.9909038850445167,0.9836065573770492,0.03278688524590164,2.263963358886487,0.9836065573770492,0.03278688524590164,1.236801017600198,3.6312014867188314,64.33333333333333,65.94722222222222,510.97907767749393,467.6711843976259
10,320,base,trust,ma10,queue,1034.6070529815213,1010.6339140949901,10.710256136948518,978.5309298161578,1044.4305493639417,2.3720892948658667,2.238334786768358,0.9836065573770492,0.03278688524590164,-0.13369964537648843,0.4426229508196721,0.5737704918032787,1.6608772011772734,3.1089700901276363,57.083333333333336,56.24444444444445,463.7737196481879,448.1894696505457
10,321,base,thr,naive,timer,1736.343423532249,1750.855546946582,50.867044749986306,1724.007600670712,2137.0146026148254,-0.8288589792368393,-0.28529519427874617,0.04918032786885246,0.9672131147540983,-0.30530541237332537,0.9344262295081968,0.36065573770491804,-0.7598123016067724,-0.8918816504543415,7.916666666666667,8.715277777777779,1657.1767568655823,1663.7027691688043
10,321,base,mey,naive,timer,932.8117028295525,945.5428763903614,46.5598069234589,935.5443077277782,1299.9806279301724,-1.3464406404721196,-0.27343699216231826,0.01639344262295082,1.0,-0.34593089949474737,0.9344262295081968,0.08196721311475409,-1.3213254297530101,-1.3716168938731628,51.416666666666664,52.0375,418.64503616288584,425.16787639036136
10,321,base,trust,naive,timer,929.2699839345338,939.0081816768294,23.288927873659645,933.2608681987017,1116.1139203697137,-1.0370727254905976,-0.41814710385658155,0.01639344262295082,1.0,-0.22089831229228812,0.8360655737704918,0.18032786885245902,-0.9757058803460139,-1.1022884848315546,52.916666666666664,53.519444444444446,400.10331726786717,403.81373723238494
10,322,base,thr,seasonal60,storage,1661.8600030292455,2325.6666256553995,307.3510849801834,1717.7754896544031,3255.553528309676,-28.542638712850156,-2.1597666481930697,0.01639344262295082,1.0,5.950555207537336,0.7540983606557377,0.26229508196721313,-27.926940270551885,-29.1925659146222,6.0,6.038888888888889,1601.8600030292455,2265.2777367665108
10,322,base,mey,seasonal60,storage,1074.0650431410613,1095.2226747969248,13.105767604687026,1064.3989377616317,1122.3047984540365,-1.9318109588798027,-1.6143756164497283,0.08196721311475409,0.9344262295081968,2.4896854819676952,1.0,0.01639344262295082,-2.612367233801324,-1.2384586882945163,59.666666666666664,60.827777777777776,477.3983764743947,486.9448970191471
10,322,base,trust,seasonal60,storage,957.9449375413368,969.6359272893561,9.83108026489599,946.7176104547639,989.2549848050909,-1.2057092171390351,-1.18918668478016,0.11475409836065574,0.9016393442622951,1.239806930087288,0.8688524590163934,0.14754098360655737,-0.2363973047425262,-2.155605786836393,51.583333333333336,51.830555555555556,442.1116042080034,451.3303717338006
10,323,base,thr,ma10,http,2248.042995261263,2328.7046247657377,196.89892656128154,2019.194721803697,3029.844344847881,-3.463798226990208,-0.40966007744775595,0.4098360655737705,0.6065573770491803,-8.53726192692765,0.11475409836065574,0.9016393442622951,-6.226318788201773,-0.49925151324228134,6.166666666666667,6.384722222222222,2186.3763285945965,2264.8574025435155
10,323,base,mey,ma10,http,1106.9705259862883,1125.0824397247777,14.78392846891328,1080.3887222758078,1151.7618954119941,-1.6098299199230264,-1.2251083178989954,0.11475409836065574,0.9016393442622951,-0.3695429772369806,0.3114754098360656,0.7049180327868853,-2.2031125401849083,-1.0364971981324942,61.833333333333336,61.44444444444444,488.6371926529549,510.63799528033326
10,323,base,trust,ma10,http,968.5971021741942,974.021789106676,10.631531069187453,951.3094638152828,1007.6789302006613,-0.5569369179571477,-0.5102451281174113,0.32786885245901637,0.6885245901639344,0.12742398193563423,0.5409836065573771,0.47540983606557374,-0.6892598643398522,-0.42854167458149656,52.5,52.625,443.5971021741942,447.771789106676
10,324,base,thr,naive,queue,1929.4617752559677,2368.1775272848117,218.45309020091074,2052.767562270709,3180.5141074102453,-18.525458795812707,-2.008283570744448,0.01639344262295082,1.0,-3.1630293261955424,0.45901639344262296,0.5573770491803278,-19.813991859093157,-17.10415859922632,6.416666666666667,6.593055555555556,1865.295108589301,2302.246971729256
10,324,base,mey,naive,queue,1087.1855100625,1117.0625963048683,14.060379672469216,1080.1930826684122,1145.9556908367065,-2.674611641388645,-2.1249131914174963,0.06557377049180328,0.9508196721311475,-1.06827215279758,0.18032786885245902,0.8360655737704918,-3.7004721039257515,-1.6855134652801107,63.583333333333336,62.36527777777778,451.3521767291667,493.40981852709047
10,324,base,trust,naive,queue,974.3008097725786,1002.9752702483537,8.599820828235515,986.0717161852499,1022.8325074144146,-2.8589399286659147,-3.334309056954898,0.01639344262295082,1.0,-0.1652637071661378,0.47540983606557374,0.5409836065573771,-4.7281098566176,-1.0243386732039599,54.333333333333336,55.706944444444446,430.9674764392453,445.90582580390924
10,325,base,thr,seasonal60,http,2138.9163484479736,2087.427153979914,202.20001539987035,1772.3583483702766,2869.5946458275157,2.466634314394633,0.2546448592807222,0.7213114754098361,0.29508196721311475,2.803965219317827,0.7377049180327869,0.2786885245901639,-3.9968787641111168,9.46345307225196,6.0,6.0,2078.9163484479736,2027.4271539799138
10,325,base,mey,seasonal60,http,1055.5334151231402,1075.2991149919794,14.464524820806478,1050.0386602818096,1117.5254845777702,-1.8381582941214105,-1.3664949325129054,0.08196721311475409,0.9344262295081968,2.64337826139782,0.9672131147540983,0.04918032786885246,-2.9134881795399528,-0.7603226952673057,55.583333333333336,56.041666666666664,499.70008178980686,514.8824483253128
10,325,base,trust,seasonal60,http,930.3757744080493,949.6719940795834,8.436665329879885,933.859626899046,969.2226599455606,-2.0318825649097825,-2.2871856257226746,0.01639344262295082,1.0,1.1852601185559888,0.9016393442622951,0.11475409836065574,-1.9014054344988491,-2.166423179232287,49.666666666666664,50.519444444444446,433.7091077413827,444.477549635139
10,326,base,thr,ma10,queue,1817.8451747845586,2319.515803570412,253.62708332558722,1902.122103444893,3149.666467170068,-21.628247930608445,-1.977985245928357,0.01639344262295082,1.0,30.20395879261674,0.9672131147540983,0.04918032786885246,-24.622006104557848,-18.5806717765292,7.5,7.743055555555555,1742.8451747845586,2242.0852480148565
10,326,base,mey,ma10,queue,1095.1741191758044,1116.5523929706465,11.973488926098701,1084.931136789779,1142.1495401152135,-1.914668217042999,-1.7854673710219613,0.04918032786885246,0.9672131147540983,1.1048339692978688,0.819672131147541,0.19672131147540983,-2.5843871768890643,-1.2048147121775388,63.666666666666664,64.77638888888889,458.5074525091378,468.78850408175754
10,326,base,trust,ma10,queue,1019.432047973079,1016.4783216466401,10.44643635891641,995.064814158376,1044.0441089287758,0.2905842912275779,0.2827496597840044,0.639344262295082,0.3770491803278688,1.0401267347183414,0.8032786885245902,0.21311475409836064,-0.756790465934421,1.3957222711036907,59.583333333333336,59.08888888888889,423.5987146397456,425.5894327577512
10,328,base,thr,seasonal60,timer,2159.5562346605443,2053.494836203611,219.8946031878193,1717.4252192192107,2667.218862333388,5.164921605209082,0.4823283378462116,0.7377049180327869,0.2786885245901639,-4.918783887522117,0.3770491803278688,0.639344262295082,4.766749157033776,5.588498809424084,6.0,6.001388888888889,2099.5562346605443,1993.4809473147222
10,328,base,mey,seasonal60,timer,1085.2190638061163,1071.355246948666,14.618458362072662,1038.5279282264764,1094.184553050861,1.294044799513131,0.9483774905717629,0.7868852459016393,0.22950819672131148,-1.3387532558142294,0.19672131147540983,0.819672131147541,1.35012398767992,1.2384515635943039,56.75,57.013888888888886,517.7190638061163,501.2163580597771
10,328,base,trust,seasonal60,timer,962.9678057662846,950.1339118183797,8.779375651825708,934.6950471715085,976.1723824471625,1.3507458041723022,1.4618230790974371,0.9508196721311475,0.06557377049180328,-1.027691691276368,0.16393442622950818,0.8524590163934426,1.3754543223311437,1.325603541624029,51.25,50.733333333333334,450.46780576628464,442.80057848504634
10,329,base,thr,ma10,http,2342.5120473608536,2249.1161111938777,106.69330903275282,2020.8394180918233,2446.081498692414,4.152561786478837,0.8753682589252627,0.7868852459016393,0.22950819672131148,5.155558328087982,0.8524590163934426,0.16393442622950818,2.575332979498656,5.7279946617922635,6.0,6.0,2282.5120473608536,2189.1161111938777
10,329,base,mey,ma10,http,1109.467925125149,1095.1505718174162,13.751811498786237,1072.7248644083409,1138.078238993934,1.3073410794985794,1.0411248953635202,0.8688524590163934,0.14754098360655737,-1.015208413678074,0.26229508196721313,0.7540983606557377,-0.9038264676486906,3.4764896108673753,55.333333333333336,54.91388888888889,556.1345917918155,546.0116829285273
10,329,base,trust,ma10,http,958.5612851271834,955.4662143224249,10.570076271938763,937.8839964741727,983.8448456688116,0.3239330452886182,0.2928144249039377,0.6885245901639344,0.32786885245901637,1.052424790969041,0.819672131147541,0.19672131147540983,1.4932141696332735,-0.8460462970348954,52.083333333333336,51.82083333333333,437.72795179385,437.2578809890915
10,330,base,thr,naive,storage,2743.555644889502,2628.579223543718,480.16169756668,1940.016126070138,3865.0446271217784,4.374090014710641,0.23945354643748423,0.639344262295082,0.3770491803278688,-10.160367622937713,0.4098360655737705,0.6065573770491803,13.847996766132992,-5.628807915447552,6.75,6.809722222222222,2676.055644889502,2560.4820013214958
10,330,base,mey,naive,storage,1157.313175425968,1149.3542479501473,12.61424293969368,1116.4311187166888,1180.1089448896353,0.6924694879768623,0.6309476925306445,0.7540983606557377,0.26229508196721313,-1.7820051593437336,0.06557377049180328,0.9508196721311475,1.5074442198262672,-0.08379820557652397,68.75,68.17916666666666,469.813175425968,467.56258128348065
10,330,base,trust,naive,storage,1028.3210510469464,1026.3589088978958,10.62329045434725,1004.6834354875746,1050.0822856690666,0.1911750491996534,0.18470192050972611,0.5901639344262295,0.4262295081967213,-1.3055677849964624,0.11475409836065574,0.9016393442622951,-0.32190905713444407,0.6994506566363605,57.833333333333336,57.67916666666667,449.98771771361305,449.5672422312292
10,332,base,thr,ma10,http,2172.0993261771414,2594.7776773879436,334.31900760317535,2030.330307566897,3706.0024436195818,-16.289578675437628,-1.2642965000437734,0.04918032786885246,0.9672131147540983,-8.234989323073904,0.2786885245901639,0.7377049180327869,-26.086917906897554,-7.217340341374366,8.166666666666666,8.176388888888889,2090.432659510475,2513.013788499055
10,332,base,mey,ma10,http,1087.563664037236,1119.4113877093894,14.442972071356827,1089.1738135136866,1151.6167441100754,-2.845041958821065,-2.2050671783346725,0.01639344262295082,1.0,-0.13088647513188553,0.5081967213114754,0.5081967213114754,-3.6264067798734363,-2.069016283735715,63.333333333333336,64.66944444444445,454.2303307039027,472.7169432649448
10,332,base,trust,ma10,http,1019.5044492459325,1019.7915156192701,12.09082643882238,996.7316001536587,1043.8414945170696,-0.028149515753053772,-0.023742493930424154,0.5737704918032787,0.4426229508196721,-2.465183039730168,0.01639344262295082,1.0,-1.1780751797766367,1.1583044438057037,56.25,57.27361111111111,457.0044492459325,447.055404508159
10,333,base,thr,naive,storage,2319.1285232923096,2379.861874624258,269.06910431177437,1679.4669795578893,3240.396817024035,-2.5519695903165376,-0.2257165551849294,0.4262295081967213,0.5901639344262295,26.86327320948122,0.9836065573770492,0.03278688524590164,-6.615170759309232,1.7106167870379623,7.583333333333333,8.506944444444445,2243.295189958976,2294.7924301798134
10,333,base,mey,naive,storage,1193.5989878732141,1159.5816625467135,12.340275331449195,1125.8930151180323,1189.9133085462759,2.9335860013335013,2.7566099145136174,1.0,0.01639344262295082,0.36826602396495445,0.6721311475409836,0.3442622950819672,0.8423346411384934,4.988680042606701,67.75,68.92777777777778,516.0989878732141,470.30388476893563
10,333,base,trust,naive,storage,1072.2022504316965,1046.4253397565124,10.494779919370833,1023.747277275654,1067.1495727017043,2.4633301293317333,2.456164957552484,1.0,0.01639344262295082,-0.49119600794251905,0.3442622950819672,0.6721311475409836,0.37522352314874285,4.503131043664499,59.833333333333336,60.205555555555556,473.8689170983631,444.3697842009568
10,334,base,thr,seasonal60,queue,1750.3937355370933,2238.9862116730674,287.0344561480022,1815.2516152290636,3416.2253075578296,-21.822040421181363,-1.7022084480479354,0.01639344262295082,1.0,-4.103201284315435,0.4098360655737705,0.6065573770491803,-26.23765305899353,-16.643694840384423,10.166666666666666,11.480555555555556,1648.7270688704266,2124.1806561175117
10,334,base,mey,seasonal60,queue,1005.6578744859534,1050.0908838128769,11.069072198158942,1021.7080264636716,1073.4020811023602,-4.231348925303246,-4.0141584164853334,0.01639344262295082,1.0,-0.33593047228609885,0.39344262295081966,0.6229508196721312,-3.692315925533521,-4.780799674965103,60.083333333333336,63.1,404.82454115262,419.0908838128769
10,334,base,trust,seasonal60,queue,969.439855369271,1002.9093921979361,9.971239486310676,983.2882335195204,1025.3029742809492,-3.3372443302494785,-3.356607458342046,0.01639344262295082,1.0,0.2694160322050745,0.6229508196721312,0.39344262295081966,-2.219905330102162,-4.466539983955063,56.166666666666664,58.888888888888886,407.77318870260433,414.02050330904717
10,335,base,thr,ma10,orchestration,2649.2725302832664,2534.5804905497853,276.39185469152767,2201.0644756097354,3582.030677644337,4.525089661232374,0.4149617211458179,0.8032786885245902,0.21311475409836064,-8.342555735452539,0.14754098360655737,0.8688524590163934,5.269343479604837,3.6819205591292135,7.166666666666667,7.058333333333334,2577.6058636166,2463.997157216452
10,335,base,mey,ma10,orchestration,1117.7557505335474,1100.738861801874,14.675287333374666,1058.227352485291,1134.3136338787579,1.5459514806097845,1.1595608552735732,0.8688524590163934,0.14754098360655737,1.414914613227857,0.819672131147541,0.19672131147540983,0.316607595028996,2.8268094232314382,61.666666666666664,60.790277777777774,501.08908386688074,492.8360840240963
10,335,base,trust,ma10,orchestration,1008.5026236362942,1003.0069459333816,9.963548986027265,977.5484560888887,1031.4599580286088,0.5479202038624312,0.5515783292298345,0.6885245901639344,0.32786885245901637,-0.1632293860494229,0.47540983606557374,0.5409836065573771,1.973941097287426,-0.9180721363991913,56.666666666666664,56.486111111111114,441.83595696962755,438.14583482227056
10,336,base,thr,naive,orchestration,1802.0675267411207,1910.5080628845099,154.31209658268688,1775.9723349204262,2365.5043752854795,-5.676005155385958,-0.7027351616940944,0.2459016393442623,0.7704918032786885,16.586753608127907,0.9344262295081968,0.08196721311475409,-8.654523909008049,-3.034594512935345,12.166666666666666,12.386111111111111,1680.400860074454,1786.6469517733988
10,336,base,mey,naive,orchestration,987.4647719780102,994.756236292167,4.838857849782217,987.6323057773133,1008.1364640241603,-0.7329900580804529,-1.5068564815321142,0.01639344262295082,1.0,0.19622279161900627,0.7049180327868853,0.3114754098360656,-0.4773157231953263,-0.9782427720852969,56.75,57.31944444444444,419.96477197801016,421.5617918477226
10,336,base,trust,naive,orchestration,974.816621903232,978.6087206433491,4.412066346010182,971.9137879763708,993.1828336598815,-0.3874989727890586,-0.8594836166836678,0.2459016393442623,0.7704918032786885,-0.8654552209387956,0.01639344262295082,1.0,0.29807083309464893,-1.0596936502681655,54.5,55.172222222222224,429.816621903232,426.8864984211268
10,337,base,thr,seasonal60,event,1970.3135098733449,2312.559683957341,316.9481649635455,1810.9978564877144,3273.2125009618017,-14.79945259178484,-1.0798174967296632,0.08196721311475409,0.9344262295081968,-18.131280809554617,0.06557377049180328,0.9508196721311475,-16.86336522261249,-12.731437250480065,6.333333333333333,6.269444444444445,1906.9801765400116,2249.8652395128966
10,337,base,mey,seasonal60,event,1090.3000231857366,1088.005573599767,17.042905796152834,1057.5113258690133,1134.669401319207,0.21088583015048912,0.13462783949010593,0.5737704918032787,0.4426229508196721,0.601957070780952,0.639344262295082,0.3770491803278688,2.7872372854667007,-2.3614744395849705,64.33333333333333,63.294444444444444,446.9666898524033,455.06112915532265
10,337,base,trust,seasonal60,event,960.4305746738631,972.7778232387298,11.056856359265648,953.978252973318,998.295615310341,-1.269277348835745,-1.1167051613652936,0.09836065573770492,0.9180327868852459,-1.3592351376556866,0.08196721311475409,0.9344262295081968,-1.3725930317901838,-1.167658938355791,52.416666666666664,53.525,436.2639080071965,437.52782323872975
10,338,base,thr,ma10,timer,2121.0966149187284,2519.3400963871477,513.7498192985307,1786.1437254062093,3746.55384408946,-15.80745219907067,-0.7751700662633366,0.2786885245901639,0.7377049180327869,-10.821377114147555,0.3770491803278688,0.639344262295082,-20.414549908339897,-11.128239408563958,6.083333333333333,6.333333333333333,2060.263281585395,2456.006763053814
10,338,base,mey,ma10,timer,1105.4063409325952,1112.9945469282573,9.990063956678856,1089.2765933360633,1140.8808414313621,-0.6817828547861875,-0.7595753168916372,0.22950819672131148,0.7868852459016393,-1.1786011822095768,0.08196721311475409,0.9344262295081968,-0.4059197637572735,-0.9508476883786398,63.166666666666664,64.25138888888888,473.73967426592856,470.48065803936845
10,338,base,trust,ma10,timer,1027.4524043231813,1033.476196745378,10.24403711527255,1011.0550607776787,1051.3672410319652,-0.5828670695238884,-0.588029148509821,0.29508196721311475,0.7213114754098361,-0.08757641599738133,0.4098360655737705,0.6065573770491803,-1.7808126158213684,0.5775162479184724,58.666666666666664,59.21944444444444,440.7857376565147,441.2817523009336
10,339,base,thr,naive,http,2481.3992167244655,2298.2175267238154,250.7737359857299,1883.806423118606,2966.5023948697303,7.97059842554511,0.7304660086536096,0.7540983606557377,0.26229508196721313,1.8692405905543636,0.6065573770491803,0.4098360655737705,8.698862316907269,7.255551802314946,6.0,6.0,2421.3992167244655,2238.2175267238154
10,339,base,mey,naive,http,1073.2201253970316,1091.5524298024632,15.04108872559665,1061.8584468063793,1130.9831322548087,-1.679470807348135,-1.2188149900501573,0.13114754098360656,0.8852459016393442,0.41182038615488464,0.639344262295082,0.3770491803278688,-1.8194971521921925,-1.5393374174316345,58.916666666666664,60.579166666666666,484.0534587303649,485.76076313579654
10,339,base,trust,naive,http,974.6194994937296,973.6335764074441,10.734808621464767,951.9318640098309,998.350565372587,0.10126223151869175,0.09184356433835476,0.5409836065573771,0.47540983606557374,0.15611415536445516,0.5901639344262295,0.4262295081967213,1.9890020989764265,-1.704820163341909,53.666666666666664,54.65416666666667,437.95283282706293,427.0919097407774
10,340,base,thr,seasonal60,timer,2428.4379522714075,2111.1787106698803,183.95967152658366,1825.276832915523,2801.797495382322,15.027588142969687,1.7246130033216587,0.9508196721311475,0.06557377049180328,-8.361779486417381,0.14754098360655737,0.8688524590163934,11.31143817844957,18.453226534936274,5.833333333333333,5.833333333333333,2370.104618938074,2052.845377336547
10,340,base,mey,seasonal60,timer,1080.7101095961277,1058.90024466816,12.667637808613252,1032.8022027659651,1088.7572852282308,2.059671346549037,1.721699440533286,0.9344262295081968,0.08196721311475409,-1.4045536687135356,0.13114754098360656,0.8852459016393442,1.2850444368807346,2.8260417836326175,57.083333333333336,57.31111111111111,509.87677626279435,485.7891335570489
10,340,base,trust,seasonal60,timer,967.0396615615591,954.4670678600606,9.726759026203444,933.7995171419352,980.2156258404407,1.3172370346612954,1.2925778944074264,0.9344262295081968,0.08196721311475409,0.5435698874657172,0.7049180327868853,0.3114754098360656,2.471099316762956,0.2138555860213111,52.916666666666664,52.515277777777776,437.8729948948925,429.3142900822829
10,341,base,thr,ma10,event,2060.4513622950763,2572.099134456553,293.04582086456594,2057.157250495879,3422.1876746896983,-19.892225976335887,-1.7459650871388475,0.03278688524590164,0.9836065573770492,2.3612478022471572,0.6557377049180327,0.36065573770491804,-21.980022596351702,-18.047704555014178,6.75,6.926388888888889,1992.9513622950763,2502.8352455676645
10,341,base,mey,ma10,event,1119.053007324494,1133.975924697592,13.470456066777244,1098.4704285919822,1163.3336329009162,-1.3159818518261444,-1.1078256964070459,0.13114754098360656,0.8852459016393442,-1.0545533103180313,0.18032786885245902,0.8360655737704918,-3.367612242035291,0.7675309466788067,63.0,62.94861111111111,489.05300732449405,504.489813586481
10,341,base,trust,ma10,event,1000.7843152626186,1014.2782426706842,11.698871412026689,993.4376081898572,1040.1080933998908,-1.3303970094571766,-1.1534383901504843,0.14754098360655737,0.8688524590163934,0.7467655057670046,0.7377049180327869,0.2786885245901639,-1.4160253938093499,-1.2427423918920055,56.0,56.59166666666667,440.78431526261863,448.3615760040175
10,342,base,thr,naive,queue,1710.6481160741248,1710.1054702681026,7.166544040766081,1690.5498408593883,1748.6515525855987,0.031731715701552095,0.0757193150471671,0.6721311475409836,0.3442622950819672,-0.2352977604786564,0.09836065573770492,0.9180327868852459,0.21084505649013519,-0.1280800711094384,10.916666666666666,10.856944444444444,1601.481449407458,1601.5360258236583
10,342,base,mey,naive,queue,940.5874549254667,936.5343598367043,2.031139913381537,932.9865651514277,945.7657921375061,0.4327759089873704,1.995478037755934,0.9836065573770492,0.03278688524590164,0.10879812735693656,0.7377049180327869,0.2786885245901639,0.6509459144768251,0.21765448282898928,53.25,52.75833333333333,408.08745492546666,408.95102650337094
10,342,base,trust,naive,queue,938.9687072645283,940.3971417635493,3.239580777025073,935.5702050737331,951.3427202478041,-0.15189694179016025,-0.44093189746997125,0.36065573770491804,0.6557377049180327,0.026638260320438575,0.5737704918032787,0.4426229508196721,0.05203729904060747,-0.3611316370480956,53.25,53.37222222222222,406.46870726452835,406.6749195413271
10,343,base,thr,seasonal60,event,2605.1992541324257,2291.2376943947775,254.14055146025112,1854.9562988878217,2954.4180749707534,13.702705769275507,1.2353855295177223,0.8688524590163934,0.14754098360655737,25.901142063340103,0.9672131147540983,0.04918032786885246,17.291424710077845,10.03959343124605,7.0,7.3,2535.1992541324257,2218.2376943947775
10,343,base,mey,seasonal60,event,1086.7882608061338,1078.1435753782794,11.099974189671677,1057.5222316540446,1118.2300644333989,0.8018120800674802,0.7788022999096885,0.7704918032786885,0.2459016393442623,-0.005245236547767453,0.5573770491803278,0.45901639344262296,1.085818437525661,0.5063697421764388,63.166666666666664,62.18611111111111,455.1215941394672,456.2824642671683
10,343,base,trust,seasonal60,event,970.2493867197732,986.0156648020418,9.74192127685871,964.4824996148537,1005.6983733567314,-1.598988600798138,-1.618395143442637,0.06557377049180328,0.9508196721311475,-1.3370604896822784,0.09836065573770492,0.9180327868852459,-1.7042595116426358,-1.4931997496893756,54.666666666666664,55.06111111111111,423.5827200531065,435.4045536909307
10,344,base,thr,ma10,queue,2424.5501042571073,2062.666973064959,151.237092180824,1813.2114038382254,2430.5013616749234,17.544428447138923,2.392819948954512,0.9836065573770492,0.03278688524590164,-12.338959535165829,0.01639344262295082,1.0,16.510472745434857,18.54771801475568,9.666666666666666,9.52361111111111,2327.8834375904407,1967.430861953848
10,344,base,mey,ma10,queue,1029.7743333522271,1028.4453652271443,9.073391466068506,1010.8782768950368,1055.6037702112042,0.12922107192240784,0.14646873002809818,0.5737704918032787,0.4426229508196721,-1.3730838714055233,0.06557377049180328,0.9508196721311475,0.38270735605854633,-0.11931154647272693,61.416666666666664,61.172222222222224,415.6076666855605,416.723143004922
10,344,base,trust,ma10,queue,987.1996469708838,997.7249694370948,7.8776760425779795,978.1022537445605,1018.4255548332015,-1.054932249731036,-1.3360948596163154,0.09836065573770492,0.9180327868852459,-0.7349274746849224,0.14754098360655737,0.8688524590163934,-0.7381510385020813,-1.3671830664251927,55.333333333333336,56.525,433.86631363755043,432.47496943709484
10,345,base,thr,naive,event,2957.846318655544,2376.7152822872513,353.0979794040706,1760.645462742032,3276.569427078137,24.45101610189659,1.6458067456207974,0.9180327868852459,0.09836065573770492,6.298797120382075,0.6885245901639344,0.32786885245901637,35.71409761245837,14.54068767997599,8.5,9.556944444444444,2872.846318655544,2281.145837842807
10,345,base,mey,naive,event,1196.3969264118505,1064.2983532984663,10.185976277301597,1039.56255113692,1085.4622078090013,12.411799069686163,12.968670799651507,1.0,0.01639344262295082,-0.9441996201017832,0.14754098360655737,0.8688524590163934,14.316108754219181,10.57594835562879,61.0,62.89861111111111,586.3969264118505,435.3122421873552
10,345,base,trust,naive,event,1123.8304651764768,1052.754971772295,7.407244645439696,1036.1191795516418,1076.210972098942,6.751380455086086,9.595402448053301,1.0,0.01639344262295082,-0.15543003898242788,0.3442622950819672,0.6721311475409836,6.346363366196305,7.1606165947569975,60.916666666666664,62.43888888888889,514.6637985098101,428.3660828834061
