day,k,variant,algo,forecaster,trigger,cost_real,perm_mean,perm_sd,perm_min,perm_max,gap,z,p_lo,p_hi,sham_gap,sham_p_lo,sham_p_hi,gap_half_a,gap_half_b,nfac_real,nfac_perm,serve_real,serve_perm
1,1,signed,thr,seasonal60,http,1920.243783473929,2251.593905086136,238.97166054641048,1872.8268426991333,2878.192065765468,-14.716247048978008,-1.3865665947776933,0.04878048780487805,0.975609756097561,-3.9313407234121103,0.43902439024390244,0.5853658536585366,-11.532714016983904,-17.942496805981662,6.25,6.625,1857.743783473929,2185.343905086136
1,1,signed,mey,seasonal60,http,1089.8200915543086,1091.7537593185523,17.7186055032039,1048.1384327862693,1124.1005003263017,-0.17711574132344535,-0.10913205127198011,0.4146341463414634,0.6097560975609756,-0.8557289720795399,0.21951219512195122,0.8048780487804879,-1.1557100821593522,0.7886557469404955,63.0,64.3625,459.82009155430865,448.1287593185523
1,1,signed,trust,seasonal60,http,943.3256929552804,945.5921495577593,12.878722671208653,920.893825757043,985.4043085508026,-0.2396864867732777,-0.17598458017468954,0.4878048780487805,0.5365853658536586,-1.3716339745027297,0.17073170731707318,0.8536585365853658,3.263605710985648,-3.5921171550940163,53.625,54.109375,407.0756929552804,404.4983995577593
1,1,dwell200,thr,seasonal60,http,2224.260362531829,2200.0245578091844,198.88305643375588,1855.6600797699527,2855.3089921205483,1.101615190458544,0.1218595749543746,0.5365853658536586,0.4878048780487805,0.7847205262904138,0.5365853658536586,0.4878048780487805,11.583432546235706,-9.96812677901813,4.625,4.9,2178.010362531829,2151.0245578091844
1,1,dwell200,mey,seasonal60,http,906.7488006854114,905.958332380225,14.888120082172726,871.3930412965665,933.748384408932,0.08725217009811465,0.053093896396829585,0.4634146341463415,0.5609756097560976,0.2620603315464445,0.5365853658536586,0.4878048780487805,-1.3948487049127525,1.6851549023466028,46.75,47.584375,439.2488006854114,430.114582380225
1,1,dwell200,trust,seasonal60,http,805.7260950862499,803.7447176084592,10.309341518018755,783.3203169950857,817.767074462138,0.24651825814623085,0.19219243773500444,0.4878048780487805,0.5365853658536586,0.1492766618461961,0.4878048780487805,0.5365853658536586,1.2393676768747603,-0.8267724277154517,41.625,41.28125,389.47609508624987,390.93221760845915
1,1,f2,thr,seasonal60,http,2071.432938549271,2042.5979839897423,152.52522723792393,1740.0661658230886,2425.9939018265345,1.4116803593043008,0.18905039567355755,0.6585365853658537,0.36585365853658536,-7.506595161452919,0.17073170731707318,0.8536585365853658,2.1928946160708063,0.636348311526113,6.25,6.271875,2058.932938549271,2030.0542339897422
1,1,f2,mey,seasonal60,http,505.7512288032503,499.2053984918912,6.215084267577653,486.9274213028151,513.1110822646045,1.3112499045751882,1.053216662806467,0.8780487804878049,0.14634146341463414,0.7073811864780505,0.7073170731707317,0.3170731707317073,2.896712760459216,-0.2604281539737684,129.625,130.46875,246.50122880325029,238.26789849189117
1,1,f2,trust,seasonal60,http,443.01004517678786,441.1414644265901,3.6943430580258108,432.37435927397576,448.22158738479834,0.42357857986135533,0.5057951361983887,0.7317073170731707,0.2926829268292683,0.11097817357378822,0.6097560975609756,0.4146341463414634,0.9342724007287513,-0.08149805826968197,117.875,118.415625,207.26004517678786,204.3102144265901
1,1,f50,thr,seasonal60,http,2165.895865478309,2290.2045890534564,258.5251519451917,1967.4517248631585,3161.9526317926347,-5.427843615776012,-0.4808380253906637,0.3902439024390244,0.6341463414634146,-5.568259217703383,0.3902439024390244,0.6341463414634146,-2.179937691433743,-8.536486381839334,6.0,6.29375,1865.8958654783091,1975.5170890534564
1,1,f50,mey,seasonal60,http,2259.6644230774205,2284.9785236909506,47.02772022066214,2175.9267245117035,2387.7907362547494,-1.1078485137199465,-0.5382804119517609,0.2682926829268293,0.7560975609756098,0.30408788538016635,0.5853658536585366,0.43902439024390244,-3.73280948401172,1.5208007921209747,23.875,24.36875,1065.9144230774205,1066.5410236909506
1,1,f50,trust,seasonal60,http,2227.9625570078397,2219.5305515303044,37.3940949163655,2165.684278633024,2328.047260791571,0.3799004015385902,0.22549029456105515,0.6829268292682927,0.34146341463414637,-1.0217266931283118,0.3170731707317073,0.7073170731707317,-0.3427617010633283,1.1069772991604614,22.625,23.06875,1096.7125570078397,1066.0930515303044
1,1,dwell5,thr,seasonal60,http,1712.4251136845573,2092.392089101372,150.31227155319505,1835.0388668958863,2732.0926313218924,-18.159453832574982,-2.5278506637586524,0.024390243902439025,1.0,-5.198239575176373,0.1951219512195122,0.8292682926829268,-13.434662534881427,-23.158695032960498,6.375,6.334375,1648.6751136845573,2029.0483391013722
1,1,dwell5,mey,seasonal60,http,1110.7074772059796,1111.9898321528858,17.698069036648263,1066.0572634471876,1154.828274717308,-0.11532074393373982,-0.07245733668745541,0.4634146341463415,0.5609756097560976,-1.9921540355159828,0.14634146341463414,0.8780487804878049,1.5200419614983476,-1.731952063576184,59.875,60.10625,511.95747720597956,510.9273321528858
1,1,dwell5,trust,seasonal60,http,997.8795495676122,1007.8442750270297,12.757856142064213,978.3753371237049,1034.4774640163541,-0.9887167795987308,-0.7810658270837922,0.21951219512195122,0.8048780487804879,1.6777074542753492,0.9512195121951219,0.07317073170731707,-2.0613225411720273,0.08085558836776532,54.25,54.409375,455.37954956761223,463.75052502702965
1,2,signed,thr,ma10,timer,2299.1151963805496,2216.2987872268845,181.23000531939073,1854.6581973416735,2561.5541122312175,3.7366987533882123,0.4569685301708928,0.6341463414634146,0.3902439024390244,5.410585143590232,0.7560975609756098,0.2682926829268293,9.984471399204477,-3.260835504105676,6.0,6.0,2239.1151963805496,2156.2987872268845
1,2,signed,mey,ma10,timer,1017.8329030914336,1023.4612326453249,11.704158838983583,993.6837879876821,1047.3198707737479,-0.549930898637343,-0.4808828751661098,0.24390243902439024,0.7804878048780488,0.14363205288088982,0.5853658536585366,0.43902439024390244,-2.953077544882688,1.7371172359981535,57.0,56.45,447.83290309143365,458.9612326453249
1,2,signed,trust,ma10,timer,966.7933465854285,955.6931436254885,9.311776546107959,939.5442850272541,974.0598320615123,1.1614819080767522,1.1920607098953173,0.8536585365853658,0.17073170731707318,-0.587645242228568,0.2926829268292683,0.7317073170731707,1.0171653497446005,1.3032538427704108,54.375,53.7375,423.0433465854285,418.31814362548846
1,2,dwell5,thr,ma10,timer,2032.463506033597,2032.5576681922953,0.5596611877144313,2032.463506033597,2036.0015990401716,-0.004632693092640631,-0.16824850599846927,0.9512195121951219,1.0,-0.004632693092640631,0.9512195121951219,1.0,0.0,-0.009640523767644868,6.0,6.0,1972.463506033597,1972.5576681922953
1,2,dwell5,mey,ma10,timer,1119.3191874675017,1119.181109043237,0.9117035820931121,1115.5109625948385,1120.4915110836268,0.012337451298004577,0.1514510055424735,0.8048780487804879,0.7317073170731707,0.012337451298004577,0.8048780487804879,0.7317073170731707,-0.010228957192237449,0.03394788159605798,51.375,51.359375,605.5691874675017,605.587359043237
1,2,dwell5,trust,ma10,timer,1017.1116402070419,1017.11555987865,0.38077710302191026,1015.9078720740806,1018.2466278610146,-0.0003853713149887575,-0.010293874229706703,0.7804878048780488,0.24390243902439024,-0.0010547627537328187,0.7560975609756098,0.7804878048780488,0.00011841560704283802,-0.0008912052194682064,52.25,52.246875,494.6116402070419,494.64680987864995
1,2,f50,thr,ma10,timer,2832.903219073548,2832.931171404435,0.17678606302705283,2832.903219073548,2834.021312309027,-0.0009866929055468911,-0.158113883010091,0.975609756097561,1.0,-0.0009866929055468911,0.975609756097561,1.0,-1.6281732184730296e-14,-0.001945950912641209,6.0,6.0,2532.903219073548,2532.931171404435
1,2,f50,mey,ma10,timer,2275.6646918785455,2275.5809785049178,1.5559893216398466,2269.526584052879,2281.2461907647066,0.0036787692645721135,0.05380073787361427,0.9024390243902439,0.8536585365853658,0.0036787692645721135,0.9024390243902439,0.8536585365853658,0.0027698833535049813,0.004640631613170541,21.375,21.36875,1206.9146918785455,1207.1434785049178
1,2,f50,trust,ma10,timer,2234.0011737762734,2233.98945305905,1.8709143666979775,2228.485504416416,2241.296425295604,0.0005246540984044523,0.006264699994839258,0.8292682926829268,0.8292682926829268,0.002805311593232873,0.8536585365853658,0.17073170731707318,-0.008138038507652696,0.01044478979157108,23.875,23.871875,1040.2511737762734,1040.39570305905
1,2,f2,thr,ma10,timer,1900.1320853542193,1900.1320853542195,2.3027027215986587e-13,1900.1320853542193,1900.1320853542193,-1.196620367582738e-14,-0.9874208829065749,1.0,1.0,-1.196620367582738e-14,1.0,1.0,0.0,0.0,6.0,6.0,1888.1320853542193,1888.1320853542195
1,2,f2,mey,ma10,timer,533.7460126253412,533.8642121053219,0.3097389646561244,532.8494461954842,534.3964740868948,-0.022140364029008645,-0.3816099795902123,0.2926829268292683,0.7317073170731707,-0.07484815807831659,0.07317073170731707,0.9512195121951219,-0.05657493633467747,0.012697960350815928,116.125,116.209375,301.4960126253412,301.44546210532195
1,2,f2,trust,ma10,timer,452.1062887321761,452.0854756478231,0.16357929909267854,451.6704121434833,452.5713422041581,0.004603794077473932,0.12723544157749656,0.7073170731707317,0.5853658536585366,-0.04693047750837931,0.12195121951219512,0.9024390243902439,-0.002425881689509386,0.011506933824921049,112.75,112.759375,226.6062887321761,226.5667256478231
1,3,signed,thr,naive,http,1775.624246589479,2448.0476392932264,390.41093413944367,1948.6684917462649,3766.994305082457,-27.467741309882438,-1.7223477467041866,0.024390243902439025,1.0,-0.8776080939395776,0.5121951219512195,0.5121951219512195,-26.37556919168341,-28.40794858801632,9.375,9.934375,1681.874246589479,2348.7038892932264
1,3,signed,mey,naive,http,1121.1043539475777,1137.0133996087961,16.248939023919988,1101.7399326992895,1170.251362269744,-1.3991959696070557,-0.9790821196263221,0.1951219512195122,0.8292682926829268,-0.2409401926896748,0.4878048780487805,0.5365853658536586,-0.6152214329233531,-2.1503668337674924,67.0,67.78125,451.1043539475777,459.20089960879613
1,3,signed,trust,naive,http,971.2045057770737,1003.2035996505692,15.409057259813244,972.7239494261286,1036.7265839869583,-3.1896908947138263,-2.076641895344828,0.024390243902439025,1.0,0.547464431853265,0.6829268292682927,0.34146341463414637,-3.533376059831407,-2.8430109218417234,59.25,60.53125,378.7045057770737,397.89109965056923
1,2,dwell200,thr,ma10,timer,2192.7792888164286,2192.7792888164286,0.0,2192.7792888164286,2192.7792888164286,0.0,0.0,1.0,1.0,0.0,1.0,1.0,0.0,0.0,5.125,5.125,2141.5292888164286,2141.5292888164286
1,2,dwell200,mey,ma10,timer,957.8292643338807,958.0639968343082,0.9123678867838662,955.4705008248818,960.9369945446151,-0.02450071197781602,-0.2572783455311737,0.7560975609756098,0.8780487804878049,-0.02450071197781602,0.7560975609756098,0.8780487804878049,-0.026047469823185967,-0.022873755547019387,41.875,41.88125,539.0792643338807,539.2514968343082
1,2,dwell200,trust,ma10,timer,865.7816098637611,865.745470436904,0.3389207951252143,863.8010320917454,866.1753185449195,0.004174370885108306,0.10663089245884234,0.7804878048780488,0.9024390243902439,0.002730931920703981,0.12195121951219512,0.9024390243902439,0.010062793563720685,-0.0016698861636158455,43.75,43.746875,428.2816098637611,428.27672043690404
1,1,base,thr,seasonal60,http,2101.6905758475673,2197.416559090197,232.7504808359526,1751.9233476082957,2860.4836529026743,-4.356296617800292,-0.4112815702842714,0.36065573770491804,0.6557377049180327,-3.6505302214155675,0.39344262295081966,0.6229508196721312,1.2217137551309245,-9.627594098762307,6.166666666666667,6.245833333333334,2040.0239091809005,2134.9582257568636
1,1,base,mey,seasonal60,http,1088.8271341740265,1105.008106269954,12.130957946036533,1071.0642012309727,1139.2178621078488,-1.464330623831139,-1.3338577355479313,0.08196721311475409,0.9344262295081968,0.6040331460458039,0.7540983606557377,0.26229508196721313,-0.14414530012315194,-2.773878880991728,58.75,59.643055555555556,501.32713417402647,508.5775507143984
1,1,base,trust,seasonal60,http,968.9994898388553,963.394815615775,10.681284185102076,938.0301553201588,988.1756775994409,0.5817629628303518,0.5247191373203574,0.6721311475409836,0.3442622950819672,0.3088999054929377,0.5245901639344263,0.4918032786885246,1.7465995397555685,-0.6167473400791015,51.75,51.61944444444445,451.4994898388553,447.2003711713305
1,2,base,thr,ma10,timer,2134.5727505348545,2134.756112290415,0.8398114624668385,2133.378728247315,2140.0908168012597,-0.008589353814454945,-0.21833680981410425,0.9180327868852459,0.9836065573770492,-0.008589353814454945,0.9180327868852459,0.9836065573770492,-0.014792571708296336,-0.003458681214522584,5.916666666666667,5.916666666666667,2075.406083868188,2075.5894456237484
1,2,base,mey,ma10,timer,1123.503743927647,1122.0527517687149,0.8524632416732514,1120.9448285644296,1127.0134449124096,0.12931585940544826,1.702116980532938,0.9508196721311475,0.06557377049180328,-0.023556143171679863,0.6229508196721312,0.8032786885245902,-0.019389368687708852,0.2891753577296825,51.583333333333336,51.42638888888889,607.6704105943137,607.788862879826
1,2,base,trust,ma10,timer,986.8404380203425,986.8853045764034,0.37778247227330386,986.0473062877744,988.3283530232687,-0.004546278666109244,-0.11876293728224081,0.7540983606557377,0.7704918032786885,-0.003702107116493988,0.7868852459016393,0.26229508196721313,-0.010923796518053598,0.00193400621418417,50.833333333333336,50.8375,478.50710468700913,478.5103045764034
1,3,dwell5,thr,naive,http,1807.6032566944098,2168.5429808512613,218.28902992901962,1786.7529827271144,2686.9120006819285,-16.64434264591632,-1.653494563030571,0.04878048780487805,0.975609756097561,0.27437945860974655,0.6585365853658537,0.36585365853658536,-12.004417473279991,-20.935187346459713,8.125,8.5,1726.3532566944098,2083.5429808512613
1,3,dwell5,mey,naive,http,1112.1238970080217,1147.2728107560952,16.34070803378174,1104.0364531193247,1176.622954264141,-3.0636927345039275,-2.1510031068059505,0.07317073170731707,0.9512195121951219,-1.5053366177576228,0.17073170731707318,0.8536585365853658,-1.3668189646738969,-4.813901497733005,67.5,67.84375,437.1238970080217,468.83531075609517
1,3,dwell5,trust,naive,http,1013.6268158457182,1027.631459775043,10.453660889927335,1008.621582014324,1049.948450218959,-1.3628080180019475,-1.339687988426999,0.0975609756097561,0.926829268292683,-0.0849411189022281,0.4634146341463415,0.5609756097560976,-2.0789789460874197,-0.6568320888459447,54.625,55.45,467.37681584571817,473.1314597750429
1,3,f50,thr,naive,http,2076.0426859593786,2817.756424365207,333.90185090309603,2180.1349924904025,3943.3981677951115,-26.32284792227646,-2.2213525813041572,0.024390243902439025,1.0,2.2993379860882124,0.6585365853658537,0.36585365853658536,-25.53762145167589,-27.22855438303211,8.625,8.753125,1644.7926859593786,2380.100174365207
1,3,f50,mey,naive,http,2324.509200661564,2443.382244826605,55.502453608077126,2334.9259091200665,2561.726114660097,-4.865102233460683,-2.1417619661366043,0.024390243902439025,1.0,-2.4745973917826145,0.14634146341463414,0.8780487804878049,-4.431977501270091,-5.304950122229833,26.375,27.153125,1005.7592006615641,1085.725994826605
1,3,f50,trust,naive,http,2177.3075384307467,2150.5107585652836,47.55467854462418,2053.474871193161,2229.46555351796,1.2460658361616677,0.5634940806153839,0.7317073170731707,0.2926829268292683,-1.2049259397788823,0.2926829268292683,0.7317073170731707,1.6648524459770568,0.8166643785123555,23.75,23.246875,989.8075384307467,988.1670085652836
1,3,dwell200,thr,naive,http,2045.4997736391215,2598.2903660665597,369.2861826680094,2120.731356801669,3565.8617326719095,-21.275166149512543,-1.496916533496192,0.024390243902439025,1.0,-26.229259056532616,0.024390243902439025,1.0,-41.55706530882501,2.741548722121926,7.25,7.8125,1972.9997736391215,2520.1653660665597
1,3,dwell200,mey,naive,http,893.5494163510717,928.13775093463,11.858570063292143,901.5695192154342,950.2552418591368,-3.7266380500877205,-2.9167373805569947,0.024390243902439025,1.0,-0.9898840150472933,0.21951219512195122,0.8048780487804879,-4.016729089918458,-3.3922100371489976,52.625,54.61875,367.2994163510717,381.95025093463005
1,3,dwell200,trust,naive,http,815.6580153588476,840.002897814033,11.236574141177943,814.1123685359197,869.688504148038,-2.898190294169086,-2.1665751633293873,0.04878048780487805,0.975609756097561,-1.4574181874469874,0.0975609756097561,0.926829268292683,-1.7176386045422127,-4.2459806826930295,47.125,49.065625,344.4080153588476,349.34664781403296
1,3,f2,thr,naive,http,1826.9561475764121,2407.719184153563,265.20460400796117,1992.5669044145277,2974.561544592588,-24.12087922875105,-2.189867852217668,0.024390243902439025,1.0,9.517975953103257,0.8536585365853658,0.17073170731707318,-24.49408474789226,-23.758685486931306,8.375,8.69375,1810.2061475764121,2390.3316841535634
1,3,f2,mey,naive,http,486.4146946002783,506.633409390606,4.556221940681096,497.4576685478307,521.5873671904183,-3.990797767294376,-4.437605334762345,0.024390243902439025,1.0,-0.07980512851658009,0.4634146341463415,0.5609756097560976,-2.6011911750277945,-5.376075712913581,144.75,145.925,196.91469460027832,214.78340939060598
1,3,f2,trust,naive,http,456.9564126046347,464.7313172282973,4.3515968024462035,453.9284262488253,472.4004705981583,-1.6729891736224938,-1.7866785404594567,0.07317073170731707,0.9512195121951219,-0.5319016089070597,0.24390243902439024,0.7804878048780488,-3.4296828495645313,0.13581201178080402,134.75,133.084375,187.4564126046347,198.56256722829733
1,4,signed,thr,seasonal60,http,2918.6434691388267,2519.095741100017,308.31909549588124,2055.5767640428517,3378.351606672286,15.860759935401996,1.2958903093439667,0.926829268292683,0.0975609756097561,-9.275886933170268,0.2926829268292683,0.7317073170731707,8.235701049123653,22.996925901029076,8.125,8.390625,2837.3934691388267,2435.189491100017
1,4,signed,mey,seasonal60,http,1199.377130216113,1150.7191978842595,16.568910292310655,1119.324241152586,1178.894055986544,4.228480103687955,2.9367008133561354,1.0,0.024390243902439025,-0.9322728920148896,0.3170731707317073,0.7073170731707317,6.959484672944391,1.62894241467864,69.875,70.903125,500.6271302161131,441.68794788425953
1,4,signed,trust,seasonal60,http,1048.0283114274287,1036.2226540759118,13.672485484403605,1001.0419656760121,1073.452750955165,1.139297360956171,0.8634609533858152,0.8292682926829268,0.1951219512195122,-2.261286288560214,0.04878048780487805,0.975609756097561,1.318707067286713,0.9597283991693799,61.25,61.396875,435.52831142742866,422.2539040759118
1,4,dwell5,thr,seasonal60,http,2313.0380948664256,2214.984635796736,294.4269966520815,1642.6928659295827,2942.961551931853,4.426823440895774,0.33303148211492845,0.6829268292682927,0.34146341463414637,7.63950825890073,0.7317073170731707,0.2926829268292683,15.266398110339885,-6.040410154251805,7.0,7.45625,2243.0380948664256,2140.422135796736
1,4,dwell5,mey,seasonal60,http,1230.9338721121846,1156.3398480792068,18.41537057785641,1124.122920539642,1211.9528978853346,6.45087377702029,4.050639313371923,1.0,0.024390243902439025,-1.7296475221678678,0.17073170731707318,0.8536585365853658,8.122886594847412,4.828565723179417,71.875,70.425,512.1838721121846,452.08984807920683
1,4,dwell5,trust,seasonal60,http,1057.7496130716895,1039.0721002993546,13.018465417664657,1017.0615653456634,1069.90190314844,1.7975184558370847,1.4346938884971454,0.926829268292683,0.0975609756097561,-0.08214816367465423,0.5121951219512195,0.5121951219512195,1.2352568281135123,2.3573784123444566,60.875,61.1125,448.9996130716895,427.9471002993546
1,3,base,thr,naive,http,1682.1158659484354,2407.6297770722435,282.6751361465022,1860.3169342877975,3290.3947445333283,-30.133948252046327,-2.56659966990445,0.01639344262295082,1.0,10.601337566264675,0.8688524590163934,0.14754098360655737,-30.432886302335216,-29.81815628476921,8.416666666666666,8.723611111111111,1597.9491992817686,2320.3936659611322
1,3,base,mey,naive,http,1080.419571363352,1131.666169938547,16.863037470305965,1093.7282001348851,1171.4747316294518,-4.528420123929122,-3.038989782560524,0.01639344262295082,1.0,1.5874378894361678,0.8688524590163934,0.14754098360655737,-3.889695850167542,-5.161721894356309,64.66666666666667,66.7375,433.75290469668516,464.291169938547
1,3,base,trust,naive,http,967.9655644242879,1005.0004437330028,10.812800524414785,984.0774263036659,1039.2339134480967,-3.6850609907346428,-3.4250959522551043,0.01639344262295082,1.0,0.4122726740104056,0.7540983606557377,0.26229508196721313,-2.813461799827075,-4.528840377557601,55.916666666666664,58.66388888888889,408.79889775762126,418.3615548441139
1,4,dwell200,thr,seasonal60,http,1923.0846309711542,2348.3093019821918,360.4005008681713,1890.7982364349978,3237.297505173694,-18.107694359176126,-1.179867036773564,0.07317073170731707,0.9512195121951219,-14.120107244933513,0.12195121951219512,0.9024390243902439,-19.871930897210554,-16.316513471422628,6.125,6.98125,1861.8346309711542,2278.4968019821918
1,4,dwell200,mey,seasonal60,http,962.0236934953241,1007.9400555264353,14.17229820845804,984.8075666716718,1050.4084461933298,-4.555465553666251,-3.2398670530167313,0.024390243902439025,1.0,-1.265517745874454,0.1951219512195122,0.8292682926829268,-4.381271752534849,-4.71620411028352,56.125,60.328125,400.7736934953241,404.65880552643534
1,4,dwell200,trust,seasonal60,http,893.5082580416345,928.2778597638375,13.63976919870566,891.1965710215061,957.7781888702582,-3.74560282317287,-2.5491341690372913,0.04878048780487805,0.975609756097561,-1.4569660644496831,0.17073170731707318,0.8536585365853658,-3.3766086722834774,-4.107236347553244,51.125,53.81875,382.25825804163446,390.09035976383745
1,4,f2,thr,seasonal60,http,2436.9825241699696,2192.098743231075,286.76578458314157,1673.295018181786,3018.132399785866,11.171202104607058,0.8539504853930574,0.8536585365853658,0.17073170731707318,-14.245938110670155,0.14634146341463414,0.8780487804878049,7.135944245512067,15.470167040907434,7.25,7.36875,2422.4825241699696,2177.3612432310747
1,4,f2,mey,seasonal60,http,509.3610748932354,486.74669039408434,5.659043917797966,477.9034078726643,502.76510915719314,4.646027378397131,3.9961493191504913,1.0,0.024390243902439025,0.4144764955631426,0.7560975609756098,0.2682926829268293,2.771049320070577,6.518131927141999,143.0,145.05625,223.3610748932354,196.63419039408433
1,4,f2,trust,seasonal60,http,452.31632023912243,443.6177066849673,4.060077904746415,435.40879516532533,454.18189571658854,1.9608355174002146,2.1424745431574284,0.9512195121951219,0.07317073170731707,-0.7615002709156556,0.21951219512195122,0.8048780487804879,1.6873373987116151,2.2344328892148497,131.375,133.340625,189.56632023912243,176.9364566849673
1,4,f50,thr,seasonal60,http,3298.199255402452,2822.796223181975,328.6729992277305,2172.3895250687974,3639.89537991344,16.841563989503367,1.4464316610658976,0.9024390243902439,0.12195121951219512,0.7288718980969612,0.5853658536585366,0.43902439024390244,25.886955175818326,7.603751596703918,7.75,7.703125,2910.699255402452,2437.639973181975
1,4,f50,mey,seasonal60,http,2494.611542865833,2478.795833181142,57.92819287289331,2380.106049197094,2569.9336964972726,0.638040030283344,0.27302266651739393,0.5609756097560976,0.4634146341463415,-2.89705585706738,0.14634146341463414,0.8780487804878049,0.9066192518425937,0.37334147589519384,28.875,29.834375,1050.8615428658331,987.0770831811419
1,4,f50,trust,seasonal60,http,2306.475240225898,2275.6019924679586,50.043208475861555,2191.817786845628,2425.3166703617962,1.3567068345047573,0.6169318214844478,0.7804878048780488,0.24390243902439024,-2.917854668091473,0.07317073170731707,0.9512195121951219,-1.0316760059694774,3.7944000137484077,26.875,26.896875,962.7252402258978,930.7582424679586
1,5,signed,thr,ma10,event,1669.2872522597954,2584.793039948622,438.8509485693433,1902.8876896170013,4220.5046434683845,-35.4189203367332,-2.086142893557325,0.024390243902439025,1.0,-9.365749767325681,0.3170731707317073,0.7073170731707317,-35.42168827741055,-35.415837701981616,8.5,9.54375,1584.2872522597954,2489.355539948622
1,5,signed,mey,ma10,event,1068.77027294943,1114.284197113942,16.308963976888673,1074.7322783970453,1156.8149324172127,-4.084588499271154,-2.790730559526005,0.024390243902439025,1.0,2.524674562496638,0.9512195121951219,0.07317073170731707,-4.303697745577132,-3.858968064806073,67.5,68.425,393.7702729494299,430.0341971139419
1,5,signed,trust,ma10,event,1011.2292168165704,1029.1513753199083,13.950709596786849,997.4550228099267,1061.372214685037,-1.7414501824638602,-1.284677197170367,0.12195121951219512,0.9024390243902439,0.7173679397762084,0.7073170731707317,0.3170731707317073,-1.8995956181561091,-1.5703299065287872,60.625,61.225,404.97921681657044,416.9013753199083
1,5,dwell200,thr,ma10,event,2215.3506186637333,2831.9134228792905,410.72501025306883,2067.2094439989196,3786.854625588562,-21.77195105027891,-1.50115719477531,0.0975609756097561,0.926829268292683,-13.377264259120489,0.14634146341463414,0.8780487804878049,-22.3896911644151,-21.143370559937253,6.125,7.240625,2154.1006186637333,2759.5071728792905
1,5,dwell200,mey,ma10,event,914.5735710806483,925.4218317980461,14.789131804621338,897.0726355342001,954.0676761376997,-1.1722503559614759,-0.7335292470655999,0.21951219512195122,0.8048780487804879,0.9435412219616857,0.7317073170731707,0.2926829268292683,1.115797178925343,-3.712389172258421,54.375,56.921875,370.8235710806483,356.2030817980461
1,5,dwell200,trust,ma10,event,839.0605120449188,842.4505356229052,13.252273353037737,816.568601536099,871.1881440337821,-0.4024003113108419,-0.2558069463009795,0.4146341463414634,0.6097560975609756,0.9584094400454727,0.7317073170731707,0.2926829268292683,2.496940459587218,-3.6813263293498313,47.75,49.34375,361.5605120449188,349.01303562290525
1,4,base,thr,seasonal60,http,2803.8079522146127,2376.2506814425446,243.0341596325905,2068.136171849943,3085.1222765153548,17.992936271879863,1.7592476358814428,0.9180327868852459,0.09836065573770492,-3.6656367783481714,0.3770491803278688,0.639344262295082,18.705945648538552,17.262366409220053,7.666666666666667,7.595833333333333,2727.141285547946,2300.292348109211
1,4,base,mey,seasonal60,http,1118.0061957907085,1103.7997204037997,12.491092034046108,1072.137494498017,1127.9833330223553,1.2870519102606464,1.1373285336612018,0.8524590163934426,0.16393442622950818,-1.1167754145353326,0.14754098360655737,0.8688524590163934,1.6130483625237715,0.9749980320483784,63.916666666666664,65.88055555555556,478.83952912404186,444.99416484824405
1,4,base,trust,seasonal60,http,1013.4981408087023,1013.5457361138313,11.068290449377391,989.3330038904464,1039.7488281777798,-0.004695920808811733,-0.004300149634370209,0.47540983606557374,0.5409836065573771,-1.0227792105855489,0.16393442622950818,0.8524590163934426,-1.0668984559578505,1.0302876766322608,57.333333333333336,58.99861111111111,440.1648074753689,423.55962500272017
1,5,dwell5,thr,ma10,event,1707.7257940415661,2175.8090597892324,256.23649490884407,1839.787033276846,2883.203238996683,-21.513067226267033,-1.8267626784162283,0.024390243902439025,1.0,22.70220202282021,0.926829268292683,0.0975609756097561,-16.920754392745486,-25.770566885242324,8.125,8.20625,1626.4757940415661,2093.7465597892324
1,5,dwell5,mey,ma10,event,1141.7521725325983,1155.455439472881,13.864596774135206,1132.912993023695,1189.235769157638,-1.1859623895607871,-0.9883639000483954,0.14634146341463414,0.8780487804878049,0.32676083364597097,0.6829268292682927,0.34146341463414637,-2.1422168875620637,-0.2233751779438085,69.25,69.728125,449.25217253259825,458.1741894728809
1,5,dwell5,trust,ma10,event,1029.4472011336015,1055.7984482633256,10.637197408826284,1032.1423768614202,1084.5534514782512,-2.4958596191412266,-2.47727348820836,0.024390243902439025,1.0,0.901291128167399,0.8292682926829268,0.1951219512195122,-1.4299825756865734,-3.545683928311777,60.25,61.646875,426.94720113360154,439.32969826332555
1,5,f2,thr,ma10,event,1788.2740023204576,2363.066666893056,435.2961539533053,1686.9821510667578,3723.332501928899,-24.324013902169423,-1.3204634576997831,0.04878048780487805,0.975609756097561,14.386138758599383,0.7804878048780488,0.24390243902439024,-23.482943504491843,-25.0914788715297,7.625,8.334375,1773.0240023204576,2346.3979168930564
1,5,f2,mey,ma10,event,461.6070964084613,473.8618804429154,4.722242544719645,465.94854753983884,483.9469502084205,-2.5861510579833125,-2.5951195683832946,0.024390243902439025,1.0,0.189882694707668,0.5365853658536586,0.4878048780487805,-2.5169451888623855,-2.654711631663892,141.25,145.834375,179.1070964084613,182.1931304429154
1,5,f2,trust,ma10,event,434.4634661815201,450.72472154982563,3.146248301651695,445.5871236946165,459.92734971417156,-3.6078019666617958,-5.168459005530108,0.024390243902439025,1.0,0.19627029043562097,0.5853658536585366,0.43902439024390244,-3.3229645807544634,-3.8903182698736196,130.0,135.009375,174.46346618152012,180.70597154982562
1,5,f50,thr,ma10,event,2235.9493069267114,2753.6437763677845,230.68341900154792,2287.9608614130684,3239.069910966534,-18.800342799748126,-2.244177200432422,0.024390243902439025,1.0,-5.599941844385751,0.34146341463414637,0.6829268292682927,-16.169946453644183,-21.214461462907387,7.875,8.225,1842.1993069267114,2342.3937763677845
1,5,f50,mey,ma10,event,2372.125764691844,2438.042629807776,38.54918822253442,2366.0784672244745,2556.8732558570955,-2.7036797597394426,-1.7099417174600715,0.04878048780487805,0.975609756097561,-1.0741348320153683,0.2926829268292683,0.7317073170731707,-1.3485643030021053,-4.068692835566298,28.0,29.603125,972.1257646918439,957.8863798077759
1,5,f50,trust,ma10,event,2260.1158389438397,2253.9451500533264,35.53123679669585,2178.3573783279426,2320.3241579137693,0.27377280633325324,0.17366940885905433,0.43902439024390244,0.5853658536585366,3.20266701809199,1.0,0.024390243902439025,-1.4780537626739656,2.032452303884846,26.0,26.05625,960.1158389438397,951.1326500533264
1,7,signed,thr,seasonal60,queue,1792.2768674296685,2642.4292371968204,490.6179501480041,1853.4157297071995,4451.448484965443,-32.17313666529903,-1.7328195381165477,0.024390243902439025,1.0,-5.227274032371667,0.4878048780487805,0.5365853658536586,-28.285483746814634,-35.66197948635395,9.375,10.94375,1698.5268674296685,2532.9917371968204
1,7,signed,mey,seasonal60,queue,1084.7352954557218,1103.9258070579122,13.99850698653367,1065.4092904349177,1135.3179055884175,-1.7383878046419825,-1.3708970264222662,0.0975609756097561,0.926829268292683,-0.4055393801577598,0.3902439024390244,0.6341463414634146,-1.2549283849624444,-2.209757023040952,68.25,68.321875,402.2352954557218,420.70705705791215
1,7,signed,trust,seasonal60,queue,977.9935600734354,1010.6128853923335,10.700969537690092,980.9015240411762,1036.7632957146752,-3.2276775598635674,-3.0482588707508143,0.024390243902439025,1.0,-0.18415107384561127,0.4878048780487805,0.5365853658536586,-2.549823790803813,-3.9052088833000234,57.75,58.55,400.49356007343545,425.1128853923335
1,7,dwell5,thr,seasonal60,queue,1734.4182356233623,1894.5757788165938,191.31608270599415,1653.0817744384215,2671.87250573821,-8.453477817248908,-0.8371358065038073,0.21951219512195122,0.8048780487804879,0.884737285889906,0.5609756097560976,0.4634146341463415,-5.134512104151621,-12.204637276057387,8.625,8.80625,1648.1682356233623,1806.5132788165938
1,7,dwell5,mey,seasonal60,queue,1100.4986053301745,1095.3691013116622,17.654943854332412,1070.82187361288,1174.172666403027,0.4682900049280123,0.2905420748338182,0.7073170731707317,0.3170731707317073,0.6278913530395648,0.7073170731707317,0.3170731707317073,0.1435827492658143,0.7910730210251604,66.25,65.9125,437.99860533017454,436.24410131166223
1,7,dwell5,trust,seasonal60,queue,1024.9697499691792,1019.9083698967727,15.01937547529952,995.2817458110037,1057.3318465015384,0.4962583131775689,0.3369900486694923,0.6585365853658537,0.36585365853658536,-0.14933711389302234,0.6097560975609756,0.4146341463414634,1.4061355385750678,-0.4379982251084068,60.5,59.6375,419.96974996917925,423.5333698967727
1,7,dwell200,thr,seasonal60,queue,2573.0519103495176,2826.192823305389,569.1046263157918,1895.0053388451672,4427.967680389877,-8.95695831043153,-0.444805579238791,0.4146341463414634,0.6097560975609756,10.99671925052828,0.7073170731707317,0.3170731707317073,-20.551927218054974,1.9697834844775874,7.625,8.440625,2496.8019103495176,2741.786573305389
1,7,dwell200,mey,seasonal60,queue,864.1407315959568,895.3600309412737,15.701686337901563,857.9470677211436,940.9881112210796,-3.486787243841644,-1.9882768432304068,0.04878048780487805,0.975609756097561,0.5480086593699263,0.6585365853658537,0.36585365853658536,-4.280888520353087,-2.6338763242872107,51.75,53.259375,346.6407315959568,362.76628094127375
1,7,dwell200,trust,seasonal60,queue,852.1821144800556,858.5699719003263,13.467519837948487,821.4077185871765,884.1805009827028,-0.7440112779779722,-0.4743157980930659,0.3170731707317073,0.7073170731707317,0.5348420097627407,0.6585365853658537,0.36585365853658536,-0.14339901328344395,-1.3780401199771517,51.125,50.571875,340.9321144800556,352.8512219003263
1,5,base,thr,ma10,event,1657.8870339467478,2524.662286989966,483.2803806125319,1799.3504315901198,4249.662573048796,-34.33232466416856,-1.7935246035533807,0.01639344262295082,1.0,-22.0300163919669,0.08196721311475409,0.9344262295081968,-31.08694067560634,-37.385266624493326,7.416666666666667,8.220833333333333,1583.720367280081,2442.4539536566326
1,5,base,mey,ma10,event,1081.4834178285291,1110.307546712677,12.522687376852979,1084.1769453196896,1140.5244812535357,-2.5960490829309846,-2.3017526523441516,0.01639344262295082,1.0,-1.448422026734445,0.06557377049180328,0.9508196721311475,-1.6752722316066404,-3.4987672344087497,64.33333333333333,66.75555555555556,438.15008449519587,442.75199115712144
1,5,base,trust,ma10,event,1014.185969365661,1033.5720557475984,10.830825149954821,1007.1088401902016,1057.7890170645753,-1.8756395622475628,-1.789899302549285,0.08196721311475409,0.9344262295081968,-0.7209078262309769,0.21311475409836064,0.8032786885245902,-2.631929589664454,-1.1128584698951802,57.083333333333336,59.78333333333333,443.3526360323276,435.7387224142651
1,7,f50,thr,seasonal60,queue,2052.8922287809473,2693.3071151150416,352.93298248121374,2091.4461782999083,3487.9927796355632,-23.778011899944044,-1.8145509717788502,0.024390243902439025,1.0,-7.2999546155745305,0.3170731707317073,0.7073170731707317,-22.371276567881395,-25.157066816180304,8.25,8.709375,1640.3922287809473,2257.8383651150416
1,7,f50,mey,seasonal60,queue,2268.695174184732,2332.8727318247184,51.91516399282876,2223.1252978117486,2442.511594247818,-2.7510098071140043,-1.2362006146961508,0.0975609756097561,0.926829268292683,0.5593419936926682,0.6341463414634146,0.3902439024390244,-2.366200531389584,-3.16187403832347,25.625,26.815625,987.445174184732,992.0914818247184
1,7,f50,trust,seasonal60,queue,2212.5775778009365,2241.7421811751224,45.32930002053615,2169.5848144502506,2373.7965008304645,-1.300979373056082,-0.643394081994935,0.2682926829268293,0.7560975609756098,-0.2977209710813258,0.5365853658536586,0.4878048780487805,-1.0912933691193982,-1.5171151007290873,25.5,25.88125,937.5775778009365,947.6796811751224
1,7,f2,thr,seasonal60,queue,1829.4947232955692,2663.8524603911624,421.34610582930253,1946.3033135168964,3731.0365342317673,-31.3214695446412,-1.9802194100106663,0.024390243902439025,1.0,28.88362542844359,0.9512195121951219,0.07317073170731707,-26.595897391716488,-35.27271700879733,8.75,9.028125,1811.9947232955692,2645.7962103911623
1,7,f2,mey,seasonal60,queue,459.5655504300502,463.32371411372003,9.913036099993382,448.9551768827745,495.99190979480284,-0.8111313039218597,-0.3791132853508236,0.4146341463414634,0.6097560975609756,-0.24085704014343393,0.4878048780487805,0.5365853658536586,-0.43756748350741154,-1.1888776334997386,140.25,140.096875,179.06555043005022,183.12996411372
1,7,f2,trust,seasonal60,queue,435.2262220199822,436.95824753496674,5.842315870409511,427.71602190160496,457.724521598999,-0.3963823831580084,-0.29646214847044317,0.43902439024390244,0.5853658536585366,0.5174508026600293,0.7073170731707317,0.3170731707317073,-0.8613837043152213,0.07595254505705058,125.0,128.365625,185.22622201998217,180.22699753496676
1,7,base,thr,seasonal60,queue,1949.778488807037,2428.057797148178,358.33633957415486,1666.1825515857806,3256.204749465178,-19.698019911342037,-1.3347217558496178,0.06557377049180328,0.9508196721311475,-25.83940039776906,0.03278688524590164,0.9836065573770492,-17.99151509375312,-20.98094041844861,8.083333333333334,8.808333333333334,1868.9451554737038,2339.9744638148445
1,7,base,mey,seasonal60,queue,1021.7292772626716,1032.6465835126799,9.849345695883747,1015.517937862122,1066.6638917362054,-1.0572161303116494,-1.1084295939141202,0.16393442622950818,0.8524590163934426,-0.3633573588556727,0.3770491803278688,0.639344262295082,-1.184366418001114,-0.9317019534337204,59.916666666666664,61.56944444444444,422.562610596005,416.9521390682354
1,7,base,trust,seasonal60,queue,981.9270361876557,979.0308092988072,10.121739583025876,950.8487431138473,1000.9793380748187,0.2958259189946095,0.28613924168781446,0.6885245901639344,0.32786885245901637,-2.2845515132902743,0.03278688524590164,0.9836065573770492,1.0458178240968643,-0.43889031657560434,57.583333333333336,57.09444444444444,406.0937028543224,408.0863648543627
1,8,dwell5,thr,ma10,timer,2733.0491587611637,2428.349726043502,305.56941914656517,1803.8312087500954,3125.50631566495,12.547592690205581,0.997152900865102,0.8780487804878049,0.14634146341463414,-0.14760737300411508,0.5365853658536586,0.4878048780487805,9.930044481962216,15.309844285483777,6.0,6.0,2673.0491587611637,2368.349726043502
1,8,dwell5,mey,ma10,timer,1141.495792777575,1139.7685077310139,19.633212928164674,1103.2413401296785,1185.7132011111596,0.15154700580380528,0.08797770659753815,0.5609756097560976,0.4634146341463415,1.3964505619389702,0.8048780487804879,0.21951219512195122,0.7769257678234984,-0.48266273623741457,63.75,64.03125,503.99579277757493,499.45600773101387
1,8,dwell5,trust,ma10,timer,983.2004934846684,997.9188753327569,10.980482764539236,979.4485480011421,1020.9200711593494,-1.4749076515042996,-1.3404130003846966,0.12195121951219512,0.9024390243902439,0.9737736038913449,0.7804878048780488,0.24390243902439024,-1.780138680475466,-1.159904548939787,54.25,54.096875,440.7004934846684,456.9501253327569
1,8,dwell200,thr,ma10,timer,2728.039665844167,2428.2927298399604,343.03561473429966,1886.6492301979983,3456.2516192457124,12.343937463584204,0.873807042561389,0.8292682926829268,0.1951219512195122,-0.4875617196033619,0.5121951219512195,0.5121951219512195,9.435105097580292,15.171214413577976,5.125,5.125,2676.789665844167,2377.0427298399604
1,8,dwell200,mey,ma10,timer,984.0816359868472,949.3336665132592,11.491233913811845,919.47932710798,971.2478947708021,3.660248308817633,3.0238675615003197,1.0,0.024390243902439025,1.6580177295684337,0.9024390243902439,0.12195121951219512,1.8099995029238205,5.371987939338671,54.875,52.85,435.33163598684723,420.83366651325923
1,8,dwell200,trust,ma10,timer,878.2070773951865,858.8787446477303,10.837242058710368,840.4590868442052,881.1893402515062,2.250414609501571,1.7835102918939774,0.975609756097561,0.04878048780487805,0.9134920737359997,0.7317073170731707,0.2926829268292683,3.4514657519522247,1.0990457217346927,49.375,48.05,384.4570773951865,378.3787446477303
1,8,signed,thr,ma10,timer,2732.781247781354,2378.872820639344,329.91142446213996,1844.8077542402802,3055.894180158282,14.877147869001844,1.0727377135211154,0.8536585365853658,0.17073170731707318,-16.430235975681587,0.12195121951219512,0.9024390243902439,13.887620857022942,15.823846212011489,6.375,6.334375,2669.031247781354,2315.529070639344
1,8,signed,mey,ma10,timer,1164.35735223151,1154.4988758452848,15.598020249607796,1120.5640645865442,1192.8872778434368,0.8539182317529048,0.6320338240664296,0.8292682926829268,0.1951219512195122,-0.542331276730965,0.34146341463414637,0.6829268292682927,1.6307374673461807,0.03337039278327938,68.875,69.06875,475.60735223151005,463.81137584528483
1,8,signed,trust,ma10,timer,968.545818715625,980.925620729661,10.708916156118777,950.3455995629262,999.2443668304265,-1.2620530805207455,-1.1560275413084131,0.14634146341463414,0.8780487804878049,1.3600842523761065,0.926829268292683,0.0975609756097561,-0.9852479368805308,-1.5469184554065494,56.875,58.246875,399.79581871562505,398.456870729661
1,8,f2,thr,ma10,timer,2497.355483897532,2227.98167978487,314.6142471589694,1774.9165549085938,2930.0719255875883,12.090485597649636,0.8562034508772642,0.7804878048780488,0.24390243902439024,12.935975535752053,0.8048780487804879,0.21951219512195122,14.293077183428057,9.64999197918491,6.0,6.003125,2485.355483897532,2215.97542978487
1,8,f2,mey,ma10,timer,497.022377631105,496.7835602274945,5.756293229331398,483.05901263448175,506.27597217020065,0.04807272678289114,0.041488053873555336,0.5121951219512195,0.5121951219512195,0.9419055179375677,0.8048780487804879,0.21951219512195122,-0.1891969584120813,0.2878156390423095,138.0,138.178125,221.02237763110497,220.4273102274945
1,8,f2,trust,ma10,timer,440.96625540775415,440.8430609916719,3.778849763585344,432.38664094728495,449.8940135500921,0.027945186617005534,0.032601035709172076,0.5365853658536586,0.4878048780487805,0.6396055692459591,0.7317073170731707,0.2926829268292683,0.6421546597801078,-0.5810557812359386,120.75,121.08125,199.46625540775415,198.6805609916719
1,8,f50,thr,ma10,timer,2387.133575251157,2663.608227153396,348.09867944082913,1943.493616582175,3487.91180151193,-10.379704082747494,-0.7942421739328522,0.21951219512195122,0.8048780487804879,-8.598724555900851,0.34146341463414637,0.6829268292682927,-5.829064898718174,-14.283027651684064,6.0,6.0,2087.133575251157,2363.608227153396
1,8,f50,mey,ma10,timer,2501.6041109812277,2480.058089002092,65.65996868960039,2347.9740030568464,2622.246713698658,0.8687708596295527,0.32814548055896825,0.6829268292682927,0.34146341463414637,-0.3119494441681224,0.5121951219512195,0.5121951219512195,1.1875430644192952,0.5403301689492221,28.5,27.61875,1076.6041109812277,1099.120589002092
1,8,f50,trust,ma10,timer,2186.754478742191,2215.9254639765904,41.196316075617965,2115.4720288420212,2338.1357570500213,-1.3164244785585189,-0.7080969371352142,0.21951219512195122,0.8048780487804879,-0.1830835001765536,0.5121951219512195,0.5121951219512195,-0.13304464118959958,-2.5455584524239936,22.375,22.7875,1068.0044787421912,1076.5504639765904
1,9,signed,thr,naive,http,1853.3980646596924,2557.616525626915,334.6386413890969,2017.664847285836,3380.8328615882892,-27.53416917317606,-2.104414654697338,0.024390243902439025,1.0,3.4850428094542565,0.7317073170731707,0.2926829268292683,-27.087449913968612,-27.98473085218518,6.875,7.453125,1784.6480646596924,2483.085275626915
1,9,signed,mey,naive,http,1148.2932854308567,1171.7173614282797,14.593535869034106,1141.508685598863,1201.4504914968356,-1.9991234036909624,-1.605099422623567,0.04878048780487805,0.975609756097561,-0.6374932888995377,0.36585365853658536,0.6585365853658537,-1.9317360872023661,-2.0681597847413014,68.5,69.78125,463.2932854308567,473.9048614282797
1,9,signed,trust,naive,http,1036.5257415388294,1026.8406513241619,9.088771293264433,1010.2169911947877,1050.5576151884716,0.9431931042248982,1.0656105101736928,0.9024390243902439,0.12195121951219512,0.42740503616841996,0.7560975609756098,0.2682926829268293,1.2104322634930245,0.6768925411957956,61.375,59.709375,422.7757415388294,429.74690132416185
1,8,base,thr,ma10,timer,2537.784588039514,2411.6204624819943,252.7046117255698,2006.1683868648008,2971.6997251661796,5.231508337247804,0.4992553348987961,0.6721311475409836,0.3442622950819672,-6.099605904236631,0.36065573770491804,0.6557377049180327,4.208254016652366,6.14082129139198,6.083333333333333,6.0,2476.9512547061804,2351.6204624819943
1,8,base,mey,ma10,timer,1104.454393407196,1097.0493180026172,14.28561578281408,1070.3337827702792,1133.145454048878,0.6749993170827687,0.518358852510041,0.7540983606557377,0.26229508196721313,-1.2376438116241266,0.19672131147540983,0.819672131147541,0.7940683643937116,0.556743709448835,61.416666666666664,61.13055555555555,490.28772674052937,485.7437624470616
1,8,base,trust,ma10,timer,974.9697263714701,979.7488088398638,11.889109419170936,952.6529630945101,1011.7252441438582,-0.48778650458914613,-0.4019714429314275,0.3114754098360656,0.7049180327868853,0.45448918085540724,0.6885245901639344,0.32786885245901637,-0.5631151704816465,-0.41106583320329104,53.0,52.977777777777774,444.9697263714701,449.9710310620861
1,9,dwell200,thr,naive,http,2239.444208749708,2462.1599746286324,470.5034172861573,1716.4943632495738,3750.4598185146815,-9.045544082184035,-0.47335631941535905,0.3902439024390244,0.6341463414634146,8.309650346666404,0.7073170731707317,0.3170731707317073,-25.117173367025966,7.535338801298744,5.25,5.96875,2186.944208749708,2402.4724746286324
1,9,dwell200,mey,naive,http,952.2798528262949,947.5396314902835,16.20039003904859,916.0016691760715,975.8573087500968,0.5002662873906485,0.2925992105489983,0.5853658536585366,0.43902439024390244,-0.7053417692525717,0.4146341463414634,0.6097560975609756,-0.7609095799973089,1.7177906642771492,50.75,53.409375,444.7798528262949,413.44588149028345
1,9,dwell200,trust,naive,http,832.2112946425943,840.0147336001086,12.818228571587275,809.504599078264,870.2670682335674,-0.9289645342374532,-0.6087767052938373,0.2682926829268293,0.7560975609756098,0.943418305523023,0.7073170731707317,0.3170731707317073,-2.8003347875387807,0.9598261503881603,44.0,46.115625,392.21129464259434,378.85848360010857
1,9,dwell5,thr,naive,http,1657.0362123412137,2289.5795729857027,274.271680255442,1938.0691157002752,2890.249388995297,-27.627052936169733,-2.3062656707953657,0.024390243902439025,1.0,-21.46687353708326,0.024390243902439025,1.0,-32.84340797915097,-22.049597738905316,7.0,6.759375,1587.0362123412137,2221.9858229857027
1,9,dwell5,mey,naive,http,1123.3824738143367,1182.0842222776723,14.533436789193706,1146.38369792397,1210.1322076449212,-4.965953132360359,-4.03908238049951,0.024390243902439025,1.0,-0.445997632685288,0.34146341463414637,0.6829268292682927,-4.343001158025362,-5.57980299948908,66.375,68.6125,459.63247381433666,495.9592222776723
1,9,dwell5,trust,naive,http,1059.4647188464662,1054.2436797359019,14.489729134150354,1027.6323732682026,1083.668781508239,0.4952402571549923,0.3603268951563106,0.6097560975609756,0.4146341463414634,-0.7891480681821407,0.34146341463414637,0.6829268292682927,0.37486389201067427,0.6192701067040067,59.0,58.178125,469.4647188464662,472.4624297359019
1,9,f2,thr,naive,http,1764.0605478200664,2357.9919154528666,295.84066773779665,1796.359496581862,3335.8824301256996,-25.188015435529262,-2.0076055539436557,0.024390243902439025,1.0,14.034059383411353,0.8780487804878049,0.14634146341463414,-24.53999986993742,-25.787954770698065,7.0,6.95625,1750.0605478200664,2344.0794154528667
1,9,f2,mey,naive,http,508.366851168386,520.6181236648304,4.863116858564481,511.95404328523887,531.761993206296,-2.3532166744797434,-2.5192223120998065,0.024390243902439025,1.0,0.13748259452171124,0.4878048780487805,0.5365853658536586,-3.1126276291481823,-1.5894610845548707,143.625,149.821875,221.116851168386,220.97437366483035
1,9,f2,trust,naive,http,446.0253349478614,455.4550458389052,3.671504133737997,447.25896309658486,464.59583129198296,-2.0703933301859028,-2.568350884966416,0.024390243902439025,1.0,0.7883202644417604,0.8536585365853658,0.17073170731707318,-2.747257877192681,-1.4011256912527705,128.75,128.646875,188.52533494786138,198.16129583890523
1,9,f50,thr,naive,http,1966.083489231044,2567.9832411716084,267.41419467317706,2119.116509021179,3195.840588990167,-23.43861682157846,-2.250814518938242,0.024390243902439025,1.0,13.836528891908186,0.8780487804878049,0.14634146341463414,-27.06926360625428,-19.678629051933626,6.75,6.95625,1628.583489231044,2220.1707411716084
1,9,f50,mey,naive,http,2492.867441241173,2550.0147469983904,52.14706959621753,2439.0228877168124,2671.3187472774703,-2.2410578536647803,-1.0958871936566628,0.12195121951219512,0.9024390243902439,1.0571833949783769,0.7317073170731707,0.2926829268292683,-4.460185430101667,0.011676552210428117,28.0,28.8875,1092.8674412411729,1105.6397469983904
1,9,f50,trust,naive,http,2193.349365170036,2247.298986731746,40.805152156522134,2150.849900573725,2338.1935587502726,-2.4006428107801154,-1.3221276900222747,0.12195121951219512,0.9024390243902439,0.39875692060614,0.5121951219512195,0.5121951219512195,-4.184864457231147,-0.6399779961807827,24.0,25.50625,993.349365170036,971.986486731746
1,10,dwell5,thr,seasonal60,queue,1909.1716965767077,2134.554706128632,185.99010356312317,1829.267953628405,2786.014623396708,-10.55878347389342,-1.2118010863703377,0.04878048780487805,0.975609756097561,-1.0820522582894512,0.5365853658536586,0.4878048780487805,-6.668624600741976,-14.778483539824933,6.0,6.00625,1849.1716965767077,2074.492206128632
1,10,dwell5,mey,seasonal60,queue,1086.1551903482518,1093.4277833843007,15.799080824716581,1062.5042180066537,1133.7402928281617,-0.6651187345486372,-0.46031747775297155,0.3902439024390244,0.6341463414634146,2.08748772541374,0.9024390243902439,0.12195121951219512,0.20811097080120142,-1.5125898616937046,57.75,56.48125,508.65519034825184,528.6152833843007
1,10,dwell5,trust,seasonal60,queue,967.3756395295744,957.0949839033022,11.755756956771135,934.1543906149248,984.4708805983983,1.0741520746817377,0.8745209401722672,0.8048780487804879,0.21951219512195122,0.31943842448655313,0.6341463414634146,0.3902439024390244,2.812021332421216,-0.7179099140062568,51.5,50.775,452.3756395295744,449.34498390330225
1,10,signed,thr,seasonal60,queue,2225.9132921065057,2119.151182153283,123.10179802229433,1867.5772341725146,2305.43019732549,5.037965712514238,0.8672668609916436,0.7804878048780488,0.24390243902439024,5.002252360435525,0.7804878048780488,0.24390243902439024,-3.5145458924067823,13.34234606906052,6.0,6.109375,2165.9132921065057,2058.057432153283
1,10,signed,mey,seasonal60,queue,1037.007712872733,1049.2654131551994,16.783071795122158,1016.2581856054782,1085.0745158203106,-1.168217319353627,-0.7303609513265037,0.2682926829268293,0.7560975609756098,-0.7090897625664867,0.36585365853658536,0.6585365853658537,-0.8311887849487993,-1.5219352940705781,58.875,59.9125,448.257712872733,450.14041315519944
1,10,signed,trust,seasonal60,queue,909.7439145435887,922.5602726098765,12.701644842412028,897.797282524614,948.2589340083301,-1.389216341392084,-1.0090313676141136,0.1951219512195122,0.8292682926829268,-1.4230689601341835,0.1951219512195122,0.8292682926829268,0.9233245269367857,-3.794051189976864,50.375,52.259375,405.99391454358874,399.9665226098765
1,10,dwell200,thr,seasonal60,queue,2268.8547123575718,2213.861508748273,205.21406015382877,1904.401615968633,2765.0495216806144,2.4840399181244215,0.2679797064980621,0.7317073170731707,0.2926829268292683,5.200366288701718,0.7804878048780488,0.24390243902439024,-3.162984679907259,7.024148991612655,4.5,4.528125,2223.8547123575718,2168.580258748273
1,10,dwell200,mey,seasonal60,queue,895.8655561167691,904.2268372275788,13.769685192347584,868.7327446630309,928.8523295840375,-0.9246884483594832,-0.607223839471396,0.24390243902439024,0.7804878048780488,-2.6020793011900007,0.0975609756097561,0.926829268292683,-0.9932854753078372,-0.8464195997827981,44.125,44.4375,454.6155561167691,459.8518372275788
1,10,dwell200,trust,seasonal60,queue,799.3566181817368,793.7997785420596,9.446413754351756,774.4176972329401,819.7915549488096,0.7000303842214834,0.588248597211545,0.7073170731707317,0.3170731707317073,-1.662841066755683,0.04878048780487805,0.975609756097561,-0.3217748690859173,1.8625500353174957,41.0,41.90625,389.35661818173685,374.7372785420596
1,9,base,thr,naive,http,1803.0940095325002,2432.823554527678,244.79048598962316,2009.2629681409462,3165.3900113635486,-25.884719170167564,-2.572524591588386,0.01639344262295082,1.0,6.008624066004171,0.7868852459016393,0.22950819672131148,-28.053221217589208,-23.752671063341698,6.75,6.831944444444445,1735.5940095325002,2364.5041100832336
1,9,base,mey,naive,http,1097.6318369968246,1126.1720626359918,13.86074357492064,1093.943709059866,1157.8101971469814,-2.534268659831965,-2.0590688720919186,0.06557377049180328,0.9508196721311475,-2.3949088080112486,0.08196721311475409,0.9344262295081968,-2.5543093071419984,-2.514299795901652,63.5,65.775,462.63183699682463,468.4220626359918
1,9,base,trust,naive,http,956.593673259698,982.2531241407033,11.59877503412838,954.7274086095362,1006.8396916723528,-2.6123053467967123,-2.212255242946316,0.03278688524590164,0.9836065573770492,-1.1096244751667008,0.21311475409836064,0.8032786885245902,-4.264006369862101,-0.9650939761818802,54.333333333333336,54.71944444444444,413.2603399263646,435.0586796962589
1,10,f50,thr,seasonal60,queue,2360.1000236928785,2345.286387598414,180.4262640215556,2033.4423019142757,2845.629478535182,0.6316344209729444,0.0821035461483298,0.5365853658536586,0.4878048780487805,5.238188590045481,0.8048780487804879,0.21951219512195122,-4.079718179938017,5.672829117458412,6.0,6.003125,2060.1000236928785,2045.130137598414
1,10,f50,mey,seasonal60,queue,2392.211032160617,2410.05910923862,53.74344461389601,2291.3933873410115,2513.664424175421,-0.740565947514932,-0.3320977508276067,0.34146341463414637,0.6829268292682927,3.361664870564128,0.9024390243902439,0.12195121951219512,-0.48032795269688694,-1.01244590047042,25.5,24.721875,1117.211032160617,1173.9653592386198
1,10,f50,trust,seasonal60,queue,2161.0599920924715,2165.2193362046064,34.42825095822579,2096.1954796091036,2223.056124400944,-0.19209804949487513,-0.12081194938371267,0.43902439024390244,0.5853658536585366,-0.12033075819362338,0.4634146341463415,0.5609756097560976,-0.658553508247593,0.2808210905694186,22.25,21.98125,1048.5599920924715,1066.1568362046064
1,10,f2,thr,seasonal60,queue,1867.5541130550287,1929.8438398005844,174.43130497982062,1659.3394796095793,2414.786720727727,-3.2277081420221188,-0.3571017642318381,0.4146341463414634,0.6097560975609756,-6.422107385141025,0.24390243902439024,0.7804878048780488,-1.3850524460095253,-4.97513863476481,6.0,6.021875,1855.5541130550287,1917.8000898005844
1,10,f2,mey,seasonal60,queue,486.71619721284566,498.10376638304314,6.118395427173953,485.64636449365264,509.6405923991177,-2.2861841123763775,-1.861201896108458,0.04878048780487805,0.975609756097561,-0.19263452163786185,0.5609756097560976,0.4634146341463415,-1.1650949172283727,-3.391653385201527,125.875,126.484375,234.96619721284566,245.13501638304314
1,10,f2,trust,seasonal60,queue,423.79404951123115,433.8699303309386,4.317688173105667,425.3803778856127,443.5960777032127,-2.322327526137144,-2.3336286493473106,0.024390243902439025,1.0,-0.7522388288817243,0.2926829268292683,0.7317073170731707,-3.06586528279161,-1.5809454658437772,113.0,114.33125,197.79404951123115,205.2074303309386
1,10,base,thr,seasonal60,queue,2040.830816918906,2028.487232161647,148.01701902691516,1759.6528397928741,2597.3349917698474,0.6085118289901803,0.0833930100633535,0.5245901639344263,0.4918032786885246,-1.2540749667420215,0.4918032786885246,0.5245901639344263,-0.433974926317456,1.6682804618193505,6.0,6.013888888888889,1980.830816918906,1968.348343272758
1,10,base,mey,seasonal60,queue,1060.1805220282872,1067.5465368787802,13.336873256184486,1039.0026232790096,1106.6828938859956,-0.6899947305369238,-0.5523044801432212,0.29508196721311475,0.7213114754098361,-0.7712435963518571,0.29508196721311475,0.7213114754098361,1.8377320753522015,-3.158841096450705,54.916666666666664,54.513888888888886,511.0138553616206,522.4076479898913
1,10,base,trust,seasonal60,queue,923.2588368876367,935.7671407519289,9.387818719121254,917.1414879222247,958.8555228222536,-1.336689793813581,-1.332397252070398,0.09836065573770492,0.9180327868852459,-0.8099886747647397,0.26229508196721313,0.7540983606557377,-1.8821972533043407,-0.7810076635250106,49.333333333333336,49.33888888888889,429.9255035543033,442.37825186303996
1,11,signed,thr,ma10,timer,2408.7443721204654,2238.1820225396564,198.33596613237677,1968.9000015694173,2700.315214423157,7.620575443067521,0.8599668174503933,0.8048780487804879,0.21951219512195122,-9.9533521356074,0.07317073170731707,0.9512195121951219,10.94458004998374,4.302129984122998,7.375,7.178125,2334.9943721204654,2166.4007725396564
1,11,signed,mey,ma10,timer,1093.7941744931027,1127.6753496435515,14.123222811863386,1095.0983095376814,1157.3607606327364,-3.0045150105620713,-2.398969102292214,0.024390243902439025,1.0,0.4378229384725439,0.6585365853658537,0.36585365853658536,-2.6949091872742335,-3.3125675966250974,60.875,65.771875,485.0441744931027,469.9565996435515
1,11,signed,trust,ma10,timer,1003.4862029998367,1002.2298048995686,12.745126627204536,976.2000541355651,1033.3489279912012,0.12536028105788874,0.09857870674946778,0.5365853658536586,0.4878048780487805,-0.03164355973787297,0.4878048780487805,0.5365853658536586,-0.8214582452732757,1.0516980332683634,55.625,56.228125,447.2362029998367,439.94855489956865
1,11,dwell5,thr,ma10,timer,2138.871022854092,2030.1887515028916,172.60252517196616,1762.626756199904,2549.2766001707596,5.353308714312705,0.6296679103791734,0.7804878048780488,0.24390243902439024,4.256478915978923,0.6585365853658537,0.36585365853658536,10.279379102939028,0.6407230378538826,6.625,6.796875,2072.621022854092,1962.2200015028916
1,11,dwell5,mey,ma10,timer,1127.7128757270343,1123.6983426066265,13.985380837911995,1094.7887098092374,1155.0270486687427,0.3572607494548182,0.2870521129839444,0.6585365853658537,0.36585365853658536,0.9219264892822087,0.8048780487804879,0.21951219512195122,0.5138437397113675,0.19311791424495087,62.625,63.4625,501.4628757270343,489.0733426066265
1,11,dwell5,trust,ma10,timer,1032.5013617314407,1041.6745417102397,12.849023222071699,1017.7873842516333,1076.69979169742,-0.8806186204510968,-0.7139204140468485,0.2926829268292683,0.7317073170731707,0.04881941917487592,0.5121951219512195,0.5121951219512195,0.527522718537591,-2.337648368919527,58.625,58.18125,446.25136173144074,459.86204171023974
1,11,dwell200,thr,ma10,timer,2114.346176859432,2053.4638168854913,251.21221377985918,1659.7648320641988,2621.4798620465244,2.964861590124419,0.24235429901227987,0.6341463414634146,0.3902439024390244,-12.735033879853,0.21951219512195122,0.8048780487804879,-3.4017793179949454,9.312220706887974,6.125,6.05625,2053.096176859432,1992.9013168854913
1,11,dwell200,mey,ma10,timer,969.3595268377557,953.7334016565295,11.720917697829536,919.6080003609361,976.1677370205551,1.638416475095167,1.3331827408121608,0.926829268292683,0.0975609756097561,-1.5815831846065938,0.0975609756097561,0.926829268292683,3.9735099938862444,-0.6188255457487651,54.375,52.8375,425.60952683775565,425.3584016565295
1,11,dwell200,trust,ma10,timer,874.211804789805,867.63678507443,10.258146692211747,846.9672638877598,890.4482074074845,0.7578078556006539,0.6409559068176437,0.7560975609756098,0.2682926829268293,-0.5442750276790951,0.3170731707317073,0.7073170731707317,2.5599305815486963,-0.8712476250349407,48.25,47.025,391.711804789805,397.38678507443
1,11,f2,thr,ma10,timer,2356.516416029585,2264.9190810063906,374.25116282684337,1723.4026320148052,3494.4860912071094,4.044176932912504,0.2447482977242588,0.7804878048780488,0.24390243902439024,-4.228124554502136,0.4634146341463415,0.5609756097560976,7.289417922404155,0.35486420228044774,6.75,6.9,2343.016416029585,2251.1190810063904
1,11,f2,mey,ma10,timer,528.5623108689913,522.3682949993901,6.636270384584948,512.5058627153475,543.3668869099084,1.185756472759983,0.9333579722714421,0.8536585365853658,0.17073170731707318,-2.7857773833569586,0.024390243902439025,1.0,1.1539019802515647,1.2179607578995797,140.625,142.60625,247.3123108689913,237.15579499939008
1,11,f2,trust,ma10,timer,458.64111587625524,464.365858388497,4.318371359740563,457.82840970199356,474.8019714722666,-1.2328086591267673,-1.3256716561277078,0.12195121951219512,0.9024390243902439,-1.4634070240958812,0.024390243902439025,1.0,-0.3909117286813826,-2.0957864496459497,126.125,127.928125,206.39111587625524,208.50960838849699
1,11,f50,thr,ma10,timer,2565.7450444934793,2600.081277567685,306.3798105590543,2198.461670619361,3424.7236511577366,-1.3205830667849894,-0.11207080848947584,0.6097560975609756,0.4146341463414634,-14.927745830222054,0.04878048780487805,0.975609756097561,3.6044618892334883,-5.945093702037171,7.0,6.909375,2215.7450444934793,2254.612527567685
1,11,f50,mey,ma10,timer,2409.5448576363397,2361.4027727271514,51.832905519152696,2247.021131826349,2472.378697991855,2.0387070543492944,0.9287938699751138,0.8292682926829268,0.1951219512195122,-3.179430113553093,0.0975609756097561,0.926829268292683,5.081376974440883,-0.8796057848327341,26.0,25.290625,1109.5448576363397,1096.8715227271514
1,11,f50,trust,ma10,timer,2216.1121254295335,2207.3546372981823,42.277841511338,2089.1771338053422,2291.6165495476316,0.3967413293439094,0.20714132553343975,0.5609756097560976,0.4634146341463415,-1.0319247957130244,0.3170731707317073,0.7073170731707317,0.6445837073619543,0.15195766031834038,25.0,24.628125,966.1121254295335,975.9483872981823
1,11,base,thr,ma10,timer,2570.6880656359804,2191.7605179637017,228.78443897194188,1785.1394564910813,2895.6511564405414,17.288729519789364,1.6562645142082866,0.9508196721311475,0.06557377049180328,12.974581244710114,0.8852459016393442,0.13114754098360656,13.92454233816331,20.738037458081944,7.166666666666667,6.941666666666666,2499.021398969314,2122.343851297035
1,11,base,mey,ma10,timer,1115.459361896061,1105.8268574438541,12.850746230290689,1079.0075462780396,1137.8820324589885,0.8710680507862326,0.7495677122237391,0.7704918032786885,0.2459016393442623,2.5186667105707334,0.9672131147540983,0.04918032786885246,-0.6138695907441742,2.3415353421676075,60.666666666666664,60.38055555555555,508.7926952293943,502.0213018882986
1,11,base,trust,ma10,timer,1013.0715616580846,1014.1136720055054,10.039790231257452,984.2454913384673,1034.9127924441584,-0.10276070387255815,-0.10379802002000413,0.4262295081967213,0.5901639344262295,0.5477002661365676,0.7213114754098361,0.29508196721311475,-1.4515199122406717,1.2178201640354016,56.833333333333336,56.209722222222226,444.7382283247513,452.01644978328306
1,13,dwell5,thr,seasonal60,event,1902.355446211243,2177.660625176555,186.63915162935072,1931.497861900483,2681.8950664753984,-12.642244424242724,-1.4750666007743363,0.024390243902439025,1.0,-2.812446269650987,0.4878048780487805,0.5365853658536586,-9.212531709961876,-16.138208306733883,6.0,6.00625,1842.355446211243,2117.598125176555
1,13,dwell5,mey,seasonal60,event,1090.4782235263524,1114.0119977995505,20.32122003383459,1071.4045079051766,1157.0018742492848,-2.1125243103021454,-1.1580886498947727,0.14634146341463414,0.8780487804878049,-0.0346329103003756,0.4634146341463415,0.5609756097560976,-3.5106461322698315,-0.6579305030448087,57.25,58.334375,517.9782235263524,530.6682477995505
1,13,dwell5,trust,seasonal60,event,999.4216704032488,1003.9625066893375,12.33671547912017,977.6162950941988,1039.4600447720734,-0.45229142082831125,-0.3680749786095073,0.4146341463414634,0.6097560975609756,0.7796586260443583,0.7804878048780488,0.24390243902439024,0.8046161532779762,-1.730314623177584,52.5,52.65625,474.42167040324875,477.4000066893375
1,13,signed,thr,seasonal60,event,1908.5795989859844,2217.095061914601,187.5766181427847,1789.4255319768124,2702.9156993214197,-13.915301523525752,-1.6447437105075242,0.04878048780487805,0.975609756097561,10.653802761013438,0.926829268292683,0.0975609756097561,-5.942761405188324,-21.416209563715835,6.0,6.28125,1848.5795989859844,2154.282561914601
1,13,signed,mey,seasonal60,event,1044.6073237820556,1064.5486645574765,15.269874677101743,1039.2066378914874,1101.648588432502,-1.8732202142877499,-1.3059269442023902,0.07317073170731707,0.9512195121951219,-0.4334334242295722,0.43902439024390244,0.5853658536585366,-2.1890868322246684,-1.5617653080145575,59.25,60.884375,452.1073237820556,455.7049145574765
1,13,signed,trust,seasonal60,event,943.3440677090377,951.1363180752654,10.387186035675896,928.2279196443669,976.811532146121,-0.819256947521066,-0.75017914760209,0.1951219512195122,0.8292682926829268,0.5147824135708853,0.7073170731707317,0.3170731707317073,-0.6684192632562291,-0.9742983210623302,52.75,54.6375,415.84406770903774,404.7613180752654
1,13,dwell200,thr,seasonal60,event,2108.8377463232555,2327.9881590230275,226.86118528106638,1984.7371484719258,2929.8926527544563,-9.41372540278476,-0.9660110539767249,0.1951219512195122,0.8292682926829268,-4.164398876425976,0.4146341463414634,0.6097560975609756,-9.324324355922702,-9.484765704896738,4.375,4.390625,2065.0877463232555,2284.0819090230275
1,13,dwell200,mey,seasonal60,event,849.5273289512536,895.4459383993515,15.410582637768739,864.3594279525257,931.3417178780892,-5.128015827530513,-2.9796802968084477,0.024390243902439025,1.0,-2.222679065795571,0.0975609756097561,0.926829268292683,-7.115775145720179,-2.9945622515744716,42.5,45.328125,424.5273289512536,442.16468839935146
1,13,dwell200,trust,seasonal60,event,769.3542976172226,780.3238630485612,9.553651349423582,761.85691634402,800.3951584348797,-1.4057708537174236,-1.148206589305814,0.1951219512195122,0.8292682926829268,-2.8090462190877297,0.024390243902439025,1.0,-0.8174760439314634,-2.066273014006055,40.0,40.2,369.35429761722264,378.3238630485612
1,13,f2,thr,seasonal60,event,1960.5574135201518,2259.121632201938,214.97650928809028,1951.6540952582682,2848.7826467457135,-13.215942622389013,-1.3888225261006544,0.04878048780487805,0.975609756097561,-7.91997253232674,0.21951219512195122,0.8048780487804879,-16.566696407461286,-9.58603744280767,5.875,5.8875,1948.8074135201518,2247.346632201938
1,13,f2,mey,seasonal60,event,482.573296779968,492.90243323455525,5.894528028997696,481.70775209398744,506.54490085988004,-2.09557424718006,-1.7523262937717494,0.04878048780487805,0.975609756097561,-1.2207069132361852,0.21951219512195122,0.8048780487804879,-3.2835298771193973,-0.9383270768305386,124.625,126.265625,233.32329677996802,240.37118323455525
1,13,f2,trust,seasonal60,event,430.35460482089843,434.28541353320895,3.560659292579105,427.91085773038526,446.1976594854824,-0.9051210539932033,-1.1039553041491104,0.12195121951219512,0.9024390243902439,-0.27481808487991927,0.36585365853658536,0.6585365853658537,-2.3192150162389447,0.4208346296938383,113.0,113.84375,204.35460482089843,206.59791353320895
1,13,f50,thr,seasonal60,event,2210.9715541902856,2328.2326346127775,205.8636595797645,2029.475834859928,2884.6259653268535,-5.036484699991944,-0.5696055372855042,0.36585365853658536,0.6585365853658537,-11.752988279634625,0.04878048780487805,0.975609756097561,-8.24180253138177,-2.1049159890850424,6.0,6.0375,1910.9715541902856,2026.3576346127775
1,13,f50,mey,seasonal60,event,2200.9081233129236,2290.3578461782254,53.96538648432506,2208.708794375015,2423.4817409447833,-3.9054911447379634,-1.6575388168726182,0.024390243902439025,1.0,0.8586421852379897,0.7073170731707317,0.3170731707317073,-6.892746482235827,-1.0416778386391397,23.625,22.690625,1019.6581233129236,1155.8265961782254
1,13,f50,trust,seasonal60,event,2045.905134838933,2041.1242824738208,27.81363957663981,1983.4726670308949,2096.68938167701,0.23422642149540518,0.17188877248296372,0.6097560975609756,0.4146341463414634,-1.1653168326230372,0.21951219512195122,0.8048780487804879,0.2534812474989784,0.21343968112328474,22.625,22.3125,914.655134838933,925.4992824738208
1,13,base,thr,seasonal60,event,2182.633528047536,2286.4129941072965,181.98668390745223,1932.4800591115397,2696.8989540341604,-4.538964147213486,-0.5702585696464294,0.32786885245901637,0.6885245901639344,-9.97242776680198,0.09836065573770492,0.9180327868852459,-1.6234351388786954,-7.780326168154327,5.916666666666667,5.940277777777778,2123.4668613808694,2227.0102163295187
1,13,base,mey,seasonal60,event,1035.0276978486438,1085.160788652567,15.687334097813086,1043.062673634873,1117.209875606945,-4.619876734227823,-3.195768668617313,0.01639344262295082,1.0,0.8246814128187193,0.6885245901639344,0.32786885245901637,-3.2615621244417516,-5.920650492986564,54.583333333333336,56.390277777777776,489.19436451531044,521.2580108747892
1,13,base,trust,seasonal60,event,956.694152782594,965.4478953555704,9.520888961064504,940.7312518902901,983.5133603554804,-0.9067027454394578,-0.9194249201702369,0.16393442622950818,0.8524590163934426,0.9346256211984347,0.8360655737704918,0.18032786885245902,-0.6373464886087452,-1.1691657806920541,52.333333333333336,51.918055555555554,433.3608194492606,446.26733980001484
1,14,signed,thr,ma10,timer,2531.008728411778,2367.8106357047495,306.44307727364014,1888.745881350019,3256.5706257899815,6.8923625160782604,0.5325559779616096,0.7804878048780488,0.24390243902439024,-5.0852579730795755,0.43902439024390244,0.5853658536585366,5.680588094058537,8.093807646066253,6.375,6.41875,2467.258728411778,2303.6231357047495
1,14,signed,mey,ma10,timer,1116.5856525419258,1139.200375538946,14.693024085938095,1112.2655156156802,1179.8293682368862,-1.9851400581150045,-1.5391469356307337,0.0975609756097561,0.926829268292683,-1.9634319306660923,0.0975609756097561,0.926829268292683,-0.006373350897638281,-3.9796666378225263,67.75,67.946875,439.0856525419258,459.731625538946
1,14,signed,trust,ma10,timer,987.987151609942,980.7153590089696,11.952766672309103,961.116852795991,1013.7124783867764,0.7414784049390912,0.6083773573376032,0.7560975609756098,0.2682926829268293,0.42254912145685347,0.6829268292682927,0.34146341463414637,1.2282315081375133,0.2538812483562786,57.875,56.434375,409.237151609942,416.3716090089696
1,14,dwell200,thr,ma10,timer,1874.7844459416615,2380.3763792408845,420.913204410171,1799.5115316040542,3420.1161823813,-21.239999594537196,-1.20117859929748,0.07317073170731707,0.9512195121951219,-22.727305226730216,0.07317073170731707,0.9512195121951219,-10.350705327369848,-30.723278145562098,4.625,4.625,1828.5344459416615,2334.1263792408845
1,14,dwell200,mey,ma10,timer,901.7113859797323,928.2669964214474,17.275914204812505,892.1006820402004,959.9831252188194,-2.860772875055275,-1.537146464545278,0.0975609756097561,0.926829268292683,0.9291786143748112,0.6341463414634146,0.3902439024390244,-2.286494421148498,-3.450953012788609,50.0,52.275,401.7113859797323,405.5169964214474
1,14,dwell200,trust,ma10,timer,846.22664441003,850.3081607574834,9.358376590084607,831.9091657860962,870.2395942018647,-0.4800043720405408,-0.43613508263579404,0.43902439024390244,0.5853658536585366,0.12260752109618428,0.6097560975609756,0.4146341463414634,-0.17984596270037187,-0.7890376428820023,46.875,46.5625,377.47664441002996,384.6831607574834
1,14,dwell5,thr,ma10,timer,2395.1176861493946,2424.620643958934,302.3614651290271,1829.87047583829,3083.927306890404,-1.2168071687027695,-0.09757512517988934,0.5121951219512195,0.5121951219512195,-22.609689482420215,0.04878048780487805,0.975609756097561,-5.976988606013784,3.7838989920347865,6.0,6.009375,2335.1176861493946,2364.526893958934
1,14,dwell5,mey,ma10,timer,1177.0686317575737,1143.9955235824416,16.690051834414547,1105.4056057166322,1186.8712915572469,2.8910172717777,1.9816060790737657,0.975609756097561,0.04878048780487805,-1.860886815718904,0.0975609756097561,0.926829268292683,5.211671608894233,0.5774720408542484,66.25,63.54375,514.5686317575737,508.5580235824416
1,14,dwell5,trust,ma10,timer,1011.9874698316764,1013.1737723888671,13.215810335727666,980.75416921515,1041.3554816524324,-0.11708776811242932,-0.08976389090448543,0.4878048780487805,0.5365853658536586,-1.4266016036350193,0.14634146341463414,0.8780487804878049,-0.36608812091810733,0.13759226909479488,54.625,56.009375,465.73746983167644,453.08002238886706
1,14,f50,thr,ma10,timer,2083.09208310366,2592.5682487691997,246.1673656134217,2086.6993554890555,3120.9335414632824,-19.65140805482784,-2.069633252953663,0.024390243902439025,1.0,15.999744782799864,0.9512195121951219,0.07317073170731707,-19.3390438689518,-19.920319153631496,6.0,6.0,1783.0920831036601,2292.5682487691997
1,14,f50,mey,ma10,timer,2446.6925357567893,2475.980139245415,57.12299018147045,2378.196359371018,2656.9380607770663,-1.1828690797799186,-0.5127113163296221,0.34146341463414637,0.6829268292682927,0.25652953264629424,0.5609756097560976,0.4634146341463415,-1.9938907412962605,-0.3809934173803103,28.25,27.884375,1034.1925357567893,1081.761389245415
1,14,f50,trust,ma10,timer,2215.132473796152,2168.4213598837173,37.695716770261136,2090.8842072484285,2257.570789803452,2.1541530062653433,1.239162374789653,0.9024390243902439,0.12195121951219512,0.849802403032072,0.6829268292682927,0.34146341463414637,1.442717616562655,2.866109026130932,24.5,23.53125,990.1324737961522,991.8588598837173
1,14,f2,thr,ma10,timer,2005.7408404382193,2480.2435590716805,336.75559578552236,1959.0295772624613,3160.736787680672,-19.131295267270474,-1.409041823125841,0.07317073170731707,0.9512195121951219,19.713637650527424,0.8780487804878049,0.14634146341463414,-23.053834045653495,-15.64237651494002,6.0,6.00625,1993.7408404382193,2468.2310590716806
1,14,f2,mey,ma10,timer,492.5872461278052,494.22673503933584,5.365422691518501,481.21617397039233,506.1725637975161,-0.3317280906303351,-0.30556565731946694,0.43902439024390244,0.5853658536585366,2.3626071734417224,0.9512195121951219,0.07317073170731707,1.872227749512155,-2.5366083153550316,138.5,140.471875,215.5872461278052,213.2829850393358
1,14,f2,trust,ma10,timer,443.0769241663909,446.1960808859805,3.9765318276316677,439.01524954611835,454.79928221593804,-0.6990551583053202,-0.7843912370864449,0.2682926829268293,0.7560975609756098,2.402743016886309,1.0,0.024390243902439025,-0.08530581834220773,-1.3295084375515165,124.5,126.909375,194.07692416639088,192.3773308859805
1,15,signed,thr,naive,event,1885.2065877740333,2290.2453397372265,307.3211025478302,1879.325183377038,3187.6884432470797,-17.685387016644498,-1.3179659600503826,0.07317073170731707,0.9512195121951219,-13.453875712563635,0.07317073170731707,0.9512195121951219,-16.129109531286993,-19.034143473802924,8.25,8.415625,1802.7065877740333,2206.0890897372265
1,15,signed,mey,naive,event,1103.6280695692274,1124.4216809206614,15.555872383460063,1081.663662839983,1146.843599617563,-1.8492716481959426,-1.3367049329578617,0.0975609756097561,0.926829268292683,-1.9474421878279482,0.0975609756097561,0.926829268292683,-1.3380038269278525,-2.36757672680875,68.25,68.35,421.12806956922736,440.9216809206614
1,15,signed,trust,naive,event,1004.8285621374775,1005.4771770135205,11.420871013843097,980.6921195448601,1026.776162646991,-0.06450816496596246,-0.056792067370063634,0.4878048780487805,0.5365853658536586,0.3336547961226066,0.6097560975609756,0.4146341463414634,0.040405271400045205,-0.16722719425662952,58.875,58.75,416.07856213747755,417.97717701352053
1,14,base,thr,ma10,timer,2471.7527410817006,2535.9640493089264,304.7926752583291,1931.8959150983749,3127.7073444957373,-2.5320275437155337,-0.2106720844679193,0.5081967213114754,0.5081967213114754,-9.530448648759435,0.2459016393442623,0.7704918032786885,-10.671395582502964,6.4958072315502005,6.0,6.013888888888889,2411.7527410817006,2475.8251604200377
1,14,base,mey,ma10,timer,1119.052033084602,1112.398906868471,13.592904115059275,1081.1690388284765,1146.2864373476618,0.5980881655898439,0.48945583370666634,0.6885245901639344,0.32786885245901637,-0.2654066435561608,0.4918032786885246,0.5245901639344263,-0.1739390183585804,1.3324949678888138,62.583333333333336,63.34305555555556,493.2186997512687,478.9683513129154
1,14,base,trust,ma10,timer,1005.4570256239962,986.5040848469409,10.244823474460212,967.0591681521774,1005.9159559180338,1.9212227367508405,1.8500016934702568,0.9836065573770492,0.03278688524590164,-0.7326209271597944,0.2786885245901639,0.7377049180327869,2.0446327821489008,1.7996643487228665,57.0,56.329166666666666,435.4570256239962,423.2124181802743
1,15,f2,thr,naive,event,1791.2310838789579,2124.8555262072105,219.9661798187455,1779.4596268425553,2742.226456293314,-15.701041233789672,-1.5167078984740414,0.04878048780487805,0.975609756097561,0.841850491323846,0.5365853658536586,0.4878048780487805,-18.542019508411357,-12.820936098784632,7.125,7.525,1776.9810838789579,2109.8055262072103
1,15,f2,mey,naive,event,491.62289321692464,507.3016065782511,5.331194588732931,496.643833346822,520.4464771619649,-3.0906098380171447,-2.9409381144072686,0.024390243902439025,1.0,1.0363980382793367,0.8292682926829268,0.1951219512195122,-3.996766612627025,-2.1565394001855553,140.125,141.68125,211.37289321692464,223.93910657825109
1,15,f2,trust,naive,event,450.2850364165624,459.69460911577,3.789217665189814,451.1403794810268,467.434734524109,-2.0469182175764646,-2.4832494542738965,0.024390243902439025,1.0,-0.42570437545982726,0.24390243902439024,0.7804878048780488,-1.720068276691984,-2.3806757210766887,127.5,127.696875,195.28503641656238,204.30085911576998
1,15,f50,thr,naive,event,2377.7112820987713,2696.2275321843426,249.06772100732007,2190.924195197442,3263.5808272787044,-11.813403961034627,-1.2788339203385177,0.12195121951219512,0.9024390243902439,3.7153449220178136,0.7073170731707317,0.3170731707317073,-10.565646098508864,-13.10888250635028,6.875,7.3125,2033.9612820987713,2330.6025321843426
1,15,f50,mey,naive,event,2373.342650001548,2481.4151307832603,54.096160654267074,2374.414657265751,2647.987720354007,-4.355276126151418,-1.9977846759294484,0.024390243902439025,1.0,1.501183282597682,0.7804878048780488,0.24390243902439024,-0.008792184370364248,-8.962416806247838,26.625,28.05,1042.092650001548,1078.9151307832603
1,15,f50,trust,naive,event,2132.639076153736,2206.8187711680175,42.363636932356684,2119.5551381767086,2321.4465046156156,-3.3613859000764266,-1.751022820177753,0.07317073170731707,0.9512195121951219,-1.296283898684447,0.2926829268292683,0.7317073170731707,-5.033649865967305,-1.7572442289271673,21.875,23.315625,1038.889076153736,1041.0375211680175
1,15,dwell5,thr,naive,event,1854.0537834962538,2137.483108258343,233.3212282485101,1827.682736092259,2686.7865749727775,-13.25995623857968,-1.2147601265848336,0.0975609756097561,0.926829268292683,6.568228831004268,0.8048780487804879,0.21951219512195122,-15.598503788493685,-10.812603474836875,7.25,7.346875,1781.5537834962538,2064.014358258343
1,15,dwell5,mey,naive,event,1143.9742528427664,1155.1178712748688,14.925756294554605,1125.8370348044225,1186.2814617761096,-0.9647169963532364,-0.7466032683494844,0.2926829268292683,0.7317073170731707,0.5955151896196035,0.5853658536585366,0.43902439024390244,-0.3157580204428001,-1.6220365891498671,66.625,65.775,477.7242528427664,497.3678712748688
1,15,dwell5,trust,naive,event,1030.4848592100134,1048.3504259594624,12.042720157663995,1021.7862049062925,1074.938180474412,-1.7041598216644278,-1.4835158930500754,0.0975609756097561,0.926829268292683,0.1333135966155846,0.5853658536585366,0.43902439024390244,-1.207782776455338,-2.1974921816459556,59.0,59.325,440.4848592100134,455.1004259594624
1,15,dwell200,thr,naive,event,1844.135968369449,2071.2267281061854,238.46183875276503,1723.7525968450368,2760.7728679214715,-10.964070550807131,-0.9523148899819643,0.14634146341463414,0.8780487804878049,-0.9534672086625934,0.5853658536585366,0.43902439024390244,-7.841835475054469,-13.879022312023134,6.0,6.4,1784.135968369449,2007.2267281061854
1,15,dwell200,mey,naive,event,912.2102264847708,937.9881991903261,14.829812440873374,906.2154500050226,985.7111148480639,-2.748219298260563,-1.7382534545418111,0.04878048780487805,0.975609756097561,0.10219735988951213,0.6097560975609756,0.4146341463414634,-3.105484566604055,-2.397650702288389,51.875,53.178125,393.4602264847708,406.2069491903261
1,15,dwell200,trust,naive,event,832.4188135046101,856.9536979271713,12.459781133766608,835.538166042423,888.6261668987347,-2.8630350136660927,-1.969126436424357,0.024390243902439025,1.0,0.5649746791101312,0.7073170731707317,0.3170731707317073,-3.4363740631363697,-2.3024739851885747,46.0,46.828125,372.41881350461006,388.67244792717133
1,16,signed,thr,seasonal60,timer,2400.4173973756797,2444.5220370167226,301.0269840451756,1971.391674518934,3074.0190076246545,-1.8042234421771837,-0.14651390731943176,0.4878048780487805,0.5365853658536586,-5.220405910729296,0.4634146341463415,0.5609756097560976,-11.14898840681655,8.197558408271437,6.625,6.6375,2334.1673973756797,2378.1470370167226
1,16,signed,mey,seasonal60,timer,1172.9436228450236,1158.4186818938435,17.477645052473907,1115.0519662435397,1193.203428627497,1.2538593496639667,0.83105824083114,0.8536585365853658,0.17073170731707318,-0.10456859555341534,0.43902439024390244,0.5853658536585366,2.064009147945367,0.4378380282001539,69.5,69.415625,477.9436228450236,464.26243189384354
1,16,signed,trust,seasonal60,timer,1002.0700546638313,1000.0840785215893,13.010957158960244,967.9616862903725,1026.5917147241514,0.19858091783421927,0.15263874271343564,0.6585365853658537,0.36585365853658536,0.22376268785059464,0.6585365853658537,0.36585365853658536,0.5714894879328265,-0.1705670599317561,56.75,57.671875,434.57005466383134,423.3653285215893
1,16,dwell5,thr,seasonal60,timer,2430.5563815842042,2267.327244406516,252.46659933450255,1780.046902500474,2976.783728023267,7.199187394778307,0.6465375523255644,0.7804878048780488,0.24390243902439024,4.972168315356437,0.7317073170731707,0.2926829268292683,0.5639067970230343,12.999765589872453,6.0,6.01875,2370.5563815842042,2207.139744406516
1,16,dwell5,mey,seasonal60,timer,1150.9310137893256,1137.7299247962055,10.855229590170634,1113.92793131531,1158.0413363044793,1.160300762545616,1.2161040799241658,0.8780487804878049,0.14634146341463414,0.08020627504720046,0.5609756097560976,0.4634146341463415,0.27764404772093637,2.0397411871846445,65.25,66.096875,498.43101378932556,476.7611747962055
1,16,dwell5,trust,seasonal60,timer,982.4460035124182,987.7506172949327,13.265684054754184,962.1793455009937,1019.4436776064158,-0.5370397840946703,-0.39987487721097964,0.3902439024390244,0.6341463414634146,-1.0272473185891353,0.21951219512195122,0.8048780487804879,-0.16659511262872015,-0.9077777640448453,53.75,54.121875,444.9460035124182,446.5318672949327
1,15,base,thr,naive,event,1873.3660698044305,2307.4084146156197,255.68780627871408,1924.6436335899991,3299.2219727896513,-18.810815721303253,-1.6975480807170704,0.01639344262295082,1.0,11.995300974304218,0.8688524590163934,0.14754098360655737,-14.666872504378256,-22.577642113350713,6.75,7.445833333333334,1805.8660698044305,2232.950081282286
1,15,base,mey,naive,event,1096.9379149584677,1116.521265946662,13.852947748934065,1088.6685260384909,1160.1463375242722,-1.7539613069161035,-1.4136594855561457,0.08196721311475409,0.9344262295081968,0.9564502888159716,0.7540983606557377,0.26229508196721313,-1.6718592807648922,-1.8361238223437786,60.833333333333336,61.669444444444444,488.6045816251343,499.8268215022175
1,15,base,trust,naive,event,1014.6010266347622,1019.7053063615662,9.78545927953653,1001.3289950846112,1043.3874162216798,-0.5005642017316404,-0.5216188204347325,0.36065573770491804,0.6557377049180327,1.4246835079325995,0.9344262295081968,0.08196721311475409,0.30522922202598735,-1.3145671605589349,58.0,58.44027777777778,434.6010266347622,435.30252858378833
1,16,f2,thr,seasonal60,timer,2454.793275498052,2432.741706673037,408.6446254847615,1761.6707228410505,3414.7027308324064,0.9064492446743337,0.05396270365444351,0.5365853658536586,0.4878048780487805,-10.776851739828512,0.36585365853658536,0.6585365853658537,-0.255122566907054,2.0937395326246304,6.0,6.071875,2442.793275498052,2420.5979566730366
1,16,f2,mey,seasonal60,timer,483.184540358567,483.8779020071982,4.062000794000967,473.83017116081936,492.1121004194423,-0.14329268721614027,-0.17069461179209983,0.4634146341463415,0.5609756097560976,-1.4864051722224174,0.07317073170731707,0.9512195121951219,0.3377471483318381,-0.6248399858697767,139.0,140.615625,205.184540358567,202.6466520071982
1,16,f2,trust,seasonal60,timer,438.1365926804333,432.8308210297313,3.434838465083097,426.7576339607302,442.62301827407964,1.2258303690294639,1.5446932089057217,0.9512195121951219,0.07317073170731707,0.4401906070898836,0.7073170731707317,0.3170731707317073,1.8262086831874473,0.608362500078551,124.0,124.63125,190.1365926804333,183.5683210297313
1,16,dwell200,thr,seasonal60,timer,2445.2550016858277,2152.657427596051,317.13722787363133,1570.611994629733,2738.5663615422613,13.592389125125713,0.9226213398269566,0.8048780487804879,0.21951219512195122,-6.91802125212155,0.3902439024390244,0.6341463414634146,15.587534939018086,11.114154706475459,4.625,4.5375,2399.0050016858277,2107.282427596051
1,16,dwell200,mey,seasonal60,timer,914.6480563027727,903.0650569676127,13.698045859713531,882.7117421636706,936.3506091129739,1.2826317711876027,0.8455950179891033,0.7804878048780488,0.24390243902439024,-1.5185309749471738,0.17073170731707318,0.8536585365853658,2.4738489749175505,-0.004918832481648886,51.5,51.91875,399.6480563027727,383.8775569676127
1,16,dwell200,trust,seasonal60,timer,830.0470381828511,827.6949381104296,10.379007688344215,807.9591287046928,847.174112532688,0.28417475619595034,0.22662090086540546,0.6097560975609756,0.4146341463414634,-2.3278510758552917,0.04878048780487805,0.975609756097561,2.1202492894083824,-1.658587778206429,46.75,47.459375,362.5470381828511,353.1011881104296
1,16,f50,thr,seasonal60,timer,2483.0042944578954,2651.652564241528,324.7801631737183,2213.5727032515347,3570.8305871945277,-6.360119423559263,-0.5192689976371069,0.43902439024390244,0.5853658536585366,-11.02988336985138,0.14634146341463414,0.8780487804878049,-11.515532243404241,-1.0166496962964617,6.0,6.05625,2183.0042944578954,2348.840064241528
1,16,f50,mey,seasonal60,timer,2542.3420075902923,2512.8576182655165,48.35492747763025,2416.399703913816,2592.1519654715394,1.1733410245952238,0.6097494270550957,0.7073170731707317,0.3170731707317073,0.30337706849815366,0.5853658536585366,0.43902439024390244,-1.938824999969138,4.003167072142506,28.5,27.49375,1117.3420075902923,1138.1701182655165
1,16,f50,trust,seasonal60,timer,2217.545882887616,2215.6218005747915,28.791248097137068,2168.658241798408,2283.213927982136,0.08684164022601605,0.06682872192038335,0.4634146341463415,0.5609756097560976,-3.4456514408833363,0.024390243902439025,1.0,-0.8251845193727909,0.915233541933481,24.5,24.86875,992.5458828876158,972.1843005747915
1,16,base,thr,seasonal60,timer,2363.3376718824015,2350.853287122219,279.68266914844554,1942.1894655260924,3006.6343422108926,0.5310575878371823,0.04463767740129833,0.6229508196721312,0.39344262295081966,-10.8182303558826,0.18032786885245902,0.8360655737704918,-4.5632252601521905,5.879020359934329,6.0,6.022222222222222,2303.3376718824015,2290.631064899997
1,16,base,mey,seasonal60,timer,1081.1840100713227,1058.9985074562867,11.32624647096719,1032.8501511163608,1087.1385470182354,2.094951263748767,1.958769189060527,0.9672131147540983,0.04918032786885246,-0.6811860877890609,0.2786885245901639,0.7377049180327869,3.6788288288262923,0.4881808916141714,62.666666666666664,60.97361111111111,454.5173434046561,449.2623963451756
1,16,base,trust,seasonal60,timer,956.8052539432069,969.0116196542788,10.581402003220916,943.6581557975288,995.7471889122022,-1.259671758675793,-1.1535679021887926,0.13114754098360656,0.8852459016393442,-1.2182320329098226,0.13114754098360656,0.8852459016393442,-3.0807875054436287,0.6132633710254561,54.416666666666664,55.169444444444444,412.6385872765403,417.3171752098343
1,17,dwell200,thr,ma10,http,1916.6403233030428,1925.3739460356708,95.63413920263335,1768.475894843752,2369.5249162906393,-0.4536065708487653,-0.0913232743604543,0.5853658536585366,0.43902439024390244,11.127032453621768,0.975609756097561,0.04878048780487805,7.095311425199045,-6.683990937235944,4.5,4.540625,1871.6403233030428,1879.9676960356708
1,17,dwell200,mey,ma10,http,931.9174074468542,946.8678948952863,15.875381386857239,899.0230265290293,981.5389000926434,-1.578941215457039,-0.9417403641596405,0.17073170731707318,0.8536585365853658,-2.375371429368293,0.04878048780487805,0.975609756097561,0.8971001955713203,-3.9992416328097664,45.0,44.209375,481.9174074468542,504.7741448952863
1,17,dwell200,trust,ma10,http,826.01283629,833.4974034351511,8.546872889681163,817.0737542453342,858.9428876085682,-0.8979712611346417,-0.8757082551429317,0.2682926829268293,0.7560975609756098,-0.4023294877103892,0.36585365853658536,0.6585365853658537,-0.941881139054663,-0.8525294153913872,42.5,41.871875,401.01283629,414.7786534351511
1,17,dwell5,thr,ma10,http,1863.8207031996533,1962.8338926994188,124.0756231206684,1836.3403528638817,2472.8472202421494,-5.0443998276184265,-0.7980067881945782,0.14634146341463414,0.8780487804878049,-1.722126004459036,0.5365853658536586,0.4878048780487805,-7.664000608587229,-2.6451990423493736,6.375,6.021875,1800.0707031996533,1902.6151426994188
1,17,dwell5,mey,ma10,http,1124.4553309697808,1140.2827885382897,13.331241652827073,1114.4697029056183,1168.7223287306915,-1.3880291562409557,-1.1872455680189724,0.12195121951219512,0.9024390243902439,0.03194992609586018,0.5609756097560976,0.4634146341463415,0.08201148060491933,-2.9233423660729705,52.625,54.29375,598.2053309697808,597.3452885382897
1,17,dwell5,trust,ma10,http,1007.8020869087946,1004.3669099293244,7.52567944827535,992.8312426181258,1022.8119657015318,0.34202410946732587,0.45646070937256106,0.7317073170731707,0.2926829268292683,0.4426766437843912,0.7804878048780488,0.24390243902439024,1.5657794079326857,-0.8890442495621732,53.25,52.5375,475.30208690879465,478.9919099293244
1,17,signed,thr,ma10,http,1968.43151383142,2057.8427197375577,203.24828142035744,1740.7141243127417,2615.958117275004,-4.3448998822194,-0.43991125180152285,0.3170731707317073,0.7073170731707317,-0.9048806156402931,0.4634146341463415,0.5609756097560976,6.768348259067147,-16.190109292111092,6.0,6.13125,1908.43151383142,1996.5302197375577
1,17,signed,mey,ma10,http,1044.012775313336,1049.82934438037,14.996695253467248,1025.901399860716,1102.4310404787736,-0.5540490078858463,-0.3878567223461535,0.34146341463414637,0.6829268292682927,-0.7583245372943805,0.2926829268292683,0.7317073170731707,-0.4385019232816096,-0.6784462872298693,61.0,61.2625,434.0127753133361,437.20434438037
1,17,signed,trust,ma10,http,918.6224188344877,939.2560173851459,11.968971273654525,910.6097618617148,963.3690038053637,-2.196802380686515,-1.7239241434287536,0.0975609756097561,0.926829268292683,-1.6130231333193603,0.12195121951219512,0.9024390243902439,-2.3163787366460054,-2.0712175527905523,50.125,51.01875,417.3724188344877,429.0685173851459
1,17,f50,thr,ma10,http,2552.3911827800734,2588.0744984144294,108.15431865708555,2473.7065857807,3024.9497576543554,-1.3787592148609769,-0.32992964199139924,0.43902439024390244,0.5853658536585366,-2.999741461784862,0.21951219512195122,0.8048780487804879,-2.90581345202133,0.10272387604607211,6.0,6.003125,2252.3911827800734,2287.9182484144294
1,17,f50,mey,ma10,http,2341.9619590024763,2380.8681946873317,32.078858309882946,2324.6325086970855,2475.930955915538,-1.6341196783455172,-1.2128310586686,0.14634146341463414,0.8780487804878049,-1.051598550692092,0.2682926829268293,0.7560975609756098,-2.4622827590657446,-0.7958454245869531,22.25,22.653125,1229.4619590024763,1248.2119446873317
1,17,f50,trust,ma10,http,2201.945436767437,2192.6216811982536,24.710329851899157,2144.4356585854975,2236.539395818074,0.4252332105047931,0.3773221816570332,0.6341463414634146,0.3902439024390244,-0.0424092780971348,0.4878048780487805,0.5365853658536586,-1.1395901367511847,2.003355940490067,23.375,23.0125,1033.195436767437,1041.9966811982536
1,17,f2,thr,ma10,http,1918.7925824511271,1892.309746823638,143.43495984148922,1724.994914759212,2624.7651834902113,1.3994979242664785,0.18463306056456108,0.6829268292682927,0.34146341463414637,-4.961282935391278,0.14634146341463414,0.8780487804878049,-1.230276142843652,3.808878158160771,6.0,6.009375,1906.7925824511271,1880.2909968236381
1,17,f2,mey,ma10,http,511.0352530342694,518.1999770042314,5.499506642323355,506.26006179332245,530.6726030228452,-1.3826175777509802,-1.3027939478831483,0.14634146341463414,0.8780487804878049,0.6263278430722551,0.7804878048780488,0.24390243902439024,-2.5345821426794544,-0.17321628558061847,120.0,119.51875,271.0352530342694,279.1624770042314
1,17,f2,trust,ma10,http,453.8961327147608,453.7868230302576,2.9657093707419175,447.5392116827876,461.26304575031685,0.024088333762817937,0.036857854509145964,0.5121951219512195,0.5121951219512195,-0.20724220078338496,0.4634146341463415,0.5609756097560976,0.8592790737015737,-0.8422985654801719,118.25,117.75,217.39613271476082,218.2868230302576
1,18,signed,thr,naive,http,2250.694259062298,2160.9017822832093,213.44628568602334,1752.3748284087594,2822.1839601665642,4.155324296332152,0.4206795001866289,0.7560975609756098,0.2682926829268293,5.411296972208282,0.8292682926829268,0.1951219512195122,-2.921921655027125,10.835946864044182,6.0,6.059375,2190.694259062298,2100.3080322832093
1,18,signed,mey,naive,http,1071.3415232911498,1067.7456688169564,13.783395220502495,1037.3595947090976,1098.6582410162873,0.33677069167394014,0.2608830710190076,0.6829268292682927,0.34146341463414637,-1.5104590092348709,0.12195121951219512,0.9024390243902439,0.7319861534493657,-0.06673748658128696,60.75,61.03125,463.84152329114977,457.43316881695637
1,18,signed,trust,naive,http,935.1050310951982,950.84740746383,10.032781712232108,932.7032467803681,970.396314602861,-1.655615427360841,-1.569093878464279,0.0975609756097561,0.926829268292683,-1.6216926384954065,0.0975609756097561,0.926829268292683,-2.3158203099125196,-0.997444903882594,50.75,52.890625,427.6050310951982,421.94115746383
1,17,base,thr,ma10,http,2012.2650935843405,2014.485860295109,127.60993655586618,1905.7665282265868,2668.8023551436277,-0.1102398758183938,-0.01740277262653605,0.6557377049180327,0.36065573770491804,3.0773784656324263,0.8524590163934426,0.16393442622950818,3.9076305435308956,-4.44297730806849,6.0,6.008333333333334,1952.2650935843405,1954.4025269617757
1,17,base,mey,ma10,http,1070.1100147914076,1069.083533221175,13.300617032036726,1041.6857162235913,1106.7364633569907,0.09601509501692317,0.07717548499893957,0.5901639344262295,0.4262295081967213,1.1804515008565348,0.8360655737704918,0.18032786885245902,0.12614781982490572,0.06589444046179645,51.416666666666664,51.859722222222224,555.943348124741,550.4863109989527
1,17,base,trust,ma10,http,974.8125396512246,974.8694582947517,6.535135172357817,960.816664260038,992.2407569588373,-0.005838591315254857,-0.008709635229554664,0.5081967213114754,0.5081967213114754,1.0673569216525836,0.9508196721311475,0.06557377049180328,-0.05812694323098769,0.04817214878863589,51.25,51.168055555555554,462.3125396512246,463.1889027391961
1,18,dwell5,thr,naive,http,2406.7713681493397,2151.059921275657,172.07949923475238,1877.290181116826,2556.063060579616,11.887695193634423,1.4860076186346804,0.926829268292683,0.0975609756097561,2.7356253321011517,0.6829268292682927,0.34146341463414637,8.123003323715352,15.373668481098525,6.0,6.0,2346.7713681493397,2091.059921275657
1,18,dwell5,mey,naive,http,1136.523298548943,1136.1276417934637,17.276807951242237,1100.5795304182307,1171.8502008947596,0.03482502677734763,0.022901033373527394,0.5121951219512195,0.5121951219512195,0.502728558152965,0.5609756097560976,0.4634146341463415,-2.1254549557340816,2.0759582929151144,57.625,56.9125,560.2732985489431,567.0026417934637
1,18,dwell5,trust,naive,http,1016.1301308601883,1028.3140020190028,12.051179315913688,1006.9174476096501,1053.2573007072328,-1.184839566017054,-1.0110106935945802,0.1951219512195122,0.8292682926829268,0.1968285586778414,0.5121951219512195,0.5121951219512195,-0.30122796113469696,-2.0764923761273106,54.5,54.665625,471.1301308601883,481.6577520190028
1,18,f2,thr,naive,http,2443.050080463006,2033.9350261077248,180.64467408385536,1691.351719633593,2401.462072962954,20.11446034921732,2.264750159007565,1.0,0.024390243902439025,-1.9415637631946165,0.4634146341463415,0.5609756097560976,25.08454729019845,14.467288688182526,6.0,6.003125,2431.050080463006,2021.9287761077248
1,18,f2,mey,naive,http,515.9896706139382,509.4726488657283,5.249735711246315,498.03588441651914,520.0756808574205,1.2791700914110262,1.2413999688115227,0.8536585365853658,0.17073170731707318,-0.3828203590213618,0.4146341463414634,0.6097560975609756,1.7105933098365407,0.8495512331795518,122.25,125.375,271.4896706139382,258.7226488657283
1,18,f2,trust,naive,http,449.68602855105826,451.0502149886441,4.2218952068137625,439.186771648243,463.1754039561885,-0.3024466882518113,-0.32312181396263784,0.34146341463414637,0.6829268292682927,-1.6385845293915289,0.04878048780487805,0.975609756097561,-1.4396212881840493,0.8261081298577918,116.125,118.746875,217.43602855105826,213.55646498864408
1,18,dwell200,thr,naive,http,2512.276884117109,2109.599619859894,155.21239717911897,1890.5215046753342,2541.4627106319704,19.08785252264874,2.594362767250579,0.9512195121951219,0.07317073170731707,10.761665556262596,0.9512195121951219,0.07317073170731707,16.74901493605622,21.34786027641944,4.5,4.5,2467.276884117109,2064.599619859894
1,18,dwell200,mey,naive,http,927.0016999331365,907.1161683427897,14.534670277412523,877.9170088574128,936.4976819741191,2.192170339844746,1.368144664502621,0.926829268292683,0.0975609756097561,0.7812967250189228,0.7317073170731707,0.2926829268292683,0.9912273698860155,3.528706990211281,46.0,46.090625,467.0016999331365,446.2099183427897
1,18,dwell200,trust,naive,http,810.9126179636246,815.9083880853733,10.999647390364148,796.5153278589194,844.3440355341522,-0.612295472715004,-0.45417547894535903,0.34146341463414637,0.6829268292682927,0.06826239084813013,0.5121951219512195,0.5121951219512195,-1.2694397815860459,0.0784668353208237,42.625,43.15,384.6626179636246,384.4083880853733
1,18,f50,thr,naive,http,2701.9494045898227,2503.4691950041206,207.18385293104535,2255.704442515398,3168.2208451638026,7.928206585556786,0.9579907255212599,0.8780487804878049,0.14634146341463414,-5.754892511573578,0.21951219512195122,0.8048780487804879,4.686519266651146,10.987928309763936,6.0,6.0,2401.9494045898227,2203.4691950041206
1,18,f50,mey,naive,http,2357.455145379812,2336.6117932962534,47.47171573533843,2212.6777463446506,2411.9369557952546,0.8920331628625014,0.43906885943965956,0.6585365853658537,0.36585365853658536,-0.1098664688214116,0.4878048780487805,0.5365853658536586,0.4571930248730028,1.3214602637102009,23.875,23.95625,1163.7051453798122,1138.7992932962534
1,18,f50,trust,naive,http,2204.5088128003053,2188.252479250503,26.746164420638475,2135.6304453890725,2241.2764559497855,0.7428911290606875,0.6078005539088989,0.7073170731707317,0.3170731707317073,0.510548894622487,0.6341463414634146,0.3902439024390244,-1.8490002876767324,3.562306310272073,24.0,23.621875,1004.5088128003053,1007.1587292505028
1,19,signed,thr,seasonal60,http,2272.787393799699,2353.5023111907076,298.54978187220553,1866.9973004729175,3272.8661055731227,-3.429566098457421,-0.2703566449951669,0.4878048780487805,0.5365853658536586,15.755846266309252,0.9024390243902439,0.12195121951219512,-7.211783097142378,0.43868998223349864,6.625,6.74375,2206.537393799699,2286.0648111907076
1,19,signed,mey,seasonal60,http,1146.0971211285662,1152.766886554135,18.147760444881694,1123.473783451832,1186.119015803909,-0.5785875273973351,-0.3675255382517417,0.3170731707317073,0.7073170731707317,3.004613428808043,1.0,0.024390243902439025,-1.6171168918953576,0.47494302910585756,69.75,69.721875,448.5971211285662,455.548136554135
1,19,signed,trust,seasonal60,http,975.5234576074209,985.8425638208521,13.530423829517021,961.0198128272513,1016.0670998075412,-1.046729629266276,-0.7626594956264207,0.2926829268292683,0.7317073170731707,1.0285443878961462,0.7804878048780488,0.24390243902439024,-2.8611999759055595,0.768387315364575,54.0,55.703125,435.52345760742094,428.8113138208521
1,18,base,thr,naive,http,2470.2364368587273,2151.28416305821,154.23388950344662,1801.8269344469952,2546.5602832162385,14.826134049492689,2.06797789271462,0.9508196721311475,0.06557377049180328,-7.322946282113158,0.16393442622950818,0.8524590163934426,13.110528627036352,16.457146486957498,6.0,6.001388888888889,2410.2364368587273,2091.2702741693215
1,18,base,mey,naive,http,1114.779712225317,1101.0785833285186,14.893415463946267,1062.4757607540641,1137.8150472428936,1.2443370622449623,0.9199453899588044,0.8524590163934426,0.16393442622950818,-2.7435297339026565,0.04918032786885246,0.9672131147540983,-0.7383992252187335,3.2295141864256522,56.083333333333336,54.583333333333336,553.9463788919837,555.2452499951852
1,18,base,trust,naive,http,965.258413256474,971.2785928412152,8.531677882695586,954.7099222964252,988.4512248800426,-0.6198200628648434,-0.7056266853383719,0.3114754098360656,0.7049180327868853,0.43163388607439995,0.6885245901639344,0.32786885245901637,-0.5906883605065495,-0.6498816571838765,50.916666666666664,51.50138888888889,456.09174658980737,456.2647039523263
1,19,dwell5,thr,seasonal60,http,2517.0822230054305,2272.051913728342,221.84653098219323,1843.6946516344472,2770.619272898734,10.784538319593421,1.1045036773496193,0.8780487804878049,0.14634146341463414,-0.7381636086662656,0.5365853658536586,0.4878048780487805,16.649643515632018,4.504142207917766,6.0,6.08125,2457.0822230054305,2211.239413728342
1,19,dwell5,mey,seasonal60,http,1131.1383626493352,1111.1842370953673,19.022398203756946,1075.7505510430558,1144.302584677283,1.7957531152644859,1.04898054074102,0.8292682926829268,0.1951219512195122,2.199115309114209,0.8780487804878049,0.14634146341463414,3.076475478423801,0.4962435635888506,63.625,61.4875,494.88836264933525,496.3092370953673
1,19,dwell5,trust,seasonal60,http,997.9048468084934,999.9500878959946,11.678995502524275,972.7233174641932,1024.551904983915,-0.20453431748824252,-0.17512131818691937,0.43902439024390244,0.5853658536585366,1.810882184508088,0.926829268292683,0.0975609756097561,0.9773615579258008,-1.3974942941523119,54.75,55.590625,450.4048468084934,444.04383789599456
1,19,f2,thr,seasonal60,http,2498.4249721158894,2329.497596538832,269.7845943638966,1923.4146255027927,2834.95690937199,7.251665587809562,0.626156493388207,0.7073170731707317,0.3170731707317073,21.664531455995988,0.975609756097561,0.04878048780487805,12.099758148806234,2.9782834305518167,6.0,6.203125,2486.4249721158894,2317.091346538832
1,19,f2,mey,seasonal60,http,508.4666648356949,498.8175100055023,6.408031739068858,483.16249440970176,510.8046027301946,1.93440579703912,1.5057907362354503,0.9512195121951219,0.07317073170731707,1.6524908673566066,0.9024390243902439,0.12195121951219512,1.033046301335608,2.849924050386004,140.25,141.44375,227.96666483569493,215.9300100055023
1,19,f2,trust,seasonal60,http,444.5008014423042,440.5546217549694,3.9298731705849965,432.2383048891369,447.7324047820272,0.8957299486758314,1.0041493748123598,0.8536585365853658,0.17073170731707318,-1.1777664326580783,0.12195121951219512,0.9024390243902439,1.1623800305958878,0.6284732468237865,122.0,123.90625,200.50080144230418,192.7421217549694
1,19,dwell200,thr,seasonal60,http,2016.7252662139254,1995.7137816581621,216.930452102142,1681.4880197009124,2669.8447423262332,1.0528305586137496,0.09685816054018055,0.6341463414634146,0.3902439024390244,-17.171090176768306,0.024390243902439025,1.0,-21.617537416214013,23.514387207845914,4.75,5.06875,1969.2252662139254,1945.0262816581621
1,19,dwell200,mey,seasonal60,http,920.9319725611708,899.8458105211575,13.832717307586039,867.5306685550863,928.187663384583,2.3433083527722323,1.5243687535238906,0.9512195121951219,0.07317073170731707,-0.533918680032951,0.34146341463414637,0.6829268292682927,2.2240449311941286,2.477086975759783,49.125,48.603125,429.6819725611708,413.81456052115755
1,19,dwell200,trust,seasonal60,http,838.6369015976409,817.9515912934087,11.937614272675058,793.9180888631221,844.7942297651541,2.528916200471347,1.73278427596546,0.9512195121951219,0.07317073170731707,-1.0204573305462834,0.21951219512195122,0.8048780487804879,1.0701667236182109,4.183138248383208,44.75,44.371875,391.1369015976409,374.2328412934087
1,19,f50,thr,seasonal60,http,3088.9950828806623,2598.525965212132,328.92198614661623,2185.297513284918,3495.7938883760835,18.87489770103145,1.4911411773182732,0.8780487804878049,0.14634146341463414,-3.8401108107624755,0.5121951219512195,0.5121951219512195,11.36306915743364,26.55176726054997,6.125,6.225,2782.7450828806623,2287.275965212132
1,19,f50,mey,seasonal60,http,2532.31495929311,2516.900407207292,55.579050961788106,2425.0714227391218,2669.494567865392,0.6124418765906413,0.27734464369346096,0.6829268292682927,0.34146341463414637,0.8695875938514308,0.7560975609756098,0.2682926829268293,2.409975848130403,-1.0665420876630005,27.125,27.23125,1176.06495929311,1155.3379072072921
1,19,f50,trust,seasonal60,http,2122.516010768002,2146.275062066886,43.55299439498489,2061.742644162522,2295.7355066005366,-1.1069900460942708,-0.5455205004600074,0.3170731707317073,0.7073170731707317,3.997782063018403,0.975609756097561,0.04878048780487805,0.279766024849964,-2.4437871455429936,22.25,23.009375,1010.0160107680022,995.8063120668862
1,20,signed,thr,ma10,http,1647.163378926738,2631.111565657059,380.33051623358637,1958.1829082777326,3650.6702789968786,-37.39667293373031,-2.5870871379829348,0.024390243902439025,1.0,-8.055867341395308,0.36585365853658536,0.6585365853658537,-47.28649726778607,-26.66411861662107,7.0,7.49375,1577.163378926738,2556.174065657059
1,20,signed,mey,ma10,http,1094.8727196398763,1143.7089335614214,16.732211616431407,1102.09833895863,1182.4242431781445,-4.269986225382789,-2.9186944942524415,0.024390243902439025,1.0,-2.45214273266693,0.04878048780487805,0.975609756097561,-5.840608089402305,-2.676852370063443,68.875,69.653125,406.1227196398763,447.1776835614214
1,20,signed,trust,ma10,http,991.5728626598295,994.0750820401005,13.0625504680846,972.5572561007273,1028.6281847803289,-0.25171331879034264,-0.1915567244225825,0.4146341463414634,0.6097560975609756,1.6843457002658087,0.8780487804878049,0.14634146341463414,0.7466603989995942,-1.2690729342338072,56.625,56.246875,425.3228626598295,431.6063320401005
1,20,dwell200,thr,ma10,http,1954.4004689043409,2660.5623134094153,381.88500415441814,2049.0843602216773,3555.874083619566,-26.541826926810568,-1.8491478765150267,0.024390243902439025,1.0,-9.368630009541883,0.3170731707317073,0.7073170731707317,-22.502730687223476,-30.16891249570259,6.0,6.35,1894.4004689043409,2597.0623134094153
1,20,dwell200,mey,ma10,http,942.576698070854,959.0227303952288,15.959747131586656,928.3887774580846,995.1366981233698,-1.7148740903770945,-1.0304694797968115,0.21951219512195122,0.8048780487804879,-2.112490628118033,0.17073170731707318,0.8536585365853658,-0.2564108209236683,-3.2785018751501864,52.0,53.690625,422.57669807085404,422.1164803952288
1,20,dwell200,trust,ma10,http,829.6257241364183,847.8454044141488,10.353685698562693,829.3644246319135,870.8315340909477,-2.1489389672778954,-1.7597289321096328,0.04878048780487805,0.975609756097561,-1.9635101739486938,0.04878048780487805,0.975609756097561,-3.024800954923198,-1.2372567722742105,45.0,46.440625,379.6257241364183,383.4391544141488
1,20,dwell5,thr,ma10,http,1672.8750363892354,2304.063702163775,266.7968381553779,1907.671437960155,3231.6606246866468,-27.394583977074173,-2.3658026464576993,0.024390243902439025,1.0,1.1833685278134742,0.6585365853658537,0.36585365853658536,-25.71393034010661,-28.91338370801419,6.875,7.184375,1604.1250363892354,2232.219952163775
1,20,dwell5,mey,ma10,http,1097.3870245687733,1167.0301581093227,21.020332927832932,1129.9368491927148,1214.1945026315161,-5.967552171348896,-3.3131318033662147,0.024390243902439025,1.0,-0.8753781148541369,0.3902439024390244,0.6341463414634146,-6.799427486035848,-5.141223313462176,67.75,69.125,419.8870245687733,475.78015810932266
1,20,dwell5,trust,ma10,http,1018.0105913530471,1041.3428870758164,11.316422483497785,1016.9428283372669,1060.7489025490593,-2.2405968305299044,-2.0618084696637786,0.04878048780487805,0.975609756097561,1.0613711285374994,0.8292682926829268,0.1951219512195122,-1.0459372669860327,-3.390422882497573,60.625,59.625,411.76059135304706,445.0928870758164
1,19,base,thr,seasonal60,http,2186.530448994692,2167.9026791220863,322.5065996046085,1797.5825264575562,3168.7319473442763,0.8592530491336109,0.057759344755869566,0.6557377049180327,0.36065573770491804,-7.814666129422263,0.39344262295081966,0.6229508196721312,-1.0199659338951539,2.735507511140998,6.083333333333333,6.1722222222222225,2125.6971156613586,2106.180456899864
1,19,base,mey,seasonal60,http,1095.63245378657,1094.8101511749555,13.35666528419941,1070.5587191061243,1130.2580194314307,0.07510915118315563,0.0615649635682115,0.5081967213114754,0.5081967213114754,1.324497966350574,0.9016393442622951,0.11475409836065574,-0.5644305360764681,0.7185337788294698,59.583333333333336,61.52361111111111,499.7991204532367,479.57404006384445
1,19,base,trust,seasonal60,http,949.7634270180753,939.1532991499729,9.44004051217344,911.7867913390487,958.087437693352,1.129754628739057,1.1239493998378558,0.8688524590163934,0.14754098360655737,-0.6719469585059273,0.21311475409836064,0.8032786885245902,2.9293359767280664,-0.6309987231034816,52.416666666666664,51.84305555555556,425.59676035140865,420.72274359441735
1,20,f2,thr,ma10,http,1607.3567016152397,2286.6925871140074,302.045997554049,1853.1802365167623,3321.6489859407884,-29.708229664405614,-2.2491140124351605,0.024390243902439025,1.0,22.530957354011235,0.926829268292683,0.0975609756097561,-30.00795985005979,-29.39999040540327,7.0,7.315625,1593.3567016152397,2272.0613371140075
1,20,f2,mey,ma10,http,476.25364071388486,504.32772595918124,5.521189220413704,495.6681926524042,519.1826524609216,-5.566635304831249,-5.084789548870556,0.024390243902439025,1.0,0.2985929753925971,0.6829268292682927,0.34146341463414637,-3.433625709205753,-7.693690921654091,148.0,146.971875,180.25364071388486,210.3839759591812
1,20,f2,trust,ma10,http,438.294839141013,456.249345185523,3.9606523293450215,448.54872884707817,463.4572779864359,-3.935239849431291,-4.5332194172870475,0.024390243902439025,1.0,-1.1133066570105097,0.14634146341463414,0.8780487804878049,-3.9907402615603904,-3.879989699426932,130.0,131.29375,178.29483914101297,193.66184518552302
1,20,f50,thr,ma10,http,2094.812787230495,2878.65457976034,312.04925335049074,2366.889764754998,3901.1445062925222,-27.229449411575565,-2.511916898097626,0.024390243902439025,1.0,-18.376664058089386,0.024390243902439025,1.0,-26.811811352160348,-27.590918241172805,7.125,7.215625,1738.562787230495,2517.87332976034
1,20,f50,mey,ma10,http,2292.826837314976,2476.562960299549,58.7589794579119,2377.2769525044832,2587.247727868369,-7.418996646963894,-3.126945441865281,0.024390243902439025,1.0,-1.0470752434433908,0.36585365853658536,0.6585365853658537,-5.101770585388609,-9.606759855249209,26.375,27.978125,974.0768373149758,1077.656710299549
1,20,f50,trust,ma10,http,2225.913450795455,2277.8863258297933,42.466315783967005,2188.123864960844,2382.3248987376983,-2.281627245617955,-1.2238611726699522,0.0975609756097561,0.926829268292683,-2.303046421417051,0.0975609756097561,0.926829268292683,-4.453444023672726,-0.23863937274626665,26.5,26.05625,900.913450795455,975.0738258297933
1,20,base,thr,ma10,http,1834.9209089925364,2480.2779402297933,249.90299073185545,2050.287140820874,3208.1680972435133,-26.019544857035893,-2.582430203605372,0.01639344262295082,1.0,11.832036035610843,0.9016393442622951,0.11475409836065574,-25.64418156817277,-26.409451918197007,6.833333333333333,7.3,1766.5875756592031,2407.2779402297933
1,20,base,mey,ma10,http,1056.0987781061647,1111.1007096707974,13.482144292897024,1086.5289720134408,1140.2693725839392,-4.950220181294727,-4.079613032595278,0.01639344262295082,1.0,-1.5788396627994328,0.09836065573770492,0.9180327868852459,-4.598395434192974,-5.29314042032062,62.25,64.3125,433.5987781061647,467.9757096707974
1,20,base,trust,ma10,http,965.3454153362414,994.4400296306906,10.941719018701946,969.1272354516824,1027.218004920274,-2.9257283926165067,-2.6590533210293232,0.01639344262295082,1.0,1.222466926641332,0.8688524590163934,0.14754098360655737,-3.7679112666003434,-2.132703095497412,56.75,57.06666666666667,397.84541533624144,423.7733629640238
1,21,signed,thr,naive,queue,3193.687410255484,2704.028307617381,448.20779691137125,2085.8226013990725,3980.9160554149807,18.108505049991862,1.0924823396923822,0.8536585365853658,0.17073170731707318,-7.658979797799225,0.34146341463414637,0.6829268292682927,30.60070555916202,6.737370128548468,10.5,10.628125,3088.687410255484,2597.747057617381
1,21,signed,mey,naive,queue,1164.3041970262602,1117.6240647069135,16.54183893511986,1078.9391940020955,1155.9434951524786,4.176729348753614,2.821943346349509,1.0,0.024390243902439025,-0.3012407544495293,0.4634146341463415,0.5609756097560976,5.362704320297522,2.9907459992489085,68.5,67.971875,479.3041970262602,437.9053147069135
1,21,signed,trust,naive,queue,1121.4292533239154,1094.820657189231,13.762414607674438,1063.41841916567,1128.4228539466335,2.4304068396916714,1.9334249761554505,0.975609756097561,0.04878048780487805,0.548248495400192,0.6585365853658537,0.36585365853658536,4.93595385785164,-0.024611640013408726,66.5,67.003125,456.4292533239154,424.78940718923104
1,21,f2,thr,naive,queue,2731.1993348623573,2357.3963412958756,302.8959232556515,1872.8943379862142,3197.169470210142,15.85660361893155,1.2340971431661791,0.8780487804878049,0.14634146341463414,-19.50900750732829,0.07317073170731707,0.9512195121951219,24.067377322651755,7.006950831513205,9.25,9.13125,2712.6993348623573,2339.1338412958758
1,21,f2,mey,naive,queue,503.24080687807725,482.1793982615383,5.47619497278974,472.2888795914728,497.04905457128973,4.367961114156735,3.8459931980489013,1.0,0.024390243902439025,-0.3097465120774858,0.4146341463414634,0.6097560975609756,1.9900702846874232,6.736893038543494,151.125,150.353125,200.99080687807725,181.4731482615383
1,21,f2,trust,naive,queue,468.42708519221435,458.3901195770205,4.178912815723227,449.940498645253,465.32128663119965,2.1896121200115375,2.4018126383085994,1.0,0.024390243902439025,0.16820250352971255,0.5365853658536586,0.4878048780487805,-0.2480078685090792,4.59609051224267,136.625,140.353125,195.17708519221435,177.68386957702052
1,21,dwell200,thr,naive,queue,2991.144452552162,3024.664083040857,442.7409174448576,1957.882508882017,4420.691387979123,-1.1082100216231565,-0.07570935770324351,0.5609756097560976,0.4634146341463415,20.850829625943934,0.9024390243902439,0.12195121951219512,-1.2220739616994252,-0.9867302204658711,8.375,9.075,2907.394452552162,2933.914083040857
1,21,dwell200,mey,naive,queue,1012.0781100388707,987.8661339720402,11.540045743693259,964.4895709032218,1008.8872262922126,2.4509369472438856,2.098083196945955,1.0,0.024390243902439025,0.9234799619839646,0.7560975609756098,0.2682926829268293,4.254300451205643,0.6600031812871427,58.625,60.55625,425.8281100388707,382.3036339720402
1,21,dwell200,trust,naive,queue,922.9283144314718,918.576771305906,10.984777408536038,897.994952425309,949.6726074689828,0.47372666732899366,0.3961430408397942,0.6585365853658537,0.36585365853658536,-3.033331724433034,0.024390243902439025,1.0,1.0737401486147697,-0.11752403218571764,52.625,54.30625,396.6783144314718,375.51427130590605
1,21,f50,thr,naive,queue,3397.5819880781305,3007.2657319649643,383.8622529874714,2381.490557568554,4125.422556544956,12.979107631374212,1.0168133310203478,0.8780487804878049,0.14634146341463414,-11.217911067559132,0.17073170731707318,0.8536585365853658,12.667225666974057,13.266894908033173,8.625,9.321875,2966.3319880781305,2541.1719819649643
1,21,f50,mey,naive,queue,2457.688884249488,2542.433888262095,68.41669215146405,2436.0771129923737,2672.998537853129,-3.3332235069654104,-1.23865976777998,0.14634146341463414,0.8780487804878049,-1.8808201856104672,0.2682926829268293,0.7560975609756098,-5.913093175696799,-0.6776929322665787,26.625,29.0125,1126.4388842494882,1091.808888262095
1,21,f50,trust,naive,queue,2400.275662079671,2368.9915772525123,45.52160618057409,2288.7810153971436,2476.9144392201515,1.320565472986648,0.6872359622606787,0.7560975609756098,0.2682926829268293,1.40295070530155,0.7804878048780488,0.24390243902439024,-2.1499159017575153,5.0741475937185845,27.375,27.746875,1031.5256620796708,981.6478272525123
1,21,dwell5,thr,naive,queue,2416.3244414561195,2066.616919127714,238.04683611008636,1635.9753537620873,2686.558308474468,16.921739055345167,1.4690702386259857,0.8780487804878049,0.14634146341463414,1.4033582886267937,0.6585365853658537,0.36585365853658536,9.774954063866254,23.911211808533015,9.625,8.95,2320.0744414561195,1977.116919127714
1,21,dwell5,mey,naive,queue,1215.0050288186007,1122.0974177277585,11.750471045890459,1093.3899673825517,1149.0520686964414,8.279816852174891,7.906713758793117,1.0,0.024390243902439025,0.7943801589643597,0.7317073170731707,0.2926829268292683,6.179385579745982,10.417483695651411,69.375,69.4,521.2550288186007,428.0974177277585
1,21,dwell5,trust,naive,queue,1110.524789647087,1079.2695898113238,12.593728690437185,1044.5331798494044,1106.4305569504272,2.8959585381468065,2.4818066677501247,1.0,0.024390243902439025,-1.5810471201952891,0.07317073170731707,0.9512195121951219,1.9760493288667895,3.770085908298222,63.25,64.159375,478.0247896470869,437.67583981132384
1,21,base,thr,naive,queue,2855.6326235213783,2607.313792353103,350.6220945752102,1967.8045981248752,3659.8029535246787,9.523933478837899,0.7082235689371525,0.7704918032786885,0.2459016393442623,34.434972710618666,0.9836065573770492,0.03278688524590164,11.531637076599516,7.625539678831877,8.833333333333334,8.998611111111112,2767.299290188045,2517.3276812419917
1,21,base,mey,naive,queue,1149.5750020486043,1092.6252175800448,13.433660448337099,1060.0980065388844,1148.9414956798005,5.2121975177080735,4.239334817756922,1.0,0.01639344262295082,0.6738669995585471,0.7213114754098361,0.29508196721311475,5.817969426952875,4.592171912308617,64.08333333333333,64.99444444444444,508.7416687152711,442.6807731356005
1,21,base,trust,naive,queue,1070.7184296437397,1049.9437302898957,10.464512709702372,1027.4086062543176,1074.4372951583503,1.9786488317910096,1.9852524365116697,0.9672131147540983,0.04918032786885246,-0.635679924652556,0.3114754098360656,0.7049180327868853,2.629687357645626,1.33345298542737,59.416666666666664,62.71527777777778,476.55176297707305,422.7909525121179
1,22,signed,thr,seasonal60,timer,1555.112992948401,1602.664459073027,21.051063514374707,1561.629907572137,1714.0443737473606,-2.9670256837248177,-2.2588628879560235,0.024390243902439025,1.0,6.94967147014386,1.0,0.04878048780487805,-3.121343407086168,-2.8318811018999774,8.25,12.646875,1472.612992948401,1476.195709073027
1,22,signed,mey,seasonal60,timer,923.3967031317459,970.9113683067131,21.579328934642305,958.1296916369695,1100.9120695341346,-4.893821076359802,-2.2018601838303575,0.024390243902439025,1.0,13.203401054962715,0.975609756097561,0.04878048780487805,-4.488746104114448,-5.2823427978755095,53.375,57.703125,389.6467031317459,393.88011830671314
1,22,signed,trust,seasonal60,timer,897.7221668418183,940.213483568087,12.262020509400594,930.1373342260296,1009.1097226011767,-4.519326458180028,-3.4652785561476596,0.024390243902439025,1.0,6.704731400043831,0.975609756097561,0.04878048780487805,-4.446487495914257,-4.592094217691233,50.625,54.53125,391.4721668418183,394.900983568087
1,22,dwell5,thr,seasonal60,timer,1512.0814544892962,1533.9833929887852,11.001504309073496,1490.8323560295396,1579.7765002712151,-1.4277819824904145,-1.9908130637575965,0.04878048780487805,0.975609756097561,-0.12398690286883118,0.4146341463414634,0.7073170731707317,-1.1686932490457775,-1.6837015823570576,8.875,10.946875,1423.3314544892962,1424.5146429887852
1,22,dwell5,mey,seasonal60,timer,948.1389382136372,967.6893470267848,5.002517192487248,959.1962949375365,987.0276726409875,-2.0203186976498286,-3.9081142674548652,0.024390243902439025,1.0,-0.6945939168094322,0.07317073170731707,0.9512195121951219,-2.0690557379225387,-1.972038633671063,53.875,55.61875,409.3889382136372,411.50184702678484
1,22,dwell5,trust,seasonal60,timer,960.6025732905055,980.5560976224991,5.358735534075198,972.2329251649213,1002.9592455403696,-2.034919203539082,-3.723550864772656,0.024390243902439025,1.0,0.02610852038468351,0.7073170731707317,0.3170731707317073,-1.8193000724970565,-2.252530081633156,54.25,56.059375,418.10257329050546,419.9623476224991
1,22,dwell200,thr,seasonal60,timer,1751.5219119211,1771.7801505306136,7.5756530681071865,1752.2948918561792,1802.2671264591552,-1.143383314427963,-2.6741243860280552,0.024390243902439025,1.0,0.19707644819480583,0.9024390243902439,0.1951219512195122,-0.9942760269654786,-1.2909502214495647,5.125,7.121875,1700.2719119211,1700.5614005306136
1,22,dwell200,mey,seasonal60,timer,717.524153878743,738.4704270000457,4.156763860854504,727.5167606117495,746.3697498504596,-2.8364403441847412,-5.039081800763325,0.024390243902439025,1.0,0.3786656187524873,0.6829268292682927,0.34146341463414637,-2.9340650038658347,-2.7442441117444507,39.625,41.725,321.27415387874305,321.2204270000457
1,22,dwell200,trust,seasonal60,timer,732.544956480377,751.4570782855981,3.4996892418362444,742.562685833162,757.7464811727555,-2.51672681670228,-5.403943178480079,0.024390243902439025,1.0,0.38657316376547324,0.7804878048780488,0.24390243902439024,-2.0265148856622006,-3.033353396910489,40.75,42.765625,325.044956480377,323.8008282855981
1,22,f2,thr,seasonal60,timer,1499.4476485413238,1512.8012450804094,31.843759805325604,1452.8318423498956,1681.213949044945,-0.8827066068666443,-0.4193473578723688,0.04878048780487805,0.975609756097561,-0.5356682885764614,0.2682926829268293,0.8536585365853658,-0.7682168446839776,-1.0057037458827238,7.75,10.6625,1483.9476485413238,1491.4762450804094
1,22,f2,mey,seasonal60,timer,402.17895803277736,410.8979291869224,21.529197218696492,404.73638617066825,543.1824325796277,-2.121931150005546,-0.4049835702453998,0.024390243902439025,1.0,-1.5330910184747104,0.024390243902439025,1.0,-2.3398516442615227,-1.9004580357648306,117.875,120.3375,166.42895803277736,170.22292918692239
1,22,f2,trust,seasonal60,timer,401.65393639623016,409.2987550145664,10.881813430764844,405.57716945158336,475.61543120481895,-1.867784478861693,-0.7025316751638968,0.024390243902439025,1.0,-0.7927625092185483,0.21951219512195122,0.8048780487804879,-1.852368088650692,-1.8830929846866835,116.75,119.584375,168.15393639623016,170.1300050145664
1,22,f50,thr,seasonal60,timer,2033.5006501305406,2171.3044296576495,18.019027790000138,2133.5006501305406,2203.4617495359767,-6.346589526777525,-7.6476811697679175,0.024390243902439025,1.0,0.04178685705855632,0.4878048780487805,0.5365853658536586,-6.474345449647458,-6.223154943705508,7.875,10.625,1639.7506501305406,1640.0544296576495
1,22,f50,mey,seasonal60,timer,2057.427161484882,2107.606593778414,14.241002740784054,2082.2794309455376,2138.280980445582,-2.380872808125581,-3.52358841627253,0.024390243902439025,1.0,0.6378435114631431,0.7804878048780488,0.24390243902439024,-2.0048782371700553,-2.729742692018201,23.625,24.584375,876.1771614848822,878.3878437784142
1,22,f50,trust,seasonal60,timer,2187.4428653367545,2236.488926802508,17.01190929860228,2202.643034618958,2272.565051664674,-2.1929937089326175,-2.8830427322924472,0.024390243902439025,1.0,0.11653722448261018,0.5121951219512195,0.5121951219512195,-1.756103597623855,-2.6089580836147737,24.125,25.071875,981.1928653367545,982.8951768025081
1,22,base,thr,seasonal60,timer,1610.880251285691,1640.7157969570967,11.832121462497549,1579.1087281262614,1656.317363322024,-1.8184469075472611,-2.5215719569792157,0.04918032786885246,0.9672131147540983,0.2639775275701982,0.819672131147541,0.2459016393442623,-1.9613233186809593,-1.6858573562370907,7.333333333333333,10.488888888888889,1537.5469179523577,1535.8269080682078
1,22,base,mey,seasonal60,timer,920.3301121524343,948.3718732448026,3.836984573376,940.7454139255415,957.6898497908418,-2.9568317959942223,-7.3082809055173215,0.01639344262295082,1.0,0.3784414390967759,0.8688524590163934,0.14754098360655737,-2.6489182745616633,-3.2793203089400524,51.666666666666664,54.36666666666667,403.6634454857676,404.70520657813597
1,22,base,trust,seasonal60,timer,890.7706871189557,921.3144972930189,3.235824861361449,913.9576341487588,929.4081070614448,-3.315242543540364,-9.439265560624971,0.01639344262295082,1.0,0.3999169381781194,0.9344262295081968,0.08196721311475409,-3.0859382684260535,-3.5506967578147393,49.916666666666664,52.94166666666667,391.6040204522891,391.8978306263522
1,23,signed,thr,ma10,http,1771.9934112208798,2238.770023706315,262.61150624095404,1900.7547608334676,2820.221323788485,-20.849690121930433,-1.7774415872591411,0.024390243902439025,1.0,-7.7781853222715736,0.34146341463414637,0.6829268292682927,-23.03201702443185,-18.57005765645006,12.75,12.809375,1644.4934112208798,2110.676273706315
1,23,signed,mey,ma10,http,1103.6610411220768,1095.8234653382801,13.944463479218768,1055.9734872142049,1132.3708358854342,0.7152224816957339,0.5620564602917038,0.7804878048780488,0.24390243902439024,-1.8727506398262257,0.07317073170731707,0.9512195121951219,-0.004408905176247175,1.4390396965573367,69.125,68.0375,412.41104112207677,415.44846533828013
1,23,signed,trust,ma10,http,1013.1958638563668,1017.2081609708782,12.05304688042756,993.747392228501,1045.5780970594603,-0.39444208849856705,-0.33288654348692526,0.4146341463414634,0.6097560975609756,0.5639306525903687,0.7073170731707317,0.3170731707317073,0.41739643033902807,-1.2209788040774694,60.625,59.75625,406.9458638563668,419.6456609708782
1,23,dwell5,thr,ma10,http,1766.3330793080243,2084.387656904004,238.03809381081604,1786.318048154655,2849.625427185565,-15.258897573227554,-1.3361499098911362,0.024390243902439025,1.0,5.9602529972000795,0.7804878048780488,0.24390243902439024,-12.803975318746728,-17.88119939598547,10.75,10.35,1658.8330793080243,1980.887656904004
1,23,dwell5,mey,ma10,http,1087.1186999691042,1125.7420798906992,16.021080469585343,1088.5852291434285,1159.461186109811,-3.4309261962868964,-2.4107849651537645,0.024390243902439025,1.0,0.06510443389465784,0.5853658536585366,0.43902439024390244,-3.083902027420585,-3.7944670710706494,64.0,65.46875,447.1186999691042,471.0545798906992
1,23,dwell5,trust,ma10,http,1029.2656429469923,1040.3306532978688,12.540423661803468,1015.8766302223617,1068.8323510881607,-1.0636051447489496,-0.8823474110032744,0.1951219512195122,0.8292682926829268,-1.629255505632033,0.12195121951219512,0.9024390243902439,-0.5500084387901351,-1.575136036579158,60.0,60.565625,429.26564294699233,434.6744032978688
1,23,dwell200,thr,ma10,http,1648.1011465626175,2034.8856056940872,232.7100472216834,1612.1619126241108,2603.575999740392,-19.007675814756176,-1.6620874936397245,0.04878048780487805,0.975609756097561,-6.420085694639539,0.34146341463414637,0.6829268292682927,-24.74273499895812,-12.340889013074115,9.5,9.525,1553.1011465626175,1939.6356056940872
1,23,dwell200,mey,ma10,http,828.0341193243842,854.3065165520353,19.125138704784558,826.4526106697449,933.1766141824762,-3.0752893392041574,-1.3737101535937382,0.04878048780487805,0.975609756097561,1.555888217283216,0.8780487804878049,0.14634146341463414,-2.6461599393241904,-3.5019660204129606,48.5,51.96875,343.03411932438416,334.6190165520353
1,23,dwell200,trust,ma10,http,758.4447831771561,766.3934348511332,11.73161223560348,748.89523679414,803.9267033435451,-1.0371502824161174,-0.6775412888140202,0.24390243902439024,0.7804878048780488,-0.31699218885580926,0.4634146341463415,0.5609756097560976,-0.27607567965178104,-1.7925475449388935,45.5,46.446875,303.44478317715607,301.9246848511332
1,23,f2,thr,ma10,http,1709.753566340988,2260.297356690203,299.5363269026364,1756.1635567452106,3228.2494425080886,-24.35713994531174,-1.8379867178119191,0.024390243902439025,1.0,-17.475107010697368,0.0975609756097561,0.926829268292683,-26.08392563530217,-22.696421059909657,10.625,10.5625,1688.503566340988,2239.172356690203
1,23,f2,mey,ma10,http,467.8877557316755,475.318271229333,13.66235058655228,462.7992541416361,554.6975146751225,-1.5632715903050984,-0.54386801528657,0.0975609756097561,0.926829268292683,0.12737004251024603,0.7073170731707317,0.3170731707317073,-3.342422945758454,0.2571641649303323,143.25,142.446875,181.3877557316755,190.42452122933298
1,23,f2,trust,ma10,http,431.4253067782246,439.765783564302,8.839876594938051,424.6534193930219,488.2443010842414,-1.8965724705723717,-0.9435060203050132,0.07317073170731707,0.9512195121951219,-0.9478116620127581,0.1951219512195122,0.8292682926829268,-0.9019948863280408,-2.9143206545129243,126.125,128.740625,179.17530677822458,182.28453356430202
1,23,f50,thr,ma10,http,2127.7382047464794,2618.7411786935977,218.8970975607571,2293.971108111582,3246.9288667260844,-18.749580063199037,-2.243076675837767,0.024390243902439025,1.0,20.834353759433238,0.975609756097561,0.04878048780487805,-19.127184901820605,-18.39933598482529,9.75,10.46875,1640.2382047464794,2095.3036786935977
1,23,f50,mey,ma10,http,2406.3441346934496,2502.0327004705296,38.43740169065838,2439.587510851142,2585.42469279143,-3.8244330603307,-2.4894649890014695,0.024390243902439025,1.0,1.3035863987866818,0.8292682926829268,0.1951219512195122,-1.8483835619097617,-5.795614737861462,28.75,29.065625,968.8441346934496,1048.7514504705296
1,23,f50,trust,ma10,http,2231.503539358687,2257.0997054839854,41.36779790284528,2169.49891774681,2335.145370332431,-1.1340290401486757,-0.6187461606105487,0.2926829268292683,0.7317073170731707,0.6967988645272213,0.6585365853658537,0.36585365853658536,0.0062663117499703845,-2.271797699766773,25.0,25.3,981.5035393586868,992.0997054839854
1,23,base,thr,ma10,http,1668.3413294274171,2206.825786342149,249.07812296744248,1787.9053256920477,2896.476131099138,-24.40085938125995,-2.161909887947559,0.01639344262295082,1.0,-11.682080791664088,0.18032786885245902,0.8360655737704918,-22.37236882084358,-26.45907504002112,9.083333333333334,10.529166666666667,1577.5079960940839,2101.5341196754825
1,23,base,mey,ma10,http,1014.114714539765,1064.0359363408174,11.605335982030349,1034.816621451723,1096.676591121309,-4.691685693692805,-4.301574885755157,0.01639344262295082,1.0,1.5287430948204348,0.9508196721311475,0.06557377049180328,-6.8816679703053145,-2.5354928639536047,61.416666666666664,64.23194444444445,399.9480478730984,421.7164918963729
1,23,base,trust,ma10,http,955.7502141445812,988.7344775838241,11.375720868119926,962.4651901339492,1014.0223975489542,-3.3360082192993548,-2.8995317151003763,0.01639344262295082,1.0,0.1974446286525391,0.639344262295082,0.3770491803278688,-3.3944926172804264,-3.2769948282384562,53.833333333333336,56.166666666666664,417.4168808112478,427.06781091715743
1,24,signed,thr,naive,http,2074.7400738039796,2262.234251917807,377.8067375634444,1780.5169916174793,3341.9818370622284,-8.288008987348649,-0.4962700753380337,0.36585365853658536,0.6585365853658537,26.267004491818344,0.926829268292683,0.0975609756097561,-11.333411502873597,-5.4113551834716915,6.25,6.615625,2012.2400738039796,2196.078001917807
1,24,signed,mey,naive,http,1127.1576518749443,1135.943583816216,15.349154683051758,1106.3725879147762,1171.185664934994,-0.7734479129461,-0.5724049384278415,0.34146341463414637,0.6829268292682927,-0.5200599296833893,0.3902439024390244,0.6341463414634146,-0.7195569329307467,-0.827564102910676,63.625,65.609375,490.90765187494435,479.849833816216
1,24,signed,trust,naive,http,971.5124985346197,987.7909276746111,13.93371636590973,960.1234536117597,1015.8509024796358,-1.6479630136220202,-1.1682761951304164,0.17073170731707318,0.8536585365853658,-0.5345794295098332,0.4146341463414634,0.6097560975609756,-1.1075107682918015,-2.2040601934034796,56.375,56.928125,407.7624985346197,418.5096776746111
1,24,dwell5,thr,naive,http,2221.377196179375,2322.8539094260223,187.70118718932008,2100.4801341420343,3135.495106175069,-4.36862227257857,-0.5406290432478476,0.34146341463414637,0.6829268292682927,3.4657435582667415,0.6829268292682927,0.34146341463414637,-2.81858036817428,-6.261102514957841,6.0,6.0875,2161.377196179375,2261.9789094260223
1,24,dwell5,mey,naive,http,1129.9396495203293,1137.4433365115804,14.327772660593283,1110.442903773272,1163.0522850132452,-0.6596976526552996,-0.5237162236590306,0.34146341463414637,0.6829268292682927,1.6022459171303536,0.8780487804878049,0.14634146341463414,-0.5652813008086552,-0.7555983140805067,60.125,60.275,528.6896495203293,534.6933365115804
1,24,dwell5,trust,naive,http,1027.1014028154987,1021.3102134075519,9.710614623653711,1003.9741850728826,1041.9858438857652,0.5670352975933429,0.5963772255816004,0.7317073170731707,0.2926829268292683,-2.1743326369181424,0.024390243902439025,1.0,0.7552659273357887,0.36927132350151,56.25,55.0875,464.60140281549866,470.43521340755194
1,24,dwell200,thr,naive,http,2077.4419768139055,2466.711920770452,368.0292486411093,1978.2386701685386,3376.547856143594,-15.780924423268765,-1.0577146935844501,0.0975609756097561,0.926829268292683,18.002764073875593,0.8536585365853658,0.17073170731707318,-18.678482378334277,-13.024740430700858,4.125,4.196875,2036.1919768139055,2424.743170770452
1,24,dwell200,mey,naive,http,921.1611832698155,930.6061740211002,14.254056198922148,898.87035552769,954.4988869284939,-1.0149288727016867,-0.6626177573229193,0.3170731707317073,0.7073170731707317,-2.917220844872383,0.04878048780487805,0.975609756097561,-1.4192329032365383,-0.5924746836874651,49.125,48.134375,429.9111832698155,449.2624240211002
1,24,dwell200,trust,naive,http,819.5913794322744,821.4027910350935,11.965084072044732,798.8689824550644,852.1955096344177,-0.22052659457566223,-0.151391464691111,0.43902439024390244,0.5853658536585366,1.2856904741561512,0.8048780487804879,0.21951219512195122,0.6524461450376144,-1.1789721441426348,42.5,42.4875,394.5913794322744,396.5277910350935
1,24,f2,thr,naive,http,1701.3067648304327,2103.255347054649,231.9731655490579,1690.0130616452377,2773.368120202477,-19.11078380412041,-1.7327374106950826,0.04878048780487805,0.975609756097561,-6.290207521736649,0.3902439024390244,0.6341463414634146,-27.27597166884407,-11.129273559113091,6.0,6.0875,1689.3067648304327,2091.080347054649
1,24,f2,mey,naive,http,487.612832992844,504.8514537972539,5.965184947419801,493.628859561847,521.021912174232,-3.414592683600124,-2.8898719748607853,0.024390243902439025,1.0,-0.7673440023064951,0.2682926829268293,0.7560975609756098,-2.243062805452796,-4.583994492192345,131.5,134.94375,224.612832992844,234.9639537972539
1,24,f2,trust,naive,http,439.00471619875833,446.81240478517304,4.224844346790111,438.9459601054302,457.131447198846,-1.7474198349906247,-1.8480417136188036,0.04878048780487805,0.975609756097561,-0.35965692954437184,0.3170731707317073,0.7073170731707317,-2.5515823958309594,-0.9586146162933282,121.625,122.01875,195.75471619875833,202.77490478517305
1,24,f50,thr,naive,http,2132.787573823206,2390.3377304789515,207.0854127216172,2020.366627209677,3164.4111544244392,-10.774634620528714,-1.2436904814824765,0.07317073170731707,0.9512195121951219,8.472901969953439,0.9024390243902439,0.12195121951219512,-13.60081629522203,-8.066353718215304,6.0,6.15,1832.787573823206,2082.8377304789515
1,24,f50,mey,naive,http,2399.8109644390315,2507.640125487689,45.908165571491146,2403.2757210214827,2600.848874668965,-4.300025348640761,-2.3488013451711356,0.024390243902439025,1.0,3.9657292427992767,1.0,0.024390243902439025,-5.7754912740581865,-2.8372771375662746,26.125,26.96875,1093.5609644390315,1159.2026254876891
1,24,f50,trust,naive,http,2267.017406491221,2273.853692914213,35.15743708491319,2209.6044906607194,2343.380054245533,-0.300647594183165,-0.19444780364622286,0.43902439024390244,0.5853658536585366,-0.9115747846824356,0.3170731707317073,0.7073170731707317,-1.7244910694314524,1.1403224854021705,24.125,24.015625,1060.7674064912212,1073.0724429142128
1,24,base,thr,naive,http,2084.427527353414,2342.398144931084,250.99680828357793,1988.0449966611106,3133.00075817113,-11.013098611605152,-1.0277844540804402,0.16393442622950818,0.8524590163934426,36.860450968003065,1.0,0.01639344262295082,-10.232247294577757,-11.879665066250631,6.0,6.126388888888889,2024.427527353414,2281.1342560421954
1,24,base,mey,naive,http,1124.2360985202552,1141.1095182502388,15.37706172973669,1097.0693768152682,1168.3437401453975,-1.478685389975286,-1.0973110485310242,0.16393442622950818,0.8524590163934426,4.631510528538378,1.0,0.01639344262295082,-2.122519939166525,-0.8109172274365788,63.0,62.75972222222222,494.23609852025515,513.5122960280166
1,24,base,trust,naive,http,1004.6382477019093,1007.8810525188183,9.534188877877359,985.5323193139899,1036.6808238226506,-0.32174479407116036,-0.3401238278836024,0.3770491803278688,0.639344262295082,1.296244884696661,0.9180327868852459,0.09836065573770492,0.5636293675465086,-1.2185479277404165,54.5,53.75972222222222,459.63824770190934,470.2838302965961
1,25,signed,thr,seasonal60,queue,2314.0027093444514,2903.320087572757,488.17961415676496,2279.479973154232,4644.259313758575,-20.29805052328862,-1.2071732639762855,0.04878048780487805,0.975609756097561,-5.898612852489012,0.43902439024390244,0.5853658536585366,-23.601069783164174,-16.95487516930275,9.25,10.290625,2221.5027093444514,2800.413837572757
1,25,signed,mey,seasonal60,queue,1079.6271923558104,1098.9479981936447,15.927291606298342,1065.545298780371,1133.903943462206,-1.7581182976439447,-1.213062855595237,0.14634146341463414,0.8780487804878049,-1.762554713332209,0.12195121951219512,0.9024390243902439,0.06745518853837112,-3.620688796580877,64.5,65.871875,434.6271923558104,440.2292481936447
1,25,signed,trust,seasonal60,queue,985.0077736591603,1018.8315455981945,15.028950054521777,986.0653146894532,1046.7469821570323,-3.319859115588626,-2.250574512279888,0.024390243902439025,1.0,0.7407545249699875,0.6585365853658537,0.36585365853658536,-2.9536706843931455,-3.6940813780611803,57.5,59.465625,410.0077736591603,424.17529559819445
1,25,dwell5,thr,seasonal60,queue,2106.328110733606,2029.2184904012058,335.213453698332,1703.9956644865358,3470.7226455333457,3.799966376077845,0.2300314008333131,0.7560975609756098,0.2682926829268293,-3.7504067999606083,0.4878048780487805,0.5365853658536586,5.267953559087754,2.0988819170051047,8.5,8.2125,2021.328110733606,1947.0934904012058
1,25,dwell5,mey,seasonal60,queue,1137.1636156306756,1109.3894661297588,17.297915006186265,1082.9303159075519,1148.5753863237621,2.5035526610695444,1.6056356786921373,0.9024390243902439,0.12195121951219512,-0.49288487365146194,0.4878048780487805,0.5365853658536586,3.1638254829862023,1.8438147726558516,68.5,66.096875,452.1636156306756,448.42071612975883
1,25,dwell5,trust,seasonal60,queue,1066.0393513532072,1064.2239394275994,8.20672446682097,1048.950741520331,1079.2540327494598,0.1705855185501876,0.22121029321105484,0.6341463414634146,0.3902439024390244,0.3575137406744402,0.7317073170731707,0.2926829268292683,-0.5856324245980671,0.9932944047695278,63.625,63.2125,429.78935135320717,432.09893942759936
1,25,dwell200,thr,seasonal60,queue,2903.7376487404053,2965.6005701976037,374.33489614213477,2255.2484118246534,3656.2497217862856,-2.0860166429316647,-0.16526089898311014,0.5365853658536586,0.4878048780487805,14.088626712110406,0.8536585365853658,0.17073170731707318,7.646042555647028,-15.534207697123438,7.875,7.684375,2824.9876487404053,2888.7568201976037
1,25,dwell200,mey,seasonal60,queue,945.8866095223839,974.1214094426374,11.374020124660309,946.5986904114458,1003.1284528865704,-2.8984887968337145,-2.482394053359983,0.024390243902439025,1.0,2.120143386224825,0.9512195121951219,0.07317073170731707,-3.538482785044079,-2.2831825174770217,56.75,58.828125,378.3866095223839,385.8401594426374
1,25,dwell200,trust,seasonal60,queue,901.3751984744667,904.7514369682012,10.67209612261611,882.6733832343552,928.4010783589894,-0.3731675193629069,-0.31636132723538984,0.3902439024390244,0.6341463414634146,0.9285754186626856,0.8292682926829268,0.1951219512195122,-0.8698707385025475,0.11730375554013307,52.875,52.86875,372.62519847446674,376.06393696820123
1,25,f2,thr,seasonal60,queue,2562.523242137563,2514.982254843583,383.9563525489738,2010.279109094318,3760.0468129825394,1.8903110430469692,0.12381872829650878,0.6585365853658537,0.36585365853658536,6.195607844800371,0.7317073170731707,0.2926829268292683,11.635866848083323,-7.2559932853466815,8.375,8.346875,2545.773242137563,2498.2885048435833
1,25,f2,mey,seasonal60,queue,451.1043805618971,456.72002020372145,6.380279542408016,448.4096629292601,482.3114799509524,-1.229558458882424,-0.880155736829196,0.21951219512195122,0.8048780487804879,-1.4283784346272526,0.14634146341463414,0.8780487804878049,-0.19253196414546947,-2.2046173569421708,136.75,140.825,177.60438056189707,175.07002020372147
1,25,f2,trust,seasonal60,queue,429.4224806509453,433.3045413808974,4.0948318165750495,426.41835581480655,448.12373444968404,-0.8959196960134153,-0.9480391146318302,0.17073170731707318,0.8536585365853658,-0.559743583748516,0.3170731707317073,0.7073170731707317,0.2916754800548099,-2.043823057424159,131.75,132.74375,165.92248065094532,167.81704138089736
1,25,f50,thr,seasonal60,queue,2501.5828170217023,2857.642928311002,382.5846565797875,2296.7056373875917,4090.5714465070405,-12.459923098220933,-0.9306701279460321,0.14634146341463414,0.8780487804878049,-6.728634919452474,0.3902439024390244,0.6341463414634146,-7.371724623461918,-16.654261673794895,8.5,8.440625,2076.5828170217023,2435.611678311002
1,25,f50,mey,seasonal60,queue,2178.253088512492,2271.0483931517947,55.27754965469063,2174.744861439276,2450.982222641608,-4.08601176967964,-1.6787159564593408,0.04878048780487805,0.975609756097561,0.7758538007205185,0.6585365853658537,0.36585365853658536,-4.087765498494516,-4.084259045648268,25.375,26.40625,909.503088512492,950.7358931517947
1,25,f50,trust,seasonal60,queue,2096.425310529118,2144.731082746942,42.5510150451786,2057.6030279625575,2253.7999496175544,-2.252299722161639,-1.1352437107912694,0.12195121951219512,0.9024390243902439,4.649227640618972,0.975609756097561,0.04878048780487805,-3.982503395041239,-0.5868432131493716,23.5,24.325,921.4253105291182,928.4810827469419
1,25,base,thr,seasonal60,queue,2392.6446463061097,2503.0512069183537,341.4870638900655,1677.3440545332876,3489.0279895879357,-4.410879022653782,-0.3233111068821835,0.3770491803278688,0.639344262295082,15.162414459710115,0.9180327868852459,0.09836065573770492,-0.4540430797517719,-8.605799935464338,8.333333333333334,8.32638888888889,2309.3113129727762,2419.787318029465
1,25,base,mey,seasonal60,queue,1017.1234318127734,1049.1857568801765,12.176952934951467,1022.7655048287503,1074.750997773364,-3.055924545024567,-2.6330335050712654,0.01639344262295082,1.0,0.5152781341898818,0.6065573770491803,0.4098360655737705,-2.6991157921815043,-3.4270001063412265,59.333333333333336,61.516666666666666,423.7900984794401,434.0190902135099
1,25,base,trust,seasonal60,queue,1011.7903549031776,1012.8840143661203,10.016418462928156,993.189748480922,1045.0029570586619,-0.10797479745270999,-0.10918667855086604,0.4918032786885246,0.5245901639344263,-1.143177848159914,0.16393442622950818,0.8524590163934426,-1.5187006248680994,1.3978621581551771,59.75,60.611111111111114,414.29035490317756,406.77290325500917
1,26,signed,thr,ma10,http,1762.5923857378034,2522.378496810327,325.4000825672493,1927.9607020627182,3672.013153767144,-30.12181209256703,-2.3349290666375326,0.024390243902439025,1.0,-6.396619115406099,0.3170731707317073,0.7073170731707317,-24.97065726511152,-35.92266143474765,7.0,7.503125,1692.5923857378034,2447.347246810327
1,26,signed,mey,ma10,http,1140.015202987073,1150.1743331832756,15.566174224606364,1112.936987931043,1187.465741891049,-0.8832687274533149,-0.652641429397818,0.2682926829268293,0.7560975609756098,0.037915255958854,0.6341463414634146,0.3902439024390244,1.0109522168711782,-2.7357741260297135,65.625,66.884375,483.76520298707305,481.3305831832756
1,26,signed,trust,ma10,http,1010.6100767807526,1019.3548781018683,12.913955174867851,985.4232791124612,1037.7533671889728,-0.8578760458182438,-0.6771590270139817,0.21951219512195122,0.8048780487804879,-0.6350145858619536,0.2926829268292683,0.7317073170731707,-0.12633157404851064,-1.5880582318756702,59.375,59.465625,416.8600767807526,424.6986281018683
1,26,dwell5,thr,ma10,http,1638.3516513226486,2444.4428135579437,389.2368481245553,1832.7161117494502,3589.6245086943745,-32.97647863817319,-2.0709528558749066,0.024390243902439025,1.0,-8.483846095254854,0.36585365853658536,0.6585365853658537,-34.05407712021099,-31.799155649200443,6.625,6.86875,1572.1016513226486,2375.7553135579437
1,26,dwell5,mey,ma10,http,1104.194954029515,1179.5523376455562,17.66404296475729,1146.008511653278,1221.1835981863967,-6.388642641025854,-4.266145851569304,0.024390243902439025,1.0,-1.9733608872657575,0.12195121951219512,0.9024390243902439,-5.0481314403500575,-7.767681801135862,66.0,66.91875,444.194954029515,510.36483764555624
1,26,dwell5,trust,ma10,http,1017.8130523362429,1051.6076814667126,14.712500504466128,1012.9382662643055,1096.5069652029156,-3.213615659723522,-2.2970010516030928,0.04878048780487805,0.975609756097561,0.21141366317787919,0.5609756097560976,0.4634146341463415,-2.5543180355202892,-3.8916051738971706,57.875,58.184375,439.0630523362429,469.7639314667126
1,26,dwell200,thr,ma10,http,2199.7694288747525,2754.576114873689,391.33803203118214,2178.5969115164658,3835.903782571491,-20.141272662722457,-1.4177172689280793,0.07317073170731707,0.9512195121951219,-0.953093792824647,0.5365853658536586,0.4878048780487805,-22.539454810759473,-17.87884635316044,5.625,5.9625,2143.5194288747525,2694.951114873689
1,26,dwell200,mey,ma10,http,930.1347602508928,975.0078742501712,14.962044547596633,936.5818440970588,1006.5660205905236,-4.602333497438473,-2.9991298218990012,0.024390243902439025,1.0,-1.764128663371651,0.12195121951219512,0.9024390243902439,-4.487479133070859,-4.707437570986765,53.625,56.925,393.8847602508928,405.7578742501712
1,26,dwell200,trust,ma10,http,850.6781098349007,856.5131909686672,13.43853026867403,825.3414880353927,887.4240176524997,-0.6812599263261027,-0.43420530497805965,0.34146341463414637,0.6829268292682927,-0.2845418172695727,0.43902439024390244,0.5853658536585366,0.08950842681034941,-1.3943587043390098,45.875,47.31875,391.92810983490074,383.32569096866723
1,26,f2,thr,ma10,http,1555.6764869564895,2248.747481630913,194.27083601583718,1776.0390952528207,2687.1072469471455,-30.820312210945588,-3.5675503790899614,0.024390243902439025,1.0,-1.7061361336976022,0.43902439024390244,0.5853658536585366,-33.70852446616555,-27.655875646843583,6.375,7.04375,1542.9264869564895,2234.659981630913
1,26,f2,mey,ma10,http,471.6873418397718,504.05024229521615,6.230076861105301,489.90046158965606,515.3383657161958,-6.420570359827299,-5.194622984105964,0.024390243902439025,1.0,-0.8484633194901462,0.24390243902439024,0.7804878048780488,-4.1576099426330675,-8.693604463754125,143.875,146.753125,183.93734183977182,210.54399229521613
1,26,f2,trust,ma10,http,428.5278012218853,448.3055314930816,4.920871295438314,436.9118276802159,461.69912669675307,-4.411663225596749,-4.019152114287249,0.024390243902439025,1.0,1.8555785592263658,0.926829268292683,0.0975609756097561,-4.328150576085049,-4.495626209932513,124.375,126.328125,179.77780122188528,195.64928149308162
1,26,f50,thr,ma10,http,2053.8011041291534,2579.911157273064,245.91848543084404,2202.8892449092127,3192.8419094641927,-20.392564746299357,-2.139367653562833,0.024390243902439025,1.0,4.599735362454918,0.6585365853658537,0.36585365853658536,-11.702412525975582,-29.30439709392176,6.5,7.034375,1728.8011041291534,2228.192407273064
1,26,f50,mey,ma10,http,2461.8949358568098,2553.1944247164824,44.08074735181528,2478.6535310151544,2669.764305129126,-3.575892535869491,-2.0711874082124178,0.024390243902439025,1.0,0.5816636152129111,0.6829268292682927,0.34146341463414637,-3.07047456587792,-4.068837510297384,27.0,28.059375,1111.8949358568098,1150.2256747164824
1,26,f50,trust,ma10,http,2271.8268479658964,2322.598148614747,39.297926664897936,2257.659061401974,2419.5624270323583,-2.1859700817867225,-1.2919587611272403,0.07317073170731707,0.9512195121951219,2.76355427666774,0.926829268292683,0.0975609756097561,-1.071335609519155,-3.376098237650687,24.625,26.159375,1040.5768479658964,1014.6293986147471
1,27,signed,thr,naive,queue,1695.4031079077395,2644.427507388781,478.19411710385356,1849.4659310897412,3789.873025286098,-35.88770714377223,-1.9846007417003289,0.024390243902439025,1.0,14.087803048153189,0.7560975609756098,0.2682926829268293,-39.60569999085977,-31.813663460661868,8.5,9.915625,1610.4031079077395,2545.271257388781
1,27,signed,mey,naive,queue,1023.2013150572645,1097.0638058016582,16.166492235799435,1065.5775752687452,1127.0024694195913,-6.732743378624187,-4.56886315640142,0.024390243902439025,1.0,-1.2344786288296468,0.2926829268292683,0.7317073170731707,-6.6479709365258435,-6.8188275384359445,60.75,66.059375,415.70131505726454,436.4700558016582
1,27,signed,trust,naive,queue,1023.8171239148774,1075.4008630550845,12.750657374486554,1050.7710815401533,1103.4059337159038,-4.796698692770617,-4.0455748770587885,0.024390243902439025,1.0,-1.1626932657120541,0.17073170731707318,0.8536585365853658,-2.775904001180778,-6.840490789402983,59.75,63.521875,426.31712391487736,440.1821130550845
1,26,base,thr,ma10,http,1805.0305376535732,2430.3689852764974,267.05271813588473,1957.72810470736,3204.6318208612756,-25.730185474358365,-2.3416292183355814,0.01639344262295082,1.0,-13.91254429747035,0.09836065573770492,0.9180327868852459,-21.789203208165542,-29.906980310170802,6.333333333333333,6.847222222222222,1741.69720432024,2361.896763054275
1,26,base,mey,ma10,http,1054.9459577419038,1114.896880036037,12.948911935873298,1088.8684849796969,1135.9178620621049,-5.377261643444125,-4.6298038469198906,0.01639344262295082,1.0,-1.0198917291828016,0.21311475409836064,0.8032786885245902,-5.802252219361828,-4.95531203552006,62.5,64.81111111111112,429.94595774190384,466.7857689249257
1,26,base,trust,ma10,http,981.9527924707478,1006.6833152034711,9.976254409031478,984.2322532555864,1037.4789239692489,-2.4566338151462053,-2.4789386596170653,0.01639344262295082,1.0,-1.299165165219515,0.09836065573770492,0.9180327868852459,-2.4908462885385183,-2.4229481354981472,54.666666666666664,56.36944444444445,435.28612580408117,442.98887075902667
1,27,dwell5,thr,naive,queue,1687.5432343495763,2006.390659676966,249.57396362975413,1639.4824059605291,2688.1404842560373,-15.891592387034182,-1.2775668611025606,0.0975609756097561,0.926829268292683,-7.741914487447171,0.2926829268292683,0.7317073170731707,-13.569495176914675,-18.337146347026945,8.25,8.2375,1605.0432343495763,1924.015659676966
1,27,dwell5,mey,naive,queue,1122.1312637562087,1138.8335746742255,15.139502466468608,1112.6963681165123,1172.4961970516829,-1.4666156047247423,-1.1032272001678745,0.12195121951219512,0.9024390243902439,0.1576996181602392,0.5365853658536586,0.4878048780487805,-2.41881749513469,-0.5222434291245484,68.375,68.171875,438.3812637562087,457.1148246742255
1,27,dwell5,trust,naive,queue,1050.804099045801,1089.4589298969813,11.682437649876011,1064.969368690563,1115.585603625725,-3.5480760027214178,-3.3087983869180424,0.024390243902439025,1.0,0.02445090558712085,0.5609756097560976,0.4634146341463415,-5.166762306955815,-1.9672669329396693,62.375,64.571875,427.05409904580097,443.7401798969813
1,27,dwell200,thr,naive,queue,1859.3362673982638,2337.289898657889,407.73646550000916,1622.1467550832538,3180.0494506024597,-20.44905219220235,-1.1722121313665392,0.17073170731707318,0.8536585365853658,-13.284100913352079,0.2682926829268293,0.7560975609756098,-24.599044148863506,-16.889968134490765,6.25,7.121875,1796.8362673982638,2266.071148657889
1,27,dwell200,mey,naive,queue,883.6046594388205,914.0592748397615,12.962227602474826,883.0827163659026,941.8664403239411,-3.331798739888055,-2.34948932659742,0.04878048780487805,0.975609756097561,-0.172928146000606,0.4634146341463415,0.5609756097560976,-3.9344398927490287,-2.7920276984330834,50.875,55.3375,374.8546594388205,360.68427483976154
1,27,dwell200,trust,naive,queue,838.8941583453081,878.5013503189282,11.107776178061439,857.418440349224,902.3274349362864,-4.508495286801914,-3.5657175062499693,0.024390243902439025,1.0,-0.6060588643970232,0.34146341463414637,0.6829268292682927,-5.235275681290915,-3.8241814568471972,50.0,53.203125,338.89415834530814,346.4701003189282
1,27,f2,thr,naive,queue,1609.217882191359,2192.8942297145395,387.8284602446291,1604.7416428780255,3301.765726219469,-26.616712270667094,-1.5049858567754857,0.04878048780487805,0.975609756097561,-19.900123256740024,0.1951219512195122,0.8292682926829268,-23.275787209620763,-30.582780791582117,7.75,8.296875,1593.717882191359,2176.3004797145395
1,27,f2,mey,naive,queue,460.6906735165428,476.6659960231377,3.998490725309207,466.43162810559636,485.96260737041035,-3.3514709754583514,-3.9953381423335763,0.024390243902439025,1.0,-0.6937665201869934,0.1951219512195122,0.8292682926829268,-1.6347046047571538,-5.0663820328503775,143.0,149.48125,174.6906735165428,177.70349602313775
1,27,f2,trust,naive,queue,439.00376988081746,461.1952271499161,3.3624752301920484,452.0106695764549,470.9469507910817,-4.811727434005965,-6.599738511034672,0.024390243902439025,1.0,-0.6554530668903487,0.1951219512195122,0.8292682926829268,-3.803400508610141,-5.825332314180781,135.0,143.71875,169.00376988081746,173.7577271499161
1,27,f50,thr,naive,queue,2010.4743367428673,2736.748048210622,639.261076733081,1947.266280311175,4398.5761056471565,-26.537836098672546,-1.1361143950439598,0.07317073170731707,0.9512195121951219,9.733480110510417,0.7560975609756098,0.2682926829268293,-24.503221932381425,-28.31735704613885,7.875,8.171875,1616.7243367428673,2328.154298210622
1,27,f50,mey,naive,queue,2290.271182098418,2360.100331973062,61.52059848475194,2256.503798337907,2538.1804374565877,-2.958736496438107,-1.1350531625915712,0.14634146341463414,0.8780487804878049,1.5054605491835897,0.7317073170731707,0.2926829268292683,-4.197416927262094,-1.725490926609557,27.625,28.56875,909.0211820984182,931.6628319730621
1,27,f50,trust,naive,queue,2344.796227117873,2438.3355999397636,39.26042610133586,2352.927348629235,2564.7688052057383,-3.8361976433515275,-2.382535853799809,0.024390243902439025,1.0,0.12177373178242457,0.6097560975609756,0.4146341463414634,-6.070745253925538,-1.6342961988533065,26.5,28.18125,1019.7962271178731,1029.2730999397636
1,28,signed,thr,seasonal60,event,2650.1722462639755,2119.4142531538273,219.2016834835804,1778.5261607292766,2654.0080442233784,25.04267357456644,2.421322613381778,0.975609756097561,0.04878048780487805,11.00006041394358,0.8292682926829268,0.1951219512195122,29.431098254673156,21.080219660336404,8.0,9.9625,2570.1722462639755,2019.7892531538273
1,28,signed,mey,seasonal60,event,1600.1062996399928,998.7904678233638,13.147611880851478,967.4356124690021,1027.2146565702483,60.20440234347249,45.73574556854701,1.0,0.024390243902439025,-0.7971433721120214,0.21951219512195122,0.8048780487804879,64.70926725046009,55.68885015664787,56.875,59.265625,1031.3562996399928,406.13421782336377
1,28,signed,trust,seasonal60,event,1251.8695804728934,981.8541599632936,12.245243415616084,950.7280384944136,1013.3046716730047,27.50056286563926,22.050637242968584,1.0,0.024390243902439025,-0.9934866083831287,0.1951219512195122,0.8292682926829268,29.358808401164424,25.57038244234744,52.625,55.784375,725.6195804728934,424.01040996329357
1,28,dwell5,thr,seasonal60,event,3114.0265537566384,1752.108273052713,158.15224619065935,1569.433630310096,2326.963915332266,77.7302579783522,8.611438114271701,1.0,0.024390243902439025,-3.723381598994841,0.3902439024390244,0.6341463414634146,41.192660197901006,116.9783012279083,9.125,10.1375,3022.7765537566384,1650.733273052713
1,28,dwell5,mey,seasonal60,event,1468.339231344411,1036.3213099718428,14.444535710606631,1003.4840151026668,1088.4802729657756,41.68764235720544,29.908744041896565,1.0,0.024390243902439025,0.7413632438034735,0.7073170731707317,0.3170731707317073,31.771526191478838,51.37432295822211,61.25,61.778125,855.839231344411,418.54005997184277
1,28,dwell5,trust,seasonal60,event,1237.7978286818457,993.7474193952563,12.447135174868023,968.3186690592894,1031.693567626192,24.558595526729107,19.606954199336634,1.0,0.024390243902439025,1.1235192619153835,0.8780487804878049,0.14634146341463414,22.011150712608465,27.087818306736946,57.25,56.703125,665.2978286818457,426.7161693952563
1,27,base,thr,naive,queue,1608.7595309943226,2464.486439774228,357.9361569521925,1676.0350359691167,3273.121520634059,-34.722321655715774,-2.3907249719234147,0.01639344262295082,1.0,-6.179141201700891,0.36065573770491804,0.6557377049180327,-32.511386994541894,-36.82029349667402,7.666666666666667,8.359722222222222,1532.092864327656,2380.889217552006
1,27,base,mey,naive,queue,996.8948085185134,1062.3186561527243,12.012797302851244,1039.3234582780735,1099.4634535753821,-6.15858972778929,-5.446179269060216,0.01639344262295082,1.0,0.4509473183054715,0.6721311475409836,0.3442622950819672,-5.217432783583087,-7.087844626592008,59.833333333333336,63.65972222222222,398.56147518518003,425.72143393050214
1,27,base,trust,naive,queue,999.567667720712,1040.8914490743568,8.332887642790872,1025.7357948772803,1066.1877136457063,-3.970037547180657,-4.959118990329326,0.01639344262295082,1.0,0.6225333009919056,0.7868852459016393,0.22950819672131148,-3.712229062370608,-4.238427928131568,59.583333333333336,61.709722222222226,403.7343343873787,423.79422685213456
1,28,dwell200,thr,seasonal60,event,2459.2256720960195,2351.8507284612797,302.8918540251628,1684.3586242666515,3165.285244353134,4.565550965260064,0.3544992782335427,0.7073170731707317,0.3170731707317073,6.286815336785625,0.7317073170731707,0.2926829268292683,15.674885357623566,-4.624082728003041,7.375,8.709375,2385.4756720960195,2264.7569784612797
1,28,dwell200,mey,seasonal60,event,1379.5031482330942,802.2922971306295,13.39275750123174,772.4692792162939,836.930216945972,71.945206649352,43.09873086624455,1.0,0.024390243902439025,0.32941864396616843,0.6097560975609756,0.4146341463414634,70.77141866102076,73.26508560256909,44.125,47.13125,938.2531482330942,330.97979713062955
1,28,dwell200,trust,seasonal60,event,1054.4458665308314,782.7363018607141,10.969838698675604,763.8275001005088,803.9537936467295,34.71278437249066,24.768783947836987,1.0,0.024390243902439025,-0.2789840583871447,0.3902439024390244,0.6341463414634146,35.29333431995386,34.0642761760549,42.5,44.784375,629.4458665308314,334.8925518607141
1,28,f2,thr,seasonal60,event,2739.2983175413074,1892.2324996360435,156.42917713901423,1643.0641806462027,2420.7408726466474,44.765419580743405,5.415011658295052,1.0,0.024390243902439025,3.418728495126234,0.7560975609756098,0.2682926829268293,67.51560562080977,26.340276110748988,8.375,9.853125,2722.5483175413074,1872.5262496360435
1,28,f2,mey,seasonal60,event,918.9791276315996,436.17317758527423,3.8652650819451435,425.4112451410057,445.84413890518186,110.6913434519788,124.90888459410904,1.0,0.024390243902439025,-0.21778274805995113,0.36585365853658536,0.6585365853658537,114.99563259421288,106.3029466310371,123.75,125.496875,671.4791276315996,185.17942758527423
1,28,f2,trust,seasonal60,event,673.7880046199236,428.5748379662464,2.979097144314298,422.08300856450967,433.7361055208476,57.21595038507363,82.31123551028686,1.0,0.024390243902439025,0.8209985662774946,0.8780487804878049,0.14634146341463414,64.26817714619425,49.96542069090615,122.125,126.0125,429.53800461992364,176.54983796624637
1,28,f50,thr,seasonal60,event,2805.3030197398957,2272.017792578994,147.5777517827025,2028.7097306027522,2621.203471264441,23.471877240695523,3.6135882320942616,1.0,0.024390243902439025,14.965379746119643,0.975609756097561,0.04878048780487805,23.580884171400893,23.37512844200801,9.0,10.021875,2355.3030197398957,1770.924042578994
1,28,f50,mey,seasonal60,event,2764.1736091009043,2214.1135194873214,44.94492564939176,2117.9539767937863,2352.2705463182974,24.843355355191974,12.238535978555499,1.0,0.024390243902439025,-0.1047970009182226,0.4878048780487805,0.5365853658536586,25.373531850552304,24.276682626228713,24.625,25.01875,1532.9236091009043,963.1760194873214
1,28,f50,trust,seasonal60,event,2457.6133068014065,2174.8093478553906,34.94870711287935,2071.2491955292726,2255.1260962661836,13.003620718519201,8.091971987192526,1.0,0.024390243902439025,1.6321928184440966,0.8536585365853658,0.17073170731707318,11.822584690634514,14.04394104162742,24.25,24.459375,1245.1133068014065,951.8405978553906
1,28,base,thr,seasonal60,event,2560.2717286739385,1961.1726538227865,170.5094409836331,1651.4799334485826,2299.177213124916,30.54800268009892,3.513583009803301,1.0,0.01639344262295082,-10.992890331550909,0.09836065573770492,0.9180327868852459,12.925084034272194,48.05360146282244,8.75,10.0875,2472.7717286739385,1860.2976538227865
1,28,base,mey,seasonal60,event,1508.2600569697067,1014.1390756985054,12.825101264624289,990.712381576558,1050.82199805625,48.72319715428253,38.52764754646767,1.0,0.01639344262295082,-0.40576804533124533,0.4262295081967213,0.5901639344262295,45.84975202837246,51.64275781524042,56.166666666666664,57.58888888888889,946.5933903030401,438.2501868096165
1,28,base,trust,seasonal60,event,1201.2677398088745,979.5764357158389,7.950880604055574,956.7069718833004,995.8103003775504,22.631343099942132,27.882610132512312,1.0,0.01639344262295082,-0.6262883978784133,0.22950819672131148,0.7868852459016393,18.33018404161263,26.851645353380047,54.0,55.65972222222222,661.2677398088745,422.9792134936167
1,29,signed,thr,ma10,http,2709.0831160712137,2332.4347654671647,340.4015281443749,1793.9190852940878,3338.416198612038,16.148290883865723,1.1064825491743995,0.926829268292683,0.0975609756097561,25.463992501099387,0.926829268292683,0.0975609756097561,26.839364934601466,5.547373308665208,6.75,6.890625,2641.5831160712137,2263.5285154671647
1,29,signed,mey,ma10,http,1167.6381007658913,1160.0768256717558,14.849541871459458,1138.4437904879592,1196.455722432873,0.6517908923624097,0.5091924828110747,0.7073170731707317,0.3170731707317073,0.2594773419094062,0.6585365853658537,0.36585365853658536,0.7288093481488799,0.5733706812766685,68.875,69.240625,478.8881007658913,467.67057567175584
1,29,signed,trust,ma10,http,988.4682963943053,991.0144399889843,12.969486005460777,972.8627894635999,1026.8979038455823,-0.25692295610822313,-0.19631800316581574,0.4878048780487805,0.5365853658536586,-4.193001636082523,0.024390243902439025,1.0,-1.3055179604496971,0.8350797541509207,54.375,56.721875,444.7182963943053,423.79568998898435
1,29,dwell5,thr,ma10,http,2316.850716169981,2287.812138600699,253.44441481936764,1921.7177122814714,2937.9193457569636,1.2692728165627527,0.11457572497692532,0.6585365853658537,0.36585365853658536,-4.967193677442597,0.36585365853658536,0.6585365853658537,5.493117109159071,-2.9808207423021535,6.625,6.440625,2250.600716169981,2223.405888600699
1,29,dwell5,mey,ma10,http,1208.0050022417913,1170.7916311408978,17.550106598371816,1126.829984466653,1200.4085711151943,3.1784794246120702,2.120407126435682,1.0,0.024390243902439025,-0.5302541687706182,0.36585365853658536,0.6585365853658537,3.06866729140178,3.2904447796885825,66.125,65.7125,546.7550022417913,513.6666311408978
1,29,dwell5,trust,ma10,http,1078.086799147265,1045.2668283027572,11.122643512319076,1008.2654353719972,1070.3794674432952,3.1398653392453912,2.9507347608648593,1.0,0.024390243902439025,0.6305561647580598,0.7317073170731707,0.2926829268292683,2.8219311075858426,3.4472685894525665,57.0,57.146875,508.0867991472651,473.7980783027572
1,29,dwell200,thr,ma10,http,2635.741741113493,2509.754127796937,253.41581095199157,2214.413288236207,3310.482050075216,5.019918561789467,0.49715766685301077,0.7804878048780488,0.24390243902439024,-3.670377662088313,0.43902439024390244,0.5853658536585366,25.83759972775723,-14.722133566594943,6.625,6.09375,2569.491741113493,2448.816627796937
1,29,dwell200,mey,ma10,http,1042.1414308620044,1033.1129023493093,14.157973416871279,994.3809657341858,1063.2748519200804,0.8739149895586639,0.6376992135001732,0.7560975609756098,0.2682926829268293,-0.532667972642884,0.36585365853658536,0.6585365853658537,0.2161641974268987,1.507120917766878,56.125,56.971875,480.8914308620044,463.39415234930925
1,29,dwell200,trust,ma10,http,923.7010531420835,915.7451439275843,10.872688344022524,898.6465458829953,940.651568507416,0.8687907620647312,0.7317334004954853,0.7560975609756098,0.2682926829268293,1.1744313985624433,0.8536585365853658,0.17073170731707318,3.049128271525471,-1.1759696668939512,48.5,49.234375,438.70105314208354,423.4013939275843
1,29,f2,thr,ma10,http,2632.145060267056,2315.1858100468003,284.02985620859,1942.030239210971,3141.421572656637,13.690445442642407,1.115936382362151,0.8536585365853658,0.17073170731707318,-3.7016224820812402,0.5609756097560976,0.4634146341463415,18.077888206352686,9.079415561420635,6.75,6.41875,2618.645060267056,2302.3483100468
1,29,f2,mey,ma10,http,522.3169881573588,510.7662600670242,4.822478902866964,501.2578724880168,519.378045314427,2.261450881430357,2.3951847842128826,1.0,0.024390243902439025,2.1096765890731017,1.0,0.024390243902439025,2.9777429908585753,1.512722136849706,136.75,139.940625,248.81698815735876,230.88501006702415
1,29,f2,trust,ma10,http,456.70583360863384,447.9155253613346,4.2210716437102995,437.67148562486244,457.9319878774061,1.9624924231434266,2.0824825990332236,0.975609756097561,0.04878048780487805,2.0357128752038234,0.975609756097561,0.04878048780487805,1.1225215405583815,2.8383490094338892,122.375,123.553125,211.95583360863384,200.80927536133458
1,29,f50,thr,ma10,http,2361.8750811571617,2381.6518382944505,305.99839175771297,2034.1398132221836,3234.9804031052035,-0.830379857345199,-0.06463026496213693,0.5853658536585366,0.43902439024390244,-8.775241016501095,0.24390243902439024,0.7804878048780488,0.7737268923460084,-2.345678497240617,6.75,6.778125,2024.3750811571617,2042.7455882944505
1,29,f50,mey,ma10,http,2467.2636492527445,2432.1974382163517,65.31888925734188,2318.203015927458,2596.314667838698,1.4417501838217777,0.5368464074494554,0.7804878048780488,0.24390243902439024,-3.6021181613175064,0.07317073170731707,0.9512195121951219,0.6160936205959889,2.240516879379097,28.0,28.015625,1067.2636492527445,1031.4161882163517
1,29,f50,trust,ma10,http,2299.316157823378,2242.1742524135398,35.41534621179753,2156.7372363671348,2318.620766212187,2.548504218542743,1.613478661710872,0.926829268292683,0.0975609756097561,0.05838132187747129,0.5365853658536586,0.4878048780487805,4.012212413821684,1.0881203705084093,25.5,25.3875,1024.316157823378,972.7992524135398
1,29,base,thr,ma10,http,2494.900684401261,2295.4710072380826,226.07200516158977,1849.4029832550666,2921.653547133079,8.68796323431385,0.8821511403883547,0.8360655737704918,0.18032786885245902,1.6138233206121264,0.6721311475409836,0.3442622950819672,5.055283214398246,11.996838644653717,6.5,6.519444444444445,2429.900684401261,2230.2765627936383
1,29,base,mey,ma10,http,1140.9782841076856,1130.5881316456214,15.177335318897258,1097.2791604824554,1171.6535130545158,0.9190042042048372,0.6845834425972936,0.8032786885245902,0.21311475409836064,0.9260819715846833,0.8032786885245902,0.21311475409836064,0.8525945185853219,0.9849737922376338,59.416666666666664,60.12638888888889,546.8116174410189,529.3242427567325
1,29,base,trust,ma10,http,1011.8518421002121,989.8623621504584,10.570283733881192,968.7091097073854,1016.6933668204466,2.2214684374888276,2.0803112294204897,0.9672131147540983,0.04918032786885246,-0.4786489480751575,0.3770491803278688,0.639344262295082,5.204223062243834,-0.6567689289787044,56.416666666666664,56.28611111111111,447.6851754335455,427.00125103934727
1,30,signed,thr,naive,http,2600.5083321051675,2416.5651267666644,284.68959401775527,1895.573255194634,3082.5487086832454,7.611762799234667,0.6461184714992816,0.7560975609756098,0.2682926829268293,-14.565813949154,0.12195121951219512,0.9024390243902439,2.9978557073263796,12.377755331698584,6.25,6.26875,2538.0083321051675,2353.8776267666644
1,30,signed,mey,naive,http,1162.8604864540296,1159.1817324091608,16.1245894442263,1129.4440484581341,1208.1992700259307,0.31735783458415534,0.22814559450293817,0.6829268292682927,0.34146341463414637,0.5141100066978919,0.7317073170731707,0.2926829268292683,-0.8210900563477926,1.4737704598982526,67.375,68.346875,489.11048645402957,475.71298240916076
1,30,signed,trust,naive,http,950.1423292819823,953.7735315392168,11.888119604377398,925.7164503755865,980.5753146695477,-0.38071954579977463,-0.30544799161488156,0.43902439024390244,0.5853658536585366,-0.030639778520641068,0.5853658536585366,0.43902439024390244,-1.3500535013597086,0.6063364429565115,54.0,54.453125,410.14232928198226,409.24228153921683
1,30,dwell5,thr,naive,http,2445.8087579450935,2400.0782765476383,289.5846664429852,1858.2931386677965,2914.366319214785,1.9053745806672429,0.15791748216219445,0.5853658536585366,0.43902439024390244,-5.782497520970749,0.3902439024390244,0.6341463414634146,1.509022106946497,2.370161614291763,6.0,6.0,2385.8087579450935,2340.0782765476383
1,30,dwell5,mey,naive,http,1151.906147945027,1147.1992056762324,18.65713300414737,1095.3506586312324,1184.319115068402,0.4102985990144597,0.2522864722971245,0.6097560975609756,0.4146341463414634,0.48387498286372715,0.6097560975609756,0.4146341463414634,0.681789969754863,0.1375594165351133,64.375,63.89375,508.156147945027,508.2617056762324
1,30,dwell5,trust,naive,http,1032.1511572866789,1009.0714730145228,12.418085025756655,980.7175141044613,1036.188913102536,2.287219972952692,1.8585542154274157,0.975609756097561,0.04878048780487805,-0.046121896705512755,0.4878048780487805,0.5365853658536586,2.0443482933264723,2.5436955561297765,58.625,56.5,445.9011572866789,444.0714730145228
1,30,dwell200,thr,naive,http,3050.0015969386695,2579.6129204038953,348.65252245802566,2093.454365184174,3150.000997461219,18.23485503635656,1.349161833732049,0.8780487804878049,0.14634146341463414,-9.767078116578396,0.36585365853658536,0.6585365853658537,15.137385652036105,22.58975307905409,4.375,4.375,3006.2515969386695,2535.8629204038953
1,30,dwell200,mey,naive,http,927.4213957943414,913.4491947916965,14.018975791870284,880.1620902233335,944.2845534415106,1.5296089900031145,0.9966634660106513,0.8536585365853658,0.17073170731707318,-1.0532899246406642,0.1951219512195122,0.8292682926829268,-0.07456895240257695,3.360239138569915,50.25,50.425,424.9213957943414,409.1991947916965
1,30,dwell200,trust,naive,http,793.9169349565128,791.6757551293751,10.304449086020867,760.5973275942206,814.8700978680017,0.2830931492617731,0.21749632691941592,0.5609756097560976,0.4634146341463415,0.5344370176831775,0.6341463414634146,0.3902439024390244,-0.3178311644578663,0.9404867736791935,41.5,41.43125,378.9169349565128,377.36325512937515
1,30,f2,thr,naive,http,2631.3826999852918,2420.046152992122,232.44578172317924,1999.0780016876333,2921.4539442081364,8.732748618528413,0.9091864151135737,0.9024390243902439,0.12195121951219512,4.170255082712201,0.6585365853658537,0.36585365853658536,13.492522573294089,3.397453124067529,6.0,6.0,2619.3826999852918,2408.046152992122
1,30,f2,mey,naive,http,478.6079110267141,482.1187371805445,4.637041273063582,471.5304693649825,493.9211240818811,-0.7282077801750462,-0.7571263543036978,0.2682926829268293,0.7560975609756098,1.7149561919124099,0.926829268292683,0.0975609756097561,-1.6000359315953558,0.1403234262031807,133.875,134.978125,210.85791102671408,212.16248718054447
1,30,f2,trust,naive,http,438.0547815739487,436.5781954062284,3.9507634452471585,426.7020661084793,445.83935113062995,0.33821802903975057,0.37374704615550114,0.7073170731707317,0.3170731707317073,-0.12042536583251255,0.4878048780487805,0.5365853658536586,0.14703103306377266,0.5275128023926203,121.0,121.096875,196.05478157394867,194.38444540622842
1,30,f50,thr,naive,http,2961.762223927079,2748.6311550572827,215.3075425264483,2300.268654068944,3169.190628445828,7.754080371156768,0.9898913264667232,0.8048780487804879,0.21951219512195122,-14.33612008068211,0.07317073170731707,0.9512195121951219,4.114394575115945,11.700128868287218,6.0,6.059375,2661.762223927079,2445.6624050572827
1,30,f50,mey,naive,http,2523.088862779965,2407.2080222895884,49.50704296273921,2335.0384839320104,2558.796107138063,4.8139105310956,2.3406940418071973,0.975609756097561,0.04878048780487805,-0.057324375541891216,0.5609756097560976,0.4634146341463415,4.101786865398772,5.509685063327046,27.375,26.2875,1154.338862779965,1092.8330222895884
1,30,f50,trust,naive,http,2198.572884654577,2158.2777234559157,34.71387840835165,2094.217160590457,2230.48840424649,1.8670053793697716,1.1607795799897418,0.9024390243902439,0.12195121951219512,-0.35757556340892427,0.3902439024390244,0.6341463414634146,2.3466341797669803,1.3862866650456813,24.0,23.671875,998.5728846545771,974.6839734559157
1,30,base,thr,naive,http,2460.9064012225394,2452.1465378372727,244.6891887367839,2014.0380962864665,3147.1030325364477,0.35723245940239323,0.03579996088298716,0.5737704918032787,0.4426229508196721,12.446287552549478,0.8688524590163934,0.14754098360655737,-3.4451687339410686,4.235625204011892,6.0,6.008333333333334,2400.9064012225394,2392.0632045039392
1,30,base,mey,naive,http,1093.6410998840354,1112.1621000682112,16.045890934541653,1079.312981533411,1154.8187737523328,-1.6653148118462127,-1.1542519053464366,0.13114754098360656,0.8852459016393442,0.8211188700194109,0.7377049180327869,0.2786885245901639,-0.7916693754366491,-2.519779656556655,60.916666666666664,62.15138888888889,484.47443321736876,490.6482111793223
1,30,base,trust,naive,http,1025.594085436731,1016.7730388661761,9.751075662230697,995.701750315568,1040.539677986891,0.8675531542802648,0.9046229232659726,0.7540983606557377,0.26229508196721313,0.7274233545319475,0.7213114754098361,0.29508196721311475,1.497723004731204,0.2599184331817008,57.416666666666664,56.547222222222224,451.42741877006426,451.3008166439538
1,32,signed,thr,ma10,http,2035.7331607075312,2158.869823371628,424.0662813202461,1657.3650823469793,3232.9606168681703,-5.703755795325702,-0.2903712652671546,0.5365853658536586,0.4878048780487805,-15.633023660618337,0.21951219512195122,0.8048780487804879,-19.895927658832285,10.076413600892794,6.75,6.55625,1968.2331607075312,2093.307323371628
1,32,signed,mey,ma10,http,1148.4700461563111,1129.0337094173433,14.1278898163599,1102.059440467622,1168.8315545687115,1.7215018982026928,1.3757423784874674,0.9024390243902439,0.12195121951219512,0.7046002496793141,0.7560975609756098,0.2682926829268293,0.6154806125093523,2.833741521256451,62.125,61.83125,527.2200461563111,510.7212094173433
1,32,signed,trust,ma10,http,1002.0801712713162,995.120519265937,8.37848542558255,979.4198594272385,1015.0821515155315,0.6993778010439465,0.8306575295970408,0.7560975609756098,0.2682926829268293,-1.2078766666772431,0.0975609756097561,0.926829268292683,2.898047189373778,-1.4748066424166841,56.5,57.228125,437.0801712713162,422.839269265937
1,32,dwell5,thr,ma10,http,2121.2338050723315,2263.7630009878435,377.72969146164274,1885.088651943406,3411.0824434685574,-6.296118270919536,-0.37733119513054053,0.4634146341463415,0.5609756097560976,11.602365795256102,0.9024390243902439,0.12195121951219512,-3.8876033299948975,-8.651858320128587,6.25,6.20625,2058.7338050723315,2201.7005009878435
1,32,dwell5,mey,ma10,http,1129.5081071941138,1151.0244823543694,12.11013529043073,1128.3450240015413,1171.4941116686996,-1.8693238493281075,-1.7767245901255602,0.04878048780487805,0.975609756097561,-1.992871966331195,0.024390243902439025,1.0,-2.4378813345563652,-1.2876948245057542,62.375,63.425,505.7581071941138,516.7744823543694
1,32,dwell5,trust,ma10,http,1044.7369251825385,1048.6880698260754,10.692466498412099,1027.903795043635,1070.2345104946928,-0.376770248200903,-0.3695260250872644,0.3902439024390244,0.6341463414634146,-0.09434515889782359,0.4146341463414634,0.6097560975609756,-1.3626261946512948,0.5978562767626342,57.125,56.76875,473.48692518253847,481.00056982607543
1,32,dwell200,thr,ma10,http,2780.560555815531,2382.6433403497635,351.5976679359,1940.3727020036104,3410.7251043180304,16.700662190059667,1.131740201241358,0.9024390243902439,0.12195121951219512,15.806340581520997,0.9024390243902439,0.12195121951219512,27.39592455503097,4.235116996006042,5.25,5.1,2728.060555815531,2331.6433403497635
1,32,dwell200,mey,ma10,http,978.7541501375126,987.6789165262759,10.874781629949569,963.8836047770369,1007.0134974954016,-0.9036100942755954,-0.8206846530310189,0.1951219512195122,0.8292682926829268,-0.5560028028078856,0.2682926829268293,0.7560975609756098,0.25723300233301855,-2.124416501602628,51.625,51.903125,462.5041501375126,468.6476665262759
1,32,dwell200,trust,ma10,http,880.5952174008514,876.0075475397787,7.682162446645115,864.0783907382371,898.1225637592024,0.5237020929736262,0.5971846980502529,0.7804878048780488,0.24390243902439024,-0.3974959638809672,0.2926829268292683,0.7317073170731707,1.2940205219368681,-0.23684230747179844,49.375,48.484375,386.8452174008514,391.16379753977867
1,32,f2,thr,ma10,http,1920.242006481179,2237.2952717904313,383.86389471046516,1746.272366235681,3375.119910792436,-14.171274990248621,-0.8259522963168867,0.1951219512195122,0.8292682926829268,-14.252457330671584,0.1951219512195122,0.8292682926829268,-9.850106376985725,-18.241466713017537,6.25,6.21875,1907.742006481179,2224.8577717904313
1,32,f2,mey,ma10,http,535.8991924818309,528.1104678271724,3.10771082398552,522.2031246885388,535.6116662262928,1.4748286824731913,2.50625785209634,1.0,0.024390243902439025,0.6167178736777769,0.9024390243902439,0.12195121951219512,1.8062463109720632,1.1347700445360047,143.0,141.06875,249.89919248183094,245.97296782717245
1,32,f2,trust,ma10,http,452.0014205279421,454.00793102678216,3.3251388431666142,446.7809630315861,463.2304038314288,-0.44195494433370996,-0.6034366062528663,0.2682926829268293,0.7560975609756098,-0.8972526118494635,0.14634146341463414,0.8780487804878049,0.5392643226689509,-1.4898549795801823,124.25,123.428125,203.50142052794212,207.15168102678217
1,32,f50,thr,ma10,http,2403.430242102763,2594.797273493766,394.45323734711513,2202.0974060178105,3871.4269824135645,-7.375028228441797,-0.485145039442539,0.4146341463414634,0.6097560975609756,-4.4456183117924954,0.5609756097560976,0.4634146341463415,4.919372039043347,-19.78317558303771,6.0,6.303125,2103.430242102763,2279.641023493766
1,32,f50,mey,ma10,http,2582.060266591512,2509.4772384995013,33.42955523469575,2451.443375650756,2590.389455109863,2.8923565027196916,2.1712232658327038,0.975609756097561,0.04878048780487805,-0.3327650692118441,0.43902439024390244,0.5853658536585366,2.681341263894148,3.1060911462315244,28.125,27.553125,1175.8102665915121,1131.8209884995013
1,32,f50,trust,ma10,http,2274.6617683356303,2263.66589744606,36.83698648665093,2208.126753023068,2352.863526993242,0.4857550269223048,0.2985008258901648,0.7073170731707317,0.3170731707317073,-0.41761323787575905,0.5609756097560976,0.4634146341463415,-0.5424872225954636,1.5868674750162262,24.0,23.659375,1074.6617683356303,1080.6971474460602
1,32,base,thr,ma10,http,1696.2530746454615,2130.305878356182,367.3658311425457,1679.3118805930333,3454.2444768348546,-20.37513993275231,-1.181527422843794,0.03278688524590164,0.9836065573770492,-13.93655709327666,0.14754098360655737,0.8688524590163934,-18.8321463255787,-21.94666536876953,6.083333333333333,6.1722222222222225,1635.4197413121283,2068.5836561339597
1,32,base,mey,ma10,http,1099.280664987006,1100.8455015627744,13.349964298472973,1063.1586785367417,1140.1620062137813,-0.14214860973196564,-0.11721653637286211,0.5081967213114754,0.5081967213114754,-0.1864229853364238,0.47540983606557374,0.5409836065573771,-0.5507541083627403,0.26284808894762246,60.25,60.272222222222226,496.78066498700605,498.12327934055213
1,32,base,trust,ma10,http,997.0213574388268,992.7138558788403,8.146140842088501,970.8921624296263,1011.7214816863379,0.43391169917470185,0.528778183864818,0.7377049180327869,0.2786885245901639,-0.29337678443152915,0.3770491803278688,0.639344262295082,0.23023647203329126,0.6373177622196858,56.416666666666664,55.954166666666666,432.8546907721602,433.17218921217363
1,33,signed,thr,naive,timer,1882.7826328962415,1886.2971435216994,23.803783986970693,1861.5326328962415,2028.030562811908,-0.18631797421356047,-0.14764503943497387,0.4146341463414634,0.6341463414634146,0.291089799247067,0.9512195121951219,0.07317073170731707,0.20902339324011995,-0.5640167364405244,14.125,14.140625,1741.5326328962415,1744.8908935216994
1,33,signed,mey,naive,timer,1004.3925757825967,1006.4437289709871,18.19163005511548,985.9679633678054,1112.3271216614767,-0.2038020735135877,-0.11275257809090951,0.4146341463414634,0.6097560975609756,1.4261679468907575,0.975609756097561,0.04878048780487805,0.29384824328813547,-0.719853023661611,59.0,58.803125,414.39257578259674,418.4124789709871
1,33,signed,trust,naive,timer,955.080482218533,961.0087411846,9.560437777054776,943.2953830368303,1003.931594348521,-0.6168787766445766,-0.620082375337972,0.3170731707317073,0.7073170731707317,0.6219280315157598,0.8536585365853658,0.17073170731707318,-0.4886604600878764,-0.746173987453517,57.0,57.39375,385.080482218533,387.0712411846
1,33,dwell5,thr,naive,timer,1695.9989338280297,1698.5780726392798,10.695438466267243,1652.21088239361,1715.720768388354,-0.15184105180649685,-0.2411438127931314,0.17073170731707318,0.8536585365853658,0.2897047399831246,0.8536585365853658,0.2682926829268293,-0.20902969861844486,-0.09367368326409455,11.625,12.2125,1579.7489338280297,1576.4530726392798
1,33,dwell5,mey,naive,timer,999.707112769506,1011.9611933369042,3.6966543959638267,1003.6272937600876,1021.052894304307,-1.2109239611245202,-3.314911066822411,0.024390243902439025,1.0,0.28374421061457233,0.8048780487804879,0.21951219512195122,-0.9547474163410632,-1.4526356040036468,59.0,60.18125,409.707112769506,410.1486933369042
1,33,dwell5,trust,naive,timer,990.5361483238125,989.6571362382401,3.994556183248573,982.6560895549092,998.228125818372,0.08881986027136655,0.22005250276829402,0.6829268292682927,0.34146341463414637,-0.3724007627088084,0.17073170731707318,0.8536585365853658,0.39036841861490607,-0.192923336972152,57.875,57.53125,411.78614832381254,414.3446362382401
1,33,dwell200,thr,naive,timer,1676.6729569043187,1684.4877062980718,7.802096114741978,1666.8609330988184,1708.4119648770866,-0.4639243946117758,-1.001621779432739,0.07317073170731707,0.9512195121951219,-0.018685170130735455,0.6829268292682927,0.5121951219512195,-0.6105154795721214,-0.3164876625462068,8.625,9.275,1590.4229569043187,1591.7377062980718
1,33,dwell200,mey,naive,timer,819.6388131918193,823.0488054774574,4.011236585758962,816.4550971929386,835.7679008681417,-0.41431228171943013,-0.8501099879634667,0.21951219512195122,0.8048780487804879,0.08864971186923966,0.6097560975609756,0.4146341463414634,-1.0502366565542922,0.13004941283336138,48.125,48.721875,338.3888131918193,335.83005547745745
1,33,dwell200,trust,naive,timer,830.4194721700447,830.7004974446911,3.734919777022912,824.473776814172,839.3302614386657,-0.03382991529568435,-0.07524265350362398,0.4878048780487805,0.5365853658536586,-0.48522651070952955,0.1951219512195122,0.8292682926829268,-0.3119338668045693,0.23675363728040957,47.625,47.953125,354.16947217004474,351.1692474446911
1,33,f2,thr,naive,timer,1645.117251468202,1650.9915177890057,10.508533949017727,1638.2319643257338,1694.805027548667,-0.35580233196293876,-0.5589996044455554,0.04878048780487805,0.975609756097561,-0.21952059000625193,0.43902439024390244,0.7317073170731707,-0.31928488566247604,-0.3938637517854153,10.875,11.9875,1623.367251468202,1627.0165177890058
1,33,f2,mey,naive,timer,413.64370024636173,415.52354811212626,1.5659677504766152,411.71774334106556,419.2297229456813,-0.4524046529505633,-1.2004384286920242,0.14634146341463414,0.8780487804878049,-0.26776112143984376,0.1951219512195122,0.8292682926829268,-0.26769426830186854,-0.6352081488593323,120.75,121.446875,172.14370024636173,172.62979811212625
1,33,f2,trust,naive,timer,407.2294769617533,409.68033506943647,1.6488423269715045,406.63546030164383,413.9590936728984,-0.5982366977091528,-1.4864114461355316,0.07317073170731707,0.9512195121951219,-0.5447677753368779,0.0975609756097561,0.926829268292683,-0.24168605407991997,-0.9662016833527456,119.875,120.334375,167.47947696175328,169.01158506943648
1,33,f50,thr,naive,timer,2023.4088816767483,2099.19228248324,31.39146728378825,2042.158881676748,2220.3333914343175,-3.610121923506871,-2.4141401267225624,0.024390243902439025,1.0,0.2604144098243983,0.7073170731707317,0.3902439024390244,-3.8897954112780675,-3.3070108827061073,10.625,11.953125,1492.1588816767483,1501.53603248324
1,33,f50,mey,naive,timer,2261.060410073612,2278.120396174182,21.64006502290108,2246.839658489609,2376.902328050889,-0.748862357284559,-0.7883518872293684,0.14634146341463414,0.8780487804878049,-0.30171163189323025,0.3902439024390244,0.6341463414634146,-0.3589835970451136,-1.1291425602843954,25.25,25.73125,998.5604100736118,991.5578961741821
1,33,f50,trust,naive,timer,2091.0823700712776,2100.250165224946,25.121990021827813,2066.4226589762234,2179.003036469372,-0.4365096742028638,-0.3649310880906677,0.43902439024390244,0.5853658536585366,0.2753633528294683,0.6829268292682927,0.34146341463414637,-0.45372344846284735,-0.4194346910511698,23.25,23.440625,928.5823700712776,928.2189152249462
1,34,signed,thr,seasonal60,event,2590.672600377432,2070.796743983055,186.9766493047517,1786.9182577871209,2549.066581053159,25.105112701424602,2.7804319861729665,1.0,0.024390243902439025,-4.424219656796991,0.3170731707317073,0.7073170731707317,19.00469877862993,31.827970717019348,6.25,6.090625,2528.172600377432,2009.890493983055
1,34,signed,mey,seasonal60,event,1099.476689775276,1049.0979033607523,14.812039509603474,1022.6628924433287,1104.5890229085057,4.802105337655993,3.401205241307952,0.975609756097561,0.04878048780487805,0.5982800528538039,0.8048780487804879,0.21951219512195122,3.964776494364098,5.616735544577967,61.125,59.40625,488.2266897752761,455.0354033607523
1,34,signed,trust,seasonal60,event,949.4476229539616,918.8729621338392,11.39171786208315,894.7591981523583,937.8814437666772,3.3274089107074003,2.6839376808908573,1.0,0.024390243902439025,0.1991895062516035,0.5365853658536586,0.4878048780487805,4.522282888990522,2.162589041433847,52.0,51.284375,429.4476229539616,406.0292121338392
1,33,base,thr,naive,timer,1793.0392921733348,1804.2148147933135,9.963950852855197,1741.2306290462811,1827.3235112586742,-0.6194119751343969,-1.121595518185067,0.04918032786885246,0.9672131147540983,0.12963136120696991,0.6885245901639344,0.4098360655737705,-0.8337136612736059,-0.40160362377400627,10.333333333333334,11.797222222222222,1689.7059588400016,1686.2425925710913
1,33,base,mey,naive,timer,970.841776227987,979.9907628395246,3.43730949218998,973.0809322265162,987.2406251179319,-0.9335788620117567,-2.661670888910431,0.01639344262295082,1.0,-0.33252333696824926,0.16393442622950818,0.8524590163934426,-1.053159468302236,-0.8088458454795565,55.666666666666664,56.88472222222222,414.17510956132037,411.1435406173024
1,33,base,trust,naive,timer,935.5022986676737,945.1556888100721,4.349663008775499,936.1593830621315,953.8974419496709,-1.0213544981728646,-2.2193420784374696,0.01639344262295082,1.0,-0.5909892626445021,0.11475409836065574,0.9016393442622951,-0.8146306407344882,-1.2356491358142443,52.75,53.7875,408.0022986676737,407.2806888100721
1,34,dwell5,thr,seasonal60,event,2269.1481193362692,2168.8554594392554,170.67342229036674,1864.6712929168657,2652.7303965541655,4.624220551928525,0.5876290435331282,0.7073170731707317,0.3170731707317073,3.212519354534045,0.7073170731707317,0.3170731707317073,0.37287781346004867,8.638232437794597,6.375,6.05625,2205.3981193362692,2108.2929594392554
1,34,dwell5,mey,seasonal60,event,1139.2291348444237,1102.7923909203894,17.41336870464325,1077.6073541066899,1157.8454939397784,3.304043827653204,2.0924580729929936,0.9512195121951219,0.07317073170731707,3.9773893578788404,0.975609756097561,0.04878048780487805,2.406663395708408,4.197674173384045,56.25,56.5,576.7291348444237,537.7923909203894
1,34,dwell5,trust,seasonal60,event,1025.2535657815476,990.3828225324814,11.566079410428408,966.1676904496157,1016.4586156240418,3.5209357892435134,3.0149147357250072,1.0,0.024390243902439025,-0.3651659776971288,0.3902439024390244,0.6341463414634146,3.016580665937556,4.002832216244529,54.875,52.934375,476.50356578154765,461.03907253248144
1,34,dwell200,thr,seasonal60,event,1696.9384257930997,2005.3917898237225,328.5593857691856,1624.340814959674,3044.906775174977,-15.38120209705937,-0.9388055170255057,0.14634146341463414,0.8780487804878049,-1.1529459033076441,0.5121951219512195,0.5121951219512195,-21.296993940965354,-8.056384140374012,4.75,4.31875,1649.4384257930997,1962.2042898237225
1,34,dwell200,mey,seasonal60,event,849.6787157664628,808.6179791341561,13.340334800298567,784.0102923361715,837.4136165136267,5.077890634619979,3.077938990810612,1.0,0.024390243902439025,1.7239180612420557,0.8292682926829268,0.1951219512195122,2.79060662638284,7.766617476186701,42.375,41.5,425.9287157664628,393.61797913415614
1,34,dwell200,trust,seasonal60,event,736.9992519510571,723.5930277663371,9.871650493854768,703.8545664558426,741.1739726452082,1.8527298730480823,1.358052961160404,0.926829268292683,0.0975609756097561,-1.6596513128953057,0.14634146341463414,0.8780487804878049,2.3207869354676935,1.3266401837944208,39.375,38.953125,343.2492519510571,334.06177776633706
1,34,f2,thr,seasonal60,event,2187.1651821021737,1990.6402616978053,195.50047599921746,1677.1616172790382,2640.24047396575,9.872447784048813,1.0052401120760193,0.8780487804878049,0.14634146341463414,5.6224120969052835,0.7560975609756098,0.2682926829268293,16.40595425663569,3.413896616723115,6.375,5.934375,2174.4151821021737,1978.7715116978052
1,34,f2,mey,seasonal60,event,511.552049885754,492.59530029334564,6.290295398542721,478.8501875236571,506.02264898037845,3.848341545507928,3.0136501374482485,1.0,0.024390243902439025,0.2024608114274994,0.5853658536585366,0.43902439024390244,3.9799159729671736,3.716724081299525,123.375,122.940625,264.802049885754,246.71405029334565
1,34,f2,trust,seasonal60,event,436.66468418682433,423.81803064192866,4.046885994192734,416.1606493484869,435.48490911973477,3.031172016310328,3.1744540279440963,1.0,0.024390243902439025,-0.43970409648094283,0.3902439024390244,0.6341463414634146,3.686767697175797,2.3703452837262278,112.875,112.340625,210.91468418682433,199.13678064192865
1,34,f50,thr,seasonal60,event,2447.896832936521,2377.455123418908,148.19455398389104,2090.2486904156162,2731.6076662034848,2.9629038556283747,0.4753326463351027,0.6585365853658537,0.36585365853658536,-8.374619189980713,0.0975609756097561,0.926829268292683,-0.9291112067859882,6.94610243684282,6.625,6.0625,2116.646832936521,2074.330123418908
1,34,f50,mey,seasonal60,event,2457.702601821288,2446.425160437895,55.92065090887265,2344.800857699135,2577.6687855185455,0.4609763489096283,0.20166863582776698,0.5853658536585366,0.43902439024390244,0.6058318778891543,0.5853658536585366,0.43902439024390244,1.5525287917422148,-0.6993039901527466,25.375,24.4625,1188.9526018212882,1223.300160437895
1,34,f50,trust,seasonal60,event,2335.4151853011754,2136.3949930927893,36.83151297042801,2063.8280214339948,2208.795769362138,9.315702051907127,5.403530188080497,1.0,0.024390243902439025,-0.6701365391422301,0.34146341463414637,0.6829268292682927,6.170053276569875,12.522582054441216,24.5,23.415625,1110.4151853011754,965.6137430927893
1,34,base,thr,seasonal60,event,2355.5205037959195,2318.194341542937,169.7391533139449,2015.1546425989716,2868.20268971043,1.610139477268294,0.21990307789473393,0.6885245901639344,0.32786885245901637,-4.471178142465588,0.29508196721311475,0.7213114754098361,-7.232992915698091,10.792397358714698,6.083333333333333,5.980555555555555,2294.687170462586,2258.388785987381
1,34,base,mey,seasonal60,event,1073.891570173778,1078.0576937819267,13.967126469225871,1042.8433971008797,1110.9563043613891,-0.38644718480079304,-0.2982806533131877,0.39344262295081966,0.6229508196721312,-0.31666049646038447,0.4262295081967213,0.5901639344262295,-0.276422652173078,-0.4994520788351554,53.416666666666664,53.452777777777776,539.7249035071114,543.529916004149
1,34,base,trust,seasonal60,event,1003.7772279734336,969.9689154657057,8.794217187293366,951.7284937751019,990.401773906643,3.4855047382106803,3.8443799814925024,1.0,0.01639344262295082,-0.694296895557505,0.26229508196721313,0.7540983606557377,2.602848976210927,4.4019850520706685,52.083333333333336,51.38194444444444,482.9438946401002,456.1494710212612
1,35,signed,thr,ma10,event,1938.7860886928556,2633.1816514841785,357.6201976238331,2039.6085057220143,3741.243269076099,-26.37097073800171,-1.9417123736443174,0.024390243902439025,1.0,-5.896925552660657,0.4146341463414634,0.6097560975609756,-16.904089277576954,-35.468044810334064,10.5,11.23125,1833.7860886928556,2520.8691514841785
1,35,signed,mey,ma10,event,1096.7399872993733,1095.5243156509812,11.370872981065197,1067.057137441769,1116.659979930947,0.11096710780625095,0.1069110217321446,0.5121951219512195,0.5121951219512195,-2.1842092869417793,0.04878048780487805,0.975609756097561,3.0418471810535097,-2.587841965767629,67.0,67.646875,426.7399872993733,419.0555656509812
1,35,signed,trust,ma10,event,1026.8028221952313,1016.3052051004188,12.124404724961465,988.4857000873756,1037.1550286816282,1.032919741247935,0.8658253607453626,0.8780487804878049,0.14634146341463414,-2.1271447053976926,0.12195121951219512,0.9024390243902439,2.2831305784370732,-0.1731925795642119,59.375,60.296875,433.05282219523133,413.3364551004188
1,35,dwell5,thr,ma10,event,1797.0449334158757,2230.4946914259535,239.66534650422733,1810.9414959290193,3084.7919861119835,-19.432897987888676,-1.8085624990529554,0.024390243902439025,1.0,-7.613336117062701,0.2926829268292683,0.7317073170731707,-23.888896178908077,-14.988676311179962,8.875,9.634375,1708.2949334158757,2134.1509414259535
1,35,dwell5,mey,ma10,event,1092.8568568356648,1125.4403149340085,13.022718414270471,1102.1408540621674,1157.74112584833,-2.8951742412261368,-2.5020473500093754,0.024390243902439025,1.0,1.430759062416236,0.926829268292683,0.0975609756097561,-1.755443748181733,-4.012997541899787,67.875,69.153125,414.10685683566476,433.9090649340085
1,35,dwell5,trust,ma10,event,1056.6759757680638,1081.8445714728527,13.227263463580645,1061.884169160452,1114.2738097744532,-2.326452095657669,-1.9027817638990103,0.024390243902439025,1.0,-0.1411379591194663,0.4634146341463415,0.5609756097560976,-2.6225280772503794,-2.026213884963915,61.25,62.696875,444.17597576806384,454.87582147285275
1,35,dwell200,thr,ma10,event,2487.9428058390577,2836.507699750276,406.2488073559836,2007.5548176652765,3515.415419143204,-12.288522747246756,-0.8580084115933945,0.21951219512195122,0.8048780487804879,-14.430781552638308,0.1951219512195122,0.8292682926829268,-2.0136139455083115,-21.731163075985872,8.0,9.4125,2407.9428058390577,2742.382699750276
1,35,dwell200,mey,ma10,event,962.6816325352697,1003.5752576146857,14.316033984759146,980.556857674426,1040.8093094890478,-4.07479406941664,-2.8564911988160513,0.024390243902439025,1.0,-1.458709770598377,0.14634146341463414,0.8780487804878049,-6.815594254377749,-1.277120134278526,56.0,61.978125,402.6816325352697,383.7940076146857
1,35,dwell200,trust,ma10,event,908.4667131953222,906.6439064446768,11.741157454686672,868.7982008056298,936.5270395154789,0.2010499091968108,0.1552493233891381,0.5609756097560976,0.4634146341463415,-0.4058759835315859,0.34146341463414637,0.6829268292682927,-0.17015565596041776,0.5790249465133903,50.625,52.659375,402.2167131953222,380.05015644467676
1,35,f2,thr,ma10,event,1717.1712912171467,2460.6269462491655,352.2921494054337,2000.6588342107484,3625.050701769379,-30.214074350656794,-2.110338411703908,0.024390243902439025,1.0,-6.606483368826054,0.3902439024390244,0.6341463414634146,-35.82260309939829,-24.237431363836194,9.375,9.834375,1698.4212912171467,2440.9581962491657
1,35,f2,mey,ma10,event,490.1185545745591,484.7588948430407,8.437360291645343,472.3784841356375,528.3931508828059,1.1056341180193863,0.6352294492894303,0.8780487804878049,0.14634146341463414,0.25307855650588973,0.6829268292682927,0.34146341463414637,3.4254286589270535,-1.184153340565028,150.375,150.34375,189.36855457455908,184.0713948430407
1,35,f2,trust,ma10,event,472.54314329477063,465.2743764503217,4.662499079853207,456.13856980722716,485.2169680640449,1.5622538468384837,1.5589851536609347,0.975609756097561,0.04878048780487805,-0.2099578169762358,0.34146341463414637,0.6829268292682927,2.578690427778735,0.5305017658615719,142.625,143.61875,187.29314329477063,178.0368764503217
1,35,f50,thr,ma10,event,2417.6162312742726,2786.0155272211623,279.6789804152654,2324.101606263791,3514.0028493610776,-13.223160185124302,-1.3172219642673644,0.0975609756097561,0.926829268292683,-7.980926446873982,0.21951219512195122,0.8048780487804879,-14.075679313642693,-12.27277014467589,9.125,9.85,1961.3662312742726,2293.5155272211623
1,35,f50,mey,ma10,event,2443.599676412755,2505.05913099995,47.13695981033998,2412.7550623823954,2627.317555046281,-2.453413327719021,-1.3038485051747717,0.0975609756097561,0.926829268292683,0.19936067421907155,0.5853658536585366,0.43902439024390244,1.4472004610979081,-6.348572489578648,27.625,29.684375,1062.349676412755,1020.84038099995
1,35,f50,trust,ma10,event,2297.80868850851,2383.329513044765,37.3175414103995,2281.1933262459306,2459.84822666173,-3.588292095917531,-2.2917057583118936,0.04878048780487805,0.975609756097561,-0.9140853255010262,0.3170731707317073,0.7073170731707317,-5.715783920006637,-1.2330216916782353,25.625,27.175,1016.5586885085099,1024.579513044765
1,36,signed,thr,naive,http,1810.6781685363699,2275.742547041597,262.3683228950539,1913.8073530266734,3145.172505414187,-20.435720161307263,-1.7725629884490692,0.024390243902439025,1.0,1.7138794088354197,0.6341463414634146,0.3902439024390244,-23.038604659327017,-17.891534209084337,6.0,6.571875,1750.6781685363699,2210.023797041597
1,36,signed,mey,naive,http,1134.3793907359152,1157.8209274681906,14.209665299852123,1127.145446224059,1185.0545824947112,-2.0246254128032595,-1.649689576609474,0.07317073170731707,0.9512195121951219,-1.243093533849067,0.17073170731707318,0.8536585365853658,-4.461334874225285,0.46930945460033835,70.875,70.596875,425.6293907359152,451.8521774681906
1,36,signed,trust,naive,http,1004.0097798524441,999.6630431080921,11.07880613199394,979.5829460721028,1022.7054947226551,0.4348201900949961,0.3923470356430646,0.6829268292682927,0.34146341463414637,-1.5224164902255215,0.0975609756097561,0.926829268292683,2.257282006091939,-1.3321440122464592,57.75,56.8,426.5097798524441,431.6630431080921
1,35,base,thr,ma10,event,1977.7943541374125,2377.447490349464,270.872691227596,1860.3720359822673,3078.4083373327267,-16.810177210404166,-1.4754279377548982,0.09836065573770492,0.9180327868852459,12.665775846766678,0.8852459016393442,0.13114754098360656,-11.179434938945292,-21.43063685312336,9.25,9.908333333333333,1885.2943541374125,2278.3641570161303
1,35,base,mey,ma10,event,1073.1223172382472,1079.7677145755663,11.760847285610275,1046.7720057443926,1109.501093634107,-0.6154469380417849,-0.5650440972437344,0.2786885245901639,0.7377049180327869,-0.8253138567788285,0.26229508196721313,0.7540983606557377,1.4605603682714663,-2.6931589394588036,63.416666666666664,65.1375,438.9556505715806,428.3927145755663
1,35,base,trust,ma10,event,1031.3768502692694,1046.5256597844605,11.093232932548243,1023.1547071725972,1080.7426144328647,-1.4475335003549783,-1.3655901401604462,0.09836065573770492,0.9180327868852459,0.5647637138692851,0.7377049180327869,0.2786885245901639,-0.7141505063170834,-2.183735745017303,58.416666666666664,61.1625,447.2101836026028,434.90065978446046
1,36,dwell5,thr,naive,http,1582.0168587160654,2153.943206773512,308.61148663617394,1732.9069520818337,3136.6963481101684,-26.55252683816862,-1.853224435329259,0.024390243902439025,1.0,-10.964973132537374,0.2682926829268293,0.7560975609756098,-22.99033544486943,-29.855856347212793,6.0,6.0875,1522.0168587160654,2093.068206773512
1,36,dwell5,mey,naive,http,1101.7383675553046,1160.2364260819018,17.05532084844694,1114.8608694146255,1198.4496176090806,-5.0419084603423485,-3.4299007943860493,0.024390243902439025,1.0,-2.570858681366496,0.04878048780487805,0.975609756097561,-4.69032176556732,-5.397935754012837,62.75,63.959375,474.23836755530465,520.6426760819018
1,36,dwell5,trust,naive,http,986.6960411970977,1011.6217483885121,12.460795787864477,983.7913054690923,1041.3598600926546,-2.463935480936469,-2.0003302851403326,0.04878048780487805,0.975609756097561,-0.42802600928283563,0.36585365853658536,0.6585365853658537,-1.4287644393564083,-3.5321018452897786,54.125,55.0375,445.44604119709766,461.24674838851206
1,36,dwell200,thr,naive,http,2209.398980854162,2396.9032161314667,308.2620208553433,1877.3926531751317,3090.652358698283,-7.822770398711856,-0.6082625253575888,0.2926829268292683,0.7317073170731707,-20.950437702832854,0.04878048780487805,0.975609756097561,-17.01549149684599,1.8131140542458115,4.5,4.7625,2164.398980854162,2349.2782161314667
1,36,dwell200,mey,naive,http,916.1614800957968,932.8973344828746,14.60383159445472,906.5904130521706,962.4808486602063,-1.7939652916207365,-1.1459906449094235,0.14634146341463414,0.8780487804878049,-3.0541930850518937,0.024390243902439025,1.0,-1.6402833178291307,-1.9457667347133707,50.375,50.546875,412.41148009579683,427.4285844828746
1,36,dwell200,trust,naive,http,802.4691881484525,807.2950906870392,13.384243565736458,783.9824749242149,843.3121404513795,-0.5977866822501834,-0.3605659531586026,0.4146341463414634,0.6097560975609756,-1.1366214098499985,0.2682926829268293,0.7560975609756098,-1.7079715848202197,0.4616237213087462,43.75,43.096875,364.96918814845253,376.3263406870392
1,36,f2,thr,naive,http,1954.8635911912781,2353.8337145290943,248.7510935551084,1930.4042925111912,2984.189859863451,-16.94980069641979,-1.6038929422813901,0.04878048780487805,0.975609756097561,-13.320120691416108,0.12195121951219512,0.9024390243902439,-24.252164731673645,-9.960919140880923,6.125,6.14375,1942.6135911912781,2341.5462145290944
1,36,f2,mey,naive,http,479.6470879352528,504.6362607543024,5.0616531447817295,494.7569369707265,517.2701195566041,-4.951917799505165,-4.9369587572020786,0.024390243902439025,1.0,-2.4729441923747455,0.024390243902439025,1.0,-3.6173769905891087,-6.3192259131346304,134.0,137.4375,211.64708793525278,229.76126075430238
1,36,f2,trust,naive,http,443.7598744529217,446.19588663833304,3.675061940325805,438.4308545290956,453.36449552645445,-0.5459512869480759,-0.6628492866151251,0.2926829268292683,0.7317073170731707,-0.402138909147312,0.3170731707317073,0.7073170731707317,-0.8564417196250796,-0.2303680052582382,120.375,120.915625,203.00987445292168,204.36463663833302
1,36,f50,thr,naive,http,2101.667339489127,2491.2963650781385,177.05465349425194,2200.7950637486965,2929.3667626185156,-15.639609604487628,-2.2006144311912195,0.024390243902439025,1.0,23.818992992414998,1.0,0.024390243902439025,-8.674843791693597,-22.180539460463454,6.0,6.159375,1801.6673394891268,2183.3276150781385
1,36,f50,mey,naive,http,2400.4605212790184,2498.1282321809003,65.73191080896318,2339.8875097355954,2620.7402958649573,-3.909635608121553,-1.4858492579918126,0.07317073170731707,0.9512195121951219,0.12370823442587535,0.4634146341463415,0.5609756097560976,-5.247463345603148,-2.6236200296690284,27.125,27.234375,1044.2105212790184,1136.4094821809003
1,36,f50,trust,naive,http,2055.0440265554867,2105.099784001496,33.5625772747122,2032.9024512904462,2200.1543688834217,-2.377833004707291,-1.4914157824144243,0.12195121951219512,0.9024390243902439,3.844805265290189,0.975609756097561,0.04878048780487805,-2.0102681536756877,-2.723216152951715,22.5,23.4625,930.0440265554867,931.9747840014961
1,37,signed,thr,seasonal60,orchestration,1602.211959387268,2363.4720387430566,320.54899105330594,1823.4234240105789,3488.5190490924147,-32.2093964674379,-2.374863439296224,0.024390243902439025,1.0,-1.4875738344186173,0.5609756097560976,0.4634146341463415,-32.29097027906684,-32.12296684343119,10.125,11.6125,1500.961959387268,2247.3470387430566
1,37,signed,mey,seasonal60,orchestration,1023.1448547392465,1082.4237756772804,13.037154079012653,1056.4911464629947,1105.5377488420047,-5.476498416800082,-4.546921864907753,0.024390243902439025,1.0,-1.0846939672449785,0.24390243902439024,0.7804878048780488,-5.899390755431282,-5.060490880289622,61.25,66.228125,410.6448547392465,420.14252567728045
1,37,signed,trust,seasonal60,orchestration,995.5977247540641,1035.2921677617535,14.746449384442295,1010.3938300735348,1067.1461059979106,-3.834129557215398,-2.6917966469655803,0.024390243902439025,1.0,0.8250409315227116,0.7560975609756098,0.2682926829268293,-4.449587424316248,-3.2387185864598935,60.5,63.59375,390.5977247540641,399.3546677617535
1,37,dwell5,thr,seasonal60,orchestration,1584.2832222911534,1895.5682665853703,222.23850874338794,1576.6669919297872,2682.142810137434,-16.421726918596192,-1.4006800444006235,0.07317073170731707,0.9512195121951219,28.536095181958018,0.975609756097561,0.04878048780487805,-15.012937109938402,-17.763262500196632,9.875,9.49375,1485.5332222911534,1800.6307665853703
1,37,dwell5,mey,seasonal60,orchestration,1112.576353147811,1114.4476138597565,11.47565136648855,1091.0816617795963,1140.34853900467,-0.16790925734630413,-0.16306357279291533,0.5365853658536586,0.4878048780487805,0.522850619881855,0.7560975609756098,0.2682926829268293,-0.16515412661432008,-0.17061241900271243,68.5,67.6125,427.576353147811,438.32261385975653
1,37,dwell5,trust,seasonal60,orchestration,1010.5395366955152,1034.115959844222,10.696478100524114,1014.1163283149524,1060.7288451370887,-2.2798626134982416,-2.2041295206832325,0.024390243902439025,1.0,-0.5481747281658733,0.2926829268292683,0.7317073170731707,-2.6425019626731037,-1.9327785113158913,59.25,60.865625,418.03953669551515,425.45970984422206
1,36,base,thr,naive,http,1789.032374456807,2271.185940593491,171.982153843195,1953.5379864227255,2804.861193869401,-21.229154228151433,-2.8035092907156423,0.01639344262295082,1.0,-15.280795109390887,0.01639344262295082,1.0,-23.344270228155267,-19.042452791844067,6.083333333333333,6.1625,1728.1990411234738,2209.560940593491
1,36,base,mey,naive,http,1069.4878928871292,1118.667154623472,14.740528876223655,1085.8254078327582,1151.358275999861,-4.396237212568907,-3.336329527203637,0.01639344262295082,1.0,-1.0446946478204981,0.22950819672131148,0.7868852459016393,-3.2847242481348804,-5.537621724916177,60.083333333333336,61.22638888888889,468.6545595537958,506.4032657345831
1,36,base,trust,naive,http,960.4865062903685,983.8482574881565,10.99165805721064,958.8926335309961,1004.8211917716807,-2.374527882727808,-2.125407384053619,0.03278688524590164,0.9836065573770492,-0.581560241307608,0.3442622950819672,0.6721311475409836,-2.0801145704477015,-2.674779128974504,53.0,53.075,430.48650629036854,453.0982574881565
1,37,f2,thr,seasonal60,orchestration,1580.4528208832874,2363.444758373419,290.76083045634,1752.3490701802853,3247.815527176373,-33.129267553899,-2.6929072126436373,0.024390243902439025,1.0,-5.045363734261495,0.4878048780487805,0.5365853658536586,-32.3237447108249,-33.88076696066856,7.75,9.76875,1564.9528208832874,2343.907258373419
1,37,f2,mey,seasonal60,orchestration,443.5817696024432,467.2832012461795,4.812080965056041,456.4366720419298,482.2959148488236,-5.072177125248209,-4.925401674628774,0.024390243902439025,1.0,-0.5447603995842352,0.3170731707317073,0.7073170731707317,-5.321060950155706,-4.822949089970018,138.5,148.74375,166.58176960244322,169.79570124617948
1,37,f2,trust,seasonal60,orchestration,419.6027135325202,447.13402027035806,3.410695583198459,440.6866184441051,457.8382258432582,-6.157282937494027,-8.072050426740143,0.024390243902439025,1.0,-0.07529592412626575,0.4634146341463415,0.5609756097560976,-7.007825959274375,-5.341054088242532,126.625,138.603125,166.35271353252023,169.92777027035805
1,37,dwell200,thr,seasonal60,orchestration,1689.5262139569597,2455.853713641763,439.61101926286307,1846.8201449041815,3905.896141135216,-31.20411836535749,-1.7431944744464694,0.024390243902439025,1.0,20.523473082467472,0.9024390243902439,0.12195121951219512,-32.62583810387819,-29.82955172387974,7.75,8.796875,1612.0262139569597,2367.884963641763
1,37,dwell200,mey,seasonal60,orchestration,888.1412266117591,920.3823825081543,14.54059884798335,880.3737191732821,950.7920148489015,-3.503017496764128,-2.2173196739326,0.04878048780487805,0.975609756097561,-2.291445554214854,0.0975609756097561,0.926829268292683,-5.542266269117463,-1.4480882936248693,54.75,58.95625,340.64122661175907,330.81988250815425
1,37,dwell200,trust,seasonal60,orchestration,802.5447466284267,849.9104089475289,10.745356906292844,826.9601361868955,874.5842020097664,-5.573018264096411,-4.408012012273259,0.024390243902439025,1.0,-0.012463717964182981,0.4878048780487805,0.5365853658536586,-8.35262419771066,-2.7639520790442496,46.875,51.853125,333.79474662842665,331.37915894752894
1,37,f50,thr,seasonal60,orchestration,2014.923622118848,2660.565064161891,345.0971691368426,2181.000659562702,3523.3727525520994,-24.26707960425044,-1.870897532013728,0.024390243902439025,1.0,-1.7997219140983807,0.5121951219512195,0.5121951219512195,-29.131398168665736,-18.95091305579294,9.5,9.675,1539.923622118848,2176.815064161891
1,37,f50,mey,seasonal60,orchestration,2354.5408927751473,2434.693447978462,49.28372380375401,2353.260923323731,2548.337342592938,-3.2921005011889917,-1.6263494114705908,0.04878048780487805,0.975609756097561,2.0969487707563528,0.8292682926829268,0.1951219512195122,-2.6783659015309684,-3.9422116569293295,28.25,29.0125,942.0408927751473,984.0684479784618
1,37,f50,trust,seasonal60,orchestration,2262.3993539057037,2277.1979480111213,43.8036432447955,2200.48470692918,2380.4885116660344,-0.6498598032877424,-0.33783934415491484,0.4634146341463415,0.5609756097560976,6.746315646681339,1.0,0.024390243902439025,-0.4966509514158155,-0.8083872103515486,26.5,26.203125,937.3993539057037,967.0416980111213
1,37,base,thr,seasonal60,orchestration,1660.0274993922783,2321.7308600296014,299.3349930004802,1842.02889346901,2972.9723922796315,-28.500433535560045,-2.2105780350119693,0.01639344262295082,1.0,1.76184161682701,0.6229508196721312,0.39344262295081966,-30.79878694592867,-26.18082455018775,9.5,9.720833333333333,1565.0274993922783,2224.522526696268
1,37,base,mey,seasonal60,orchestration,1039.4644895623194,1078.2427167029502,11.48802188050892,1061.3015374998447,1137.103221968816,-3.596428386662967,-3.375535626931882,0.01639344262295082,1.0,0.927060146962401,0.8688524590163934,0.14754098360655737,-4.363413056568934,-2.7965817528621417,61.083333333333336,65.97916666666667,428.631156228986,418.4510500362835
1,37,base,trust,seasonal60,orchestration,1007.1880358422841,1032.3668513833231,11.667949861477966,1010.4904826625017,1064.9927466505842,-2.4389407222152304,-2.1579468407014293,0.01639344262295082,1.0,0.13423647414245748,0.5081967213114754,0.5081967213114754,-1.5490144536443768,-3.3264911792070513,58.083333333333336,61.486111111111114,426.3547025089507,417.50574027221205
1,38,signed,thr,ma10,orchestration,2038.768014681891,2256.565552911925,228.59989358282792,1840.2256516337688,2836.9347706934495,-9.651726622742377,-0.9527455801335273,0.17073170731707318,0.8536585365853658,-7.327216798275068,0.2926829268292683,0.7317073170731707,-10.476871356702018,-8.796678494977025,6.375,6.6875,1975.018014681891,2189.690552911925
1,38,signed,mey,ma10,orchestration,1108.8505475209522,1104.4878628045296,14.405557239425221,1078.7134084910997,1141.7714377405805,0.3949961663992196,0.3028473417524412,0.6341463414634146,0.3902439024390244,1.6746834488740066,0.9024390243902439,0.12195121951219512,0.1893425817417159,0.6095844427808362,64.75,64.571875,461.3505475209522,458.76911280452964
1,38,signed,trust,ma10,orchestration,957.376516989214,962.2429235058513,11.695557795931371,933.7525522598746,983.2045662209814,-0.5057357552609447,-0.41609016017433803,0.36585365853658536,0.6585365853658537,-0.866922710202053,0.2682926829268293,0.7560975609756098,-0.33976301297500994,-0.6731388998141326,55.25,55.38125,404.876516989214,408.4304235058513
1,38,dwell5,thr,ma10,orchestration,1878.4697431355812,2017.0268735730842,182.28778827435067,1779.2848026385955,2431.0986798219665,-6.869374535999834,-0.7601010015490933,0.34146341463414637,0.6829268292682927,1.4651337842548837,0.6341463414634146,0.3902439024390244,-2.2085462257148984,-11.534199592305862,6.125,6.19375,1817.2197431355812,1955.0893735730842
1,38,dwell5,mey,ma10,orchestration,1160.6273279631582,1165.6959893369606,14.888439758068651,1136.8352469106298,1190.124872988014,-0.43481846211767106,-0.3404427499567528,0.36585365853658536,0.6585365853658537,-1.7870276739788729,0.12195121951219512,0.9024390243902439,0.8346695241186651,-1.7180970215015734,63.0,63.015625,530.6273279631582,535.5397393369606
1,38,dwell5,trust,ma10,orchestration,1037.8438729690806,1012.1670774379036,13.270470245956522,985.9213068380001,1042.0243828074797,2.536813941446571,1.9348821145958035,0.975609756097561,0.04878048780487805,-0.12737452907046914,0.43902439024390244,0.5853658536585366,0.9363184932671502,4.098453701119183,57.5,56.365625,462.8438729690806,448.5108274379036
1,38,dwell200,thr,ma10,orchestration,2289.4934128219884,2312.346131202469,253.97281718804808,1880.504624238852,3102.193456919688,-0.988291418490922,-0.08998096187419967,0.5365853658536586,0.4878048780487805,1.761002257097946,0.6829268292682927,0.34146341463414637,-8.095171003237299,6.636757080209596,4.375,4.51875,2245.7434128219884,2267.158631202469
1,38,dwell200,mey,ma10,orchestration,913.8719320331915,904.2985455662517,14.334453662984687,878.9546091170461,932.3711289524515,1.0586533080118006,0.6678584822287796,0.7560975609756098,0.2682926829268293,-0.4691602291799027,0.4878048780487805,0.5365853658536586,0.02777918285268391,2.1306207566936552,47.75,47.240625,436.37193203319146,431.89229556625173
1,38,dwell200,trust,ma10,orchestration,793.5577188691983,810.2522860383818,10.589696742215285,778.9427916652119,831.9380379644119,-2.060415929316206,-1.5764915252607272,0.04878048780487805,0.975609756097561,-1.3992235157294133,0.14634146341463414,0.8780487804878049,-1.1891842101411518,-2.9685999684739044,43.25,43.1875,361.0577188691983,378.37728603838184
1,38,f2,thr,ma10,orchestration,2195.7806528557994,2193.307396244637,165.07897618093364,1874.5367371958178,2584.2117044487222,0.11276379295474766,0.014982262844007912,0.5121951219512195,0.5121951219512195,0.7092387928370611,0.5365853658536586,0.4878048780487805,-9.073630857330777,8.686687437978703,6.0,6.19375,2183.7806528557994,2180.919896244637
1,38,f2,mey,ma10,orchestration,519.7426922102062,518.0339415844285,6.210359277934066,506.745669478586,531.5297363330849,0.3298530247943677,0.275145212910477,0.6585365853658537,0.36585365853658536,2.0231567787451996,0.926829268292683,0.0975609756097561,-0.9408424561472374,1.5389312296587911,133.875,131.96875,251.9926922102062,254.09644158442848
1,38,f2,trust,ma10,orchestration,450.7136537133513,452.1129845642128,3.639380800790094,444.4250779407422,459.63539806907863,-0.30950910472308873,-0.384496959086486,0.36585365853658536,0.6585365853658537,-0.4913475246292964,0.34146341463414637,0.6829268292682927,-1.9099123011678094,1.1782871787585385,119.125,119.14375,212.46365371335128,213.82548456421281
1,38,f50,thr,ma10,orchestration,2291.6734595787166,2451.6945602679584,242.2834086764831,2004.7568767033645,3295.3018282965595,-6.526959078938133,-0.6604707336890546,0.21951219512195122,0.8048780487804879,-6.721262526021209,0.21951219512195122,0.8048780487804879,-4.607058393274066,-8.41376430314565,6.125,6.284375,1985.4234595787166,2137.4758102679584
1,38,f50,mey,ma10,orchestration,2437.6321130698784,2408.2986691472315,57.01892378791037,2285.322588566025,2563.137824458373,1.21801520294963,0.514451027377448,0.7317073170731707,0.2926829268292683,0.5934574735149178,0.6341463414634146,0.3902439024390244,3.5121195109437364,-1.031318201646382,27.5,26.028125,1062.6321130698784,1106.8924191472315
1,38,f50,trust,ma10,orchestration,2274.934615284053,2226.886291324235,36.770011061159636,2153.5960843995954,2308.2781497742308,2.15764604358158,1.3067258500384744,0.926829268292683,0.0975609756097561,2.202091043774316,0.926829268292683,0.0975609756097561,1.2420085014535212,3.089634495159724,24.5,23.590625,1049.934615284053,1047.3550413242351
1,38,base,thr,ma10,orchestration,2051.3927376054203,2265.621691172201,218.72649568759397,1925.582586428866,3117.97053611168,-9.45563658758676,-0.9794375980528796,0.09836065573770492,0.9180327868852459,-4.7050011430829235,0.32786885245901637,0.6885245901639344,-4.691142406865107,-13.985452325167586,6.25,6.315277777777778,1988.8927376054203,2202.468913394423
1,38,base,mey,ma10,orchestration,1133.6298004595476,1127.1089146139905,15.33457705952748,1092.1456047809359,1160.9153901971072,0.5785497533563905,0.42524067147360023,0.6721311475409836,0.3442622950819672,-3.012098748753131,0.04918032786885246,0.9672131147540983,1.0589363649719135,0.09400305999960971,60.0,59.69722222222222,533.6298004595476,530.1366923917683
1,38,base,trust,ma10,orchestration,961.9724064602436,978.1809711345117,8.692954493193751,960.1416476649691,996.9294021213624,-1.6570108346586458,-1.8645633871612581,0.03278688524590164,0.9836065573770492,-1.1032808632236368,0.13114754098360656,0.8852459016393442,-1.7001285232093013,-1.6147938060568434,52.25,53.37916666666667,439.47240646024363,444.3893044678449
1,39,signed,thr,naive,http,2708.0888793823588,2305.7433589227476,302.18035072442524,1865.7952701882987,2943.7611082991734,17.449709608947483,1.3314747947543817,0.8780487804878049,0.14634146341463414,-1.281333441729069,0.4634146341463415,0.5609756097560976,11.944523111681361,23.027587263472906,6.125,6.25,2646.8388793823588,2243.2433589227476
1,39,signed,mey,naive,http,1153.219666128885,1139.3348911484486,15.249855126846148,1107.8180952350683,1180.0259793686514,1.2186737269531405,0.9104856974013655,0.8536585365853658,0.17073170731707318,0.885383447842437,0.7560975609756098,0.2682926829268293,1.6788461855554757,0.7425631994938583,69.0,68.4375,463.2196661288849,454.9598911484486
1,39,signed,trust,naive,http,952.9426768659209,959.4924655419352,12.884784430685192,932.5222109665651,982.2409669088466,-0.6826305480486337,-0.5083351383369595,0.34146341463414637,0.6829268292682927,-1.2020359779956806,0.21951219512195122,0.8048780487804879,-2.9754483878618276,1.6444364602963275,51.0,52.68125,442.94267686592093,432.6799655419352
1,39,dwell200,thr,naive,http,3013.0420932546012,2530.499556567585,363.9350221478984,1825.44159947388,3555.3042114398177,19.06906228988025,1.3259029972963619,0.9024390243902439,0.12195121951219512,-10.120641562090718,0.24390243902439024,0.7804878048780488,26.940567502718682,10.036868275450548,5.0,5.0125,2963.0420932546012,2480.374556567585
1,39,dwell200,mey,naive,http,982.6979240258729,970.5804449654173,17.034562038691746,934.9407806273384,1005.4475652085257,1.2484775603414666,0.7113466746566391,0.7560975609756098,0.2682926829268293,-0.9273122855201549,0.2926829268292683,0.7317073170731707,1.7704263123127915,0.8025791607226944,54.625,54.64375,436.4479240258729,424.1429449654173
1,39,dwell200,trust,naive,http,837.8518334920113,844.1767403748966,12.38198004780291,817.9152840140639,876.4502635506017,-0.7492396533072379,-0.5108154639618825,0.2926829268292683,0.7317073170731707,-0.6060918937755968,0.34146341463414637,0.6829268292682927,-1.8997542813750932,0.27482002207955536,44.125,45.13125,396.60183349201134,392.86424037489655
1,39,dwell5,thr,naive,http,2470.76414796504,2372.842540925313,277.1333798707573,1873.0927771459628,2955.4309406617745,4.12676380125676,0.35333746907497476,0.6097560975609756,0.4146341463414634,-0.31380928752191284,0.5365853658536586,0.4878048780487805,18.122359721974604,-10.017713025439608,6.0,6.0,2410.76414796504,2312.842540925313
1,39,dwell5,mey,naive,http,1158.9346284549274,1145.089116119494,16.62270281696111,1112.8625360144829,1189.8970625044622,1.2091209444338578,0.8329278630492004,0.7804878048780488,0.24390243902439024,0.9691721547481881,0.7073170731707317,0.3170731707317073,-0.5367262752714735,2.9639918048450653,65.125,63.346875,507.6846284549274,511.62036611949407
1,39,dwell5,trust,naive,http,998.8249614482054,1012.929363651873,11.958715978859878,983.7480968234108,1047.0071244601372,-1.392436897358529,-1.179424465686852,0.12195121951219512,0.9024390243902439,0.23214372334511124,0.6829268292682927,0.34146341463414637,-0.3015395690176026,-2.4434956312646556,55.875,55.85625,440.0749614482054,454.366863651873
1,39,f50,thr,naive,http,3002.5262509233517,2543.903690948583,285.1862534267951,2071.778658742276,3109.99257114999,18.028298854496146,1.6081510046994365,0.9024390243902439,0.12195121951219512,-14.412905298242285,0.07317073170731707,0.9512195121951219,16.83354581314623,19.11994872857545,6.0,6.04375,2702.5262509233517,2241.716190948583
1,39,f50,mey,naive,http,2604.6846671550466,2544.144939426848,53.62708975218724,2432.8539602086653,2660.671898779756,2.3795707072348313,1.1289019786073593,0.9024390243902439,0.12195121951219512,-1.889054019433021,0.24390243902439024,0.7804878048780488,3.402176588835729,1.3622331765815634,27.25,27.278125,1242.1846671550466,1180.238689426848
1,39,f50,trust,naive,http,2258.6704806362895,2167.27158877452,30.428062521872178,2112.0300763480873,2236.3521293799213,4.217232964026029,3.0037696878028535,1.0,0.024390243902439025,1.5320398952237424,0.8536585365853658,0.17073170731707318,3.2690182194563087,5.151533171026835,24.375,23.603125,1039.9204806362895,987.1153387745198
1,39,f2,thr,naive,http,3109.2204097624353,2415.6331998275773,375.07545394263786,1888.6334374493636,3593.753065094824,28.712439040180634,1.8491938159219872,0.9024390243902439,0.12195121951219512,-15.232122164272667,0.0975609756097561,0.926829268292683,24.302756000636453,33.38197322752775,5.875,5.878125,3097.4704097624353,2403.8769498275774
1,39,f2,mey,naive,http,495.2045852284373,490.3452122598519,5.385282677548629,479.465982716187,501.18154408635746,0.9910105874573557,0.9023431562551427,0.7804878048780488,0.24390243902439024,0.0508763169585027,0.5609756097560976,0.4634146341463415,1.753696904168609,0.2169311061357712,139.875,138.4125,215.45458522843728,213.52021225985192
1,39,f2,trust,naive,http,433.33993328874817,434.8585274545247,3.4720623972559745,427.61007184348466,441.88476915498165,-0.3492156804802023,-0.43737525194727905,0.3902439024390244,0.6341463414634146,-1.3958488203754882,0.07317073170731707,0.9512195121951219,-0.7469055433533199,0.06499365258176117,118.0,119.90625,197.33993328874817,195.04602745452468
1,39,base,thr,naive,http,2816.5759358746195,2370.5100812727196,296.2845913655028,1847.7760229706344,2945.087959496564,18.81729413959752,1.5055317340199572,0.9180327868852459,0.09836065573770492,-3.9243556364902545,0.45901639344262296,0.5573770491803278,24.978870663386918,12.972222408966223,6.0,6.011111111111111,2756.5759358746195,2310.3989701616083
1,39,base,mey,naive,http,1123.6244760697107,1106.5466690563371,13.82042945148188,1073.6484819949471,1132.5188759771793,1.5433426796121947,1.2356929336622322,0.8524590163934426,0.16393442622950818,-1.331245725156739,0.18032786885245902,0.8360655737704918,2.08145696486615,1.0140045952038508,62.0,59.93472222222222,503.6244760697107,507.19944683411495
1,39,base,trust,naive,http,985.2020084413593,985.4402826856227,9.964126136583298,963.1212323288646,1005.9603383109273,-0.02417947068431285,-0.02391321035053498,0.5573770491803278,0.45901639344262296,-0.939726925874319,0.16393442622950818,0.8524590163934426,2.45928491209773,-2.487891227329628,53.916666666666664,54.13194444444444,446.0353417746927,444.12083824117826
1,40,signed,thr,seasonal60,event,2335.23676806111,2268.6850936548844,207.0946225084506,1913.3529365583536,2841.274806149686,2.9334910601898443,0.32135877600351476,0.6585365853658537,0.36585365853658536,-2.509107926631799,0.43902439024390244,0.5853658536585366,-5.30474292736723,11.902507868982209,7.375,7.3125,2261.48676806111,2195.5600936548844
1,40,signed,mey,seasonal60,event,1089.8619319377754,1083.9297754353993,14.93012383009882,1042.6301473022982,1118.91694653922,0.5472823643019873,0.3973280174955394,0.6585365853658537,0.36585365853658536,-2.289442896704501,0.04878048780487805,0.975609756097561,-2.028598991341224,3.081609607113839,62.625,64.0625,463.61193193777535,443.3047754353993
1,40,signed,trust,seasonal60,event,971.4834928196253,983.02230355918,10.671681289370358,963.6798734458229,1011.8304378835644,-1.173809658008442,-1.0812551861952695,0.17073170731707318,0.8536585365853658,0.7815809900960657,0.7804878048780488,0.24390243902439024,0.05807879954321225,-2.3879110769851595,56.75,57.175,403.9834928196253,411.27230355918005
1,40,dwell5,thr,seasonal60,event,2041.7670874106645,2026.519678177478,135.51550098761896,1724.701128211983,2310.780126321093,0.7523938404042091,0.11251413397039788,0.5609756097560976,0.4634146341463415,3.7078887564692913,0.7804878048780488,0.24390243902439024,-1.9252921431091794,3.6205825463618213,6.875,6.928125,1973.0170874106645,1957.238428177478
1,40,dwell5,mey,seasonal60,event,1108.085199754832,1108.9789799907653,14.954235753609494,1068.7322249975518,1138.939123782247,-0.08059487619329866,-0.05976769730392491,0.5121951219512195,0.5121951219512195,-1.1701171987347463,0.1951219512195122,0.8292682926829268,-0.8389148868821753,0.6752994626978646,60.75,61.0875,500.58519975483205,498.1039799907653
1,40,dwell5,trust,seasonal60,event,1033.5336351971155,1016.5078244503422,12.692477375107487,988.0326868771697,1047.3484588194442,1.6749315978929746,1.341409580147394,0.9024390243902439,0.12195121951219512,1.1533525866349605,0.8292682926829268,0.1951219512195122,2.0132852453302745,1.3281942671066786,58.875,56.996875,444.7836351971155,446.53907445034224
1,40,dwell200,thr,seasonal60,event,2102.1828906340625,2092.6970575529476,224.0180196992643,1681.88348220115,2642.6199044379696,0.45328266921763144,0.042344062740351,0.5365853658536586,0.4878048780487805,9.024730271294532,0.8048780487804879,0.21951219512195122,12.501662510247753,-11.140970630338176,6.125,6.35,2040.9328906340625,2029.1970575529476
1,40,dwell200,mey,seasonal60,event,928.2821242936718,967.5931963569553,15.057598492227028,938.3621226588054,995.8305036303705,-4.062768548941021,-2.6107132610539803,0.024390243902439025,1.0,-2.6014819337232686,0.0975609756097561,0.926829268292683,-5.312589415027671,-2.8081531662325614,52.625,53.30625,402.0321242936718,434.53069635695533
1,40,dwell200,trust,seasonal60,event,859.3453832965433,858.5892384548606,12.103415184801003,831.9123120662966,883.2595590430196,0.0880682878163607,0.06247367624240994,0.5853658536585366,0.43902439024390244,-2.832422260747124,0.04878048780487805,0.975609756097561,0.22250526734997972,-0.052616836022348644,46.125,46.14375,398.09538329654333,397.1517384548606
1,40,f50,thr,seasonal60,event,2584.123758033502,2330.734965156852,146.89864251211293,2050.1288718409482,2624.577515166029,10.871626189363727,1.7249226306210148,0.926829268292683,0.0975609756097561,-3.1758896178620404,0.36585365853658536,0.6585365853658537,6.756425659417184,15.08332362409346,7.0,6.84375,2234.123758033502,1988.547465156852
1,40,f50,mey,seasonal60,event,2315.7546129761877,2390.4033104222517,55.971608474225775,2251.0491628677364,2510.7929559907793,-3.1228494840428307,-1.3336886232318805,0.14634146341463414,0.8780487804878049,-2.2372364586725864,0.17073170731707318,0.8536585365853658,-4.470094720154301,-1.7493750903331833,25.375,25.615625,1047.0046129761877,1109.6220604222517
1,40,f50,trust,seasonal60,event,2252.2629520465275,2208.6092060934216,56.534779316220444,2118.1913018242935,2377.1746267923363,1.9765264870158044,0.7721573601434616,0.9024390243902439,0.12195121951219512,-0.8605310784089389,0.4146341463414634,0.6097560975609756,0.9501332866998071,2.946109207149697,26.25,25.184375,939.7629520465275,949.3904560934216
1,40,f2,thr,seasonal60,event,2467.341413885497,2365.6699574787976,243.55052304065924,1913.4167619860536,2973.857948728876,4.2977870216120575,0.41745529895546896,0.6829268292682927,0.34146341463414637,2.682971741515343,0.6097560975609756,0.4146341463414634,-9.683206638042785,17.91554479611969,7.125,6.74375,2453.091413885497,2352.1824574787975
1,40,f2,mey,seasonal60,event,494.98147745559777,485.9686310256084,5.63849967924727,472.9667029879738,500.9426025442754,1.8546148567178729,1.5984476266198164,0.9512195121951219,0.07317073170731707,-0.5713749347595389,0.2926829268292683,0.7317073170731707,1.38239231061724,2.3246361796591413,133.75,132.115625,227.48147745559777,221.73738102560839
1,40,f2,trust,seasonal60,event,443.9301343893415,437.1636404680359,2.9581659903021333,428.03342551648313,442.1914221353699,1.5478171775816616,2.2873949411522028,1.0,0.024390243902439025,0.8962655580198751,0.9512195121951219,0.07317073170731707,2.6959226202497883,0.4115320042921318,124.5,122.446875,194.9301343893415,192.2698904680359
1,41,dwell5,thr,ma10,storage,1830.3350258802457,2005.5065694596983,161.87318504576814,1726.9527962385855,2631.9938687051904,-8.734528534934963,-1.0821529429344614,0.07317073170731707,0.9512195121951219,-6.176388372587057,0.17073170731707318,0.8536585365853658,-10.527925105132484,-6.601156885626729,7.125,7.31875,1759.0850258802457,1932.3190694596983
1,41,dwell5,mey,ma10,storage,1104.4275851520567,1130.4812587171823,14.902495543135592,1103.4772757059382,1170.3366061380577,-2.3046532938272737,-1.7482758837077086,0.04878048780487805,0.975609756097561,-0.48896234811716166,0.3902439024390244,0.6341463414634146,-0.6599581056388577,-3.9980188849534786,62.875,63.003125,475.67758515205674,500.4500087171823
1,41,dwell5,trust,ma10,storage,991.6943486582659,1022.1983260336592,11.597994622751067,996.7112301665861,1045.6026518424624,-2.9841545029480794,-2.6301079080995238,0.024390243902439025,1.0,-0.8856813604079483,0.1951219512195122,0.8292682926829268,-1.6810007085267893,-4.320479267606478,54.625,56.665625,445.4443486582659,455.5420760336592
1,40,base,thr,seasonal60,event,2317.022755702535,2349.0328691534764,177.44624279434146,1954.4349727650267,2770.470160475897,-1.362693296942963,-0.180393300792741,0.4262295081967213,0.5901639344262295,-1.145795819991618,0.4262295081967213,0.5901639344262295,7.23002003640191,-10.470572869487265,6.833333333333333,6.669444444444444,2248.6894223692016,2282.338424709032
1,40,base,mey,seasonal60,event,1082.0500971442066,1070.2715301197527,11.459803732578695,1047.6351518976655,1097.008946836939,1.1005213810682204,1.0278157723564654,0.8524590163934426,0.16393442622950818,-1.3238014404013245,0.09836065573770492,0.9180327868852459,0.7303163683736131,1.471076480268926,59.666666666666664,58.59305555555556,485.38343047753995,484.34097456419715
1,40,base,trust,seasonal60,event,965.8272684069931,973.6637719521683,10.765819922839695,941.2658003682467,1002.2876386414101,-0.8048469883462185,-0.7279058725987113,0.19672131147540983,0.819672131147541,0.8788142007247294,0.819672131147541,0.19672131147540983,-0.31578784217368044,-1.3060833603223443,53.25,52.334722222222226,433.3272684069931,450.316549729946
1,41,signed,thr,ma10,storage,2110.7746322547264,2290.9856903317245,405.3933495175433,1689.5348972908914,3247.2309559991195,-7.866092697021796,-0.4445338294065911,0.3902439024390244,0.6341463414634146,-1.3917685158892925,0.5609756097560976,0.4634146341463415,-1.8984269948666685,-13.139084326147424,7.75,8.084375,2033.2746322547264,2210.1419403317245
1,41,signed,mey,ma10,storage,1074.8467880610451,1094.8928021637464,15.090610724743932,1053.0222917483075,1125.6741238295995,-1.8308654566991405,-1.328376595775016,0.12195121951219512,0.9024390243902439,-2.0214450234576895,0.12195121951219512,0.9024390243902439,-1.228171189010989,-2.4065021338173627,64.125,65.15,433.5967880610451,443.3928021637464
1,41,signed,trust,ma10,storage,972.6672895004425,975.8214581037216,12.588701966538551,953.9621973860151,1005.3121971586065,-0.3232321422208217,-0.2505555069667284,0.43902439024390244,0.5853658536585366,-1.760905073349259,0.0975609756097561,0.926829268292683,0.16032969429358432,-0.7979763645414549,55.625,55.68125,416.4172895004425,419.0089581037216
1,41,dwell200,thr,ma10,storage,1889.5696520971283,2295.509059477397,409.0672757589263,1851.9232096919936,4070.5113060776202,-17.68406906103373,-0.9923536577868405,0.04878048780487805,0.975609756097561,4.254750942654182,0.7560975609756098,0.2682926829268293,-17.028986988686018,-18.510652800245442,5.375,6.2875,1835.8196520971283,2232.634059477397
1,41,dwell200,mey,ma10,storage,903.1965375081882,942.3694282314409,13.760569358478412,915.1594066016016,968.7456069798382,-4.156850758281613,-2.8467492661644003,0.024390243902439025,1.0,-0.9030593429811005,0.24390243902439024,0.7804878048780488,-3.7527202900133187,-4.563019958818022,48.5,51.740625,418.19653750818816,424.9631782314409
1,41,dwell200,trust,ma10,storage,791.0942567607314,817.5724889144934,11.367317914382724,791.0533922007255,840.5723220553718,-3.238640305634271,-2.3293297815010483,0.04878048780487805,0.975609756097561,-0.7807727287153243,0.2926829268292683,0.7317073170731707,-3.151692846996698,-3.3276302390370143,44.0,45.053125,351.09425676073135,367.0412389144934
1,41,f2,thr,ma10,storage,1861.4020364676528,2307.94208372547,354.8401340227718,1777.131718028958,3309.6665183558844,-19.34797456169326,-1.2584259908693438,0.04878048780487805,0.975609756097561,-2.22268192881812,0.5609756097560976,0.4634146341463415,-29.859452479986164,-8.065068961472234,6.5,7.19375,1848.4020364676528,2293.5545837254704
1,41,f2,mey,ma10,storage,498.8977433015009,499.3394435738734,5.022174208467618,487.8201582631523,510.5865657151295,-0.08845691604315256,-0.08795001010274778,0.43902439024390244,0.5853658536585366,-2.2685908301622115,0.04878048780487805,0.975609756097561,-1.4130284585982642,1.239857270240183,130.5,132.634375,237.8977433015009,234.07069357387337
1,41,f2,trust,ma10,storage,446.66347255203,450.67199190533563,3.0694044699242613,444.7032764404037,457.1704813601999,-0.8894538434391193,-1.3059599647369236,0.17073170731707318,0.8536585365853658,-0.8599753259565136,0.17073170731707318,0.8536585365853658,-1.3769409640128332,-0.39933992143946084,124.75,125.70625,197.16347255203,199.25949190533564
1,41,f50,thr,ma10,storage,1946.8793169712778,2368.1062868945673,240.90456276851526,2012.1358288012211,3013.322663876257,-17.7875027085743,-1.748522174434885,0.024390243902439025,1.0,6.786812750838922,0.8292682926829268,0.1951219512195122,-15.83821187259176,-19.58324331762244,7.0,7.371875,1596.8793169712778,1999.5125368945673
1,41,f50,mey,ma10,storage,2381.6542869928276,2397.3030073731993,58.9054805837923,2220.6908535520733,2533.984553808528,-0.65276355689048,-0.2656581395361275,0.3170731707317073,0.7073170731707317,-3.120839703235651,0.0975609756097561,0.926829268292683,2.0785934815570117,-3.388253854179385,25.375,25.525,1112.9042869928276,1121.0530073731993
1,41,f50,trust,ma10,storage,2188.455471221214,2187.102730384391,45.44294929138083,2095.70643394741,2378.745906974028,0.06185081377430109,0.029767892663588164,0.6097560975609756,0.4146341463414634,-2.8562817820902366,0.04878048780487805,0.975609756097561,1.1494846568929238,-0.9877969911537581,24.375,24.1875,969.7054712212139,977.7277303843912
1,42,signed,thr,naive,http,1927.6602638816935,2289.8566477191043,223.59375009598702,1944.81599670708,3242.623452452913,-15.817426134434651,-1.6198859927074116,0.024390243902439025,1.0,0.8266530112787771,0.6097560975609756,0.4146341463414634,-14.674979557448177,-16.91289387279083,13.75,14.609375,1790.1602638816935,2143.7628977191043
1,42,signed,mey,naive,http,1084.1773930149639,1113.642848666532,21.49066276741938,1082.795787216183,1206.8858415185332,-2.6458622427154173,-1.3710817563169275,0.04878048780487805,0.975609756097561,1.9612554067736194,0.9512195121951219,0.07317073170731707,-4.103674297005014,-1.1715273392282304,64.625,67.31875,437.92739301496385,440.455348666532
1,42,signed,trust,naive,http,997.0301379132102,1021.2646439561474,14.42963173450926,983.3156538928304,1049.8462122469082,-2.3729898206461235,-1.6794958103455335,0.04878048780487805,0.975609756097561,-0.293313480866812,0.43902439024390244,0.5853658536585366,-2.088373154160881,-2.657478696186763,56.875,58.91875,428.2801379132102,432.07714395614744
1,42,dwell5,thr,naive,http,1678.2977678563807,1943.234739839007,187.66455748019743,1719.028308470677,2611.455238205883,-13.6338120429329,-1.4117581686173362,0.024390243902439025,1.0,1.557560717468994,0.7073170731707317,0.3170731707317073,-13.156187044938246,-14.179787053497897,11.5,11.903125,1563.2977678563807,1824.203489839007
1,42,dwell5,mey,naive,http,1075.1149704643474,1103.135698282872,12.724456637576605,1065.540507200679,1130.6840834161767,-2.540098000829939,-2.2021158636964175,0.04878048780487805,0.975609756097561,1.0208265934925551,0.8292682926829268,0.1951219512195122,-3.693105494671339,-1.3756802628537834,64.25,65.8,432.6149704643474,445.135698282872
1,42,dwell5,trust,naive,http,1004.604517717109,1014.8859238077573,11.273064569014336,990.2739180417022,1045.6525847150351,-1.0130602710572025,-0.9120329283758568,0.1951219512195122,0.8292682926829268,0.25250874670427087,0.5853658536585366,0.43902439024390244,-0.5245185223938394,-1.4962273303156366,57.25,57.784375,432.10451771710905,437.0421738077573
1,42,dwell200,thr,naive,http,2343.994987569923,2590.7049605735056,211.23720958502352,2140.6511805326777,3027.293765434516,-9.522889590212857,-1.1679285741761376,0.17073170731707318,0.8536585365853658,1.128356367107333,0.5609756097560976,0.4634146341463415,-6.024776747256706,-13.40681923071174,11.125,11.634375,2232.744987569923,2474.3612105735056
1,42,dwell200,mey,naive,http,943.3061212762082,964.759924334911,11.853400162381403,936.49179538894,1000.683240368375,-2.2237452569863696,-1.8099281864110042,0.04878048780487805,0.975609756097561,-2.0298277509186105,0.04878048780487805,0.975609756097561,-2.922391077540431,-1.5309525563277255,59.125,60.93125,352.05612127620816,355.44742433491103
1,42,dwell200,trust,naive,http,876.661085308026,876.4331971320969,8.866765741613015,857.9296256903026,899.2796211041402,0.02600177362916463,0.025701386793115084,0.4878048780487805,0.5365853658536586,0.5534906551478713,0.7317073170731707,0.2926829268292683,-1.5145230475412992,1.5308941686489197,52.125,52.596875,355.41108530802603,350.4644471320969
1,41,base,thr,ma10,storage,2070.7296761522766,2359.5745370396835,330.923539654549,1879.6465059962059,3315.669270306591,-12.241395910713248,-0.8728447096538733,0.16393442622950818,0.8524590163934426,-1.2596902563792673,0.5573770491803278,0.45901639344262296,-7.518993022796237,-16.819130904676236,7.166666666666667,7.355555555555555,1999.0630094856099,2286.018981484128
1,41,base,mey,ma10,storage,1072.7948515421022,1084.0141890870239,14.716152824011644,1051.9737764700837,1116.0240029703884,-1.034980691015754,-0.7623825111829257,0.26229508196721313,0.7540983606557377,0.3690337405168431,0.5737704918032787,0.4426229508196721,-0.21407538030163056,-1.8484536999531125,57.833333333333336,57.78194444444444,494.4615182087688,506.1947446425794
1,41,base,trust,ma10,storage,989.2739121720291,993.1801578205104,8.953852893021791,966.6739916827578,1018.6760723664902,-0.3933068555309656,-0.43626422001255727,0.2786885245901639,0.7377049180327869,-0.47635360306712116,0.26229508196721313,0.7540983606557377,-1.895084962141053,1.0676922114516527,53.583333333333336,54.18472222222222,453.4405788386957,451.33293559828826
1,42,f2,thr,naive,http,1585.1600646877707,2009.7638340071687,271.4909751337033,1615.6053690591973,3279.5629673838766,-21.12704797124354,-1.5639701065948513,0.024390243902439025,1.0,-13.729375663515496,0.04878048780487805,0.975609756097561,-23.02255779229684,-19.293912081497936,11.75,11.90625,1561.6600646877707,1985.9513340071687
1,42,f2,mey,naive,http,465.5070423553004,469.6719841424823,3.174900411194724,459.6983259123475,475.5535493333784,-0.8867767139200652,-1.311833836581537,0.07317073170731707,0.9512195121951219,-0.5408166314792605,0.2682926829268293,0.7560975609756098,-1.7741771238012796,-0.019984145582336837,144.875,146.325,175.75704235530043,177.02198414248232
1,42,f2,trust,naive,http,425.88661882327244,431.9009584690031,3.3333372729835404,425.5949901287547,439.2881957917963,-1.3925275060861695,-1.8042997612262233,0.04878048780487805,0.975609756097561,-0.7625865284238843,0.1951219512195122,0.8292682926829268,-1.873654838947289,-0.9265099819836522,126.25,127.284375,173.38661882327244,177.33220846900312
1,43,signed,thr,seasonal60,http,1583.637127611575,2363.443930873885,271.36861928567464,1934.6681586163602,3053.637556709383,-32.99451250252322,-2.873607144831266,0.024390243902439025,1.0,-9.477471131173141,0.2682926829268293,0.7560975609756098,-30.5267186507576,-35.44562769690331,6.375,7.38125,1519.887127611575,2289.631430873885
1,43,signed,mey,seasonal60,http,1059.188771345957,1117.6657307871117,17.125621539627648,1088.7970325704969,1152.7560510066046,-5.23206159322541,-3.4145890300006014,0.024390243902439025,1.0,-1.716408277530361,0.17073170731707318,0.8536585365853658,-6.471682943236053,-3.9683684140248547,66.0,68.05,399.1887713459571,437.16573078711167
1,43,signed,trust,seasonal60,http,946.2345227797654,977.5615529712317,14.125159324374797,950.3360044233121,1003.7509853888071,-3.2046094791933992,-2.2178178293116617,0.024390243902439025,1.0,-0.0522137046795409,0.43902439024390244,0.5853658536585366,-3.10497367388628,-3.303679701667182,53.75,55.559375,408.73452277976537,421.96780297123166
1,43,dwell5,thr,seasonal60,http,1631.288942281618,2239.180309936216,277.9293125244599,1801.2947063610422,2861.169315303501,-27.14794181411474,-2.1872157424960315,0.024390243902439025,1.0,16.417210697173505,0.8780487804878049,0.14634146341463414,-26.475953605681312,-27.787019851682732,6.75,6.709375,1563.788942281618,2172.086559936216
1,43,dwell5,mey,seasonal60,http,1072.0293804987073,1116.6939736770719,15.384311489408697,1074.9160537748905,1152.3026027770911,-3.999716505256329,-2.9032559051546682,0.024390243902439025,1.0,-0.32849162954807076,0.4146341463414634,0.6097560975609756,-5.24860315940006,-2.7455983758901548,62.25,62.53125,449.52938049870727,491.3814736770719
1,43,dwell5,trust,seasonal60,http,976.2314572606897,1012.7682718104952,12.519111911274198,983.3121546829898,1036.7878415399261,-3.6076184026272617,-2.9184829410225146,0.024390243902439025,1.0,-1.9307329319929707,0.07317073170731707,0.9512195121951219,-3.307780123932978,-3.9069941918507234,54.5,56.965625,431.2314572606897,443.1120218104952
1,42,f50,thr,naive,http,2203.620392047455,2511.7036929499664,150.02560742971582,2252.7746110648545,2923.0395490272035,-12.265909460867624,-2.0535381004662328,0.024390243902439025,1.0,10.015092776090041,0.9512195121951219,0.07317073170731707,-13.954867584661983,-10.545822216969107,10.625,11.9875,1672.370392047455,1912.3286929499664
1,42,f50,mey,naive,http,2283.2419599092987,2402.1703422371197,47.77282101076822,2317.6525853067524,2504.4875224685675,-4.950872144107154,-2.4894569718002217,0.024390243902439025,1.0,-1.6333380054538968,0.24390243902439024,0.7804878048780488,-4.231814887371609,-5.685449758407835,26.0,27.75,983.2419599092987,1014.6703422371197
1,42,f50,trust,naive,http,2119.2577162905573,2268.840642033537,38.252205791241316,2196.82299258813,2343.9752848608487,-6.59292340641915,-3.910439219095435,0.024390243902439025,1.0,-0.8345796003895058,0.36585365853658536,0.6585365853658537,-7.950225945147421,-5.265331687340881,23.25,25.76875,956.7577162905573,980.4031420335368
1,42,base,thr,naive,http,1893.3260917284317,2221.1558400867157,226.87928124802707,1878.4298878296586,3039.547914479639,-14.759421308569022,-1.4449523400944517,0.03278688524590164,0.9836065573770492,-6.4105857948727785,0.29508196721311475,0.7213114754098361,-17.052590604169275,-12.304502799627162,11.916666666666666,11.956944444444444,1774.159425061765,2101.5863956422713
1,42,base,mey,naive,http,1058.0881185165142,1077.4552425074469,9.045357435039021,1056.553527513155,1106.133787789467,-1.7974875639253118,-2.141112071028857,0.03278688524590164,0.9836065573770492,0.5503505913553368,0.8032786885245902,0.21311475409836064,-2.764200025966855,-0.8415763404632688,62.333333333333336,64.32916666666667,434.75478518318084,434.16357584078025
1,42,base,trust,naive,http,990.1269762783492,995.0817440836965,10.501089548340332,970.4902125272732,1022.003280118578,-0.49792570658704,-0.4718336875939197,0.29508196721311475,0.7213114754098361,-0.3268029783185218,0.39344262295081966,0.6229508196721312,-1.732196668765409,0.7518184910909324,57.583333333333336,58.30416666666667,414.2936429450158,412.0400774170299
1,43,dwell200,thr,seasonal60,http,1794.4600643107894,2045.3866571002393,363.581307475577,1577.7983239177154,3248.402901507183,-12.267929485038808,-0.6901526223437806,0.2682926829268293,0.7560975609756098,52.84212535332586,0.975609756097561,0.04878048780487805,-17.88564577996904,-6.819950794970033,5.75,6.14375,1736.9600643107894,1983.9491571002393
1,43,dwell200,mey,seasonal60,http,951.085331898361,948.1749964508235,16.685248983646044,913.2471797399696,987.8789880832692,0.30694075022346573,0.17442565288597292,0.5853658536585366,0.43902439024390244,1.6947738338697982,0.8536585365853658,0.17073170731707318,0.543297684747774,0.07033915324659107,53.125,54.75625,419.835331898361,400.6124964508235
1,43,dwell200,trust,seasonal60,http,837.4427731185413,836.7172634521946,11.543301723942422,813.269944032879,853.5698859848998,0.0867090590856533,0.06285113944841415,0.4634146341463415,0.5609756097560976,3.021139991024713,1.0,0.024390243902439025,-1.8733066902435795,2.080034064603761,45.25,46.7125,384.94277311854125,369.59226345219463
1,43,f2,thr,seasonal60,http,1594.4694784775402,2249.6200938568013,267.43223224902243,1840.5079693917698,3208.3099963292075,-29.122722417368507,-2.4497818003074907,0.024390243902439025,1.0,-3.021948449107176,0.5609756097560976,0.4634146341463415,-30.75732411333955,-27.14985998192302,6.5,6.921875,1581.4694784775402,2235.7763438568013
1,43,f2,mey,seasonal60,http,468.9166490506869,503.5815549804076,5.741849335717853,494.2592716265537,520.5480309646357,-6.88367268159164,-6.037237116983122,0.024390243902439025,1.0,-0.8951271557745536,0.1951219512195122,0.8292682926829268,-5.92495307857975,-7.856904792929929,138.125,142.1875,192.66664905068689,219.2065549804076
1,43,f2,trust,seasonal60,http,424.17154339378806,443.8750083729081,3.8547707930469866,435.3147876348662,450.4000193904744,-4.438966963097588,-5.111449172194626,0.024390243902439025,1.0,0.29088243919736123,0.5853658536585366,0.43902439024390244,-4.294145068290281,-4.586166299509626,123.25,124.678125,177.67154339378806,194.5187583729081
1,43,f50,thr,seasonal60,http,1940.4783844638964,2545.8980228446417,317.0302589444547,2097.899183649414,3356.4598496195003,-23.7801998724318,-1.9096588458037937,0.024390243902439025,1.0,2.5199527692926065,0.7073170731707317,0.3170731707317073,-24.180370037647744,-23.36462503388245,6.625,6.73125,1609.2283844638964,2209.3355228446417
1,43,f50,mey,seasonal60,http,2467.217862023879,2466.942187946514,46.040321598037075,2382.6516302596783,2565.921763185287,0.011174727916697134,0.005987666197731154,0.5121951219512195,0.5121951219512195,-2.1969969646857708,0.17073170731707318,0.8536585365853658,-3.326206313421412,3.508180797077749,27.75,27.325,1079.7178620238792,1100.692187946514
1,43,f50,trust,seasonal60,http,2096.173134877604,2228.636289467418,46.92151770423555,2123.846169076481,2348.551268439799,-5.9436865142974575,-2.8230790705616258,0.024390243902439025,1.0,-1.0406622287652258,0.2926829268292683,0.7317073170731707,-6.7188494045440725,-5.167795837708056,24.125,25.0,889.9231348776038,978.636289467418
1,43,base,thr,seasonal60,http,1905.9629361933733,2356.767683431096,217.38202365933907,1975.5148711582851,2928.8347100181677,-19.128094398401604,-2.0737903698246094,0.01639344262295082,1.0,40.517764896000564,1.0,0.01639344262295082,-16.303189117876638,-21.963573426914486,6.833333333333333,6.955555555555556,1837.62960286004,2287.2121278755403
1,43,base,mey,seasonal60,http,1040.783213812873,1095.6147804858088,12.394950586930554,1073.7540030978157,1124.746517234319,-5.004639189754512,-4.423701917033133,0.01639344262295082,1.0,-0.2213018936119699,0.4426229508196721,0.5737704918032787,-6.096091871176786,-3.911329335582198,60.0,62.290277777777774,440.7832138128731,472.71200270803104
1,43,base,trust,seasonal60,http,973.8338838184526,986.4657268494491,10.555012049628631,957.0368006712418,1007.6937742014121,-1.2805151448433767,-1.1967625400712767,0.13114754098360656,0.8852459016393442,1.3310548022179451,0.9016393442622951,0.11475409836065574,-2.489348015117033,-0.10403145000288548,55.333333333333336,55.043055555555554,420.5005504851192,436.03517129389354
1,44,dwell5,thr,ma10,http,2090.000555481015,2284.9129145810202,346.55330666400096,1625.6877929469933,2957.359422833978,-8.530406470031524,-0.5624311046871111,0.2926829268292683,0.7317073170731707,-1.4324813037942092,0.43902439024390244,0.5853658536585366,-17.153652888773244,-0.652729347706121,7.625,7.471875,2013.750555481015,2210.1941645810202
1,44,dwell5,mey,ma10,http,1103.9764829385822,1122.4625247606314,18.408917031292592,1084.35106179935,1161.0947671011359,-1.6469183972080832,-1.004189534377578,0.17073170731707318,0.8536585365853658,-0.32118314384385827,0.4146341463414634,0.6097560975609756,-0.7746472358261266,-2.502824413189497,65.875,65.178125,445.2264829385822,470.68127476063137
1,44,dwell5,trust,ma10,http,1035.2796551867218,1057.3896532871272,15.130893028400074,1018.7417526094794,1086.2267236036782,-2.0909981511235354,-1.4612487219958412,0.0975609756097561,0.926829268292683,-0.8385741425902947,0.24390243902439024,0.7804878048780488,-2.2118495226777104,-1.9674489713751164,62.875,63.215625,406.5296551867218,425.2334032871272
1,44,dwell200,thr,ma10,http,2518.4322627525753,2182.5414091863136,306.0688958977792,1708.3162095856205,3052.3168738626873,15.389896024538073,1.097435440412875,0.8292682926829268,0.1951219512195122,-0.7522244877142237,0.5853658536585366,0.43902439024390244,2.402768902829051,29.003283557827547,6.75,6.6375,2450.9322627525753,2116.1664091863136
1,44,dwell200,mey,ma10,http,879.9385174555067,908.015038196175,13.18506675284682,883.1707850457726,952.707930648982,-3.0920766242422584,-2.129418171857664,0.024390243902439025,1.0,-1.1136767339834104,0.21951219512195122,0.8048780487804879,-2.7141498821381673,-3.4534488690482954,51.75,53.378125,362.4385174555067,374.23378819617506
1,44,dwell200,trust,ma10,http,830.0772708417478,828.8109828588986,11.429246266922918,800.2410395025254,855.2707919242063,0.15278368760043506,0.11079365631607448,0.5609756097560976,0.4634146341463415,0.4810630176680402,0.6097560975609756,0.4146341463414634,1.6280810963301726,-1.2545841241066862,47.625,48.08125,353.8272708417478,347.99848285889857
1,44,signed,thr,ma10,http,2108.490536747601,2603.2024824211708,320.23554722102125,1918.7160539311571,3338.5596860636397,-19.003974873804335,-1.5448376982712915,0.0975609756097561,0.926829268292683,6.312996942438952,0.7317073170731707,0.2926829268292683,-18.552805154580533,-19.52030225548489,7.875,7.6375,2029.7405367476008,2526.8274824211708
1,44,signed,mey,ma10,http,1072.5116723860733,1107.6827341137705,11.025888418999775,1085.0319253024413,1138.5108529618872,-3.175192737461659,-3.1898619314059555,0.024390243902439025,1.0,1.2612804170822087,0.926829268292683,0.0975609756097561,-4.161331331163414,-2.1686763752646687,64.0,65.703125,432.5116723860733,450.6514841137705
1,44,signed,trust,ma10,http,1023.3329436100653,1030.5363040896857,12.496751824222436,1007.6904645615637,1068.3927617036334,-0.6989914330076351,-0.5764186230903738,0.2682926829268293,0.7560975609756098,-0.1441862487327558,0.4634146341463415,0.5609756097560976,-1.1033752816775089,-0.27162263952459137,59.5,59.646875,428.3329436100653,434.0675540896857
1,44,f2,thr,ma10,http,2194.847543361669,2496.42786218288,267.35586738813544,2038.291066183436,3172.682298660444,-12.080474000058167,-1.1280108484897764,0.12195121951219512,0.9024390243902439,-1.7845724401482264,0.5365853658536586,0.4878048780487805,-8.310044496070129,-16.77312966903114,7.5,7.571875,2179.847543361669,2481.2841121828797
1,44,f2,mey,ma10,http,480.574092529219,489.94271786863845,5.714289407313457,481.24824878364757,508.8577752518185,-1.9121878941634423,-1.6395083748171695,0.024390243902439025,1.0,1.5541594853894338,0.9024390243902439,0.12195121951219512,-1.2204083401749686,-2.640812311463807,144.75,146.51875,191.074092529219,196.90521786863843
1,44,f2,trust,ma10,http,451.4540931600415,454.76260452222584,4.0362823456502,446.02426037786023,466.3951233189743,-0.7275249392285145,-0.8196927466558015,0.1951219512195122,0.8292682926829268,0.43464120660769184,0.7073170731707317,0.3170731707317073,-1.194485068956331,-0.23663732995987485,135.75,135.4875,179.9540931600415,183.78760452222582
1,44,f50,thr,ma10,http,2604.730944266941,2826.813367093336,320.7363590041859,2265.9793214744477,3578.6741688915345,-7.856281755691241,-0.6924142417651398,0.3170731707317073,0.7073170731707317,-4.782573931782999,0.3902439024390244,0.6341463414634146,-3.211809207813227,-12.094719050655167,7.5,7.64375,2229.730944266941,2444.625867093336
1,44,f50,mey,ma10,http,2580.7063347180447,2539.013994815186,53.15411177789026,2454.350038152359,2693.8272673103334,1.6420681409396296,0.7843671638625876,0.8048780487804879,0.21951219512195122,-2.137757509799248,0.14634146341463414,0.8780487804878049,-0.20757886191134176,3.4200041985331775,29.875,30.0125,1086.9563347180447,1038.388994815186
1,44,f50,trust,ma10,http,2296.6093715450806,2297.744701434941,49.58906221133625,2189.617491626026,2372.1009722770004,-0.04941061942831358,-0.02289476427325375,0.36585365853658536,0.6585365853658537,-2.9090155014481693,0.17073170731707318,0.8536585365853658,0.926647936090124,-1.0034983521588041,26.625,26.640625,965.3593715450806,965.7134514349409
1,45,signed,thr,naive,http,1781.2935251930026,2715.2061125375653,295.2514990407585,2219.2262232086446,3398.8796209987922,-34.395642490350426,-3.163108706911727,0.024390243902439025,1.0,-1.8840312168075075,0.5121951219512195,0.5121951219512195,-38.38276818254496,-30.368028624464344,8.75,9.434375,1693.7935251930026,2620.8623625375653
1,45,signed,mey,naive,http,1099.3304094071368,1160.704221398196,13.44864226291803,1142.501798487804,1204.270668726909,-5.287635804161007,-4.56356937683482,0.024390243902439025,1.0,-0.6448513026683372,0.34146341463414637,0.6829268292682927,-5.97831106256747,-4.5836567789951355,69.625,72.840625,403.0804094071368,432.29797139819607
1,45,signed,trust,naive,http,1034.7235135177996,1054.8309670378185,13.550749512000658,1027.0107160705197,1088.2348063365905,-1.9062251818871756,-1.4838628300384105,0.0975609756097561,0.926829268292683,0.4367661762893576,0.6585365853658537,0.36585365853658536,-3.182689044408078,-0.6202200039640271,62.25,63.028125,412.2235135177996,424.5497170378185
1,45,dwell5,thr,naive,http,1848.7563886073374,2292.5986405572608,262.95805519890337,1852.2251086511624,3218.619138410164,-19.359788673783687,-1.6878823187758896,0.024390243902439025,1.0,-10.096429428549166,0.1951219512195122,0.8292682926829268,-18.490859073192222,-20.34059190396065,7.75,7.9375,1771.2563886073374,2213.2236405572608
1,45,dwell5,mey,naive,http,1152.220498641182,1182.077045557576,15.949228485978818,1151.948475181926,1214.2886213071656,-2.52576995963159,-1.8719743680793823,0.04878048780487805,0.975609756097561,1.2903527629171092,0.8048780487804879,0.21951219512195122,-1.7825945443479632,-3.2868530476704234,72.0,72.296875,432.2204986411821,459.10829555757596
1,45,dwell5,trust,naive,http,1054.1025088202457,1064.4800228114427,12.39213299325631,1035.3295377035865,1102.4073166610322,-0.9748904412305018,-0.8374275838424565,0.1951219512195122,0.8292682926829268,0.6175766114722714,0.7804878048780488,0.24390243902439024,-0.6383920814092111,-1.3108123308378632,62.625,62.275,427.8525088202457,441.7300228114427
1,45,dwell200,thr,naive,http,1833.397935138324,2572.3592178501103,535.5628063350152,1972.1445567970386,4020.509184290143,-28.726986401587595,-1.3797845443537715,0.024390243902439025,1.0,-13.845988267166305,0.21951219512195122,0.8048780487804879,-37.35956209785634,-18.92946656497949,6.375,7.140625,1769.647935138324,2500.9529678501103
1,45,dwell200,mey,naive,http,926.3685816739331,960.1678826309442,12.007073748237712,928.308877842886,979.2917923586276,-3.5201449213650005,-2.814949059671745,0.024390243902439025,1.0,0.12643281601759535,0.4878048780487805,0.5365853658536586,-1.224518283981385,-5.844747783033864,53.375,56.684375,392.61858167393314,393.3241326309442
1,45,dwell200,trust,naive,http,860.1758695335161,883.6604478243132,14.80056682920898,857.3143378920752,923.1483362188086,-2.6576473291997167,-1.5867350596634044,0.0975609756097561,0.926829268292683,-0.15176415411702585,0.4878048780487805,0.5365853658536586,-0.12736135764417542,-5.132591966937868,49.875,51.384375,361.4258695335161,369.8166978243132
1,45,f2,thr,naive,http,1804.0276111506255,2505.7867074456117,281.15992226175484,1977.8536564381093,3063.858977519215,-28.005539905284135,-2.495942845088928,0.024390243902439025,1.0,-6.789026084729406,0.3902439024390244,0.6341463414634146,-24.343812029262818,-31.708160515945234,7.5,8.2375,1789.0276111506255,2489.311707445612
1,45,f2,mey,naive,http,473.07088049795607,497.0391688975179,6.390901735680093,487.46130850989493,521.5154228680633,-4.8222131975485745,-3.750376612074642,0.024390243902439025,1.0,-0.8100420596803615,0.24390243902439024,0.7804878048780488,-5.07915505680949,-4.571803656627426,145.375,150.99375,182.32088049795607,195.0516688975179
1,45,f2,trust,naive,http,435.2852808635954,454.20414267894955,3.851528147589935,445.48331842042194,462.5222387216942,-4.165277248192513,-4.912040387707535,0.024390243902439025,1.0,0.043663881705095865,0.5121951219512195,0.5121951219512195,-4.237699845917473,-4.09331313688059,131.5,136.534375,172.2852808635954,181.13539267894953
1,44,base,thr,ma10,http,2070.1798755045843,2488.8410983793947,244.40394308530202,2068.8026042248034,3167.669865516607,-16.82153284705163,-1.712988823296885,0.03278688524590164,0.9836065573770492,8.605191512547512,0.8032786885245902,0.21311475409836064,-13.350538508236351,-20.21401474695208,7.416666666666667,7.5125,1996.0132088379175,2413.7160983793947
1,44,base,mey,ma10,http,1090.8973184920708,1105.69335125528,13.254599492568847,1078.6344419477616,1137.6686808101633,-1.338167833460472,-1.1162942170757117,0.13114754098360656,0.8852459016393442,-0.3817167724099675,0.39344262295081966,0.6229508196721312,-1.52328223219266,-1.155102984460164,62.833333333333336,63.858333333333334,462.5639851587374,467.1100179219467
1,44,base,trust,ma10,http,996.2017443912324,1023.4140685354791,10.937079625925124,1002.1066319588957,1043.0466909331415,-2.6589749917340866,-2.488079549109523,0.01639344262295082,1.0,-1.154720145707255,0.14754098360655737,0.8688524590163934,-2.1091291964661734,-3.214164282824707,57.166666666666664,58.727777777777774,424.5350777245658,436.13629075770143
1,45,f50,thr,naive,http,1963.3479018238188,2685.402396300799,261.9992089713944,2164.2857486041567,3302.2130079516023,-26.888130265751837,-2.7559415057463608,0.024390243902439025,1.0,19.257195929171445,0.926829268292683,0.0975609756097561,-23.184527835778205,-30.996476264920894,7.375,8.021875,1594.5979018238188,2284.308646300799
1,45,f50,mey,naive,http,2446.218229450865,2498.247371305275,56.14220139180529,2377.653539804467,2620.249613184891,-2.08262570200269,-0.9267385418556919,0.17073170731707318,0.8536585365853658,1.9793928315365723,0.7804878048780488,0.24390243902439024,-3.7041173036374575,-0.4102511405468746,27.875,27.953125,1052.4682294508648,1100.591121305275
1,45,f50,trust,naive,http,2276.9681670037244,2322.1916608819583,50.987142748617906,2194.7996720713327,2420.0072673608306,-1.9474488105369512,-0.8869587790239497,0.17073170731707318,0.8536585365853658,3.161210536393052,0.9024390243902439,0.12195121951219512,-3.0796640466180407,-0.7032912133368195,25.5,25.75625,1001.9681670037244,1034.3791608819583
1,45,base,thr,naive,http,1755.601382100912,2603.4982832498977,284.68716247239337,2072.1539693688624,3497.895192557507,-32.56759977926976,-2.9783461037910617,0.01639344262295082,1.0,-13.893672742796214,0.09836065573770492,0.9180327868852459,-30.254587092983062,-34.82790434540742,7.25,8.006944444444445,1683.101382100912,2523.4288388054533
1,45,base,mey,naive,http,1068.2117085775099,1131.2113120189604,12.981477366269162,1106.6643605633092,1163.3852839255405,-5.569216181989044,-4.853038037500073,0.01639344262295082,1.0,-1.2265735956658974,0.13114754098360656,0.8852459016393442,-5.64949015772735,-5.488096432768204,66.16666666666667,69.70833333333333,406.5450419108431,434.1279786856271
1,45,base,trust,naive,http,990.6439641161428,1030.3894545371609,12.619537695205981,1008.1783908610914,1070.1565403514555,-3.8573269792314884,-3.1495203216609857,0.01639344262295082,1.0,-1.6978804840342916,0.06557377049180328,0.9508196721311475,-3.0703609980124518,-4.676479629374675,58.666666666666664,60.59861111111111,403.97729744947617,424.4033434260498
1,46,signed,thr,seasonal60,queue,2906.9050564311265,1552.6577247729688,5.282314939076013,1529.7170223800406,1575.3311931104602,87.22124071847045,256.37383368418466,1.0,0.024390243902439025,-0.016258376394839288,0.926829268292683,0.975609756097561,91.73467927322963,82.9266385978224,8.0,8.0,2826.9050564311265,1472.6577247729688
1,46,signed,mey,seasonal60,queue,2289.880000364644,915.6219839574187,1.389440818327334,911.4457619139539,922.39341497637,150.0901071059403,989.0727249985455,1.0,0.024390243902439025,-0.0010231162822690516,0.7804878048780488,0.8536585365853658,150.37174820686414,149.8091390422297,51.75,52.078125,1772.3800003646438,394.8407339574187
1,46,signed,trust,seasonal60,queue,1572.3315920852303,890.7211989082313,1.4857549708543438,888.8515787939974,896.9260475784411,76.52342775859134,458.7636632876666,1.0,0.024390243902439025,-0.029571105469409765,0.8292682926829268,0.7560975609756098,75.91445612354964,77.15509432132862,49.5,49.60625,1077.3315920852303,394.65869890823126
1,46,dwell5,thr,seasonal60,queue,2927.2120128165557,1555.6920713898696,1.4951955427596246,1551.2556527374222,1557.5056527374222,88.16140203127458,917.2846642488812,1.0,0.024390243902439025,-0.0441230411256225,0.43902439024390244,0.9024390243902439,77.69923384296354,100.33308358208961,7.125,7.815625,2855.9620128165557,1477.5358213898696
1,46,dwell5,mey,seasonal60,queue,2303.1073733333196,928.6796267499809,1.6294711396214014,923.0157258754036,931.7113231937801,147.99805088793687,843.4808774230144,1.0,0.024390243902439025,-0.07415886020816122,0.2926829268292683,0.8780487804878049,148.40105972075588,147.5978701614167,52.5,53.29375,1778.1073733333196,395.7421267499809
1,46,dwell5,trust,seasonal60,queue,1609.1171116145986,938.92588945286,1.5938473383246647,934.4568836928634,941.1027777114934,71.37850065592279,420.4864581737134,1.0,0.024390243902439025,-0.07657747731459914,0.36585365853658536,0.8292682926829268,71.82986088905697,70.93285210773529,52.5,53.665625,1084.1171116145986,402.26963945286
1,46,dwell200,thr,seasonal60,queue,3012.1415105721626,1681.8317136162336,2.8446347947293016,1677.7379636162336,1686.4879636162336,79.09886501637725,467.65574245973556,1.0,0.024390243902439025,-0.1690864773792045,0.2926829268292683,0.7804878048780488,76.25851347673023,82.19507748663654,5.25,5.659375,2959.6415105721626,1625.2379636162336
1,46,dwell200,mey,seasonal60,queue,2095.029361825656,725.9347981491019,2.5499154995339057,720.1554650415106,731.6607018027677,188.5974562959788,536.9176209669725,1.0,0.024390243902439025,-0.47816378107889984,0.12195121951219512,0.9024390243902439,189.98416365815655,187.21960029775457,39.625,39.946875,1698.779361825656,326.4660481491019
1,46,dwell200,trust,seasonal60,queue,1403.2221344206173,719.8872511919933,2.7099168682810566,715.2628937072443,725.0588969322689,94.9224871113017,252.16082870544815,1.0,0.024390243902439025,-0.29509586136321697,0.34146341463414637,0.8048780487804879,96.25077248874105,93.61377416356956,38.875,39.565625,1014.4721344206173,324.2310011919933
1,46,f2,thr,seasonal60,queue,2961.7158081939538,1639.0842497363337,6.60752877513349,1637.2007035794759,1679.7925498537927,80.6933236452233,200.17038191875287,1.0,0.024390243902439025,-0.06915728444344402,0.5365853658536586,0.8292682926829268,84.98281678515731,76.65391482357502,7.125,7.796875,2947.4658081939538,1623.4904997363337
1,46,f2,mey,seasonal60,queue,1771.7545439780786,392.7313647102584,0.3132911053846005,392.03384362080425,393.5373994962569,351.136502755569,4401.731027680828,1.0,0.024390243902439025,-0.13973569121531276,0.0975609756097561,0.926829268292683,358.57916765107274,343.9986274318815,114.25,114.959375,1543.2545439780786,162.8126147102584
1,46,f2,trust,seasonal60,queue,1080.202199649515,389.6605610782009,0.3731999407689548,388.9366671969629,391.1022090972942,177.21619982801633,1850.3262276743585,1.0,0.024390243902439025,-0.08505723823457999,0.14634146341463414,0.8780487804878049,181.1095718554002,173.48218580013537,112.0,111.95625,856.202199649515,165.7480610782009
1,46,f50,thr,seasonal60,queue,3370.8827730357125,1978.002798151931,9.685705997850183,1956.6474915770164,1999.8848800811134,70.41850376476535,143.8077900767318,1.0,0.024390243902439025,-0.13171399845080534,0.4634146341463415,0.7317073170731707,67.28270741223228,74.01833913129096,7.25,7.803125,3008.3827730357125,1587.846548151931
1,46,f50,mey,seasonal60,queue,3356.4740960492004,1964.387272772925,10.608803652943273,1948.614112969773,1987.295508547324,70.86621067907902,131.2199630436236,1.0,0.024390243902439025,-0.48479034328648507,0.36585365853658536,0.8780487804878049,69.47795242727852,72.31979639944731,22.125,22.1625,2250.2240960492004,856.2622727729249
1,46,f50,trust,seasonal60,queue,2742.9414361999848,2088.0230341111996,10.182874525805536,2067.8815651793593,2111.6315651793593,31.36547784146268,64.31567043560095,1.0,0.024390243902439025,-0.06664049721236132,0.5365853658536586,0.5853658536585366,29.039710874606044,33.84324323510073,23.0,23.025,1592.9414361999848,936.7730341111996
1,46,base,thr,seasonal60,queue,2883.9343369907638,1551.4471399027764,4.1086999583108765,1542.8901692116071,1571.9136646904087,85.88672877191868,324.30871336630406,1.0,0.01639344262295082,0.49374279929303394,0.9672131147540983,0.04918032786885246,79.09966024888396,93.3414723265121,7.0,7.786111111111111,2813.9343369907638,1473.5860287916653
1,46,base,mey,seasonal60,queue,2269.014504789389,891.75513195831,1.772623003636924,885.0599939576791,894.3014221620547,154.4436722003038,776.961243313062,1.0,0.01639344262295082,-0.02712560895228009,0.2786885245901639,0.7377049180327869,158.00391193578608,151.03244243174134,49.833333333333336,50.28888888888889,1770.6811714560554,388.8662430694211
1,46,base,trust,seasonal60,queue,1572.2186058959949,898.4558739727054,1.960062202687959,890.3909976127793,904.4147347243484,74.99118781917586,343.7455867468468,1.0,0.01639344262295082,0.12206724512699287,0.7540983606557377,0.26229508196721313,74.43560579967097,75.549718315194,48.666666666666664,49.69722222222222,1085.5519392293281,401.48365175048315
1,47,signed,thr,ma10,http,1768.8349886005958,2169.222113986393,331.2645894508,1736.3544392291292,3483.86168748158,-18.457636163869058,-1.2086626163381813,0.07317073170731707,0.9512195121951219,4.191538637513745,0.7317073170731707,0.2926829268292683,-19.33862438265799,-17.598239645641645,6.75,6.771875,1701.3349886005958,2101.503363986393
1,47,signed,mey,ma10,http,1114.3741330389844,1104.8354967943628,19.280728546276993,1069.7847357390572,1158.5361760563032,0.8633535284028744,0.4947238493466274,0.7073170731707317,0.3170731707317073,-0.7532255380982126,0.34146341463414637,0.6829268292682927,2.9903670965784825,-1.2486042160427353,66.0,66.415625,454.3741330389844,440.6792467943628
1,47,signed,trust,ma10,http,981.6573509963094,996.8367703942422,13.917440502401409,973.7558163159304,1028.719254989921,-1.5227587754341556,-1.090676076201913,0.14634146341463414,0.8780487804878049,-0.5473529201030212,0.43902439024390244,0.5853658536585366,-1.5863684630943786,-1.4586579009509995,57.125,57.471875,410.40735099630945,422.1180203942422
1,47,dwell5,thr,ma10,http,1702.4877640784612,2120.938342236122,273.29836585157756,1745.716570874777,2786.5780480975727,-19.72950225966895,-1.5311126243064048,0.024390243902439025,1.0,-0.8541424207349679,0.5609756097560976,0.4634146341463415,-14.658019069662306,-25.557738011516303,6.75,6.68125,1634.9877640784612,2054.125842236122
1,47,dwell5,mey,ma10,http,1117.198174591722,1148.5253156589,15.098118194499616,1120.8577977581594,1187.4229738023364,-2.7275969140659173,-2.0749036842611788,0.024390243902439025,1.0,-0.3661179463983005,0.4634146341463415,0.5609756097560976,-3.3271054637646498,-2.1223146213213995,59.5,62.59375,522.1981745917219,522.5878156588999
1,47,dwell5,trust,ma10,http,1036.0485094734377,1035.4439460728709,12.832883806513427,1012.7347720909178,1059.6133031833078,0.05838687867747275,0.047110486596937215,0.5609756097560976,0.4634146341463415,1.5323314363145604,0.8780487804878049,0.14634146341463414,1.2993368825776566,-1.1519634876805989,58.75,58.3,448.54850947343766,452.44394607287086
1,47,dwell200,thr,ma10,http,2084.68952345035,2208.406664823654,284.2551586561349,1786.4075431001274,3178.4707903287754,-5.602099619780992,-0.4352327041598754,0.4146341463414634,0.6097560975609756,4.390359684912728,0.7317073170731707,0.2926829268292683,2.1990744630644814,-13.975127333423664,4.75,5.13125,2037.18952345035,2157.094164823654
1,47,dwell200,mey,ma10,http,857.00081782027,868.0864500378169,13.474376652864665,846.9665448879391,897.9108272609741,-1.277019381775171,-0.8227194847778092,0.2682926829268293,0.7560975609756098,0.038215113036484866,0.5609756097560976,0.4634146341463415,1.8269577969471058,-4.494306235358333,45.25,47.90625,404.50081782026996,389.0239500378169
1,47,dwell200,trust,ma10,http,771.8741685053127,787.7930146356883,13.394267436864672,762.170384848512,824.0962822476132,-2.020688916331309,-1.188482028256554,0.12195121951219512,0.9024390243902439,-0.7449694976133356,0.34146341463414637,0.6829268292682927,-2.700834910100946,-1.2931781232097166,41.75,43.38125,354.3741685053127,353.98051463568834
1,47,f2,thr,ma10,http,1697.7914381889664,2121.5784262190114,369.2884623607877,1664.607827396026,3405.7878105929417,-19.975080006130177,-1.1475771144347675,0.04878048780487805,0.975609756097561,-3.1209023949279393,0.5853658536585366,0.43902439024390244,-19.736926869245256,-20.20047005513384,6.625,6.68125,1684.5414381889664,2108.215926219011
1,47,f2,mey,ma10,http,497.7489980221412,503.60461120411946,5.628124350024808,495.49011633845873,519.7904816273078,-1.162740183807583,-1.040420008124453,0.14634146341463414,0.8780487804878049,-0.46215778127740864,0.43902439024390244,0.5853658536585366,-1.558921673693866,-0.7778009466452538,136.0,137.1875,225.74899802214122,229.22961120411946
1,47,f2,trust,ma10,http,446.50744393411173,445.44983637040104,3.8707244723040994,437.4173600415879,453.97118487751834,0.23742461605289858,0.27323245849145517,0.6097560975609756,0.4146341463414634,1.0493464602881175,0.926829268292683,0.0975609756097561,0.443669030740357,0.034789109701915004,122.375,122.40625,201.75744393411173,200.63733637040104
1,47,f50,thr,ma10,http,2162.450980319234,2616.7869256819495,223.9835667461433,2243.9069423258743,3402.382823229137,-17.362359193395655,-2.0284342818669683,0.024390243902439025,1.0,-7.541034978186957,0.24390243902439024,0.7804878048780488,-19.613296818566983,-14.791631037102967,6.625,6.621875,1831.200980319234,2285.6931756819495
1,47,f50,mey,ma10,http,2447.913258721466,2469.7731379651264,43.730431922807306,2371.4213581606723,2553.2698136322915,-0.8850966474463781,-0.49987796329676026,0.3902439024390244,0.6341463414634146,1.1654378114935202,0.7560975609756098,0.2682926829268293,-2.317581515519033,0.5487811541785662,26.875,26.53125,1104.1632587214658,1143.2106379651264
1,47,f50,trust,ma10,http,2263.1633208943194,2275.114377372142,35.6236221795624,2201.3750233355313,2343.846593726721,-0.5252947542631451,-0.3354812269673943,0.4146341463414634,0.6097560975609756,-0.6424734434498315,0.36585365853658536,0.6585365853658537,1.5563253118904263,-2.525859748364672,23.5,23.775,1088.1633208943194,1086.364377372142
1,47,base,thr,ma10,http,1961.333764205932,2352.390214576761,211.65701288574246,2031.4941069011395,2928.3995229398884,-16.62379174796845,-1.8475950550333555,0.01639344262295082,1.0,-6.047270963920955,0.2459016393442623,0.7704918032786885,-22.969858369306625,-9.187017850729653,6.666666666666667,6.656944444444444,1894.6670975392653,2285.8207701323167
1,47,base,mey,ma10,http,1107.4032719593463,1119.0080707213206,12.651848445919274,1095.8039692193547,1153.1233248191716,-1.0370612210592676,-0.917241366870569,0.26229508196721313,0.7540983606557377,-1.2629475247529078,0.18032786885245902,0.8360655737704918,-2.0187069418749903,-0.07316687609345462,59.333333333333336,61.15972222222222,514.0699386260129,507.4108484990984
1,47,base,trust,ma10,http,989.2062009776305,1010.6244562920077,11.163182956291584,985.3256661531727,1041.2020008858851,-2.1193090253288593,-1.918651284157793,0.03278688524590164,0.9836065573770492,0.08229427321649432,0.5737704918032787,0.4426229508196721,-2.7467146605313824,-1.4928342852076908,55.5,56.172222222222224,434.2062009776305,448.90223406978544
1,48,signed,thr,naive,queue,2385.3060201488297,1811.6210727475489,97.2706645798708,1713.6220685593316,2089.723118382765,31.66693940754488,5.897820785733577,1.0,0.024390243902439025,-4.475337682737841,0.2682926829268293,0.7560975609756098,28.03595442607016,35.165028448037305,13.25,13.2625,2252.8060201488297,1678.9960727475489
1,48,signed,mey,naive,queue,1000.5661476361597,984.5850880917667,7.270152768357673,971.672472777533,1007.1087603081814,1.623126303422496,2.1981738284714396,0.9512195121951219,0.07317073170731707,-0.5115104162274194,0.2682926829268293,0.7560975609756098,0.13160973191527495,3.1143460166887538,58.0,57.946875,420.5661476361597,405.1163380917667
1,48,signed,trust,naive,queue,997.4965954918473,978.7412613757363,7.659469349348561,962.7351352979041,996.8009959210542,1.9162709141073924,2.448646669981934,1.0,0.024390243902439025,-0.3160488655037211,0.4146341463414634,0.6097560975609756,0.9980912379195128,2.834019230541014,57.0,56.75625,427.4965954918473,411.17876137573626
1,48,dwell5,thr,naive,queue,1802.3430316564995,1839.06625421578,28.920156288936184,1790.5860266266513,1919.94649657058,-1.9968406507975458,-1.2698141113894816,0.07317073170731707,0.9512195121951219,0.9725126853929535,0.8048780487804879,0.21951219512195122,-1.8164000663284898,-2.168012842613262,11.625,12.865625,1686.0930316564995,1710.41000421578
1,48,dwell5,mey,naive,queue,1012.5696006781482,1016.3018919862827,40.87797771990551,1002.3996411109922,1266.8378923574435,-0.3672423851184702,-0.0913032277112164,0.7560975609756098,0.2682926829268293,-0.997098863569859,0.2926829268292683,0.7317073170731707,-1.389324328232688,0.6680939790275584,56.5,57.134375,447.56960067814816,444.9581419862827
1,48,dwell5,trust,naive,queue,1011.9898465932467,1009.8396336083184,21.174047220882255,995.8940305823583,1136.0176641167964,0.21292618286779474,0.10154945639337834,0.8536585365853658,0.17073170731707318,-0.5581574521584657,0.36585365853658536,0.6585365853658537,-0.521076527491853,0.934113351630933,57.75,58.58125,434.48984659324674,424.0271336083184
1,48,dwell200,thr,naive,queue,2463.1991559431863,2043.6339497239449,234.69978354973205,1722.424029047119,2487.8903427656874,20.530350177237786,1.7876676317016587,0.975609756097561,0.04878048780487805,-4.705744874645411,0.5121951219512195,0.5121951219512195,-7.528521942799412,43.83805792870821,11.5,11.69375,2348.1991559431863,1926.6964497239449
1,48,dwell200,mey,naive,queue,846.1051215248109,843.141906107204,7.17641497066255,824.8602577142407,856.6665740329789,0.3514491921399181,0.41291026643813233,0.7317073170731707,0.2926829268292683,1.2524156262940167,0.926829268292683,0.0975609756097561,-0.5493802577150151,1.218031855394726,51.125,50.809375,334.8551215248109,335.048156107204
1,48,dwell200,trust,naive,queue,814.598184777298,822.621199545438,6.536574374774903,808.1743600944196,836.1835873082829,-0.9752988097770078,-1.2274035768798677,0.12195121951219512,0.9024390243902439,0.4816385947944286,0.7560975609756098,0.2682926829268293,0.09312165400977993,-1.95885845628612,45.5,46.10625,359.598184777298,361.558699545438
1,48,f2,thr,naive,queue,1888.9185762331808,1655.6318903066283,137.87310492711137,1481.9882751446312,2074.6294559912058,14.090492415155587,1.6920391112529376,0.926829268292683,0.0975609756097561,-3.135271733418926,0.43902439024390244,0.5853658536585366,-6.042309073545181,34.04573070836991,12.5,12.66875,1863.9185762331808,1630.2943903066282
1,48,f2,mey,naive,queue,440.9670963551557,425.50821561168993,11.206054207604739,420.60759500792557,493.5309752311186,3.6330393107082193,1.3795115084286278,0.975609756097561,0.04878048780487805,-0.3343242460555432,0.6585365853658537,0.36585365853658536,0.15154049324926705,6.9636695377430184,127.875,127.1,185.21709635515572,171.30821561168995
1,48,f2,trust,naive,queue,422.2315538530239,415.3912056032474,5.91681775059191,412.01543890425273,450.880583169214,1.6467243787317798,1.1560856761376883,0.975609756097561,0.04878048780487805,-0.37222774284502597,0.34146341463414637,0.6829268292682927,-0.403279917132055,3.680004043326016,123.25,123.25,175.7315538530239,168.89120560324739
1,48,f50,thr,naive,queue,2554.8656691632395,2343.0672471280086,88.18709215135412,2212.169123353821,2546.1979593313513,9.039365912132515,2.4016941353698864,1.0,0.024390243902439025,-2.035105720810152,0.43902439024390244,0.5853658536585366,18.415303632457903,0.41940674109048354,12.125,12.778125,1948.6156691632395,1704.1609971280086
1,48,f50,mey,naive,queue,2270.6653145482146,2277.9710535532886,18.32617514813296,2239.7748815090945,2328.6924074545072,-0.3207125478472666,-0.3986505065034408,0.34146341463414637,0.6829268292682927,-0.7036079212662002,0.1951219512195122,0.8292682926829268,-1.044930965833789,0.3745143392403192,25.75,26.15,983.1653145482146,970.4710535532886
1,48,f50,trust,naive,queue,2276.215494385854,2296.6003059631666,20.023007583379254,2260.140218765552,2354.1189137308506,-0.8876081538604268,-1.018069413020332,0.12195121951219512,0.9024390243902439,0.8249710245530013,0.8048780487804879,0.21951219512195122,-0.033983347009327085,-1.7775482258357342,26.125,26.30625,969.9654943858541,981.2878059631666
1,49,signed,thr,seasonal60,queue,2919.0317368174487,2333.5588370788473,280.9391539630928,1770.268537318835,3104.9698971248654,25.08927096397952,2.083984704444278,0.975609756097561,0.04878048780487805,12.489443355011613,0.8292682926829268,0.1951219512195122,34.719592050933926,15.908868208892313,7.75,8.30625,2841.5317368174487,2250.4963370788473
1,49,signed,mey,seasonal60,queue,1175.5287144972556,1109.9073379263639,12.43509034146504,1084.3128379812592,1133.7843007051242,5.912329284487108,5.277112973765538,1.0,0.024390243902439025,1.1345482860467166,0.8048780487804879,0.21951219512195122,8.606128424745945,3.225659129516163,66.375,67.790625,511.7787144972556,432.0010879263639
1,49,signed,trust,seasonal60,queue,1079.3611806267622,1051.5015407043647,14.539586146674123,1010.8884868106295,1084.9213121006746,2.649510138019891,1.916123309243591,0.975609756097561,0.04878048780487805,-0.10434341122005421,0.4634146341463415,0.5609756097560976,2.817219911178348,2.4856836261781963,60.375,62.59375,475.61118062676223,425.56404070436474
1,48,base,thr,naive,queue,2049.781729824415,1898.7694423679425,112.13425462106888,1741.5033213492145,2194.779712948714,7.953166092042541,1.3467096915816017,0.9016393442622951,0.11475409836065574,-7.655274379142274,0.04918032786885246,0.9672131147540983,-1.1966015168667807,16.97106254043353,12.25,12.833333333333334,1927.281729824415,1770.4361090346092
1,48,base,mey,naive,queue,991.9752529199071,989.6659066583877,10.757086591017245,978.4060512910002,1060.9499698825207,0.23334604597191072,0.21468138626380853,0.7377049180327869,0.2786885245901639,-1.1364318572296648,0.03278688524590164,0.9836065573770492,1.0390280018465163,-0.5645488742292055,56.166666666666664,56.41111111111111,430.3085862532405,425.5547955472766
1,48,base,trust,naive,queue,953.8755632155895,966.6774406926072,6.529650017679027,949.4976980667984,996.1074400905806,-1.3243173925570628,-1.9605763620341978,0.03278688524590164,0.9836065573770492,-0.793960343168046,0.06557377049180328,0.9508196721311475,-0.20117936454710733,-2.4090257353399296,55.0,55.8125,403.8755632155895,408.5524406926072
1,49,dwell5,thr,seasonal60,queue,2323.836475668105,2163.4994945795506,256.43016698706674,1743.7356563684752,2818.4990372147454,7.411001550509432,0.6252656735845006,0.7560975609756098,0.2682926829268293,-8.150140922131369,0.34146341463414637,0.6829268292682927,12.637961546005409,2.4393958091432806,7.75,7.23125,2246.336475668105,2091.1869945795506
1,49,dwell5,mey,seasonal60,queue,1164.4106859846142,1130.688788367764,18.581730038304023,1098.4382887775128,1175.2671689135502,2.982420800822701,1.814787834466257,0.926829268292683,0.0975609756097561,-1.7600146417203149,0.0975609756097561,0.926829268292683,2.682402966159713,3.273113198348759,66.375,66.40625,500.66068598461425,466.6262883677639
1,49,dwell5,trust,seasonal60,queue,1103.4498250857487,1073.1211340473303,16.65938339610092,1036.645712961035,1112.2301411942149,2.82621319030706,1.8205170213872799,0.975609756097561,0.04878048780487805,-2.6330392358540435,0.07317073170731707,0.9512195121951219,1.865692692614621,3.7785518000655167,61.125,63.053125,492.19982508574867,442.5898840473303
1,49,dwell200,thr,seasonal60,queue,2224.498119594517,2135.162311007264,238.6975798937667,1787.4522893388485,2857.7819246288,4.184028920270168,0.37426357077860645,0.7560975609756098,0.2682926829268293,-11.07697633127384,0.14634146341463414,0.8780487804878049,12.260138409117022,-5.518818479134836,5.5,5.953125,2169.498119594517,2075.631061007264
1,49,dwell200,mey,seasonal60,queue,900.9721426219418,893.1548016871639,13.214913931666988,862.226510577412,921.3908032147262,0.875250395565361,0.5915544342702959,0.7317073170731707,0.2926829268292683,-1.0888629105509848,0.24390243902439024,0.7804878048780488,-0.5482247832391871,2.2056985984749615,49.5,52.153125,405.97214262194177,371.62355168716385
1,49,dwell200,trust,seasonal60,queue,839.8373165205583,821.763925451849,13.028174766380468,790.567203366507,854.6110090951546,2.1993410161892384,1.3872542695196344,0.9024390243902439,0.12195121951219512,0.8554054637773841,0.7073170731707317,0.3170731707317073,-1.567209416948303,5.892579803754594,45.375,47.2625,386.08731652055826,349.138925451849
1,49,f50,thr,seasonal60,queue,3528.9180022353275,2528.6668699171064,249.1056799761557,2149.2818598337863,3349.608824009106,39.55646132030871,4.015368627539785,1.0,0.024390243902439025,-11.49914868294932,0.0975609756097561,0.926829268292683,42.75371109788927,36.21851502072411,7.25,7.234375,3166.4180022353275,2166.9481199171064
1,49,f50,mey,seasonal60,queue,2588.476545889831,2402.4276887685637,59.16903152535782,2266.0378574723063,2518.249242770312,7.744202166460717,3.144362047594662,1.0,0.024390243902439025,-2.21875159981227,0.1951219512195122,0.8292682926829268,8.638819926692065,6.806189354653902,28.625,28.375,1157.226545889831,983.6776887685637
1,49,f50,trust,seasonal60,queue,2210.265962169642,2157.2882366820113,55.92574003356945,2019.0229712002792,2308.117166960562,2.4557555447070194,0.9472869819126377,0.8780487804878049,0.14634146341463414,3.5434750870357776,0.9024390243902439,0.12195121951219512,4.4295134800280564,0.3792692783853006,24.125,24.259375,1004.0159621696421,944.3194866820113
1,49,f2,thr,seasonal60,queue,2707.035369593385,2237.0808609040696,223.90380486639415,1880.0694732596307,2762.081127693844,21.007488683238435,2.098912561891221,0.926829268292683,0.0975609756097561,-9.93124370089519,0.0975609756097561,0.926829268292683,25.06490537248813,16.972627042161346,7.5,7.18125,2692.035369593385,2222.7183609040694
1,49,f2,mey,seasonal60,queue,527.0188612527184,491.0760280831253,4.462167033282202,482.06939433292746,501.37359675923926,7.319199291786429,8.055017416762823,1.0,0.024390243902439025,-0.17025622397288154,0.4634146341463415,0.5609756097560976,7.688956198532932,6.94715451048047,144.625,148.23125,237.76886125271835,194.61352808312535
1,49,f2,trust,seasonal60,queue,479.2394214757833,450.68578349456527,4.562013548000567,442.0437466512606,461.3171152015058,6.335597666253506,6.258998944387715,1.0,0.024390243902439025,-1.1634552517776984,0.14634146341463414,0.8780487804878049,8.079562557034613,4.632525738447964,130.625,133.325,217.98942147578327,184.0357834945653
1,50,signed,thr,ma10,queue,1918.7942412845264,2360.531941240465,354.39406731422247,1878.5567953243867,3243.0621750760456,-18.713481153904848,-1.246459071122862,0.04878048780487805,0.975609756097561,-12.179414810469874,0.1951219512195122,0.8292682926829268,-24.710501415842,-13.29130110277198,11.125,12.359375,1807.5442412845264,2236.938191240465
1,50,signed,mey,ma10,queue,1043.1970843210652,1060.3596028701638,21.04136147556034,1029.154369251522,1152.209745477689,-1.6185564314826242,-0.8156562762838808,0.17073170731707318,0.8536585365853658,-0.6926019594497291,0.36585365853658536,0.6585365853658537,-3.825305579796519,0.4717212716683892,62.25,63.859375,420.6970843210652,421.7658528701638
1,50,signed,trust,ma10,queue,1016.188456610613,1035.814027676754,10.900402047363912,1009.9829972755826,1061.747889959052,-1.8947002590956932,-1.8004446974400474,0.07317073170731707,0.9512195121951219,-0.9270716442329253,0.21951219512195122,0.8048780487804879,-3.3566290713912736,-0.4718005820665968,58.25,60.35625,433.688456610613,432.251527676754
1,49,base,thr,seasonal60,queue,3018.8959052603823,2308.624261945431,253.93533246518527,1891.145731591557,3207.340699319348,30.766013119710507,2.797057173650028,0.9672131147540983,0.04918032786885246,-4.21889346970402,0.3770491803278688,0.639344262295082,29.72485371865785,31.86380294855489,7.75,7.279166666666667,2941.3959052603823,2235.8325952787645
1,49,base,mey,seasonal60,queue,1095.2634880624475,1067.8528088801954,14.010488071019877,1033.5174109441912,1103.9646997750376,2.566896762766055,1.9564399929043155,0.9672131147540983,0.04918032786885246,0.34493701977309565,0.5901639344262295,0.4262295081967213,-0.06450090268056512,5.206734462247659,62.333333333333336,64.04861111111111,471.9301547291142,427.36669776908434
1,49,base,trust,seasonal60,queue,1036.9842017026824,989.7446138863331,11.624406692778013,959.022256149512,1022.6678371352131,4.7729067835851335,4.063827863636103,1.0,0.01639344262295082,0.4130760107900617,0.639344262295082,0.3770491803278688,4.503078333138335,5.048167953098086,56.416666666666664,57.55555555555556,472.8175350360158,414.1890583307776
1,50,dwell5,thr,ma10,queue,1730.2468767236812,1933.183451915335,217.69660612208668,1618.6421160357795,2537.0972943195957,-10.497533226378012,-0.9321990765342689,0.24390243902439024,0.7804878048780488,6.905985383161368,0.7317073170731707,0.2926829268292683,-12.900222499787157,-7.995919404917081,10.375,10.340625,1626.4968767236812,1829.777201915335
1,50,dwell5,mey,ma10,queue,1055.104342418996,1072.3802156937465,13.520093962225836,1050.944754116485,1105.3974485030744,-1.610983960905535,-1.2777923972287455,0.14634146341463414,0.8780487804878049,1.462557394321188,0.926829268292683,0.0975609756097561,-0.9782195767357496,-2.2104243128770915,64.25,65.196875,412.6043424189961,420.41146569374655
1,50,dwell5,trust,ma10,queue,1049.6508886227746,1056.7442635082919,13.11099680940915,1027.6780584013993,1085.9781176951499,-0.6712480143462467,-0.5410248350016144,0.34146341463414637,0.6829268292682927,1.5156514761445503,0.8780487804878049,0.14634146341463414,-0.6854747082937858,-0.6568949721180743,61.375,62.171875,435.9008886227746,435.02551350829185
1,50,f2,thr,ma10,queue,1589.830003378052,2107.2481134397212,314.8004794238407,1566.056176328071,3073.1194451866804,-24.554209196423145,-1.643638253056878,0.04878048780487805,0.975609756097561,3.488769465446732,0.6097560975609756,0.4146341463414634,-32.040636514799026,-16.187392807676016,10.0,10.334375,1569.830003378052,2086.5793634397214
1,50,f2,mey,ma10,queue,452.2618284844299,449.81428615113634,3.8008710570801294,441.1913923141562,458.0330733934265,0.5441228543975531,0.6439424796414349,0.8048780487804879,0.21951219512195122,-0.649445557646429,0.2682926829268293,0.7560975609756098,-0.4497152727552008,1.601271046153603,136.375,138.79375,179.51182848442988,172.22678615113637
1,50,f2,trust,ma10,queue,435.3980912110452,445.42357284566225,2.039558755662831,442.347591809112,450.4919853505695,-2.2507748232918168,-4.91551498910307,0.024390243902439025,1.0,0.053122599554597,0.5609756097560976,0.4634146341463415,-3.2875746098829013,-1.244279300633623,128.375,134.396875,178.6480912110452,176.62982284566226
1,50,dwell200,thr,ma10,queue,2317.6943552187813,2642.465955818806,566.0275754925595,1764.8184649400746,3993.5867606389756,-12.29047435350551,-0.5737734602725089,0.2926829268292683,0.7317073170731707,5.792393138302953,0.7560975609756098,0.2682926829268293,-7.210498196199005,-16.912165963729144,9.0,10.415625,2227.6943552187813,2538.309705818806
1,50,dwell200,mey,ma10,queue,955.2768220266294,966.5443329375128,12.951472212584763,935.3115975717803,986.7613870114972,-1.1657521054041344,-0.8699791595842611,0.21951219512195122,0.8048780487804879,1.823506019457502,0.9024390243902439,0.12195121951219512,-0.1409906029542797,-2.170855054196764,58.375,60.08125,371.52682202662936,365.73183293751276
1,50,dwell200,trust,ma10,queue,902.7679429493303,932.7129918006347,11.844863559364736,902.391394618862,965.3419100264241,-3.210531976561666,-2.5281041610335255,0.04878048780487805,0.975609756097561,1.1564781488055444,0.9024390243902439,0.12195121951219512,-4.286783926352812,-2.053289836717851,54.5,56.953125,357.7679429493303,363.18174180063465
1,50,f50,thr,ma10,queue,2011.1335441641604,2865.8537314152813,449.1203536637804,2234.024011637792,3796.8278894962245,-29.82427811586265,-1.903098312687427,0.024390243902439025,1.0,-2.5869834993118745,0.5365853658536586,0.4878048780487805,-28.21260824637502,-31.4476976413536,8.75,10.478125,1573.6335441641604,2341.9474814152813
1,50,f50,mey,ma10,queue,2305.083139034026,2324.7595483232167,47.42236085765938,2232.4684012350463,2419.374267524147,-0.8463847068993803,-0.4149183830862102,0.34146341463414637,0.6829268292682927,2.077185444652901,0.8780487804878049,0.14634146341463414,0.9232354354446977,-2.759140991934711,26.5,27.571875,980.0831390340259,946.1657983232167
1,50,f50,trust,ma10,queue,2175.0877901831445,2190.5549843929102,38.848345538834266,2113.2553444655578,2292.3241710920584,-0.7060856413084864,-0.3981429323496957,0.34146341463414637,0.6829268292682927,-0.5232888864983649,0.4146341463414634,0.6097560975609756,-3.104366304990397,1.5936570558659338,24.875,24.878125,931.3377901831445,946.6487343929102
1,50,base,thr,ma10,queue,1825.8028261702013,2604.4051043440927,394.4648631436904,1874.1789392345354,3788.3196190399863,-29.895590239598256,-1.9738190924505041,0.01639344262295082,1.0,-17.2025710329834,0.18032786885245902,0.8360655737704918,-29.60074651853851,-30.18021751773585,8.916666666666666,10.67361111111111,1736.6361595035346,2497.6689932329814
1,50,base,mey,ma10,queue,1012.441517050018,1047.601807281709,15.57813789419775,1025.6959357534547,1138.0539708525532,-3.3562647551099603,-2.257027795651161,0.01639344262295082,1.0,-0.1133652925908168,0.5573770491803278,0.45901639344262296,-2.4720360600624707,-4.252539452159291,61.083333333333336,63.25,401.6081837166846,415.10180728170894
1,50,base,trust,ma10,queue,996.1382973990386,1037.6553799486553,10.116908615269242,1019.2746284369308,1063.7773780907507,-4.001047298735253,-4.10373209133824,0.01639344262295082,1.0,-0.23235833224171862,0.4262295081967213,0.5901639344262295,-5.51746970342816,-2.5259316768332205,56.0,59.37916666666667,436.1382973990386,443.86371328198857
1,51,signed,thr,naive,timer,2157.6767877586085,2241.938588197935,230.32862248057643,1915.7033866857832,2797.0549811243636,-3.7584348154271283,-0.36583295437557883,0.43902439024390244,0.5853658536585366,34.10691597074284,1.0,0.024390243902439025,-8.99207192879814,1.2527069878316346,6.0,6.125,2097.6767877586085,2180.688588197935
1,51,signed,mey,naive,timer,1136.2159922340884,1137.3023461753942,12.630753591347357,1110.650557726492,1160.7201046088908,-0.09552024094200286,-0.08600864021684264,0.5121951219512195,0.5121951219512195,-0.31986048494247143,0.3902439024390244,0.6341463414634146,1.3035424119458718,-1.5030883833877258,69.0,68.003125,446.2159922340884,457.2710961753942
1,51,signed,trust,naive,timer,980.2699201778091,976.7178397864773,13.001572384089929,945.8262715608162,995.427147097157,0.36367518300969964,0.27320390845022324,0.6097560975609756,0.4146341463414634,0.32744498483354706,0.6097560975609756,0.4146341463414634,2.8720453180560073,-2.1732398176874264,58.0,55.928125,400.2699201778091,417.43658978647727
1,51,dwell5,thr,naive,timer,2410.9635830881575,2503.5969878549367,242.66609746153452,2042.4999359099702,2936.5817042654726,-3.700012630473199,-0.3817319589995991,0.3902439024390244,0.6341463414634146,13.594777965397423,0.8780487804878049,0.14634146341463414,-0.9320387880193498,-6.755885152737101,6.0,6.00625,2350.9635830881575,2443.5344878549367
1,51,dwell5,mey,naive,timer,1164.9476178854188,1127.9965795005553,18.070827026014324,1079.9934140190874,1161.6897079498517,3.275811208685082,2.0447895567629364,1.0,0.024390243902439025,2.5102476248516963,0.975609756097561,0.04878048780487805,1.5572152042308278,4.953812202943413,60.5,59.2875,559.9476178854188,535.1215795005553
1,51,dwell5,trust,naive,timer,1032.4474368554652,1006.4675712793742,12.394593699507197,985.0144879455636,1036.1304114429881,2.581291868456987,2.0960643169064883,0.975609756097561,0.04878048780487805,-0.10531652098380033,0.4634146341463415,0.5609756097560976,4.053246814402478,1.0871971562479348,56.5,55.715625,467.4474368554652,449.31132127937417
1,51,dwell200,thr,naive,timer,2152.7013306223625,2401.779047556315,313.8509528662263,1885.0547823335771,3100.8132901070153,-10.370550829285325,-0.7936178452200456,0.24390243902439024,0.7804878048780488,9.195513219335316,0.7560975609756098,0.2682926829268293,-9.271552652352684,-11.471422754948506,5.0,5.00625,2102.7013306223625,2351.716547556315
1,51,dwell200,mey,naive,timer,990.939080931814,982.8624566823543,16.020976365166288,940.42620611494,1018.0145527357599,0.8217451174930784,0.5041280921567566,0.7317073170731707,0.2926829268292683,2.3867090475102968,0.926829268292683,0.0975609756097561,1.3394850130043714,0.2956223504851897,51.5,52.121875,475.93908093181403,461.64370668235426
1,51,dwell200,trust,naive,timer,848.4948266791276,857.4776587128081,8.937812275900557,834.3824438671666,878.1140186594084,-1.0475878808510188,-1.0050369997030784,0.17073170731707318,0.8536585365853658,0.8127387431583226,0.8292682926829268,0.1951219512195122,-1.582500782678048,-0.49240137593535643,42.375,43.075,424.74482667912764,426.7276587128081
1,51,f2,thr,naive,timer,1978.7427944518035,2231.599534479349,173.03833426904902,1848.2975213179832,2628.4115250491823,-11.33073995225309,-1.4612758559868633,0.12195121951219512,0.9024390243902439,-6.264525052805268,0.24390243902439024,0.7804878048780488,-10.611412267792836,-12.08908883705229,6.0,6.0,1966.7427944518035,2219.599534479349
1,51,f2,mey,naive,timer,498.110431358342,492.72669740152924,5.604491864300715,481.28917935667727,503.9921133398822,1.0926410087386615,0.9606105401108478,0.8292682926829268,0.1951219512195122,-0.05178778079521675,0.5365853658536586,0.4878048780487805,1.6435827279028374,0.5448790060374583,134.875,132.246875,228.360431358342,228.23294740152926
1,51,f2,trust,naive,timer,447.646713727075,445.1689792979714,3.6433208069901015,436.97404056515916,451.62357174921493,0.5565829031957592,0.6800758320128654,0.7073170731707317,0.3170731707317073,0.8505002498631976,0.8048780487804879,0.21951219512195122,0.7050963543786993,0.4063403577412748,123.375,121.325,200.896713727075,202.5189792979714
1,51,f50,thr,naive,timer,2494.8754115515694,2686.4748017759925,283.5123365899391,2284.2888131207337,3429.7158667573685,-7.132000274030463,-0.6758061837060192,0.34146341463414637,0.6829268292682927,-12.493391543873601,0.12195121951219512,0.9024390243902439,-15.484418570288218,0.7804181958618689,6.0,6.003125,2194.8754115515694,2386.3185517759925
1,51,f50,mey,naive,timer,2271.22924138664,2352.901613495509,50.77889093265127,2191.1551619862394,2469.1172361025883,-3.4711341791948294,-1.6083922001603463,0.04878048780487805,0.975609756097561,1.8286470618155353,0.8048780487804879,0.21951219512195122,-6.914716452071988,-0.012339387934991246,25.25,25.796875,1008.7292413866398,1063.057863495509
1,51,f50,trust,naive,timer,2170.2522127300663,2153.6193421036223,25.84900938029208,2090.0743167656124,2207.609048553393,0.7723217516331002,0.6434625939331066,0.7560975609756098,0.2682926829268293,-0.3449608243815666,0.36585365853658536,0.6585365853658537,0.27925721925464336,1.2684570095325132,22.75,22.1625,1032.7522127300663,1045.4943421036223
1,52,dwell5,thr,seasonal60,queue,2346.7237236253295,2118.6912999075807,300.26209030784213,1732.5616966139542,3034.91402092973,10.76289045637256,0.7594446021605982,0.8292682926829268,0.1951219512195122,-3.6180019402017023,0.4634146341463415,0.5609756097560976,0.2732139326338839,20.569304891537843,8.625,8.5,2260.4737236253295,2033.6912999075807
1,52,dwell5,mey,seasonal60,queue,1095.4527467491346,1092.2288802795688,11.975298356766912,1067.937849060489,1111.3011997247268,0.29516400159100403,0.26920969929271726,0.5853658536585366,0.43902439024390244,0.13452374222091276,0.5609756097560976,0.4634146341463415,-0.1918166219482161,0.7706655701515271,65.625,66.69375,439.2027467491346,425.2913802795688
1,52,dwell5,trust,seasonal60,queue,1062.568286116612,1066.2997324512955,11.082678115197494,1042.6831402059142,1088.9174624133116,-0.3499434747212632,-0.33669175409567526,0.3902439024390244,0.6341463414634146,-0.5251466333244488,0.3902439024390244,0.6341463414634146,-0.23466738986495184,-0.46636290473187814,61.0,61.41875,452.56828611661194,452.11223245129554
1,52,signed,thr,seasonal60,queue,2448.458596391922,2509.1933129562694,335.56985667374124,1819.4424500802174,3460.488122395901,-2.420487742046115,-0.18098978605041038,0.4878048780487805,0.5365853658536586,-8.044091403350702,0.2682926829268293,0.7560975609756098,7.529186802081685,-11.052164936047452,10.5,10.378125,2343.458596391922,2405.4120629562694
1,52,signed,mey,seasonal60,queue,1063.3993190735907,1075.2942465417616,14.603204149367567,1036.5680510018192,1115.0637336861728,-1.106202093652595,-0.8145422981494104,0.1951219512195122,0.8292682926829268,-0.5300275965615462,0.4146341463414634,0.6097560975609756,-3.830002541438933,1.5310876130008333,64.625,65.634375,417.14931907359073,418.9504965417616
1,52,signed,trust,seasonal60,queue,1037.8202007372875,1032.9354609426678,12.701505200804256,1003.5044938476381,1056.1989218604094,0.47289883824511414,0.38457960040124933,0.6829268292682927,0.34146341463414637,2.587461689065085,1.0,0.024390243902439025,-0.1210415470394623,1.0781750087885749,64.75,63.840625,390.32020073728745,394.52921094266776
1,52,dwell200,thr,seasonal60,queue,2081.080027142628,2017.5711964299414,241.21682247453666,1611.514476200743,2755.09434218849,3.1477863495010348,0.2632852471116127,0.6829268292682927,0.34146341463414637,-12.368231130990164,0.12195121951219512,0.9024390243902439,-1.959964578938485,7.949190497055258,8.25,8.00625,1998.5800271426278,1937.5086964299414
1,52,dwell200,mey,seasonal60,queue,898.1198732203432,905.6534653774609,10.507725808106413,887.3976068105992,927.1381135024865,-0.8318404826042196,-0.7169574363375334,0.2926829268292683,0.7317073170731707,0.682474957158472,0.7560975609756098,0.2682926829268293,0.7464080523961613,-2.395459705535495,56.375,56.378125,334.36987322034315,341.87221537746086
1,52,dwell200,trust,seasonal60,queue,840.1739634325395,845.6531355187569,10.378186311595709,827.3343159645506,865.3080080389259,-0.6479219263884467,-0.5279508308783653,0.34146341463414637,0.6829268292682927,-0.05937181220820056,0.5609756097560976,0.4634146341463415,-0.5466203796901865,-0.7520334479751749,50.25,50.715625,337.6739634325395,338.4968855187569
1,51,base,thr,naive,timer,2334.1601790079335,2186.078473622183,192.3044452993716,1811.0381214031684,2585.776052900793,6.773851312866602,0.7700378696666265,0.7540983606557377,0.26229508196721313,-4.343257943816674,0.36065573770491804,0.6557377049180327,9.032394081786347,4.484774751454138,6.166666666666667,6.0152777777777775,2272.493512341267,2125.9256958444053
1,51,base,mey,naive,timer,1136.4100510878518,1117.3823875673233,15.234798524220965,1083.8789334693076,1157.1315428575233,1.7028784176519889,1.2489606272296556,0.8852459016393442,0.13114754098360656,-1.7955699169134955,0.09836065573770492,0.9180327868852459,0.6478229653189354,2.7535031693021708,59.75,60.545833333333334,538.9100510878518,511.92405423399
1,51,base,trust,naive,timer,999.4421663952639,990.9879552235835,11.065559189103674,969.7358289059058,1016.8560834967553,0.8531093770734076,0.7640112015310829,0.7868852459016393,0.22950819672131148,-1.5575835034669108,0.09836065573770492,0.9180327868852459,-0.6522973045088705,2.3974455590492685,54.083333333333336,53.15555555555556,458.60883306193057,459.432399668028
1,52,f2,thr,seasonal60,queue,2173.996214712464,2306.9146889468016,253.05496329586597,1829.1594680284043,2935.4855681144936,-5.761742073566679,-0.5252553536321378,0.2682926829268293,0.7560975609756098,-6.944021475433075,0.2682926829268293,0.7560975609756098,1.996006371309583,-12.627034636062785,8.5,8.49375,2156.996214712464,2289.9271889468014
1,52,f2,mey,seasonal60,queue,459.4120795732329,458.9137451714125,3.840728129390244,449.59888548776206,468.8036313677794,0.10858999257786595,0.12974998100153454,0.6341463414634146,0.3902439024390244,0.9123145347126004,0.8536585365853658,0.17073170731707318,2.2285526256698525,-1.9952626476437503,142.625,141.909375,174.16207957323292,175.09499517141245
1,52,f2,trust,seasonal60,queue,446.05811416799116,444.26460483474693,3.0956211074190083,438.8782459075502,451.780818280429,0.4037029539887298,0.5793697842884846,0.6585365853658537,0.36585365853658536,2.105287821549491,1.0,0.024390243902439025,0.694691528454718,0.10619177878408222,135.375,134.54375,175.30811416799116,175.17710483474696
1,52,f50,thr,seasonal60,queue,2661.527562871218,2686.2573303209424,233.959443113113,2259.1487866989914,3178.4827371265806,-0.9206030699512273,-0.1057010869946733,0.43902439024390244,0.5853658536585366,2.1995448090794905,0.6097560975609756,0.4146341463414634,-7.8401302759656355,6.152400369343098,8.625,8.51875,2230.277562871218,2260.3198303209424
1,52,f50,mey,seasonal60,queue,2410.6458985182257,2391.296713753692,49.73365989336097,2268.0632997311905,2471.2229242031667,0.8091503096728078,0.38905612026185565,0.6097560975609756,0.4146341463414634,3.2784221994405462,0.975609756097561,0.04878048780487805,1.7659736903774859,-0.14415243268547517,29.125,28.509375,954.3958985182257,965.8279637536921
1,52,f50,trust,seasonal60,queue,2289.962484462688,2334.1203327476514,37.81877376524746,2256.2975108482638,2414.1570062648807,-1.8918411217035422,-1.1676171353165683,0.17073170731707318,0.8536585365853658,-0.07058015137721027,0.4146341463414634,0.6097560975609756,-1.5966803641936849,-2.190647755505452,26.625,26.996875,958.7124844626878,984.2765827476514
1,52,base,thr,seasonal60,queue,2095.1637905851435,2538.2748463251273,283.3927215533664,1945.1123149722646,3150.5417138843536,-17.457173969222158,-1.563593635401608,0.04918032786885246,0.9672131147540983,23.851365657461706,0.9836065573770492,0.03278688524590164,-19.58207158793633,-15.548368876125107,8.5,8.581944444444444,2010.1637905851435,2452.455401880683
1,52,base,mey,seasonal60,queue,1062.2046288166841,1080.1759030156359,10.498837990327308,1056.25949815114,1101.0721512577343,-1.663735892346748,-1.7117393577754851,0.08196721311475409,0.9344262295081968,-0.27948046697939216,0.3442622950819672,0.6721311475409836,-1.953095268020619,-1.3729484924387803,66.41666666666667,66.64722222222223,398.0379621500174,413.7036807934136
1,52,base,trust,seasonal60,queue,1034.4680249847308,1034.0399727218132,9.973718670375096,1008.6053158305771,1057.2956856725432,0.04139610403946889,0.04291802055627053,0.45901639344262296,0.5573770491803278,-2.30474913002477,0.03278688524590164,0.9836065573770492,-0.41244864241212337,0.5021089897867578,61.166666666666664,61.266666666666666,422.8013583180642,421.3733060551466
1,53,signed,thr,ma10,http,1866.3574452130063,2606.8582079240414,309.230626786792,2177.3394798105087,3586.2903822323105,-28.405870348457853,-2.3946553108453736,0.024390243902439025,1.0,-0.9281036457948089,0.5853658536585366,0.43902439024390244,-34.77250255595531,-22.062585050384133,6.875,7.46875,1797.6074452130063,2532.1707079240414
1,53,signed,mey,ma10,http,1092.9063692622285,1152.85446480797,19.74980534748956,1125.3241213483855,1199.4029066239318,-5.199970800800696,-3.0353765260456966,0.024390243902439025,1.0,-1.592486289002648,0.24390243902439024,0.7804878048780488,-5.290567185719597,-5.1079530845345404,68.125,70.784375,411.6563692622285,445.0107148079701
1,53,signed,trust,ma10,http,1000.6600154702696,1022.6144082761988,13.824284523520573,994.9839338828665,1054.9609596613864,-2.1468886638256204,-1.5881033675613416,0.07317073170731707,0.9512195121951219,0.17718898396619392,0.5853658536585366,0.43902439024390244,-3.179102728846894,-1.1356167310729708,58.875,60.271875,411.9100154702696,419.8956582761988
1,53,dwell5,thr,ma10,http,1636.7346514826554,2218.8919581218297,295.4504460205733,1829.7615497028305,3012.3386968477116,-26.236397157973318,-1.9704059157136509,0.024390243902439025,1.0,-14.474406242270343,0.17073170731707318,0.8536585365853658,-29.46216057615012,-22.894817528888968,6.5,6.884375,1571.7346514826554,2150.0482081218297
1,53,dwell5,mey,ma10,http,1115.6017801530315,1166.4918524357433,16.274992334665892,1136.4615389771243,1201.7603582172299,-4.362659899976892,-3.126887634491566,0.024390243902439025,1.0,-0.7426834449789809,0.34146341463414637,0.6829268292682927,-5.696714070675207,-3.0547083739009215,65.125,67.76875,464.35178015303154,488.80435243574334
1,53,dwell5,trust,ma10,http,1042.2778742675935,1044.6479868178885,13.960541549028155,1011.2623887724197,1082.9155757331646,-0.22688145482524524,-0.16977225002135063,0.43902439024390244,0.5853658536585366,-1.5948346006412037,0.0975609756097561,0.926829268292683,0.179155194533293,-0.6257154302934782,60.875,59.66875,433.52787426759346,447.9604868178885
1,53,dwell200,thr,ma10,http,2235.890341685849,2440.0734381947377,288.96026269904183,2045.3207922199103,3053.8042243250957,-8.367907838870273,-0.7066130636846418,0.2926829268292683,0.7317073170731707,-13.7463192299632,0.14634146341463414,0.8780487804878049,-9.084617176676714,-7.717684110494886,5.75,6.175,2178.390341685849,2378.3234381947377
1,53,dwell200,mey,ma10,http,947.151796663064,975.7232334804609,13.895797749962231,945.8127623288333,1004.0839441068166,-2.928231678514088,-2.056120658310135,0.04878048780487805,0.975609756097561,0.2729350594889811,0.6585365853658537,0.36585365853658536,-4.758146102562963,-0.8808255435641876,55.875,57.48125,388.40179666306403,400.91073348046086
1,53,dwell200,trust,ma10,http,858.3929248582007,875.2919340704342,11.711738045110668,847.2336328913811,898.3951371802182,-1.9306711914557264,-1.442912157627057,0.07317073170731707,0.9512195121951219,0.3287823997493358,0.6585365853658537,0.36585365853658536,-1.714890086917292,-2.1750452804039835,48.125,50.325,377.1429248582007,372.0419340704342
1,53,f50,thr,ma10,http,2426.4373186532403,2917.3980940067527,233.54331512808227,2517.43486259691,3527.875564757369,-16.82872064536202,-2.1022257694862923,0.024390243902439025,1.0,2.5753243813607782,0.7073170731707317,0.3170731707317073,-13.509733844697077,-20.210421009723216,6.875,7.0,2082.6873186532403,2567.3980940067527
1,53,f50,mey,ma10,http,2372.6370760170203,2478.482555057205,50.199962916111595,2364.5054264801047,2579.3570286633476,-4.270575914452694,-2.108477235671698,0.04878048780487805,0.975609756097561,1.801835150204188,0.7804878048780488,0.24390243902439024,-3.9823787261635495,-4.557914836465435,27.5,29.503125,997.6370760170203,1003.326305057205
1,53,f50,trust,ma10,http,2307.355168619223,2311.7197059740893,46.28999166910345,2234.5300990715837,2419.0167875487145,-0.18880045636964585,-0.09428684684294843,0.5121951219512195,0.5121951219512195,2.2213279383103144,0.8536585365853658,0.17073170731707318,0.8528204657721059,-1.1780211488619903,24.375,24.415625,1088.6051686192232,1090.9384559740893
1,53,f2,thr,ma10,http,1890.4049301149012,2393.4416832809466,226.00319782478383,1975.8864902730943,3050.714647653791,-21.01729725357165,-2.2257948471863687,0.024390243902439025,1.0,10.787232293721326,0.9024390243902439,0.12195121951219512,-7.189198208173676,-36.57103174456288,6.625,6.896875,1877.1549301149012,2379.6479332809467
1,53,f2,mey,ma10,http,506.3241956286744,514.979894646112,5.290681528245622,503.1932830876334,526.2992663551521,-1.6807838728123061,-1.6360272247019687,0.0975609756097561,0.926829268292683,0.24797415748167517,0.6829268292682927,0.34146341463414637,1.4378072003690234,-4.819124609327001,144.75,148.65625,216.82419562867437,217.66739464611203
1,53,f2,trust,ma10,http,452.5227110255696,457.0150530236826,4.459201462111792,446.97010512159335,466.4158348528696,-0.9829746237877602,-1.0074319441009267,0.21951219512195122,0.8048780487804879,1.318732303362373,0.926829268292683,0.0975609756097561,1.006056065277672,-2.9581520995078363,130.875,129.621875,190.7727110255696,197.7713030236826
1,53,base,thr,ma10,http,1886.2289027552576,2515.0880751365457,277.3369908073456,2055.804811642499,3378.2977982009575,-25.00346523042327,-2.267491150569706,0.01639344262295082,1.0,-10.577253724112367,0.11475409836065574,0.9016393442622951,-29.30190798033986,-20.530179639036305,6.5,6.941666666666666,1821.2289027552576,2445.671408469879
1,53,base,mey,ma10,http,1071.4294923690693,1111.2625880356175,13.305191214611241,1067.4331768657419,1134.0772848616873,-3.584489939228608,-2.9938010678722913,0.03278688524590164,0.9836065573770492,0.06963466190206417,0.4426229508196721,0.5737704918032787,-4.159611819708916,-2.9981151485289605,62.0,64.31388888888888,451.4294923690693,468.12369914672865
1,53,base,trust,ma10,http,981.6759455614744,1004.3309422864282,11.316127034547689,986.5094237818503,1036.836189037054,-2.255730235033707,-2.002009756146169,0.01639344262295082,1.0,-0.02653772764397542,0.5737704918032787,0.4426229508196721,-3.3007320890229774,-1.185803378113123,54.25,56.62916666666667,439.17594556147435,438.0392756197615
1,55,signed,thr,seasonal60,timer,2198.7008622798567,2121.065043878847,210.64433955971273,1739.5820280647906,2717.2797056459226,3.6602280832951237,0.3685635159401075,0.7073170731707317,0.3170731707317073,-2.999331756656276,0.43902439024390244,0.5853658536585366,7.530977900881535,-0.08232571115243145,6.125,6.040625,2137.4508622798567,2060.658793878847
1,55,signed,mey,seasonal60,timer,1080.3986527819104,1074.4437485467413,17.012875212648336,1046.3715233953549,1103.1663504018063,0.5542313632727204,0.35002338880037814,0.6097560975609756,0.4146341463414634,1.107941753132478,0.7073170731707317,0.3170731707317073,2.072569948989695,-1.0180078962010943,63.625,62.959375,444.1486527819104,444.8499985467413
1,55,signed,trust,seasonal60,timer,938.3349072404329,928.365618943288,13.37375563205981,897.3916310519962,956.8844851243522,1.0738536729195578,0.7454367024058917,0.8048780487804879,0.21951219512195122,-0.01848913235428844,0.5121951219512195,0.5121951219512195,-0.661882336158411,2.7512364098307613,51.875,51.453125,419.5849072404329,413.83436894328804
1,55,dwell5,thr,seasonal60,timer,2172.7050848633207,2220.544149695509,196.43464514383234,1886.2048308816554,2803.273439252527,-2.154384763696243,-0.24353679971860295,0.4878048780487805,0.5365853658536586,-5.379733186690125,0.2926829268292683,0.7317073170731707,-1.4496801067619058,-2.8737911630772617,6.0,6.0,2112.7050848633207,2160.544149695509
1,55,dwell5,mey,seasonal60,timer,1097.810487550431,1104.03652761149,19.334434785811627,1066.4902959169494,1151.058795451137,-0.5639342454120418,-0.3220182089640438,0.3902439024390244,0.6341463414634146,-0.966507345763553,0.36585365853658536,0.6585365853658537,-2.250941303198475,1.0731992601080875,58.625,58.915625,511.56048755043093,514.8802776114901
1,55,dwell5,trust,seasonal60,timer,998.651747765982,990.0896428971882,12.32088510110226,960.7169837243819,1015.2582350188854,0.8647807731570083,0.6949261192304909,0.7560975609756098,0.2682926829268293,-1.7812054299402627,0.07317073170731707,0.9512195121951219,0.8917118719491255,0.8373621791169715,52.375,52.803125,474.901747765982,462.05839289718824
1,55,dwell200,thr,seasonal60,timer,2162.6311163490154,2272.8372054086794,168.51412289543356,1951.1679652559756,2563.095749717732,-4.848833378713009,-0.6539872573650645,0.2926829268292683,0.7317073170731707,25.4239678068832,1.0,0.024390243902439025,1.0138945042448728,-10.400639339426448,4.375,4.20625,2118.8811163490154,2230.7747054086794
1,55,dwell200,mey,seasonal60,timer,842.6198439229116,856.3030744215328,15.515179694600953,824.7479204814911,893.874391852303,-1.597942470061164,-0.881925363931343,0.24390243902439024,0.7804878048780488,1.5567631296473778,0.8048780487804879,0.21951219512195122,0.41894288246692396,-3.6558805116253312,47.125,44.85,371.3698439229116,407.80307442153276
1,55,dwell200,trust,seasonal60,timer,768.9610000018426,753.1865099991431,9.164788107286626,738.1414075029254,776.4786178165937,2.0943670383471757,1.7212061880795393,0.926829268292683,0.0975609756097561,2.6381804965370845,0.975609756097561,0.04878048780487805,2.2123781958381628,1.9787449682948497,41.375,39.853125,355.21100000184265,354.65525999914314
1,55,f2,thr,seasonal60,timer,2206.046467258631,2344.7164900721436,264.2272331048065,1853.035426616098,2881.101464741777,-5.914148827828908,-0.52481351442873,0.3170731707317073,0.7073170731707317,-9.568134366793796,0.24390243902439024,0.7804878048780488,-26.909055769339375,12.294683656695337,6.125,6.03125,2193.796467258631,2332.6539900721436
1,55,f2,mey,seasonal60,timer,481.59659002090757,485.7791772768401,6.079305784292714,472.92206613156634,498.265255586922,-0.861005875010755,-0.6880040919703662,0.2682926829268293,0.7560975609756098,-1.6937979761839659,0.0975609756097561,0.926829268292683,-2.7688604904921887,1.0948025980442222,133.25,134.3,215.09659002090757,217.17917727684005
1,55,f2,trust,seasonal60,timer,425.3200654157406,427.8874072060204,3.5242173797779595,420.75390832816515,436.32158975498896,-0.6000040541140892,-0.7284856504627808,0.1951219512195122,0.8292682926829268,-1.479808465485833,0.0975609756097561,0.926829268292683,-1.40336280862975,0.22428802156675196,118.75,118.65625,187.8200654157406,190.57490720602038
1,55,f50,thr,seasonal60,timer,2179.516163642631,2243.297105641547,235.14403320785652,1941.8227862293822,2817.746455256673,-2.843178544585866,-0.27124201762133077,0.4634146341463415,0.5609756097560976,9.651849464924998,0.7804878048780488,0.24390243902439024,-9.016738980265455,2.808460139047121,6.0,6.003125,1879.516163642631,1943.1408556415472
1,55,f50,mey,seasonal60,timer,2411.0931147703823,2424.7110157264965,50.828842354292625,2325.1019304362417,2549.5560403451,-0.561629854765765,-0.2679168032431917,0.4878048780487805,0.5365853658536586,2.7001415603021623,0.9024390243902439,0.12195121951219512,0.4087619611007837,-1.5231972644626428,26.625,26.303125,1079.8431147703823,1109.5547657264965
1,55,f50,trust,seasonal60,timer,2077.9589733664457,2084.7351362600225,36.01897070885723,2005.6017370064374,2160.357006978248,-0.32503711266329754,-0.18812761054025756,0.4634146341463415,0.5609756097560976,0.9731464944686138,0.6829268292682927,0.34146341463414637,-0.40618851981305876,-0.25167522742292786,22.25,22.20625,965.4589733664457,974.4226362600225
1,55,base,thr,seasonal60,timer,1963.3623069433631,2351.210391205908,196.09077591194458,1958.2739890302737,2887.4690396946803,-16.495677533290504,-1.977900706745684,0.03278688524590164,0.9836065573770492,1.1837347356334174,0.5737704918032787,0.4426229508196721,-13.35630584404074,-19.754862436662457,6.083333333333333,6.013888888888889,1902.5289736100299,2291.071502317019
1,55,base,mey,seasonal60,timer,1086.5056722535307,1082.9282491913762,11.885336156778273,1055.5721206842832,1106.8923878655594,0.330347191960858,0.30099468916698413,0.6065573770491803,0.4098360655737705,0.4666655252300787,0.6229508196721312,0.39344262295081966,0.10594743704889478,0.5518984205270101,60.5,59.06388888888889,481.50567225353075,492.28936030248724
1,55,base,trust,seasonal60,timer,961.7102248238826,953.5152229126389,9.302344339612924,925.9362609417708,971.5359576795619,0.8594516075171811,0.8809609289935946,0.8032786885245902,0.21311475409836064,0.6744091152777105,0.7704918032786885,0.2459016393442623,-0.2085528231651842,1.9399152061333755,52.75,51.048611111111114,434.21022482388264,443.0291118015278
1,57,signed,thr,naive,http,2052.7961761246456,2320.7594536671468,257.982018274475,1874.4585738848746,2866.6493149486005,-11.546361563628627,-1.0386897479707549,0.1951219512195122,0.8292682926829268,11.707987758315197,0.8292682926829268,0.1951219512195122,-14.570605689589458,-8.58486825285364,6.375,6.409375,1989.0461761246456,2256.6657036671468
1,57,signed,mey,naive,http,1136.181229952842,1146.4828767062152,18.3645364374431,1109.0583660375569,1193.7124102557925,-0.898543446455068,-0.5609532692787935,0.2926829268292683,0.7317073170731707,0.7680292193536186,0.6829268292682927,0.34146341463414637,-1.9956349121827135,0.1625969352395514,67.5,67.7625,461.18122995284193,468.85787670621517
1,57,signed,trust,naive,http,994.2006743194642,1001.3476302281772,11.26043874186638,975.5760121511958,1029.6523949813306,-0.7137337417061107,-0.6346960427164009,0.2682926829268293,0.7560975609756098,-0.7335594792470853,0.2682926829268293,0.7560975609756098,-1.2843068471081702,-0.1630777525166871,56.5,57.58125,429.20067431946416,425.5351302281772
1,57,dwell5,thr,naive,http,2162.683089820844,2345.02461614627,221.96298325926625,1945.7793488639013,2835.2545763267517,-7.775676428722509,-0.82149520450642,0.1951219512195122,0.8292682926829268,-1.6784944827465234,0.4878048780487805,0.5365853658536586,-17.061128381353495,1.7035846990896053,6.0,6.1125,2102.683089820844,2283.89961614627
1,57,dwell5,mey,naive,http,1135.6486622118107,1150.3763046024214,17.718853892442997,1112.6256799968737,1185.6091487552521,-1.2802456319456907,-0.8311848204184369,0.1951219512195122,0.8292682926829268,-1.5010476356799685,0.1951219512195122,0.8292682926829268,-3.350390753908751,0.7766546886469483,62.625,61.340625,509.3986622118107,536.9700546024214
1,57,dwell5,trust,naive,http,1023.409117371496,1007.1542876274061,11.551470002842686,979.2918449096469,1032.43356122257,1.6139364091257589,1.4071654724541331,0.8780487804878049,0.14634146341463414,1.094142771697636,0.8536585365853658,0.17073170731707318,2.79192300939166,0.3878976950170805,54.625,53.971875,477.159117371496,467.4355376274061
1,57,dwell200,thr,naive,http,2042.0020067206792,2291.562531625578,398.701031126602,1753.5302264696847,3324.9318760569013,-10.89040868231802,-0.6259339841678364,0.21951219512195122,0.8048780487804879,-12.096380688791523,0.21951219512195122,0.8048780487804879,-11.049654124150203,-10.734308178454857,4.125,4.14375,2000.7520067206792,2250.125031625578
1,57,dwell200,mey,naive,http,839.9339626345518,855.464344520233,14.99656675012737,830.6339322749012,885.7145777538014,-1.8154329850405462,-1.0355958229939066,0.1951219512195122,0.8292682926829268,-3.4279298548329025,0.024390243902439025,1.0,-2.045789887601832,-1.5878927630213484,44.125,45.215625,398.6839626345518,403.308094520233
1,57,dwell200,trust,naive,http,761.027788472249,767.3343286630131,10.146862932276179,743.0842258703578,793.0522939103467,-0.8218764566095391,-0.6215261044577314,0.2926829268292683,0.7317073170731707,-2.5925159406650358,0.04878048780487805,0.975609756097561,-3.075684857207357,1.4398050776175517,39.75,41.178125,363.527788472249,355.55307866301314
1,57,f2,thr,naive,http,2518.555411952587,2629.3294335271307,218.6908365501908,2215.313321583869,3054.7811875194852,-4.213014168633308,-0.506532524736676,0.34146341463414637,0.6829268292682927,14.059366633351976,0.9512195121951219,0.07317073170731707,-15.27004644788006,5.532317004323626,6.125,6.1375,2506.305411952587,2617.0544335271306
1,57,f2,mey,naive,http,506.27612748492356,513.2343307476067,5.8900028057323555,499.7494794859791,523.3367882381206,-1.3557556160647726,-1.1813582254852515,0.12195121951219512,0.9024390243902439,1.1037398818202815,0.7804878048780488,0.24390243902439024,-1.786399899576811,-0.9174701399700308,133.625,136.803125,239.02612748492356,239.6280807476067
1,57,f2,trust,naive,http,445.3538564635502,448.5614552531708,3.5278803950365645,442.22990853616307,457.6734603758183,-0.7150856927308215,-0.909214154236469,0.17073170731707318,0.8536585365853658,-0.6449316877478651,0.1951219512195122,0.8292682926829268,-0.0029354925388160626,-1.4429793363935182,123.0,123.2625,199.3538564635502,202.03645525317077
1,57,f50,thr,naive,http,2240.29577489432,2559.8957202977335,211.57389020022035,2220.5243572413688,3197.921799744623,-12.484881429710812,-1.5105831116541086,0.04878048780487805,0.975609756097561,-11.034767088522422,0.0975609756097561,0.926829268292683,-14.89361482107896,-9.716198241714913,6.0,6.084375,1940.29577489432,2255.6769702977335
1,57,f50,mey,naive,http,2455.0781621795304,2530.465545102857,41.14668772943845,2453.68484314147,2614.6616548785014,-2.9791902549007965,-1.8321616412732693,0.04878048780487805,0.975609756097561,2.952281300062287,0.9512195121951219,0.07317073170731707,-3.5155217932719585,-2.379831218872115,26.125,26.715625,1148.8281621795304,1194.684295102857
1,57,f50,trust,naive,http,2250.6029989742024,2232.3541239249043,35.93474620162845,2169.0779444406753,2332.8550863487535,0.8174722304906096,0.5078336979731066,0.6585365853658537,0.36585365853658536,0.08692438998438003,0.6097560975609756,0.4146341463414634,0.8071766327731903,0.8274129363938123,23.75,23.515625,1063.1029989742024,1056.5728739249043
1,57,base,thr,naive,http,2046.4895759649944,2284.387329797876,288.1500974420317,1862.6289301615382,3384.7061047859697,-10.414072549331252,-0.8256035862723962,0.14754098360655737,0.8688524590163934,-4.197759170481366,0.4426229508196721,0.5737704918032787,-4.76604436118352,-15.559404469653582,6.0,6.051388888888889,1986.4895759649944,2223.8734409089875
1,57,base,mey,naive,http,1134.8444710208285,1130.2606716623995,12.50205116021189,1104.2014190697146,1160.371900456743,0.4055524069228211,0.3666437850628038,0.639344262295082,0.3770491803278688,-0.21698167189982853,0.4098360655737705,0.6065573770491803,-0.9738921680955721,1.742577319619803,60.833333333333336,59.94444444444444,526.5111376874951,530.8162272179551
1,57,base,trust,naive,http,961.8010856812233,979.4105659685339,9.22238518673478,959.1634213798256,1000.912898119204,-1.7979671548567242,-1.9094279766843367,0.03278688524590164,0.9836065573770492,-0.6105162107735167,0.2786885245901639,0.7377049180327869,-2.707755901668653,-0.8830307293967483,52.5,53.42638888888889,436.8010856812233,445.146677079645
1,58,signed,thr,seasonal60,timer,1987.3280662900283,2156.489322638465,218.26566043991423,1773.5603599888796,2731.9517831356625,-7.844289075425053,-0.7750246007892057,0.21951219512195122,0.8048780487804879,-4.2617755725561945,0.36585365853658536,0.6585365853658537,-4.230627466798209,-11.371892529090909,6.0,6.08125,1927.3280662900283,2095.676822638465
1,58,signed,mey,seasonal60,timer,1086.920806372864,1084.6872564094488,17.398950755405508,1056.9074988565203,1148.7308480101096,0.20591649346087168,0.12837268148031006,0.5365853658536586,0.4878048780487805,-0.9988221064128433,0.3170731707317073,0.7073170731707317,0.7293676033960952,-0.3143453853186791,60.125,61.403125,485.67080637286404,470.65600640944876
1,58,signed,trust,seasonal60,timer,957.5802308706702,964.0648526820776,14.600549854825204,922.7518704627828,998.0702220061046,-0.6726333600241522,-0.44413545214972205,0.3902439024390244,0.6341463414634146,-0.3930697611324455,0.5121951219512195,0.5121951219512195,0.6324386472831883,-1.9420761827419588,55.0,55.3875,407.5802308706702,410.18985268207757
1,58,dwell5,thr,seasonal60,timer,2400.5466241989575,2298.339580620699,159.20817268877965,1914.7185572604099,2809.621787934231,4.4469948844833445,0.6419710863590709,0.7560975609756098,0.2682926829268293,-16.897640031023773,0.024390243902439025,1.0,9.103565540436357,-0.1325719490320419,6.125,6.0125,2339.2966241989575,2238.214580620699
1,58,dwell5,mey,seasonal60,timer,1145.7866966415017,1125.5642949890012,13.204536938229426,1099.05227358499,1155.9491879085122,1.79664562411321,1.5314737462661967,0.9512195121951219,0.07317073170731707,-0.7348512426037833,0.24390243902439024,0.7804878048780488,0.061322681361813056,3.5356111718317074,64.0,62.296875,505.78669664150175,502.59554498900116
1,58,dwell5,trust,seasonal60,timer,1010.1991948606205,990.0654216710491,10.216511666205284,971.4671702480538,1026.2342817699682,2.0335800795455854,1.970709166434079,0.975609756097561,0.04878048780487805,-1.1396067714805742,0.12195121951219512,0.9024390243902439,3.8522109243733005,0.1720026515794764,55.5,54.06875,455.19919486062054,449.3779216710491
1,58,dwell200,thr,seasonal60,timer,2258.569766844057,2173.4759903197737,210.28909532792161,1638.4282609759318,2651.840928783492,3.915100829421351,0.4046513985501219,0.6829268292682927,0.34146341463414637,-7.981234479702947,0.1951219512195122,0.8292682926829268,-0.436201154253287,8.631605861146268,4.625,4.65,2212.319766844057,2126.9759903197737
1,58,dwell200,mey,seasonal60,timer,932.2222965015756,922.7986850183592,11.814955735091285,898.229442254186,946.7917084441484,1.0211990584955073,0.7976002360489246,0.7560975609756098,0.2682926829268293,-0.48467169216445427,0.3902439024390244,0.6341463414634146,0.7464161194307073,1.2971347553074013,47.75,48.3375,454.72229650157556,439.42368501835915
1,58,dwell200,trust,seasonal60,timer,802.8416071588866,811.6873584002349,11.091371197340921,784.684092671931,836.0668033311462,-1.0897978328481603,-0.7975345053341057,0.24390243902439024,0.7804878048780488,-0.2462366836306729,0.3902439024390244,0.6341463414634146,-1.7035431189281143,-0.4723032027014035,44.25,43.803125,360.34160715888663,373.65610840023487
1,58,f2,thr,seasonal60,timer,2152.6465569456136,2278.0384244678776,177.24841512369997,1944.5646988206881,2731.225056513482,-5.504378950568141,-0.7074357614693152,0.2926829268292683,0.7317073170731707,-11.197674997899883,0.07317073170731707,0.9512195121951219,-1.24283768171264,-10.516635545431672,6.0,6.00625,2140.6465569456136,2266.0259244678778
1,58,f2,mey,seasonal60,timer,479.5912788298883,479.8182373022231,6.66523993016571,467.20933467758596,494.3216712362518,-0.04730092661980913,-0.03405105813334818,0.4878048780487805,0.5365853658536586,-0.5483738972357083,0.3170731707317073,0.7073170731707317,-1.5472719982756082,1.5270370801641366,126.25,127.165625,227.09127882988832,225.4869873022231
1,58,f2,trust,seasonal60,timer,430.2075395706427,432.32515199122736,4.212263527334519,424.53771732080793,441.825483145147,-0.4898193896032228,-0.5027255314969907,0.3170731707317073,0.7073170731707317,-0.10326948478360429,0.4634146341463415,0.5609756097560976,-1.5752982937964104,0.6346354330318463,118.25,117.1,193.70753957064272,198.12515199122737
1,58,f50,thr,seasonal60,timer,2657.099192942082,2414.2738672846062,270.20635058093814,1991.2464207860842,3038.1535439865156,10.057903080009206,0.8986662420605819,0.8536585365853658,0.17073170731707318,-8.915369535944203,0.1951219512195122,0.8292682926829268,9.736201065788393,10.396111953884995,6.125,6.0125,2350.849192942082,2113.6488672846062
1,58,f50,mey,seasonal60,timer,2438.1533926765533,2381.4981974903835,51.22404429493013,2269.910827996708,2503.6428975924064,2.378972835078055,1.1060273737850326,0.8780487804878049,0.14634146341463414,3.213179147675985,0.975609756097561,0.04878048780487805,4.6268048349299,0.23898647574557746,24.75,24.934375,1200.6533926765533,1134.7794474903835
1,58,f50,trust,seasonal60,timer,2148.7991278369127,2078.6073844763296,40.81411354582847,1996.2603181894153,2171.840672082074,3.3768639467364716,1.7197909561791105,0.9512195121951219,0.07317073170731707,-2.6729942944957705,0.14634146341463414,0.8780487804878049,5.189304099064243,1.4884904860231267,22.125,22.121875,1042.5491278369127,972.5136344763296
1,58,base,thr,seasonal60,timer,1966.6331245103713,2144.0372214318018,110.9512877881958,1893.0496945565558,2500.2778450124,-8.274301171085026,-1.5989367988237502,0.04918032786885246,0.9672131147540983,-6.659717702835461,0.06557377049180328,0.9508196721311475,-9.201442960843922,-7.311440042218504,6.0,5.919444444444444,1906.6331245103713,2084.8427769873574
1,58,base,mey,seasonal60,timer,1043.88715787154,1059.3885035706837,14.847233446526245,1034.1117552051253,1115.6005390684174,-1.463235219836369,-1.0440561707993155,0.14754098360655737,0.8688524590163934,-0.09034465999750449,0.47540983606557374,0.5409836065573771,-1.9881267063711896,-0.9429048986603266,56.333333333333336,56.109722222222224,480.55382453820664,498.29128134846144
1,58,base,trust,seasonal60,timer,955.9959703588182,952.932094545555,8.18473712881326,935.202810736978,967.3055359038386,0.3215208964836488,0.3743401608436903,0.6065573770491803,0.4098360655737705,1.4476522499476643,0.9836065573770492,0.03278688524590164,-1.5861019362273474,2.207267787938177,52.0,51.57361111111111,435.9959703588182,437.19598343444386
1,59,signed,thr,ma10,event,2288.0834243192785,2312.6449824474494,123.25843899332041,2085.304150345264,2547.267949428041,-1.0620548469215374,-0.19926877485039304,0.43902439024390244,0.5853658536585366,-2.38761861069548,0.4146341463414634,0.6097560975609756,-7.147538389475477,4.7370583870226195,6.0,6.021875,2228.0834243192785,2252.4262324474494
1,59,signed,mey,ma10,event,1081.6045244951995,1082.779954379936,11.713132937017882,1054.9602959331771,1107.832579771382,-0.1085566721088478,-0.10035145089336098,0.43902439024390244,0.5853658536585366,1.784802827171534,0.9512195121951219,0.07317073170731707,-0.23155842054531267,0.012427083721617075,61.625,61.328125,465.3545244951995,469.49870437993604
1,59,signed,trust,ma10,event,968.2614869764251,974.8767231248848,10.016123104313666,950.4546625238876,993.9259748274686,-0.6785715559250587,-0.6604587503133582,0.21951219512195122,0.8048780487804879,-1.299434284330353,0.14634146341463414,0.8780487804878049,-2.4388813091089294,1.0929701319739658,54.375,54.728125,424.5114869764251,427.59547312488485
1,59,dwell5,thr,ma10,event,2245.9289899174664,2293.5939948868095,180.79463871349753,2041.8078658038726,2844.6786600921587,-2.0781797072892734,-0.26364169484514993,0.5121951219512195,0.5121951219512195,2.072066216390442,0.6585365853658537,0.36585365853658536,-7.624058383044806,3.089465344673809,6.0,6.0,2185.9289899174664,2233.5939948868095
1,59,dwell5,mey,ma10,event,1113.1252272390675,1123.656484594451,12.640431234848176,1102.5602943177898,1149.1490581810538,-0.9372310398924534,-0.8331406705769757,0.24390243902439024,0.7804878048780488,-1.0900790185949434,0.24390243902439024,0.7804878048780488,-0.07499043359550368,-1.824446977608898,58.25,57.18125,530.6252272390675,551.8439845944511
1,59,dwell5,trust,ma10,event,973.5702667942887,984.8420659083034,11.405219202826643,955.2519896538518,1007.3581466369159,-1.1445286004938169,-0.9883018391458115,0.17073170731707318,0.8536585365853658,-0.30322745630386216,0.36585365853658536,0.6585365853658537,-1.7779073157054686,-0.4990299305102514,50.25,50.8625,471.0702667942887,476.2170659083034
1,59,dwell200,thr,ma10,event,2170.404437629524,2111.203148948721,298.2344997370696,1775.0917599567229,2872.0204058602585,2.8041493169562015,0.19850583595458135,0.7560975609756098,0.2682926829268293,-6.329609608293734,0.36585365853658536,0.6585365853658537,-0.2211383380298634,6.06692506221034,4.25,4.25,2127.904437629524,2068.703148948721
1,59,dwell200,mey,ma10,event,885.5242966093031,860.4961813226164,13.050465864621179,827.6083413820951,883.7367548261143,2.9085678507274113,1.917794778080374,1.0,0.024390243902439025,0.7098608134958128,0.7073170731707317,0.3170731707317073,1.2946684595543034,4.580606552435574,41.125,42.53125,474.27429660930306,435.1836813226164
1,59,dwell200,trust,ma10,event,792.06550210928,779.8960637600288,10.35999278313014,763.2468264337009,804.062249476301,1.5603923285084949,1.1746570295944132,0.8780487804878049,0.14634146341463414,0.3865765932570041,0.5609756097560976,0.4634146341463415,0.9587996764617065,2.1735079288071923,41.5,40.99375,377.06550210928003,369.9585637600288
1,59,f2,thr,ma10,event,2356.166526897258,2142.497957624496,154.4868647301992,1914.0257442124378,2531.41040827167,9.9728715498832,1.383085672985335,0.9024390243902439,0.12195121951219512,-0.8433786641772887,0.4634146341463415,0.5609756097560976,3.7673379765735766,16.965640931241996,6.0,6.0,2344.166526897258,2130.497957624496
1,59,f2,mey,ma10,event,517.6544667184003,520.5285986410499,6.270154039962092,508.99543148600935,534.6596395849135,-0.5521563906677167,-0.45838298458566157,0.34146341463414637,0.6829268292682927,0.6215955996075732,0.6585365853658537,0.36585365853658536,0.0215289403600993,-1.117989539497083,125.25,124.96875,267.1544667184003,270.59109864104994
1,59,f2,trust,ma10,event,454.4333593508786,453.28697917933926,3.505663914415217,446.49595492630766,461.79730992131493,0.2529038388913896,0.32700800747769104,0.6097560975609756,0.4146341463414634,0.41882705143865506,0.6585365853658537,0.36585365853658536,-0.33369380268527116,0.8187055525823583,118.75,118.790625,216.93335935087862,215.70572917933924
1,59,f50,thr,ma10,event,2445.885380709319,2366.6416595779306,145.46662811478717,2142.777717427887,2698.1395939145423,3.3483616250345656,0.5447553308849483,0.7073170731707317,0.3170731707317073,8.31122813402965,0.8780487804878049,0.14634146341463414,3.7405785821852584,2.9338822929055004,6.0,6.0,2145.885380709319,2066.6416595779306
1,59,f50,mey,ma10,event,2377.5875019262803,2381.534995657205,40.75445130377749,2310.5114483927464,2510.6827600945244,-0.16575417695406527,-0.09686043130603367,0.5609756097560976,0.4634146341463415,3.8440111374562944,0.975609756097561,0.04878048780487805,0.9641324002261252,-1.3185727726123673,23.125,23.25,1221.3375019262803,1219.034995657205
1,59,f50,trust,ma10,event,2204.330679465921,2177.2039153975666,23.30359931464445,2112.141118457847,2236.6003179003546,1.2459450342023233,1.1640589808505473,0.9024390243902439,0.12195121951219512,-1.4165366794509924,0.0975609756097561,0.926829268292683,0.1417990251833838,2.441981851825625,24.0,23.440625,1004.3306794659211,1005.1726653975666
1,61,signed,thr,seasonal60,timer,2551.4807824360364,2431.434811166605,429.33135181172645,1722.7936526889353,3381.7182743114695,4.937248192635412,0.27961147203168824,0.7073170731707317,0.3170731707317073,29.662476771307823,0.9024390243902439,0.12195121951219512,0.9338195578822767,8.783766578891486,6.375,6.75625,2487.7307824360364,2363.872311166605
1,61,signed,mey,seasonal60,timer,1152.9317663643064,1159.320291645572,15.112372467046452,1125.812283402393,1198.1929946064918,-0.5510578333962891,-0.42273476882575783,0.2926829268292683,0.7317073170731707,1.59705115805279,0.9024390243902439,0.12195121951219512,-1.2631744658620039,0.16084176648019466,72.375,71.996875,429.18176636430644,439.35154164557207
1,61,signed,trust,seasonal60,timer,962.8924040726711,963.505063739555,12.696404992223268,942.6782635936037,988.8868210816709,-0.06358655392075203,-0.04825457814705748,0.5609756097560976,0.4634146341463415,0.4131652644327513,0.6341463414634146,0.3902439024390244,1.3679240655439486,-1.4612227973884753,56.25,56.259375,400.39240407267107,400.911313739555
1,59,base,thr,ma10,event,2007.0921768452483,2056.048907649232,123.49614163410814,1836.721566619677,2373.3292368824896,-2.3811073083839323,-0.39642316072539235,0.4262295081967213,0.5901639344262295,1.1816241751936782,0.6557377049180327,0.36065573770491804,-1.78176155060177,-2.9455891613948664,6.0,6.0,1947.0921768452483,1996.0489076492322
1,59,base,mey,ma10,event,1046.6561840388802,1056.0919332768112,11.615023142293209,1027.926799046102,1081.546856008795,-0.8934590768678736,-0.8123745533982752,0.2459016393442623,0.7704918032786885,-1.688846456687438,0.06557377049180328,0.9508196721311475,-3.344980132022776,1.517201974612738,50.333333333333336,49.94305555555555,543.3228507055468,556.6613777212557
1,59,base,trust,ma10,event,932.879941071218,929.5866411207458,8.135095155299531,914.1450501191252,947.3206981035581,0.35427573986021677,0.4048262359078702,0.6721311475409836,0.3442622950819672,-0.10634011644338112,0.4918032786885246,0.5245901639344263,-0.37649059112819083,1.0693265370056584,51.083333333333336,50.15416666666667,422.04660773788464,428.04497445407907
1,61,dwell5,thr,seasonal60,timer,2265.7538367916763,2633.7756814653617,475.48920068250465,2108.4761161235665,3696.63958750224,-13.973165872232821,-0.7739857059748918,0.2926829268292683,0.7317073170731707,-10.795246761624604,0.3902439024390244,0.6341463414634146,-14.442892757357887,-13.534635196236804,6.0,6.08125,2205.7538367916763,2572.9631814653617
1,61,dwell5,mey,seasonal60,timer,1128.0010638305125,1118.9662478160658,14.008293487501385,1097.1771574995832,1152.7556273493285,0.8074252491601395,0.6449619307667892,0.7317073170731707,0.2926829268292683,-1.0734245944194254,0.21951219512195122,0.8048780487804879,-1.3607771975654486,2.8971597984560846,60.5,61.35,523.0010638305125,505.4662478160658
1,61,dwell5,trust,seasonal60,timer,999.3460511116555,1019.7399900698917,13.457921703908278,998.5464770633369,1054.9388817003069,-1.9999155820924999,-1.515385466413713,0.04878048780487805,0.975609756097561,-0.943340008734874,0.2682926829268293,0.7560975609756098,-0.35468413550709077,-3.6096500816343053,56.5,57.58125,434.34605111165547,443.92749006989175
1,61,dwell200,thr,seasonal60,timer,1897.352134166793,2323.0300893568856,594.863870586569,1454.568493870072,3530.1860842452957,-18.324254909153527,-0.7155888535814933,0.2926829268292683,0.7317073170731707,-18.065535924240766,0.2926829268292683,0.7317073170731707,-17.147853097582363,-19.525429468479217,4.5,4.578125,1852.352134166793,2277.2488393568856
1,61,dwell200,mey,seasonal60,timer,892.3148185785602,882.1570914477303,12.693840321126299,855.6961476334097,912.6166094173543,1.1514646574069731,0.8002091466303124,0.7560975609756098,0.2682926829268293,1.3489540078544817,0.8536585365853658,0.17073170731707318,0.8950574549162518,1.4458061632511887,51.625,50.625,376.0648185785602,375.9070914477303
1,61,dwell200,trust,seasonal60,timer,797.708178255666,780.4386120283486,10.148798886378534,758.4132201266389,812.2528163431452,2.212802642149392,1.7016364616798274,0.975609756097561,0.04878048780487805,-0.448984742685437,0.34146341463414637,0.6829268292682927,2.9937868039351465,1.3257388638064551,45.5,44.228125,342.708178255666,338.15736202834864
1,61,f2,thr,seasonal60,timer,1882.0836100766628,2442.2637047978774,522.8721475715129,1848.279493854429,3361.675869764025,-22.936920923843285,-1.0713519496553392,0.12195121951219512,0.9024390243902439,-15.223148641185936,0.36585365853658536,0.6585365853658537,-37.20243485857049,-8.567509078945987,6.125,6.0625,1869.8336100766628,2430.1387047978774
1,61,f2,mey,seasonal60,timer,487.0011175912566,482.356794576374,5.721497429450796,469.4326232270109,495.41193227660744,0.9628397624131024,0.8117320810067064,0.7804878048780488,0.24390243902439024,-1.5625957505623846,0.07317073170731707,0.9512195121951219,-0.5301124704148467,2.44364162228202,138.625,138.546875,209.75111759125662,205.263044576374
1,61,f2,trust,seasonal60,timer,438.90015864478084,436.16137426141165,3.548970519874869,427.77874878468765,442.38271580984434,0.6279291438878568,0.7717123509568511,0.8048780487804879,0.21951219512195122,-1.4211316816550592,0.0975609756097561,0.926829268292683,-0.8925843263054917,2.1560927190443566,124.375,124.825,190.15015864478084,186.51137426141165
1,61,f50,thr,seasonal60,timer,2971.973189978456,2752.293599434712,525.9707704912081,2039.3493763675624,3829.5269606642332,7.981691727541836,0.41766501651523985,0.7073170731707317,0.3170731707317073,-18.858067512152477,0.14634146341463414,0.8780487804878049,-5.535303340623572,22.70592538870224,6.25,6.053125,2659.473189978456,2449.637349434712
1,61,f50,mey,seasonal60,timer,2391.679173946388,2433.0475375106807,65.46668627690207,2251.431577984784,2555.8619567179867,-1.7002694327385803,-0.6318994578298737,0.2682926829268293,0.7560975609756098,-4.163988518041168,0.0975609756097561,0.926829268292683,-4.893272870883669,1.5818658294321746,26.75,27.7625,1054.179173946388,1044.9225375106807
1,61,f50,trust,seasonal60,timer,2203.9950476717136,2166.250862201431,35.23641092362711,2090.1816699765914,2242.595403805801,1.7423737079058927,1.0711699767632632,0.8536585365853658,0.17073170731707318,-1.5109110608672143,0.1951219512195122,0.8292682926829268,3.3645012746747813,0.08769762090245492,24.5,23.90625,978.9950476717136,970.9383622014311
1,61,base,thr,seasonal60,timer,2031.4620015752737,2422.6199007680266,368.5807671887585,1811.3489465418654,3196.071574651127,-16.14606975979793,-1.0612542324880239,0.13114754098360656,0.8852459016393442,34.234439065986116,1.0,0.01639344262295082,-16.157218527249288,-16.13582916911733,6.166666666666667,6.131944444444445,1969.795334908607,2361.3004563235822
1,61,base,mey,seasonal60,timer,1108.3370291384244,1105.7691567982786,14.403951235775745,1071.796712266568,1133.9938839701065,0.23222499238277414,0.17827555079247476,0.5737704918032787,0.4426229508196721,2.7111917054585786,1.0,0.01639344262295082,2.6866214692664547,-2.1864476635931864,62.166666666666664,63.00138888888889,486.6703624717578,475.75526790938966
1,61,base,trust,seasonal60,timer,970.1811078497893,983.6527627596498,11.49190926861245,961.851307316747,1014.4639603508434,-1.3695539137271977,-1.17227299615524,0.09836065573770492,0.9180327868852459,0.1677246963483722,0.6229508196721312,0.39344262295081966,-3.219788694990179,0.5119540610532148,54.25,54.51111111111111,427.6811078497893,438.54165164853873
1,62,signed,thr,ma10,http,1923.691511357929,2515.7254906520348,449.6525084369883,1787.9764795686247,4334.068969048229,-23.533329907972604,-1.3166477850908511,0.07317073170731707,0.9512195121951219,-4.960490681438882,0.43902439024390244,0.5853658536585366,-23.496151077275126,-23.566984467317013,8.0,8.16875,1843.691511357929,2434.0379906520348
1,62,signed,mey,ma10,http,1156.121418919427,1153.1106964302555,16.21856993088767,1116.3863650015119,1185.1485850640215,0.26109570386363895,0.18563427614155267,0.5609756097560976,0.4634146341463415,0.2189920470525967,0.5609756097560976,0.4634146341463415,1.9674527692030777,-1.4554747537035033,69.0,70.31875,466.121418919427,449.92319643025553
1,62,signed,trust,ma10,http,1086.1894620012176,1089.8077813098928,11.024052988225248,1062.8262274074962,1116.5881699466204,-0.3320144497707771,-0.32822042061480183,0.34146341463414637,0.6829268292682927,-0.5534694734563496,0.3170731707317073,0.7073170731707317,0.08583804612672503,-0.7530283555085351,63.5,65.428125,451.18946200121763,435.5265313098928
1,62,dwell5,thr,ma10,http,1655.844875052288,2118.2976474463476,321.3294229050387,1647.8127154541405,2868.7695350196273,-21.831340508334893,-1.4391858928235357,0.04878048780487805,0.975609756097561,-4.5547610529703535,0.5365853658536586,0.4878048780487805,-21.731018117643973,-21.91535611181103,7.125,7.290625,1584.594875052288,2045.3913974463476
1,62,dwell5,mey,ma10,http,1149.3152642505352,1131.1082594565514,16.369745966259348,1086.2607909702322,1170.2892340625467,1.6096606705649397,1.1122350237756455,0.8780487804878049,0.14634146341463414,-2.14227604625115,0.0975609756097561,0.926829268292683,1.5365594617148148,1.6807647528577476,69.5,67.796875,454.31526425053517,453.1395094565514
1,62,dwell5,trust,ma10,http,1081.343747700244,1097.8800853269386,14.184715735322678,1066.400179404279,1135.7330713222566,-1.5062061738527879,-1.165785619906075,0.17073170731707318,0.8536585365853658,0.4879579235521113,0.6585365853658537,0.36585365853658536,-1.5808303981415055,-1.4317880146162518,63.375,64.56875,447.59374770024397,452.19258532693857
1,62,dwell200,thr,ma10,http,2278.6597763909394,2618.692035433772,270.35493915200993,2172.0572839465067,3166.0689647745376,-12.984812816544434,-1.2577253447241294,0.14634146341463414,0.8780487804878049,23.07251514861395,1.0,0.024390243902439025,-12.955785460734417,-13.019043080807789,6.25,6.665625,2216.1597763909394,2552.035785433772
1,62,dwell200,mey,ma10,http,943.19982580392,980.0752026411665,15.88306022287441,944.1563678151107,1014.0233579530518,-3.7625048300245156,-2.321679595733031,0.024390243902439025,1.0,-0.5833381499783332,0.4146341463414634,0.6097560975609756,-2.8547027670410423,-4.66312930458859,54.5,59.884375,398.19982580392,381.23145264116647
1,62,dwell200,trust,ma10,http,880.9929590794962,899.8910887952534,10.006900968782352,867.7902877228597,919.2286099117836,-2.1000463223896766,-1.8885097169155534,0.04878048780487805,0.975609756097561,2.0912930881508127,0.975609756097561,0.04878048780487805,-2.839322269131113,-1.3300201591630998,49.375,51.890625,387.24295907949625,380.9848387952534
1,62,f2,thr,ma10,http,2219.1815375784327,2581.9728456769712,270.2106299241086,2200.5433767486547,3496.979085784222,-14.050934296461115,-1.3426241158626224,0.07317073170731707,0.9512195121951219,-23.319642567194578,0.024390243902439025,1.0,-6.8281638500730795,-20.43872190181253,7.25,7.340625,2204.6815375784327,2567.291595676971
1,62,f2,mey,ma10,http,505.91178413709997,494.54249356318013,5.154131727661712,485.5105408351086,510.36921775667986,2.298951196691728,2.205859526814573,0.975609756097561,0.04878048780487805,1.0192141338375573,0.8048780487804879,0.21951219512195122,6.907248889922326,-2.461140142938107,144.875,151.171875,216.16178413709997,192.19874356318013
1,62,f2,trust,ma10,http,470.433811307066,460.23521241126156,3.509586959675712,453.864798280037,471.73051882874086,2.215953629964988,2.905925686692995,0.975609756097561,0.04878048780487805,0.14134968923989677,0.5609756097560976,0.4634146341463415,3.7101303667738326,0.6966848311558591,134.5,136.471875,201.43381130706598,187.29146241126153
1,62,f50,thr,ma10,http,2559.652242867116,2928.927852753483,293.3456948417933,2357.9265907588574,3713.201834558448,-12.607876617350312,-1.25884107515375,0.07317073170731707,0.9512195121951219,-7.579837486052153,0.24390243902439024,0.7804878048780488,-4.880413239045473,-19.852106759480424,7.125,7.465625,2203.402242867116,2555.646602753483
1,62,f50,mey,ma10,http,2597.7028184915407,2539.318171948444,62.43372024362871,2411.421253330222,2674.268014393355,2.299225327021443,0.9351460447217965,0.8048780487804879,0.21951219512195122,-0.6300706423364679,0.4146341463414634,0.6097560975609756,1.5897602554918853,3.0048633485762704,28.25,29.225,1185.2028184915407,1078.0681719484442
1,62,f50,trust,ma10,http,2294.378859334828,2348.474549225859,37.58330318986108,2285.119783850182,2437.942501316883,-2.3034394777181078,-1.439354322257239,0.07317073170731707,0.9512195121951219,-1.825621339256411,0.17073170731707318,0.8536585365853658,-2.8968184112278084,-1.6563717477000188,26.125,26.678125,988.1288593348281,1014.5682992258589
1,63,signed,thr,naive,queue,3275.5101307021014,2485.6027189604965,296.0482500069397,2073.535128333106,3432.4324362277484,31.779310736832148,2.6681711907538332,0.975609756097561,0.04878048780487805,1.7178306073738974,0.6829268292682927,0.34146341463414637,30.64236127889157,32.86691814797726,7.625,7.5875,3199.2601307021014,2409.7277189604965
1,63,signed,mey,naive,queue,1140.8495838195736,1156.3941734060968,16.269839137774238,1121.615254969243,1188.1392480271381,-1.3442293245682364,-0.9554236802767653,0.2682926829268293,0.7560975609756098,-0.9878997872691908,0.2926829268292683,0.7317073170731707,-0.5660908160510483,-2.1346752988594178,67.5,68.39375,465.8495838195736,472.4566734060968
1,63,signed,trust,naive,queue,1028.0990997546933,1029.9389538757218,13.088261091389674,1005.19011637379,1071.619984758372,-0.1786372011763498,-0.14057284678091758,0.4878048780487805,0.5365853658536586,0.5600590980068106,0.7317073170731707,0.2926829268292683,0.04953816329009493,-0.4113587351795978,58.125,59.509375,446.84909975469327,434.84520387572184
1,62,base,thr,ma10,http,2068.9137633149576,2340.950326605367,359.52839735388096,1829.666966114433,3727.795645941215,-11.620774699858417,-0.7566483351317755,0.22950819672131148,0.7868852459016393,6.405184253578929,0.7377049180327869,0.2786885245901639,-19.26136141950818,-3.471662299990948,6.916666666666667,7.343055555555556,1999.7470966482908,2267.5197710498114
1,62,base,mey,ma10,http,1133.3808862389471,1130.0706886641585,13.491674820737677,1097.3371216949772,1166.1362042084297,0.29291951450413756,0.24535112347212854,0.6065573770491803,0.4098360655737705,0.5228899144681503,0.6557377049180327,0.36065573770491804,0.2624316612678334,0.32463856914416206,66.5,68.37361111111112,468.38088623894714,446.3345775530473
1,62,base,trust,ma10,http,1044.5424312901887,1039.9382833246161,11.073444264645135,1018.3497156257357,1065.4983302287055,0.4427328082252534,0.4157828274146384,0.6721311475409836,0.3442622950819672,-0.6879472717264444,0.26229508196721313,0.7540983606557377,0.8042914609543084,0.07823178174114195,58.583333333333336,60.69861111111111,458.7090979568553,432.95217221350504
1,63,dwell5,thr,naive,queue,2347.7372224054434,2365.409222783471,193.70788473135397,1970.1482772873433,2814.7265353683624,-0.7471011868818226,-0.09123015515107206,0.5121951219512195,0.5121951219512195,-14.350703579549137,0.07317073170731707,0.9512195121951219,-0.748989269715233,-0.7454331230678631,6.875,6.76875,2278.9872224054434,2297.721722783471
1,63,dwell5,mey,naive,queue,1133.8419463367654,1152.5971843046095,14.236878423364747,1126.6635592421153,1178.651770745622,-1.6272153206030602,-1.3173701010935148,0.0975609756097561,0.926829268292683,-2.01980600110703,0.07317073170731707,0.9512195121951219,-3.4934493368839106,0.17929936275543887,64.5,65.096875,488.84194633676543,501.6284343046095
1,63,dwell5,trust,naive,queue,1031.596619672024,1037.7960350658427,13.134655080359153,1012.309144322235,1075.060064712175,-0.5973635651272683,-0.4719892038192173,0.3170731707317073,0.7073170731707317,0.4286523733394518,0.6829268292682927,0.34146341463414637,-0.49461576350695347,-0.699430069706413,57.75,57.76875,454.09661967202396,460.1085350658427
1,63,dwell200,thr,naive,queue,2226.029294602874,2484.060196433603,352.4292580266048,1967.687394694019,3535.5723029934475,-10.38746573859954,-0.7321494908667605,0.21951219512195122,0.8048780487804879,13.302209444723223,0.8780487804878049,0.14634146341463414,-1.77331350458811,-20.18812131866898,6.125,6.415625,2164.779294602874,2419.903946433603
1,63,dwell200,mey,naive,queue,988.6856600707617,982.0747011928609,15.095284234208611,954.71862066683,1010.5330905840012,0.673162527236573,0.43794861861025913,0.6585365853658537,0.36585365853658536,1.8265968034622826,0.8780487804878049,0.14634146341463414,3.0012245119390575,-1.6789571775123941,53.375,54.353125,454.93566007076174,438.54345119286086
1,63,dwell200,trust,naive,queue,909.2277652735655,895.0775410208095,12.011395271971796,873.8812739798445,919.0587173909371,1.5808936772805346,1.1780666552348962,0.8780487804878049,0.14634146341463414,0.1548769269638569,0.5365853658536586,0.4878048780487805,2.4651621907875922,0.7119078974369794,48.0,49.384375,429.2277652735655,401.23379102080946
1,63,f2,thr,naive,queue,2023.6005766020398,2194.7755788902537,215.07596161142556,1736.0842253809153,2743.5270522655555,-7.799202977042654,-0.7958816085522057,0.1951219512195122,0.8292682926829268,0.4835874854170991,0.5853658536585366,0.43902439024390244,-11.234757483845536,-4.740025582018163,7.125,7.059375,2009.3505766020398,2180.6568288902536
1,63,f2,mey,naive,queue,513.9052342543152,507.04562437646416,5.327858572627448,495.45013376456643,516.7878377676022,1.3528585097813717,1.2874984920007457,0.9024390243902439,0.12195121951219512,0.15430853552536694,0.5853658536585366,0.43902439024390244,1.632232878517925,1.0671874549360718,142.125,141.896875,229.65523425431525,223.25187437646417
1,63,f2,trust,naive,queue,459.35222967707995,456.9154212196706,3.9441464588380817,449.0664347978324,466.9537797968437,0.5333171839340982,0.6178291001210023,0.7317073170731707,0.2926829268292683,-0.3406275086853211,0.34146341463414637,0.6829268292682927,-0.09891076089836712,1.1756950798614436,125.75,125.609375,207.85222967707995,205.69667121967058
1,63,f50,thr,naive,queue,2634.02951985379,2448.531906810981,281.9249756516639,2079.9968337611385,3116.468390601348,7.5758707708410045,0.6579680023525232,0.7804878048780488,0.24390243902439024,-1.1192684975308653,0.5853658536585366,0.43902439024390244,5.846025944497817,9.167139479246016,7.125,6.996875,2277.77951985379,2098.688156810981
1,63,f50,mey,naive,queue,2446.8611341807828,2471.0418772162807,56.11438631755026,2350.9644138307603,2622.0721180182613,-0.9785646798806348,-0.4309187825499784,0.34146341463414637,0.6829268292682927,-2.7928402900068536,0.12195121951219512,0.9024390243902439,-0.37770453701940865,-1.5446686512502743,26.875,27.790625,1103.1111341807828,1081.5106272162807
1,63,f50,trust,naive,queue,2190.7654747836805,2136.1644723790955,40.360979821011135,2038.2097945833061,2210.8413205336997,2.5560298895793623,1.352816573005018,0.926829268292683,0.0975609756097561,0.04524432907733098,0.4878048780487805,0.5365853658536586,-2.9190237187248984,7.757596992345199,22.25,23.025,1078.2654747836805,984.9144723790955
1,63,base,thr,naive,queue,2299.9267919239323,2333.655366569932,244.51103359994772,1905.3912196424337,3162.3783047681372,-1.4453108684841878,-0.13794295557714642,0.5081967213114754,0.5081967213114754,15.57956262676197,0.9180327868852459,0.09836065573770492,9.681350199098048,-11.77475889036448,6.916666666666667,6.901388888888889,2230.760125257266,2264.6414776810434
1,63,base,mey,naive,queue,1112.21598985682,1129.5673316979169,12.261538762821488,1102.421018615538,1162.4652194248702,-1.5361051399224777,-1.41510312667349,0.09836065573770492,0.9180327868852459,-0.04771801996760479,0.4918032786885246,0.5245901639344263,-2.726718528587163,-0.34560914875092485,61.333333333333336,63.57222222222222,498.8826565234866,493.8451094756947
1,63,base,trust,naive,queue,1004.4116908071104,1002.325673107936,11.727873746391237,978.5375806392843,1025.9845443903403,0.20811775604890934,0.1778683625253254,0.5573770491803278,0.45901639344262296,-0.13505508104761238,0.45901639344262296,0.5573770491803278,0.7312081183762056,-0.309529527065456,55.5,54.69861111111111,449.4116908071104,455.33956199682495
1,64,signed,thr,seasonal60,http,1699.2994326285507,1804.397306650158,91.505317517276,1659.6782759970401,2077.1255532517407,-5.824541725609218,-1.148543897481861,0.14634146341463414,0.8780487804878049,5.860297655388277,0.8780487804878049,0.14634146341463414,-7.387110283713819,-4.275245903751566,13.25,14.184375,1566.7994326285507,1662.553556650158
1,64,signed,mey,seasonal60,http,996.1475455892898,1007.6301173518052,17.87309964783324,987.9080046083702,1101.5875355086687,-1.1395621830650704,-0.6424499381061415,0.12195121951219512,0.9024390243902439,0.04394132038460756,0.7073170731707317,0.3170731707317073,-0.8174139272137025,-1.4653841421601854,57.75,57.971875,418.64754558928985,427.9113673518052
1,64,signed,trust,seasonal60,http,961.1893237404033,949.255355984362,9.558558951173966,937.9951314999023,990.5964146684158,1.2571925647620874,1.2485111842696304,0.9024390243902439,0.12195121951219512,-0.03460855357352856,0.5853658536585366,0.43902439024390244,1.596259857256713,0.8956219605749176,54.75,53.40625,413.6893237404033,415.19285598436204
1,64,dwell5,thr,seasonal60,http,1744.2510008286995,1782.589305492997,47.42498858792941,1721.0647562498764,1895.8943204987731,-2.150708777740289,-0.8083988168645629,0.12195121951219512,0.975609756097561,-0.4277675958916497,0.6097560975609756,0.4146341463414634,-2.246136436182561,-2.0555012219581377,10.875,11.1625,1635.5010008286995,1670.964305492997
1,64,dwell5,mey,seasonal60,http,973.5927912830105,989.5675659671185,15.671559105469676,971.0409427176423,1040.8127672049632,-1.6143187421968195,-1.0193481437678122,0.04878048780487805,0.975609756097561,-1.0213366907086736,0.17073170731707318,0.8536585365853658,-1.5664397985623209,-1.6644848947416588,55.75,56.896875,416.09279128301046,420.5988159671185
1,64,dwell5,trust,seasonal60,http,950.090195058353,958.9371224788163,10.76532444094352,944.2219110073444,997.313550674663,-0.9225763830681978,-0.8217984946943163,0.1951219512195122,0.8292682926829268,0.24306745028927235,0.7560975609756098,0.2682926829268293,-0.9650091512852051,-0.8804402325397223,55.25,55.35,397.59019505835295,405.43712247881626
1,64,dwell200,thr,seasonal60,http,1527.9324237198903,1549.1340635380936,59.56277931934593,1504.2653423553902,1908.3612429368723,-1.3686123310580744,-0.35595450817583163,0.17073170731707318,0.8536585365853658,4.532095653495428,0.975609756097561,0.04878048780487805,-1.9364409009701695,-0.9078891741343785,6.5,7.65625,1462.9324237198903,1472.5715635380936
1,64,dwell200,mey,seasonal60,http,701.6127407388797,710.3759724457935,8.46394824487701,699.1476926423792,756.700592198161,-1.2336047454902572,-1.0353597934885777,0.04878048780487805,0.975609756097561,-1.5843968140566442,0.024390243902439025,1.0,-1.3581529244433768,-1.0859666737423457,40.0,40.925,301.61274073887967,301.12597244579354
1,64,dwell200,trust,seasonal60,http,682.8170921604459,686.0850981960733,7.347438508673447,673.4136770867369,713.9663622821837,-0.4763266312327736,-0.4447816789170311,0.2926829268292683,0.7317073170731707,-0.07153883220894747,0.5365853658536586,0.4878048780487805,-1.783481670467379,1.0091171806050332,38.25,38.26875,300.3170921604459,303.3975981960733
1,64,f2,thr,seasonal60,http,1472.826879202184,1521.9190350402546,35.31806901650774,1461.2350750074515,1584.814238600892,-3.225674606058926,-1.3900011298784416,0.0975609756097561,0.926829268292683,-3.143541458945293,0.0975609756097561,0.926829268292683,-4.359033261533243,-2.043685773662471,10.0,10.953125,1452.826879202184,1500.0127850402546
1,64,f2,mey,seasonal60,http,403.2390329356219,408.3434475316306,3.082149566416809,402.3940215274298,417.2448924358941,-1.2500297548213581,-1.656121640437756,0.04878048780487805,0.975609756097561,-0.9902479926722982,0.12195121951219512,0.9024390243902439,-1.404216983166012,-1.103663454643172,120.0,121.134375,163.23903293562188,166.0746975316306
1,64,f2,trust,seasonal60,http,400.33752655654365,404.008506199341,2.260345157092883,400.17739870545836,409.43762053873945,-0.9086391960732808,-1.6240792390834464,0.07317073170731707,0.9512195121951219,-0.3849895695671791,0.21951219512195122,0.8048780487804879,-1.0887521138723235,-0.733617387623675,117.75,118.7625,164.83752655654365,166.483506199341
1,64,f50,thr,seasonal60,http,2053.503716874201,2197.454756025552,84.8362787322919,2060.1249059042925,2397.660404495733,-6.550807872454645,-1.6968099179078873,0.024390243902439025,1.0,-0.17783924851999466,0.5853658536585366,0.43902439024390244,-7.829279426669759,-5.204804873001163,9.625,10.90625,1572.253716874201,1652.142256025552
1,64,f50,mey,seasonal60,http,2265.6981995942206,2280.8354364511797,31.85889785806517,2214.154640708115,2331.0957435778155,-0.6636707153459355,-0.4751337263579286,0.34146341463414637,0.6829268292682927,-1.4547284517011674,0.1951219512195122,0.8292682926829268,0.053701680538073816,-1.3736328159096916,25.875,26.165625,971.9481995942206,972.5541864511797
1,64,f50,trust,seasonal60,http,2073.150514621029,2079.983001789632,20.87116802118,2033.7485724012843,2136.062493215253,-0.32848764450115436,-0.3273648682081222,0.34146341463414637,0.6829268292682927,-1.9366454397034825,0.07317073170731707,0.9512195121951219,-0.7508947797979479,0.06830280667601048,21.375,21.903125,1004.4005146210288,984.826751789632
1,64,base,thr,seasonal60,http,1517.5663895383907,1592.4754485042592,29.982295928231682,1519.6301897656692,1680.413839587627,-4.703938075543159,-2.49844305269942,0.01639344262295082,1.0,-1.7476989660199223,0.14754098360655737,0.8688524590163934,-4.672861301632892,-4.733582672722736,10.0,10.901388888888889,1417.5663895383907,1483.4615596153703
1,64,base,mey,seasonal60,http,932.1174564946363,955.1783203409061,5.050070584214894,944.212152551083,965.5781952469441,-2.4142993360694534,-4.566443866814783,0.01639344262295082,1.0,0.027695997513623435,0.5737704918032787,0.4426229508196721,-3.011230454126982,-1.8350565483199546,53.75,55.770833333333336,394.61745649463626,397.46998700757274
1,64,base,trust,seasonal60,http,909.9255605548905,917.5858413374712,4.709376473693666,905.5646016490308,929.2497337788212,-0.8348298804845415,-1.6266019133043659,0.04918032786885246,0.9672131147540983,-0.015327302860697315,0.5573770491803278,0.45901639344262296,-0.8282631558667807,-0.8413139054578296,50.916666666666664,51.40555555555556,400.75889388822384,403.5302857819156
1,65,signed,thr,ma10,timer,2164.6927267170427,2233.642965702822,329.7883116545453,1806.2710722882462,3372.575567099037,-3.0868961622111346,-0.2090742350444641,0.4634146341463415,0.5609756097560976,19.60579628433709,0.9024390243902439,0.12195121951219512,-14.987538211332348,9.343415183148515,10.5,10.884375,2059.6927267170427,2124.799215702822
1,65,signed,mey,ma10,timer,1113.9513089809234,1088.4644715976108,10.593330142452277,1065.036105976008,1112.4885467084282,2.341540587530974,2.4059325104175966,1.0,0.024390243902439025,-1.1017494879000675,0.12195121951219512,0.9024390243902439,0.4706493501428111,4.126579531817954,64.125,65.50625,472.7013089809234,433.4019715976108
1,65,signed,trust,ma10,timer,1049.0415684766733,1031.3379823602122,11.150154925872508,1009.0122871839653,1057.6799588924769,1.716564930145066,1.5877435097679409,0.926829268292683,0.0975609756097561,0.296269812281706,0.6585365853658537,0.36585365853658536,1.0804326374604534,2.324948322253784,61.625,61.83125,432.7915684766733,413.0254823602122
1,65,dwell200,thr,ma10,timer,1985.0031838424163,2189.639282062407,258.0340245713041,1776.4080122378273,3012.3263768879465,-9.345653409507943,-0.7930585842699293,0.1951219512195122,0.8292682926829268,35.86922506394988,0.975609756097561,0.04878048780487805,-3.5259951799894247,-16.334420097229586,9.125,8.928125,1893.7531838424163,2100.358032062407
1,65,dwell200,mey,ma10,timer,926.8207806671287,931.3294683482684,9.860976016461471,916.4900176951929,955.4176437687823,-0.4841130700111894,-0.4572252963208804,0.36585365853658536,0.6585365853658537,0.3642051206810412,0.7073170731707317,0.3170731707317073,-0.9461721017531864,0.010163551176502765,55.875,57.4,368.0707806671287,357.3294683482684
1,65,dwell200,trust,ma10,timer,917.2351530653282,908.4514629178313,11.139192509958837,879.0533900649988,929.8443902239242,0.9668860149429144,0.788539217689603,0.7804878048780488,0.24390243902439024,2.1710482342995463,0.9512195121951219,0.07317073170731707,1.040772011377158,0.8877407292094814,53.25,54.25625,384.7351530653282,365.88896291783135
1,65,f2,thr,ma10,timer,2155.6446712078987,2179.447731228285,277.19975382445466,1738.3735059769497,3012.5909787771843,-1.0921601688044003,-0.08586970115226197,0.4878048780487805,0.5365853658536586,13.036729033572602,0.8780487804878049,0.14634146341463414,3.9211396443460154,-5.305598758995828,9.375,9.821875,2136.8946712078987,2159.803981228285
1,65,f2,mey,ma10,timer,459.47885598139146,456.7402447595746,3.3117191968163677,451.2714709132389,464.1822134634191,0.5995992806060851,0.8269454802960263,0.8048780487804879,0.21951219512195122,1.889422049062433,1.0,0.024390243902439025,1.8965394466230827,-0.7084943232944426,139.75,141.31875,179.97885598139146,174.1027447595746
1,65,f2,trust,ma10,timer,447.478472959266,450.44760817442204,3.5768433658406287,444.0022948518921,459.5533211590674,-0.6591521769178366,-0.8300993114520194,0.24390243902439024,0.7804878048780488,0.5061990714967884,0.7317073170731707,0.2926829268292683,0.1578492257830497,-1.4904555818889604,137.5,139.509375,172.478472959266,171.42885817442203
1,65,dwell5,thr,ma10,timer,1984.3854440592831,2012.8624548680589,223.42465302283873,1745.1912509763583,2700.7162436678464,-1.4147519488927212,-0.12745688724809065,0.6097560975609756,0.4146341463414634,-11.251082298178504,0.0975609756097561,0.926829268292683,-2.066726272463964,-0.7375321540521335,9.625,9.596875,1888.1354440592831,1916.8937048680589
1,65,dwell5,mey,ma10,timer,1093.537899250281,1075.4016015932716,9.575240057753406,1054.336622902963,1095.0613331820855,1.6864674211140684,1.894082816474543,0.975609756097561,0.04878048780487805,1.7691317096257575,0.975609756097561,0.04878048780487805,0.9333917130926477,2.429161162425659,64.625,64.553125,447.28789925028104,429.8703515932716
1,65,dwell5,trust,ma10,timer,1075.166843022559,1083.641766961763,10.666127852405005,1063.879832646779,1106.6864258788682,-0.7820780074733923,-0.7945642557897041,0.2682926829268293,0.7560975609756098,-2.2672940797090426,0.024390243902439025,1.0,0.028420939386951758,-1.5936629052209512,65.375,65.2,421.4168430225591,431.6417669617631
1,65,f50,thr,ma10,timer,2631.5943378141533,2806.461398940399,349.55331370062055,2325.7530312638287,3836.385612970521,-6.23087355458614,-0.500258628004347,0.3902439024390244,0.6341463414634146,-5.446463594191693,0.3902439024390244,0.6341463414634146,-3.6480604040389766,-9.114602374343894,9.75,9.7125,2144.0943378141533,2320.836398940399
1,65,f50,mey,ma10,timer,2403.431622971615,2354.1659130110165,52.548984050272416,2256.8145410207335,2494.440342326594,2.0927033939416315,0.9375197418368195,0.8536585365853658,0.17073170731707318,-1.4568228379771504,0.2682926829268293,0.7560975609756098,2.7612658553243326,1.433689368560892,29.25,28.459375,940.9316229716151,931.1971630110165
1,65,f50,trust,ma10,timer,2215.806879024006,2212.748242871153,45.16668046103547,2119.204994886431,2334.959779893683,0.13822793273962036,0.06771886093094007,0.5853658536585366,0.43902439024390244,1.2062422375794095,0.7804878048780488,0.24390243902439024,0.09493165032948976,0.18254586519791596,24.25,24.475,1003.3068790240059,988.9982428711528
1,65,base,thr,ma10,timer,1993.6187584431289,2252.1546823027943,279.8293657898195,1750.8391676362055,2828.341419784241,-11.479492323116828,-0.9239056205911297,0.16393442622950818,0.8524590163934426,26.086788692864314,1.0,0.01639344262295082,-8.998746688556952,-13.780119236371906,9.416666666666666,9.668055555555556,1899.452091776462,2155.4741267472386
1,65,base,mey,ma10,timer,1088.9902643946377,1085.0344965764218,9.339376737843017,1066.9407618269743,1119.1927669394865,0.36457530435183755,0.42355800919639586,0.639344262295082,0.3770491803278688,1.7371240358101065,0.9836065573770492,0.03278688524590164,-0.5224894100325931,1.2639264746980068,62.75,64.89027777777778,461.49026439463773,436.131718798644
1,65,base,trust,ma10,timer,1057.9072446850194,1042.615510467813,8.979185595690128,1026.1780192060148,1069.6908891217884,1.4666705092795966,1.7030201741844093,0.9508196721311475,0.06557377049180328,0.9953584488823333,0.9180327868852459,0.09836065573770492,-0.13883891175539786,3.0712348232438917,62.666666666666664,62.984722222222224,431.2405780183527,412.7682882455907
1,66,signed,thr,naive,queue,1900.0074525945902,2686.718570097014,322.31905981982385,2172.4066209051866,3372.372867455059,-29.28148583400072,-2.4407837313195033,0.024390243902439025,1.0,11.086377336744405,0.8048780487804879,0.21951219512195122,-23.890124511072102,-34.45114337256596,8.75,9.6375,1812.5074525945902,2590.343570097014
1,66,signed,mey,naive,queue,1066.3092394065013,1106.1813590760173,11.858314059975253,1085.7164067693934,1130.8768047905153,-3.6044830571743494,-3.3623767651840386,0.024390243902439025,1.0,1.5137336073286258,0.9024390243902439,0.12195121951219512,-3.282299901978403,-3.9231572878345577,65.875,68.86875,407.5592394065013,417.4938590760173
1,66,signed,trust,naive,queue,1060.520002004579,1079.6194429546113,12.3167225029906,1051.3628840770466,1112.5730351722618,-1.7690901247352926,-1.5506918293721974,0.0975609756097561,0.926829268292683,1.1399974295444555,0.9024390243902439,0.12195121951219512,-0.286280126140753,-3.285098840454178,64.375,64.475,416.77000200457906,434.86944295461126
1,66,dwell5,thr,naive,queue,1761.894216286844,2038.875816560741,240.05916350716362,1655.088791923497,2707.2099671407113,-13.585015724063116,-1.153805571207164,0.07317073170731707,0.9512195121951219,-6.130102597231121,0.36585365853658536,0.6585365853658537,-10.663769321789752,-16.712357433867236,7.625,8.14375,1685.644216286844,1957.438316560741
1,66,dwell5,mey,naive,queue,1104.6289442767775,1122.4955184170194,15.851731062670343,1089.0499413654816,1174.9431505492466,-1.5916833383386666,-1.1271055551980944,0.12195121951219512,0.9024390243902439,-0.1386853853389465,0.5121951219512195,0.5121951219512195,-1.9030192429971808,-1.261024247747686,68.5,67.921875,419.6289442767775,443.2767684170194
1,66,dwell5,trust,naive,queue,1098.0571632822098,1098.2533522007404,13.634720656718345,1079.259086492255,1139.5769612364575,-0.017863721347858182,-0.014388921010565922,0.6341463414634146,0.3902439024390244,0.8250877927615368,0.8292682926829268,0.1951219512195122,0.861444139854515,-0.8710012954106763,65.625,63.46875,441.8071632822098,463.56585220074044
1,66,f50,thr,naive,queue,2369.343833364552,2640.3655483097523,264.1158604443184,2248.518147818406,3441.56357684137,-10.2645527668961,-1.0261470647361504,0.12195121951219512,0.9024390243902439,15.691834639152608,0.926829268292683,0.0975609756097561,-11.143121149120127,-9.487321101860825,7.625,8.45,1988.0938333645522,2217.8655483097523
1,66,f50,mey,naive,queue,2351.531092496486,2435.773546131907,45.56574846984544,2315.3444728774557,2511.180868364678,-3.4585503143016303,-1.8488109262853683,0.07317073170731707,0.9512195121951219,-1.442745239232183,0.2926829268292683,0.7317073170731707,-4.741209804933814,-2.187989566862131,28.875,29.275,907.781092496486,972.0235461319071
1,66,f50,trust,naive,queue,2352.6469805428737,2462.386947590011,49.10132996988284,2369.8092098283805,2590.028754389278,-4.456649965373722,-2.2349693402286293,0.024390243902439025,1.0,-0.3205162901124056,0.5365853658536586,0.4878048780487805,-4.537897175023563,-4.375841168876633,27.5,28.328125,977.6469805428737,1045.980697590011
1,66,dwell200,thr,naive,queue,2334.8188187059836,2349.6931783679547,299.2846343671112,1941.3445306414183,3450.892779834554,-0.6330341254300482,-0.04969971042257306,0.6097560975609756,0.4146341463414634,0.04030039226904209,0.6341463414634146,0.3902439024390244,17.12898327721709,-18.872995701598832,5.75,6.946875,2277.3188187059836,2280.2244283679547
1,66,dwell200,mey,naive,queue,839.6398662784334,872.8180274309161,12.496177645280364,845.6252247163696,900.5031718698988,-3.8012690056529346,-2.655064780150087,0.024390243902439025,1.0,-2.287804567483746,0.04878048780487805,0.975609756097561,-1.7928343106913507,-5.57191420998662,48.625,52.084375,353.3898662784334,351.9742774309161
1,66,dwell200,trust,naive,queue,849.476252504723,868.5659198954393,10.169573215860753,853.143753633682,893.3631375868024,-2.1978374874545326,-1.8771355479248124,0.024390243902439025,1.0,-0.9854135716650805,0.21951219512195122,0.8048780487804879,-0.22295856504935557,-3.9885718964216084,48.75,50.39375,361.976252504723,364.62841989543927
1,66,f2,thr,naive,queue,2013.0947630697249,2237.82389050421,318.0516709492457,1714.0865052950908,3276.4523098328286,-10.04230620595666,-0.7065805589505832,0.1951219512195122,0.8292682926829268,-11.169128632296918,0.1951219512195122,0.8292682926829268,-11.99709124026956,-7.924260825897975,7.625,8.29375,1997.8447630697249,2221.23639050421
1,66,f2,mey,naive,queue,465.6789911635899,481.37098536191405,4.281381825295717,472.47156674125483,493.46704328639646,-3.2598545977020783,-3.665170460997204,0.024390243902439025,1.0,-1.0755380548773334,0.0975609756097561,0.926829268292683,-3.3841818879356915,-3.1354749659060817,144.375,150.2375,176.9289911635899,180.89598536191403
1,66,f2,trust,naive,queue,458.33100864352195,466.16773773445567,4.8342472525783,455.21894677030303,478.612104247484,-1.6810964072759946,-1.6210856998996215,0.07317073170731707,0.9512195121951219,-0.3047949205226464,0.43902439024390244,0.5853658536585366,-1.2972621953672636,-2.0630615027942456,141.0,142.034375,176.33100864352195,182.09898773445565
1,67,signed,thr,seasonal60,orchestration,2399.029451504668,2433.854070714843,333.3680962807128,1989.9826673390241,3411.1917590306857,-1.430842531982488,-0.1044629633090355,0.6341463414634146,0.3902439024390244,-3.2232204448270547,0.5365853658536586,0.4878048780487805,-0.352003338830593,-2.4774316934578184,7.5,7.453125,2324.029451504668,2359.322820714843
1,67,signed,mey,seasonal60,orchestration,1102.6586511032206,1117.8101110892867,16.267108310034015,1086.447667925821,1158.215362113991,-1.3554591997115943,-0.9314169240958627,0.17073170731707318,0.8536585365853658,-1.4360990583054463,0.17073170731707318,0.8536585365853658,-0.5107470806951498,-2.1600792692257524,67.0,69.084375,432.65865110322056,426.9663610892867
1,67,signed,trust,seasonal60,orchestration,987.8106725212587,998.7677688906053,15.458176949683917,960.0420035470403,1033.791459245495,-1.0970614702071761,-0.7088220302440472,0.2926829268292683,0.7317073170731707,-0.949167983330798,0.2926829268292683,0.7317073170731707,-3.40322684763288,1.239674569594378,56.625,58.44375,421.56067252125865,414.33026889060534
1,66,base,thr,naive,queue,2085.9550929368647,2425.8506955450484,232.13462919863827,2044.7656233950345,3156.3037284402685,-14.011398279060813,-1.4642175696988926,0.04918032786885246,0.9672131147540983,-1.01584682384465,0.5409836065573771,0.47540983606557374,-19.113200066012126,-8.921988383961423,7.25,8.275,2013.4550929368647,2343.1006955450484
1,66,base,mey,naive,queue,1055.757365413683,1071.5121490173995,10.250051007173862,1048.5320801828673,1106.3054174026959,-1.470331775347953,-1.537044410090251,0.06557377049180328,0.9508196721311475,-0.0022666103342997602,0.4918032786885246,0.5245901639344263,-1.409593110261055,-1.530537869955708,63.833333333333336,64.89722222222223,417.42403208034955,422.53992679517717
1,66,base,trust,naive,queue,1033.9021596832924,1064.571040635411,9.93431170694049,1048.5129395833492,1085.498333532162,-2.8808674838471298,-3.087167169386493,0.01639344262295082,1.0,-0.8513886376245179,0.2459016393442623,0.7704918032786885,-2.5379736578567846,-3.220445550700605,60.25,61.88611111111111,431.40215968329244,445.7099295242999
1,67,dwell5,thr,seasonal60,orchestration,1764.1302105147336,2099.178306145152,318.399315164938,1685.5334537729736,3100.359792090606,-15.960916452385003,-1.0522889958379966,0.04878048780487805,0.975609756097561,11.787034687340618,0.8536585365853658,0.17073170731707318,-19.483480614038534,-12.58929587904417,7.125,6.81875,1692.8802105147336,2030.990806145152
1,67,dwell5,mey,seasonal60,orchestration,1124.691743561138,1162.2855953461633,18.00721715170205,1128.2563440635377,1208.1732722058628,-3.234476271198099,-2.0877102479697602,0.024390243902439025,1.0,1.524239520968514,0.8780487804878049,0.14634146341463414,-2.946024688419254,-3.5335102927968864,65.375,67.671875,470.9417435611381,485.5668453461633
1,67,dwell5,trust,seasonal60,orchestration,985.4520623004024,1010.764088976746,14.740489554673847,989.0415113096172,1063.691938374253,-2.5042467329808322,-1.7171767994854563,0.024390243902439025,1.0,-0.28642443086032204,0.5121951219512195,0.5121951219512195,-0.7625464753737099,-4.27537458761912,56.75,57.7625,417.9520623004024,433.13908897674605
1,67,dwell200,thr,seasonal60,orchestration,1891.7753743209548,2075.5322910237073,390.48937664295806,1615.730976893417,3196.1335884775,-8.8534838748338,-0.47058109053442876,0.36585365853658536,0.6585365853658537,-22.39061096908369,0.024390243902439025,1.0,-14.520723407083487,-3.4731709586216475,5.75,5.678125,1834.2753743209548,2018.7510410237073
1,67,dwell200,mey,seasonal60,orchestration,934.6543240155224,933.5475231067309,12.274276435845087,911.8700526420263,962.5629402881111,0.11855860375573309,0.09017239546270381,0.5609756097560976,0.4634146341463415,-0.751419924286284,0.3170731707317073,0.7073170731707317,-0.26310679533144277,0.501626761080585,55.125,54.09375,383.40432401552243,392.61002310673086
1,67,dwell200,trust,seasonal60,orchestration,800.2677455273326,816.0125825954217,11.185294257944339,788.7965687465762,841.073549743661,-1.9294845942216716,-1.4076372695252346,0.07317073170731707,0.9512195121951219,0.4855254270633801,0.6341463414634146,0.3902439024390244,-1.713395746481867,-2.163457073697414,45.5,46.071875,345.26774552733264,355.2938325954217
1,67,f2,thr,seasonal60,orchestration,1944.7285718715227,2251.5912095084805,414.84672565040114,1612.7325339163503,3325.05469623755,-13.628701175465393,-0.7397012406349723,0.1951219512195122,0.8292682926829268,-19.731477698026893,0.07317073170731707,0.9512195121951219,0.8777607665997688,-28.461376827334906,6.625,6.79375,1931.4785718715227,2238.0037095084804
1,67,f2,mey,seasonal60,orchestration,481.21564676986816,489.3031147972103,6.270377024744323,476.85589319789426,500.7030768612019,-1.6528543928631967,-1.2897897519442876,0.14634146341463414,0.8780487804878049,0.6452616962410764,0.6585365853658537,0.36585365853658536,-2.8698979740252697,-0.4010839202036429,142.25,141.55625,196.71564676986816,206.1906147972103
1,67,f2,trust,seasonal60,orchestration,437.13077327682106,439.71566161076515,4.2297720962045045,430.7610172657179,450.65427086702846,-0.5878545068135935,-0.6111176382915731,0.2682926829268293,0.7560975609756098,1.4148138579060945,0.926829268292683,0.0975609756097561,-0.8333177184127343,-0.32961358694419185,123.625,124.5125,189.88077327682106,190.69066161076515
1,67,f50,thr,seasonal60,orchestration,2771.437058226295,2603.398409542452,282.7065880519012,2173.326135601293,3379.709372248499,6.454588282297358,0.5943924046545149,0.7804878048780488,0.24390243902439024,-3.9158268438142385,0.3902439024390244,0.6341463414634146,12.914167167422887,0.8034939862094523,6.875,6.8875,2427.687058226295,2259.023409542452
1,67,f50,mey,seasonal60,orchestration,2596.0568681093137,2459.3412996700695,48.887374388330144,2341.0222920383358,2563.1214199820924,5.559031943129859,2.7965414414213132,1.0,0.024390243902439025,1.478638360640313,0.8292682926829268,0.1951219512195122,5.234421484725475,5.867767708063348,29.0,26.671875,1146.0568681093137,1125.7475496700695
1,67,f50,trust,seasonal60,orchestration,2180.334200369929,2233.566948317625,52.843134625228764,2114.555386507722,2337.548502467307,-2.3833065755110643,-1.0073730168588635,0.12195121951219512,0.9024390243902439,-2.741673301332009,0.12195121951219512,0.9024390243902439,-3.136273366268624,-1.6678799685544183,23.75,24.5875,992.834200369929,1004.1919483176248
1,68,signed,thr,ma10,queue,1957.2948643046711,2353.131672574131,320.94767646216667,1806.2820036837613,3292.592311480543,-16.821702452223892,-1.233337510440338,0.0975609756097561,0.926829268292683,-9.202829210670593,0.24390243902439024,0.7804878048780488,-15.991187712413714,-17.581114634334373,7.0,7.059375,1887.2948643046711,2282.537922574131
1,68,signed,mey,ma10,queue,1100.8216098493044,1130.861283232368,15.036249144076761,1102.2852047726751,1159.8709670496303,-2.6563535093535395,-1.9978169485770338,0.024390243902439025,1.0,-1.060870193994895,0.2926829268292683,0.7317073170731707,-1.538513607304285,-3.7621695086727494,62.875,66.175,472.0716098493044,469.1112832323679
1,68,signed,trust,ma10,queue,992.5721204091456,1005.4645118021988,13.033837533419923,974.4632719331973,1030.0382111697918,-1.2822323654113714,-0.9891477747820615,0.17073170731707318,0.8536585365853658,0.12239082079159869,0.5121951219512195,0.5121951219512195,-1.2973489399313296,-1.2672020863479374,59.0,59.35,402.57212040914555,411.9645118021988
1,67,base,thr,seasonal60,orchestration,2281.9739682519253,2288.820288270435,225.76543558684298,1963.1653884545897,3201.2381691812807,-0.29912003373944057,-0.030324925517113445,0.5573770491803278,0.45901639344262296,12.503467494912046,0.9180327868852459,0.09836065573770492,10.42778572401525,-10.764180424465753,6.833333333333333,6.758333333333334,2213.640634918592,2221.2369549371015
1,67,base,mey,seasonal60,orchestration,1100.5568443695852,1099.2367570613683,13.691358497884343,1073.5848747385662,1127.3509459773304,0.12009126330035926,0.09641755479712877,0.5573770491803278,0.45901639344262296,1.6683417042315125,0.8852459016393442,0.13114754098360656,-0.5161338141655677,0.7441878081770966,63.416666666666664,63.456944444444446,466.39017770291855,464.6673126169238
1,67,base,trust,seasonal60,orchestration,969.1638125685898,984.2291882986922,10.529936165321738,957.567381783599,1003.5883552974502,-1.530677601234717,-1.4307186191419832,0.09836065573770492,0.9180327868852459,1.0168994133704858,0.819672131147541,0.19672131147540983,-1.7512830832005841,-1.3075228331450812,52.5,54.40833333333333,444.16381256858983,440.1458549653589
1,68,dwell5,thr,ma10,queue,1919.555252826589,2160.6621879375766,255.33052631873292,1816.914535585941,2956.8263084843443,-11.158937128488938,-0.9442934168005055,0.17073170731707318,0.8536585365853658,-1.9591888582393588,0.5365853658536586,0.4878048780487805,-13.197211113774495,-9.570168389661353,6.625,6.5625,1853.305252826589,2095.0371879375766
1,68,dwell5,mey,ma10,queue,1115.3269408789936,1149.426567933034,17.68562395354396,1119.0243463112577,1187.5704361976648,-2.9666642485357158,-1.9280986152149473,0.024390243902439025,1.0,-0.39313199331951865,0.4878048780487805,0.5365853658536586,-3.7294740383458453,-2.1934624249327617,62.875,64.209375,486.5769408789936,507.332817933034
1,68,dwell5,trust,ma10,queue,1036.1712872196947,1031.6027756741973,12.43270939379424,1007.7216345158135,1063.1267513469538,0.4428556856597867,0.3674590470020735,0.7317073170731707,0.2926829268292683,0.7041755054558659,0.7560975609756098,0.2682926829268293,-0.16036802751690887,1.0302112499449432,57.625,56.909375,459.9212872196947,462.50902567419735
1,68,dwell200,thr,ma10,queue,2193.032718827346,2455.589751392055,424.8658337546231,1865.6159627121433,3815.6889012384354,-10.692218943162942,-0.6179763391290866,0.21951219512195122,0.8048780487804879,-8.282097077438102,0.4146341463414634,0.6097560975609756,4.348858965671895,-23.90321154139673,4.75,5.134375,2145.532718827346,2404.246001392055
1,68,dwell200,mey,ma10,queue,856.0458394882476,899.2082531702454,15.364589895556286,867.5137972743114,931.7839162524328,-4.800046433050915,-2.809213521181008,0.024390243902439025,1.0,-3.0133675733603655,0.04878048780487805,0.975609756097561,-2.3060118542728336,-7.319886301033634,47.0,49.6125,386.04583948824757,403.08325317024537
1,68,dwell200,trust,ma10,queue,764.7392884905876,774.3171139749298,11.725640154443642,746.6673975388574,804.1228216219076,-1.236938369497587,-0.8168275128853055,0.1951219512195122,0.8292682926829268,-1.1583551649168842,0.21951219512195122,0.8048780487804879,-1.7408191080094793,-0.7399073307277129,40.5,40.271875,359.73928849058757,371.59836397492984
1,68,f2,thr,ma10,queue,1898.0528193550101,2130.665778724169,263.0184225400814,1766.0415264015728,2687.557320838566,-10.917383744176249,-0.8843979715288225,0.24390243902439024,0.7804878048780488,-5.253997903591627,0.4146341463414634,0.6097560975609756,-16.88789120114587,-4.66231412185364,6.25,6.675,1885.5528193550101,2117.315778724169
1,68,f2,mey,ma10,queue,512.255395332571,510.0190874146286,6.044341710832188,497.949160125403,524.0921996636259,0.4384753381052069,0.36998370127464014,0.7073170731707317,0.3170731707317073,-0.3611786732479697,0.4146341463414634,0.6097560975609756,-0.026170632258379088,0.9010468947419872,140.625,141.84375,231.00539533257097,226.3315874146286
1,68,f2,trust,ma10,queue,451.5509219785612,454.8094429321707,3.864733572199587,445.29002851950895,462.5576771578027,-0.7164585089970342,-0.8431424554202794,0.17073170731707318,0.8536585365853658,-0.6541626367558453,0.17073170731707318,0.8536585365853658,-0.26489744256993947,-1.1665288978899877,123.875,125.359375,203.80092197856118,204.09069293217073
1,68,f50,thr,ma10,queue,2167.56574440735,2624.4508941609506,354.20104858338743,2114.706730860692,3784.6361702021845,-17.408790188077383,-1.2899034364265551,0.04878048780487805,0.975609756097561,-9.556275245135676,0.2682926829268293,0.7560975609756098,-17.258935877140928,-17.553822558563596,6.625,6.7625,1836.31574440735,2286.3258941609506
1,68,f50,mey,ma10,queue,2414.046060005755,2449.887839952638,53.56106635208233,2352.7876571289794,2569.6936735162417,-1.4629967691735588,-0.6691759964463354,0.3170731707317073,0.7073170731707317,2.1662526690658734,0.8048780487804879,0.21951219512195122,-0.5508077479557761,-2.3737864739451955,26.125,26.85,1107.796060005755,1107.387839952638
1,68,f50,trust,ma10,queue,2280.265230718712,2292.0304952264914,43.59433439811157,2207.0552910453152,2396.2922067171903,-0.5133118661502382,-0.26988058586551783,0.4146341463414634,0.6097560975609756,-1.2112542010631868,0.36585365853658536,0.6585365853658537,0.3490333796477641,-1.3531023981128512,24.875,25.63125,1036.5152307187118,1010.4679952264914
1,68,base,thr,ma10,queue,1943.4900554042154,2417.2487176989944,271.0067440132699,2016.8161695818892,3341.4663479001297,-19.599086301129784,-1.7481434420376687,0.01639344262295082,1.0,3.2686168326689446,0.7049180327868853,0.3114754098360656,-19.815121424841035,-19.376538980606117,6.416666666666667,6.598611111111111,1879.3233887375486,2351.262606587883
1,68,base,mey,ma10,queue,1118.6901649314611,1137.760035971423,13.95442031549766,1110.3800531569784,1182.8550935855833,-1.6760890202721739,-1.366582818118422,0.08196721311475409,0.9344262295081968,0.7591694588804876,0.7213114754098361,0.29508196721311475,-2.951360554528917,-0.3972609945308761,63.0,63.647222222222226,488.69016493146114,501.2878137492006
1,68,base,trust,ma10,queue,1018.4208502121991,1009.6836487646706,10.222268200260693,975.9247775942495,1028.25665780751,0.8653404913725499,0.8547223841481356,0.819672131147541,0.19672131147540983,0.5010112774942339,0.7377049180327869,0.2786885245901639,0.47271919421837433,1.2574524245111012,55.75,55.481944444444444,460.92085021219907,454.8642043202261
1,69,signed,thr,naive,others,2579.2633861899994,2623.315344157155,327.1734772459015,2118.3032107955983,3526.05241406166,-1.6792475241404456,-0.13464403758513183,0.5609756097560976,0.4634146341463415,-4.227224004753216,0.43902439024390244,0.5853658536585366,1.135340038728157,-4.442054830570418,7.75,8.0375,2501.7633861899994,2542.940344157155
1,69,signed,mey,naive,others,1179.5550607183977,1166.4387329675028,16.385191157162218,1134.421769364491,1201.6683598832672,1.1244763552669463,0.8004989154588884,0.8048780487804879,0.21951219512195122,-0.47230035344001964,0.3902439024390244,0.6341463414634146,-1.4142801042661584,3.7348091515944497,73.125,71.503125,448.3050607183977,451.4074829675028
1,69,signed,trust,naive,others,1023.0048076133833,1028.3573288430102,12.3172015033499,1004.498518312131,1048.3668397397223,-0.5204923502270379,-0.4345566018523974,0.36585365853658536,0.6585365853658537,1.0579210624951312,0.7560975609756098,0.2682926829268293,-0.8445029137479217,-0.19091634944401006,60.0,60.240625,423.00480761338326,425.95107884301024
1,69,f2,thr,naive,others,2052.9782693978273,2152.768909154964,219.7008311179279,1803.2003356273706,2771.6613286122056,-4.635455265670301,-0.45421148044530013,0.3902439024390244,0.6341463414634146,-3.536680502045747,0.43902439024390244,0.5853658536585366,1.9472403076596854,-11.161193242561374,7.125,7.203125,2038.7282693978273,2138.362659154964
1,69,f2,mey,naive,others,517.3004817545832,514.2803983998853,5.334532469979868,502.07791826073355,522.6760264163984,0.5872445001004348,0.5661383395252497,0.7073170731707317,0.3170731707317073,0.27013045946137687,0.6341463414634146,0.3902439024390244,1.6450588059353197,-0.47316896439311257,146.125,146.475,225.0504817545832,221.33039839988527
1,69,f2,trust,naive,others,458.1329477352626,456.44867772475175,3.676744166919152,447.70401027349516,464.11330695394156,0.36899438922824085,0.458087355020441,0.6585365853658537,0.36585365853658536,1.8118944746972494,1.0,0.024390243902439025,0.8171781248108173,-0.0862220372086529,126.625,127.175,204.88294773526258,202.09867772475175
1,69,dwell5,thr,naive,others,1995.9629250465614,2103.299349957278,262.0380257867891,1763.4600243200525,3092.963734199194,-5.103240530783071,-0.4096215600328651,0.4634146341463415,0.5609756097560976,-5.341685376924956,0.43902439024390244,0.5853658536585366,3.060037056271214,-12.810217690203288,7.125,7.1125,1924.7129250465614,2032.174349957278
1,69,dwell5,mey,naive,others,1177.6624696246895,1177.4414236075986,19.885715515991865,1139.2545677572791,1236.2325643828192,0.01877341943802308,0.011115819137265736,0.5365853658536586,0.4878048780487805,0.26520969753427476,0.5609756097560976,0.4634146341463415,0.8966957495896766,-0.8433063727667652,68.875,68.88125,488.9124696246895,488.6289236075986
1,69,dwell5,trust,naive,others,1063.606001630104,1057.0998042647275,11.922884832140193,1029.8986341355735,1078.6295863606845,0.6154761678252219,0.5456898608831554,0.7317073170731707,0.2926829268292683,-0.8587734474646638,0.24390243902439024,0.7804878048780488,-0.7092076265852642,1.9646021009001469,59.375,58.23125,469.85600163010395,474.7873042647275
1,69,dwell200,thr,naive,others,2051.1746866484527,2637.4496714360444,525.2286155458114,1942.999119180974,4609.879600474063,-22.228859611503992,-1.1162281860411234,0.07317073170731707,0.9512195121951219,-6.802106739591365,0.3902439024390244,0.6341463414634146,-21.33518939562891,-23.302612591765133,5.375,5.98125,1997.4246866484527,2577.6371714360444
1,69,dwell200,mey,naive,others,843.9752016171843,856.1289474386301,13.839006150584257,819.6594457906758,883.2046692591628,-1.4196162689986618,-0.8782238904440899,0.14634146341463414,0.8780487804878049,0.18611171953260972,0.5609756097560976,0.4634146341463415,-1.18032457923988,-1.6644582147617528,49.0,49.6,353.9752016171843,360.1289474386301
1,69,dwell200,trust,naive,others,740.7197708617183,746.7147485077497,8.770226269694165,726.4999220277327,769.0547916430249,-0.8028470922814793,-0.6835602026309506,0.2926829268292683,0.7317073170731707,-2.328117798204096,0.07317073170731707,0.9512195121951219,-0.18296046581815856,-1.4598668032740452,42.25,41.8875,318.2197708617183,327.83974850774973
1,70,signed,thr,seasonal60,storage,2215.3579118691805,2119.401488233684,214.9507372253436,1725.7192653626214,2634.1295412050094,4.527524594477222,0.4464112329835855,0.6585365853658537,0.36585365853658536,-8.444226310490144,0.24390243902439024,0.7804878048780488,1.9612288843875816,7.079703246362909,6.125,6.21875,2154.1079118691805,2057.213988233684
1,70,signed,mey,seasonal60,storage,1020.7147485260699,1074.0215504408102,12.52889299744657,1042.2763382543035,1101.507029567928,-4.963289786211607,-4.254709647979624,0.024390243902439025,1.0,-1.3847799965932548,0.12195121951219512,0.9024390243902439,-6.660923968853721,-3.237143029359355,58.75,62.16875,433.2147485260699,452.3340504408102
1,70,signed,trust,seasonal60,storage,939.976580212971,955.7996727541133,8.407036624610065,937.2525181470639,975.0260137430106,-1.6554821049005406,-1.882124849417577,0.04878048780487805,0.975609756097561,0.1702016813758656,0.6829268292682927,0.34146341463414637,-3.2349059936461626,-0.019585397376362626,51.75,53.865625,422.47658021297104,417.1434227541133
1,69,f50,thr,naive,others,2846.7368496203117,2720.3600406440864,295.3263458030582,2310.108477934952,3989.701176185242,4.645591285273533,0.4279225703097314,0.7317073170731707,0.2926829268292683,-5.80860987456146,0.2926829268292683,0.7317073170731707,1.871501521648659,7.6514493981829,6.75,7.10625,2509.2368496203117,2365.0475406440864
1,69,f50,mey,naive,others,2367.945813138876,2502.4880053164766,59.850703958753215,2411.4068576045347,2656.353075062455,-5.376337144944106,-2.2479634035770375,0.024390243902439025,1.0,-0.771385614134677,0.4146341463414634,0.6097560975609756,-5.022199717924061,-5.737918328684469,26.75,28.25625,1030.445813138876,1089.6755053164766
1,69,f50,trust,naive,others,2190.8618524604963,2231.4005925838264,44.39347269638196,2146.749332427745,2337.049963025818,-1.816739686189147,-0.913168933653484,0.24390243902439024,0.7804878048780488,-3.0052137692666046,0.04878048780487805,0.975609756097561,-2.5312170711168847,-1.1225611796693613,25.5,25.315625,915.8618524604963,965.6193425838264
1,69,base,thr,naive,others,2078.634919991883,2335.6621368074266,304.56554591536695,1888.4598392236242,3339.354451729559,-11.004469043920418,-0.8439142912342633,0.18032786885245902,0.8360655737704918,2.8299577256541943,0.7213114754098361,0.29508196721311475,-10.459926376148708,-11.556530609428377,6.916666666666667,7.256944444444445,2009.4682533252164,2263.0926923629822
1,69,base,mey,naive,others,1114.2303855005337,1136.750604727265,11.583252790123796,1113.3215354433166,1161.768483502715,-1.9811046621025996,-1.9442051066978965,0.03278688524590164,0.9836065573770492,-1.2784510288578852,0.09836065573770492,0.9180327868852459,-0.8807284461254504,-3.0768609060597516,62.916666666666664,65.28611111111111,485.06371883386703,483.8894936161539
1,69,base,trust,naive,others,1020.6279199245859,1025.128241903369,11.821364007870807,1001.4453144748805,1061.1687737799882,-0.4390008776294424,-0.38069396863058225,0.36065573770491804,0.6557377049180327,1.406559702945406,0.9016393442622951,0.11475409836065574,-1.8026636335877284,0.9208284664385045,56.5,56.40416666666667,455.62791992458585,461.0865752367022
1,70,dwell5,thr,seasonal60,storage,2184.329238258475,2236.8777798485653,241.745009832251,1883.8529312471533,2856.3324694574017,-2.349191451740728,-0.21737177378161468,0.4634146341463415,0.5609756097560976,1.358533350584704,0.6097560975609756,0.4146341463414634,-2.65993155862538,-2.035955020908898,6.125,6.025,2123.079238258475,2176.6277798485653
1,70,dwell5,mey,seasonal60,storage,1114.7708171310974,1141.405885844792,15.884198923835672,1109.9841728562474,1187.0509112357374,-2.333531747471334,-1.6768279496755933,0.0975609756097561,0.926829268292683,0.578559550770373,0.6341463414634146,0.3902439024390244,-4.524723069305296,-0.09444415098652881,59.0,59.840625,524.7708171310974,542.999635844792
1,70,dwell5,trust,seasonal60,storage,974.1977522154805,976.6237536548127,12.350369995030666,952.3950043558737,1007.968091160401,-0.24840696637302176,-0.1964314785960572,0.4878048780487805,0.5365853658536586,0.263150799084515,0.6097560975609756,0.4146341463414634,0.7711192582409019,-1.28324796524602,52.5,52.3125,449.1977522154805,453.49875365481273
1,70,f2,thr,seasonal60,storage,2371.3221465436486,2123.0614896836255,176.47265831273967,1714.3392840777499,2545.2505143828075,11.693521740485172,1.4067938865637921,0.926829268292683,0.0975609756097561,-7.104066899893977,0.21951219512195122,0.8048780487804879,11.46547397347997,11.927730023190605,6.0,6.00625,2359.3221465436486,2111.0489896836257
1,70,f2,mey,seasonal60,storage,487.45069933886043,488.82870395155106,4.71568275756118,478.0944312547697,497.33584122085927,-0.28189928323587327,-0.29221741231025833,0.4146341463414634,0.6097560975609756,-1.6735522756135726,0.04878048780487805,0.975609756097561,0.37612711424439765,-0.9260111027455227,125.5,124.803125,236.45069933886043,239.22245395155107
1,70,f2,trust,seasonal60,storage,433.1681938839008,431.7232133462794,3.465605302915861,424.88676817702094,439.4275507615815,0.33470068158285593,0.41694896311638235,0.7073170731707317,0.3170731707317073,-1.130640423063352,0.0975609756097561,0.926829268292683,-1.7564662480101372,2.3695059678700563,116.375,115.009375,200.4181938839008,201.7044633462794
1,70,dwell200,thr,seasonal60,storage,2428.445415668589,2129.1443769052735,303.437719928901,1713.0585881313198,3056.8778063416703,14.057338807542562,0.9863672810138603,0.9024390243902439,0.12195121951219512,-5.679228664987136,0.4634146341463415,0.5609756097560976,-0.501176907325329,27.042950374013497,5.125,5.15,2377.195415668589,2077.6443769052735
1,70,dwell200,mey,seasonal60,storage,919.5593593504336,905.006548999772,16.939831879232877,867.187979562934,940.5874072803699,1.6080337061367809,0.8590882397423558,0.8780487804878049,0.14634146341463414,-1.8501938022447024,0.17073170731707318,0.8536585365853658,1.5528101658487947,1.6726163574438353,48.5,48.834375,434.5593593504336,416.662798999772
1,70,dwell200,trust,seasonal60,storage,784.0551525108425,795.2810675972571,9.870816140514368,776.7734827186313,819.4476117432037,-1.411565739937818,-1.1372833742022896,0.12195121951219512,0.9024390243902439,2.4064563679728694,0.9512195121951219,0.07317073170731707,-4.886212739670885,2.558581650839322,40.125,41.1375,382.8051525108425,383.9060675972571
1,70,f50,thr,seasonal60,storage,2230.812970031789,2222.8568614907695,147.87570735877114,2008.6508812054763,2836.419518686371,0.3579226660453432,0.05380267444277887,0.5609756097560976,0.4634146341463415,12.163465486479302,0.975609756097561,0.04878048780487805,-3.974330321799462,5.445293633561863,6.0,6.003125,1930.812970031789,1922.7006114907695
1,70,f50,mey,seasonal60,storage,2377.1582028260755,2306.5000724385,46.58376602584755,2172.7611267570446,2397.7436728707567,3.063434995381277,1.5167972969031747,0.926829268292683,0.0975609756097561,3.0343167042628965,0.926829268292683,0.0975609756097561,1.3363794628850336,4.761744693206904,25.0,24.184375,1127.1582028260755,1097.2813224385
1,70,f50,trust,seasonal60,storage,2052.9236039261077,2095.8087445541764,34.60774604890904,2018.5629615697399,2154.787060763366,-2.046233500051137,-1.2391775115161134,0.14634146341463414,0.8780487804878049,-1.810361478161974,0.14634146341463414,0.8780487804878049,-1.6606583388669267,-2.4060974719952783,21.25,22.2625,990.4236039261077,982.6837445541764
1,70,base,thr,seasonal60,storage,2218.218080087378,2064.4422271954168,178.02668177704055,1811.4126580246868,2602.7918248538786,7.44878451265108,0.8637798073692633,0.819672131147541,0.19672131147540983,3.8844421400827684,0.7704918032786885,0.2459016393442623,0.8452622682343882,13.659709669564752,6.0,6.011111111111111,2158.218080087378,2004.3311160843057
1,70,base,mey,seasonal60,storage,1049.4379430934907,1075.8611445461615,15.61148093208868,1030.3292810196256,1142.5689400776184,-2.4560048094140536,-1.6925493210806886,0.06557377049180328,0.9508196721311475,0.7451269377199257,0.7540983606557377,0.26229508196721313,-1.5168915277189459,-3.3702897800180716,56.25,56.67916666666667,486.93794309349073,509.0694778794949
1,70,base,trust,seasonal60,storage,944.9140668230162,954.3864882680786,7.805429113732559,940.6203941825688,971.5411883243952,-0.9925142027368677,-1.2135683134187858,0.16393442622950818,0.8524590163934426,0.6237500843486269,0.7377049180327869,0.2786885245901639,-1.685820824232171,-0.28751661601235284,50.75,51.50694444444444,437.41406682301624,439.3170438236341
1,71,signed,thr,ma10,queue,2100.7679217846016,2245.37514647053,196.10685000648675,1880.8970081539633,2702.33529809401,-6.4402255860556,-0.7373899722582113,0.24390243902439024,0.7804878048780488,4.792927694383289,0.7317073170731707,0.2926829268292683,3.8709895985596683,-17.281860140659173,6.625,6.409375,2034.5179217846016,2181.28139647053
1,71,signed,mey,ma10,queue,1094.3473220962653,1106.9191872291685,14.817703266341386,1084.1904167155922,1136.4757866214359,-1.135752752138393,-0.8484354766005049,0.2926829268292683,0.7317073170731707,-0.4434476168081024,0.4146341463414634,0.6097560975609756,-1.8197586834534567,-0.4354625092126402,64.5,65.471875,449.3473220962653,452.20043722916853
1,71,signed,trust,ma10,queue,979.303864797221,984.8718430284165,10.893818394990186,957.5762872065817,1002.9368926433655,-0.5653505347532686,-0.5111135535136246,0.24390243902439024,0.7804878048780488,-0.9576398317316832,0.17073170731707318,0.8536585365853658,-0.9794122286144953,-0.13253593203240088,56.25,56.10625,416.80386479722097,423.8093430284165
1,71,dwell5,thr,ma10,queue,2212.784334903119,2102.0111019641226,174.85289865575172,1865.41477793157,2642.009577615484,5.269869071361695,0.6335224282274293,0.7317073170731707,0.2926829268292683,-3.429804464250893,0.43902439024390244,0.5853658536585366,13.062616265005433,-2.1182693897903935,6.25,6.153125,2150.284334903119,2040.4798519641226
1,71,dwell5,mey,ma10,queue,1152.00007222236,1135.361471412891,17.995118740061265,1099.8683099785078,1186.622316879906,1.4654892937984905,0.9246174504215735,0.8048780487804879,0.21951219512195122,0.39105873041689543,0.6829268292682927,0.34146341463414637,2.154045959796882,0.7856585875416053,60.75,61.0625,544.5000722223599,524.736471412891
1,71,dwell5,trust,ma10,queue,991.9509648929943,983.1777770528722,12.1318338056483,960.8214443963959,1014.7506396728388,0.8923297540776592,0.7231543046721839,0.7560975609756098,0.2682926829268293,-0.10880787350255272,0.4634146341463415,0.5609756097560976,-0.4085715992210918,2.211241853280208,53.0,52.4875,461.9509648929943,458.3027770528722
1,71,f50,thr,ma10,queue,2532.4386874509955,2474.8783502713536,163.07778413269747,2203.964042697794,2909.2065293998503,2.325784504653767,0.35296246809930093,0.6829268292682927,0.34146341463414637,-1.5779143201876067,0.4634146341463415,0.5609756097560976,-4.785910652571713,9.518818673585951,6.25,6.19375,2219.9386874509955,2165.1908502713536
1,71,f50,mey,ma10,queue,2414.7184316999114,2406.325214522431,46.186301873504966,2309.2199607174543,2519.0655285401126,0.3487981228317133,0.1817252483315893,0.6341463414634146,0.3902439024390244,-1.4329046351773242,0.21951219512195122,0.8048780487804879,-1.7953457903049657,2.479431593712952,24.875,24.771875,1170.9684316999114,1167.731464522431
1,71,f50,trust,ma10,queue,2149.369976250033,2158.4793585470943,35.07895162512047,2064.5404388688667,2235.5628661150445,-0.4220277697347634,-0.25968228453378833,0.43902439024390244,0.5853658536585366,-0.9790258017903615,0.2682926829268293,0.7560975609756098,0.5892170405758227,-1.4534406098171375,22.25,22.85625,1036.8699762500328,1015.6668585470943
1,71,f2,thr,ma10,queue,1925.9086564770646,2156.8759950714566,231.4088445876039,1843.295731524382,3049.3885419986336,-10.70841991482872,-0.9980920954253122,0.14634146341463414,0.8780487804878049,-6.137108624840241,0.2926829268292683,0.7317073170731707,-11.725470277076964,-9.824177503090965,6.125,6.1625,1913.6586564770646,2144.550995071457
1,71,f2,mey,ma10,queue,518.2723832856026,504.0354961659259,5.096735155205119,492.84858083231245,513.3086910632529,2.8245802583296573,2.7933346909613386,1.0,0.024390243902439025,-1.6374337096989613,0.07317073170731707,0.9512195121951219,2.838333694678008,2.810915235186806,132.75,132.228125,252.7723832856026,239.5792461659259
1,71,f2,trust,ma10,queue,442.858833360879,446.5022457901758,3.788706422362827,438.898253478835,454.2459763001023,-0.8159897209137322,-0.9616507649659981,0.1951219512195122,0.8292682926829268,-0.09090390229053608,0.5365853658536586,0.4878048780487805,0.4206270808315695,-2.005333078213042,119.125,118.865625,204.60883336087898,208.7709957901758
1,71,dwell200,thr,ma10,queue,1970.6954875185488,2316.9743285803347,286.39738365285126,1889.1059631629707,3059.518607418072,-14.9453033117531,-1.2090852110629555,0.07317073170731707,0.9512195121951219,-4.8735598713600075,0.5121951219512195,0.5121951219512195,-13.514213788752908,-16.95158804919261,5.0,5.10625,1920.6954875185488,2265.9118285803347
1,71,dwell200,mey,ma10,queue,964.8767611316315,957.4655540144415,15.4710438641049,928.3897272448709,997.8840966632843,0.7740442552858868,0.47903730234939523,0.7073170731707317,0.3170731707317073,0.3144664572145386,0.6585365853658537,0.36585365853658536,0.09749725308186065,1.480680626653825,48.375,49.09375,481.1267611316315,466.5280540144415
1,71,dwell200,trust,ma10,queue,866.8734995994719,864.5541199101023,11.923367543237035,842.7760807967588,890.7758583477838,0.2682746673638875,0.19452387766786322,0.5609756097560976,0.4634146341463415,-0.47790774865019353,0.3902439024390244,0.6341463414634146,1.0285238548909426,-0.5530036731639482,45.75,45.525,409.37349959947187,409.30411991010226
1,72,signed,thr,naive,storage,2077.811629619887,2494.1115876861795,407.2457136708913,1799.1770137728872,3679.896494366496,-16.69131245456823,-1.02223287831267,0.14634146341463414,0.8780487804878049,19.772080224717744,0.8536585365853658,0.17073170731707318,-12.810652277499216,-20.332154884348192,6.75,7.23125,2010.3116296198868,2421.7990876861795
1,72,signed,mey,naive,storage,1201.2642642827702,1200.1479414176981,11.377547937980882,1177.986102186299,1226.0046081387216,0.09301543805953028,0.09811629633706602,0.5853658536585366,0.43902439024390244,0.2477285736876698,0.6585365853658537,0.36585365853658536,-1.1173104004127963,1.259924956573264,75.5,73.99375,446.2642642827702,460.2104414176981
1,72,signed,trust,naive,storage,1048.2390568043447,1032.0833091305674,13.590584067516113,1002.5488125422205,1058.2031153200603,1.5653530612162532,1.1887456487166301,0.9024390243902439,0.12195121951219512,-0.055046852451435785,0.4634146341463415,0.5609756097560976,0.28086588063553,2.8526393095202587,61.875,60.271875,429.4890568043447,429.3645591305674
1,71,base,thr,ma10,queue,2124.4545211733753,2226.1735193632635,161.94821260664895,1994.6062171305157,2630.890680302373,-4.56923044430886,-0.6280958372597194,0.32786885245901637,0.6885245901639344,-1.2331764564366647,0.5573770491803278,0.45901639344262296,-11.761922433509582,2.2609485697258207,6.083333333333333,6.126388888888889,2063.621187840042,2164.909630474375
1,71,base,mey,ma10,queue,1131.1033533761688,1124.2204599685194,12.779992551586082,1094.7816660906408,1149.53460254297,0.6122369813339011,0.5385678731710333,0.7377049180327869,0.2786885245901639,1.5605849911447576,0.8852459016393442,0.13114754098360656,0.9189896679643721,0.3124145338218037,61.083333333333336,60.99305555555556,520.2700200428354,514.2899044129639
1,71,base,trust,ma10,queue,984.815676404076,986.1742594860206,9.99162101142726,967.4953373991375,1009.9777898446913,-0.13776298345614799,-0.1359722391782801,0.47540983606557374,0.5409836065573771,1.3619375941050051,0.8852459016393442,0.13114754098360656,1.1356743770707913,-1.4061071208726477,51.583333333333336,51.82083333333333,468.9823430707427,467.9659261526872
1,72,dwell5,thr,naive,storage,1808.3923417339474,2394.3772775580314,412.9482368669628,1685.4134874218805,3632.615646692554,-24.473375241086323,-1.4190275766036686,0.07317073170731707,0.9512195121951219,-8.635252291504978,0.3902439024390244,0.6341463414634146,-23.677015732506828,-25.33764035232201,6.25,6.478125,1745.8923417339474,2329.5960275580314
1,72,dwell5,mey,naive,storage,1149.104151720955,1169.605830559282,18.62024093206086,1135.2821089338202,1213.8887673619313,-1.7528707794251792,-1.1010426187894515,0.1951219512195122,0.8292682926829268,1.5780170493286487,0.8048780487804879,0.21951219512195122,-1.9832390635952442,-1.5274246899874344,68.75,68.359375,461.6041517209551,486.0120805592819
1,72,dwell5,trust,naive,storage,1033.3330688739306,1042.617296064954,15.582350605034671,1014.6933329904216,1080.7316531529011,-0.8904731607718238,-0.5958168588520641,0.2926829268292683,0.7317073170731707,0.2190415855977342,0.5853658536585366,0.43902439024390244,-1.789674020280399,-0.013003229296083498,59.0,59.38125,443.33306887393064,448.80479606495396
1,72,dwell200,thr,naive,storage,2530.509523232576,2620.3234303773816,475.85568328575573,1909.5979855749838,3696.9846991469485,-3.427588598552138,-0.18874190284887554,0.5365853658536586,0.4878048780487805,-3.2677242938626834,0.5365853658536586,0.4878048780487805,-15.904024749382735,8.50037828661241,5.625,5.828125,2474.259523232576,2562.0421803773816
1,72,dwell200,mey,naive,storage,978.2127975148126,1004.9187938491216,17.4832722072109,968.5178785811984,1042.247852885425,-2.657527802024435,-1.5275170470259136,0.0975609756097561,0.926829268292683,3.9190483749316045,1.0,0.024390243902439025,-3.1894012713977524,-2.1009013143301276,57.375,58.6875,404.46279751481256,418.0437938491216
1,72,dwell200,trust,naive,storage,897.6089773751813,884.018678007665,15.097442619826474,857.2467330124329,922.2211836604675,1.5373316996135316,0.9001722814742854,0.8536585365853658,0.17073170731707318,1.6838403285378105,0.9024390243902439,0.12195121951219512,0.5578770357509009,2.5854934216771226,49.5,49.20625,402.6089773751813,391.956178007665
1,72,f50,thr,naive,storage,2710.837494541994,2697.93988547794,500.50966384406576,2115.6012088573298,4767.38165254619,0.4780539823543616,0.02576895112273448,0.6341463414634146,0.3902439024390244,2.534074438057981,0.6829268292682927,0.34146341463414637,-2.86005165357033,3.7399699046695303,6.5,6.596875,2385.837494541994,2368.09613547794
1,72,f50,mey,naive,storage,2606.8425269296267,2597.677938182836,63.24165523787007,2471.822234556486,2753.803019208323,0.35279926784155863,0.14491380265617787,0.5121951219512195,0.5121951219512195,-3.0006003657836415,0.14634146341463414,0.8780487804878049,3.4023030433122847,-2.712009213029366,29.625,29.396875,1125.5925269296267,1127.834188182836
1,72,f50,trust,naive,storage,2341.606373232975,2319.1491462953236,46.70254688894007,2264.541881295558,2430.828293004394,0.9683390554473443,0.48085657921515895,0.7317073170731707,0.2926829268292683,2.110498499198532,0.8048780487804879,0.21951219512195122,-0.7875295538988779,2.694564507133629,25.75,24.809375,1054.1063732329749,1078.6803962953236
1,72,f2,thr,naive,storage,2316.8126216110854,2508.949834769631,538.3618939929545,1883.935052139862,4180.7806856050365,-7.6580731306725065,-0.35689229736059264,0.4634146341463415,0.5609756097560976,-1.7727228656076146,0.6341463414634146,0.3902439024390244,8.034301295692465,-22.119274253797496,6.375,6.70625,2304.0626216110854,2495.537334769631
1,72,f2,mey,naive,storage,509.8741496691375,509.0636486317879,5.238723825233167,497.0790318622689,519.1493075309174,0.15921408639725598,0.1547134501432826,0.4878048780487805,0.5365853658536586,1.006333316676088,0.8292682926829268,0.1951219512195122,2.07584544654262,-1.746704740897563,154.375,153.725,201.12414966913752,201.6136486317879
1,72,f2,trust,naive,storage,449.5141385087477,452.9970270559455,3.0362351777771135,447.6304581106035,459.0102707441451,-0.7688546147495338,-1.1471076327321,0.17073170731707318,0.8536585365853658,-0.06911930497879183,0.5121951219512195,0.5121951219512195,0.5716810476546341,-2.0825335931928413,128.0,129.175,193.5141385087477,194.6470270559455
1,72,base,thr,naive,storage,2442.79440319639,2614.878958454463,460.3157405984706,1948.7100175158987,3916.0493058900233,-6.580975945432845,-0.3738402580679529,0.4098360655737705,0.6065573770491803,-2.4113877479266934,0.5737704918032787,0.4426229508196721,12.374647867584908,-25.505960222000148,6.25,6.654166666666667,2380.29440319639,2548.3372917877964
1,72,base,mey,naive,storage,1139.3078792974704,1151.7461508154822,15.413058007170276,1113.671318569958,1191.536807781411,-1.0799490416534057,-0.8069956988564765,0.26229508196721313,0.7540983606557377,-0.40598208620281556,0.32786885245901637,0.6885245901639344,-0.08180022882555398,-2.0809222095834503,68.33333333333333,68.44166666666666,455.9745459641372,467.3294841488156
1,72,base,trust,naive,storage,1026.8177326230948,1013.8270048800601,10.568904704637044,995.6062551453055,1039.9317038914398,1.2813554660216917,1.2291460757835246,0.9016393442622951,0.11475409836065574,-1.1900338125293093,0.16393442622950818,0.8524590163934426,-0.14107736580159244,2.724873066444451,56.333333333333336,55.90277777777778,463.4843992897614,454.7992271022823
1,73,signed,thr,seasonal60,storage,2425.2768063871526,2245.7569973308814,282.89589629754244,1808.8344103282277,2834.6691212281007,7.993732593046953,0.6345790497698031,0.7804878048780488,0.24390243902439024,-13.33045763358265,0.1951219512195122,0.8292682926829268,19.50855824792623,-4.277023979066869,7.0,6.765625,2355.2768063871526,2178.1007473308814
1,73,signed,mey,seasonal60,storage,1162.517376341877,1117.4786032298732,18.205768200065343,1083.169720676275,1154.153445277691,4.0303924372088415,2.473873808403326,1.0,0.024390243902439025,0.8709604577755183,0.7073170731707317,0.3170731707317073,6.0354237834286995,2.0377971485698763,67.75,67.153125,485.017376341877,445.9473532298732
1,73,signed,trust,seasonal60,storage,980.7862773181879,974.7013551078796,13.266833582343141,947.7114924560262,1005.4362447314634,0.6242858059466622,0.45865670753620524,0.6829268292682927,0.34146341463414637,0.6932524917595371,0.7073170731707317,0.3170731707317073,2.349200350880041,-1.1114888772943012,56.875,56.590625,412.0362773181879,408.79510510787964
1,73,dwell200,thr,seasonal60,storage,1959.9503482561956,2333.499824459137,408.867770325074,1722.0657851632086,3340.6943483788077,-16.00812103294344,-0.913619275752519,0.1951219512195122,0.8292682926829268,-12.89321760638337,0.1951219512195122,0.8292682926829268,-16.918170212768857,-15.029796369340003,5.125,5.1375,1908.7003482561956,2282.124824459137
1,73,dwell200,mey,seasonal60,storage,944.3720661861948,944.0063030425927,15.456098589704482,919.5348667912127,982.5964390283252,0.03874583701647989,0.02366464871321538,0.5121951219512195,0.5121951219512195,-0.21546275763887743,0.4146341463414634,0.6097560975609756,1.5096424016156325,-1.2990229700539713,50.25,52.19375,441.87206618619484,422.06880304259266
1,73,dwell200,trust,seasonal60,storage,844.6190564680799,833.3243623262591,11.745425028970526,809.1602767544784,855.5092173782641,1.3553778879440341,0.9616249828305029,0.7804878048780488,0.24390243902439024,3.6628413474614008,1.0,0.024390243902439025,-0.9772016719052651,3.4079550607740434,47.625,46.653125,368.36905646807986,366.7931123262591
1,73,dwell5,thr,seasonal60,storage,2077.265638582822,2237.4465237664417,304.78328180085,1822.2708287362846,3178.703676867328,-7.15909334512169,-0.5255566651726145,0.36585365853658536,0.6585365853658537,-1.1527389083697122,0.5609756097560976,0.4634146341463415,-18.706270399415722,3.331259918638161,6.5,6.246875,2012.2656385828218,2174.9777737664417
1,73,dwell5,mey,seasonal60,storage,1198.685886858837,1123.2299619951134,16.942924266269824,1093.1362027118098,1156.1543713885662,6.717762828343412,4.4535361002552625,1.0,0.024390243902439025,1.820793602278345,0.8780487804878049,0.14634146341463414,6.619150824967008,6.813946955559125,64.625,62.0,552.435886858837,503.2299619951134
1,73,dwell5,trust,seasonal60,storage,1002.7082241652743,987.3458193436184,11.843501717490366,950.0934749340706,1007.6085497432891,1.5559294950849882,1.2971167808393065,0.926829268292683,0.0975609756097561,0.2265383329306474,0.5853658536585366,0.43902439024390244,-0.8819558940117926,3.9335589794717665,53.75,54.41875,465.20822416527426,443.15831934361836
1,73,f2,thr,seasonal60,storage,2381.1725499442964,2283.017096875663,256.1469718119348,1900.3446281738911,2891.944883364435,4.299374420058459,0.3831997402674744,0.7073170731707317,0.3170731707317073,6.880428962252388,0.7317073170731707,0.2926829268292683,2.8657269917194195,5.7733450592815885,6.25,6.2875,2368.6725499442964,2270.442096875663
1,73,f2,mey,seasonal60,storage,531.3656073290803,501.0838764557502,5.0754762616872116,491.42118726087557,514.0482142726128,6.043245910748072,5.96628361793651,1.0,0.024390243902439025,0.5406999387436634,0.6829268292682927,0.34146341463414637,6.207624047699797,5.878987649514369,141.875,140.603125,247.61560732908026,219.8776264557502
1,73,f2,trust,seasonal60,storage,453.72213818349525,442.2173685053156,4.183930737839728,431.5865910445386,451.6974561323183,2.6016096376009563,2.7497514655607893,1.0,0.024390243902439025,-0.438243574613777,0.34146341463414637,0.6829268292682927,2.4017674184354756,2.8030413724072285,121.625,122.721875,210.47213818349525,196.77361850531562
1,73,f50,thr,seasonal60,storage,2530.02299877187,2391.563505409545,238.4538559847106,2063.799482875106,2953.398430210483,5.789496831221054,0.5806552919454683,0.7317073170731707,0.2926829268292683,6.902950099659594,0.7560975609756098,0.2682926829268293,5.525064829390684,6.038887776396113,6.125,6.2375,2223.77299877187,2079.688505409545
1,73,f50,mey,seasonal60,storage,2468.35773645367,2365.2481876026195,46.21897643842022,2284.149245526569,2508.679958723826,4.359354311801028,2.2308920879809686,0.9512195121951219,0.07317073170731707,-2.3294400908160027,0.12195121951219512,0.9024390243902439,5.480987774139888,3.1777036278667357,26.0,25.709375,1168.35773645367,1079.7794376026195
1,73,f50,trust,seasonal60,storage,2126.9729393737803,2128.3874073022425,40.74913380582908,2038.9624042082473,2208.399919752654,-0.06645725884345126,-0.03471160725040825,0.5609756097560976,0.4634146341463415,2.5490571378611246,0.8780487804878049,0.14634146341463414,-3.2727368785473887,3.132648277245653,24.375,24.746875,908.2229393737803,891.0436573022425
1,73,base,thr,seasonal60,storage,2617.264324120672,2250.6409310986487,263.1181094164563,1756.0434835183835,3150.5901695119633,16.28973275817286,1.393379550480661,0.9180327868852459,0.09836065573770492,-5.930625463403591,0.3442622950819672,0.6721311475409836,9.368442636392198,23.840036938711545,6.333333333333333,6.2347222222222225,2553.9309907873385,2188.2937088764265
1,73,base,mey,seasonal60,storage,1177.2972640863075,1109.342347295302,14.284121646659822,1074.879940187822,1140.884074574835,6.125693926377816,4.757374550005733,1.0,0.01639344262295082,0.9170475929952053,0.8032786885245902,0.21311475409836064,5.06173431261259,7.212762009791354,61.666666666666664,61.00833333333333,560.6305974196408,499.25901396196866
1,73,base,trust,seasonal60,storage,1010.8119569011925,971.5148290350845,9.554114452336254,954.4130877645613,992.3359610833768,4.044933406228927,4.113110436572038,1.0,0.01639344262295082,-0.03842172145052447,0.5081967213114754,0.5081967213114754,3.691007839661403,4.394852530846693,53.25,52.50416666666667,478.3119569011925,446.4731623684178
1,74,signed,thr,ma10,timer,2588.679400925202,2505.6222678118597,286.76570115931014,2059.724283396,3227.9603034753263,3.314830578428549,0.28963412562090446,0.6585365853658537,0.36585365853658536,33.83196361498535,1.0,0.024390243902439025,11.741549042949094,-5.577473304990185,12.5,12.103125,2463.679400925202,2384.5910178118597
1,74,signed,mey,ma10,timer,1133.6979823826514,1122.2508346297623,15.331236828655493,1099.514484512456,1176.5835051903314,1.0200168625105643,0.7466552034140749,0.8292682926829268,0.1951219512195122,2.3901644114061473,0.9512195121951219,0.07317073170731707,3.657015226560488,-1.6726511378846594,71.25,70.125,421.1979823826514,421.00083462976227
1,74,signed,trust,ma10,timer,1020.33882530865,1015.9503805331354,9.802044578778029,993.3830339652804,1037.2241182193927,0.43195463672267953,0.447707081950618,0.7073170731707317,0.3170731707317073,1.8863052681511001,0.975609756097561,0.04878048780487805,0.24679145720152515,0.6220667724815642,59.5,59.16875,425.33882530865003,424.26288053313544
1,74,dwell5,thr,ma10,timer,2262.1762806001325,2016.8773458890853,188.84660561538456,1738.7554276411229,2565.401664824154,12.162312954282,1.2989321884378295,0.8780487804878049,0.14634146341463414,-2.036532300752102,0.4878048780487805,0.5365853658536586,11.245032467336129,13.269239017946436,9.875,9.803125,2163.4262806001325,1918.8460958890853
1,74,dwell5,mey,ma10,timer,1110.8862789498241,1103.3916285226724,12.76563876339245,1082.7663296234973,1134.948609717488,0.6792375647426605,0.5870956061081655,0.8048780487804879,0.21951219512195122,-0.6387417850031962,0.2682926829268293,0.7560975609756098,0.36533979772011455,0.993679583831262,66.25,66.709375,448.38627894982415,436.29787852267236
1,74,dwell5,trust,ma10,timer,1036.8707024548376,1023.794500170842,12.579100770782713,996.3937707372979,1046.6577581262907,1.277229198028858,1.0395180484099067,0.8292682926829268,0.1951219512195122,-0.8824883436615594,0.1951219512195122,0.8292682926829268,1.6886560070472254,0.8644770289711392,60.125,60.009375,435.62070245483756,423.70075017084196
1,74,dwell200,thr,ma10,timer,2195.9062667067637,2484.350836979615,247.39572875596957,1953.815822926163,3111.971844065702,-11.610460405967938,-1.165923808480025,0.12195121951219512,0.9024390243902439,-7.972614289576744,0.24390243902439024,0.7804878048780488,-7.9765543331021265,-15.868016424350245,8.625,9.171875,2109.6562667067637,2392.632086979615
1,74,dwell200,mey,ma10,timer,899.5862727399926,908.4686104753625,14.32092394491833,882.7400861311685,963.1328706149625,-0.9777264324765339,-0.6202349631583464,0.2682926829268293,0.7560975609756098,2.6072163265310624,0.975609756097561,0.04878048780487805,1.7539884417377676,-3.515521285917722,56.0,56.203125,339.58627273999264,346.43736047536254
1,74,dwell200,trust,ma10,timer,821.8879466218125,831.6047448395091,10.433759598122636,815.2009268130773,861.9863081642636,-1.1684394873879438,-0.9312844642735432,0.21951219512195122,0.8048780487804879,1.6735813120140406,0.926829268292683,0.0975609756097561,-1.6955495820807,-0.6548997871629421,48.25,49.325,339.3879466218125,338.35474483950907
1,74,f2,thr,ma10,timer,2461.851127245274,2412.906621513934,399.9441411179617,1833.4416176092998,3488.3741613413663,2.0284459122844254,0.12237835412346665,0.5609756097560976,0.4634146341463415,-3.0543729759582785,0.4634146341463415,0.5609756097560976,5.2357897123893915,-1.262449045791982,9.875,10.0,2442.101127245274,2392.906621513934
1,74,f2,mey,ma10,timer,460.1319749940168,462.94565754417926,3.898399918363726,456.7004558705987,471.4644809453133,-0.6077781494027636,-0.721753183122232,0.36585365853658536,0.6585365853658537,0.6302246712841196,0.7317073170731707,0.2926829268292683,0.7172104271488218,-1.916543414422728,143.25,143.78125,173.6319749940168,175.38315754417926
1,74,f2,trust,ma10,timer,433.7509598528123,434.96444529237,2.1833537976511193,429.9998904590204,440.9468624408003,-0.2789849728388794,-0.5557896484129986,0.2926829268292683,0.7317073170731707,0.26168433490982096,0.6829268292682927,0.34146341463414637,0.6723407428557339,-1.2346886307266534,131.75,130.9375,170.2509598528123,173.08944529237
1,74,f50,thr,ma10,timer,3047.56868108592,2897.2387323151634,361.85346779723125,2354.1806992245,4140.320297476719,5.188731846430521,0.4154442672219903,0.7560975609756098,0.2682926829268293,-0.6074361079189585,0.6097560975609756,0.4146341463414634,8.600334021670346,1.3312946697336823,10.625,9.85625,2516.31868108592,2404.4262323151634
1,74,f50,mey,ma10,timer,2350.2376479499508,2335.1411309916666,43.80192362914554,2253.3543246235586,2433.9413754108436,0.6464927005021364,0.3446542002607169,0.6097560975609756,0.4146341463414634,-1.3526877841077294,0.24390243902439024,0.7804878048780488,1.6820416248844148,-0.45304384096743044,28.25,28.003125,937.7376479499508,934.9848809916666
1,74,f50,trust,ma10,timer,2284.1254496530437,2191.4732393915256,31.542687707489357,2125.005124651554,2276.4832728824786,4.227850406571403,2.9373594007183854,1.0,0.024390243902439025,2.952965767580872,0.9512195121951219,0.07317073170731707,3.576460365607015,4.886178228453132,25.875,25.1875,990.3754496530437,932.0982393915256
1,75,signed,thr,naive,http,2305.421082221895,2211.019600663675,255.00660778357735,1826.9042202706976,3000.9647485579803,4.26959044279317,0.3701922957162662,0.7073170731707317,0.3170731707317073,3.823485730138521,0.7073170731707317,0.3170731707317073,8.166219607768346,-0.017666862441226866,6.125,6.259375,2244.171082221895,2148.425850663675
1,75,signed,mey,naive,http,1069.8688416265798,1067.3393174614132,15.811734534193317,1032.7959097534954,1106.0306766839744,0.23699344002269432,0.15997765202143907,0.6097560975609756,0.4146341463414634,-0.517474294961848,0.3902439024390244,0.6341463414634146,1.6806093394997033,-1.1712690176703,63.875,62.9,431.11884162657975,438.3393174614132
1,75,signed,trust,naive,http,933.743804638709,926.9348139003966,11.671374152491923,898.523260934726,954.8074237940166,0.7345706123239847,0.5833923794533279,0.6585365853658537,0.36585365853658536,1.5115127275637241,0.9512195121951219,0.07317073170731707,-0.6677740514678027,2.151576724284338,55.375,53.190625,379.993804638709,395.02856390039665
1,75,dwell5,thr,naive,http,2037.1336227774004,2110.4320252547814,140.73314690072485,1878.208005989106,2397.928985345752,-3.4731468059736255,-0.52083254081632,0.3170731707317073,0.7073170731707317,-0.8643177367412485,0.5609756097560976,0.4634146341463415,1.8676656839545953,-8.440164045194416,6.0,6.034375,1977.1336227774004,2050.0882752547814
1,75,dwell5,mey,naive,http,1210.9012285750875,1143.960726790693,16.680500515201864,1105.2517994192074,1179.9022665621676,5.851643348997816,4.0130991107483895,1.0,0.024390243902439025,-0.06467136367073913,0.4634146341463415,0.5609756097560976,7.6107959558119305,4.127180666401677,59.125,57.815625,619.6512285750875,565.8044767906929
1,75,dwell5,trust,naive,http,1002.5063881793421,1006.4442184594618,12.037061743498754,982.3019040264121,1033.4834663457714,-0.39126165244877703,-0.3271421518001685,0.43902439024390244,0.5853658536585366,0.9234219323306913,0.7560975609756098,0.2682926829268293,-0.2569743791942917,-0.5256150061249724,54.5,55.265625,457.50638817934214,453.7879684594618
1,74,base,thr,ma10,timer,2844.2386673282795,2476.7302615472186,213.93020526225882,2118.6848515886536,2978.33726549398,14.83845098058751,1.717889277629259,0.9836065573770492,0.03278688524590164,-15.316014524480098,0.01639344262295082,1.0,4.834973374655724,24.735469027346387,9.666666666666666,9.95138888888889,2747.572000661613,2377.21637265833
1,74,base,mey,ma10,timer,1054.6710664533705,1065.2733048512644,12.779522001301324,1034.2381377500162,1095.5751502549467,-0.9952599346675807,-0.8296271485595672,0.21311475409836064,0.8032786885245902,0.12879519285843405,0.5737704918032787,0.4426229508196721,-1.2618178009758372,-0.7328759722524032,62.833333333333336,64.49861111111112,426.3377331200371,420.28719374015316
1,74,base,trust,ma10,timer,998.1819280724411,1018.2417561511803,8.330860775438365,1001.1607113188139,1037.422396170878,-1.97004571434614,-2.40789380827021,0.01639344262295082,1.0,0.20514898676291773,0.5737704918032787,0.4426229508196721,-2.3240249394128476,-1.6225762375369799,58.666666666666664,60.42777777777778,411.5152614057745,413.9639783734025
1,75,dwell200,thr,naive,http,2210.8702495360226,2443.3434640396104,206.00007109977642,1987.6251460330825,2834.706409440121,-9.514553231056468,-1.1285103605182207,0.1951219512195122,0.8292682926829268,-8.532392252550048,0.1951219512195122,0.8292682926829268,-9.484178316491182,-9.553597422865193,4.875,4.778125,2162.1202495360226,2395.5622140396104
1,75,dwell200,mey,naive,http,926.7390632475252,928.5582238158547,14.569246790890748,901.0251486916063,955.8116448765414,-0.19591238563950916,-0.12486304847735182,0.5121951219512195,0.5121951219512195,-2.791613983724945,0.04878048780487805,0.975609756097561,-0.96868256973392,0.5226204035300261,50.75,48.665625,419.2390632475252,441.9019738158547
1,75,dwell200,trust,naive,http,810.6632818762542,820.7664060971128,7.858813763216343,804.5714712092821,837.369418598403,-1.2309378339326433,-1.2855787813864343,0.12195121951219512,0.9024390243902439,1.9889373780168924,0.975609756097561,0.04878048780487805,-0.5880462762710919,-1.840686904319625,44.0,44.4875,370.66328187625425,375.89140609711285
1,75,f2,thr,naive,http,2564.493613354446,2373.2877763686547,301.3906596964432,1936.9424784503979,3229.869527099781,8.056580364575662,0.6344119528401161,0.7317073170731707,0.2926829268292683,-4.7875700562823305,0.4878048780487805,0.5365853658536586,19.909187195275567,-3.525739351602787,5.75,5.81875,2552.993613354446,2361.650276368655
1,75,f2,mey,naive,http,483.4590682875553,483.58651384450303,5.093455038590778,474.99123515453596,496.68636203121656,-0.02635424134030508,-0.025021435544664967,0.5609756097560976,0.4634146341463415,-0.6364646992470339,0.3170731707317073,0.7073170731707317,-0.40740590354547374,0.3644023402109544,118.5,121.475,246.45906828755528,240.63651384450304
1,75,f2,trust,naive,http,426.04840223656106,427.83816067979126,4.2442663281338575,420.556822381675,438.00190683438365,-0.4183260418814569,-0.4216885333906765,0.36585365853658536,0.6585365853658537,0.49887779067657834,0.6341463414634146,0.3902439024390244,-1.8377768588618597,1.0264207617490404,112.875,113.775,200.29840223656106,200.28816067979125
1,75,f50,thr,naive,http,2234.099249800267,2339.102933881425,142.39504038018765,2092.235729765288,2749.559260007619,-4.489057858899723,-0.7374111050553692,0.24390243902439024,0.7804878048780488,17.068811099603767,0.975609756097561,0.04878048780487805,2.4201032634784267,-10.851918353513287,6.0,6.071875,1934.099249800267,2035.509183881425
1,75,f50,mey,naive,http,2467.281148647016,2488.3627213825766,53.03722707575094,2383.6682381593146,2594.6104478092043,-0.8472065810344335,-0.3974863298462182,0.4146341463414634,0.6097560975609756,0.40778027810893186,0.5853658536585366,0.43902439024390244,-4.153301635067247,2.410366123066513,24.125,24.6375,1261.031148647016,1256.4877213825766
1,75,f50,trust,naive,http,2187.666445334892,2188.272778659798,31.937600966458287,2139.0097309921243,2261.5277103103745,-0.02770830633268389,-0.01898493645601552,0.5853658536585366,0.43902439024390244,0.9999572553323302,0.7560975609756098,0.2682926829268293,0.3744258993128281,-0.4252747756384328,23.375,23.353125,1018.9164453348922,1020.616528659798
1,76,signed,thr,seasonal60,event,2310.9340042815566,2327.9833532248804,248.01964837252808,1799.3462165657215,2932.2422553507763,-0.7323655867085951,-0.06874192853348264,0.4878048780487805,0.5365853658536586,-13.561475184514666,0.0975609756097561,0.926829268292683,-4.291295883334768,3.5766546023162644,6.875,6.915625,2242.1840042815566,2258.8271032248804
1,76,signed,mey,seasonal60,event,1093.608474848185,1088.2381616336122,19.471958370244682,1048.8476303428872,1141.3005426906286,0.493486940993801,0.2757972830703729,0.5853658536585366,0.43902439024390244,-0.7892725714393963,0.4146341463414634,0.6097560975609756,1.1519593630763925,-0.16475204468269272,63.75,63.275,456.1084748481851,455.4881616336122
1,76,signed,trust,seasonal60,event,974.3127651662107,964.1937797386297,12.48720480895003,935.4856186888322,989.2869924356713,1.0494763231436794,0.8103483191313076,0.8292682926829268,0.1951219512195122,0.6229520130501354,0.7317073170731707,0.2926829268292683,1.1555018990379273,0.9426349710431718,52.375,53.284375,450.56276516621074,431.3500297386297
1,76,dwell5,thr,seasonal60,event,1960.822605596178,2086.0918254573153,284.55911341355153,1592.391792448744,3163.9523513770396,-6.004971513354917,-0.44022213296357443,0.34146341463414637,0.6829268292682927,-6.8097102687498845,0.3170731707317073,0.7073170731707317,-1.617892077224539,-10.359929111685105,6.125,6.30625,1899.572605596178,2023.0293254573153
1,76,dwell5,mey,seasonal60,event,1133.8795850733436,1132.1559824323522,17.030918139106902,1095.7132961618631,1171.8757572752675,0.15224073959211867,0.10120432891011569,0.5609756097560976,0.4634146341463415,2.81062614852603,0.975609756097561,0.04878048780487805,-0.33353756072066515,0.6435348577724702,59.875,59.246875,535.1295850733436,539.6872324323522
1,76,dwell5,trust,seasonal60,event,1000.8386749449462,993.2319852015637,11.396796645767099,968.4577045479464,1021.2572334193877,0.7658522738611587,0.6674410345127738,0.8048780487804879,0.21951219512195122,-0.33336479047539075,0.4634146341463415,0.5609756097560976,-1.5895701381082008,3.0227627402832082,56.0,55.234375,440.8386749449462,440.8882352015637
1,76,dwell200,thr,seasonal60,event,2238.355130711557,2240.7078713278815,186.12189040486297,1958.9161267374916,2727.0517676421814,-0.10499988179762496,-0.012640859230510384,0.43902439024390244,0.5853658536585366,9.941602880498639,0.8780487804878049,0.14634146341463414,8.892810255050769,-8.454396824828317,5.125,5.1875,2187.105130711557,2188.8328713278815
1,76,dwell200,mey,seasonal60,event,995.8197226909239,991.0429598889953,13.478073182182081,961.5412112855508,1014.0028935279503,0.48199351544393676,0.3544099173050536,0.6341463414634146,0.3902439024390244,0.023080931441489174,0.5121951219512195,0.5121951219512195,-1.8308748909167492,2.7664858031393496,52.75,52.35,468.31972269092387,467.54295988899526
1,76,dwell200,trust,seasonal60,event,858.6905662381744,841.145890139613,11.19914726059771,815.9485064603257,860.3470142299141,2.0858065532067567,1.5666082149209077,0.9512195121951219,0.07317073170731707,1.822590848589852,0.9512195121951219,0.07317073170731707,3.4577395427240725,0.7091722037348736,45.625,44.88125,402.44056623817437,392.333390139613
1,75,base,thr,naive,http,2025.068341623312,2127.280312531964,231.59966576543735,1855.3836417428522,2956.1549753683853,-4.804819106655267,-0.4413303903994891,0.36065573770491804,0.6557377049180327,-8.814374222108079,0.19672131147540983,0.819672131147541,-0.6015007066079378,-9.257610838281309,6.0,6.088888888888889,1965.068341623312,2066.391423643075
1,75,base,mey,naive,http,1087.9089180477263,1095.7240351203752,14.038987328022136,1069.0053708610192,1137.768035738673,-0.7132377151688915,-0.5566724215962354,0.32786885245901637,0.6885245901639344,-1.6520750078471433,0.09836065573770492,0.9180327868852459,-2.5650590802822832,1.1027848605936723,55.583333333333336,57.25138888888889,532.0755847143929,523.2101462314863
1,75,base,trust,naive,http,954.2069294438334,960.6003320682032,9.937604514014046,941.5201394115928,984.1122743393925,-0.6655632327967923,-0.6433545041316402,0.2459016393442623,0.7704918032786885,-0.2723586911193649,0.4262295081967213,0.5901639344262295,-1.6450144884879787,0.32140911422700447,51.083333333333336,51.11666666666667,443.3735961105,449.43366540153653
1,76,f2,thr,seasonal60,event,2058.005399591411,1931.8914251866888,273.816219109496,1672.909285741017,3454.2684816941915,6.528005288523656,0.4605789051315858,0.926829268292683,0.0975609756097561,-0.3908871687057234,0.5609756097560976,0.4634146341463415,20.72938596834514,-10.813159262494567,6.0,6.090625,2046.0053995914109,1919.7101751866887
1,76,f2,mey,seasonal60,event,489.2694631272783,494.7886065672452,4.961375764190063,484.7422082935341,507.7062856708343,-1.115454836007187,-1.1124219777511455,0.14634146341463414,0.8780487804878049,0.6782591674684846,0.7804878048780488,0.24390243902439024,-2.327123812120882,0.16252990448671964,131.25,129.4375,226.7694631272783,235.9136065672452
1,76,f2,trust,seasonal60,event,431.21692289346265,432.8515747587056,4.571496923856418,424.0142453319388,441.9402424818476,-0.3776472030058372,-0.35757474903078673,0.34146341463414637,0.6829268292682927,1.2457987005203972,0.8780487804878049,0.14634146341463414,-1.3870271101858722,0.6876844852912881,114.75,115.446875,201.71692289346265,201.9578247587056
1,76,f50,thr,seasonal60,event,2509.940690120924,2464.337734109001,222.2929892578712,2134.082022873652,3327.544950629995,1.8505156732671335,0.20514797234123044,0.7073170731707317,0.3170731707317073,-12.386713843196366,0.04878048780487805,0.975609756097561,-4.712426021973617,8.410289329812796,6.5,6.259375,2184.940690120924,2151.368984109001
1,76,f50,mey,seasonal60,event,2371.0679384711466,2372.8170098784067,48.830297892130375,2264.9409838204,2495.954238967962,-0.07371286534016036,-0.03581938842814175,0.5365853658536586,0.4878048780487805,-1.2561540421867616,0.2926829268292683,0.7317073170731707,0.29843550163258725,-0.46655892999158055,23.875,24.315625,1177.3179384711466,1157.0357598784067
1,76,f50,trust,seasonal60,event,2057.304537782396,2039.3049955916983,30.70113264938886,1991.8261832253738,2108.2235119711504,0.8826312017872111,0.5862826755043495,0.6585365853658537,0.36585365853658536,-0.03628142323535439,0.5609756097560976,0.4634146341463415,-2.5039960518783526,4.567716909492443,21.25,21.65,994.804537782396,956.8049955916983
1,76,base,thr,seasonal60,event,2251.1044126380352,2055.1009711548254,145.96072416951108,1730.7601579299444,2398.153624289455,9.537411749315138,1.3428505688666068,0.8688524590163934,0.14754098360655737,-4.464044431376906,0.22950819672131148,0.7868852459016393,5.161271543397594,13.69795611140409,6.416666666666667,6.352777777777778,2186.9377459713687,1991.5731933770476
1,76,base,mey,seasonal60,event,1047.8514475856389,1067.4119232590704,11.808298044058386,1039.0303192435797,1091.633914508676,-1.8325142568867465,-1.6565025374908946,0.08196721311475409,0.9344262295081968,-1.7930433972331137,0.08196721311475409,0.9344262295081968,-1.1025829520694999,-2.5366196380092947,56.25,57.15555555555556,485.3514475856389,495.8563677035148
1,76,base,trust,seasonal60,event,943.6992350993174,945.7506486594503,10.022658790877525,922.3045487704361,967.247637658225,-0.21690850152105956,-0.20467758136195163,0.4098360655737705,0.6065573770491803,-0.315063176310766,0.39344262295081966,0.6229508196721312,-0.4171049657864523,-0.029279868704138606,51.083333333333336,51.455555555555556,432.86590176598406,431.1950931038948
1,77,signed,thr,ma10,http,1609.14303457795,2332.479729853525,450.1374734391972,1708.688461758669,3500.7010615583567,-31.011489018213208,-1.606923968691268,0.024390243902439025,1.0,-10.128068930144323,0.34146341463414637,0.6829268292682927,-29.69956444201482,-32.265030477779284,8.75,9.828125,1521.64303457795,2234.198479853525
1,77,signed,mey,ma10,http,1067.8138014502306,1107.252164642021,17.273562791278646,1080.2618350397715,1157.2376674726536,-3.5618230834112605,-2.283163217011758,0.024390243902439025,1.0,-1.3889329475242755,0.24390243902439024,0.7804878048780488,-2.8986522488808997,-4.219458725614238,65.75,68.05625,410.3138014502306,426.68966464202094
1,77,signed,trust,ma10,http,984.4553539457894,1028.8670071369938,12.764838832841813,1009.3663567197452,1059.3903199342403,-4.3165591746194485,-3.479217698929392,0.024390243902439025,1.0,1.2671798834625405,0.9024390243902439,0.12195121951219512,-3.643106876116349,-5.024307869653105,56.25,60.875,421.9553539457894,420.11700713699383
1,77,dwell5,thr,ma10,http,1650.879136593439,2036.290145880729,264.96385344992626,1656.6237532919379,3027.35783838338,-18.927116553942437,-1.4545795747951944,0.024390243902439025,1.0,-5.160083684621451,0.3902439024390244,0.6341463414634146,-14.516932573322256,-23.170262310474616,8.875,8.809375,1562.129136593439,1948.196395880729
1,77,dwell5,mey,ma10,http,1123.499218499329,1152.1178907305334,13.532510726711843,1126.9889484239209,1181.130529249806,-2.484005539837424,-2.114808760115304,0.024390243902439025,1.0,1.6468558385738856,0.9024390243902439,0.12195121951219512,-1.7439778671442148,-3.2304398141155897,70.125,70.959375,422.2492184993289,442.5241407305334
1,77,dwell5,trust,ma10,http,1052.910958434636,1086.0385690209273,13.639384707798323,1060.3179989502514,1111.8234111371098,-3.050316216315966,-2.4288200161514975,0.024390243902439025,1.0,-1.206668879976097,0.21951219512195122,0.8048780487804879,-2.9523389535642597,-3.1475527044802725,62.75,65.18125,425.4109584346361,434.2260690209273
1,77,dwell200,thr,ma10,http,1757.5466035503239,2271.829266189184,370.0180474855522,1705.0414004184336,3355.898927885221,-22.637381703490828,-1.389885347846286,0.04878048780487805,0.975609756097561,27.66127109143621,0.9512195121951219,0.07317073170731707,-29.112598931459285,-16.23176199080124,7.5,8.603125,1682.5466035503239,2185.798016189184
1,77,dwell200,mey,ma10,http,890.265316537008,945.9083864361071,17.29904704345737,909.973132527641,986.4789993656552,-5.882500958548976,-3.2165396024021895,0.024390243902439025,1.0,2.564601440894811,0.9512195121951219,0.07317073170731707,-4.474732156878085,-7.427069605288802,54.5,60.4625,345.26531653700795,341.2833864361071
1,77,dwell200,trust,ma10,http,860.636291610286,902.6761022473765,10.687949584673992,868.5674457799341,924.8001033718347,-4.657242008780869,-3.9333840699785525,0.024390243902439025,1.0,1.1051503655444372,0.8292682926829268,0.1951219512195122,-3.3343637263420813,-6.063993221122649,49.625,53.34375,364.386291610286,369.23860224737655
1,77,f2,thr,ma10,http,1466.7893171273354,1961.5301807555056,246.09326480112534,1602.0576710816563,2705.20169507379,-25.2221897211704,-2.0103795365061443,0.024390243902439025,1.0,5.422172642517803,0.7317073170731707,0.2926829268292683,-25.657287688960693,-24.771114022918514,8.875,8.79375,1449.0393171273354,1943.9426807555055
1,77,f2,mey,ma10,http,451.5818907460935,475.50943884388624,4.936957906113118,466.0696394321264,491.10820907124173,-5.031981732259231,-4.846617806517003,0.024390243902439025,1.0,0.7864687947338068,0.8536585365853658,0.17073170731707318,-4.881112013804369,-5.187900465491783,142.25,148.596875,167.0818907460935,178.31568884388622
1,77,f2,trust,ma10,http,441.89087645811696,456.00427526861256,3.8524839156397914,448.17198464373644,463.36349699874904,-3.0950145812080376,-3.6634543114378584,0.024390243902439025,1.0,0.26781548891474055,0.6341463414634146,0.3902439024390244,-3.702350297641062,-2.4663154651856734,133.875,137.584375,174.14087645811696,180.83552526861257
1,77,f50,thr,ma10,http,1917.0901009236845,2506.3733509220265,296.19453816078527,2034.5191716214322,3325.0789173461726,-23.51139146055637,-1.989514234993953,0.024390243902439025,1.0,10.233440486128794,0.8780487804878049,0.14634146341463414,-23.30269239645389,-23.733319794282522,8.75,8.878125,1479.5901009236845,2062.4671009220265
1,77,f50,mey,ma10,http,2435.599215054566,2490.8344682031843,54.91865349431551,2399.736341596341,2629.667048938146,-2.2175400996624095,-1.005764883771883,0.21951219512195122,0.8048780487804879,-0.5179997809915511,0.4878048780487805,0.5365853658536586,-3.1370007974204377,-1.3326594196123633,29.875,30.415625,941.8492150545658,970.0532182031843
1,77,f50,trust,ma10,http,2185.3250749498593,2330.287907161864,51.89583882941736,2241.514628456927,2476.8785066084856,-6.220812105082751,-2.793342115318733,0.024390243902439025,1.0,-0.9102397792668389,0.43902439024390244,0.5853658536585366,-5.48455501395936,-6.948945173606227,25.0,27.3,935.3250749498593,965.287907161864
1,77,base,thr,ma10,http,1795.8137113001046,2234.187192270448,241.59062250654446,1862.8755963084789,2934.258963844812,-19.62116166841218,-1.814530201636731,0.01639344262295082,1.0,0.02578530097074361,0.5901639344262295,0.4262295081967213,-16.434476019909667,-22.716543575008707,8.083333333333334,8.731944444444444,1714.9803779667714,2146.867747826004
1,77,base,mey,ma10,http,1058.3826850622224,1103.2455288672131,10.256771227929141,1075.278749511181,1128.7285823260606,-4.066442385771988,-4.373973330206427,0.01639344262295082,1.0,1.1759401689754683,0.9016393442622951,0.11475409836065574,-4.40534687051292,-3.731979400952807,64.75,68.44027777777778,410.88268506222244,418.8427510894353
1,77,base,trust,ma10,http,1007.7140125394271,1050.1602091177706,11.745827702465895,1030.016455142093,1093.380810254533,-4.04187820199378,-3.613725456694073,0.01639344262295082,1.0,0.11200872169323729,0.5737704918032787,0.4426229508196721,-4.686513497708625,-3.400090734279692,59.833333333333336,62.706944444444446,409.38067920609376,423.09076467332613
1,78,signed,thr,naive,http,1939.3703915510282,2469.0501669756695,270.7430546709385,1996.2467406001986,3121.374630505319,-21.452774937880026,-1.9563928465992042,0.024390243902439025,1.0,-3.547798302990747,0.3902439024390244,0.6341463414634146,-20.346497777000483,-22.690766107009054,7.25,8.30625,1866.8703915510282,2385.9876669756695
1,78,signed,mey,naive,http,1121.359774225954,1126.9788298854073,18.588684029708567,1078.0499432892934,1166.2929499818624,-0.4985946062557985,-0.3022836716398502,0.2926829268292683,0.7317073170731707,0.9517658159839976,0.7317073170731707,0.2926829268292683,0.805073911817829,-1.7552450517907046,66.375,69.3625,457.60977422595397,433.3538298854073
1,78,signed,trust,naive,http,1078.228766212017,1077.381604598695,12.646156792618854,1055.2486835628047,1102.8810288372829,0.07863152755773466,0.06698964967890064,0.5121951219512195,0.5121951219512195,-0.8411894300003486,0.2926829268292683,0.7317073170731707,-1.6895791232225794,1.851521403774789,61.5,62.328125,463.22876621201704,454.10035459869505
1,78,dwell5,thr,naive,http,1795.2915617549259,1993.506236984987,274.29267563444074,1697.0122426203939,2977.7433588133763,-9.943017561351825,-0.7226393295832247,0.14634146341463414,0.8780487804878049,41.95946709513627,0.975609756097561,0.04878048780487805,-11.972704623103477,-8.00700577661698,7.25,7.20625,1722.7915617549259,1921.443736984987
1,78,dwell5,mey,naive,http,1130.7824094013095,1139.0272424238733,17.07352441949729,1104.79734268525,1191.538778060321,-0.723848624113562,-0.4829016446744048,0.2682926829268293,0.7560975609756098,2.686158274008172,0.9512195121951219,0.07317073170731707,-3.1043630526351924,1.642467942357592,64.875,65.378125,482.03240940130945,485.2459924238733
1,78,dwell5,trust,naive,http,1046.2639225400378,1052.2497958964043,15.792544126368233,1019.1083196654423,1082.5466145399066,-0.5688642924627187,-0.3790316055772223,0.3902439024390244,0.6341463414634146,0.5329680683815554,0.6097560975609756,0.4146341463414634,-1.5178741773994646,0.3666706580223943,61.625,61.421875,430.0139225400378,438.0310458964043
1,78,dwell200,thr,naive,http,2576.5014983055976,2586.83521069321,311.06147399372827,1881.0738677911759,3504.1912797647146,-0.39947316106165914,-0.033220804411865375,0.5121951219512195,0.5121951219512195,2.014074516715555,0.5609756097560976,0.4634146341463415,18.206260825896127,-18.679747137002337,5.5,6.728125,2521.5014983055976,2519.55396069321
1,78,dwell200,mey,naive,http,985.6339094883398,975.9508958200586,13.742427163174408,951.7264312790127,1002.4088612112016,0.9921619734920061,0.7046072395587283,0.7804878048780488,0.24390243902439024,-0.5212787161201154,0.3902439024390244,0.6341463414634146,0.6445117358264539,1.315396965396326,53.625,57.175,449.3839094883398,404.2008958200586
1,78,dwell200,trust,naive,http,843.4960357442859,856.648160261482,9.165746703216904,837.9700997460133,881.7522202198413,-1.5353006201731085,-1.4349212282486548,0.07317073170731707,0.9512195121951219,0.6144608395431846,0.7317073170731707,0.2926829268292683,-1.1732159679764935,-1.8532942208188523,45.625,49.034375,387.2460357442859,366.30441026148196
1,78,f2,thr,naive,http,1835.972778442446,2479.2006712262255,303.3033262838123,1880.9386293436758,3331.3613169285636,-25.944970903288585,-2.120741307604016,0.024390243902439025,1.0,-15.786501161883082,0.12195121951219512,0.9024390243902439,-32.22618573059895,-18.8400717410409,6.75,7.446875,1822.472778442446,2464.3069212262253
1,78,f2,mey,naive,http,501.60883954185493,515.8688126596749,5.125106428557273,505.2080526659528,528.6073406615601,-2.7642634654146865,-2.782375998742749,0.024390243902439025,1.0,-0.7657518430257754,0.2682926829268293,0.7560975609756098,-0.7602902370034996,-4.734283247420754,137.5,144.971875,226.60883954185493,225.92506265967484
1,78,f2,trust,naive,http,458.02916883914935,468.16604478689504,4.270175935907322,458.94362123933604,476.92043907331265,-2.1652309176672366,-2.373877821404523,0.024390243902439025,1.0,-0.6000977257323322,0.24390243902439024,0.7804878048780488,-1.7752245127419697,-2.5618039955622964,127.25,132.79375,203.52916883914935,202.57854478689507
1,78,f50,thr,naive,http,2366.8520667559114,2827.220236618409,310.5406076012601,2355.9818329566874,3810.9132021611654,-16.28342086335433,-1.482473333901694,0.04878048780487805,0.975609756097561,11.06212371595545,0.8780487804878049,0.14634146341463414,-9.77353771481835,-21.86546716813515,6.5,7.340625,2041.8520667559114,2460.188986618409
1,78,f50,mey,naive,http,2346.4698429900313,2476.5169220953294,56.21528832136715,2364.5955479170743,2616.1327210825616,-5.251208984078652,-2.3133756490201582,0.024390243902439025,1.0,1.2461702535690724,0.7317073170731707,0.2926829268292683,-7.586630173681414,-2.9073523069743943,25.0,27.465625,1096.4698429900313,1103.2356720953294
1,78,f50,trust,naive,http,2450.1310549834125,2375.396394105836,51.43389763538895,2270.832655341923,2516.842381667203,3.1461974541604323,1.453023478939219,0.926829268292683,0.0975609756097561,-2.1063817473065667,0.14634146341463414,0.8780487804878049,2.5870782774150975,3.647846996027894,26.125,25.871875,1143.8810549834125,1081.802644105836
1,79,signed,thr,seasonal60,http,1868.9689481814876,2394.7570176519316,253.9889982584866,1865.477522626173,2891.5123880692554,-21.955800341947896,-2.0701214346904324,0.04878048780487805,0.975609756097561,1.6124029460606795,0.5609756097560976,0.4634146341463415,-11.275234032910898,-32.141583271468924,7.5,7.79375,1793.9689481814876,2316.8195176519316
1,79,signed,mey,seasonal60,http,1108.316671914696,1143.9893570967506,14.313524733525515,1117.8685382828066,1183.1284467162427,-3.118270721729953,-2.492236248315636,0.024390243902439025,1.0,-0.17788364276073598,0.5609756097560976,0.4634146341463415,-3.7034221380823475,-2.534462146851566,69.0,69.346875,418.3166719146959,450.5206070967506
1,79,signed,trust,seasonal60,http,966.7196994445267,979.6123218210198,11.707158407750592,938.8507268318231,1007.1091309798428,-1.3160943456210104,-1.1012597530035744,0.07317073170731707,0.9512195121951219,0.6551023441614147,0.8292682926829268,0.1951219512195122,-0.2598935871360657,-2.3291838234037145,56.0,56.75,406.71969944452667,412.1123218210198
1,78,base,thr,naive,http,2002.9594842935633,2309.484408231516,234.45924646853433,1901.208552127442,2982.3653620405694,-13.272439633947297,-1.3073697393252104,0.08196721311475409,0.9344262295081968,-12.511214593764725,0.08196721311475409,0.9344262295081968,-15.542492203195442,-10.828143601616713,6.333333333333333,7.227777777777778,1939.62615096023,2237.2066304537384
1,78,base,mey,naive,http,1069.4648264588914,1101.6929269704772,12.530969293379185,1071.3690442949066,1131.7052218482875,-2.925325172070334,-2.5718761060737516,0.01639344262295082,1.0,-0.48092753375306313,0.3442622950819672,0.6721311475409836,-4.393654009560805,-1.4217437176035586,61.083333333333336,64.54166666666667,458.631493125558,456.27626030381043
1,78,base,trust,naive,http,991.2560162878444,1023.6953437318614,11.903474482132403,990.7143853446099,1046.1271176351165,-3.168845852688947,-2.725198217773281,0.03278688524590164,0.9836065573770492,-0.19344395016219523,0.4262295081967213,0.5901639344262295,-4.570808851965154,-1.6659614555876676,55.666666666666664,58.375,434.5893496211778,439.9453437318614
1,79,dwell5,thr,seasonal60,http,1866.2553773211202,2207.5371354617664,368.98643489964485,1712.4297701767414,3218.2651403294503,-15.459842222280793,-0.9249168149866168,0.21951219512195122,0.8048780487804879,-10.453898574489207,0.34146341463414637,0.6829268292682927,-21.105525933827348,-10.136317730760684,7.0,7.10625,1796.2553773211202,2136.4746354617664
1,79,dwell5,mey,seasonal60,http,1117.9442399407417,1156.8870556668658,19.038185345467678,1124.6394483844508,1212.657315727075,-3.3661726557806655,-2.045510904504089,0.024390243902439025,1.0,0.8452653664438097,0.7560975609756098,0.2682926829268293,-2.4081274715586516,-4.29685957352158,69.0,68.19375,427.9442399407417,474.94955566686576
1,79,dwell5,trust,seasonal60,http,992.1304706035719,1022.3062822873869,13.511767697983863,985.0047309194047,1050.5925406289703,-2.9517388483906544,-2.2332985852263922,0.04878048780487805,0.975609756097561,-1.1923683601296913,0.17073170731707318,0.8536585365853658,-2.503087704174735,-3.4019731297919544,56.75,57.490625,424.6304706035719,447.4000322873869
1,79,dwell200,thr,seasonal60,http,2414.8719768331885,2536.9755454536908,475.83048250314744,1942.2771357144481,4082.2561290272106,-4.812958045232807,-0.25661148898693065,0.5121951219512195,0.5121951219512195,-8.210868185043426,0.4634146341463415,0.5609756097560976,-19.56515986154919,9.951800905372824,6.125,6.809375,2353.6219768331885,2468.8817954536908
1,79,dwell200,mey,seasonal60,http,931.0307785116083,945.1762369692617,12.2997572279339,919.7482903269315,967.7255284574671,-1.4965948046907367,-1.1500599723649598,0.14634146341463414,0.8780487804878049,0.07764813205819873,0.5853658536585366,0.43902439024390244,-1.5490313015695185,-1.4423095371304493,52.25,54.746875,408.53077851160833,397.7074869692617
1,79,dwell200,trust,seasonal60,http,819.050109974165,818.0441015261601,11.719604016955058,787.8961382405734,852.0096457015085,0.12297728767043817,0.08583979855884707,0.4634146341463415,0.5609756097560976,-4.098426827745871,0.024390243902439025,1.0,0.08793215250436887,0.15987363481710445,45.75,46.9,361.550109974165,349.04410152616015
1,79,f2,thr,seasonal60,http,1760.6151371069607,2086.9752775219486,270.8276103307648,1698.6763958834897,2681.6733186336196,-15.637949521017052,-1.2050475208801665,0.12195121951219512,0.9024390243902439,14.195818901881879,0.7804878048780488,0.24390243902439024,-14.340965052104975,-16.91430204572993,7.0,7.225,1746.6151371069607,2072.5252775219487
1,79,f2,mey,seasonal60,http,479.57489163559745,503.2904854861084,5.344420961947548,490.7900576633782,513.2817364110363,-4.712108520709469,-4.437448700124255,0.024390243902439025,1.0,-1.0785681441030255,0.1951219512195122,0.8292682926829268,-3.9746345496374293,-5.451487772775342,139.25,144.575,201.07489163559745,214.14048548610845
1,79,f2,trust,seasonal60,http,428.95475939665994,444.18911215267826,3.8167920921332477,435.3889813275488,452.585119841572,-3.429699724558291,-3.99140230546424,0.024390243902439025,1.0,-0.44489357459917495,0.3170731707317073,0.7073170731707317,-4.621946458371383,-2.233552386179235,122.0,125.884375,184.95475939665994,192.42036215267825
1,79,f50,thr,seasonal60,http,2191.3283615204064,2524.4118121466745,309.20659745743336,2020.1838554549122,3393.3473507222006,-13.19449738840452,-1.0772197403456818,0.0975609756097561,0.926829268292683,-4.342957593261844,0.4634146341463415,0.5609756097560976,-14.877923802317676,-11.471454844263613,6.75,7.1,1853.8283615204064,2169.4118121466745
1,79,f50,mey,seasonal60,http,2430.552326890563,2507.691006954131,51.95597126179011,2413.3817051543538,2605.363537640738,-3.0760839293857534,-1.4846932545036984,0.07317073170731707,0.9512195121951219,1.6910003660936954,0.7804878048780488,0.24390243902439024,-0.07028992689158607,-6.133816989630779,28.125,28.484375,1024.302326890563,1083.472256954131
1,79,f50,trust,seasonal60,http,2200.137983216099,2253.5656748264237,42.30767951622654,2157.2112627788583,2325.2955649524265,-2.370806948612209,-1.2628367289638989,0.12195121951219512,0.9024390243902439,0.1557707208006192,0.5853658536585366,0.43902439024390244,-2.439980440439835,-2.308423916108643,24.0,24.559375,1000.1379832160992,1025.5969248264237
1,79,base,thr,seasonal60,http,2147.2822980165433,2398.097590142942,344.8123130662896,1928.7551448822662,3422.748585558802,-10.45892765821296,-0.7273965650936014,0.29508196721311475,0.7213114754098361,-9.854566840131664,0.3114754098360656,0.7049180327868853,-5.071653960518598,-16.26750118198184,6.75,7.084722222222222,2079.7822980165433,2327.25036792072
1,79,base,mey,seasonal60,http,1084.3847109152675,1118.0598879314023,12.143956397827758,1093.2215933727055,1170.170592905965,-3.0119296273511296,-2.7729988409838464,0.01639344262295082,1.0,-0.6736095802503272,0.29508196721311475,0.7213114754098361,-3.304273997261994,-2.7155747106144,65.58333333333333,65.8625,428.5513775819343,459.4348879314023
1,79,base,trust,seasonal60,http,996.0052685082998,995.9900438423932,9.741842964897021,969.0793754183273,1021.8951365079309,0.0015285961943765378,0.0015628116734588493,0.5081967213114754,0.5081967213114754,-0.06730139516910441,0.45901639344262296,0.5573770491803278,0.16851002553354924,-0.1631187575155092,55.583333333333336,55.669444444444444,440.1719351749664,439.29559939794876
1,81,signed,thr,naive,timer,1653.4630337583912,1653.4630337583912,0.0,1653.4630337583912,1653.4630337583912,0.0,0.0,1.0,1.0,1.394575465525807,1.0,0.024390243902439025,0.0,1.4175868448002432e-14,7.875,7.875,1574.7130337583912,1574.7130337583912
1,81,signed,mey,naive,timer,913.7865463790693,915.2560395739904,0.8645142825464357,913.9248702484646,918.977911677211,-0.16055542180362162,-1.6997905350883677,0.024390243902439025,1.0,0.3474957057627364,0.975609756097561,0.04878048780487805,-0.3075088763417656,-0.011160278164109637,50.5,50.721875,408.78654637906925,408.0372895739904
1,81,signed,trust,naive,timer,893.3519449325233,893.3171442833589,0.5403385412729774,892.2810645696321,895.33298143047,0.0038956656532545273,0.06440526911608886,0.7560975609756098,0.8292682926829268,1.1012967566560306,1.0,0.024390243902439025,-0.0016401306436041713,0.009541565427605415,49.25,49.20625,400.85194493252334,401.25464428335886
1,81,dwell5,thr,naive,timer,1687.9921376976376,1696.2108876976376,1.2623587760566246,1692.9921376976376,1697.9921376976376,-0.4845358592855026,-6.510629272665142,0.024390243902439025,1.0,-0.04237385841660289,0.4878048780487805,0.8780487804878049,-0.5464672029907085,-0.4355488793672535,7.0,7.821875,1617.9921376976376,1617.9921376976376
1,81,dwell5,mey,naive,timer,938.1016318808724,946.5800854743978,1.5742394719961457,943.1016318808724,949.5336676375398,-0.8956932143016972,-5.385745780325692,0.024390243902439025,1.0,-0.2515723542104793,0.07317073170731707,0.9512195121951219,-0.9250649406528485,-0.8668759743172298,51.125,51.946875,426.85163188087245,427.11133547439783
1,81,dwell5,trust,naive,timer,944.9203720708247,953.3249211310765,1.2964473788627362,951.1703720708247,956.3088815931278,-0.8816038345331647,-6.482753713941278,0.024390243902439025,1.0,-0.11496203843357983,0.17073170731707318,0.8536585365853658,-0.8990671981890532,-0.8641929475097208,51.75,52.575,427.42037207082467,427.5749211310765
1,81,dwell200,thr,naive,timer,1740.7284881543096,1746.4928071687584,3.9393596790689425,1738.0951227688374,1762.6846141177393,-0.3300511167746145,-1.4632629371408867,0.0975609756097561,0.975609756097561,0.027808931336999684,0.5853658536585366,0.5609756097560976,-0.33724150382802265,-0.32333848852817626,4.875,5.440625,1691.9784881543096,1692.0865571687584
1,81,dwell200,mey,naive,timer,720.7350618893231,725.4855459523623,2.8023535125245935,719.4850618893231,731.1048908640958,-0.6548006489644227,-1.695176587039342,0.12195121951219512,0.9512195121951219,0.03439295770301002,0.5121951219512195,0.5853658536585366,-0.7978775242262248,-0.5035275619756943,41.375,41.821875,306.9850618893231,307.26679595236226
1,81,dwell200,trust,naive,timer,702.7166173441863,709.1091205974037,2.7964771095060654,702.7166173441863,716.1263308725113,-0.9014837163329613,-2.285912955084602,0.04878048780487805,1.0,0.1674591235827244,0.7317073170731707,0.2926829268292683,-0.8692218261811583,-0.9365945069432116,38.5,39.109375,317.71661734418626,318.0153705974037
1,81,f2,thr,naive,timer,1597.4202748138364,1599.0458354818343,0.6986715288506051,1595.3856331584113,1600.4773431891779,-0.10165816588416081,-2.3266450697828236,0.04878048780487805,0.975609756097561,0.007782099126921834,0.6829268292682927,0.6341463414634146,-0.10781813802440776,-0.09558026017139262,7.0,7.840625,1583.4202748138364,1583.3645854818342
1,81,f2,mey,naive,timer,397.0704175942351,397.43539405278227,0.5750476906404409,396.4409577492542,399.7939875098541,-0.09183290265755854,-0.634689025775749,0.17073170731707318,0.8536585365853658,-0.02979340125829382,0.43902439024390244,0.6829268292682927,-0.07525023226483922,-0.10846511154320898,115.875,116.078125,165.3204175942351,165.27914405278227
1,81,f2,trust,naive,timer,394.9732756973858,395.88355300510176,0.46650744799392035,395.31223552771075,398.19292694628723,-0.2299356214235587,-1.9512599672959714,0.024390243902439025,1.0,0.1275491195156257,0.926829268292683,0.0975609756097561,-0.20188417795870087,-0.2582617034660122,112.875,113.23125,169.22327569738582,169.42105300510175
1,81,f50,thr,naive,timer,1953.1864104913534,1991.6239104913534,9.65656246901291,1959.4364104913534,2003.1864104913534,-1.9299577494285598,-3.980453719772712,0.024390243902439025,1.0,-0.9885149448292624,0.07317073170731707,0.9512195121951219,-1.8133898911843918,-2.0494445553010587,7.0,7.76875,1603.1864104913534,1603.1864104913534
1,81,f50,mey,naive,timer,2102.3858533067105,2123.323137706062,8.47105738683898,2108.6358533067105,2146.1358533067105,-0.9860620848304388,-2.4716258482536784,0.024390243902439025,1.0,-0.6917121628137548,0.04878048780487805,1.0,-0.9185171128917483,-1.047990190994271,22.25,22.65625,989.8858533067105,990.510637706062
1,81,f50,trust,naive,timer,2101.7478176705463,2124.563649648132,9.726247207912456,2107.9978176705463,2145.4978176705463,-1.0739067281587193,-2.34580013132143,0.024390243902439025,1.0,-0.7797286741834892,0.07317073170731707,1.0,-1.0323775380618696,-1.114726451629642,23.125,23.571875,945.4978176705463,945.969899648132
1,82,signed,thr,seasonal60,http,1752.1387506577953,2015.9716773468033,304.8475216388442,1601.4073743649192,3240.6634351680136,-13.08713458892614,-0.8654586570711025,0.17073170731707318,0.8536585365853658,18.09634523606513,0.9512195121951219,0.07317073170731707,-11.128249039274877,-15.040275723108751,6.0,6.246875,1692.1387506577953,1953.5029273468033
1,82,signed,mey,seasonal60,http,1069.6326038559164,1086.6161341423299,15.581844942569129,1053.3477875160293,1119.1184860897201,-1.5629742420324597,-1.0899563144807716,0.17073170731707318,0.8536585365853658,1.2289715153660243,0.7560975609756098,0.2682926829268293,-0.520211689862916,-2.624118392015322,67.0,66.271875,399.6326038559164,423.8973841423299
1,82,signed,trust,seasonal60,http,961.2789470723483,943.8536168697195,13.066560943278889,916.3591532147643,974.4239776926735,1.8461899060597622,1.3335819790892949,0.926829268292683,0.0975609756097561,-0.4854836890720311,0.34146341463414637,0.6829268292682927,-0.9891229901362081,4.648139329753533,53.875,53.7875,422.5289470723483,405.97861686971953
1,81,base,thr,naive,timer,1622.4791980069986,1629.479607214172,2.7124392132547905,1616.83254628736,1631.6458646736653,-0.4296101145531691,-2.5808538576513187,0.06557377049180328,0.9672131147540983,-0.12276368469522114,0.13114754098360656,0.9016393442622951,-0.48917965747180914,-0.3639913990916127,7.0,7.729166666666667,1552.4791980069986,1552.1879405475051
1,81,base,mey,naive,timer,915.9574871371555,922.4795003028163,1.9028765209188903,915.478821727208,928.2414223586006,-0.7070090081698183,-3.4274494923671597,0.03278688524590164,0.9836065573770492,-0.2567125060187877,0.08196721311475409,0.9344262295081968,-0.6931597413503128,-0.7212386464176564,53.0,53.61527777777778,385.95748713715545,386.32672252503846
1,81,base,trust,naive,timer,930.82986282525,938.1561120189252,1.9988524759183375,931.5452454903333,943.0990185792475,-0.7809200515582716,-3.6652275652856026,0.01639344262295082,1.0,-0.2605323176614348,0.11475409836065574,0.9180327868852459,-0.679333634169176,-0.8874237762774058,50.916666666666664,51.62083333333333,421.66319615858333,421.94777868559197
1,82,dwell5,thr,seasonal60,http,1789.28689816283,2011.835583324798,181.6748307165436,1709.828837228003,2484.328137909235,-11.061971813530597,-1.224983583494829,0.0975609756097561,0.926829268292683,-6.346663986725157,0.2682926829268293,0.7560975609756098,-10.255759121432874,-11.931474194881408,6.0,6.075,1729.28689816283,1951.085583324798
1,82,dwell5,mey,seasonal60,http,1060.414047005535,1092.1241106411433,16.173423726183117,1064.4971132623307,1129.698761500478,-2.9035219831373,-1.9606277664186202,0.024390243902439025,1.0,0.6621387739515513,0.6585365853658537,0.36585365853658536,-4.126827411311874,-1.660968722103227,58.5,58.125,475.41404700553494,510.87411064114326
1,82,dwell5,trust,seasonal60,http,982.0386194865284,991.1628184213725,12.062006186504616,962.6224627372686,1017.7755892344659,-0.9205550052186432,-0.7564412415119287,0.24390243902439024,0.7804878048780488,0.5411818858367304,0.6341463414634146,0.3902439024390244,-1.1699235279377216,-0.6642378101686499,55.0,53.9875,432.03861948652843,451.28781842137255
1,82,dwell200,thr,seasonal60,http,1838.948345341781,1895.048493424904,319.4051546748072,1461.3471875750602,3115.128538363719,-2.9603542219510035,-0.17563945747913717,0.5609756097560976,0.4634146341463415,-15.277039677546245,0.12195121951219512,0.9024390243902439,-4.544994081765689,-1.312496501663645,4.875,4.81875,1790.198345341781,1846.860993424904
1,82,dwell200,mey,seasonal60,http,894.0085233732475,897.3145908741093,17.97834715086783,864.6315920724719,932.7683796022396,-0.36844018078890445,-0.1838916265838264,0.5365853658536586,0.4878048780487805,3.156652990693122,0.9512195121951219,0.07317073170731707,0.126372393338879,-0.8338442397633309,48.375,48.24375,410.2585233732475,414.8770908741093
1,82,dwell200,trust,seasonal60,http,771.219174423619,789.4231407847809,9.549803168491886,768.9636789281694,815.7994598967565,-2.30598337199299,-1.9062137763449472,0.04878048780487805,0.975609756097561,0.7281823935756333,0.7804878048780488,0.24390243902439024,-1.540451821259239,-3.055400880661284,42.875,43.2,342.46917442361905,357.4231407847809
1,82,f2,thr,seasonal60,http,2209.141354193385,2293.052533283066,261.78064978083455,1825.6446241478757,3004.4259943237553,-3.6593657524950793,-0.3205400367060463,0.34146341463414637,0.6829268292682927,7.477636933835235,0.7560975609756098,0.2682926829268293,1.7255451845688623,-9.258983968580411,6.0,6.025,2197.141354193385,2281.002533283066
1,82,f2,mey,seasonal60,http,487.94369337180626,494.2666358185612,5.829356879540332,480.4358468961193,506.8622916427904,-1.2792573863059653,-1.0846723879519176,0.14634146341463414,0.8780487804878049,-0.5808768187321253,0.3170731707317073,0.7073170731707317,0.7320208225842038,-3.3673697507852265,129.5,131.028125,228.94369337180626,232.21038581856124
1,82,f2,trust,seasonal60,http,419.1671858382031,428.47401653517346,4.169928321471151,416.3661502976263,435.89098370625857,-2.1720875333886993,-2.2318922483748804,0.07317073170731707,0.9512195121951219,-0.3276970975331038,0.2682926829268293,0.7560975609756098,-2.4554570682198555,-1.8824661627607862,112.25,113.95,194.66718583820312,200.57401653517346
1,82,f50,thr,seasonal60,http,2205.7234420764644,2499.2238279997114,235.10310867174078,2125.304512575164,3437.4425246255064,-11.743661477417737,-1.2483900684318154,0.04878048780487805,0.975609756097561,-1.1881653400549008,0.4878048780487805,0.5365853658536586,-12.549973438909044,-10.951444076528945,6.0,6.075,1905.7234420764644,2195.4738279997114
1,82,f50,mey,seasonal60,http,2246.530133147133,2335.752462992302,51.182317858239564,2225.8099891077322,2453.695699662978,-3.8198538269276825,-1.7432256603206107,0.04878048780487805,0.975609756097561,-3.2674541986590864,0.07317073170731707,0.9512195121951219,-4.114877592327182,-3.5235545635328682,24.5,24.1875,1021.5301331471328,1126.3774629923018
1,82,f50,trust,seasonal60,http,2219.616160965197,2193.4298648676295,39.23339320119232,2112.9216110853035,2293.638920239431,1.1938515343935114,0.6674491794090323,0.7073170731707317,0.3170731707317073,-1.5783262352824872,0.21951219512195122,0.8048780487804879,1.9239051155300584,0.4389269943825901,24.75,24.31875,982.1161609651972,977.4923648676295
1,82,base,thr,seasonal60,http,1946.3265333241723,2043.0326872461926,195.09129918307727,1756.1182382046543,2718.3955004260656,-4.733460924326705,-0.49569690871385047,0.3442622950819672,0.6721311475409836,-8.9725043056033,0.16393442622950818,0.8524590163934426,-0.3127534868712531,-9.398530226886065,6.0,6.066666666666666,1886.3265333241723,1982.3660205795259
1,82,base,mey,seasonal60,http,1075.421258195859,1091.847734829606,15.56376399398322,1058.3509827102714,1145.5092759912516,-1.5044658801541073,-1.0554308482252244,0.13114754098360656,0.8852459016393442,-1.1397153825317576,0.21311475409836064,0.8032786885245902,-1.79719031259273,-1.2052247127900173,58.833333333333336,58.209722222222226,487.0879248625257,509.7505126073837
1,82,base,trust,seasonal60,http,961.8891359879541,965.4125633821408,8.273930238066798,944.3028367585626,987.0849662651566,-0.36496597701639805,-0.42584688205081256,0.3770491803278688,0.639344262295082,0.1252265021936024,0.639344262295082,0.3770491803278688,0.03222740152318137,-0.7647849784037017,52.0,52.165277777777774,441.8891359879541,443.75978560436306
1,83,dwell5,thr,ma10,timer,1763.5425974588525,1779.7699834274658,22.542275040306315,1718.868469552412,1835.8114454878769,-0.911768718413983,-0.7198646072589511,0.17073170731707318,0.8536585365853658,-0.2796645642392482,0.4634146341463415,0.6341463414634146,-1.0901244481119692,-0.7282722865198559,9.75,10.79375,1666.0425974588525,1671.8324834274658
1,83,dwell5,mey,ma10,timer,971.5737193246019,986.8963396410927,8.90794058988791,975.5751391622518,1025.2903228245061,-1.552606864674682,-1.7201080498768322,0.024390243902439025,1.0,-0.537760949501273,0.3170731707317073,0.7073170731707317,-1.3032686162717257,-1.807994199704436,54.875,56.3625,422.82371932460194,423.2713396410927
1,83,dwell5,trust,ma10,timer,1016.8608208260143,1021.8985565474068,7.367192258834138,1008.8378922841978,1035.716909830487,-0.4929780641253633,-0.6838067399899322,0.2682926829268293,0.7560975609756098,0.056943673979831376,0.5853658536585366,0.43902439024390244,-1.2547886868439262,0.2799407143321621,56.375,57.05,453.11082082601433,451.39855654740677
1,83,signed,thr,ma10,timer,1610.8221187410143,1622.7668353897495,64.29245170693424,1527.1328680380943,1961.8029950866458,-0.7360710354834453,-0.1857872321183697,0.5609756097560976,0.4634146341463415,-3.7515805490840743,0.04878048780487805,0.975609756097561,-2.1770622088298643,0.7435165622391334,8.625,10.496875,1524.5721187410143,1517.7980853897495
1,83,signed,mey,ma10,timer,940.0472289060424,971.3990153277816,54.970713152897304,952.0873616059292,1309.2862432112015,-3.2274879763142565,-0.5703361776394709,0.024390243902439025,1.0,-1.2843837833817093,0.21951219512195122,0.8048780487804879,-3.79022148951271,-2.679951923424787,52.875,55.35,411.2972289060424,417.8990153277816
1,83,signed,trust,ma10,timer,957.5548465996658,970.6127569056614,29.257785122150644,949.3110207904069,1144.864227672208,-1.3453264665122038,-0.4463054961774829,0.1951219512195122,0.8292682926829268,0.4540585366072819,0.8536585365853658,0.17073170731707318,-2.359353442045937,-0.29313266411707606,54.0,55.353125,417.5548465996658,417.0815069056614
1,83,dwell200,thr,ma10,timer,1472.1596900756713,1511.4357198420166,38.79934507378121,1455.3442749074852,1585.4382016950526,-2.5985908134055933,-1.0122858953329668,0.17073170731707318,0.8536585365853658,5.404194342896262,1.0,0.024390243902439025,-0.6129992570173707,-4.581246047390633,7.875,8.540625,1393.4096900756713,1426.0294698420166
1,83,dwell200,mey,ma10,timer,804.6557778163049,816.1787811968151,7.81804656104749,799.6223965229839,848.7591710823335,-1.411823444321021,-1.473898024337976,0.04878048780487805,0.975609756097561,-0.6680347284653501,0.1951219512195122,0.8292682926829268,-2.16557528109128,-0.6124635292700896,45.125,46.86875,353.40577781630486,347.49128119681507
1,83,dwell200,trust,ma10,timer,796.4997817156507,802.7984628941656,5.238836008554746,789.359000799576,815.2807525078798,-0.7845905877556834,-1.2023054678996457,0.14634146341463414,0.8780487804878049,-0.9198115121888247,0.07317073170731707,0.9512195121951219,0.0819547561960138,-1.6655685051635314,44.5,45.646875,351.49978171565067,346.3297128941656
1,83,f50,thr,ma10,timer,2102.1363172984093,2201.050213635386,87.45787925276595,2006.161534776254,2632.519102240518,-4.4939409253006,-1.1309889649976694,0.04878048780487805,0.975609756097561,0.3859729562424056,0.6585365853658537,0.36585365853658536,-4.733974925922901,-4.273482020126534,8.625,10.5625,1670.8863172984093,1672.9252136353862
1,83,f50,mey,ma10,timer,2092.51218854551,2179.267097069792,66.1402854479543,2093.7361773352177,2556.485853532735,-3.9809213217109103,-1.3116802858758307,0.024390243902439025,1.0,-0.4232749715473096,0.5365853658536586,0.4878048780487805,-3.8609332876428906,-4.0959717452789945,23.625,24.96875,911.2621885455101,930.8295970697918
1,83,f50,trust,ma10,timer,2286.796601947125,2303.2908267602556,36.13427312754018,2234.0623024741653,2462.7549679941912,-0.7161155951951973,-0.4564703641584894,0.34146341463414637,0.6829268292682927,0.5568103190554435,0.7804878048780488,0.24390243902439024,-0.4748565663459863,-0.9665486259043365,26.25,26.21875,974.296601947125,992.3533267602556
1,83,f2,thr,ma10,timer,1563.4785114849421,1617.9241604200802,41.87962144308639,1532.2589177698032,1711.1383113774339,-3.3651545768994313,-1.3000511241279633,0.0975609756097561,0.926829268292683,2.2378444130755417,0.8292682926829268,0.1951219512195122,-5.055778188734103,-1.4224966718712946,9.125,10.50625,1545.2285114849421,1596.9116604200801
1,83,f2,mey,ma10,timer,404.6014704917283,407.1862608615476,2.964053730992339,402.010209567947,415.4489516205566,-0.6347931200699791,-0.8720457199518907,0.21951219512195122,0.8048780487804879,0.8744739464388508,0.8780487804878049,0.14634146341463414,0.1973310163251417,-1.476954863844715,121.625,123.5875,161.35147049172832,160.0112608615476
1,83,f2,trust,ma10,timer,411.665614348859,416.5015873534906,2.1500223496569735,413.3886647431355,423.1515690404608,-1.1610935351675549,-2.249266388046238,0.024390243902439025,1.0,0.19240359135455262,0.7073170731707317,0.3170731707317073,0.07826080024583165,-2.462699825908037,120.25,124.528125,171.16561434885898,167.4453373534906
1,84,signed,thr,naive,http,2056.137154302801,2124.041848093026,127.84962407978303,1928.647700797404,2402.888637323739,-3.19695649363926,-0.5311293973602161,0.34146341463414637,0.6829268292682927,10.419256989320777,0.9024390243902439,0.12195121951219512,2.75176432936511,-10.279806237501932,6.0,5.93125,1996.1371543028008,2064.729348093026
1,84,signed,mey,naive,http,1030.4352534622153,1046.253547916121,12.97859427027775,1016.7497891236001,1072.3515419417113,-1.5118987634892043,-1.218798748500152,0.17073170731707318,0.8536585365853658,0.7642437282310512,0.7073170731707317,0.3170731707317073,-1.0533988536030994,-1.9580368515153495,59.375,60.059375,436.6852534622153,445.6597979161211
1,84,signed,trust,naive,http,947.6296534289355,942.4087834216419,12.21300129585081,915.6700668462208,968.8453953660885,0.5539920785052475,0.427484602746033,0.6829268292682927,0.34146341463414637,0.15506625806577695,0.5609756097560976,0.4634146341463415,0.5661555881978496,0.5422594450048118,56.375,54.509375,383.8796534289355,397.31503342164194
1,83,base,thr,ma10,timer,1735.2088832827076,1760.3199520018463,37.96953981583158,1685.8011887881894,1852.1223986309767,-1.4265059423193096,-0.6613477234893581,0.29508196721311475,0.7213114754098361,-3.911553849428665,0.04918032786885246,0.9672131147540983,-2.3554801100421034,-0.6015296241656872,8.666666666666666,10.568055555555556,1648.5422166160408,1654.6393964462907
1,83,base,mey,ma10,timer,948.8504363247463,957.4488972619251,5.092109958338889,948.0988397085375,977.0519279201013,-0.8980595164680223,-1.6885850870321315,0.03278688524590164,0.9836065573770492,-0.5521856531492674,0.11475409836065574,0.9016393442622951,-3.099228660777685,1.2988104764191553,51.416666666666664,53.55,434.68376965807965,421.94889726192514
1,83,base,trust,ma10,timer,986.6632588945859,999.9853033917758,6.715817610244995,984.4097394875834,1019.7939829519783,-1.3322240288936145,-1.98368170047786,0.03278688524590164,0.9836065573770492,-0.735928743850644,0.13114754098360656,0.8852459016393442,-3.099762843316022,0.3457974383998465,55.083333333333336,57.31666666666667,435.8299255612525,426.81863672510906
1,84,dwell5,thr,naive,http,1952.8046429480846,2170.654684754058,83.34527633972144,1898.2844989253617,2411.264411391745,-10.036144548282056,-2.6138258983988574,0.04878048780487805,0.975609756097561,1.848981481544712,0.7317073170731707,0.2926829268292683,-11.471458932423793,-8.57265238816902,6.0,6.0,1892.8046429480846,2110.654684754058
1,84,dwell5,mey,naive,http,1117.2677617286417,1118.481658671444,13.769957756703693,1090.3303935484842,1148.5107233607519,-0.10853078665984439,-0.0881554587348844,0.4878048780487805,0.5365853658536586,1.5429124573594808,0.8780487804878049,0.14634146341463414,1.557537217606016,-1.766771257449269,54.75,53.603125,569.7677617286417,582.4504086714439
1,84,dwell5,trust,naive,http,976.6765205053664,991.7348906769985,7.903792008704378,975.1062846887377,1008.3050184632528,-1.51838664881021,-1.9052083044503734,0.04878048780487805,0.975609756097561,0.25361880233173,0.6585365853658537,0.36585365853658536,-2.2784349092155094,-0.6992084882046224,52.375,53.26875,452.9265205053664,459.0473906769985
1,84,f2,thr,naive,http,1938.008069444949,2073.455442537266,91.79102835452079,1813.9793768963768,2248.8433037053783,-6.532446770429354,-1.4756057919863845,0.12195121951219512,0.9024390243902439,-0.6813374626095764,0.3902439024390244,0.6341463414634146,-12.604922059310377,-0.8225934745067613,6.0,6.0,1926.008069444949,2061.455442537266
1,84,f2,mey,naive,http,507.6006455873628,512.6447105670404,5.17293607967846,502.00241918641456,522.964800452057,-0.9839299763959982,-0.9750874362227077,0.17073170731707318,0.8536585365853658,0.31678563973657514,0.6341463414634146,0.3902439024390244,-0.6678074214494569,-1.3039203597936069,125.25,126.1,257.1006455873628,260.44471056704043
1,84,f2,trust,naive,http,441.55430260082335,440.64563959666555,3.164235781051395,432.18093407051333,447.2600601286703,0.20621173171928464,0.28716665477307646,0.5609756097560976,0.4634146341463415,1.6177309156042703,1.0,0.024390243902439025,-0.8867203266676327,1.3025827541740578,113.875,113.625,213.80430260082335,213.39563959666555
1,84,dwell200,thr,naive,http,1954.4747801867022,2113.1698879847922,134.86608984467776,1737.5715500834158,2367.9003307899857,-7.509813039661869,-1.176686504226938,0.12195121951219512,0.9024390243902439,-2.2838883496380973,0.24390243902439024,0.7804878048780488,-3.2673234405509572,-10.873353030295984,4.25,4.25,1911.9747801867022,2070.6698879847922
1,84,dwell200,mey,naive,http,874.6111076097976,890.6568606224457,14.780147008379188,863.1475699147435,917.8839593521271,-1.8015639604947689,-1.0856287832287066,0.17073170731707318,0.8536585365853658,1.0959367670303026,0.7073170731707317,0.3170731707317073,-3.812740679155744,0.356420365281158,42.625,43.415625,448.3611076097976,456.5006106224457
1,84,dwell200,trust,naive,http,801.3342267909808,815.2373802220889,8.783510568557942,795.7692180075173,832.4403385362971,-1.705411671300027,-1.582869778841818,0.04878048780487805,0.975609756097561,2.2190279903481644,1.0,0.024390243902439025,-3.277673883368206,-0.13771834839077968,41.0,41.49375,391.3342267909808,400.29988022208886
1,84,f50,thr,naive,http,2156.427729317812,2494.1664032430263,104.68745825698612,2189.4749702185636,2762.464441242557,-13.541144387402195,-3.2261617537426064,0.024390243902439025,1.0,0.9338804165752125,0.5365853658536586,0.4878048780487805,-14.786826231795176,-12.163284156650825,6.0,6.0,1856.427729317812,2194.1664032430263
1,84,f50,mey,naive,http,2377.531630503847,2457.3764910344635,45.47431133881661,2346.886833530679,2552.469248298232,-3.249191193206416,-1.755823412821241,0.0975609756097561,0.926829268292683,-1.3369647335334551,0.21951219512195122,0.8048780487804879,-5.09429201779948,-1.370810975972403,22.75,23.4,1240.0316305038468,1287.3764910344635
1,84,f50,trust,naive,http,2165.040380072863,2186.140313199477,24.621870915534878,2123.050799003099,2239.1919859840555,-0.9651682922279388,-0.8569589694868051,0.17073170731707318,0.8536585365853658,-1.4756521511276361,0.14634146341463414,0.8780487804878049,-0.9032161336315035,-1.0257154539009976,22.125,21.834375,1058.7903800728632,1094.421563199477
1,85,signed,thr,seasonal60,http,3248.9228859308055,2620.9934188365432,408.34996692347477,2028.454361036225,3941.532997513416,23.957689576076827,1.5377238103509798,0.926829268292683,0.0975609756097561,-5.144363078756294,0.3902439024390244,0.6341463414634146,15.54877605799167,33.30230588766205,7.0,7.9625,3178.9228859308055,2541.3684188365432
1,85,signed,mey,seasonal60,http,1328.124352537569,1162.6664738159702,15.537081421129102,1136.272422402766,1201.3640213970216,14.23089789271655,10.649225181802173,1.0,0.024390243902439025,-1.6892015303472587,0.12195121951219512,0.9024390243902439,8.753245319629025,19.792833992413726,67.875,70.4875,649.3743525375689,457.7914738159702
1,85,signed,trust,seasonal60,http,1168.1401947561328,1057.7798065669824,13.071557894951814,1033.6882402280426,1093.861158508269,10.433209965250171,8.442787697996668,1.0,0.024390243902439025,-0.15482815202800498,0.4634146341463415,0.5609756097560976,9.773238559499694,11.091676533461627,61.25,63.175,555.6401947561328,426.0298065669824
1,85,dwell5,thr,seasonal60,http,3638.234957433191,2369.8808266641745,499.8515189666781,1691.9224317547219,3608.8899834282984,53.51974312372246,2.5374617914356477,1.0,0.024390243902439025,-10.99308527396389,0.3902439024390244,0.6341463414634146,69.16063249946362,39.57063339966765,7.5,7.0875,3563.234957433191,2299.0058266641745
1,85,dwell5,mey,seasonal60,http,1438.051641123099,1150.60905353296,15.048139195180589,1125.0415342875874,1178.72525300269,24.981776973468346,19.101536998155705,1.0,0.024390243902439025,0.4666235671994955,0.6341463414634146,0.3902439024390244,27.784576478684507,22.163097914602606,68.25,68.9,755.551641123099,461.60905353295993
1,85,dwell5,trust,seasonal60,http,1229.7407137031796,1046.3944427213416,9.963160945600368,1024.3061698011759,1067.2866070080868,17.521716811206698,18.40241987286192,1.0,0.024390243902439025,-0.591359227376588,0.2926829268292683,0.7317073170731707,16.583774974251536,18.461881866335904,60.75,60.5125,622.2407137031796,441.26944272134165
1,84,base,thr,naive,http,2140.996271749689,2318.6305658509764,72.08248451095908,2130.933816794867,2453.1642780286224,-7.661172793868196,-2.46431980399178,0.04918032786885246,0.9672131147540983,-6.3895373074788075,0.06557377049180328,0.9508196721311475,-3.4430088330449466,-12.069867770870156,5.916666666666667,5.916666666666667,2081.8296050830227,2259.46389918431
1,84,base,mey,naive,http,1068.590012015021,1077.2428348100125,11.808189407666399,1051.143148945824,1104.9526533892674,-0.8032379065688965,-0.7327815041121871,0.2459016393442623,0.7704918032786885,-0.46048787128812707,0.32786885245901637,0.6885245901639344,-0.26659702121888895,-1.3358468237011198,54.5,53.74861111111111,523.5900120150211,539.7567236989014
1,84,base,trust,naive,http,954.0924305809062,961.2853491378514,6.667256152566658,944.6151868447558,976.256346186014,-0.7482604996941131,-1.0788423891852674,0.13114754098360656,0.8852459016393442,0.3037120744768548,0.6721311475409836,0.3442622950819672,-2.309480669456353,0.7974391318072617,49.25,50.670833333333334,461.59243058090624,454.57701580451806
1,85,f2,thr,seasonal60,http,3541.374005349834,2280.2121002931117,453.7236593210934,1550.6033949011858,3491.7045341777894,55.308973445698555,2.779581534151864,1.0,0.024390243902439025,-11.54631706308968,0.34146341463414637,0.6829268292682927,45.330953002860994,66.37478863670704,7.125,7.121875,3527.124005349834,2265.9683502931116
1,85,f2,mey,seasonal60,http,730.0682126239456,486.98044374126465,5.135091601877104,477.8161996332924,501.58982982579766,49.917357464119185,47.33854578053126,1.0,0.024390243902439025,0.021548402372483604,0.5609756097560976,0.4634146341463415,52.66019320052038,47.355389284455185,140.75,147.765625,448.56821262394556,191.44919374126465
1,85,f2,trust,seasonal60,http,553.4687390416514,439.4998488964895,3.8726614947858993,433.9323370529643,446.47896179293264,25.931497003086275,29.42908650771778,1.0,0.024390243902439025,-1.8446618875171095,0.024390243902439025,1.0,28.62432716447562,23.436793405419053,128.625,130.8375,296.21873904165136,177.82484889648947
1,85,dwell200,thr,seasonal60,http,2298.651608360976,2264.1082882777137,352.219086313561,1710.3719552203638,3153.0818729162456,1.5256920467147344,0.09807339075461174,0.6341463414634146,0.3902439024390244,-3.531928524613855,0.5609756097560976,0.4634146341463415,11.984588041942638,-8.50497951668637,5.375,5.79375,2244.901608360976,2206.1707882777137
1,85,dwell200,mey,seasonal60,http,967.227983835002,854.1794230143117,15.362672325537696,826.0853811609293,894.7551965331971,13.234755810641449,7.3586520902855685,1.0,0.024390243902439025,-3.5006548270638755,0.024390243902439025,1.0,11.16764104581593,15.344884634705243,48.75,49.740625,479.72798383500196,356.77317301431174
1,85,dwell200,trust,seasonal60,http,859.2422453936994,797.3179549928684,11.677331888441238,771.3428575921707,825.515672836563,7.766574176971198,5.302948566712099,1.0,0.024390243902439025,-0.7452923774505964,0.2682926829268293,0.7560975609756098,4.022965885488791,11.752117032837859,45.375,46.478125,405.49224539369936,332.5367049928684
1,85,f50,thr,seasonal60,http,3368.217173371201,2725.9528949162063,395.3792697009858,2173.8455017743727,3731.7221062539465,23.561092330421122,1.6244257796842037,0.9512195121951219,0.07317073170731707,11.539020273746884,0.7804878048780488,0.24390243902439024,2.503326219836068,42.99079056278033,7.0,7.1875,3018.217173371201,2366.5778949162063
1,85,f50,mey,seasonal60,http,2916.9959341631456,2583.7805686638976,57.75129494939062,2489.924093773069,2743.0958716234386,12.896426637017301,5.769833659855692,1.0,0.024390243902439025,-0.34388543716248704,0.4634146341463415,0.5609756097560976,15.06477721585489,10.900244863935113,29.25,30.15,1454.4959341631456,1076.2805686638976
1,85,f50,trust,seasonal60,http,2411.591631842469,2301.2935984580467,47.1104751863489,2232.497827220792,2446.2721083590377,4.792870994745125,2.341263444024502,0.975609756097561,0.04878048780487805,-0.4176810180956552,0.5121951219512195,0.5121951219512195,2.759958956036703,6.7304106162704205,26.25,26.421875,1099.0916318424688,980.1998484580467
1,85,base,thr,seasonal60,http,3623.602501899891,2504.2808495206987,375.5899130388598,1931.6092984315976,3419.0757291930454,44.696330788674224,2.9801696305496463,1.0,0.01639344262295082,7.223022094163726,0.7049180327868853,0.3114754098360656,39.96740313768918,49.33046454662787,7.083333333333333,7.208333333333333,3552.7691685665577,2432.197516187365
1,85,base,mey,seasonal60,http,1366.8983019226616,1124.869789342886,14.324432853223058,1103.5268574151312,1169.7651546871418,21.516135900597103,16.896202108645316,1.0,0.01639344262295082,1.8785579284127847,0.9508196721311475,0.06557377049180328,21.034536847840787,22.001962338373232,63.916666666666664,66.7388888888889,727.731635255995,457.48090045399704
1,85,base,trust,seasonal60,http,1118.0679250654578,1022.2449981430166,11.514737324268506,998.9401329276952,1052.5371511341314,9.373773126453111,8.321764033686154,1.0,0.01639344262295082,0.15201450325031865,0.7049180327868853,0.3114754098360656,9.840340987954868,8.914510598172251,58.25,59.543055555555554,535.5679250654578,426.81444258746103
1,86,signed,thr,ma10,http,2275.386718033549,2123.7319191350643,194.13642697330397,1832.3567124737356,2840.4826752544172,7.140957741985134,0.7811764194019042,0.9024390243902439,0.12195121951219512,-9.456317878785663,0.12195121951219512,0.9024390243902439,14.68024014307776,0.14366290800789752,6.125,6.128125,2214.136718033549,2062.4506691350643
1,86,signed,mey,ma10,http,1091.8901452086056,1094.9918232377827,17.30162453050653,1053.468725045041,1128.640550641303,-0.28326038271278425,-0.17927091318552799,0.4634146341463415,0.5609756097560976,-1.0544045987271606,0.24390243902439024,0.7804878048780488,1.8206832505661628,-2.3665818697148313,61.0,62.40625,481.89014520860565,470.9293232377827
1,86,signed,trust,ma10,http,955.074095879118,966.9696619300008,11.388294834888741,945.8508413889463,982.4549807207801,-1.230190203396885,-1.0445432106692611,0.2682926829268293,0.7560975609756098,-1.7898924540112855,0.0975609756097561,0.926829268292683,-2.205594379197823,-0.2955901538913083,51.375,53.115625,441.324095879118,435.8134119300008
1,86,dwell200,thr,ma10,http,1993.7688052395365,1958.4256194396046,212.12008671959404,1644.828441646518,2606.902319535839,1.8046733789177667,0.1666187599039256,0.6829268292682927,0.34146341463414637,-6.9056384046255115,0.24390243902439024,0.7804878048780488,0.1738911286130977,3.073623115869567,4.75,4.753125,1946.2688052395365,1910.8943694396046
1,86,dwell200,mey,ma10,http,960.7487310383084,955.3665089707886,14.414088462032513,931.980924917591,985.2795785711049,0.5633672540309226,0.373400099610661,0.6585365853658537,0.36585365853658536,0.9978469588058639,0.7560975609756098,0.2682926829268293,1.9091876213491394,-0.5321011577836369,45.125,45.740625,509.4987310383084,497.9602589707886
1,86,dwell200,trust,ma10,http,810.8560025580127,816.5925430358477,9.945611957430962,796.2931891809355,841.3105818649713,-0.7024972891018856,-0.5767911016826738,0.3170731707317073,0.7073170731707317,0.7101127499075107,0.7317073170731707,0.2926829268292683,0.1360675543220838,-1.4038538574926667,44.125,44.05,369.60600255801273,376.0925430358477
1,86,dwell5,thr,ma10,http,2366.4171258190677,2311.1858913954516,185.86000020483038,2056.375243422194,2945.063966009352,2.3897357036161426,0.29716579340765914,0.7073170731707317,0.3170731707317073,-10.449482233423655,0.07317073170731707,0.9512195121951219,0.21102660275581564,4.8346492225987685,6.0,6.015625,2306.4171258190677,2251.0296413954516
1,86,dwell5,mey,ma10,http,1142.2604023688036,1150.299494089849,17.988423796967147,1112.3497348761646,1187.5770332475806,-0.6988694476829461,-0.44690362044954957,0.34146341463414637,0.6829268292682927,-1.260458048912957,0.24390243902439024,0.7804878048780488,-0.9630976096686206,-0.42783580589921205,57.875,58.0,563.5104023688036,570.2994940898491
1,86,dwell5,trust,ma10,http,1030.4545568121173,1025.8203000720994,11.478526068691032,1001.725414451483,1050.9821748190625,0.4517610676735683,0.4037327364406457,0.6341463414634146,0.3902439024390244,-0.4071921415491746,0.3902439024390244,0.6341463414634146,0.7107452088091477,0.20235913781797166,53.375,52.734375,496.7045568121173,498.47655007209937
1,86,f2,thr,ma10,http,2556.3487127901763,2390.271396971092,189.64394246631704,2131.269550613752,3078.319292012119,6.94805267843368,0.875732246752787,0.8292682926829268,0.1951219512195122,-9.693629584472959,0.0975609756097561,0.926829268292683,6.89581029484776,6.99414310545088,6.0,6.009375,2544.3487127901763,2378.252646971092
1,86,f2,mey,ma10,http,494.7688646970553,501.3487787097175,6.327787602239675,487.5089313278488,516.6347379050226,-1.3124424137616248,-1.03984432257703,0.14634146341463414,0.8780487804878049,-2.8162964507897823,0.024390243902439025,1.0,-2.4725231577741957,-0.09681090611995635,121.75,123.128125,251.26886469705528,255.09252870971753
1,86,f2,trust,ma10,http,424.39928840287524,429.4218695406127,3.1562560094586556,422.93731312412626,435.98978222687674,-1.1696146596144539,-1.5913098058857742,0.04878048780487805,0.975609756097561,0.7187877268796914,0.8292682926829268,0.1951219512195122,-0.298078476152227,-2.08780384295707,114.25,113.98125,195.89928840287524,201.4593695406127
1,86,f50,thr,ma10,http,2507.7425429539335,2321.837165666396,156.19680732776067,2103.1589604225437,2971.2788346546436,8.006822357595459,1.1901995979817763,0.926829268292683,0.0975609756097561,2.900991533759218,0.7560975609756098,0.2682926829268293,7.482682356750116,8.531402300232754,6.0,6.009375,2207.7425429539335,2021.3684156663958
1,86,f50,mey,ma10,http,2428.556879851898,2426.611521958251,50.45376971416241,2302.0602675931027,2548.3521375867795,0.08016766903327527,0.03855723575597863,0.4878048780487805,0.5365853658536586,2.8801285153989324,0.9512195121951219,0.07317073170731707,-1.3079104385399367,1.513646428827455,24.5,24.528125,1203.556879851898,1200.2052719582512
1,86,f50,trust,ma10,http,2101.144786789466,2134.412817036506,32.13904043990642,2056.7275756763893,2205.61414082526,-1.558650228367295,-1.0351282985328976,0.17073170731707318,0.8536585365853658,0.9721990771043939,0.7317073170731707,0.2926829268292683,-0.6626257912291021,-2.3721525060915023,21.0,21.671875,1051.1447867894658,1050.819067036506
1,87,signed,thr,naive,event,3947.1497770911055,3363.584581267828,351.1780359506566,2583.87966629305,4091.183112915187,17.34950264290115,1.6617360315360759,0.9512195121951219,0.07317073170731707,-0.5231515219212445,0.5853658536585366,0.43902439024390244,11.383617811475952,23.865248025112287,11.125,10.790625,3835.8997770911055,3255.678331267828
1,87,signed,mey,naive,event,1034.3666720115689,1035.521673475739,17.86409663341285,1015.1318822503137,1085.1314396634848,-0.11153812554142428,-0.06465490463199369,0.6585365853658537,0.36585365853658536,-0.8398318239369809,0.3902439024390244,0.6341463414634146,0.5129722048736468,-0.7349689181897457,63.625,62.396875,398.1166720115689,411.5529234757389
1,87,signed,trust,naive,event,1019.6616412883388,1005.7713164311854,15.62489910212722,977.0728082824432,1045.438267290241,1.3810619402471145,0.8889865314562193,0.8048780487804879,0.21951219512195122,0.42477742934461515,0.6585365853658537,0.36585365853658536,0.42253719610117163,2.3516780264696067,58.25,57.784375,437.16164128833884,427.92756643118537
1,86,base,thr,ma10,http,2252.22774523843,2269.409906337088,162.48862556450513,2016.256272163958,2954.8732358549155,-0.7571202122048862,-0.10574377768883925,0.5245901639344263,0.4918032786885246,-5.232557274665655,0.21311475409836064,0.8032786885245902,-2.030191099356982,0.4910672539172265,6.083333333333333,6.0125,2191.3944119050966,2209.284906337088
1,86,base,mey,ma10,http,1101.651644185202,1115.7783409707595,12.39921523150743,1092.488800866753,1145.1143222257385,-1.2660845139964634,-1.1393218459229855,0.13114754098360656,0.8852459016393442,-1.5038612420963964,0.11475409836065574,0.9016393442622951,-3.1368894059167105,0.5781315508526719,55.583333333333336,56.16111111111111,545.8183108518687,554.1672298596484
1,86,base,trust,ma10,http,968.9239610260751,965.4001342714074,9.84812247123887,944.159394531676,991.3560879149309,0.36501204314904134,0.35781711335931055,0.6557377049180327,0.36065573770491804,0.4687759939113938,0.6557377049180327,0.36065573770491804,0.8055061447486516,-0.08046024658402373,50.166666666666664,49.87916666666667,467.25729435940843,466.6084676047407
1,87,dwell5,thr,naive,event,2368.2802904800756,1991.0114828845576,376.33572361576637,1658.115142067064,2770.3639636074668,18.948600288780586,1.0024793925242776,0.7317073170731707,0.2926829268292683,-16.00044161389053,0.2926829268292683,0.8292682926829268,15.725530934136632,22.694996781762427,8.875,8.50625,2279.5302904800756,1905.9489828845576
1,87,dwell5,mey,naive,event,1017.0252384264513,1009.7128347546834,12.90278964229482,990.0608616449795,1066.0764859526605,0.7242062713350101,0.5667304415936661,0.8536585365853658,0.17073170731707318,-1.2210293861118109,0.1951219512195122,0.8292682926829268,-1.012219620220013,2.429155266851646,58.125,58.853125,435.7752384264513,421.1815847546834
1,87,dwell5,trust,naive,event,987.0743622825339,981.9005727408285,8.850511766116004,968.4263433524559,1008.3857446946278,0.5269158288871945,0.5845751837213741,0.6585365853658537,0.36585365853658536,-1.0348150403511072,0.0975609756097561,0.926829268292683,-0.5412941006723987,1.6073489223813988,55.625,55.84375,430.8243622825339,423.46307274082847
1,87,dwell200,thr,naive,event,3400.2063276644353,2380.187983602077,297.59717727863824,1810.4184330501469,3283.7340052774775,42.85452876367795,3.427513504630193,1.0,0.024390243902439025,-8.193091832359883,0.17073170731707318,0.8536585365853658,68.2376512553894,23.122832458924766,6.875,7.44375,3331.4563276644353,2305.750483602077
1,87,dwell200,mey,naive,event,883.9674954103989,890.1744203316017,8.780889947442587,873.092019632265,924.6245630631201,-0.6972706448799834,-0.7068674084692935,0.24390243902439024,0.7804878048780488,-0.5593958112667926,0.24390243902439024,0.7804878048780488,-0.3698313886486801,-1.0134402523483221,49.625,50.153125,387.7174954103989,388.6431703316017
1,87,dwell200,trust,naive,event,849.3464701094883,848.6822632398965,7.472692112154366,831.9315800077886,866.7460670949805,0.07826331459504571,0.08888454918562198,0.6341463414634146,0.3902439024390244,0.7670930851859193,0.8780487804878049,0.14634146341463414,-1.458777565325805,1.530339642918944,49.5,49.4375,354.34647010948834,354.30726323989654
1,87,f2,thr,naive,event,2301.958077324367,2430.998653185334,223.86552616931615,2056.5800048322717,3019.4547329805,-5.308130290071759,-0.5764200413929298,0.2926829268292683,0.7317073170731707,-3.849335918847109,0.3902439024390244,0.6341463414634146,1.004714230000814,-13.355645866736927,8.625,8.634375,2284.708077324367,2413.729903185334
1,87,f2,mey,naive,event,427.57687024371944,432.86485445716863,10.544282665534025,424.8469684343564,463.33226639406723,-1.221624754007935,-0.5015025091022991,0.24390243902439024,0.7804878048780488,5.426636088500042,0.9024390243902439,0.12195121951219512,-1.7481376355304417,-0.7083380047903841,129.0,128.728125,169.57687024371944,175.40860445716862
1,87,f2,trust,naive,event,412.9623258137849,416.0989046452247,4.886485237091496,409.86824417258003,430.1831020560637,-0.7538060774551002,-0.6418885311739407,0.24390243902439024,0.7804878048780488,2.472926530851752,0.926829268292683,0.0975609756097561,-0.9575960151184992,-0.553230230183219,119.375,119.265625,174.2123258137849,177.5676546452247
1,87,f50,thr,naive,event,2989.268028819168,2667.8483398674093,231.04944745593443,2246.4444016977313,2999.8262494742366,12.047899580668565,1.3911294421643652,0.9512195121951219,0.07317073170731707,-4.284039384732377,0.3902439024390244,0.6341463414634146,10.735108359976087,13.387976360236141,8.375,8.609375,2570.518028819168,2237.3795898674093
1,87,f50,mey,naive,event,2224.253311266507,2191.545456782917,25.189462136266773,2140.3641148223373,2249.468013480171,1.492456128726779,1.298473715184989,0.8536585365853658,0.17073170731707318,2.384378054055017,0.975609756097561,0.04878048780487805,1.8582010523225256,1.1380498058936843,24.25,23.66875,1011.7533112665069,1008.107956782917
1,87,f50,trust,naive,event,2140.452153080054,2116.0507162979243,30.429536546132503,2047.578050585639,2172.27358420117,1.1531593545555683,0.8018997182272553,0.7317073170731707,0.2926829268292683,1.4922111838797825,0.8292682926829268,0.1951219512195122,3.59793005351852,-1.198093619685158,22.75,22.665625,1002.9521530800539,982.7694662979243
1,87,base,thr,naive,event,2761.591508312044,2637.5826608341376,285.10390390118494,1867.972676456989,3249.929941793506,4.701609899069037,0.4349601874300779,0.5901639344262295,0.4262295081967213,-10.749239838118006,0.18032786885245902,0.8360655737704918,-7.927544915896419,15.72844754106037,8.916666666666666,8.752777777777778,2672.4248416453775,2550.05488305636
1,87,base,mey,naive,event,1027.4842226877001,1035.0077232115043,7.831650167429392,1018.6999093053932,1053.8771799840385,-0.7269028389913501,-0.9606532931071438,0.21311475409836064,0.8032786885245902,0.34458410609806434,0.6885245901639344,0.32786885245901637,-1.4378119131930438,-0.012271647862741644,58.5,59.451388888888886,442.48422268770014,440.4938343226154
1,87,base,trust,naive,event,984.578851090714,972.6389145082828,7.243417172700236,959.393784259421,990.5061862551257,1.2275816240055968,1.6483844983320435,0.9508196721311475,0.06557377049180328,-0.031221599047277854,0.5409836065573771,0.47540983606557374,1.2190937296083237,1.236233036251239,54.75,54.71944444444444,437.078851090714,425.44447006383837
1,88,base,thr,seasonal60,http,1591.1810720187739,2475.272222439855,292.87738229625745,1809.5738945210978,3454.3960084594605,-35.716926098319796,-3.0186392117052816,0.01639344262295082,1.0,-2.854515929868061,0.4918032786885246,0.5245901639344263,-38.59328690288464,-32.724063620187565,6.25,7.1375,1528.6810720187739,2403.897222439855
1,88,base,mey,seasonal60,http,1050.2910379420816,1134.90032871591,10.334384949900066,1109.587635690972,1157.6003441295024,-7.45521775199062,-8.187162679153596,0.01639344262295082,1.0,0.5436776216772016,0.7540983606557377,0.26229508196721313,-7.945159599199941,-6.954015014359915,62.25,67.84305555555555,427.79103794208163,456.4697731603545
1,88,base,trust,seasonal60,http,986.7129049318468,1016.8860201639169,11.440716506352734,986.342763076049,1041.0294537749458,-2.9672072025541643,-2.6373448914074378,0.03278688524590164,0.9836065573770492,0.23886884438731842,0.5901639344262295,0.4262295081967213,-3.5414236551013856,-2.4081125327777553,56.416666666666664,58.78888888888889,422.54623826518014,428.997131275028
1,89,base,thr,ma10,timer,2105.1529596121404,2105.525021813165,19.032147450652772,2073.2912049846736,2183.1717971950143,-0.017670756565230407,-0.019549144519256954,0.5081967213114754,0.5081967213114754,-0.4030863481563237,0.39344262295081966,0.6229508196721312,1.170529542879376,-1.1122683920082355,6.0,6.0,2045.1529596121404,2045.525021813165
1,89,base,mey,ma10,timer,1112.8934565058225,1117.452904799296,6.453919533269242,1104.610711905066,1136.6637872269982,-0.40802151695980127,-0.7064619058186269,0.2786885245901639,0.7377049180327869,-0.3722038991207683,0.32786885245901637,0.6885245901639344,-1.414962837345382,0.5445429541425653,51.333333333333336,51.18472222222222,599.5601231724892,605.6056825770738
1,89,base,trust,ma10,timer,990.5145022234468,990.7764096838666,4.029189109955634,982.1761050921074,1000.8898437808194,-0.026434567664301665,-0.06500252365238432,0.45901639344262296,0.5573770491803278,0.5800422633776259,0.9180327868852459,0.09836065573770492,0.1317809821848807,-0.18562830629348928,51.416666666666664,50.85138888888889,476.3478355567802,482.2625207949777
1,91,base,thr,seasonal60,timer,2163.712971645232,2238.8061036872305,180.06205973443116,1872.780378982067,2705.191039742203,-3.354159697810499,-0.4170402812938579,0.39344262295081966,0.6229508196721312,-0.8350617144677323,0.4262295081967213,0.5901639344262295,-7.151821843925904,0.5249748238548917,5.916666666666667,5.9125,2104.5463049785653,2179.6811036872305
1,91,base,mey,seasonal60,timer,1072.4470604101732,1071.1905499079553,15.287107359803228,1038.0052049788371,1103.4818784148506,0.11730037221910478,0.08219413082175674,0.5245901639344263,0.4918032786885246,2.060419088088148,0.9180327868852459,0.09836065573770492,-0.788503206814635,1.0531609262590291,56.25,57.43194444444445,509.9470604101732,496.87110546351084
1,91,base,trust,seasonal60,timer,942.1676676760476,940.1683651718528,10.364638068140824,917.7867329128371,965.7310151011129,0.21265366696627414,0.19289650936681907,0.6557377049180327,0.36065573770491804,0.02473476224672561,0.5737704918032787,0.4426229508196721,0.1389068194439958,0.2855277303634387,49.75,49.53472222222222,444.6676676760476,444.82114294963054
1,94,base,thr,seasonal60,timer,2491.600466293335,2301.968661638309,287.03165423730746,1862.945749375329,3058.9083646133718,8.237810002159852,0.6606651282378951,0.7213114754098361,0.29508196721311475,-3.1243078287159323,0.47540983606557374,0.5409836065573771,20.515247263750656,-4.769805746768132,11.166666666666666,12.323611111111111,2379.9337996266686,2178.732550527198
1,94,base,mey,seasonal60,timer,998.6867371489311,1009.7113312932009,7.670369128173067,990.879915606201,1032.302394993883,-1.0918560387105822,-1.4372964273357822,0.08196721311475409,0.9344262295081968,0.8015913894189165,0.9180327868852459,0.09836065573770492,-0.17285976480870882,-1.9472985999154475,58.333333333333336,59.46388888888889,415.35340381559774,415.072442404312
1,94,base,trust,seasonal60,timer,990.5445911056759,993.934644501887,7.236143689325974,974.8678780126174,1012.7889343886255,-0.3410740751380123,-0.46848895513390154,0.3114754098360656,0.7049180327868853,0.6111878113541191,0.8032786885245902,0.21311475409836064,0.35435612419838997,-1.0263325778651116,58.333333333333336,58.96666666666667,407.2112577723425,404.2679778352202
1,92,base,thr,ma10,storage,2225.369494646462,2220.7400039889026,133.59941144967465,2069.3479264902653,2643.9595319965083,0.20846612612210172,0.03465202883250237,0.6885245901639344,0.32786885245901637,6.087406377619708,0.8688524590163934,0.14754098360655737,-6.675439788544648,8.023756713129359,5.916666666666667,5.916666666666667,2166.2028279797955,2161.573337322236
1,92,base,mey,ma10,storage,1090.1193960809644,1099.0591401302788,12.221971447736534,1075.5414109145975,1125.2616610665746,-0.8133997273572308,-0.7314486118334061,0.29508196721311475,0.7213114754098361,-0.9314537731676766,0.21311475409836064,0.8032786885245902,-0.36842645590332274,-1.2697579891678383,55.666666666666664,54.7625,533.4527294142978,551.4341401302788
1,92,base,trust,ma10,storage,959.4340478833683,955.3053563521892,8.247537546392168,938.317741931707,975.3904216758324,0.43218553143514654,0.5005968760924524,0.7704918032786885,0.2459016393442623,-0.35168065358855083,0.3442622950819672,0.6721311475409836,-0.5334747983273092,1.37117315093942,52.083333333333336,51.47222222222222,438.6007145500349,440.583134129967
1,95,base,thr,ma10,http,2171.6733519576787,2429.412751804621,309.69369048305936,1997.7744320560867,3464.8503119256948,-10.609123528123739,-0.8322397509775586,0.19672131147540983,0.819672131147541,0.6292311640323139,0.6065573770491803,0.4098360655737705,-8.453600034162326,-12.864975026957724,5.916666666666667,5.961111111111111,2112.506685291012,2369.80164069351
1,95,base,mey,ma10,http,1075.3154614068544,1100.3670869280363,14.283866219100341,1062.4777881073624,1127.038255557243,-2.2766607451991403,-1.7538406714901145,0.08196721311475409,0.9344262295081968,-0.8635302029343294,0.21311475409836064,0.8032786885245902,-1.8906479943409378,-2.648451075458126,55.25,57.583333333333336,522.8154614068544,524.533753594703
1,95,base,trust,ma10,http,956.6373675968907,960.0658579773133,7.971320362594753,947.1995680863389,978.6157063441901,-0.3571099161515607,-0.4301031980235873,0.3770491803278688,0.639344262295082,0.040252937457592466,0.5901639344262295,0.4262295081967213,0.8597315286671179,-1.5501057197361772,51.083333333333336,50.983333333333334,445.80403426355736,450.2325246439799
1,96,base,thr,naive,timer,2287.8368169823784,2406.5036547526183,186.13150610316524,1937.92976765644,3054.4364260290145,-4.931089031836044,-0.6375429944915808,0.29508196721311475,0.7213114754098361,-0.3156027450467673,0.5245901639344263,0.4918032786885246,-2.2203032310101007,-7.785919522787663,6.0,6.013888888888889,2227.8368169823784,2346.3647658637296
1,96,base,mey,naive,timer,1059.8550952232415,1089.1869033465066,13.132632254177913,1059.6192726957945,1115.4429241529554,-2.69300044217789,-2.2335056335666215,0.03278688524590164,0.9836065573770492,-1.1984226714576245,0.19672131147540983,0.819672131147541,-3.705313342744925,-1.6563086616583536,58.416666666666664,58.06805555555555,475.6884285565749,508.50634779095105
1,96,base,trust,naive,timer,957.8753509659169,981.4675020872315,9.671687108762168,958.685051519668,1003.6520547860488,-2.403762841983306,-2.4393004918388064,0.01639344262295082,1.0,0.1672982963534784,0.5573770491803278,0.45901639344262296,-3.598651846303464,-1.209608747264619,52.0,53.1375,437.87535096591694,450.09250208723154
1,97,base,thr,seasonal60,orchestration,1790.341827337692,1799.8263377970243,16.13942204868165,1682.2644777903718,1828.460218294448,-0.5269680890958247,-0.5876610965822711,0.03278688524590164,0.9836065573770492,0.24896448196717216,0.7704918032786885,0.2459016393442623,-0.41005906505715284,-0.652290391583308,7.75,8.86111111111111,1712.841827337692,1711.2152266859132
1,97,base,mey,seasonal60,orchestration,921.1735631506389,930.9926375880534,3.233360690540699,922.9094140427587,938.8714611200057,-1.054688731250665,-3.036801451239437,0.01639344262295082,1.0,0.49361871789631334,0.9344262295081968,0.08196721311475409,-1.1187361241739215,-0.9906085107316652,51.916666666666664,52.80416666666667,402.00689648397224,402.9509709213868
1,97,base,trust,seasonal60,orchestration,902.1158248218039,914.4044955881861,3.0515385103365644,906.1387991666046,920.2284863927495,-1.3438987697099614,-4.027041023652968,0.01639344262295082,1.0,-0.053774115613336546,0.4426229508196721,0.5737704918032787,-1.2594836976326735,-1.4284954820088394,50.0,51.16388888888889,402.1158248218039,402.7656066992972
1,98,base,thr,ma10,queue,2671.1756106391344,2219.0238077102968,210.2665146566033,1883.0687181653002,3008.696420160995,20.3761582619247,2.150374745438042,0.9672131147540983,0.04918032786885246,13.63300037810386,0.9344262295081968,0.08196721311475409,34.38250642075727,6.634075688594182,6.25,6.308333333333334,2608.6756106391344,2155.9404743769633
1,98,base,mey,ma10,queue,1114.0921371727004,1097.3365942794262,14.742801665401231,1072.5590433962852,1129.6093896263692,1.5269282898814507,1.1365236590407721,0.8524590163934426,0.16393442622950818,-1.1317374956494513,0.2786885245901639,0.7377049180327869,4.475326303326512,-1.5254916861280574,60.5,59.852777777777774,509.0921371727004,498.8088165016485
1,98,base,trust,ma10,queue,983.5008964872785,971.3207129176902,8.865296194046696,950.182362474152,993.5151654265901,1.2539816568928073,1.373917272811215,0.9016393442622951,0.11475409836065574,-1.0201696659391049,0.11475409836065574,0.9016393442622951,1.2376607941834463,1.2702667991389602,52.25,51.64861111111111,461.0008964872785,454.83460180657914
1,100,base,thr,seasonal60,timer,1838.149052307576,1993.439008102863,166.6192132646872,1670.688686168358,2380.6979848118767,-7.790053027159074,-0.9320050956464252,0.21311475409836064,0.8032786885245902,5.005534533431738,0.7049180327868853,0.3114754098360656,-3.1939894452543274,-12.534114653195795,11.5,12.072222222222223,1723.149052307576,1872.7167858806408
1,100,base,mey,seasonal60,timer,991.6856959381074,1007.0117585504875,10.922344866761204,987.8009797570721,1068.2724716598905,-1.5219348217383954,-1.4031842795057863,0.03278688524590164,0.9836065573770492,0.6880968178632366,0.8524590163934426,0.16393442622950818,-2.630092771890416,-0.38410024274703314,58.583333333333336,59.76111111111111,405.85236260477404,409.40064743937637
1,100,base,trust,seasonal60,timer,961.3779297044283,968.7286885432546,7.92359939384164,947.0450370526446,995.9643250849114,-0.7588047020554511,-0.9277045031503564,0.11475409836065574,0.9016393442622951,0.6340857242478316,0.8360655737704918,0.18032786885245902,-1.188415093449369,-0.3111497400903113,55.916666666666664,56.02777777777778,402.2112630377617,408.4509107654768
1,99,base,thr,naive,http,2176.478187014083,2092.3465356500783,179.1403853076472,1729.3132157545608,2769.400771807,4.0209233953622,0.4696408976653744,0.7540983606557377,0.26229508196721313,-11.597808773540216,0.03278688524590164,0.9836065573770492,-7.740402060697169,16.43539865382192,6.0,6.019444444444445,2116.478187014083,2032.152091205634
1,99,base,mey,naive,http,1125.1390101872257,1115.3528870106952,15.716449887357378,1077.4571152884444,1151.5960589182253,0.877401519330686,0.6226675392133346,0.7540983606557377,0.26229508196721313,-2.085080571350843,0.04918032786885246,0.9672131147540983,0.2707828736190247,1.5061738559042332,57.583333333333336,58.952777777777776,549.3056768538924,525.8251092329175
1,99,base,trust,naive,http,991.6596623381269,988.7621336296929,10.968259984330713,965.1878799991101,1013.9662947115665,0.2930460835709041,0.2641739631056651,0.6229508196721312,0.39344262295081966,0.8587098617660498,0.7868852459016393,0.22950819672131148,-0.03703938786164545,0.6213406630467111,52.166666666666664,51.65277777777778,469.9929956714602,472.2343558519151
1,103,base,thr,seasonal60,queue,2906.864412074949,2488.851034364233,413.1667187426139,1893.9418100551331,3602.4709516615253,16.79543580307112,1.0117305163950574,0.819672131147541,0.19672131147540983,28.394813324841024,0.9180327868852459,0.09836065573770492,16.582396364024337,17.024887363590118,8.166666666666666,8.28888888888889,2825.1977454082826,2405.962145475344
1,103,base,mey,seasonal60,queue,1193.4358319714754,1095.2438361677216,9.406543603844145,1072.1855618897625,1115.548939171452,8.965309144978109,10.438690335058453,1.0,0.01639344262295082,0.03573583828811046,0.4918032786885246,0.5245901639344263,12.107476810843398,6.003555598011712,67.16666666666667,66.8638888888889,521.7691653048087,426.6049472788327
1,103,base,trust,seasonal60,queue,1058.896814400389,1015.673742286571,8.830964201325838,994.3872350069032,1038.7931376296604,4.255605940595705,4.894490695288827,1.0,0.01639344262295082,2.526772362591215,1.0,0.01639344262295082,7.292922704081581,1.2838653315435722,60.166666666666664,60.480555555555554,457.23014773372245,410.8681867310155
1,101,base,thr,ma10,event,2020.2966163985782,2105.511444154675,225.49049024808565,1904.5817421244672,3093.6867735733845,-4.047227004757926,-0.3779087431241241,0.32786885245901637,0.6885245901639344,-3.0889300880167223,0.47540983606557374,0.5409836065573771,-2.7838935479781206,-5.332446115013008,6.166666666666667,6.366666666666666,1958.6299497319114,2041.844777488008
1,101,base,mey,ma10,event,1127.6650842832116,1106.72735878036,13.018444289214658,1080.0485346190621,1140.2291375220263,1.8918593939816883,1.6083124095094727,0.9508196721311475,0.06557377049180328,1.6243517714746005,0.9344262295081968,0.08196721311475409,1.4230752348171312,2.3658788385114105,57.25,57.081944444444446,555.1650842832116,535.9079143359155
1,101,base,trust,ma10,event,949.0659871562056,947.7066075492368,9.970319876727425,927.8840387801365,968.9014261457434,0.14343886558775124,0.13634262729542218,0.5409836065573771,0.47540983606557374,1.4854025505908752,0.9180327868852459,0.09836065573770492,0.11388484975937564,0.17394904086338298,50.25,50.65833333333333,446.56598715620555,441.12327421590345
1,104,base,thr,ma10,http,2085.9062830810067,2373.8592423074724,195.0651092097991,1954.9908079811141,3087.7919018873176,-12.130161472698171,-1.476188952462855,0.06557377049180328,0.9508196721311475,1.208641684632418,0.5901639344262295,0.4262295081967213,-19.53931860323273,-3.549892898679856,6.416666666666667,6.404166666666667,2021.73961641434,2309.817575640806
1,104,base,mey,ma10,http,1123.7103751963073,1110.2920281275735,13.291261695708926,1078.9494653351592,1135.5192781475691,1.2085421428597305,1.0095615733054026,0.8688524590163934,0.14754098360655737,0.2745454135902149,0.5409836065573771,0.47540983606557374,0.8805321653605443,1.5520831383472398,60.416666666666664,61.28333333333333,519.5437085296406,497.4586947942403
1,104,base,trust,ma10,http,992.4738546457714,996.2756390773878,9.854722554421393,976.0518660457245,1023.2177534194302,-0.38159965801603685,-0.3857830000410006,0.3442622950819672,0.6721311475409836,0.9517292866899819,0.8852459016393442,0.13114754098360656,0.1385266052862101,-0.9141350916309388,53.333333333333336,54.57222222222222,459.14052131243807,450.55341685516566
1,105,base,thr,naive,queue,2142.2275609743324,2291.9279637550408,252.42942132779865,1949.6538432485902,3385.448274524058,-6.531636471481536,-0.593038648162613,0.22950819672131148,0.7868852459016393,7.631846567622434,0.8360655737704918,0.18032786885245902,-10.68025530547343,-1.9984567187082363,6.0,6.094444444444444,2082.2275609743324,2230.9835193105964
1,105,base,mey,naive,queue,1070.9760084207921,1123.8261412222118,13.54247764328275,1093.8638402054805,1157.4381869300857,-4.702696517091407,-3.9025453239447714,0.01639344262295082,1.0,2.6488805600190806,0.9836065573770492,0.03278688524590164,-6.215828243901359,-3.188228872812902,59.166666666666664,60.702777777777776,479.3093417541255,516.7983634444341
1,105,base,trust,naive,queue,978.2786613767026,987.1682164607076,10.646761959348401,964.2777307356678,1015.1969936064311,-0.9005106663458738,-0.8349538684106216,0.2459016393442623,0.7704918032786885,1.5955968205435047,0.9180327868852459,0.09836065573770492,-0.1560596475256128,-1.655096355503126,52.75,53.625,450.77866137670264,450.91821646070764
1,106,base,thr,seasonal60,queue,2365.5610997836397,2167.174564025403,216.22975157460405,1818.3552201250056,2812.7519074709853,9.15415578658994,0.9174802926681853,0.8032786885245902,0.21311475409836064,-2.0710061361599963,0.45901639344262296,0.5573770491803278,16.1130287160596,2.2132311283389905,7.0,7.245833333333334,2295.5610997836397,2094.7162306920695
1,106,base,mey,seasonal60,queue,1098.5291615290207,1073.5836277113717,11.925733508165175,1046.7265480637777,1102.7446762166207,2.323576214628665,2.0917400007781133,0.9672131147540983,0.04918032786885246,1.659059574236952,0.9016393442622951,0.11475409836065574,2.956754139781357,1.7004277386070357,57.25,58.015277777777776,526.0291615290207,493.430849933594
1,106,base,trust,seasonal60,queue,973.2551679315534,952.9826421973272,9.679782388856438,930.079702831226,974.2003630719088,2.1272712467756043,2.094316268676073,0.9836065573770492,0.03278688524590164,1.6553139197608475,0.9508196721311475,0.06557377049180328,3.2721522893723938,1.0072988309842816,52.833333333333336,52.86388888888889,444.92183459822,424.3437533084383
1,107,base,thr,ma10,timer,2541.2366975369305,2467.533221520402,241.92492270315225,1924.0462475939257,3054.9801587213765,2.986929431131024,0.30465433322454477,0.6557377049180327,0.36065573770491804,8.330734227438155,0.7868852459016393,0.22950819672131148,14.375305625491055,-8.471793249749972,10.833333333333334,10.808333333333334,2432.903364203597,2359.4498881870686
1,107,base,mey,ma10,timer,1117.6147157340176,1092.7680438580835,11.842084311872382,1070.3818935142267,1118.6499578542646,2.273737049283713,2.0981671149751815,0.9836065573770492,0.03278688524590164,0.9964646848505548,0.8524590163934426,0.16393442622950818,1.0874038152900656,3.458350222377748,67.66666666666667,67.45138888888889,440.9480490673509,418.2541549691946
1,107,base,trust,ma10,timer,1011.4323752737613,1022.1282012875884,9.59882612400882,999.4571755199512,1048.7482567695,-1.0464270529228512,-1.1142847964580165,0.13114754098360656,0.8852459016393442,-1.1931037400309397,0.09836065573770492,0.9180327868852459,-2.2023725065568165,0.08692249196414183,57.916666666666664,59.080555555555556,432.26570860709467,431.3226457320328
1,109,base,thr,seasonal60,http,1686.046968690236,2606.9983808728725,239.23198575596598,2263.147302431249,3198.3177762515857,-35.32612137159381,-3.8496165522033237,0.01639344262295082,1.0,2.785527266537238,0.7213114754098361,0.29508196721311475,-32.27720492195382,-37.761831529796396,6.666666666666667,7.259722222222222,1619.3803020235694,2534.4011586506504
1,109,base,mey,seasonal60,http,1066.097846651987,1095.237913907119,11.1722155098026,1076.28057797608,1126.4790481495847,-2.6606152768377553,-2.60826218663292,0.01639344262295082,1.0,-0.6940871543277615,0.26229508196721313,0.7540983606557377,-0.544512725663526,-4.751765538294577,65.91666666666667,65.82916666666667,406.93117998532034,436.9462472404524
1,109,base,trust,seasonal60,http,994.3620872972252,1008.5015394857925,9.668287547522597,977.9479049625583,1034.446081608635,-1.402025840810969,-1.4624567297018738,0.06557377049180328,0.9508196721311475,-0.16601401797593876,0.47540983606557374,0.5409836065573771,-0.8662092434405753,-1.9386274760129656,58.166666666666664,58.97083333333333,412.6954206305586,418.7932061524592
1,108,base,thr,naive,timer,1868.0991998710058,1870.0691457661467,20.15965838514155,1807.2942169087737,1916.9221283134202,-0.10534080515690325,-0.09771722603160815,0.32786885245901637,0.6885245901639344,-0.1626642717144063,0.2786885245901639,0.7377049180327869,0.4381824305928783,-0.713887180580499,12.0,12.968055555555555,1748.0991998710058,1740.3885902105912
1,108,base,mey,naive,timer,987.8434006932854,994.481757632475,18.4303849227208,981.0948567000409,1070.6860811533336,-0.6675192267974145,-0.36018547453156724,0.3442622950819672,0.6721311475409836,-0.11106575939206484,0.7868852459016393,0.22950819672131148,-1.5340951593188603,0.20499411290425323,57.5,57.980555555555554,412.8434006932854,414.6762020769195
1,108,base,trust,naive,timer,924.441702508419,928.1099060950152,10.263429574810655,915.3355932868071,971.7345482576615,-0.3952337500663037,-0.35740524742323776,0.3442622950819672,0.6721311475409836,0.0651202817468398,0.7868852459016393,0.22950819672131148,-0.35606497193491377,-0.4346456843299641,51.5,52.05972222222222,409.441702508419,407.512683872793
1,110,base,thr,ma10,timer,2010.4715904650232,2552.5024581816165,391.9842252775173,1942.717013706863,3706.5825283140857,-21.235273093634238,-1.3827874510328724,0.03278688524590164,0.9836065573770492,16.51840886308102,0.8360655737704918,0.18032786885245902,-24.243968163777968,-18.569177371818327,6.416666666666667,6.218055555555556,1946.3049237983564,2490.321902626061
1,110,base,mey,ma10,timer,1103.9356363187499,1121.7917979770061,14.53822584292945,1088.7206729169582,1154.491955499397,-1.5917536293684218,-1.2282215072990128,0.14754098360655737,0.8688524590163934,-0.3593905804475998,0.36065573770491804,0.6557377049180327,-2.9941954753085986,-0.2519203851771971,62.666666666666664,64.04583333333333,477.26896965208323,481.33346464367276
1,110,base,trust,ma10,timer,970.5538456148671,976.8425028196399,10.29398785940967,956.2962443172283,995.6971821344329,-0.6437739130536072,-0.6109058307295716,0.2786885245901639,0.7377049180327869,0.013743258871274701,0.5245901639344263,0.4918032786885246,-2.6042488791517715,1.3006585023591402,52.666666666666664,53.08611111111111,443.88717894820047,445.9813917085288
1,111,base,thr,naive,http,1716.7436197897734,2583.9687960851443,335.49855344058795,1906.3758189331309,3737.3127669145124,-33.56175111747731,-2.584884993994301,0.01639344262295082,1.0,6.051771779614732,0.7377049180327869,0.2786885245901639,-32.19833595934789,-34.803512268976505,6.75,7.486111111111111,1649.2436197897734,2509.107684974033
1,111,base,mey,naive,http,1088.5711017914894,1125.22549322967,11.535759156785259,1098.4651116081066,1154.947428621141,-3.2575151966183875,-3.177458105704368,0.01639344262295082,1.0,0.7126291100501289,0.7540983606557377,0.26229508196721313,-3.1828671788613425,-3.329785717691499,66.66666666666667,68.97083333333333,421.9044351248226,435.5171598963368
1,111,base,trust,naive,http,1013.8905943269601,1042.0612578482296,10.13266252356521,1014.8755478871303,1065.5475712602156,-2.703359645040406,-2.7801837331258072,0.01639344262295082,1.0,-0.9148123687334396,0.21311475409836064,0.8032786885245902,-2.8365511159218992,-2.5741809221838667,58.166666666666664,60.67638888888889,432.2239276602935,435.2973689593407
1,112,base,thr,seasonal60,http,1854.4832218654135,2521.83009419942,354.07668581218525,1910.8320483992102,3470.3051761255606,-26.462800720357897,-1.8847523688356895,0.01639344262295082,1.0,-9.477404485533024,0.3114754098360656,0.7049180327868853,-29.263117162594863,-24.15251201142676,7.916666666666667,8.422222222222222,1775.3165551987468,2437.6078719771976
1,112,base,mey,seasonal60,http,1032.7077810432622,1060.5904815109666,11.526551876103985,1038.6577398647535,1081.4533498057267,-2.628978946518675,-2.418997525661491,0.01639344262295082,1.0,-1.2485733343606902,0.18032786885245902,0.8360655737704918,-3.249544632191695,-1.9691693451388206,61.583333333333336,63.375,416.87444770992886,426.8404815109666
1,112,base,trust,seasonal60,http,976.5338096425738,1005.7632157436142,9.180315510308994,981.0331917741879,1026.3611441527532,-2.9061916009156787,-3.1839217364825125,0.01639344262295082,1.0,0.6661413116240438,0.7704918032786885,0.2459016393442623,-2.56464067500536,-3.2573255375803996,57.666666666666664,59.38055555555555,399.8671429759072,411.95766018805864
1,113,base,thr,ma10,storage,1910.3018544853378,2410.8234949209022,325.8273987360767,1898.1855869691942,4117.015696589045,-20.761438632486296,-1.536155775656521,0.03278688524590164,0.9836065573770492,-14.056093044970998,0.09836065573770492,0.9180327868852459,-20.296854626460433,-21.206507623488218,7.166666666666667,7.420833333333333,1838.635187818671,2336.6151615875688
1,113,base,mey,ma10,storage,1081.9294774196476,1100.6800071051034,12.957377436876737,1067.0135115297319,1130.1785319690514,-1.7035404990022092,-1.4470929612725307,0.06557377049180328,0.9508196721311475,-0.6477284226114798,0.29508196721311475,0.7213114754098361,-2.0160330063363934,-1.3976052002852688,63.25,63.734722222222224,449.4294774196476,463.3327848828811
1,113,base,trust,ma10,storage,982.5657945415564,1010.0192955548216,12.573063679143575,980.1474103512775,1038.3307307161945,-2.7181164888720737,-2.183517216953695,0.03278688524590164,0.9836065573770492,0.5199840451500608,0.6721311475409836,0.3442622950819672,-2.80890494316708,-2.625245414407245,56.5,58.06111111111111,417.56579454155644,429.4081844437105
1,116,base,thr,ma10,event,1742.6681560458217,2515.1047802783205,277.5159254004215,2050.7810818600374,3108.8633642004183,-30.711906330479852,-2.783395666817922,0.01639344262295082,1.0,26.892859749050604,1.0,0.01639344262295082,-24.867061379881402,-35.74692139750373,7.75,8.373611111111112,1665.1681560458217,2431.368669167209
1,116,base,mey,ma10,event,1061.998835975455,1106.3634716554682,13.310076684752472,1079.4974007728513,1134.2925085458373,-4.009951233623948,-3.333161538493287,0.01639344262295082,1.0,0.020990871772649956,0.5245901639344263,0.4918032786885246,-4.528150515550011,-3.4853507677493742,65.66666666666667,67.98472222222222,405.33216930878825,426.516249433246
1,116,base,trust,ma10,event,1004.2240563030492,1051.9868829056231,9.009478804954835,1032.7451931634102,1074.1401352797675,-4.5402492539309405,-5.301397299065331,0.01639344262295082,1.0,1.6354474233866096,0.9508196721311475,0.06557377049180328,-3.1098350393360423,-5.981501816835338,58.583333333333336,61.71111111111111,418.39072296971585,434.87577179451205
1,117,base,thr,naive,queue,1841.385532739575,2267.6817037740834,199.43251860139424,1965.3103188518119,2939.7000473995035,-18.79876573176153,-2.1375459429790715,0.01639344262295082,1.0,4.127052763291614,0.7704918032786885,0.2459016393442623,-12.915290131597121,-24.724941627328786,6.416666666666667,6.7875,1777.2188660729082,2199.8067037740834
1,117,base,mey,naive,queue,1093.6004534698698,1112.8660883371474,15.391444712251994,1083.7442828305768,1162.9239393778141,-1.7311727861224069,-1.251710624145743,0.13114754098360656,0.8852459016393442,-1.098663285247497,0.22950819672131148,0.7868852459016393,-1.0783118792186368,-2.380795551871552,61.333333333333336,61.09722222222222,480.2671201365364,501.89386611492523
1,117,base,trust,naive,queue,1005.2419521784873,1011.6126866448092,9.824989967930334,991.306750008168,1030.924301082084,-0.6297602383231817,-0.6484214729090363,0.2459016393442623,0.7704918032786885,0.327465639379431,0.639344262295082,0.3770491803278688,-1.0698357881980594,-0.18325789184484848,55.083333333333336,55.763888888888886,454.4086188451539,453.97379775592026
1,118,base,thr,seasonal60,queue,2211.2780092886505,2410.892402037866,227.84628553223448,2104.279978831372,3140.5975467236854,-8.279688989043493,-0.876092372025854,0.2459016393442623,0.7704918032786885,-3.837221665019762,0.4426229508196721,0.5737704918032787,-6.080089475896222,-10.051252093976686,6.166666666666667,6.2,2149.611342621984,2348.892402037866
1,118,base,mey,seasonal60,queue,1066.8138719410701,1079.036793331372,15.124420857029223,1049.8864148657194,1107.9252686715931,-1.1327622436826679,-0.8081579787976635,0.19672131147540983,0.819672131147541,1.6477002878517037,0.8688524590163934,0.14754098360655737,-2.8668126985365197,0.6094117812454606,56.083333333333336,56.38611111111111,505.9805386077368,515.175682220261
1,118,base,trust,seasonal60,queue,980.9904200184401,976.9505231500651,9.044031493555767,952.3302358732111,999.6667257111117,0.4135211326105627,0.4466920389710667,0.7049180327868853,0.3114754098360656,-0.534650300838117,0.29508196721311475,0.7213114754098361,0.3216158593396663,0.5027487624796005,54.416666666666664,54.09027777777778,436.82375335177346,436.0477453722873
1,119,base,thr,ma10,queue,3170.179540129013,2532.883975892742,372.3697587715547,1835.8241426148163,3528.9298884744185,25.160866834085805,1.7114589711546517,0.9016393442622951,0.11475409836065574,-0.6828308446221049,0.5409836065573771,0.47540983606557374,29.3417014012451,20.580975058974865,9.166666666666666,9.477777777777778,3078.5128734623463,2438.106198114964
1,119,base,mey,ma10,queue,1082.6425673183837,1054.036324120323,11.374714104041932,1029.6154001400605,1089.4227265409957,2.713971287653205,2.5148977755753696,0.9836065573770492,0.03278688524590164,0.7383188298420041,0.7540983606557377,0.26229508196721313,1.557983351805499,3.9133963755908474,62.666666666666664,63.516666666666666,455.9759006517171,418.86965745365626
1,119,base,trust,ma10,queue,1023.4493921756575,1026.4912330869838,8.535384639967164,1008.9117639765909,1046.5618653557294,-0.29633384224612536,-0.35638006248515025,0.3442622950819672,0.6721311475409836,-1.04714145190031,0.11475409836065574,0.9016393442622951,-1.1023325566572195,0.5399137693181753,58.25,61.044444444444444,440.9493921756575,416.04678864253935
1,122,base,thr,ma10,event,2770.6010434857985,2465.720432435657,300.5702647742844,1942.508143621171,3480.625997950335,12.364768002063316,1.0143405611965437,0.8852459016393442,0.13114754098360656,-2.901536412210867,0.4426229508196721,0.5737704918032787,17.33813555139327,8.103141122224436,6.416666666666667,6.594444444444444,2706.434376819132,2399.775987991213
1,122,base,mey,ma10,event,1141.37627131158,1122.2291505761882,12.361644141931661,1096.3867766258732,1151.5850330525852,1.7061685419204329,1.5489137622432667,0.9180327868852459,0.09836065573770492,0.32148055743390924,0.639344262295082,0.3770491803278688,4.506011221880841,-1.1274101920247845,61.25,62.69722222222222,528.87627131158,495.25692835396603
1,122,base,trust,ma10,event,1030.020228506507,1001.1268485173639,10.507388687292254,978.21924602317,1032.9731489360286,2.8860858173900006,2.7498154726194786,0.9836065573770492,0.03278688524590164,0.9151052229644657,0.819672131147541,0.19672131147540983,3.349629150068761,2.4015420709071806,55.25,53.50416666666667,477.520228506507,466.08518185069715
1,124,base,thr,seasonal60,timer,2517.879431347071,2251.3641719828693,198.72106865295632,1885.8020392730893,2784.7800485193106,11.837945308042766,1.341152506731133,0.9180327868852459,0.09836065573770492,1.0454467775485932,0.6065573770491803,0.4098360655737705,6.446531689553272,17.692670353869858,6.25,6.070833333333334,2455.379431347071,2190.655838649536
1,124,base,mey,seasonal60,timer,1104.9827575351294,1078.3200985479893,14.79519554470973,1051.859642418012,1114.5799635256355,2.472610778844113,1.8021160252034472,0.9672131147540983,0.04918032786885246,-0.728834986878991,0.36065573770491804,0.6557377049180327,2.4255085059809462,2.5204202571807626,60.75,59.56111111111111,497.4827575351294,482.70898743687826
1,124,base,trust,seasonal60,timer,977.2108692687633,970.0731640462654,9.537728384919115,946.6968231616796,991.6604041498254,0.7357904008730459,0.7483653270923366,0.8032786885245902,0.21311475409836064,-1.0563087116730268,0.14754098360655737,0.8688524590163934,0.9683160183121741,0.5040232499084544,52.833333333333336,52.19166666666667,448.87753593542993,448.1564973795987
1,123,base,thr,naive,orchestration,2614.950376378593,2383.634788732,273.94510510220766,1926.4783452220072,2945.43757438332,9.704321683005972,0.8443866429381545,0.7377049180327869,0.2786885245901639,-9.924054777351978,0.21311475409836064,0.8032786885245902,6.778129094583711,12.600812918146378,6.0,6.008333333333334,2554.950376378593,2323.5514553986663
1,123,base,mey,naive,orchestration,1106.6583843147193,1110.4913342019704,13.898942795968347,1085.2833863675514,1148.1431247362307,-0.3451580187256053,-0.27577276513166754,0.4262295081967213,0.5901639344262295,0.2854583599908672,0.5573770491803278,0.45901639344262296,0.14362078929368624,-0.8349863979538265,61.583333333333336,63.084722222222226,490.82505098138597,479.6441119797481
1,123,base,trust,naive,orchestration,992.4730802651767,992.8107168416803,10.354079271301204,973.6013021889652,1027.352300571975,-0.03400815188395039,-0.03260903916773126,0.5081967213114754,0.5081967213114754,-0.15906239125315233,0.4918032786885246,0.5245901639344263,0.1312097277313887,-0.2003773052194858,55.166666666666664,55.11805555555556,440.80641359851006,441.6301612861248
1,125,base,thr,ma10,queue,2388.821740441492,2331.3829227613032,202.615946272693,1910.9413840827117,3274.0095147388743,2.4637230169018176,0.28348616551080263,0.6557377049180327,0.36065573770491804,5.574111682622663,0.7540983606557377,0.26229508196721313,4.214493722921808,0.5792421552977247,6.833333333333333,6.7555555555555555,2320.4884071081583,2263.8273672057476
1,125,base,mey,ma10,queue,1083.8188447319014,1123.6747987580527,12.294035025535546,1090.8285240260846,1151.9179566211458,-3.546929598332388,-3.241893645444131,0.01639344262295082,1.0,1.1985573582096962,0.8688524590163934,0.14754098360655737,-5.051627826382685,-2.0686363493734246,60.75,61.644444444444446,476.31884473190144,507.23035431360825
1,125,base,trust,ma10,queue,991.1322270533732,1004.9492193677172,9.329585979194809,990.0345054372488,1025.10889009571,-1.374894576567485,-1.4809866531222533,0.06557377049180328,0.9508196721311475,-0.15028986421114005,0.45901639344262296,0.5573770491803278,-0.20179192919781286,-2.547262506862436,53.333333333333336,54.40694444444444,457.7988937200398,460.87977492327275
1,126,base,thr,naive,timer,1928.3854700680486,2213.125182196137,194.49669981478417,1895.1598444482024,2582.625440680052,-12.865955998274544,-1.4639822290004971,0.08196721311475409,0.9344262295081968,11.098918243596009,0.8360655737704918,0.18032786885245902,-17.137407473856214,-8.90431112042298,5.916666666666667,5.916666666666667,1869.2188034013818,2153.9585155294703
1,126,base,mey,naive,timer,1061.7592884856392,1085.5730029179463,15.76875912480585,1034.333654999708,1119.0281542066175,-2.1936538923036415,-1.5101831566978325,0.06557377049180328,0.9508196721311475,-1.3146154167341393,0.16393442622950818,0.8524590163934426,0.02416598785487015,-4.382715971926333,56.916666666666664,56.979166666666664,492.5926218189726,515.7813362512796
1,126,base,trust,naive,timer,956.0001992600569,967.2099059089126,10.339368105575959,941.1260755605799,999.4493514521846,-1.1589735155081582,-1.0841771503241426,0.11475409836065574,0.9016393442622951,-0.44920318222950206,0.36065573770491804,0.6557377049180327,-2.0061560940880003,-0.3183940269040136,50.083333333333336,50.297222222222224,455.1668659267235,464.23768368669033
1,128,base,thr,ma10,timer,1674.3822368149724,1673.6005536982511,34.39406349073197,1600.507075348597,1760.9582832125009,0.04670667173203109,0.02272726852795203,0.47540983606557374,0.5409836065573771,-1.1772110257867092,0.3114754098360656,0.7049180327868853,-1.1587726917779102,1.396867434611771,8.833333333333334,10.484722222222222,1586.0489034816392,1568.753331476029
1,128,base,mey,ma10,timer,983.624041033538,975.2030137630975,6.7675596630652795,961.9903296993053,999.2290835924408,0.8635153041565757,1.2443225755953378,0.9344262295081968,0.08196721311475409,0.8929295123914894,0.9344262295081968,0.08196721311475409,-2.0181864121901048,3.7199125790980014,52.833333333333336,54.706944444444446,455.2907077002046,428.13356931865303
1,128,base,trust,ma10,timer,1013.3946291571983,997.8931448383507,7.628684101360214,981.3479420310847,1015.6191984895644,1.5534212654961852,2.03199976731028,0.9836065573770492,0.03278688524590164,0.3792310239180354,0.6721311475409836,0.3442622950819672,-0.3426213432992722,3.4387850065170134,56.166666666666664,57.544444444444444,451.7279624905317,422.4487003939063
1,130,base,thr,seasonal60,event,1847.1827199974894,2288.6832612878925,221.37375039614182,1905.6587661891529,3079.8039403913194,-19.290591614759354,-1.994367175423242,0.01639344262295082,1.0,6.144016332660007,0.819672131147541,0.19672131147540983,-17.34571699769662,-21.23273268147292,6.416666666666667,6.815277777777778,1783.0160533308226,2220.5304835101147
1,130,base,mey,seasonal60,event,1066.1598008399462,1101.244170861715,13.513350189999585,1074.0024725324645,1131.1095259582085,-3.1858847429190518,-2.5962747600319434,0.01639344262295082,1.0,1.556568931772114,0.8852459016393442,0.13114754098360656,-3.2323324770576436,-3.140033664853935,60.75,62.765277777777776,458.65980083994623,473.5913930839373
1,130,base,trust,seasonal60,event,978.7333205174006,984.7957216374671,10.396822243862314,962.0556637781555,1012.7511796790642,-0.615599863694195,-0.5831013532664179,0.3114754098360656,0.7049180327868853,0.42412730039099655,0.6721311475409836,0.3442622950819672,-1.8525187231929048,0.6392725830114679,53.666666666666664,54.53888888888889,442.0666538507339,439.40683274857815
1,131,base,thr,ma10,queue,1732.5934796650135,2446.521144098113,160.376973453681,1962.689405173939,2818.761872544234,-29.181340457872157,-4.451559653850752,0.01639344262295082,1.0,-1.2741042974042267,0.4098360655737705,0.6065573770491803,-29.47015800504663,-28.928175700283344,6.416666666666667,6.75,1668.4268129983468,2379.021144098113
1,131,base,mey,ma10,queue,1073.5281848678014,1143.7833761839001,15.433490160521021,1108.653546697832,1175.3034160185769,-6.142351146114483,-4.552125966672918,0.01639344262295082,1.0,-0.5628321928444715,0.3114754098360656,0.7049180327868853,-5.6143492129286825,-6.67821064829501,61.75,64.90694444444445,456.02818486780143,494.7139317394557
1,131,base,trust,ma10,queue,974.8754293453621,1016.8513004285977,10.45256837613105,999.8279446025286,1050.018246381206,-4.1280245268450715,-4.015842764452948,0.01639344262295082,1.0,-0.37940956800843806,0.39344262295081966,0.6229508196721312,-4.442132058486664,-3.823726000488855,54.333333333333336,56.452777777777776,431.54209601202876,452.32352265082
1,134,base,thr,ma10,timer,2288.4575600824255,2442.5188371733425,229.16112838421463,2012.1547199212025,2959.9376206198035,-6.307475493994867,-0.6722836380549486,0.32786885245901637,0.6885245901639344,-0.0662006647637828,0.5573770491803278,0.45901639344262296,-10.288233314440252,-2.1975639144323735,6.0,6.0,2228.4575600824255,2382.5188371733425
1,134,base,mey,ma10,timer,1115.7942631779044,1111.9359512105862,10.928964836472325,1079.96353714503,1136.8947751154192,0.34699048655794135,0.35303544526397074,0.639344262295082,0.3770491803278688,0.10030511226081389,0.5573770491803278,0.45901639344262296,2.290545583558092,-1.621770880583494,61.583333333333336,60.919444444444444,499.96092984457107,502.7415067661417
1,134,base,trust,ma10,timer,1007.733690734376,1000.1089740749139,10.846530227143239,973.9721747206819,1029.3728686354928,0.7623885853553883,0.70296366670157,0.7540983606557377,0.26229508196721313,0.45810852579649497,0.7213114754098361,0.29508196721311475,0.7498005529518704,0.774591656294324,55.416666666666664,53.90833333333333,453.5670240677093,461.0256407415807
1,135,base,thr,naive,http,1692.5184922286978,2310.8764561880935,267.1476395312952,1936.7662310358185,3367.6227782126716,-26.758590330675144,-2.3146675188457264,0.01639344262295082,1.0,-14.853301932417583,0.04918032786885246,0.9672131147540983,-23.81566694128728,-29.559626235736385,6.25,6.344444444444444,1630.0184922286978,2247.432011743649
1,135,base,mey,naive,http,1065.6666105952195,1130.856766524369,14.142584154939028,1095.807745626648,1168.4768235445788,-5.764669572567374,-4.609493937950735,0.01639344262295082,1.0,1.133803096967109,0.8688524590163934,0.14754098360655737,-5.578229651910032,-5.960589100338871,59.666666666666664,62.69305555555555,468.99994392855285,503.9262109688135
1,135,base,trust,naive,http,938.2824844932838,979.517887494078,11.374962631564745,953.0786929417385,1004.8783200712948,-4.209765184205829,-3.625102282654423,0.01639344262295082,1.0,-0.3245735406174185,0.4098360655737705,0.6065573770491803,-3.5500531194727185,-4.8832024367623275,52.5,53.731944444444444,413.28248449328385,442.1984430496335
1,137,base,thr,ma10,http,2469.626808307154,2310.057034199232,256.0358749320328,1996.447331245481,3381.4832333761674,6.9076118790822845,0.6232320925740636,0.8360655737704918,0.18032786885245902,-1.3514947327133244,0.5409836065573771,0.47540983606557374,3.4651281151877042,9.815173994370227,6.083333333333333,6.084722222222222,2408.7934749738206,2249.20981197701
1,137,base,mey,ma10,http,1139.1219734510726,1119.7431345188738,13.73750290629642,1097.5745997891613,1157.2060590750427,1.7306503906831583,1.4106522171010187,0.9508196721311475,0.06557377049180328,-1.2998347263588808,0.19672131147540983,0.819672131147541,1.15121729384812,2.3057863356724924,59.333333333333336,59.520833333333336,545.7886401177392,524.5348011855405
1,137,base,trust,ma10,http,998.354233552981,979.8685416714738,11.947092939866765,954.1428210041263,1012.4073996293117,1.8865481536915123,1.5472962313552816,0.9508196721311475,0.06557377049180328,-0.9123854769483314,0.22950819672131148,0.7868852459016393,2.88911046273804,0.91692646717358,53.916666666666664,52.78611111111111,459.18756688631436,452.00743056036276
1,138,base,thr,naive,storage,1789.9228799349175,2356.1572351988452,338.05923646761215,1796.4854686705887,3006.2035563932627,-24.032112407648423,-1.6749560259927283,0.01639344262295082,1.0,-4.827977741986399,0.45901639344262296,0.5573770491803278,-24.480567518264515,-23.606016247232574,11.416666666666666,12.225,1675.7562132682508,2233.9072351988452
1,138,base,mey,naive,storage,1046.8623365094702,1065.7283477909643,12.870739224826984,1037.5308296605072,1127.6692551921412,-1.770245796745437,-1.4658063497318465,0.03278688524590164,0.9836065573770492,0.24449417062635953,0.6557377049180327,0.36065573770491804,-2.544781723657347,-0.9637171477047819,64.25,65.81944444444444,404.3623365094702,407.5339033465199
1,138,base,trust,naive,storage,1000.0632829816954,1018.537310060905,9.604014384549028,1001.8296606087159,1051.7735693456896,-1.8137801037553556,-1.9235734495494685,0.01639344262295082,1.0,-0.3171192591186529,0.3770491803278688,0.639344262295082,-2.0628529036222782,-1.5593735326137692,58.0,58.93611111111111,420.06328298169535,429.17619894979396
1,139,base,thr,seasonal60,timer,1489.0396256852466,1492.544860364288,2.4764020607071107,1483.7685847647615,1499.173761125631,-0.23484953599223285,-1.4154545962704326,0.11475409836065574,0.9016393442622951,-0.011517331925688932,0.45901639344262296,0.6885245901639344,-0.07844826816625239,-0.3797403744728213,7.416666666666667,7.7652777777777775,1414.8729590185799,1414.8920825865102
1,139,base,mey,seasonal60,timer,897.6050731107816,901.3817397628686,2.0400968530272774,895.1050731107816,905.1072613639775,-0.41898637230886615,-1.8512192921050945,0.04918032786885246,0.9672131147540983,-0.04918374748419537,0.39344262295081966,0.6721311475409836,-0.15339602306050504,-0.6824576968194886,49.75,50.09583333333333,400.10507311078163,400.4234064295353
1,139,base,trust,seasonal60,timer,897.3591286239703,900.9539652445505,2.1070210989818228,894.8716270624678,906.1594976612197,-0.3990033630191656,-1.7061227447211689,0.06557377049180328,0.9508196721311475,-0.13120306007824165,0.32786885245901637,0.6885245901639344,-0.12399077812533066,-0.6722745201473957,49.0,49.33611111111111,407.35912862397026,407.59285413343946
1,141,base,thr,naive,timer,2071.1638633216885,2069.9470533549165,5.114050423215752,2043.3329055083466,2083.2037458045143,0.05878459377981613,0.23793468309348867,0.9672131147540983,0.8852459016393442,0.05878459377981613,0.9672131147540983,0.8852459016393442,0.03925487127598755,0.07774734677929229,6.0,6.0,2011.1638633216885,2009.9470533549165
1,141,base,mey,naive,timer,1133.2876864853417,1131.6501190745473,2.3999672066260818,1125.4301297240233,1135.6016174488109,0.14470615813071314,0.682329077777917,0.7049180327868853,0.3114754098360656,-0.20358635334382089,0.18032786885245902,0.8360655737704918,0.1652033043383501,0.12511873516529182,51.333333333333336,51.293055555555554,619.9543531520084,618.7195635189918
1,141,base,trust,naive,timer,961.5818080241753,960.9622502181005,0.9222134354779435,959.3865188897042,963.4140633837819,0.06447264769601299,0.6718160701635242,0.7868852459016393,0.22950819672131148,0.0299294676732646,0.6721311475409836,0.3442622950819672,-0.006125420415678667,0.1288065551024204,49.333333333333336,49.15972222222222,468.24847469084193,469.3650279958783
1,142,base,thr,seasonal60,timer,1963.7811304096622,1832.5298551879455,117.61571890987823,1590.402815150246,2116.632373141944,7.162299421760606,1.1159331119872384,0.8524590163934426,0.16393442622950818,-4.961441440441156,0.26229508196721313,0.7540983606557377,13.983755696185616,0.7504112275674231,11.666666666666666,11.606944444444444,1847.1144637429954,1716.4604107435011
1,142,base,mey,seasonal60,timer,993.8946539942967,991.5175727934765,7.963319852511238,975.9499095577535,1026.1253984635923,0.23974171169988875,0.2985037955081833,0.6721311475409836,0.3442622950819672,-0.6691473018681965,0.16393442622950818,0.8524590163934426,0.8459087912503425,-0.3389114660252115,58.916666666666664,58.96944444444444,404.7279873276301,401.823128349032
1,142,base,trust,seasonal60,timer,995.6389850194792,994.9498352175368,8.257279437018372,972.5526785274487,1015.776968874783,0.06926477874049387,0.08345966818717485,0.5573770491803278,0.45901639344262296,-0.44758312656343385,0.29508196721311475,0.7213114754098361,-1.0317741127770776,1.1819834612208362,56.75,57.50833333333333,428.13898501947915,419.86650188420344
1,143,base,thr,ma10,http,1780.2555674296807,2327.807717293535,252.38847341035682,1833.4652166404594,3072.5522062097225,-23.52222418527227,-2.169481602963669,0.01639344262295082,1.0,0.24082244816584275,0.5901639344262295,0.4262295081967213,-21.816834725061437,-25.25142750927355,8.083333333333334,8.831944444444444,1699.4222340963474,2239.4882728490907
1,143,base,mey,ma10,http,1033.1753547166145,1066.2375946664276,10.315050300431885,1045.3141328029903,1088.3540155279009,-3.1008323206008006,-3.2052427265845567,0.01639344262295082,1.0,0.23302227390327135,0.5737704918032787,0.4426229508196721,-3.076780125883648,-3.1252973202342758,61.916666666666664,64.0513888888889,414.00868804994786,425.7237057775387
1,143,base,trust,ma10,http,1012.1105592003258,1043.5423427846772,9.618656170998364,1021.2565824088538,1075.9715921350935,-3.012027619356213,-3.267793652830915,0.01639344262295082,1.0,-1.480682713975372,0.03278688524590164,0.9836065573770492,-3.843354405579814,-2.1901836204066116,60.0,61.92916666666667,412.11055920032584,424.2506761180106
1,145,base,thr,seasonal60,http,2488.7758350936324,2433.914076800427,408.1878072873193,1945.9040969460784,3510.7046384273585,2.2540548500103714,0.13440322644078526,0.7377049180327869,0.2786885245901639,12.86255911736037,0.8360655737704918,0.18032786885245902,12.428625272830415,-7.043696977767781,7.75,7.430555555555555,2411.2758350936324,2359.6085212448716
1,145,base,mey,seasonal60,http,1143.8393571079023,1104.335586621412,11.811802260244988,1075.4811606683563,1134.4077713921045,3.5771527210625886,3.344432087171682,1.0,0.01639344262295082,0.907650311238373,0.7704918032786885,0.2459016393442623,1.7159659608651046,5.414823680980987,66.25,65.13333333333334,481.3393571079023,453.0022532880786
1,145,base,trust,seasonal60,http,1100.0457026831762,1046.3192234215671,8.604022134983023,1021.2387453198274,1061.4017260091243,5.134807624571605,6.244344612174228,1.0,0.01639344262295082,0.015279870631998453,0.45901639344262296,0.5573770491803278,3.979927963422562,6.297676309239609,60.583333333333336,60.07222222222222,494.2123693498428,445.59700119934496
1,144,base,thr,naive,queue,1751.7156533562368,2393.389612555543,300.3260799651457,1983.4687956417604,3564.3333321678333,-26.81025921701726,-2.1365908657475754,0.01639344262295082,1.0,15.983872941114056,0.9180327868852459,0.09836065573770492,-29.592724934881435,-23.943508832942413,6.416666666666667,6.441666666666666,1687.54898668957,2328.9729458888764
1,144,base,mey,naive,queue,1110.5542796068728,1157.785024691925,14.875243744197451,1126.5274452875396,1195.3230622861763,-4.079405423093962,-3.175124112065455,0.01639344262295082,1.0,0.78297277845283,0.7377049180327869,0.2786885245901639,-3.43311525726354,-4.749351056844832,62.333333333333336,63.019444444444446,487.2209462735394,527.5905802474805
1,144,base,trust,naive,queue,1002.1729852310136,1017.8894343628971,10.233058201365221,994.7068756272873,1035.8185163361957,-1.544023211295092,-1.5358506540876191,0.08196721311475409,0.9344262295081968,0.572719062955688,0.6885245901639344,0.32786885245901637,-1.581044552967595,-1.5065113649113104,55.25,55.333333333333336,449.6729852310136,464.5561010295637
1,146,base,thr,ma10,http,2353.324909545557,2085.9654967094407,107.91531435879862,1875.428645183419,2406.4468430985216,12.817058252299445,2.4774927861229727,0.9836065573770492,0.03278688524590164,-0.7687069601457552,0.4918032786885246,0.5245901639344263,12.659472137760444,12.980761401068532,6.0,6.0,2293.324909545557,2025.9654967094407
1,146,base,mey,ma10,http,1065.7489918937515,1076.24255077418,12.642486075710949,1046.9730011733006,1107.0988098518883,-0.9750180266409384,-0.8300233686307149,0.22950819672131148,0.7868852459016393,-1.7773527583380146,0.06557377049180328,0.9508196721311475,-2.8878847815910977,1.008321868638582,53.666666666666664,52.14861111111111,529.0823252270849,554.7564396630689
1,146,base,trust,ma10,http,954.7070147481014,970.8642560511499,7.630896829183267,953.7508568248546,987.861623028005,-1.66421219056573,-2.117345007372853,0.03278688524590164,0.9836065573770492,0.6562962366766262,0.7704918032786885,0.2459016393442623,-2.2061128611482608,-1.1126508199003993,49.75,50.895833333333336,457.2070147481014,461.90592271781657
1,148,base,thr,seasonal60,timer,1880.0903675138454,2073.7610452132376,141.68117855922426,1721.5960418695834,2573.4867910344014,-9.33910288971976,-1.366947110892614,0.09836065573770492,0.9180327868852459,-4.577347060404544,0.19672131147540983,0.819672131147541,-7.8123501446913375,-10.916728593562233,6.0,6.011111111111111,1820.0903675138454,2013.6499341021265
1,148,base,mey,seasonal60,timer,1034.7323561905478,1069.7234163481346,14.201259812316652,1045.0319230749653,1110.0867408227257,-3.2710380667407235,-2.4639405672473753,0.01639344262295082,1.0,0.15722087082652603,0.5901639344262295,0.4262295081967213,-3.7273298374273134,-2.8048269046332392,57.666666666666664,58.766666666666666,458.06568952388113,482.056749681468
1,148,base,trust,seasonal60,timer,953.8488138586848,969.069378064056,8.85191505335931,946.6385376744835,986.8801702096202,-1.5706372061593572,-1.7194656877773504,0.06557377049180328,0.9508196721311475,0.15803980448612057,0.5901639344262295,0.4262295081967213,-2.48870932903136,-0.680433358382113,51.916666666666664,52.8125,434.6821471920182,440.94437806405597
1,147,base,thr,naive,orchestration,1716.572399184198,1734.322302804408,35.89211955995201,1712.9151347316338,2003.8786801950034,-1.0234489628316692,-0.49453484045604157,0.03278688524590164,0.9836065573770492,-0.26879892062459354,0.5245901639344263,0.4918032786885246,-1.1364261843822834,-0.9117244673172561,10.166666666666666,11.376388888888888,1614.9057325175313,1620.5584139155192
1,147,base,mey,naive,orchestration,937.965762017996,949.1773552817397,16.382427169866396,938.9654060601127,1069.7659555732434,-1.1811905542579866,-0.684367044485699,0.01639344262295082,1.0,-0.030246306714821806,0.7049180327868853,0.3114754098360656,-1.2474097532077997,-1.1136783109218011,55.0,55.80277777777778,387.965762017996,391.14957750396184
1,147,base,trust,naive,orchestration,909.8438915227366,918.5460213259913,8.74272931854099,908.9987428541294,978.4828333525953,-0.9473809260740705,-0.9953561966970449,0.03278688524590164,0.9836065573770492,-0.3073987845550232,0.3770491803278688,0.639344262295082,-0.964659207430783,-0.9295108359697535,52.083333333333336,52.93611111111111,389.01055818940324,389.18491021488023
1,149,base,thr,ma10,timer,1947.1662169187402,1898.5546033297094,134.24797112419716,1718.7682253170444,2273.6809842705584,2.5604538054252006,0.36210315271028326,0.7213114754098361,0.29508196721311475,8.097836757596905,0.8688524590163934,0.14754098360655737,4.302949276189255,0.8344387944708758,12.25,12.119444444444444,1824.6662169187402,1777.360158885265
1,149,base,mey,ma10,timer,1018.0939861196912,1018.3786333224277,13.333886348130234,1000.0231212902949,1104.2541061449224,-0.027951018749077478,-0.021347654787568057,0.5737704918032787,0.4426229508196721,0.19733917174240578,0.6557377049180327,0.36065573770491804,-1.0641811620125061,1.0149994451345232,58.916666666666664,58.56527777777778,428.92731945302455,432.7258555446499
1,149,base,trust,ma10,timer,994.0854333046374,1001.5467588545272,8.323496956731137,987.169628547752,1036.5011732953371,-0.7449802501905506,-0.8964171656068066,0.21311475409836064,0.8032786885245902,-0.29847104128502394,0.4098360655737705,0.6065573770491803,-1.1661796937199995,-0.3221089939255693,55.75,56.456944444444446,436.5854333046374,436.9773144100827
1,151,base,thr,seasonal60,timer,2037.1018489046753,2186.439969684454,155.00602107569932,1935.7743575945824,2613.0048863601633,-6.830195333528,-0.9634343217341684,0.16393442622950818,0.8524590163934426,-0.13692036947848327,0.5573770491803278,0.45901639344262296,-5.9963085742342885,-7.77898629145609,6.0,6.001388888888889,1977.1018489046753,2126.426080795565
1,151,base,mey,seasonal60,timer,1042.667657779348,1056.4793107323615,13.322311017551476,1015.4633122746358,1082.7552764268037,-1.3073282943363147,-1.036731009718755,0.16393442622950818,0.8524590163934426,0.5748783144152421,0.6885245901639344,0.32786885245901637,-0.3255689662415292,-2.2992078470967923,55.833333333333336,55.979166666666664,484.33432444601465,496.6876440656948
1,151,base,trust,seasonal60,timer,934.4505961876089,943.8715769558759,8.569138526518282,925.6956040161193,963.5369327499417,-0.9981210366193067,-1.0994081539366614,0.16393442622950818,0.8524590163934426,0.0851289379725819,0.5245901639344263,0.4918032786885246,-1.8615985237087658,-0.14107349379817838,51.083333333333336,51.32361111111111,423.6172628542755,430.6354658447648
1,153,base,thr,naive,http,2214.961957134335,2254.8395075056683,154.78406020366702,2011.0114932554281,2898.7513265253688,-1.7685316510817324,-0.25763344312626096,0.47540983606557374,0.5409836065573771,6.956534545584167,0.9016393442622951,0.11475409836065574,-6.133390943428694,2.700656757024766,6.0,6.048611111111111,2154.961957134335,2194.353396394557
1,153,base,mey,naive,http,1118.737598371805,1125.2904223340659,14.773792684517213,1096.7937614531584,1161.398775693391,-0.5823229125747863,-0.4435437874479002,0.3442622950819672,0.6721311475409836,0.549525063791289,0.7049180327868853,0.3114754098360656,-2.1222877599142778,0.9327746879349378,56.333333333333336,56.27638888888889,555.4042650384716,562.5265334451769
1,153,base,trust,naive,http,972.993920395315,968.6679921039952,7.886180241465458,952.6695264500682,984.3333582347913,0.44658524144311174,0.5485454502515782,0.7540983606557377,0.26229508196721313,1.2986291814130186,0.9344262295081968,0.08196721311475409,0.5285534812414953,0.3659710291141394,51.416666666666664,51.69722222222222,458.8272537286483,451.695769881773
1,155,base,thr,ma10,http,2348.0140263499848,2144.441492249631,294.6314056740048,1740.620723938766,3173.364757991523,9.493032793671388,0.6909396967870988,0.7704918032786885,0.2459016393442623,-16.937508624933816,0.04918032786885246,0.9672131147540983,11.406254716789675,7.77207124986124,8.083333333333334,8.025,2267.1806930166513,2064.191492249631
1,155,base,mey,ma10,http,1048.166855188138,1051.7682944312205,12.62243576053321,1028.8706309616584,1094.7147958666094,-0.34241755167473426,-0.28532046519445786,0.4262295081967213,0.5901639344262295,1.0254453044886036,0.8688524590163934,0.14754098360655737,-0.03643315170032587,-0.643248864277759,62.416666666666664,63.9,424.0001885214714,412.7682944312205
1,155,base,trust,ma10,http,1038.3786140617908,1032.5019771323475,10.115367569877318,1007.4727589399396,1052.227578577599,0.5691647144119724,0.5809612837939182,0.6557377049180327,0.36065573770491804,0.36868087431658153,0.6229508196721312,0.39344262295081966,0.47360110496554986,0.6581075109127443,61.75,61.5375,420.8786140617908,417.1269771323475
1,157,base,thr,seasonal60,timer,2503.6818318288992,2126.320395889089,184.83026373637142,1813.111185672565,2614.410899920057,17.747157797544535,2.0416647593927117,0.9672131147540983,0.04918032786885246,-12.891538586281898,0.03278688524590164,0.9836065573770492,15.66333884507388,19.875845981166133,7.583333333333333,7.229166666666667,2427.8484984955658,2054.0287292224225
1,157,base,mey,seasonal60,timer,1110.8220232395217,1086.006142511261,14.639326359944533,1051.7422915325017,1119.7128640651883,2.2850589657694673,1.695151820384359,0.9508196721311475,0.06557377049180328,-0.8499388196936329,0.29508196721311475,0.7213114754098361,1.8925245804771713,2.6709514890527513,58.25,57.830555555555556,528.3220232395217,507.7005869557055
1,157,base,trust,seasonal60,timer,981.5107382026558,977.4457014364149,9.973600150162014,953.5974874802063,1005.7445433922221,0.4158836404177886,0.4075796808612703,0.7049180327868853,0.3114754098360656,0.4057651650300973,0.6885245901639344,0.32786885245901637,0.08778823605223493,0.7435758889289819,53.083333333333336,53.77777777777778,450.67740486932246,439.66792365863705
1,156,base,thr,naive,event,1775.622110090869,2112.9144904426826,213.90928390624595,1741.0272739273958,2859.637198628572,-15.963371062931492,-1.5768010354316602,0.03278688524590164,0.9836065573770492,6.124905964999227,0.7704918032786885,0.2459016393442623,-18.88995164555273,-13.137539224976889,6.0,6.291666666666667,1715.622110090869,2049.997823776016
1,156,base,mey,naive,event,1069.1230962012335,1096.3628661661157,15.124900242688756,1063.1733629773664,1131.869158720069,-2.484557878190215,-1.800988405067315,0.04918032786885246,0.9672131147540983,-1.312123944158086,0.19672131147540983,0.819672131147541,-2.6210200267489947,-2.346627044813633,57.5,58.30555555555556,494.12309620123347,513.3073106105602
1,156,base,trust,naive,event,966.901253437929,964.0422150143429,11.559632656661151,935.8592932770766,994.9425374367988,0.2965677621849303,0.24732952235628108,0.5573770491803278,0.45901639344262296,-1.0013915676015495,0.19672131147540983,0.819672131147541,0.4410952132800241,0.15545484335227785,53.083333333333336,52.791666666666664,436.0679201045956,436.1255483476763
1,158,base,thr,ma10,http,1837.4888939792702,2321.1054625313477,225.9760718210992,1928.5304863521258,2892.5957278246938,-20.83561373487337,-2.140122910601558,0.01639344262295082,1.0,-11.73406073487763,0.11475409836065574,0.9016393442622951,-26.17932996836648,-15.141594210761673,6.166666666666667,6.430555555555555,1775.8222273126034,2256.799906975792
1,158,base,mey,ma10,http,1051.736068205278,1101.0080060878745,13.487267859858145,1068.7022528801872,1128.7912035047473,-4.475166175918259,-3.6532186054703915,0.01639344262295082,1.0,0.9125405119845661,0.7704918032786885,0.2459016393442623,-4.005396783464693,-4.942847977194469,59.75,61.980555555555554,454.2360682052779,481.20245053231895
1,158,base,trust,ma10,http,985.2662917144967,983.3038890768873,10.611374212264808,955.077672903181,1015.5681308163225,0.19957234578331703,0.1849338830536342,0.6065573770491803,0.4098360655737705,-0.02046113161332277,0.5409836065573771,0.47540983606557374,-1.584846578747252,1.9984299019644312,54.083333333333336,54.045833333333334,444.4329583811633,442.845555743554
1,159,base,thr,naive,event,2310.967630857321,2403.2553721549025,229.66414958270767,2028.8502474433187,3160.9692186571415,-3.8401138042533782,-0.40183782042284416,0.3442622950819672,0.6721311475409836,6.604579321756023,0.8032786885245902,0.21311475409836064,1.0195552311177676,-8.154452844222645,6.666666666666667,6.402777777777778,2244.3009641906547,2339.2275943771247
1,159,base,mey,naive,event,1074.2875568407273,1109.2158341283166,16.44493039906127,1078.7649184122763,1160.6835910599373,-3.148916217467977,-2.1239540964906163,0.01639344262295082,1.0,1.446577307826046,0.8852459016393442,0.13114754098360656,-3.6077768148732305,-2.686970472625938,61.416666666666664,61.88472222222222,460.1208901740607,490.36861190609443
1,159,base,trust,naive,event,996.0023114435895,998.7863907788388,10.122598498609044,978.4661119558432,1023.1502200488989,-0.2787462225109348,-0.2750360330533587,0.4918032786885246,0.5245901639344263,0.3699048420165218,0.639344262295082,0.3770491803278688,-1.2314759149325654,0.7015892489418768,55.0,53.765277777777776,446.0023114435895,461.1336130010611
1,160,base,thr,seasonal60,event,1671.7602588789005,2407.8415637119156,288.4090167682847,1803.8936221439678,3189.9822032968536,-30.57017188864687,-2.5522132181616293,0.01639344262295082,1.0,4.962050767056004,0.7540983606557377,0.26229508196721313,-34.487836902588114,-26.238238568397744,6.166666666666667,6.552777777777778,1610.0935922122337,2342.3137859341377
1,160,base,mey,seasonal60,event,1036.2247731071207,1101.7209899063846,13.064516084592434,1073.3658730671875,1130.2417498895238,-5.944900514678339,-5.013290685638679,0.01639344262295082,1.0,1.6635851353637685,0.9180327868852459,0.09836065573770492,-7.031838274432361,-4.835110963839019,61.416666666666664,63.575,422.058106440454,465.9709899063846
1,160,base,trust,seasonal60,event,953.2475921084646,988.8884345230176,10.717033810243343,960.6878980929097,1014.0726400021408,-3.604131787803153,-3.3256256391099117,0.01639344262295082,1.0,0.783874892168187,0.7868852459016393,0.22950819672131148,-4.980240628633164,-2.232971592660176,54.5,56.080555555555556,408.2475921084646,428.0828789674621
1,161,base,thr,ma10,timer,1595.095323529891,2089.8601198394713,237.4605064887452,1656.3550203357884,2545.076083751416,-23.674541258176877,-2.08356666809784,0.01639344262295082,1.0,-8.57990290664235,0.29508196721311475,0.7213114754098361,-21.899989912075817,-25.5250990261339,10.583333333333334,12.727777777777778,1489.2619901965577,1962.5823420616935
1,161,base,mey,ma10,timer,964.4074520545795,1003.6254007506783,8.336885984671175,985.4644556296843,1039.9532001952177,-3.9076281515757856,-4.704148379647733,0.01639344262295082,1.0,-1.2258254118572314,0.04918032786885246,0.9672131147540983,-4.348736085821496,-3.4929471951629094,57.833333333333336,60.794444444444444,386.0741187212461,395.68095630623384
1,161,base,trust,ma10,timer,978.1445233330082,1002.2591758508577,8.382648338284765,985.3050504378756,1025.4524790364712,-2.4060296077985566,-2.8767343618262426,0.01639344262295082,1.0,-0.4785052835337025,0.29508196721311475,0.7213114754098361,-2.241447402137223,-2.5695728406761353,56.5,58.57083333333333,413.14452333300824,416.5508425175243
1,162,base,thr,naive,event,1926.0732575875472,2476.247601065894,310.9769524456217,2043.7806723453816,3249.2578997247256,-22.2180666925846,-1.7691804461764788,0.01639344262295082,1.0,-7.4373095039393,0.36065573770491804,0.6557377049180327,-17.200628722871993,-27.782951299508365,7.333333333333333,7.779166666666667,1852.739924254214,2398.4559343992273
1,162,base,mey,naive,event,1165.061610573336,1175.1111033127336,12.238038388845494,1150.4676393732275,1199.6651891003319,-0.8551951139825953,-0.8211685909203549,0.21311475409836064,0.8032786885245902,-1.1321501404805898,0.13114754098360656,0.8852459016393442,1.0792324475701665,-2.800235378701714,69.83333333333333,71.6138888888889,466.72827724000285,458.97221442384466
1,162,base,trust,naive,event,1042.4322341110394,1056.4057483711217,10.897876564431428,1033.751531810537,1083.743527870795,-1.3227412177213307,-1.282223576076203,0.09836065573770492,0.9180327868852459,-0.7212422667681694,0.2786885245901639,0.7377049180327869,0.12052987166124303,-2.8065149180534767,60.0,61.13333333333333,442.4322341110394,445.07241503778835
1,164,base,thr,ma10,queue,1883.6930925437875,2418.9214944374985,217.66700159663392,1857.073437599602,2947.2070401792867,-22.12673718946692,-2.4589322128191062,0.03278688524590164,0.9836065573770492,5.553018783729882,0.7377049180327869,0.2786885245901639,-20.626041332696268,-23.6201997663375,11.333333333333334,11.902777777777779,1770.3597592104543,2299.8937166597207
1,164,base,mey,ma10,queue,1028.8795116952622,1055.5830739469013,11.9882962910091,1038.775266546191,1118.0050117659005,-2.5297452100849434,-2.22746932536745,0.01639344262295082,1.0,-0.34033224859399286,0.45901639344262296,0.5573770491803278,-1.655280958947977,-3.414901708775489,61.25,63.298611111111114,416.3795116952622,422.59696283579024
1,164,base,trust,ma10,queue,990.8122028204098,999.7476229654375,10.616835175557444,983.3688192231193,1059.7628388481905,-0.8937675809144299,-0.8416274715839267,0.13114754098360656,0.8852459016393442,-0.7053754438430921,0.14754098360655737,0.8688524590163934,-1.21213988264205,-0.5805098311409962,56.666666666666664,57.638888888888886,424.14553615374314,423.35873407654856
1,163,base,thr,seasonal60,http,1859.2436539795215,2330.3503125956777,301.9540538313728,1915.9956966027978,3257.1126966070333,-20.216130427678515,-1.560193190448926,0.01639344262295082,1.0,-1.1795002984690637,0.5737704918032787,0.4426229508196721,-17.631498013145247,-22.77555844193079,6.583333333333333,6.8,1793.4103206461882,2262.3503125956777
1,163,base,mey,seasonal60,http,1068.5686553569983,1096.8093578268256,14.53081516953457,1060.167548809158,1124.862331107791,-2.5748050258964135,-1.9435043485404027,0.06557377049180328,0.9508196721311475,0.32186367166371005,0.6065573770491803,0.4098360655737705,-0.5751452424887451,-4.632136524970289,62.166666666666664,62.665277777777774,446.9019886903317,470.1565800490479
1,163,base,trust,seasonal60,http,981.8387491775048,988.282782515392,8.89433345190219,971.9323988216693,1007.1639429213709,-0.6520434689235113,-0.724509978486247,0.2459016393442623,0.7704918032786885,0.4239915478576453,0.6721311475409836,0.3442622950819672,-0.4771911354807069,-0.8312195369632116,55.083333333333336,55.99166666666667,431.00541584417147,428.36611584872537
1,166,base,thr,seasonal60,http,2140.1831529155606,2196.9509903927487,185.44836701598533,1821.859879479354,2772.7044928102328,-2.5839373625280424,-0.30611128256683334,0.32786885245901637,0.6885245901639344,8.0864389218487,0.8032786885245902,0.21311475409836064,2.9962350344059194,-7.799885380629967,6.5,6.8125,2075.1831529155606,2128.8259903927487
1,166,base,mey,seasonal60,http,1058.5757447484532,1106.776682748465,15.162773084216354,1074.6664790589825,1138.357043309444,-4.35507349868576,-3.1788999104778797,0.01639344262295082,1.0,-1.376934293098981,0.19672131147540983,0.819672131147541,-5.291881038242531,-3.42966879387351,61.0,62.604166666666664,448.5757447484532,480.73501608179834
1,166,base,trust,seasonal60,http,956.2049175094186,982.1962068666504,10.5971835137105,957.4033564152023,1012.2948342895644,-2.6462420823378916,-2.4526601170588997,0.01639344262295082,1.0,-0.7475924041151891,0.3114754098360656,0.7049180327868853,-3.2884100416620448,-2.0275883814898914,54.5,55.55694444444445,411.2049175094186,426.62676242220596
1,167,base,thr,ma10,timer,2092.769259606652,2121.5033659341348,16.654794815875256,2044.6157312219595,2144.0085332597127,-1.3544219061293086,-1.7252753123138667,0.06557377049180328,0.9508196721311475,0.21679093607404273,0.6065573770491803,0.45901639344262296,-1.2080155303239224,-1.4903940912977536,8.083333333333334,11.370833333333334,2011.935926273319,2007.7950326008015
1,167,base,mey,ma10,timer,932.3371863189418,965.9747446709395,3.63072262620833,957.6765835499895,973.0544909967981,-3.482239938214568,-9.264700671206697,0.01639344262295082,1.0,-0.3404261002174836,0.22950819672131148,0.7868852459016393,-3.6195784084754674,-3.3515843283364797,53.583333333333336,56.74583333333333,396.50385298560843,398.5164113376062
1,167,base,trust,ma10,timer,915.2263486451476,930.6667701817137,3.2800078608431944,924.3482376313631,939.9833635193464,-1.6590708974761523,-4.70743430858632,0.01639344262295082,1.0,0.19340061712031476,0.7540983606557377,0.26229508196721313,-2.273217947929588,-1.049405998645562,51.5,52.69027777777778,400.2263486451476,403.76399240393584
1,169,base,thr,seasonal60,storage,1901.9522271394906,2189.6274829558097,376.45204844012716,1635.4209529403904,3256.058723663719,-13.13809120755016,-0.764175031078553,0.19672131147540983,0.819672131147541,-4.647156360090749,0.4918032786885246,0.5245901639344263,-20.633579305875386,-5.953584696052553,6.25,6.143055555555556,1839.4522271394906,2128.196927400254
1,169,base,mey,seasonal60,storage,1105.3730132400685,1101.0382229035501,14.305226963984065,1066.7827608597283,1147.1732562994225,0.3937002591142655,0.3030214303786987,0.6557377049180327,0.36065573770491804,-1.2011607992169022,0.18032786885245902,0.8360655737704918,-1.1920476236082935,2.027030579994194,61.083333333333336,61.80833333333333,494.53967990673516,482.9548895702169
1,169,base,trust,seasonal60,storage,972.9627453895117,965.5567951341638,9.677682962431794,944.0624508957511,989.1843487619321,0.7670134261049678,0.7652606811049035,0.7868852459016393,0.22950819672131148,0.7448929394582744,0.7868852459016393,0.22950819672131148,0.42149926340189126,1.111761882454993,54.416666666666664,53.97083333333333,428.7960787228451,425.8484618008306
1,170,base,thr,ma10,http,2009.2432808451824,2084.841767557793,104.1460055493969,1883.4748266163724,2289.2407254482764,-3.6261018888338694,-0.7258894502368012,0.3114754098360656,0.7049180327868853,-4.676876246886149,0.18032786885245902,0.8360655737704918,-1.7611391809589618,-5.255666551140914,6.0,6.0,1949.2432808451824,2024.841767557793
1,170,base,mey,ma10,http,1090.9048733527834,1085.2543349794641,13.807420007321918,1054.9508530272515,1117.498727033196,0.5206648977288972,0.40923926195645777,0.6885245901639344,0.32786885245901637,0.58799222808326,0.6885245901639344,0.32786885245901637,0.862832362791891,0.19168799138445097,53.916666666666664,52.983333333333334,551.7382066861168,555.4210016461308
1,170,base,trust,ma10,http,962.5895824331369,980.1302843019704,8.911375250324443,952.9413856795732,999.7518068527878,-1.7896296186098999,-1.9683495954448627,0.04918032786885246,0.9672131147540983,1.6212702882659176,0.9508196721311475,0.06557377049180328,-1.1164923390308017,-2.4743034762740153,50.833333333333336,51.18472222222222,454.25624909980354,468.2830620797482
1,171,base,thr,naive,orchestration,3024.2962964318053,2458.684830728328,242.7726887159097,2031.1270579265336,3183.2499683810606,23.004634780128697,2.3297985811136708,0.9672131147540983,0.04918032786885246,-3.650662322246755,0.4098360655737705,0.6065573770491803,25.324118050483722,20.59060673174135,7.083333333333333,6.527777777777778,2953.462963098472,2393.40705295055
1,171,base,mey,naive,orchestration,1173.053772482304,1131.0583705406184,15.75806906905121,1100.893173558248,1170.8939060097227,3.7129296803323184,2.665009383932993,1.0,0.01639344262295082,-0.22115895361106613,0.45901639344262296,0.5573770491803278,2.4552018823792734,5.00838755144044,66.16666666666667,63.577777777777776,511.38710581563737,495.2805927628407
1,171,base,trust,naive,orchestration,1048.298002753405,1029.5200427654347,10.3462108347806,1001.3130904324329,1052.786498316808,1.8239528331600043,1.8149601132082902,0.9672131147540983,0.04918032786885246,-0.28615351742696526,0.4098360655737705,0.6065573770491803,1.799951402815267,1.8493654346758117,57.833333333333336,57.016666666666666,469.9646694200716,459.3533760987681
1,175,base,thr,seasonal60,event,1682.8299944456503,2185.815258948645,301.16436172597446,1801.5616952526514,3305.2898824428926,-23.011334669926562,-1.6701354091844849,0.01639344262295082,1.0,2.473610230228751,0.6229508196721312,0.39344262295081966,-19.403797016368532,-26.051145635323813,9.5,9.894444444444444,1587.8299944456503,2086.8708145042006
1,175,base,mey,seasonal60,event,1032.9177179869673,1049.7152969863187,11.439971132530992,1027.7726240280733,1071.737574225789,-1.6002033168018388,-1.4683235477391479,0.11475409836065574,0.9016393442622951,0.43657863229962823,0.639344262295082,0.3770491803278688,-0.43203936519563535,-2.778090945815796,61.833333333333336,62.81111111111111,414.58438465363395,421.6041858752076
1,175,base,trust,seasonal60,event,987.9302217247163,1012.703733543389,8.979698602425612,994.0408379056977,1029.8951560472458,-2.4462743641708276,-2.758835559578905,0.01639344262295082,1.0,0.7647311289456872,0.7868852459016393,0.22950819672131148,-1.8316855718592644,-3.0530988632448226,59.666666666666664,61.166666666666664,391.26355505804963,401.0370668767224
1,173,base,thr,ma10,http,1687.8737170400912,2460.914676022473,281.8911594751267,1972.0408034638497,3789.5806443992583,-31.412749353497798,-2.7423384274333475,0.01639344262295082,1.0,-5.593791764830015,0.32786885245901637,0.6885245901639344,-29.656780155326445,-32.887611147972336,7.333333333333333,8.402777777777779,1614.540383706758,2376.886898244695
1,173,base,mey,ma10,http,1032.1855282426584,1069.5177729800444,12.628905808151146,1039.7517687426155,1094.314290732319,-3.4905679625468484,-2.9560949542667743,0.01639344262295082,1.0,-0.5710780306156374,0.3442622950819672,0.6721311475409836,-1.6136465271363798,-5.367622548125545,62.583333333333336,64.39444444444445,406.352194909325,425.5733285355999
1,173,base,trust,ma10,http,1014.3923741648891,1027.1301883900517,11.091834281196387,1001.315203611933,1052.6463888895742,-1.2401362913038405,-1.148395648748244,0.11475409836065574,0.9016393442622951,-0.5743311933495053,0.32786885245901637,0.6885245901639344,0.4981614139975359,-2.953719196665909,61.75,61.31805555555555,396.89237416488913,413.94963283449613
1,177,base,thr,naive,timer,1985.8533705451746,2012.902837661877,255.01379060983962,1614.2148510158233,2814.3836674142804,-1.3438039139595086,-0.10607060524850935,0.5409836065573771,0.47540983606557374,37.82880933272977,0.9836065573770492,0.03278688524590164,3.1260110620440633,-5.718042835175375,12.166666666666666,12.526388888888889,1864.1867038785078,1887.638948772988
1,177,base,mey,naive,timer,993.0243894107856,1001.0694793879068,8.895384491075426,986.4660797138922,1043.9073986753262,-0.8036495111248672,-0.9044117188180741,0.18032786885245902,0.8360655737704918,1.3323775819641357,0.9508196721311475,0.06557377049180328,-0.9332704762942171,-0.6725586908834013,58.666666666666664,59.516666666666666,406.357722744119,405.90281272124014
1,177,base,trust,naive,timer,987.7305241724989,996.0901809439457,5.8661705701191345,985.860374565798,1009.1373437992064,-0.8392469809836653,-1.4250620010998112,0.08196721311475409,0.9344262295081968,0.3579456089987155,0.7213114754098361,0.29508196721311475,-0.6610474026638402,-1.0249734476063748,57.916666666666664,58.32361111111111,408.5638575058323,412.8540698328346
1,176,base,thr,ma10,http,2329.2178335358976,2373.684049790049,389.8410334772936,1874.7072631686954,4057.1837046540204,-1.8732997029694956,-0.11406243169817891,0.5901639344262295,0.4262295081967213,-9.147180604196624,0.2459016393442623,0.7704918032786885,-1.4888591609672703,-2.2555273687635706,7.5,7.594444444444444,2254.2178335358976,2297.7396053456046
1,176,base,mey,ma10,http,1125.0536540702585,1115.6674670055652,11.268913727234652,1091.471275048036,1151.2403534922612,0.8413068716510769,0.8329274047070608,0.819672131147541,0.19672131147540983,2.0793032029294185,0.9836065573770492,0.03278688524590164,0.4864956133244996,1.2197807967058574,67.16666666666667,67.23611111111111,453.3869874035918,443.3063558944541
1,176,base,trust,ma10,http,1006.3643916148097,1034.6760782525103,10.502151965294187,1013.2689257656011,1063.7932626913823,-2.7362850299503223,-2.6957986069198387,0.01639344262295082,1.0,-0.07579262958988657,0.47540983606557374,0.5409836065573771,-1.789746530369699,-3.7623018158795025,57.833333333333336,59.81944444444444,428.03105828147636,436.4816338080658
1,179,base,thr,ma10,orchestration,2503.6406768964566,2176.490552185577,196.2704001173317,1841.2977469073442,2680.5000552017864,15.0310840716659,1.666833738125092,0.9344262295081968,0.08196721311475409,-3.1790267626560005,0.4262295081967213,0.5901639344262295,17.584256767222183,12.125495014948756,6.0,6.0,2443.6406768964566,2116.490552185577
1,179,base,mey,ma10,orchestration,1113.6581490957517,1098.261357904282,10.671638042704748,1072.8253367552027,1125.1480193552532,1.4019241486243357,1.4427767442876396,0.9016393442622951,0.11475409836065574,0.42223168470548267,0.7213114754098361,0.29508196721311475,1.4955618056105977,1.307488583113551,56.166666666666664,56.479166666666664,551.9914824290851,533.4696912376154
1,179,base,trust,ma10,orchestration,968.6806442540629,965.4597662374279,8.961400960272723,944.3762563983096,992.4012964343096,0.3336107965624948,0.3594167955338383,0.6229508196721312,0.39344262295081966,-0.6127690037868465,0.26229508196721313,0.7540983606557377,0.7651590120584452,-0.08758723886741851,52.166666666666664,51.50277777777778,447.0139775873963,450.43198845965003
1,180,base,thr,naive,http,2512.8759396284263,2535.960233012923,297.72026345252067,2109.9783356656,3406.4891707896004,-0.910278208782104,-0.07753685663447595,0.5737704918032787,0.4426229508196721,-10.186340264373074,0.18032786885245902,0.8360655737704918,3.8587192506059025,-5.58939341545929,6.416666666666667,7.270833333333333,2448.70927296176,2463.2518996795893
1,180,base,mey,naive,http,1186.255711051388,1118.5946443569333,14.235700142483275,1093.5291920716552,1146.5689895152443,6.0487565389115865,4.752914575134624,1.0,0.01639344262295082,-1.3525155543032537,0.19672131147540983,0.819672131147541,6.087979071621081,6.008453533728346,65.91666666666667,66.625,527.0890443847213,452.34464435693326
1,180,base,trust,naive,http,1027.2811954520373,1004.6952395689332,10.864772882889438,980.2805451585758,1025.8466006090146,2.248040499604108,2.078824484097039,1.0,0.01639344262295082,-1.428863187427411,0.16393442622950818,0.8524590163934426,2.526877137406496,1.9738828270088873,55.583333333333336,56.28333333333333,471.44786211870394,441.8619062355999
1,181,base,thr,seasonal60,queue,3265.2610262768453,2272.7559538270375,304.46214971987575,1834.4416043693034,3262.9036201427602,43.6696720903339,3.259863577009407,1.0,0.01639344262295082,-7.733192277489789,0.3442622950819672,0.6721311475409836,37.646994826235925,50.201416035395276,6.833333333333333,7.023611111111111,3196.927692943512,2202.519842715926
1,181,base,mey,seasonal60,queue,1191.3378617011922,1112.6755332901803,14.065560566182066,1078.1752408131601,1148.6151410490804,7.069655623540808,5.5925484121934215,1.0,0.01639344262295082,-0.527948324752484,0.39344262295081966,0.6229508196721312,5.677284256257724,8.430950242954474,64.75,64.73055555555555,543.8378617011922,465.36997773462474
1,181,base,trust,seasonal60,queue,1034.1613253060602,998.4886021426821,9.317695088033906,978.8593188379331,1019.8277156935618,3.572672045211845,3.8284922211277572,1.0,0.01639344262295082,0.012169783445135312,0.5409836065573771,0.47540983606557374,4.577486839264899,2.5936599788230144,56.75,56.708333333333336,466.66132530606023,431.40526880934874
1,182,base,thr,ma10,queue,1982.9350361983236,2324.1748785745954,178.33581668110156,2019.3192692608789,2881.2643076565473,-14.682193045023894,-1.9134677975903946,0.01639344262295082,1.0,5.828596659314749,0.8032786885245902,0.21311475409836064,-12.144280669567825,-16.925932573516477,5.916666666666667,6.0,1923.7683695316568,2264.1748785745954
1,182,base,mey,ma10,queue,1059.948902667172,1093.85221060931,13.61045442993639,1065.1553977827173,1127.7546408147837,-3.0994413699866175,-2.490975456893437,0.01639344262295082,1.0,0.7573517694958423,0.7704918032786885,0.2459016393442623,-2.595529603963715,-3.607012099694879,56.916666666666664,56.50555555555555,490.78223600050535,528.7966550537545
1,182,base,trust,ma10,queue,951.466966799209,968.113638533678,9.712124965136617,942.6110047805133,991.2892986176458,-1.7194956327319542,-1.7140092198386212,0.03278688524590164,0.9836065573770492,0.3750378886057058,0.6229508196721312,0.39344262295081966,-1.007248022050377,-2.424737150138846,51.083333333333336,51.2,440.6336334658756,456.113638533678
1,183,base,thr,naive,others,1725.2954182956735,2211.629927084783,250.0285165606676,1765.1500164015495,2800.7068897071113,-21.989868324406423,-1.94511616306416,0.01639344262295082,1.0,19.56793935241606,0.9508196721311475,0.06557377049180328,-19.187946362363064,-24.740305556932213,12.5,13.252777777777778,1600.2954182956735,2079.102149307005
1,183,base,mey,naive,others,1064.6822860197506,1086.5307344467449,18.769749102425727,1059.830287160585,1207.956720625369,-2.0108449521328464,-1.1640245326545522,0.03278688524590164,0.9836065573770492,0.459528058557623,0.7213114754098361,0.29508196721311475,-3.655755118786937,-0.3860412552258134,64.0,65.53888888888889,424.68228601975056,431.14184555785596
1,183,base,trust,naive,others,965.0483791022097,988.4722080222351,13.284534158626501,962.1114050113388,1057.170471840676,-2.369700304158533,-1.763240520166443,0.03278688524590164,0.9836065573770492,-0.3125852614325453,0.39344262295081966,0.6229508196721312,-3.8745841225012674,-0.8519519162239859,55.583333333333336,57.209722222222226,409.2150457688763,416.37498580001284
1,184,base,thr,seasonal60,timer,2119.156106617215,2654.9658341875897,215.54782612251148,2121.01450007973,3188.23261509991,-20.181417051429996,-2.485804367453167,0.01639344262295082,1.0,-3.2933399769409784,0.32786885245901637,0.6885245901639344,-16.458244507928367,-23.61464571152495,6.666666666666667,7.065277777777778,2052.4894399505483,2584.313056409812
1,184,base,mey,seasonal60,timer,1107.7713000758495,1125.3257415241683,13.415168508351085,1096.2797785311368,1162.0639244097213,-1.559943116962974,-1.3085516918696165,0.13114754098360656,0.8852459016393442,-0.8039625838822979,0.21311475409836064,0.8032786885245902,-1.2320162976703368,-1.8960112661834891,65.33333333333333,66.59861111111111,454.4379667425162,459.3396304130572
1,184,base,trust,seasonal60,timer,970.8589128655943,997.3302798465181,9.371995584252707,967.9942299184423,1015.3387388636114,-2.654222730006507,-2.824517653999144,0.03278688524590164,0.9836065573770492,-0.7533053265389565,0.2459016393442623,0.7704918032786885,-2.617629509559425,-2.6927016625225524,54.583333333333336,57.076388888888886,425.02557953226096,426.5663909576292
1,185,base,thr,ma10,timer,2314.463270595666,2321.765465579483,19.11572990922667,2283.147370468429,2391.119958071658,-0.3145104487112604,-0.3819992759100732,0.26229508196721313,0.7540983606557377,-0.22651968523223728,0.45901639344262296,0.6885245901639344,-0.320708763247912,-0.307959749910138,6.0,6.0,2254.463270595666,2261.765465579483
1,185,base,mey,ma10,timer,1129.4406119770958,1134.4205115690456,4.693447742127454,1123.6581144586848,1144.762218347011,-0.438981800942753,-1.0610322870437439,0.14754098360655737,0.8688524590163934,-0.1000038672878292,0.47540983606557374,0.5409836065573771,-0.692271188064331,-0.1844856706625845,51.416666666666664,51.92777777777778,615.2739453104292,615.1427337912678
1,185,base,trust,ma10,timer,980.5906393008439,975.8691454870457,3.2410522635613264,969.2762374771902,983.7991639284538,0.483824479504555,1.456778055349896,0.9180327868852459,0.09836065573770492,-0.4807002237796942,0.11475409836065574,0.9016393442622951,0.6281535545746753,0.3419511512193428,51.916666666666664,51.11666666666667,461.4239726341773,464.702478820379
1,186,base,thr,naive,http,2181.5227424783593,2169.2118611676287,137.28215051100278,1912.4067080965297,2411.273611670659,0.5675278441499922,0.08967576094128772,0.5245901639344263,0.4918032786885246,-8.999381441213897,0.13114754098360656,0.8852459016393442,-2.905344738443664,4.250606051166702,5.916666666666667,5.916666666666667,2122.356075811693,2110.045194500962
1,186,base,mey,naive,http,1067.7780573223688,1053.5489289082032,14.125264378560747,1021.5538569103124,1079.4846207723701,1.3505901836862333,1.0073530684326546,0.7868852459016393,0.22950819672131148,-1.955104098930335,0.04918032786885246,0.9672131147540983,2.877692488408135,-0.20776507404188027,52.166666666666664,52.80555555555556,546.1113906557022,525.4933733526476
1,186,base,trust,naive,http,936.2004410455967,945.033857177243,9.987864945970465,923.2662453077405,967.7509129163158,-0.9347195409518138,-0.8844148553700785,0.21311475409836064,0.8032786885245902,-0.8853663804805602,0.22950819672131148,0.7868852459016393,-1.7379531652195854,-0.10167341090683887,48.166666666666664,49.333333333333336,454.53377437893005,451.70052384390965
1,187,base,thr,seasonal60,timer,2399.0648133404425,2355.6886736014876,340.4460059903034,1777.008492693196,3843.402727803908,1.8413358363114842,0.12740974773012995,0.7049180327868853,0.3114754098360656,-4.9969752875560625,0.3770491803278688,0.639344262295082,1.208338086144556,2.5063515993774126,8.75,8.376388888888888,2311.5648133404425,2271.924784712599
1,187,base,mey,seasonal60,timer,1102.3739102402744,1109.593983058217,12.832582032599687,1081.73973301478,1138.4898778096333,-0.6506950225201178,-0.5626360150748134,0.2786885245901639,0.7377049180327869,0.016266544697450157,0.5081967213114754,0.5081967213114754,-1.7879922894480282,0.5412391978022927,63.75,64.68194444444444,464.8739102402744,462.7745386137726
1,187,base,trust,seasonal60,timer,1006.7552735564003,995.7078958584283,11.767782544503898,973.7414837102493,1023.3790282449236,1.1094998587359564,0.9387815976538132,0.8524590163934426,0.16393442622950818,-0.41421170657524875,0.39344262295081966,0.6229508196721312,2.17899718738314,0.021658308652709946,56.75,56.827777777777776,439.2552735564003,427.4301180806506
1,188,base,thr,ma10,queue,3459.083456282404,2153.7021338165478,183.67176688107648,1933.9177548979371,3155.356130792512,60.61104281642729,7.107141966522609,1.0,0.01639344262295082,1.5062586499611765,0.7049180327868853,0.3114754098360656,57.43633934318487,63.5731168254754,7.25,6.961111111111111,3386.583456282404,2084.0910227054364
1,188,base,mey,ma10,queue,1158.5071121977346,1141.506558032891,13.910539891929945,1110.8155101867649,1178.2126077080497,1.489308497196891,1.2221347479623204,0.9016393442622951,0.11475409836065574,-0.7229321919564582,0.29508196721311475,0.7213114754098361,1.796022022468677,1.1834270521120414,63.0,65.61111111111111,528.5071121977346,485.3954469217799
1,188,base,trust,ma10,queue,1032.5396262801585,1020.1997757142319,9.847190588190545,1001.4201850597834,1055.0147866531556,1.2095523700039579,1.2531341254555777,0.9016393442622951,0.11475409836065574,-1.7314199237649124,0.03278688524590164,0.9836065573770492,0.732156412419762,1.6923804123675532,56.916666666666664,57.40694444444444,463.37295961349184,446.13033126978746
1,189,base,thr,naive,queue,2394.597565305087,2549.8242484020034,382.0332507886597,1904.0932665587625,3428.240450907595,-6.087740486200114,-0.4063172060978214,0.4262295081967213,0.5901639344262295,24.04737376308223,0.9016393442622951,0.11475409836065574,1.314519711375662,-13.247937945402114,7.083333333333333,7.019444444444445,2323.7642319717534,2479.629803957559
1,189,base,mey,naive,queue,1164.0141287806425,1144.04106371203,12.405527030979123,1116.7232393024406,1176.537911785079,1.74583462972968,1.610013425365614,0.9672131147540983,0.04918032786885246,2.095343852579383,0.9672131147540983,0.04918032786885246,-0.1576863572395659,3.729283300521058,66.0,68.04444444444445,504.0141287806425,463.59661926758554
1,189,base,trust,naive,queue,1028.0537806747618,1035.363038379478,11.504574686815538,1015.342950828363,1069.3666097935231,-0.7059608498441692,-0.6353348910058121,0.29508196721311475,0.7213114754098361,1.9667420942572849,0.9508196721311475,0.06557377049180328,0.5263362010419077,-1.9754221956474447,58.083333333333336,59.2625,447.22044734142844,442.738038379478
1,190,base,thr,seasonal60,http,2279.3039155896718,2500.371637224276,306.3622598381556,2084.133077593506,3319.857369547624,-8.841394548852628,-0.7215892771890036,0.26229508196721313,0.7540983606557377,-14.340706005055734,0.08196721311475409,0.9344262295081968,-15.7681535042675,-1.4793221076689647,6.75,6.888888888888889,2211.8039155896718,2431.4827483353874
1,190,base,mey,seasonal60,http,1125.4487715077903,1106.6713403307992,13.191890736193345,1073.3048532544392,1145.159354728293,1.696748663553375,1.4234071182437247,0.9508196721311475,0.06557377049180328,-1.2065376947614674,0.14754098360655737,0.8688524590163934,2.3691977625257468,1.0238183576494233,62.25,63.69722222222222,502.9487715077903,469.69911810857707
1,190,base,trust,seasonal60,http,1007.4088472578618,994.9547665929367,9.149727998352583,976.4512529510149,1014.0231984245647,1.2517233027157684,1.3611421746272065,0.8852459016393442,0.13114754098360656,0.25836129126151447,0.6557377049180327,0.36065573770491804,0.40626001211458573,2.1020925962184784,56.083333333333336,55.920833333333334,446.5755139245284,435.74643325960335
1,191,base,thr,ma10,http,2070.243892827539,2139.9245662739336,141.87733917650291,1899.437259198654,2454.3092106109957,-3.2562210156652087,-0.49113321303346374,0.39344262295081966,0.6229508196721312,-9.474862779237965,0.04918032786885246,0.9672131147540983,-3.663455060783957,-2.858790941654138,6.0,6.018055555555556,2010.2438928275392,2079.744010718378
1,191,base,mey,ma10,http,1078.462264633866,1095.678475548745,14.009730760726613,1067.4538593027085,1126.4836333616777,-1.5712831180932545,-1.2288752160135046,0.11475409836065574,0.9016393442622951,-1.3071138206668256,0.18032786885245902,0.8360655737704918,-0.5185173671499201,-2.636416885702327,55.0,55.672222222222224,528.462264633866,538.9562533265226
1,191,base,trust,ma10,http,950.2677590248162,962.2004139007148,11.460438868833926,939.0023620002202,1003.5988379742681,-1.2401423553253517,-1.0412040073219926,0.16393442622950818,0.8524590163934426,0.46322239894894796,0.7049180327868853,0.3114754098360656,-0.6087141964963706,-1.8833877736354154,50.833333333333336,50.39861111111111,441.93442569148283,458.2143027896037
1,194,base,thr,ma10,event,2117.837725547136,2162.7956444297834,180.76731237069149,1942.3930743095532,2708.560742202984,-2.0786947208089304,-0.24870602042505444,0.5573770491803278,0.45901639344262296,-7.705722068165778,0.13114754098360656,0.8852459016393442,-3.780059412531914,-0.6036002580919896,6.75,6.820833333333334,2050.337725547136,2094.58731109645
1,194,base,mey,ma10,event,1124.2031042155706,1096.665705616565,13.242094809531846,1071.5049801497303,1134.6751519165525,2.511011191284006,2.079534922162304,0.9836065573770492,0.03278688524590164,-0.9710072517070244,0.26229508196721313,0.7540983606557377,1.0003781346633243,4.023839727515516,52.333333333333336,53.05416666666667,600.8697708822373,566.1240389498984
1,194,base,trust,ma10,event,973.544355903533,964.9425906760858,7.642039104008441,947.9770170139158,981.6835147990774,0.8914276673620865,1.125585084082503,0.8524590163934426,0.16393442622950818,-0.7866252927864694,0.18032786885245902,0.8360655737704918,2.470621600452243,-0.6538319813296508,49.583333333333336,49.6,477.7110225701996,468.94259067608584
1,192,base,thr,naive,http,1567.9125619341387,2480.809266942735,368.909894571971,1940.7335251477655,3493.8075082067458,-36.7983430718807,-2.4745790732118693,0.01639344262295082,1.0,-1.3715540231610122,0.5737704918032787,0.4426229508196721,-39.39701202127671,-33.605199524850455,6.833333333333333,7.720833333333333,1499.5792286008054,2403.6009336094016
1,192,base,mey,naive,http,1068.5364184757393,1123.1409478545172,13.166591480849863,1098.0695827832108,1158.1756412121817,-4.861769974916001,-4.147203128326523,0.01639344262295082,1.0,0.7038707726475969,0.7213114754098361,0.29508196721311475,-4.97443966612436,-4.752051435644565,62.416666666666664,67.77638888888889,444.3697518090727,445.3770589656283
1,192,base,trust,naive,http,1014.0603407561429,1056.741479688691,11.226016198135742,1038.0101333449181,1084.18677285031,-4.0389385439021215,-3.8019844421421762,0.01639344262295082,1.0,0.013317742690781412,0.6065573770491803,0.4098360655737705,-4.36416312620341,-3.715892448291137,59.166666666666664,62.30138888888889,422.39367408947624,433.7275907998021
1,193,base,thr,seasonal60,timer,1691.6229139257537,1760.2714911446494,52.477636677936076,1638.739289625463,1901.0962850037129,-3.8998857599094405,-1.3081491767665416,0.06557377049180328,0.9508196721311475,0.7101000889374645,0.6229508196721312,0.39344262295081966,-3.9902905457678557,-3.7912377302017717,11.083333333333334,10.61111111111111,1580.7895805924204,1654.1603800335383
1,193,base,mey,seasonal60,timer,969.0980481909561,968.9943603441376,9.597287664364115,952.7665333848327,1008.3034434653292,0.010700562465779226,0.010803869847885018,0.6229508196721312,0.39344262295081966,-1.3391149190570706,0.03278688524590164,0.9836065573770492,-0.7207669303856377,0.7325677993801479,55.583333333333336,55.78888888888889,413.2647148576227,411.1054714552487
1,193,base,trust,seasonal60,timer,975.5097221013516,974.6360986464947,8.926909939947377,954.9053839378945,1010.6340730089827,0.08963586061198876,0.09786403814241317,0.6557377049180327,0.36065573770491804,-1.3309935544316902,0.04918032786885246,0.9672131147540983,0.1223053949811031,0.05595957877060307,57.666666666666664,56.875,398.84305543468497,405.8860986464947
1,195,base,thr,naive,http,2566.0613420872514,2424.1113855744893,276.2781969450907,1992.2281447190474,3167.53064869773,5.855752229764866,0.5137935533181945,0.7213114754098361,0.29508196721311475,-10.86593149316223,0.16393442622950818,0.8524590163934426,-3.327554496282347,15.206046683193748,7.5,7.741666666666666,2491.0613420872514,2346.694718907823
1,195,base,mey,naive,http,1122.564330721779,1130.4102863416956,12.599195431098005,1099.9542609485409,1157.625981834017,-0.6940803454034522,-0.622734654988428,0.29508196721311475,0.7213114754098361,-1.2242225367478656,0.16393442622950818,0.8524590163934426,-0.2318999617262704,-1.1735908955153311,65.25,64.82777777777778,470.064330721779,482.1325085639178
1,195,base,trust,naive,http,986.1149525485131,1006.3492388042293,12.37359984130902,981.257313266715,1034.249185080088,-2.0106624495248955,-1.6352788610606663,0.04918032786885246,0.9672131147540983,-0.8029076434883896,0.32786885245901637,0.6885245901639344,-1.1911394253557508,-2.842875545480193,54.833333333333336,55.477777777777774,437.7816192151797,451.57146102645163
1,196,base,thr,seasonal60,http,2842.19421619746,2431.8732941534277,294.635346255096,2035.0858034802898,3433.865667598018,16.87262749381321,1.3926398419583212,0.9016393442622951,0.11475409836065574,25.26297112726736,0.9344262295081968,0.08196721311475409,19.374508909380342,14.557677180631325,7.25,7.3,2769.69421619746,2358.8732941534277
1,196,base,mey,seasonal60,http,1132.7180019067716,1133.258327662407,12.131622699418951,1091.6221912731694,1153.3094992329864,-0.04767895743152948,-0.04453862183344204,0.47540983606557374,0.5409836065573771,-0.27887584965916945,0.36065573770491804,0.6557377049180327,-0.5313552829042392,0.4279697367231375,68.25,67.94027777777778,450.21800190677163,453.8555498846292
1,196,base,trust,seasonal60,http,1010.5169079381643,1003.0494234132879,9.335959416570471,983.3678040341973,1029.5187890492514,0.7444782231632484,0.7998625734835945,0.819672131147541,0.19672131147540983,-0.40636355500840277,0.3442622950819672,0.6721311475409836,1.023822342324468,0.4652349442640044,57.0,56.3375,440.5169079381643,439.67442341328785
1,197,base,thr,ma10,queue,2765.8685872954375,2659.2749255983817,365.1778413286249,2179.4941099652365,4175.535090246501,4.008373134758541,0.2918952073029308,0.6557377049180327,0.36065573770491804,-10.632331754722788,0.29508196721311475,0.7213114754098361,24.619119871096004,-14.212610658817615,8.0,8.356944444444444,2685.8685872954375,2575.7054811539374
1,197,base,mey,ma10,queue,1193.3387870921297,1128.5321738298364,11.784817316232992,1100.1979672813159,1155.737979912788,5.742557878732218,5.499161465407308,1.0,0.01639344262295082,-0.9081876302480645,0.21311475409836064,0.8032786885245902,7.479790215079389,4.029951576935304,69.16666666666667,67.7375,501.67212042546294,451.15717382983644
1,197,base,trust,ma10,queue,1070.897201746602,1051.8244632403735,10.07033123100396,1024.0877192537262,1083.212471659533,1.8133005242596043,1.893953442912424,0.9836065573770492,0.03278688524590164,-0.9414917434882389,0.18032786885245902,0.8360655737704918,3.8819263514884783,-0.22402997289923704,59.166666666666664,60.984722222222224,479.2305350799353,441.9772410181512
1,198,base,thr,naive,http,1983.752472404162,1749.5083989626185,61.40797350837733,1687.988669733316,2071.5120469955637,13.389136832977767,3.814554691494384,0.9836065573770492,0.03278688524590164,0.018613194517857656,0.6885245901639344,0.32786885245901637,11.152067935098817,15.569711502212417,12.583333333333334,11.858333333333333,1857.9191390708288,1630.9250656292852
1,198,base,mey,naive,http,989.2015772921745,969.7910218871956,12.806610498529414,960.8716186525631,1063.583576872549,2.001519396127874,1.5156668821315253,0.9836065573770492,0.03278688524590164,0.0846087203452828,0.7377049180327869,0.2786885245901639,2.4167093501531602,1.5562705179755567,57.583333333333336,56.44444444444444,413.36824395884116,405.34657744275114
1,198,base,trust,naive,http,951.4337247734297,944.6618557262282,6.808206893388771,935.1542942533812,988.3921726085435,0.7168564080525459,0.9946626407281343,0.9672131147540983,0.04918032786885246,0.15764484607835208,0.7213114754098361,0.29508196721311475,1.6772487167960692,-0.28663479562222155,54.583333333333336,54.455555555555556,405.60039144009636,400.1063001706726
1,199,base,thr,seasonal60,http,1880.8305486498773,2339.4929990782643,268.2658790837622,1873.1086914040534,3080.0581660211406,-19.60520722263735,-1.7097308535655267,0.03278688524590164,0.9836065573770492,-2.7000157451682085,0.39344262295081966,0.6229508196721312,-11.479987358548795,-27.666406777261614,8.583333333333334,8.911111111111111,1794.997215316544,2250.381887967153
1,199,base,mey,seasonal60,http,1047.3807170629864,1048.0189958535266,11.26503320056212,1028.0313302293291,1086.168217703061,-0.060903360823185454,-0.056660178374649484,0.5409836065573771,0.47540983606557374,0.6722125022885737,0.7868852459016393,0.22950819672131148,0.8233051602015308,-0.921471817330702,64.41666666666667,63.19583333333333,403.21405039631964,416.0606625201932
1,199,base,trust,seasonal60,http,1026.9796631717343,1024.1288889833252,9.94988170871637,1003.2863310371177,1052.2631514656046,0.2783608800684384,0.2865133749189951,0.6229508196721312,0.39344262295081966,0.4534129337241666,0.6885245901639344,0.32786885245901637,-0.86492012890574,1.4537697171870474,61.416666666666664,61.895833333333336,412.81299650506764,405.1705556499918
1,203,base,thr,ma10,queue,1895.389421362676,2391.934827780016,317.31435158006934,1897.3914701354279,3253.4933537357265,-20.7591528268431,-1.564837530810655,0.01639344262295082,1.0,-4.911555027879513,0.39344262295081966,0.6229508196721312,-24.391435576979738,-16.858782623118916,8.916666666666666,9.963888888888889,1806.2227546960094,2292.295938891127
1,203,base,mey,ma10,queue,1053.6040650968198,1088.1919954124055,13.031689804162085,1063.987881445414,1132.6455711164454,-3.1784768185578773,-2.6541400873844427,0.01639344262295082,1.0,0.10025807684781897,0.5573770491803278,0.45901639344262296,-3.5289596598352007,-2.801178383916773,61.833333333333336,65.34305555555555,435.2707317634864,434.76143985684996
1,203,base,trust,ma10,queue,1012.8152316682308,1050.8458895018466,8.775775688322607,1033.770125094733,1066.4306904124007,-3.6190518717872355,-4.33359502160258,0.01639344262295082,1.0,-0.39096184519098925,0.3442622950819672,0.6721311475409836,-3.8269943253599776,-3.39728979963312,60.333333333333336,63.06944444444444,409.48189833489744,420.15144505740216
1,200,base,thr,ma10,timer,2330.839342999463,2259.9479564459534,180.89697426352217,1963.2376784640976,2657.811114395975,3.136859251617239,0.3918881829954679,0.639344262295082,0.3770491803278688,0.20198162528237656,0.45901639344262296,0.5573770491803278,10.992670840400288,-4.219370957932036,6.0,6.020833333333333,2270.839342999463,2199.73962311262
1,200,base,mey,ma10,timer,1108.1153809703594,1079.039886067481,13.289677605581351,1037.891576890546,1122.9290069740202,2.6945709123731314,2.1878254511356614,0.9672131147540983,0.04918032786885246,-0.011263956592866884,0.5081967213114754,0.5081967213114754,3.074135967026104,2.307263690916586,57.833333333333336,56.92916666666667,529.782047637026,509.74821940081426
1,200,base,trust,ma10,timer,970.5389906396549,968.0034863186161,9.542945145511787,936.086141587016,986.0488059546489,0.2619313212064494,0.2656941104006382,0.6065573770491803,0.4098360655737705,1.9742425723683712,1.0,0.01639344262295082,-0.2194732432037155,0.7631764033710859,50.833333333333336,51.013888888888886,462.20565730632154,457.8645974297272
1,204,base,thr,naive,queue,1974.9138627939265,2306.5977649497195,277.37295715687026,1897.437336840536,3045.0482636416878,-14.379789454232098,-1.195804758890777,0.09836065573770492,0.9180327868852459,-4.23658508636169,0.39344262295081966,0.6229508196721312,-17.51614685148313,-10.992042205508342,9.583333333333334,9.922222222222222,1879.0805294605932,2207.3755427274973
1,204,base,mey,naive,queue,1066.4756849329576,1060.0308575431502,10.776913977853285,1039.79967947066,1082.5692063841072,0.6079848849631312,0.5980216046125661,0.7540983606557377,0.26229508196721313,0.49344198809127643,0.6885245901639344,0.32786885245901637,-0.7788999514524718,1.9823740997034143,63.666666666666664,63.00555555555555,429.809018266291,429.97530198759466
1,204,base,trust,naive,queue,1018.7797777481682,1032.5519223876152,9.542500684210589,1007.5276205442498,1057.330237372444,-1.3337968135879363,-1.443242719619077,0.11475409836065574,0.9016393442622951,0.13224568889257365,0.5573770491803278,0.45901639344262296,-2.8932783284777632,0.18013069058614284,60.333333333333336,61.40555555555556,415.4464444148348,418.4963668320596
1,205,base,thr,seasonal60,timer,2837.671215749517,2829.2140951841943,179.55206924485168,2524.737804487368,3295.206743574355,0.2989211943952316,0.047101214711093235,0.5409836065573771,0.47540983606557374,3.363522599544908,0.6885245901639344,0.32786885245901637,-0.052218309328108295,0.6292026061924924,7.25,7.329166666666667,2765.171215749517,2755.922428517528
1,205,base,mey,seasonal60,timer,1069.2009120468247,1061.6750953149522,10.174474384573488,1044.4980204699802,1091.7445176568108,0.7088625102993428,0.7396762178971263,0.8032786885245902,0.21311475409836064,-0.4793083859226748,0.3770491803278688,0.639344262295082,1.010994462269056,0.40127602293301473,62.25,61.87638888888889,446.70091204682467,442.91120642606325
1,205,base,trust,seasonal60,timer,1031.1417594730656,1040.9413697160535,8.628935111126681,1019.7459040598418,1061.960309391466,-0.9414180786820908,-1.135668552003791,0.16393442622950818,0.8524590163934426,0.9701458335169083,0.8852459016393442,0.13114754098360656,-0.6871236451782274,-1.1963582034289317,61.25,61.458333333333336,418.6417594730656,426.3580363827201
1,207,base,thr,naive,orchestration,2203.476339573813,2307.281874700126,169.0484567849703,1999.3887258646619,2587.420489324363,-4.499040029073358,-0.6140578689715785,0.32786885245901637,0.6885245901639344,-6.541216917094784,0.22950819672131148,0.7868852459016393,3.5894385838691036,-12.413326155962585,5.916666666666667,5.916666666666667,2144.3096729071467,2248.1152080334596
1,207,base,mey,naive,orchestration,1067.3893318678738,1074.3167321268984,15.299477904098634,1045.0221860565755,1109.8654723336006,-0.6448191722109672,-0.4527867096150237,0.29508196721311475,0.7213114754098361,1.0375180914083535,0.8032786885245902,0.21311475409836064,-1.0072575030542414,-0.2706135712342298,56.416666666666664,55.31944444444444,503.2226652012072,521.1222876824539
1,207,base,trust,naive,orchestration,962.4917307211798,962.8955042619847,8.779667215592939,945.6762419398466,981.435451029102,-0.04193326679973975,-0.04598961793082136,0.5245901639344263,0.4918032786885246,-2.181706759694135,0.01639344262295082,1.0,0.6143261005038341,-0.7200308745156745,53.0,52.11388888888889,432.4917307211798,441.75661537309577
1,208,base,thr,seasonal60,orchestration,1816.8343425167704,1822.4048720438193,8.10273642374578,1781.7843552478714,1840.165960604407,-0.3056691524755156,-0.6874874407519813,0.09836065573770492,0.9344262295081968,-0.5753950183169508,0.06557377049180328,0.9508196721311475,-0.16065258848747813,-0.4561462475677019,9.416666666666666,10.029166666666667,1722.6676758501037,1722.1132053771526
1,208,base,mey,seasonal60,orchestration,925.3074693207101,931.1470217152715,3.683089393383201,922.282344897185,941.5245761155737,-0.6271353780205812,-1.5855038449656997,0.08196721311475409,0.9344262295081968,-0.26050391386702565,0.22950819672131148,0.7868852459016393,-0.3241638232958923,-0.9300305484137745,55.583333333333336,56.045833333333334,369.4741359873767,370.68868838193816
1,208,base,trust,seasonal60,orchestration,911.6906964049073,921.3058755254418,3.481614778451489,914.6614608229062,932.0533237427275,-1.0436467818085706,-2.761701030236054,0.01639344262295082,1.0,-0.6474698012446523,0.08196721311475409,0.9344262295081968,-0.8287419265128341,-1.2613215655303414,51.416666666666664,52.36944444444445,397.52402973824064,397.61143108099736
1,209,base,thr,ma10,http,1692.0441017770174,2341.1222869194667,240.64024391828858,1879.0872333384139,2861.136269467872,-27.725086757280405,-2.697296905013316,0.01639344262295082,1.0,46.14091250251807,1.0,0.01639344262295082,-29.662675569201195,-25.945802420037342,7.166666666666667,7.295833333333333,1620.3774351103507,2268.163953586133
1,209,base,mey,ma10,http,1074.6317212408683,1128.4544271833859,13.45410036816305,1095.8283412268413,1162.8039273585894,-4.769595000558301,-4.000468590964306,0.01639344262295082,1.0,1.2477927875857069,0.9016393442622951,0.11475409836065574,-4.5346431751430405,-4.999261455647846,63.583333333333336,65.53333333333333,438.7983879075349,473.1210938500526
1,209,base,trust,ma10,http,967.8875025080761,999.9464785375887,10.4822538407641,980.1591406493294,1032.3026925799852,-3.2060691964632544,-3.0584048541964854,0.01639344262295082,1.0,1.2251423459594448,0.8688524590163934,0.14754098360655737,-3.264680695291224,-3.1503893982624755,54.916666666666664,55.8375,418.72083584140944,441.57147853758875
1,210,base,thr,naive,http,1956.8920093364106,1973.5850177790694,66.37825728185975,1824.9929011833112,2094.67073366291,-0.8458216034414304,-0.2514830778364037,0.32786885245901637,0.6885245901639344,2.2216313557554224,0.7377049180327869,0.2786885245901639,-0.834598871534744,-0.8577266315842399,6.0,6.0,1896.8920093364106,1913.5850177790694
1,210,base,mey,naive,http,1070.5540423328735,1073.8874467502658,13.85959433954697,1046.8714873504612,1108.3442204739188,-0.3104053807016443,-0.2405124086410519,0.39344262295081966,0.6229508196721312,0.1547360586236516,0.5245901639344263,0.4918032786885246,-0.5374892058917072,-0.05997628853950099,50.166666666666664,51.52916666666667,568.8873756662068,558.595780083599
1,210,base,trust,naive,http,968.488880820904,971.8538833300969,8.154348357669543,951.2811120976984,989.5396083335612,-0.34624572344790894,-0.41266357060008974,0.36065573770491804,0.6557377049180327,-0.15961852872539306,0.39344262295081966,0.6229508196721312,-0.434196413660086,-0.25529916574838635,50.25,50.18472222222222,465.988880820904,470.0066611078747
1,211,base,thr,seasonal60,http,1807.1314555898055,2091.5144237430773,112.02278957578513,1853.6132788235611,2309.6628894627293,-13.596988140503761,-2.5386170905955026,0.01639344262295082,1.0,4.097153367512304,0.7704918032786885,0.2459016393442623,-10.240811429681404,-16.157195059434244,9.333333333333334,10.490277777777777,1713.7981222564722,1986.6116459652994
1,211,base,mey,seasonal60,http,965.8274645635775,987.9820027285564,5.746430481659011,975.4198565772649,1001.5774994274203,-2.2424030097505523,-3.8553565096958855,0.01639344262295082,1.0,-0.5546797248700092,0.21311475409836064,0.8032786885245902,-2.200400645809533,-2.283760751962412,56.333333333333336,57.856944444444444,402.4941312302441,409.4125582841119
1,211,base,trust,seasonal60,http,926.7609035223212,941.2858359560155,6.543099406485079,928.5837759652885,956.4240303656094,-1.5430947623834226,-2.2198856430788987,0.01639344262295082,1.0,0.6775021778400033,0.8360655737704918,0.18032786885245902,-1.3214690503898594,-1.7570338339201175,52.0,52.611111111111114,406.7609035223212,415.1747248449044
1,214,base,thr,seasonal60,timer,2440.71199143695,2370.841189240936,245.1975174924517,1905.5630469059618,2813.7997947894473,2.947089097029924,0.28495721698391646,0.6065573770491803,0.4098360655737705,9.839710943003631,0.8032786885245902,0.21311475409836064,-1.7054758228849602,7.1867877717282385,6.083333333333333,6.116666666666666,2379.8786581036165,2309.6745225742693
1,214,base,mey,seasonal60,timer,1102.9921289326992,1087.9934048980112,13.985972816793504,1057.0330904403402,1119.9038141126978,1.3785675507926376,1.072411925231142,0.8524590163934426,0.16393442622950818,0.7154351452402891,0.7377049180327869,0.2786885245901639,2.9640490882837986,-0.2223277872035923,63.333333333333336,62.19166666666667,469.6587955993658,466.0767382313445
1,214,base,trust,seasonal60,timer,969.064439007509,951.0914274597544,8.193158232242496,922.5924368377405,965.9366015096772,1.8897249022376585,2.193660983749281,1.0,0.01639344262295082,-0.35662268102859246,0.26229508196721313,0.7540983606557377,0.3958268951196271,3.396990315924826,54.0,52.68611111111111,429.064439007509,424.2303163486433
1,212,base,thr,ma10,http,2390.689121811926,2212.4392651644534,138.5286556547858,1980.609295162468,2639.652616456108,8.056711858900353,1.2867363492768746,0.9180327868852459,0.09836065573770492,-1.3845880294985828,0.5409836065573771,0.47540983606557374,9.754466591648013,6.2922279095032625,5.916666666666667,5.9222222222222225,2331.5224551452593,2153.2170429422313
1,212,base,mey,ma10,http,1121.5313860929343,1093.184209752156,12.219679865955907,1063.8811674726246,1115.7198199106192,2.59308322311069,2.3197969710936306,1.0,0.01639344262295082,0.7633778709417045,0.7213114754098361,0.29508196721311475,1.2811185892055221,3.8972544164462164,54.75,54.6375,574.0313860929343,546.809209752156
1,212,base,trust,ma10,http,976.6238661269286,958.4601583169018,7.618411252450103,938.9643578328831,975.7436377201999,1.8950926287768817,2.3841857846917014,1.0,0.01639344262295082,-0.505142508179354,0.3114754098360656,0.7049180327868853,2.581476190229972,1.2388556916713265,50.333333333333336,49.99166666666667,473.2905327935953,458.5434916502351
1,213,base,thr,naive,http,1876.2243906704698,2661.5167864959058,315.4330875333575,2183.4215842009994,3749.5916918225935,-29.505445910011883,-2.4895688716941917,0.01639344262295082,1.0,17.144116790829326,0.9508196721311475,0.06557377049180328,-32.30509723786564,-26.624011113990168,7.25,7.779166666666667,1803.7243906704698,2583.7251198292392
1,213,base,mey,naive,http,1101.3248246096698,1136.6649414878739,11.659624156379873,1113.8382023012623,1175.5871441369193,-3.1091059104844474,-3.030982508888744,0.01639344262295082,1.0,1.5350061353135296,0.9508196721311475,0.06557377049180328,-0.8819551238334652,-5.28356410315085,67.66666666666667,69.10416666666667,424.65815794300306,445.62327482120713
1,213,base,trust,naive,http,1020.075970237374,1054.8938332208486,11.93268345708852,1028.1118481922947,1081.928937723139,-3.300603519234456,-2.91785691866244,0.01639344262295082,1.0,-0.2292126346049817,0.4426229508196721,0.5737704918032787,-3.921766693981072,-2.6891388923583555,61.166666666666664,62.3625,408.4093035707074,431.2688332208486
1,215,base,thr,ma10,event,2314.104423950154,2160.059075517199,151.16281523179052,1861.5973974237465,2747.929489272087,7.131534048256103,1.0190690626973604,0.8688524590163934,0.14754098360655737,-5.440601985009141,0.22950819672131148,0.7868852459016393,5.370736572718293,8.859542812236558,6.333333333333333,6.520833333333333,2250.7710906168204,2094.8507421838653
1,215,base,mey,ma10,event,1093.1738147715678,1094.9048719635746,13.711694355670215,1065.8814016841495,1130.7453924440922,-0.15810114981974346,-0.12624677498670725,0.4098360655737705,0.6065573770491803,-2.1685793910624174,0.04918032786885246,0.9672131147540983,-0.05083490194298679,-0.2674444861336954,55.166666666666664,56.61805555555556,541.5071481049011,528.724316408019
1,215,base,trust,ma10,event,952.3694841461783,973.3854270535636,9.093090990334025,952.2512676886128,995.0130910697068,-2.1590566617583935,-2.311199011395063,0.03278688524590164,0.9836065573770492,-0.6081170118594489,0.26229508196721313,0.7540983606557377,-4.199210799158161,-0.09038721725568119,50.833333333333336,52.458333333333336,444.0361508128449,448.80209372023023
1,216,base,thr,naive,timer,1734.1762559322551,1741.4646645434973,7.753651551723009,1685.5485151743853,1753.6985131937492,-0.418521762722802,-0.9399969243681775,0.03278688524590164,0.9836065573770492,0.1557075170094613,0.9672131147540983,0.11475409836065574,-0.34547493789537137,-0.5101962788387253,7.0,7.795833333333333,1664.1762559322551,1663.506331210164
1,216,base,mey,naive,timer,910.7883550878654,914.2254814661352,1.6161649438682415,907.8625964195097,918.511067490651,-0.3759604657658094,-2.126717567603674,0.03278688524590164,0.9836065573770492,0.18958070526189075,0.9180327868852459,0.14754098360655737,-0.6191591064152996,-0.12542326244126883,49.25,49.86527777777778,418.2883550878654,415.5727036883574
1,216,base,trust,naive,timer,901.7548702658223,905.9525080709307,1.715920158885192,898.7237888085459,910.7086494193207,-0.4633397189932712,-2.446289696739437,0.03278688524590164,0.9836065573770492,0.21391269266513868,0.9508196721311475,0.09836065573770492,-0.07088063250216868,-0.8728774854714222,47.416666666666664,48.016666666666666,427.5882035991557,425.78584140426403
1,217,base,thr,seasonal60,http,1529.5461455518596,2444.1609028229236,283.45520066633463,1988.2497955340466,3112.7218593304947,-37.420398804952434,-3.2266642316705636,0.01639344262295082,1.0,10.715031460709241,0.819672131147541,0.19672131147540983,-38.11340416522249,-36.64994259875859,6.666666666666667,7.011111111111111,1462.8794788851928,2374.0497917118123
1,217,base,mey,seasonal60,http,1045.54528269858,1127.871548105395,11.730008417284827,1099.6633247601517,1168.3593229728556,-7.299258993198933,-7.018431912248477,0.01639344262295082,1.0,1.577716870416927,0.9180327868852459,0.09836065573770492,-9.14589258383339,-5.314980237415002,62.333333333333336,66.20138888888889,422.2119493652466,465.85765921650614
1,217,base,trust,seasonal60,http,955.5199904535017,1001.780907274511,10.185709285286862,970.6180685581444,1020.4776984913364,-4.617867687942748,-4.541747219099675,0.01639344262295082,1.0,0.9408368968598205,0.8032786885245902,0.21311475409836064,-4.288758825173602,-4.956512177236186,54.666666666666664,56.99722222222222,408.85332378683506,431.80868505228887
1,219,base,thr,naive,orchestration,2916.01705572062,2485.070894348509,257.53702234786016,2087.516948148003,3167.8402110134616,17.3414031105575,1.6733367398727792,0.9180327868852459,0.09836065573770492,-6.656934905715089,0.3442622950819672,0.6721311475409836,20.25274258410569,14.128123644687737,6.0,6.006944444444445,2856.01705572062,2425.0014499040644
1,219,base,mey,naive,orchestration,1131.3526606068633,1129.9897284090061,14.15857941543797,1100.1300038325423,1158.5240046334573,0.12061456521167965,0.09626193121967262,0.5409836065573771,0.47540983606557374,-1.7783895213027316,0.08196721311475409,0.9344262295081968,0.5204040629800414,-0.28130359127980414,61.0,61.6875,521.3526606068633,513.1147284090061
1,219,base,trust,naive,orchestration,1012.0762493185613,1003.7424564644546,10.879853067497907,984.132934313954,1029.921154688098,0.8302720284903922,0.7659839523938793,0.8032786885245902,0.21311475409836064,-0.5108829486253699,0.3770491803278688,0.639344262295082,0.09797147936992943,1.5848042130788544,54.0,54.12361111111111,472.0762493185613,462.5063453533435
1,220,base,thr,seasonal60,queue,1948.97641932206,2095.3825562783604,137.45865388453797,1793.4380172695862,2531.736252152587,-6.987083886788406,-1.0650921773122994,0.13114754098360656,0.8852459016393442,2.33093048938569,0.8032786885245902,0.21311475409836064,-9.440230119040944,-4.414877208082208,6.416666666666667,6.525,1884.8097526553934,2030.1325562783604
1,220,base,mey,seasonal60,queue,1045.4599189509916,1086.7625652501151,12.38370052978155,1060.7958097373241,1117.139307267202,-3.800521624483624,-3.3352426602851777,0.01639344262295082,1.0,1.4695315077618687,0.8852459016393442,0.13114754098360656,-2.2059332604992865,-5.438087643040059,60.333333333333336,60.325,442.1265856176582,483.51256525011513
1,220,base,trust,seasonal60,queue,950.6386267025874,962.8527837332492,9.449720885121843,936.3458040345986,979.8770809110933,-1.2685383723256318,-1.292541565951692,0.13114754098360656,0.8852459016393442,0.251740567221697,0.6229508196721312,0.39344262295081966,-0.7233984406172603,-1.813889061600918,50.416666666666664,50.576388888888886,446.4719600359208,457.08889484436037
1,222,base,thr,naive,http,1817.5669580437204,2370.1844992396586,312.17370415659747,2007.1013870036638,3475.1758258187588,-23.31538078040822,-1.7702245059011297,0.01639344262295082,1.0,-6.058028794933155,0.36065573770491804,0.6557377049180327,-17.865839580653198,-28.449002241681452,6.333333333333333,6.311111111111111,1754.2336247103872,2307.0733881285473
1,222,base,mey,naive,http,1076.984707095665,1118.0405304301412,12.199409078173638,1085.8587077154643,1140.0596944242698,-3.672122988124664,-3.365394427827694,0.01639344262295082,1.0,0.06844103907352449,0.5573770491803278,0.45901639344262296,-5.084558918500047,-2.2771110161811308,58.416666666666664,60.419444444444444,492.8180404289984,513.8460859856967
1,222,base,trust,naive,http,983.2728504072174,987.1797413715416,11.652575918179107,967.2739168157832,1023.1501609154708,-0.39576287889539563,-0.3352813139135201,0.45901639344262296,0.5573770491803278,0.6779086001807174,0.7704918032786885,0.2459016393442623,-1.8492792645389982,1.0189898995727436,52.0,52.00694444444444,463.27285040721745,467.1102969270971
1,223,base,thr,seasonal60,timer,1567.5952721782144,1567.387403508326,3.9485204498658097,1560.0952721782144,1591.1673958118126,0.013262111806118044,0.05264469882518886,0.639344262295082,0.5901639344262295,0.06642914195247575,0.7704918032786885,0.36065573770491804,-0.021539589374011698,0.048720440833227324,9.666666666666666,9.606944444444444,1470.9286055115476,1471.3179590638817
1,223,base,mey,seasonal60,timer,924.1137920375462,923.8328204868861,2.6202715317109986,917.7784666288449,932.3030749432315,0.030413679231702295,0.10722993676788885,0.5245901639344263,0.4918032786885246,-0.03366996564242493,0.3770491803278688,0.639344262295082,-0.0014696554063233108,0.0637330222436731,52.416666666666664,52.40694444444444,399.9471253708796,399.7633760424417
1,223,base,trust,seasonal60,timer,934.9099217361377,934.9984654084504,2.6386908443034236,927.6051328632052,944.0586065158991,-0.009469927020049907,-0.03355590993310968,0.45901639344262296,0.5573770491803278,0.035968055379054856,0.5737704918032787,0.4426229508196721,0.11109427751033737,-0.1328931443870752,54.166666666666664,54.25277777777778,393.24325506947105,392.4706876306726
1,221,base,thr,ma10,timer,2054.640844786512,2058.8443127261826,14.870204605531663,2030.2107496472543,2117.5134211058926,-0.20416638177486557,-0.2826772093039641,0.3442622950819672,0.6721311475409836,-0.421706747430316,0.21311475409836064,0.8032786885245902,-0.21423526798103917,-0.1960575623619739,6.0,6.0,1994.640844786512,1998.8443127261826
1,221,base,mey,ma10,timer,1133.8457255647206,1133.99860689637,3.2121999824965646,1126.4620220781014,1140.8734852290597,-0.013481615472852143,-0.04759396441140858,0.5081967213114754,0.5081967213114754,0.173349863634685,0.6885245901639344,0.32786885245901637,-0.2350148504512858,0.22728206087445432,51.0,50.68055555555556,623.8457255647206,627.1930513408143
1,221,base,trust,ma10,timer,957.5672220214791,958.6905358245028,1.9445233847084573,954.3296670326221,962.7733276367399,-0.11717167960333001,-0.5776807889570085,0.2786885245901639,0.7377049180327869,-0.25210713265950935,0.13114754098360656,0.8852459016393442,-0.2293870125410654,-0.002095848849112576,47.5,47.519444444444446,482.5672220214791,483.4960913800584
1,225,base,thr,naive,timer,2650.2906997407067,2599.704003329072,328.60258593507126,2065.668017989405,3471.2509925647664,1.9458636962844875,0.15394491272089478,0.6229508196721312,0.39344262295081966,-22.616559001540182,0.01639344262295082,1.0,-3.0929389084322247,6.3991897086539655,6.083333333333333,6.001388888888889,2589.4573664073732,2539.690114440183
1,225,base,mey,naive,timer,1111.4004198703024,1117.7143147736083,14.307250180647822,1089.685819087317,1152.6922482898528,-0.5648934454762538,-0.4413073667954863,0.32786885245901637,0.6885245901639344,-1.9013248829290703,0.11475409836065574,0.9016393442622951,1.0768948867385504,-2.3251218584395232,61.333333333333336,61.99722222222222,498.067086536969,497.7420925513861
1,225,base,trust,naive,timer,1018.8873253284792,1003.8958532281015,9.808329870973726,980.3290113602394,1022.2539942263901,1.493329417804794,1.5284428947218303,0.9672131147540983,0.04918032786885246,-0.2396483791355283,0.4426229508196721,0.5737704918032787,0.2509441433708144,2.7536574739903816,56.25,55.63472222222222,456.38732532847916,447.5486310058793
1,228,base,thr,naive,queue,2059.8419716458798,2473.341628273013,325.2373168664723,2119.4573518546345,3695.984728152551,-16.71825888912303,-1.2713782680629406,0.01639344262295082,1.0,-7.414228566211532,0.32786885245901637,0.6885245901639344,-15.091947457316738,-18.54199203309049,6.5,6.419444444444444,1994.8419716458798,2409.147183828569
1,228,base,mey,naive,queue,1086.8608501592369,1109.6360042541335,13.551745904401027,1078.7403723979346,1137.016064918452,-2.052488744739806,-1.6806066358948046,0.04918032786885246,0.9672131147540983,0.18745639987663917,0.5409836065573771,0.47540983606557374,-2.358975187295786,-1.748808105453327,60.333333333333336,61.00972222222222,483.5275168259035,499.5387820319113
1,228,base,trust,naive,queue,979.459170536623,987.580541450532,9.980407089580957,967.59513324405,1016.6428868329108,-0.8223502360608028,-0.8137314280884701,0.26229508196721313,0.7540983606557377,-1.2801026492851961,0.09836065573770492,0.9180327868852459,-1.9818198307166677,0.38166113107703536,50.5,51.6375,474.459170536623,471.205541450532
1,226,base,thr,seasonal60,http,3011.4995116267164,2224.7714244584554,266.22777048755177,1874.712687627304,3338.9762179498443,35.36219849460549,2.9550939998764956,0.9672131147540983,0.04918032786885246,-3.9216160681740355,0.4098360655737705,0.6065573770491803,49.613070085945395,20.31556546342168,7.0,6.7347222222222225,2941.4995116267164,2157.424202236233
1,226,base,mey,seasonal60,http,1130.4515457356545,1097.6786668477027,15.869763354439835,1061.947688096908,1139.851101849377,2.985653258805547,2.06511452981326,0.9836065573770492,0.03278688524590164,1.2786992083649327,0.7868852459016393,0.22950819672131148,4.803485495010872,1.2458358490913506,60.833333333333336,61.234722222222224,522.1182124023211,485.33144462548046
1,226,base,trust,seasonal60,http,987.811481862111,982.1595103385615,12.49911127725858,947.1845378206681,1003.7966901375509,0.5754637066642253,0.4521898715977456,0.6065573770491803,0.4098360655737705,-0.5922690841048545,0.32786885245901637,0.6885245901639344,1.1337934974817336,0.02429812672536171,55.833333333333336,55.62638888888889,429.47814852877764,425.8956214496726
1,229,base,thr,seasonal60,timer,1675.0367688825172,1921.0218577357107,236.64488357934837,1651.5448599442398,2656.543822503547,-12.80490838053939,-1.0394692888879353,0.04918032786885246,0.9672131147540983,29.294641619434586,0.9508196721311475,0.06557377049180328,-11.0476140378805,-14.429514039562676,10.666666666666666,10.751388888888888,1568.3701022158505,1813.5079688468218
1,229,base,mey,seasonal60,timer,984.9694095503451,1001.2213681379883,13.53764373043507,978.3287804939959,1070.272123477416,-1.6232133177368808,-1.2005012771244592,0.06557377049180328,0.9508196721311475,-0.08348017776389215,0.5737704918032787,0.4426229508196721,-0.9769706880190875,-2.2646999950327404,57.0,57.51111111111111,414.96940955034506,426.1102570268772
1,229,base,trust,seasonal60,timer,954.4547993691535,962.1787946371528,8.333001700515139,948.39155233694,994.5668823360725,-0.8027609121142674,-0.9269163196644711,0.13114754098360656,0.8852459016393442,-0.17312183364907555,0.5245901639344263,0.4918032786885246,-1.7483880594357897,0.1320469517531237,55.25,55.541666666666664,401.95479936915353,406.7621279704862
1,232,base,thr,seasonal60,queue,1834.9340604537356,2435.8009609652077,301.901558604468,1959.6295180326117,3347.4288146184535,-24.66814448884088,-1.9902742579036805,0.01639344262295082,1.0,-16.58077829949316,0.08196721311475409,0.9344262295081968,-26.461481394840423,-22.807484048338452,8.416666666666666,9.329166666666667,1750.7673937870688,2342.509294298541
1,232,base,mey,seasonal60,queue,1058.4598072347824,1100.1398373892002,12.186545858039706,1074.9821574577043,1130.3716537162807,-3.7886120234797547,-3.420167670145903,0.01639344262295082,1.0,-2.5489736440226696,0.01639344262295082,1.0,-3.0741565332250786,-4.497823249372013,64.5,68.2125,413.4598072347824,418.01483738920024
1,232,base,trust,seasonal60,queue,1002.4093608620402,1047.207917524762,9.678379530577578,1032.3529836563766,1081.2023518453484,-4.277904694285556,-4.628724934911532,0.01639344262295082,1.0,0.2056445149480678,0.6557377049180327,0.36065573770491804,-4.917991199306903,-3.6110685340453523,60.0,63.05972222222222,402.4093608620402,416.61069530253985
1,230,base,thr,ma10,timer,2483.2114675142952,2391.0421262404484,153.36894164526285,2053.441708483728,2778.872059279673,3.8547769720297302,0.6009648386766038,0.7049180327868853,0.3114754098360656,-1.9943559685322456,0.4098360655737705,0.6065573770491803,0.022541374952220604,7.786952493674574,6.0,6.019444444444445,2423.2114675142952,2330.847681796004
1,230,base,mey,ma10,timer,1077.2482164602159,1098.8630490533546,15.612808485404132,1052.7652541032812,1142.477076081642,-1.9670178746805123,-1.3844294966754842,0.09836065573770492,0.9180327868852459,-1.8999150046578765,0.09836065573770492,0.9180327868852459,0.6574603456517324,-4.686535565912199,58.166666666666664,59.19722222222222,495.58154979354924,506.8908268311325
1,230,base,trust,ma10,timer,970.244213788652,969.7437343918144,9.519113479651432,949.1756073531068,991.5988535569172,0.05160944887686971,0.05257626121460179,0.5573770491803278,0.45901639344262296,-0.20942002792948125,0.45901639344262296,0.5573770491803278,0.42890694789219186,-0.32735467971983034,53.5,54.09722222222222,435.244213788652,428.77151216959226
1,231,base,thr,naive,event,1737.5526805474058,2417.4998991777593,286.19164168627236,1989.5495334017096,3521.022035631595,-28.12604951345054,-2.375845830521221,0.01639344262295082,1.0,2.6091420693433593,0.6721311475409836,0.3442622950819672,-23.93801797622834,-32.08530572673244,6.916666666666667,7.215277777777778,1668.386013880739,2345.3471213999815
1,231,base,mey,naive,event,1104.4970255337664,1152.8906761411333,11.326960066832255,1126.4141169378652,1178.6972887461434,-4.197592331073958,-4.272430583477892,0.01639344262295082,1.0,0.9799179617228925,0.8688524590163934,0.14754098360655737,-4.902802907013797,-3.470454683503241,67.66666666666667,69.77361111111111,427.8303588670997,455.15456503002224
1,231,base,trust,naive,event,1000.8533639769818,1037.6535815917043,10.016473531967353,1015.4478427474487,1060.0503109105236,-3.546483939107406,-3.673969436176862,0.01639344262295082,1.0,0.5390897772739679,0.7377049180327869,0.2786885245901639,-3.5862243814173516,-3.506668821735108,58.25,59.833333333333336,418.35336397698177,439.32024825837095
1,233,base,thr,ma10,timer,2272.469008525218,2457.585377726624,259.81263212505917,2048.2152829017114,2980.1889767536436,-7.532449162463951,-0.7124994950680498,0.29508196721311475,0.7213114754098361,23.946885488865124,1.0,0.01639344262295082,0.9953730447802741,-16.835401703260235,6.0,6.0,2212.469008525218,2397.585377726624
1,233,base,mey,ma10,timer,1098.1779286570397,1099.8996986125412,14.075691431003563,1068.3316787841588,1145.4220515758323,-0.1565388151004494,-0.12232222935130996,0.5081967213114754,0.5081967213114754,0.48443566747269295,0.6721311475409836,0.3442622950819672,-0.47975500545527333,0.1621573075232285,58.25,58.67777777777778,515.6779286570397,513.1219208347634
1,233,base,trust,ma10,timer,969.6639334151331,974.3238821387753,10.384902191359254,951.1765306692332,1007.060051783545,-0.4782751207342823,-0.4487234099825686,0.32786885245901637,0.6885245901639344,-0.030772814038695945,0.45901639344262296,0.5573770491803278,1.6494445202519608,-2.5585214077841303,51.833333333333336,51.74583333333333,451.33060008179973,456.865548805442
1,234,base,thr,naive,queue,1955.5988435656247,2169.613894900235,153.13678859604582,1980.198321852454,2936.1343398681306,-9.864199885411015,-1.397541722643494,0.01639344262295082,1.0,-4.1938564751141385,0.32786885245901637,0.6885245901639344,-12.861914577915012,-6.941791220965393,12.75,13.169444444444444,1828.0988435656247,2037.9194504557909
1,234,base,mey,naive,queue,988.8637687200508,1003.3624345576275,8.153577809188429,990.192831322221,1025.3185623167553,-1.4450078394622206,-1.778196783899931,0.01639344262295082,1.0,-0.122095118872949,0.47540983606557374,0.5409836065573771,-2.9721186239800024,0.10148446771846427,58.0,58.62638888888889,408.86376872005076,417.09854566873855
1,234,base,trust,naive,queue,957.1741829339999,966.0606247746141,7.510272946211346,946.8070264982471,987.5672730230363,-0.9198637862595288,-1.183238199764378,0.11475409836065574,0.9016393442622951,1.0922177693303032,0.9344262295081968,0.08196721311475409,-1.425431417269199,-0.4192384132005932,55.25,55.75833333333333,404.6741829339999,408.4772914412807
1,235,base,thr,seasonal60,queue,1934.7530289522922,2238.3474502285467,224.39129427706393,1910.3784449623051,3105.279946793746,-13.56332866219031,-1.352968805025901,0.06557377049180328,0.9508196721311475,-9.775530539254362,0.13114754098360656,0.8852459016393442,-14.306198851570032,-12.832274179133124,7.75,7.5875,1857.2530289522922,2162.4724502285467
1,235,base,mey,seasonal60,queue,1094.729123431588,1100.9303262739747,14.75053877481041,1067.6172686095642,1136.065149830232,-0.5632693272583607,-0.4204051755029129,0.36065573770491804,0.6557377049180327,0.5950210109861881,0.6885245901639344,0.32786885245901637,-1.3282043918502762,0.2114685619748187,63.166666666666664,63.141666666666666,463.0624567649214,469.5136596073081
1,235,base,trust,seasonal60,queue,1001.9989028477838,992.7134512493467,11.2154900040085,970.2644509790183,1021.8038664321789,0.9353607112657975,0.8279131446881451,0.819672131147541,0.19672131147540983,-0.5672154558648915,0.2786885245901639,0.7377049180327869,0.05281331683365117,1.8732763102352703,55.0,54.40694444444444,451.9989028477838,448.64400680490223
1,236,base,thr,ma10,timer,2916.5535900155714,2363.401474701715,279.0689675101257,1910.2735140069753,3026.391837699624,23.404915382972327,1.9821340948408606,0.9508196721311475,0.06557377049180328,13.404621225814465,0.8524590163934426,0.16393442622950818,31.491627646148544,15.770793949133362,6.0,6.0055555555555555,2856.5535900155714,2303.3459191461593
1,236,base,mey,ma10,timer,1122.7573515335005,1104.855548215076,14.949221858427727,1073.4446528851224,1149.4497664503467,1.620284511160339,1.197507367805386,0.8688524590163934,0.14754098360655737,2.4007373588046055,0.9344262295081968,0.08196721311475409,0.6036495514009751,2.6587910359024796,61.833333333333336,62.05138888888889,504.4240182001671,484.341659326187
1,236,base,trust,ma10,timer,997.7405409771255,983.7045801785324,10.533121327273397,956.9005881030874,1004.8455638160159,1.4268471532424643,1.332554744456406,0.8852459016393442,0.13114754098360656,-1.0841398238347115,0.16393442622950818,0.8524590163934426,1.7109266809590824,1.1417467625132396,53.416666666666664,53.58888888888889,463.5738743104589,447.8156912896435
1,237,base,thr,naive,http,1639.914648893082,1648.3445264293155,2.0390112133078735,1639.914648893082,1657.4824368985428,-0.5114147801670182,-4.134296800927265,0.03278688524590164,1.0,1.4528043587872106,1.0,0.01639344262295082,-0.5111120065727338,-0.5117290593323183,7.0,7.819444444444445,1569.914648893082,1570.1500819848711
1,237,base,mey,naive,http,934.4628422231226,940.9239201732712,1.758588502476004,932.8325448538798,943.4253210283928,-0.6866737906884952,-3.6740135290613583,0.03278688524590164,0.9836065573770492,0.06688335090787709,0.5573770491803278,0.45901639344262296,-0.7361263499214943,-0.6393007598960924,52.833333333333336,53.477777777777774,406.12950888978924,406.1461423954935
1,237,base,trust,naive,http,919.3502498119027,926.8586805689083,1.7291786786835297,918.5897781088482,930.9307758725275,-0.8100944528454885,-4.342194852137538,0.03278688524590164,0.9836065573770492,0.11274845620514011,0.8688524590163934,0.14754098360655737,-0.7007297843419588,-0.9206382995693619,50.583333333333336,51.290277777777774,413.5169164785693,413.9559027911306
1,238,base,thr,seasonal60,timer,2325.525886172089,2282.5573693612064,176.74640659919783,2010.5768609469324,2762.684971322822,1.8824725891953271,0.243108290785911,0.6557377049180327,0.36065573770491804,-8.073564826989475,0.19672131147540983,0.819672131147541,2.530176959785322,1.216739698408571,6.0,6.001388888888889,2265.525886172089,2222.5434804723177
1,238,base,mey,seasonal60,timer,1043.034821552583,1054.4927325255112,14.84977637098962,1021.6420854826482,1092.7057904632095,-1.086580364142147,-0.7715881159875404,0.26229508196721313,0.7540983606557377,-1.76098018175784,0.14754098360655737,0.8688524590163934,-1.812218012702417,-0.35441560290797824,55.666666666666664,54.3625,486.3681548859164,510.8677325255112
1,238,base,trust,seasonal60,timer,942.8648322201415,951.6011409392158,8.857047156875979,931.2904295469967,969.4012965142579,-0.9180641282598473,-0.9863680936024064,0.18032786885245902,0.8360655737704918,-2.056948431510093,0.03278688524590164,0.9836065573770492,-0.7094431881161779,-1.1217770757807344,53.5,52.37083333333333,407.86483222014147,427.8928076058826
1,239,base,thr,ma10,timer,2054.6510920047017,2038.217583983803,11.807681264947956,2012.5744062605238,2072.713590728655,0.8062685824139795,1.3917641958783942,0.9016393442622951,0.11475409836065574,-0.4617323671190587,0.21311475409836064,0.8032786885245902,0.931685500155451,0.6867034263541334,6.0,6.0,1994.6510920047017,1978.217583983803
1,239,base,mey,ma10,timer,1068.8440884364402,1076.2119289286843,6.215684284646533,1060.7079081145885,1088.9010328989425,-0.6846086996618254,-1.1853627299641876,0.08196721311475409,0.9344262295081968,-0.4549184609156259,0.2459016393442623,0.7704918032786885,-2.126018972753787,0.7724520706575804,49.25,49.675,576.3440884364402,579.4619289286843
1,239,base,trust,ma10,timer,953.7767282272281,958.5926572619497,3.9741616587558237,949.7418304876445,968.4689288259683,-0.5023957776264943,-1.211810049073181,0.13114754098360656,0.8852459016393442,0.11362572252102304,0.6229508196721312,0.39344262295081966,-0.3668223005516964,-0.6358802037071836,47.833333333333336,47.797222222222224,475.4433948938947,480.6204350397275
1,240,base,thr,naive,queue,1736.1540343440195,2434.153495908343,326.22146650120476,1816.5532595841148,3339.725240634994,-28.67524429899824,-2.139649082724437,0.01639344262295082,1.0,-12.663480014245515,0.16393442622950818,0.8524590163934426,-29.208935071723268,-28.10335064147993,7.75,8.7375,1658.6540343440195,2346.778495908343
1,240,base,mey,naive,queue,1041.8982370288136,1082.6183001354996,12.841287683759743,1057.7043193130953,1120.2262670581677,-3.7612576012791856,-3.1710264663086916,0.01639344262295082,1.0,-0.8822725975491111,0.21311475409836064,0.8032786885245902,-3.699680440922074,-3.822561900201867,63.0,65.56527777777778,411.8982370288136,426.96552235772174
1,240,base,trust,naive,queue,1003.782541782764,1038.474525746791,12.432288013584179,1010.9869091107976,1085.1569336444647,-3.340667787597304,-2.790474603397268,0.01639344262295082,1.0,-0.271487870341923,0.3770491803278688,0.639344262295082,-2.524983370981975,-4.164479416462312,57.916666666666664,59.8125,424.6158751160974,440.34952574679096
1,241,base,thr,seasonal60,http,1965.2172052319765,1987.7486922497117,152.8022870568748,1770.2014877195659,2663.3338274774546,-1.1335178891368924,-0.1474551687132054,0.5081967213114754,0.5081967213114754,-9.497752405142384,0.08196721311475409,0.9344262295081968,7.064075704482952,-9.240270228675259,5.916666666666667,5.9222222222222225,1906.0505385653098,1928.5264700274895
1,241,base,mey,seasonal60,http,1007.399369585822,1033.76649900984,11.858338774791086,1007.6847185956698,1065.1998001953316,-2.550588498396185,-2.2235095425060845,0.01639344262295082,1.0,-0.38239639569256967,0.4098360655737705,0.6065573770491803,-1.0687232739566082,-4.0002773711121495,54.25,54.91388888888889,464.899369585822,484.627610120951
1,241,base,trust,seasonal60,http,908.5552980610923,915.4990808323648,10.487436817416695,894.9538594126287,943.2689841444038,-0.7584696606095166,-0.662104849083887,0.2459016393442623,0.7704918032786885,-0.4508854628876874,0.3442622950819672,0.6721311475409836,-0.2436887778951623,-1.26951849261083,50.0,48.85,408.55529806109234,426.9990808323648
1,242,base,thr,ma10,timer,2719.151191088953,2272.5982718284295,178.8007580340962,1968.3784404555179,2680.3645401799154,19.649443757661903,2.4974889601719066,1.0,0.01639344262295082,4.959149947778902,0.6885245901639344,0.32786885245901637,18.030185983205453,21.285184836175787,6.0,6.004166666666666,2659.151191088953,2212.556605161763
1,242,base,mey,ma10,timer,1148.9509336990805,1112.224765290333,12.541784987694276,1083.2827904146181,1142.714748763109,3.302045553639565,2.9283047385027277,1.0,0.01639344262295082,1.9356032498625801,0.9836065573770492,0.03278688524590164,4.154154679383188,2.457095213909535,61.416666666666664,60.36666666666667,534.7842670324138,508.5580986236663
1,242,base,trust,ma10,timer,976.7745787389576,968.5388109077368,9.317962687207503,948.1891667462097,990.2722708437974,0.8503291492781914,0.883859284232554,0.7868852459016393,0.22950819672131148,2.5344938175103677,1.0,0.01639344262295082,-0.8483704209225492,2.5122693629228445,51.5,52.53888888888889,461.77457873895764,443.14992201884786
1,243,base,thr,naive,storage,1695.2122476651195,2490.25401720353,349.07223874278276,2059.0041785919016,3653.6280001126142,-31.926131392459926,-2.2775852138853265,0.01639344262295082,1.0,0.5697138357043491,0.6885245901639344,0.32786885245901637,-28.478873590430858,-35.371483379340376,6.75,7.3597222222222225,1627.7122476651195,2416.656794981308
1,243,base,mey,naive,storage,1072.4060549731864,1116.3583778906977,11.752821012935856,1076.229448647394,1142.3878363727615,-3.937115874971708,-3.7397253705416564,0.01639344262295082,1.0,-0.10288799404381953,0.4426229508196721,0.5737704918032787,-2.3307639147273185,-5.611418530859033,64.25,66.02916666666667,429.90605497318643,456.066711224031
1,243,base,trust,naive,storage,1044.4159999855667,1066.5846002713258,10.012973077266047,1049.310137315542,1088.594498479815,-2.0784661882535804,-2.2139878050897597,0.01639344262295082,1.0,1.0765100791159614,0.8360655737704918,0.18032786885245902,-2.7637359115668603,-1.399391976934004,61.75,62.227777777777774,426.9159999855667,444.3068224935481
1,244,base,thr,seasonal60,queue,2481.106311512836,2429.347837507805,295.5489056222629,1922.1169025300198,3400.05323655181,2.130550150369926,0.17512659671689967,0.7049180327868853,0.3114754098360656,-2.355724420682825,0.5081967213114754,0.5081967213114754,6.550853027677517,-1.9992329967113425,7.166666666666667,7.598611111111111,2409.4396448461694,2353.3617263966935
1,244,base,mey,seasonal60,queue,1102.0379412370946,1100.6254720327595,11.633857467146482,1075.7452980692665,1131.8867461406733,0.12833331957386296,0.12141022084238969,0.5409836065573771,0.47540983606557374,0.22094580376997333,0.5901639344262295,0.4262295081967213,1.1761224879928271,-0.9385070765711988,65.41666666666667,64.63055555555556,447.8712745704279,454.31991647720383
1,244,base,trust,seasonal60,queue,996.5259665465304,997.3510840801293,9.474852395018768,976.6705568088324,1031.3814484709008,-0.0827309005594499,-0.08708500134869837,0.4262295081967213,0.5901639344262295,1.2155299834781659,0.9180327868852459,0.09836065573770492,0.27082407335295045,-0.44651750853086797,58.583333333333336,57.71666666666667,410.69263321319704,420.1844174134626
1,245,base,thr,ma10,http,1960.5328390819643,2565.1549803973962,352.84754637125394,1963.299954158588,3564.2965004775992,-23.570589143185543,-1.7135506468260076,0.01639344262295082,1.0,-3.5499444173661026,0.4262295081967213,0.5901639344262295,-22.919354872987363,-24.188141033502827,8.416666666666666,8.940277777777778,1876.3661724152976,2475.7522026196184
1,245,base,mey,ma10,http,1070.72964001225,1085.9046532578197,12.529501283247203,1055.4844765490182,1113.8003664121336,-1.397453560958895,-1.211142638682656,0.13114754098360656,0.8852459016393442,0.9382043111314446,0.7868852459016393,0.22950819672131148,-1.3281842249686555,-1.4665449887222821,64.5,66.10833333333333,425.72964001225,424.8213199244864
1,245,base,trust,ma10,http,1027.595771709406,1042.4192918721574,11.099935273956094,1018.4719193954105,1067.0149103969138,-1.4220304898740521,-1.3354600542159791,0.09836065573770492,0.9180327868852459,0.22126410311642483,0.5737704918032787,0.4426229508196721,-0.8538658425056967,-1.980537184651225,59.666666666666664,61.85,430.9291050427395,423.9192918721574
1,247,base,thr,seasonal60,event,1869.9782817713206,2210.2372044319445,206.23982541372243,1838.8000332438041,2921.0729011233907,-15.394678995464393,-1.6498216189722608,0.03278688524590164,0.9836065573770492,11.201627336219671,0.9180327868852459,0.09836065573770492,-19.895440012760798,-10.355826039643004,6.583333333333333,6.694444444444445,1804.1449484379873,2143.2927599875
1,247,base,mey,seasonal60,event,1038.936132890535,1078.8056769375276,15.753528815952443,1046.3931431359981,1114.709020718489,-3.6957113685360583,-2.5308325844187762,0.01639344262295082,1.0,-0.6625359018463418,0.39344262295081966,0.6229508196721312,-4.511438392233416,-2.8998269651004964,58.333333333333336,57.8375,455.6027995572016,500.43067693752755
1,247,base,trust,seasonal60,event,939.9663778886755,957.2138421574516,9.522489180115175,928.5152807843377,977.7971244408596,-1.8018402481416524,-1.8112348507354736,0.06557377049180328,0.9508196721311475,0.5737822258898175,0.7049180327868853,0.3114754098360656,-2.9357524156717227,-0.7140367795518067,53.583333333333336,52.94444444444444,404.13304455534217,427.76939771300715
1,246,base,thr,naive,http,1826.7228349741745,1797.3712537209788,33.73105894209522,1732.410668788373,1865.301836339815,1.633028301327902,0.8701648324644188,0.7049180327868853,0.3114754098360656,1.6630996464377723,0.7049180327868853,0.3114754098360656,-1.6050231097520755,5.141072784379724,9.583333333333334,9.854166666666666,1730.8895016408412,1698.829587054312
1,246,base,mey,naive,http,969.4605497168208,973.87079622944,14.929117573517367,960.1426979133212,1075.0711636695257,-0.4528574560089975,-0.29541240404205193,0.32786885245901637,0.6885245901639344,-0.35003327185772265,0.4098360655737705,0.6065573770491803,-1.1503845436891402,0.23186679053303302,53.25,53.61805555555556,436.96054971682076,437.69024067388443
1,246,base,trust,naive,http,967.2286908162952,963.1646225719785,7.546522162065997,953.1361979520451,1008.0747330502335,0.4219494932719001,0.5385352559812877,0.8524590163934426,0.16393442622950818,-0.9123770199212963,0.03278688524590164,0.9836065573770492,-0.08258187310967455,0.9218064855394371,54.166666666666664,53.84583333333333,425.56202414962854,424.70628923864524
1,248,base,thr,ma10,http,2148.8386451617857,2218.383715850398,269.7142094272098,1769.8105731166288,3158.400941461272,-3.134943255835825,-0.25784726298367666,0.47540983606557374,0.5409836065573771,-13.419682422737198,0.13114754098360656,0.8852459016393442,-3.5471484171768712,-2.746010178839554,8.25,8.193055555555556,2066.3386451617857,2136.4531602948423
1,248,base,mey,ma10,http,1076.8175424519795,1076.223544523553,11.895704098410228,1049.3099095475147,1108.1390509001906,0.05519280185320842,0.049933818419865064,0.5573770491803278,0.45901639344262296,0.04654245936321099,0.5573770491803278,0.45901639344262296,0.14911473844575876,-0.03614456675445435,61.083333333333336,62.020833333333336,465.98420911864616,456.0152111902197
1,248,base,trust,ma10,http,980.771369769819,965.7122425595758,9.783403229190696,944.3895370622063,987.1403172253758,1.559380377153519,1.539252431639674,0.9344262295081968,0.08196721311475409,1.3421180605847505,0.9180327868852459,0.09836065573770492,1.2970143562486356,1.8059214763733442,55.333333333333336,54.03472222222222,427.4380364364856,425.3650203373536
1,249,base,thr,naive,queue,2594.742070633661,2469.4349690185345,285.14694275547527,2003.165526870791,3375.361766615429,5.074322798017611,0.4394474666438293,0.7540983606557377,0.26229508196721313,2.2394521301992745,0.6557377049180327,0.36065573770491804,11.610009552089602,-0.7511486176234609,8.083333333333334,8.491666666666667,2513.9087373003276,2384.518302351868
1,249,base,mey,naive,queue,1122.9881832271114,1109.7393523372075,11.17264998254197,1084.2017955861434,1145.6357412309842,1.1938687099813814,1.1858270786792893,0.9016393442622951,0.11475409836065574,0.5133553639064179,0.7213114754098361,0.29508196721311475,2.594957830066958,-0.1945656534109632,65.75,67.98472222222222,465.48818322711145,429.8921301149853
1,249,base,trust,naive,queue,1065.7379638336872,1045.8597568456735,10.331867323442234,1024.844923683583,1066.0381286129498,1.9006570295779115,1.9239704078382405,0.9836065573770492,0.03278688524590164,1.066581647241317,0.8852459016393442,0.13114754098360656,2.76896473471215,1.0355116762167782,62.833333333333336,63.048611111111114,437.40463050035385,415.3736457345624
1,250,base,thr,seasonal60,queue,1708.4628281410123,1787.7883014709805,106.34141888315331,1659.300314887287,2105.390083453414,-4.437073073176489,-0.7459508643300131,0.2786885245901639,0.7377049180327869,2.2951586488239575,0.7213114754098361,0.29508196721311475,-4.67721274963768,-4.169395541137109,13.333333333333334,12.808333333333334,1575.129494807679,1659.7049681376473
1,250,base,mey,seasonal60,queue,1025.3829787072284,1004.9274765315732,5.393111917118836,993.8273680401107,1020.0663722573353,2.0355202393565452,3.7928940637640465,1.0,0.01639344262295082,0.3038626482558635,0.7704918032786885,0.2459016393442623,1.7954268425684095,2.2810770729024936,60.916666666666664,60.93888888888889,416.2163120405618,395.5385876426843
1,250,base,trust,seasonal60,queue,970.3661129283267,956.1826466255122,6.858545261649294,942.7003376547109,971.8382329394188,1.4833427852795416,2.0679992274927077,0.9672131147540983,0.04918032786885246,0.41431715303236505,0.7213114754098361,0.29508196721311475,1.8603142281760874,1.110280961422049,55.666666666666664,55.62361111111111,413.6994462616601,399.94653551440115
1,251,base,thr,ma10,http,3046.903312723769,2071.3839831251485,161.94601465877685,1863.5401289644299,2608.324980131673,47.095050340537554,6.023731622257314,1.0,0.01639344262295082,-10.478029771639005,0.01639344262295082,1.0,52.141085756919274,42.114025596299456,6.75,6.022222222222222,2979.403312723769,2011.1617609029263
1,251,base,mey,ma10,http,1126.50764646956,1068.118324814465,12.477263069625968,1036.1053667153785,1102.6892493962437,5.466559303271707,4.679657816723855,1.0,0.01639344262295082,-0.35551304894701324,0.39344262295081966,0.6229508196721312,5.471469707017275,5.461679004549811,57.25,56.00555555555555,554.0076464695601,508.0627692589095
1,251,base,trust,ma10,http,979.4908809264589,961.631003873437,9.413520061143627,943.1501776295559,985.8583527002926,1.857248464440371,1.8972580859249986,0.9672131147540983,0.04918032786885246,-1.1566903171173153,0.14754098360655737,0.8688524590163934,0.14152384668539772,3.531739874247593,51.083333333333336,51.53055555555556,468.6575475931255,446.3254483178814
1,253,base,thr,seasonal60,queue,2184.4095755725475,2327.5118489698802,270.6782942842646,1833.1569093599016,3297.6783131617462,-6.148294087553949,-0.5286802688620745,0.32786885245901637,0.6885245901639344,-8.64922951700982,0.21311475409836064,0.8032786885245902,-1.064146147249508,-11.097524293512413,6.166666666666667,6.975,2122.742908905881,2257.7618489698802
1,253,base,mey,seasonal60,queue,1099.4635187052615,1124.5623580558981,17.246605207830594,1083.9992323847737,1173.4766019159827,-2.231876175726398,-1.4552915804694586,0.06557377049180328,0.9508196721311475,-0.6318895334728581,0.4098360655737705,0.6065573770491803,-4.079894550927741,-0.37998468783805917,61.083333333333336,64.28333333333333,488.6301853719282,481.7290247225649
1,253,base,trust,seasonal60,queue,953.9075731903748,974.7820714506371,10.446186766669907,955.5343900856097,998.3710891651081,-2.141452830497545,-1.9982888231393128,0.01639344262295082,1.0,-0.3648001279623151,0.3442622950819672,0.6721311475409836,-2.5158152944374166,-1.7665528908992223,51.75,54.105555555555554,436.4075731903748,433.72651589508155
1,252,base,thr,naive,timer,1739.5431540133784,1763.25236840267,10.0758580916685,1724.5376462715656,1778.0600241334557,-1.3446296635784387,-2.353071487667764,0.06557377049180328,0.9508196721311475,-0.2576232310262116,0.13114754098360656,0.8852459016393442,-1.1958460433293554,-1.5137614900369818,9.333333333333334,11.890277777777778,1646.2098206800451,1644.3495906248922
1,252,base,mey,naive,timer,956.8183125477766,985.8024559537876,4.485937355363968,977.0486668119241,998.7743542615226,-2.940157354139284,-6.461111939370655,0.01639344262295082,1.0,-1.1323029208633035,0.01639344262295082,1.0,-2.762182281971698,-3.1206603196433833,54.75,57.519444444444446,409.3183125477766,410.6080115093431
1,252,base,trust,naive,timer,945.9428905411281,965.370461417379,4.860066472717413,951.8016676310917,977.4672112437106,-2.01244720578325,-3.9973878928014654,0.01639344262295082,1.0,-1.859452696818866,0.01639344262295082,1.0,-2.546542038023301,-1.4637520105728985,54.5,56.12777777777778,400.9428905411281,404.0926836396012
1,256,base,thr,seasonal60,storage,2026.4626226860012,2237.5074854700797,182.11611601971148,1897.5536797379227,2864.8753519342667,-9.432141083529826,-1.1588478131239957,0.06557377049180328,0.9508196721311475,-4.4723405731568135,0.32786885245901637,0.6885245901639344,-5.282915681441112,-13.666749781046523,6.166666666666667,6.3,1964.7959560193344,2174.5074854700797
1,256,base,mey,seasonal60,storage,1057.0086600601069,1098.130937327735,12.820704533980383,1063.5017491081765,1126.3345998773843,-3.7447517294884496,-3.207489663195681,0.01639344262295082,1.0,-0.518269932020983,0.3442622950819672,0.6721311475409836,-4.018294800315419,-3.4776360250126266,56.5,57.84305555555556,492.0086600601069,519.7003817721794
1,256,base,trust,seasonal60,storage,975.8085484589786,970.7612999650216,10.926671622096423,950.8758720431397,994.7628412044672,0.5199268341392329,0.46192003095894446,0.6721311475409836,0.3442622950819672,0.031243337253439873,0.47540983606557374,0.5409836065573771,0.4597699488441436,0.5815995483020899,52.75,52.079166666666666,448.30854845897863,449.969633298355
1,254,base,thr,ma10,storage,1711.0660083491282,2233.8916494988976,260.03901926521587,1827.8696294644535,3270.6231426669206,-23.404252451861247,-2.010566116681648,0.01639344262295082,1.0,-12.859561475477246,0.09836065573770492,0.9180327868852459,-18.498860268704938,-28.70326760891438,6.5,6.8180555555555555,1646.0660083491282,2165.711093943342
1,254,base,mey,ma10,storage,1071.6148323999407,1107.5352542512007,12.134144362801727,1075.4157784421263,1137.0055103150787,-3.243275707331379,-2.9602764543808453,0.01639344262295082,1.0,1.2553916617437568,0.8852459016393442,0.13114754098360656,-2.6302140521194426,-3.8664886119468074,62.5,62.854166666666664,446.6148323999407,478.9935875845341
1,254,base,trust,ma10,storage,957.17616304759,983.4244749611387,9.259011804294806,960.0461111351955,1008.4089117252412,-2.6690724688935523,-2.8348934495767035,0.01639344262295082,1.0,-0.7928217698130128,0.22950819672131148,0.7868852459016393,-2.346570042339422,-3.002623186649904,52.666666666666664,54.15833333333333,430.50949638092334,441.8411416278054
1,255,base,thr,naive,timer,1657.5031694431125,1667.755177671386,6.7585185142405,1655.0031694431125,1690.4055373690392,-0.6147190166477544,-1.516901700671843,0.04918032786885246,0.9672131147540983,-0.06507799083091159,0.5081967213114754,0.5737704918032787,-0.5548374219470582,-0.6760597685908685,9.833333333333334,10.729166666666666,1559.1698361097792,1560.4635110047193
1,255,base,mey,naive,timer,945.1253761525049,951.3398907027565,4.1729280295470055,937.5478423283467,959.5121185695949,-0.6532380919779266,-1.4892455624081777,0.06557377049180328,0.9508196721311475,0.029258720902120283,0.5409836065573771,0.47540983606557374,-0.4786780268309157,-0.8345369421740458,51.583333333333336,52.19166666666667,429.29204281917157,429.4232240360898
1,255,base,trust,naive,timer,969.5380972826352,976.6732824169922,3.808832687530457,965.4735084049008,984.0167023165699,-0.7305600821494085,-1.873325955670466,0.06557377049180328,0.9508196721311475,0.043173828732993844,0.5901639344262295,0.4262295081967213,-0.6896498016469925,-0.7730686685926933,54.166666666666664,54.86944444444445,427.8714306159686,427.9788379725477
1,257,base,thr,ma10,timer,1697.7258939685396,1733.625964549579,5.791344490537274,1715.875480248179,1748.2999597376265,-2.0708083124704944,-6.198918168259224,0.01639344262295082,1.0,-0.003849575921848504,0.6065573770491803,0.47540983606557374,-2.059012612789173,-2.0831249272561068,8.166666666666666,11.659722222222221,1616.0592273018729,1617.028742327357
1,257,base,mey,ma10,timer,923.2183725829476,956.6247382727773,3.7197088333230215,949.221820237823,966.4032096236742,-3.4921076523848007,-8.980908771826092,0.01639344262295082,1.0,-0.03450293921256803,0.5081967213114754,0.5081967213114754,-3.3847984872859462,-3.602039126437337,51.333333333333336,54.575,409.88503924961424,410.87473827277734
1,257,base,trust,ma10,timer,937.8879705033488,953.913543570536,3.890290956739758,941.2418274212722,960.8125902509199,-1.67998171062787,-4.119376479906631,0.01639344262295082,1.0,-0.20680484337164287,0.2786885245901639,0.7377049180327869,-2.0535764924072764,-1.2873284428304932,50.666666666666664,52.19305555555555,431.2213038366822,431.9829880149805
1,258,base,thr,naive,http,1960.318086293303,1986.797604065737,172.3713753064509,1708.1789016210025,2557.6968297052026,-1.3327737922698812,-0.15361899692079029,0.45901639344262296,0.5573770491803278,20.017101310803643,0.9836065573770492,0.03278688524590164,-7.970706060975664,5.521303594601023,6.166666666666667,6.026388888888889,1898.6514196266362,1926.533715176848
1,258,base,mey,naive,http,1077.524321132,1094.6715398351355,16.417380384651793,1059.090500484557,1144.298855892355,-1.5664259167382668,-1.044455223755791,0.16393442622950818,0.8524590163934426,-0.38186095566518696,0.47540983606557374,0.5409836065573771,-3.124917287146425,-0.05083814297565129,54.833333333333336,56.041666666666664,529.1909877986667,534.2548731684689
1,258,base,trust,naive,http,984.1301103689669,986.5237077180662,10.202149582818942,963.5303380980655,1012.9423350621065,-0.242629480708168,-0.23461696279480912,0.4426229508196721,0.5737704918032787,0.8253583176357342,0.7868852459016393,0.22950819672131148,-0.3086535260983064,-0.17529335425770246,52.666666666666664,52.638888888888886,457.4634437023003,460.13481882917733
1,260,base,thr,ma10,timer,2522.204901398866,2311.918079612386,241.2943751501163,1967.380038307286,2766.3613473279165,9.095773057051238,0.8714949184192718,0.7049180327868853,0.3114754098360656,4.782471392493203,0.6229508196721312,0.39344262295081966,8.539850729087975,9.59977168002991,6.0,6.0,2462.204901398866,2251.918079612386
1,260,base,mey,ma10,timer,1091.9561458980454,1079.094788755567,14.151287175076595,1051.8202806796373,1115.4886112205475,1.1918653742467284,0.9088471588033382,0.8688524590163934,0.14754098360655737,0.9909238847793321,0.819672131147541,0.19672131147540983,0.7007571613397572,1.6613541223600663,57.083333333333336,57.5,521.122812564712,504.0947887555669
1,260,base,trust,ma10,timer,981.5525745068113,967.2857824917986,9.544602949753545,951.3691387134237,994.4403066773547,1.4749303952613055,1.4947496601082906,0.9180327868852459,0.09836065573770492,0.9182331530014468,0.8852459016393442,0.13114754098360656,2.5320852704516197,0.40437472263850854,52.25,50.43194444444445,459.0525745068113,462.96633804735416
1,261,base,thr,naive,queue,1703.1853093576217,1852.3041275647765,127.16954853028766,1690.5139595723633,2177.2329092783443,-8.050450030751769,-1.1725984713363953,0.08196721311475409,0.9344262295081968,-4.336485425055748,0.32786885245901637,0.6885245901639344,-8.141209901149224,-7.964367134919629,14.0,14.169444444444444,1563.1853093576217,1710.6096831203322
1,261,base,mey,naive,queue,1027.3660574299251,1029.6100540626478,8.131443437352296,1013.2002464233075,1066.6896975368259,-0.21794626265237665,-0.2759653498190391,0.4262295081967213,0.5901639344262295,0.6806360714607366,0.9016393442622951,0.11475409836065574,0.6568401658647317,-1.0744404843001023,58.916666666666664,58.78472222222222,438.1993907632585,441.76283184042563
1,261,base,trust,naive,queue,987.9017615400157,997.021940122932,7.211335052916838,982.0492481379812,1016.5631008298675,-0.9147420147837267,-1.2647004356325648,0.04918032786885246,0.9672131147540983,-0.5638291627263768,0.2459016393442623,0.7704918032786885,-0.9661945196603342,-0.8652484149113889,57.416666666666664,57.75277777777778,413.7350948733491,419.4941623451542
1,262,base,thr,seasonal60,http,1684.3412138362792,1919.0588857867986,74.93038483907793,1767.7409863438243,2120.1773503866657,-12.230873877238377,-3.132476530777254,0.01639344262295082,1.0,5.225331381840983,0.9016393442622951,0.11475409836065574,-14.599743265120605,-9.681661356000028,9.333333333333334,10.652777777777779,1591.007880502946,1812.5311080090207
1,262,base,mey,seasonal60,http,925.642820780005,957.8510771329851,10.000568693100677,946.1085230584285,1004.500738903755,-3.362553649716096,-3.2206424795822244,0.01639344262295082,1.0,-0.16037526809706207,0.4918032786885246,0.5245901639344263,-3.3402930787328033,-3.384814751338872,52.583333333333336,55.30277777777778,399.8094874466716,404.82329935520727
1,262,base,trust,seasonal60,http,947.1913064689987,976.1935158595657,9.664594288098279,957.2400562145286,1004.8001852339911,-2.970948784169055,-3.000871896535011,0.01639344262295082,1.0,0.01649468264150903,0.5573770491803278,0.45901639344262296,-2.7307609325205395,-3.21217477024631,54.916666666666664,56.24444444444445,398.0246398023321,413.7490714151212
1,263,base,thr,ma10,http,2095.7827572107617,2204.3785350050225,218.67693060768693,1923.2576045068283,3104.3198586056387,-4.926367049478341,-0.49660372263540203,0.32786885245901637,0.6885245901639344,5.2913728427688405,0.8524590163934426,0.16393442622950818,0.7070531002009944,-9.861462988558918,5.916666666666667,5.941666666666666,2036.616090544095,2144.961868338356
1,263,base,mey,ma10,http,1091.9474204187077,1093.7051625565941,12.023621172287163,1069.8957244862233,1134.1951444568674,-0.16071444097215715,-0.14619074509248622,0.5081967213114754,0.5081967213114754,1.1681510131614763,0.8524590163934426,0.16393442622950818,0.6835355772257689,-1.0368515372372216,53.75,54.11944444444445,554.4474204187077,552.5107181121497
1,263,base,trust,ma10,http,965.4211290162956,965.1271603320054,8.726113462446612,948.028206131398,994.8673397373645,0.030459062429567207,0.033688386651783496,0.5409836065573771,0.47540983606557374,-0.42871013102210637,0.36065573770491804,0.6557377049180327,-0.6683935518659356,0.7518937869409705,51.416666666666664,51.06805555555555,451.25446234962897,454.4466047764498
1,265,base,thr,seasonal60,http,1829.833873198706,2274.89036339785,339.0073096613532,1874.2693948069102,3292.319239678742,-19.56386546621935,-1.312822695899174,0.01639344262295082,1.0,-14.011372728309901,0.09836065573770492,0.9180327868852459,-13.9994032657443,-25.409137099896192,6.166666666666667,6.208333333333333,1768.1672065320392,2212.8070300645163
1,265,base,mey,seasonal60,http,1067.4313312940278,1091.9613451123435,14.453478236798142,1061.4409434877896,1120.993804052908,-2.246417781005969,-1.6971702877624932,0.04918032786885246,0.9672131147540983,-0.7961793142659156,0.36065573770491804,0.6557377049180327,-1.3746230537872102,-3.1162228090457735,58.416666666666664,59.540277777777774,483.2646646273612,496.55856733456574
1,265,base,trust,seasonal60,http,988.1737374384755,981.9665111989921,10.211753190248189,959.0877063980812,1014.4629018002888,0.6321219887534029,0.6078511812654388,0.7868852459016393,0.22950819672131148,-1.067532580748436,0.18032786885245902,0.8360655737704918,2.09934055022952,-0.8711601368889826,53.333333333333336,53.30972222222222,454.84040410514217,448.8692889767699
1,264,base,thr,naive,storage,2397.8694432175457,2489.3875933994277,175.05393350589202,2077.1458460640156,3027.1181396600473,-3.676331898838933,-0.522799735767158,0.36065573770491804,0.6557377049180327,-5.622053425158587,0.26229508196721313,0.7540983606557377,-7.093671329872838,-0.2097365059827418,6.666666666666667,6.5152777777777775,2331.202776550879,2424.23481562165
1,264,base,mey,naive,storage,1130.752859582381,1127.8476862212565,12.357384682960141,1092.53601247893,1155.2451392147652,0.2575856116580799,0.23509613366091373,0.6229508196721312,0.39344262295081966,-0.1585007519361202,0.4426229508196721,0.5737704918032787,0.89675847026595,-0.3872483890251128,62.833333333333336,63.9875,502.41952624904764,487.9726862212565
1,264,base,trust,naive,storage,1002.7598513298268,1012.1482730366962,9.864612475143707,987.5514410421565,1033.1266500139807,-0.9275737514921403,-0.9517273720103865,0.18032786885245902,0.8360655737704918,-1.7069427354800606,0.04918032786885246,0.9672131147540983,-1.5234009320768807,-0.3591317175761815,54.583333333333336,55.265277777777776,456.92651799649343,459.4954952589185
1,266,base,thr,ma10,queue,2088.649030031402,2399.0244825837012,181.86617710949363,2042.7825096393653,2842.0744241985044,-12.937569199711998,-1.7066144870106092,0.04918032786885246,0.9672131147540983,8.780545911338548,0.819672131147541,0.19672131147540983,-17.3030085030094,-7.714091632657414,9.916666666666666,9.89861111111111,1989.4823633647354,2300.03837147259
1,266,base,mey,ma10,queue,1134.6923830025219,1104.1427969754511,13.434151337109455,1074.275068678426,1130.7580719999285,2.766814773483503,2.27402425806258,1.0,0.01639344262295082,0.34267214987548317,0.5901639344262295,0.4262295081967213,3.0080276760836853,2.525864868564946,65.25,64.96527777777777,482.19238300252186,454.4900191976734
1,266,base,trust,ma10,queue,1041.0356270757852,1040.0834490801024,10.601710883644941,1019.22667747446,1062.8450115615535,0.0915482307236991,0.08981361651276178,0.5409836065573771,0.47540983606557374,0.01844668182786141,0.5245901639344263,0.4918032786885246,0.6750237580698067,-0.49955346269363066,58.333333333333336,60.22361111111111,457.70229374245184,437.84733796899127
1,267,base,thr,naive,http,2073.7154366368527,2150.773725923581,51.16097007764507,2022.905559293651,2256.346539764632,-3.5828171210171376,-1.5061928882462514,0.08196721311475409,0.9344262295081968,1.274666440470493,0.7213114754098361,0.29508196721311475,-8.340908048939756,0.8786843234056413,6.0,6.0,2013.7154366368527,2090.773725923581
1,267,base,mey,naive,http,1045.5151140952194,1059.6350596431532,12.300066183261567,1032.136266530416,1095.0287752082565,-1.332529102301405,-1.147956875805178,0.13114754098360656,0.8852459016393442,0.16802653243230803,0.6229508196721312,0.39344262295081966,-1.9359882422864485,-0.7046540993217904,51.916666666666664,51.9625,526.3484474285527,540.0100596431532
1,267,base,trust,naive,http,957.1666740244245,958.465192011697,6.704661190629486,940.3074145011548,971.5189256105822,-0.135478888340958,-0.1936739158553306,0.4426229508196721,0.5737704918032787,0.004888023803315902,0.47540983606557374,0.5409836065573771,-0.1938188456080901,-0.07651896050366297,49.75,50.016666666666666,459.66667402442454,458.2985253450304
1,268,base,thr,seasonal60,orchestration,1495.7350180117526,2378.3413212490536,320.08933491997504,1939.744716807298,3179.263369016015,-37.11016141172602,-2.757374916780529,0.01639344262295082,1.0,6.070444215567829,0.7540983606557377,0.26229508196721313,-37.202967696369456,-37.00913331416445,6.583333333333333,7.198611111111111,1429.9016846784193,2306.3552101379423
1,268,base,mey,seasonal60,orchestration,1055.9308250240313,1143.0047791849445,10.514640576291825,1121.9333482399722,1167.3989049839859,-7.617986883922221,-8.281210710829775,0.01639344262295082,1.0,-1.0740130371578662,0.14754098360655737,0.8688524590163934,-5.6558164012414505,-9.65310685310351,62.916666666666664,67.3125,426.76415835736464,469.8797791849445
1,268,base,trust,seasonal60,orchestration,935.9985787858335,980.5249063545684,11.524964786398847,956.4461051526991,1008.4211524210233,-4.541070530709571,-3.8634675588148037,0.01639344262295082,1.0,-0.14367962704180606,0.47540983606557374,0.5409836065573771,-4.833579099780283,-4.242151896806234,54.083333333333336,55.331944444444446,395.16524545250013,427.205461910124
1,269,base,thr,ma10,http,1750.0244809608032,2396.7059902310743,361.47163076457156,1935.269531182693,3628.2836230059006,-26.982095922742797,-1.7890242393363875,0.01639344262295082,1.0,1.8843213701669883,0.7540983606557377,0.26229508196721313,-24.769239694897195,-29.25195220630024,7.416666666666667,7.901388888888889,1675.8578142941365,2317.6921013421857
1,269,base,mey,ma10,http,1103.2718655586773,1146.4428271178438,16.903258222823148,1121.0493375529884,1183.5241691334033,-3.7656445256583995,-2.554002369843472,0.01639344262295082,1.0,4.704029861674275,1.0,0.01639344262295082,-2.8216548828020964,-4.6886382350290114,67.5,69.50833333333334,428.2718655586773,451.3594937845104
1,269,base,trust,ma10,http,1025.5590417713322,1038.6806005019039,9.411344126792835,1017.6287492053139,1073.0736232293505,-1.2632910178770231,-1.3942279183285158,0.08196721311475409,0.9344262295081968,1.392597830234427,0.9508196721311475,0.06557377049180328,-3.1210193999680333,0.5481840127765009,60.666666666666664,60.793055555555554,418.8923751046656,430.75004494634834
1,270,base,thr,naive,http,1886.891303630986,2123.5412886315285,161.9365909634487,1705.3230490333092,2463.4041521060376,-11.144119790251247,-1.4613743786539117,0.09836065573770492,0.9180327868852459,-4.208306444995529,0.26229508196721313,0.7540983606557377,-6.879782948431247,-14.638143590412737,11.333333333333334,11.672222222222222,1773.5579702976527,2006.8190664093063
1,270,base,mey,naive,http,990.6698766710361,998.045279971181,6.2959621650320825,986.0098149105887,1009.5952853961461,-0.7389848384792543,-1.1714497493501488,0.19672131147540983,0.819672131147541,-0.20092151766705874,0.3770491803278688,0.639344262295082,-0.9116486957272283,-0.5660430671965515,57.0,57.415277777777774,420.66987667103615,423.8925021934033
1,270,base,trust,naive,http,959.4240402686852,975.301605922757,6.841625426574362,958.6850626161596,989.7011523041175,-1.6279646785826423,-2.32073004061284,0.03278688524590164,0.9836065573770492,-1.0670259407556526,0.08196721311475409,0.9344262295081968,-2.0543612548308166,-1.2001656316040352,53.583333333333336,54.706944444444446,423.5907069353518,428.2321614783125
1,271,base,thr,seasonal60,http,1926.6418965317941,2342.3649279201386,216.44538283131303,1930.6414604737959,2911.390775407342,-17.748004439149383,-1.9206832964061826,0.01639344262295082,1.0,-3.4713824987242496,0.4426229508196721,0.5737704918032787,-7.374493039252544,-28.031516814613397,6.416666666666667,6.8805555555555555,1862.4752298651274,2273.559372364583
1,271,base,mey,seasonal60,http,1069.062110124328,1104.1663095009003,13.047179299264597,1072.170084909698,1132.7597038343001,-3.1792492738199845,-2.69055851624197,0.01639344262295082,1.0,-0.5414055475445126,0.3114754098360656,0.7049180327868853,-3.258752464723194,-3.099748182097595,59.583333333333336,62.959722222222226,473.22877679099463,474.569087278678
1,271,base,trust,seasonal60,http,952.3609950261771,977.6833114510744,10.47798334780062,951.5578027166398,1000.7925201288837,-2.590032593203824,-2.4167166127642834,0.03278688524590164,0.9836065573770492,1.0462932011563184,0.7868852459016393,0.22950819672131148,-1.5522648262174803,-3.607424629031199,52.916666666666664,55.46805555555556,423.19432835951045,423.0027558955188
1,272,base,thr,ma10,queue,1710.4917304813987,1737.2396120730737,88.95423146260075,1649.0153619727455,2118.4209186201133,-1.5396771640359,-0.3006926275668027,0.5081967213114754,0.5081967213114754,-0.32823812469425523,0.6065573770491803,0.4098360655737705,-6.027169804357431,2.953993500690461,12.5,13.6875,1585.4917304813987,1600.3646120730737
1,272,base,mey,ma10,queue,973.5801500013243,985.0465283897641,4.597621947247623,976.2929694871809,995.5519103967923,-1.1640443428782665,-2.4939802619709046,0.01639344262295082,1.0,1.2300633590226178,1.0,0.01639344262295082,-1.048242420932314,-1.2808084938391486,56.083333333333336,57.231944444444444,412.74681666799097,412.7270839453197
1,272,base,trust,ma10,queue,972.7714980225409,969.4000099027432,4.51669700417763,960.3032805484363,982.2222277843393,0.3477912198634977,0.7464499205236097,0.8032786885245902,0.21311475409836064,1.2667388985040262,0.9672131147540983,0.04918032786885246,0.6283430755296897,0.061646409237564585,55.916666666666664,56.38333333333333,413.60483135587424,405.5666765694099
1,273,base,thr,naive,queue,1645.696351635124,1678.887367236048,30.80113900488621,1648.0674865384424,1796.411581730291,-1.9769649976916743,-1.0775905266249606,0.01639344262295082,1.0,6.197640837009494,0.9836065573770492,0.03278688524590164,-2.0991109189296786,-1.842841391533107,11.333333333333334,12.854166666666666,1532.3630183017908,1550.3457005693813
1,273,base,mey,naive,queue,971.6011007761887,987.219688603712,11.37462543602839,978.1032065791724,1070.2896545086694,-1.5820782352521479,-1.373107880814474,0.01639344262295082,1.0,-0.23863564840050078,0.3770491803278688,0.639344262295082,-1.6727695739577195,-1.4918150783253135,57.166666666666664,58.419444444444444,399.93443410952204,403.0252441592676
1,273,base,trust,naive,queue,966.440853175441,978.8577776308405,8.006372721354172,969.2887323684912,1029.001495449899,-1.268511599862088,-1.5508801410508521,0.01639344262295082,1.0,0.2568225180452981,0.8032786885245902,0.21311475409836064,-1.0832188533172258,-1.457794783786676,54.583333333333336,55.46805555555556,420.60751984210765,424.17722207528493
1,274,base,thr,seasonal60,timer,2135.2570015254296,2325.5284664008473,233.51620410536373,1877.464503365092,2890.4566895015046,-8.18185920423908,-0.8148105421821871,0.26229508196721313,0.7540983606557377,4.096633283788534,0.639344262295082,0.3770491803278688,-9.183047121269398,-7.08875849384237,6.416666666666667,6.451388888888889,2071.090334858763,2261.0145775119586
1,274,base,mey,seasonal60,timer,1086.5708892853056,1087.7535147109281,15.8688052034354,1056.4893029171399,1119.091703775026,-0.10872182067247124,-0.07452517126913213,0.47540983606557374,0.5409836065573771,0.8763934356487155,0.6721311475409836,0.3442622950819672,0.037607993333755904,-0.2519092936112671,60.583333333333336,59.99305555555556,480.73755595197224,487.8229591553726
1,274,base,trust,seasonal60,timer,961.3756489757978,959.14851925452,8.452278754457303,934.9022111651935,976.2711360620042,0.2321986299899444,0.2634945895630049,0.5737704918032787,0.4426229508196721,0.4537478429601623,0.6721311475409836,0.3442622950819672,0.059190582458099994,0.4041955655792274,52.25,52.95,438.87564897579784,429.64851925452
1,275,base,thr,ma10,timer,2464.947471103951,2328.3684173590127,174.91254254028635,1900.853530505392,2725.791413432819,5.865869538801564,0.7808419668559853,0.8032786885245902,0.21311475409836064,0.3952956841060316,0.5245901639344263,0.4918032786885246,9.051998548053945,2.956241606945814,6.083333333333333,6.006944444444445,2404.1141377706176,2268.2989729145684
1,275,base,mey,ma10,timer,1095.619811670185,1085.5954580289333,14.532589705435079,1055.6144698150908,1123.6072761594821,0.9233967927106596,0.6897843979936165,0.7540983606557377,0.26229508196721313,-0.7547981301900107,0.2786885245901639,0.7377049180327869,0.6059249877457681,1.2386140855868815,58.333333333333336,58.07083333333333,512.2864783368517,504.88712469559994
1,275,base,trust,ma10,timer,973.5568864554108,986.3196790595485,10.031414276512956,966.3206345054382,1002.437185642038,-1.2939813404419775,-1.2722824770600802,0.13114754098360656,0.8852459016393442,-1.7770326516685655,0.04918032786885246,0.9672131147540983,-1.3482984431215854,-1.2365774717392475,53.916666666666664,53.65833333333333,434.39021978874416,449.7363457262153
1,276,base,thr,naive,orchestration,1746.264417954703,2752.4916784855004,340.9552184589787,2138.6080070220546,3750.8196620340354,-36.556959223377284,-2.9512006447024346,0.01639344262295082,1.0,7.028842024045287,0.7213114754098361,0.29508196721311475,-26.163234486474355,-46.63605750604329,7.083333333333333,7.388888888888889,1675.4310846213698,2678.6027895966117
1,276,base,mey,naive,orchestration,1086.058526661015,1143.3659710067814,15.760216111268003,1113.3963650923433,1180.5198522251596,-5.012169838787897,-3.636209296952055,0.01639344262295082,1.0,-0.6361860859465932,0.36065573770491804,0.6557377049180327,-4.295756996252832,-5.755206119894386,66.08333333333333,68.30833333333334,425.22519332768184,460.282637673448
1,276,base,trust,naive,orchestration,1011.1996717233036,1031.902390450218,12.595203156118275,1009.2956699787184,1065.9602698259923,-2.006267154578629,-1.6436986740351098,0.04918032786885246,0.9672131147540983,0.10111476183869075,0.5573770491803278,0.45901639344262296,-1.780097956281948,-2.240244511001953,58.916666666666664,59.69722222222222,422.03300505663697,434.93016822799586
1,277,base,thr,seasonal60,event,2046.9936367008384,2184.692962288481,193.12726073941874,1793.992831161724,2712.0151550860874,-6.302914320893931,-0.7129978702148964,0.29508196721311475,0.7213114754098361,-8.967221076515585,0.13114754098360656,0.8852459016393442,-13.44394675005848,0.21977559401063348,7.0,6.825,1976.9936367008384,2116.442962288481
1,277,base,mey,seasonal60,event,1092.0749599238893,1109.7901801617497,14.894925865160792,1072.9523666141024,1145.1799831285919,-1.5962675246665512,-1.1893459825333064,0.11475409836065574,0.9016393442622951,0.6330139806944302,0.7049180327868853,0.3114754098360656,-2.9484606878870223,-0.254631590156759,61.333333333333336,61.544444444444444,478.74162659055594,494.3457357173053
1,277,base,trust,seasonal60,event,989.8785864965517,993.1982553931146,9.367155153055288,962.1666450542243,1014.4429878816237,-0.33424030686087497,-0.35439456722140716,0.3442622950819672,0.6721311475409836,1.174199256681941,0.9016393442622951,0.11475409836065574,-0.24986956724409035,-0.4171740359774382,55.0,55.15,439.87858649655175,441.69825539311455
1,278,base,thr,ma10,orchestration,1869.275166791549,1928.3430675932339,65.52513400659203,1789.9158451160117,2118.029908376574,-3.0631427464516197,-0.9014541015016069,0.09836065573770492,0.9180327868852459,-3.264500766804432,0.08196721311475409,0.9344262295081968,-4.291018830072785,-1.9739740611062622,11.0,12.813888888888888,1759.275166791549,1800.204178704345
1,278,base,mey,ma10,orchestration,946.33589728689,976.5832581172691,5.410298115289069,966.0288959358737,993.2966643664134,-3.097263912622486,-5.590701322890593,0.01639344262295082,1.0,-0.1120734840533126,0.47540983606557374,0.5409836065573771,-3.158975051612015,-3.037631052065353,53.416666666666664,56.11944444444445,412.1692306202234,415.38881367282465
1,278,base,trust,ma10,orchestration,936.0256227891649,963.106008134763,6.147268485727331,948.7609338651401,975.819713600304,-2.8117761821509517,-4.405271285689417,0.01639344262295082,1.0,-0.9650857665547703,0.08196721311475409,0.9344262295081968,-3.636294081205549,-1.9971885221774732,53.25,55.419444444444444,403.5256227891649,408.91156369031853
1,279,base,thr,naive,queue,2863.2770131484644,2344.5988077353336,280.25564127365055,1970.9426890351544,3220.259155317954,22.12225834551738,1.8507324350580223,0.9508196721311475,0.06557377049180328,29.035089203929456,0.9672131147540983,0.04918032786885246,28.437370531048998,15.585519550755862,7.166666666666667,7.95,2791.610346481798,2265.0988077353336
1,279,base,mey,naive,queue,1152.2954002027082,1109.0723355495963,12.681717878014593,1078.3521626961692,1138.3587848245481,3.8972268325215045,3.408297288180855,1.0,0.01639344262295082,-0.84515699586095,0.26229508196721313,0.7540983606557377,4.296826664195449,3.5117260453031776,62.25,62.59583333333333,529.7954002027082,483.1140022162631
1,279,base,trust,naive,queue,993.741624952601,983.6501250508661,10.015367276992436,963.9264086675026,1011.9705889928979,1.025923714614792,1.0076015809142966,0.8524590163934426,0.16393442622950818,-0.6591674640451032,0.32786885245901637,0.6885245901639344,0.6203789703800412,1.4268930864545692,52.666666666666664,52.768055555555556,467.0749582859344,455.96956949531057
1,280,base,thr,seasonal60,http,1790.6553846878166,2306.8128638745816,278.6441837794512,1852.266494679189,3061.342721752724,-22.375351172605033,-1.8523892090111134,0.01639344262295082,1.0,11.689461081928927,0.8524590163934426,0.16393442622950818,-24.671185373567763,-20.28269856328705,8.25,8.963888888888889,1708.1553846878166,2217.173974985693
1,280,base,mey,seasonal60,http,1017.9812613364137,1029.1545846845781,11.65614509897605,1004.0424792128648,1065.9789339433669,-1.085679791397802,-0.9585779220564079,0.16393442622950818,0.8524590163934426,0.2911577869279416,0.639344262295082,0.3770491803278688,-0.4426964701203675,-1.7325418201504417,60.083333333333336,61.668055555555554,417.1479280030803,412.4740291290226
1,280,base,trust,seasonal60,http,975.4079171564126,991.5715847061472,10.633708223879896,972.3559831357439,1023.0385278862565,-1.6301059650196277,-1.52004053613547,0.08196721311475409,0.9344262295081968,0.6265641384294063,0.7540983606557377,0.26229508196721313,-0.8460967427779355,-2.4591522616098143,57.416666666666664,58.730555555555554,401.241250489746,404.26602915059163
1,282,base,thr,naive,event,2115.2780169695184,2138.339749652122,156.02651134713022,1862.1175823139292,2555.7000012726744,-1.078487770072808,-0.1478065008535346,0.5081967213114754,0.5081967213114754,-5.75077228761436,0.2786885245901639,0.7377049180327869,0.7612312669396316,-2.8072228951901943,6.083333333333333,6.7347222222222225,2054.444683636185,2070.9925274299
1,282,base,mey,naive,event,1083.1364082450634,1096.9876194078386,10.3982029310039,1069.6708210006225,1134.585147243373,-1.2626588411501054,-1.3320774036324632,0.09836065573770492,0.9180327868852459,1.4752455654509957,0.9672131147540983,0.04918032786885246,-3.2020414367841346,0.6760171337926854,58.25,58.734722222222224,500.6364082450634,509.6403971856163
1,282,base,trust,naive,event,960.9439175023177,991.2223204401598,10.162925851041978,970.8913399475454,1013.8094764585918,-3.054653059507047,-2.979299798269976,0.01639344262295082,1.0,-1.5241903674147177,0.06557377049180328,0.9508196721311475,-3.537559224018576,-2.569819022237964,52.416666666666664,53.23888888888889,436.7772508356511,458.8334315512709
1,283,base,thr,seasonal60,http,1647.0217825644222,1962.898538709631,327.7711756894969,1600.3598605224036,2943.22435195272,-16.092362896803607,-0.9637112094458368,0.08196721311475409,0.9344262295081968,-17.385840842444644,0.03278688524590164,0.9836065573770492,-18.788633792963225,-13.163097963457858,13.416666666666666,13.493055555555555,1512.8551158977555,1827.9679831540757
1,283,base,mey,seasonal60,http,980.876467543792,987.7617523789847,10.625912092853842,971.2225390623526,1045.4528835954077,-0.6970592674407324,-0.6479711835582752,0.2459016393442623,0.7704918032786885,-0.4960191188226367,0.3114754098360656,0.7049180327868853,-1.5859538228211028,0.21395317563561791,58.666666666666664,58.9,394.2098008771254,398.76175237898474
1,283,base,trust,seasonal60,http,918.254211362124,940.5944215321998,8.666857045522688,916.4169943736039,967.4714544181851,-2.37511616682611,-2.5776599351684006,0.03278688524590164,0.9836065573770492,-0.49614688018466113,0.26229508196721313,0.7540983606557377,-3.4038777419737336,-1.286508367235272,52.083333333333336,53.43472222222222,397.42087802879064,406.24719930997765
1,284,base,thr,ma10,http,1975.736054705747,2071.812063711997,102.2288420706243,1942.6675271509048,2402.300277349378,-4.637293637247856,-0.9398131394257239,0.21311475409836064,0.8032786885245902,-0.21223853392765643,0.5081967213114754,0.5081967213114754,-0.9214442958626676,-8.073543314984306,6.0,6.011111111111111,1915.736054705747,2011.7009526008858
1,284,base,mey,ma10,http,1086.6521772377616,1090.1075780524554,12.982138710715613,1064.4969556333263,1121.582109225694,-0.3169779647681278,-0.2661657598714204,0.45901639344262296,0.5573770491803278,-0.9768336619972264,0.18032786885245902,0.8360655737704918,-1.7603383501858962,1.1367629798185455,55.0,54.86388888888889,536.6521772377616,541.4686891635665
1,284,base,trust,ma10,http,957.5853162017247,962.8485199039611,7.771930429663347,943.0910864856982,981.8400177855098,-0.5466284252855669,-0.6772067441762206,0.22950819672131148,0.7868852459016393,0.18031556135496354,0.5737704918032787,0.4426229508196721,-1.3100031363945004,0.22746712199519953,51.916666666666664,52.016666666666666,438.4186495350581,442.6818532372945
1,286,base,thr,seasonal60,event,2567.0443507622444,2092.325300727882,310.8635496609127,1769.1969292794186,3252.83962545071,22.688587184278468,1.5270978233124524,0.9344262295081968,0.08196721311475409,2.8303752494184424,0.7377049180327869,0.2786885245901639,11.218709653625588,33.57519532462076,6.833333333333333,6.894444444444445,2498.711017428911,2023.3808562834379
1,286,base,mey,seasonal60,event,1077.2915373766425,1065.658382688086,15.381023904981323,1034.1269620936014,1098.711345277513,1.0916401426142082,0.7563316174802223,0.7868852459016393,0.22950819672131148,-0.2517857064866123,0.4426229508196721,0.5737704918032787,0.818408667179286,1.3681601663777505,57.583333333333336,57.94583333333333,501.45820404330914,486.20004935475265
1,286,base,trust,seasonal60,event,981.7161483865281,971.6564044406135,10.679104894671267,949.4324522396204,1000.25171048544,1.0353190592826862,0.9420025409558636,0.8524590163934426,0.16393442622950818,0.3294442621088792,0.5737704918032787,0.4426229508196721,1.3837444638402605,0.6825389100596222,54.5,54.78333333333333,436.71614838652806,423.82307110728027
1,285,base,thr,naive,timer,1590.7112420722663,1597.156294775077,2.406330253541333,1589.9857501902368,1602.60266748952,-0.40353299948758853,-2.6783741314500302,0.04918032786885246,0.9836065573770492,-0.40353299948758853,0.04918032786885246,0.9836065573770492,-0.4410073010237955,-0.3614815235353977,8.083333333333334,8.741666666666667,1509.877908738933,1509.7396281084102
1,285,base,mey,naive,timer,902.4493086052072,909.2693969977923,2.2112435783672515,903.3556947434582,916.6589560477669,-0.750062458398312,-3.0842773086178945,0.01639344262295082,1.0,-0.770540534546182,0.01639344262295082,1.0,-0.8553432720930562,-0.6500137972664153,50.25,51.045833333333334,399.9493086052072,398.81106366445897
1,285,base,trust,naive,timer,949.4405318474815,955.8732655007127,1.9338676165636581,950.8288541325269,959.6495853839864,-0.672969303086598,-3.3263567775449654,0.01639344262295082,1.0,-0.6317457363705343,0.01639344262295082,1.0,-0.7276035378432776,-0.6182915939083672,54.0,54.63333333333333,409.44053184748145,409.53993216737933
1,287,base,thr,ma10,event,1719.1331859073528,2287.5520395587187,224.79680265750244,1888.4976142687092,2958.665238523499,-24.84834634673566,-2.5285895837113026,0.01639344262295082,1.0,-6.469760263958131,0.26229508196721313,0.7540983606557377,-22.522371695936126,-26.90493636242056,9.5,9.815277777777778,1624.1331859073528,2189.399261780941
1,287,base,mey,ma10,event,1048.67264998099,1089.7168579733072,13.724230596991058,1052.3426881595085,1140.3986559798393,-3.766502068129213,-2.990638178384729,0.01639344262295082,1.0,-0.4121648389354056,0.3442622950819672,0.6721311475409836,-2.7956227420351083,-4.723836612298445,63.166666666666664,65.25277777777778,417.0059833143233,437.1890801955294
1,287,base,trust,ma10,event,1007.7917812749394,1043.6114331876777,9.715513488421017,1025.26880923144,1070.5238341823417,-3.4322786023269547,-3.686851133028461,0.01639344262295082,1.0,-0.46059722217319016,0.3114754098360656,0.7049180327868853,-2.4556809310956087,-4.402790356480966,58.833333333333336,61.93472222222222,419.458447941606,424.2642109654555
1,289,base,thr,seasonal60,queue,2350.349333423782,2401.028700104472,316.4294728158593,1933.8366263199707,3637.542948053376,-2.1107355642389907,-0.16016007051967066,0.5573770491803278,0.45901639344262296,25.623831252573602,0.9180327868852459,0.09836065573770492,-7.44854481727625,2.789919568910457,9.666666666666666,10.0875,2253.6826667571154,2300.153700104472
1,289,base,mey,seasonal60,queue,1122.4581112994056,1124.3371957143431,13.754289109395543,1100.4611373403538,1176.7466332270048,-0.16712819091106232,-0.13661806873420676,0.4918032786885246,0.5245901639344263,0.9200723338712354,0.8688524590163934,0.14754098360655737,0.45377249466076763,-0.8255284446000232,69.91666666666667,69.29305555555555,423.29144463273883,431.4066401587876
1,289,base,trust,seasonal60,queue,1002.005962120932,1009.2483873717657,7.876784662514873,992.3138815901522,1029.240085993241,-0.7176058284020671,-0.9194646751357711,0.14754098360655737,0.8688524590163934,0.1348948598036104,0.5573770491803278,0.45901639344262296,0.4310181225589757,-1.9208914315141252,56.666666666666664,58.36805555555556,435.3392954542654,425.5678318162102
1,288,base,thr,naive,timer,2288.0560737470723,2286.1198756790723,160.06672236778536,1966.5605789906979,2673.0116589032723,0.08469363696096364,0.012096193633247916,0.5573770491803278,0.45901639344262296,16.050524763633902,0.9836065573770492,0.03278688524590164,6.702752297317065,-6.879481631184583,6.0,6.0,2228.0560737470723,2226.1198756790723
1,288,base,mey,naive,timer,1107.7565521567337,1088.4888755082643,15.53277285429524,1058.7857500108912,1127.511758052522,1.7701307824090062,1.2404531263805476,0.8688524590163934,0.14754098360655737,-1.5230450325367593,0.13114754098360656,0.8852459016393442,1.676117602422484,1.8625948171647522,55.583333333333336,54.52638888888889,551.9232188234004,543.2249866193754
1,288,base,trust,naive,timer,990.0593899268675,982.9727912576876,9.646340809201664,959.8533756387613,997.6407500256411,0.7209353841943891,0.7346411255156982,0.7377049180327869,0.2786885245901639,1.5791121957839371,1.0,0.01639344262295082,1.995153953077967,-0.5570644276975038,52.5,52.40972222222222,465.05938992686754,458.87556903546545
1,290,base,thr,ma10,http,2378.2870387689727,2616.8023303435034,405.19583929912557,1954.7846224484056,3968.0233897420603,-9.114761509067488,-0.5886420057695924,0.2786885245901639,0.7377049180327869,24.99270200510645,0.9508196721311475,0.06557377049180328,-4.673450999996472,-13.521607331397393,8.333333333333334,8.520833333333334,2294.953705435639,2531.59399701017
1,290,base,mey,ma10,http,1095.0073891789646,1091.5549860010044,13.63969174971578,1060.6432192542213,1133.8082168239182,0.31628302946132786,0.25311445751932704,0.6557377049180327,0.36065573770491804,1.5742826019406242,0.9180327868852459,0.09836065573770492,0.6566266091441169,-0.03903511601428632,64.75,64.87361111111112,447.50738917896456,442.8188748898932
1,290,base,trust,ma10,http,983.0609713139478,991.3581445915712,10.05503815210249,964.8239924952703,1015.7338810399373,-0.8369501297678611,-0.8251757131213362,0.16393442622950818,0.8524590163934426,-0.45802841824169777,0.2786885245901639,0.7377049180327869,0.07751779590879782,-1.792930150148036,56.166666666666664,57.05277777777778,421.39430464728116,420.8303668137934
1,291,base,thr,naive,queue,1922.9278963895897,2453.621437601538,250.08860914509194,1926.9772296118488,3319.449203442502,-21.628990237822165,-2.1220220426115457,0.01639344262295082,1.0,4.123371047756677,0.6885245901639344,0.32786885245901637,-20.07285272195907,-23.31604200669383,9.75,9.781944444444445,1825.4278963895897,2355.801993157094
1,291,base,mey,naive,queue,1109.6823744823591,1120.6502620979998,11.377528174672912,1092.732527434053,1151.4301579774615,-0.9787074510746413,-0.963995645385948,0.14754098360655737,0.8688524590163934,0.5869916945700999,0.7213114754098361,0.29508196721311475,-0.9070616256682363,-1.0492995764559143,69.75,68.72638888888889,412.18237448235914,433.38637320911084
1,291,base,trust,naive,queue,1027.9742041460393,1045.1317311881382,11.107685176627639,1018.730923524386,1082.7115931570509,-1.6416616709736467,-1.5446537032037237,0.04918032786885246,0.9672131147540983,-0.3796127758428952,0.39344262295081966,0.6229508196721312,-1.0706793049866072,-2.2195486755733316,61.416666666666664,62.36388888888889,413.8075374793726,421.49284229924933
1,292,base,thr,seasonal60,queue,3359.130342905073,2378.2257083669306,231.4805606249475,1923.6841334430353,3057.7868405351187,41.24522878914238,4.237524878503456,1.0,0.01639344262295082,-4.05032702586339,0.32786885245901637,0.6885245901639344,29.130768288339468,52.61231013616575,7.583333333333333,7.458333333333333,3283.2970095717396,2303.642375033597
1,292,base,mey,seasonal60,queue,1285.6032771725493,1114.5859404657388,12.630631141444377,1076.6701710644318,1145.8824488380972,15.34357562731767,13.53988844988579,1.0,0.01639344262295082,-0.6408994400109864,0.2786885245901639,0.7377049180327869,14.836610437522117,15.85221531493952,65.66666666666667,65.4263888888889,628.9366105058825,460.32205157684984
1,292,base,trust,seasonal60,queue,1079.8563283219066,1009.5098953612226,10.955458539091863,982.1445318230304,1026.3326119712933,6.968374781062718,6.421130864552141,1.0,0.01639344262295082,-0.21851020730555049,0.39344262295081966,0.6229508196721312,6.592216570677822,7.341395599796263,55.0,56.7125,529.8563283219066,442.38489536122256
1,295,base,thr,seasonal60,timer,2948.463126581164,2367.820701194011,175.97740302867084,1972.4752726120453,2828.0557078659735,24.522229453199525,3.2995283223525753,1.0,0.01639344262295082,-9.670419189190754,0.09836065573770492,0.9180327868852459,33.25720967697852,16.45827377862486,6.0,6.004166666666666,2888.463126581164,2307.7790345273443
1,295,base,mey,seasonal60,timer,1104.5070655351954,1083.0764034294866,14.804371592368781,1048.8186808521627,1116.5746016104974,1.9786842403592233,1.44759012376828,0.9180327868852459,0.09836065573770492,-3.253505877633675,0.01639344262295082,1.0,2.297473898094165,1.6538025601612358,58.0,57.772222222222226,524.5070655351954,505.35418120726433
1,295,base,trust,seasonal60,timer,937.9556544324872,956.9970013705932,9.155386417044252,937.7596535180779,984.8519407796607,-1.9896976595365874,-2.0797971894072576,0.03278688524590164,0.9836065573770492,-0.0891937552895877,0.47540983606557374,0.5409836065573771,-0.6742607336553211,-3.309363958822416,51.25,52.56527777777778,425.4556544324872,431.3442235928154
1,293,base,thr,ma10,timer,2088.7397439392203,2415.6162651465065,205.05815489028012,1971.0553421944585,2756.796195025109,-13.531806600394011,-1.5940674067909522,0.06557377049180328,0.9508196721311475,-7.614303069474974,0.21311475409836064,0.8032786885245902,-9.839159994084719,-16.889978781277378,6.0,6.0,2028.7397439392203,2355.6162651465065
1,293,base,mey,ma10,timer,1080.701404154484,1085.564747377773,14.421042910725188,1055.3178996556896,1119.8511795487502,-0.4480012118150234,-0.33723935594645277,0.39344262295081966,0.6229508196721312,-0.3254494685635155,0.4426229508196721,0.5737704918032787,-0.1319804559512678,-0.7630941131869984,57.333333333333336,57.605555555555554,507.3680708211506,509.50919182221753
1,293,base,trust,ma10,timer,952.8060253935367,967.0266389411946,11.218932896991847,943.8219513766976,1001.3320357188564,-1.4705503421527397,-1.2675549161605981,0.09836065573770492,0.9180327868852459,-0.1288551292086679,0.5245901639344263,0.4918032786885246,-1.1843446486289906,-1.747729140872713,52.416666666666664,52.513888888888886,428.6393587268701,441.8877500523057
1,296,base,thr,ma10,http,2114.7325951353973,2221.854519383166,207.0571833781818,1881.091457543953,2959.876198827303,-4.821284351124303,-0.517354300392055,0.32786885245901637,0.6885245901639344,11.975298661862375,0.8852459016393442,0.13114754098360656,2.8034377499843477,-12.774662352912173,7.666666666666667,7.280555555555556,2038.0659284687306,2149.0489638276104
1,296,base,mey,ma10,http,1125.4158164066748,1095.2993256204875,11.386581456780915,1074.3005909656551,1122.403632813833,2.749612830184693,2.6449106696771074,1.0,0.01639344262295082,1.0951186066955567,0.8032786885245902,0.21311475409836064,2.972908428535956,2.524042130624111,61.166666666666664,60.56111111111111,513.7491497400082,489.6882145093764
1,296,base,trust,ma10,http,1006.8813876357614,1002.0635842713607,13.724988098977391,967.9864297653979,1031.674363518628,0.4807881894943709,0.35102422892152707,0.6557377049180327,0.36065573770491804,-0.4143573852552103,0.3770491803278688,0.639344262295082,-1.3966819034468725,2.3378277403657965,54.75,54.954166666666666,459.38138763576137,452.52191760469407
1,298,base,thr,seasonal60,timer,2160.0088585588255,2222.159177301131,220.48518159248636,1836.8527575277078,2944.9552313817258,-2.7968436904591414,-0.2818797993289876,0.4098360655737705,0.6065573770491803,-2.45782849193916,0.4098360655737705,0.6065573770491803,-10.914809149290349,5.005245556600829,6.0,5.925,2100.0088585588255,2162.909177301131
1,298,base,mey,seasonal60,timer,1059.4034925248764,1073.1494424014757,13.605405988653217,1045.4213902812462,1104.1503334376216,-1.2808980122879106,-1.0103300032401306,0.14754098360655737,0.8688524590163934,0.5157303468902066,0.6557377049180327,0.36065573770491804,-1.8962523047501325,-0.6721485447968103,58.916666666666664,58.99444444444445,470.2368258582097,483.2049979570312
1,298,base,trust,seasonal60,timer,953.4611844064203,955.4504220563337,9.043426257290532,936.7412258745353,981.5814195356434,-0.20819893989183194,-0.21996504348223755,0.4918032786885246,0.5245901639344263,-1.1949383221255545,0.09836065573770492,0.9180327868852459,-0.04809989386856739,-0.3659989892546823,52.0,51.94444444444444,433.46118440642033,436.0059776118892
1,297,base,thr,naive,queue,2009.4487722514352,1788.329806916911,67.94154262524727,1711.7869702542985,2048.1980101735367,12.36455180019252,3.254547318040375,0.9672131147540983,0.04918032786885246,1.8487055482024102,0.7868852459016393,0.22950819672131148,26.840770008062727,-2.0647464754933704,12.916666666666666,12.706944444444444,1880.2821055847685,1661.2603624724666
1,297,base,mey,naive,queue,997.4000228109453,982.2670484215603,4.835212657064408,971.3462398411065,998.4933384117039,1.540617127867899,3.129743294180711,0.9836065573770492,0.03278688524590164,0.6986586797726326,0.9508196721311475,0.06557377049180328,2.225805916190347,0.8837804319150123,57.166666666666664,56.56111111111111,425.7333561442787,416.6559373104492
1,297,base,trust,naive,queue,972.1751690919442,964.2894532770063,4.732523276311296,953.8086621265273,977.0503361003315,0.8177747654648116,1.6662814643532766,0.9344262295081968,0.08196721311475409,0.08697976623681765,0.5901639344262295,0.4262295081967213,0.8591208344402074,0.7778739844685767,55.916666666666664,55.83611111111111,413.0085024252776,405.9283421658952
1,300,base,thr,naive,queue,1639.51290511545,1655.643979201838,39.33385875389647,1631.9899552716104,1952.7536362422331,-0.9743081416673036,-0.41010657477865825,0.03278688524590164,0.9836065573770492,-0.16898202682460262,0.819672131147541,0.19672131147540983,-0.798466274962904,-1.131694477587825,8.083333333333334,9.131944444444445,1558.6795717821167,1564.3245347573936
1,300,base,mey,naive,queue,932.3714322209216,951.702865940697,43.465853979251705,940.5126457683783,1282.3123095057656,-2.0312467695121987,-0.4447498887058154,0.01639344262295082,1.0,-0.3704601923860447,0.8524590163934426,0.16393442622950818,-1.8470419182570477,-2.2176478240406317,51.166666666666664,52.64861111111111,420.704765554255,425.21675482958597
1,300,base,trust,naive,queue,923.9445547834839,938.8656512560958,21.869489804129838,929.940946320592,1104.5558446691323,-1.5892685447219388,-0.6822791297945233,0.01639344262295082,1.0,0.051704097131064906,0.8852459016393442,0.13114754098360656,-1.2989192993506928,-1.8785939075894917,50.666666666666664,51.793055555555554,417.2778881168173,420.9350957005403
1,301,base,thr,seasonal60,http,1688.1177527196298,2181.1958273407663,294.01140849033305,1667.108803015444,3019.7634884830404,-22.605859980132053,-1.6770712305109365,0.03278688524590164,0.9836065573770492,6.783340631660356,0.7377049180327869,0.2786885245901639,-21.262797055355144,-23.9018022324502,8.416666666666666,8.9875,1603.951086052963,2091.3208273407663
1,301,base,mey,seasonal60,http,1040.1295607200063,1058.866648910744,13.359897597335321,1033.5677363454683,1087.476229548547,-1.769541821910489,-1.4024874108671987,0.11475409836065574,0.9016393442622951,1.3669208499856589,0.8360655737704918,0.18032786885245902,-2.0340395860625176,-1.4946157039137404,60.25,62.19027777777778,437.62956072000634,436.96387113296623
1,301,base,trust,seasonal60,http,949.3207599474346,973.2897098344881,9.382519065529571,951.8375858157007,989.9676806806473,-2.462673718304242,-2.5546390814288946,0.01639344262295082,1.0,3.258950383329524,1.0,0.01639344262295082,-2.7037926289564975,-2.2258247796459707,52.0,55.56944444444444,429.32075994743457,417.59526539004366
1,302,base,thr,ma10,http,2370.5236481192924,2220.9531158016043,158.07627719401958,1981.3045212588138,2766.4703207015796,6.734520024467236,0.9461921483266477,0.8852459016393442,0.13114754098360656,-1.837687235590416,0.4262295081967213,0.5901639344262295,7.746041113374695,5.66152405077507,6.0,6.004166666666666,2310.5236481192924,2160.911449134938
1,302,base,mey,ma10,http,1121.8896422546604,1118.7439307172547,15.090537254252341,1085.1724130849218,1147.3267585497463,0.2811824449754972,0.20845590083410276,0.6065573770491803,0.4098360655737705,-1.747094346719919,0.08196721311475409,0.9344262295081968,0.579961624193072,-0.01744532488112965,56.666666666666664,57.49861111111111,555.2229755879938,543.7578196061436
1,302,base,trust,ma10,http,971.6306815524027,976.611444139847,9.471811521841559,958.7397123683085,1003.3659339148843,-0.5100045281397523,-0.5258511084135108,0.3442622950819672,0.6721311475409836,1.0916861844085253,0.8688524590163934,0.14754098360655737,-0.041369569352570586,-0.9796474499712149,52.0,51.95,451.63068155240273,457.111444139847
1,304,base,thr,seasonal60,timer,1899.547080690251,1964.086241520337,101.52651863309633,1796.6629171514314,2230.572035006878,-3.285963694757524,-0.6356877168547659,0.2459016393442623,0.7704918032786885,-2.893298843032373,0.2786885245901639,0.7377049180327869,-6.48117577425265,0.3378914967586621,7.0,7.0055555555555555,1829.547080690251,1894.0306859647812
1,304,base,mey,seasonal60,timer,915.0873220174967,919.7059588174872,9.247603823976215,894.9053320130207,940.0237948996346,-0.5021862428649323,-0.4994414648274318,0.32786885245901637,0.6885245901639344,-0.13888102345798106,0.47540983606557374,0.5409836065573771,0.014224958264572455,-1.0005482113563013,50.75,51.69444444444444,407.5873220174967,402.7615143730427
1,304,base,trust,seasonal60,timer,1023.9427334571556,1024.7944613201832,8.091384257612622,998.9597570933698,1045.9094214293607,-0.08311206736328951,-0.1052635539124667,0.4426229508196721,0.5737704918032787,-0.3114360612755313,0.39344262295081966,0.6229508196721312,0.4986876610154651,-0.6804710686133879,58.75,58.58888888888889,436.44273345715555,438.90557243129433
1,303,base,thr,naive,queue,3723.1991250911483,2670.9101344252995,318.11879805834207,2039.1151255284085,3627.7019284533053,39.39814286908871,3.307849133998243,1.0,0.01639344262295082,0.899137049964699,0.5409836065573771,0.47540983606557374,34.49079895147427,43.76270468384239,8.916666666666666,9.379166666666666,3634.032458424482,2577.118467758633
1,303,base,mey,naive,queue,1090.870337864637,1035.1021268247596,9.598857580909169,1016.55646797272,1054.1496007083415,5.3877013286553455,5.809880037265347,1.0,0.01639344262295082,-0.06478861572781353,0.4918032786885246,0.5245901639344263,6.159380268746653,4.59726223842464,62.0,61.28888888888889,470.8703378646369,422.21323793587067
1,303,base,trust,naive,queue,1048.9650653017236,1020.267774932956,9.45841327724748,998.5355937311475,1045.814807699661,2.8127214319450027,3.034049108194491,1.0,0.01639344262295082,0.2014718496523995,0.6557377049180327,0.36065573770491804,3.8759622334156236,1.7937680795252802,61.0,60.28611111111111,438.9650653017236,417.40666382184486
1,307,base,thr,seasonal60,timer,2129.708755869425,2033.1254264855786,152.05198966510733,1785.3176242903673,2417.1968362370976,4.750485539438592,0.6351993788214821,0.819672131147541,0.19672131147540983,-10.601437527935696,0.04918032786885246,0.9672131147540983,-2.4257117484446753,11.921071161656098,6.166666666666667,6.373611111111111,2068.0420892027587,1969.3893153744675
1,307,base,mey,seasonal60,timer,1066.2461068261043,1067.14295959671,12.284602661331443,1037.7919383002022,1090.5943722214713,-0.08404242023435679,-0.07300624980152315,0.39344262295081966,0.6229508196721312,-0.7822120792444628,0.2459016393442623,0.7704918032786885,-0.6947867480359695,0.5116251025757356,58.083333333333336,57.44166666666667,485.41277349277095,492.7262929300432
1,307,base,trust,seasonal60,timer,943.6620006777522,960.6438789828386,8.248152732952684,936.5339761399218,979.4745038100837,-1.7677600072846333,-2.058870495600924,0.04918032786885246,0.9672131147540983,-0.620066819603347,0.2786885245901639,0.7377049180327869,-3.1257393200078356,-0.42148654201116176,51.833333333333336,51.73888888888889,425.3286673444188,443.2549900939497
1,306,base,thr,naive,queue,2538.1245461145777,2487.1960852960938,308.0959560700096,2044.1109046322106,3123.079702546613,2.04762548154385,0.16530064681183707,0.6229508196721312,0.39344262295081966,11.742691329090658,0.7704918032786885,0.2459016393442623,10.103549087169828,-6.594584230781106,6.0,6.0,2478.1245461145777,2427.1960852960938
1,306,base,mey,naive,queue,1101.7767909005204,1094.4668423912385,12.7847282717031,1073.426895696873,1125.2978974218822,0.6679004083221722,0.5717719105114841,0.6557377049180327,0.36065573770491804,0.2711238706067607,0.5901639344262295,0.4262295081967213,1.3790740451246384,-0.009947364515847663,61.166666666666664,60.6375,490.11012423385375,488.0918423912385
1,306,base,trust,naive,queue,976.6220411110011,987.9930731928521,9.067246762517968,967.8958747781011,1014.217040579197,-1.150922247369991,-1.2540777128572693,0.06557377049180328,0.9508196721311475,0.48501457301368706,0.7704918032786885,0.2459016393442623,-2.2089637821686248,-0.1188384708719324,53.916666666666664,54.36805555555556,437.45537444433444,444.31251763729654
1,308,base,thr,ma10,queue,1914.145602110556,2230.645448256878,182.9241755168535,1884.4702151369981,2741.95667203377,-14.188711450923252,-1.730224259598544,0.03278688524590164,0.9836065573770492,-1.4868423673351334,0.45901639344262296,0.5573770491803278,-16.870716303752964,-10.705863407078992,6.083333333333333,6.043055555555555,1853.3122687772227,2170.2148927013222
1,308,base,mey,ma10,queue,1045.4178526311741,1090.0829881131087,12.712974707831487,1060.6275406442094,1119.0320171245316,-4.097406891859511,-3.513350455611294,0.01639344262295082,1.0,2.00148501519359,0.9344262295081968,0.08196721311475409,-5.4958102450416,-2.6325576360443015,57.0,57.87777777777778,475.4178526311741,511.3052103353309
1,308,base,trust,ma10,queue,973.3555615191235,981.5011708154283,10.733513212968633,959.498442523539,1008.7050029980736,-0.8299133550230431,-0.7588949801135885,0.21311475409836064,0.8032786885245902,1.5957518794308398,0.9180327868852459,0.09836065573770492,-1.5544524997667712,-0.09547011794571021,53.25,53.65555555555556,440.8555615191235,444.94561525987274
1,309,base,thr,naive,queue,2972.9487280254234,2777.6646844753404,272.35035564390944,2151.948867197477,3254.444173280916,7.030511805170221,0.7170324528799641,0.6557377049180327,0.36065573770491804,-16.638438948678637,0.04918032786885246,0.9672131147540983,9.723484504287699,4.557699920186141,8.916666666666666,8.766666666666667,2883.782061358757,2689.998017808674
1,309,base,mey,naive,queue,1028.9544708580477,1028.0754932623038,8.300360690126203,1011.0244911036658,1061.6378795545113,0.08549737850035763,0.10589631325172282,0.5901639344262295,0.4262295081967213,0.242233229608221,0.6557377049180327,0.36065573770491804,0.3193299640915148,-0.14307526326092843,59.583333333333336,59.227777777777774,433.1211375247143,435.79771548452607
1,309,base,trust,naive,queue,1017.9132305285807,1021.0492977004816,7.4920738668778055,1005.8265193707903,1043.8104825675443,-0.3071416021698138,-0.41858465728232247,0.32786885245901637,0.6885245901639344,0.9878537604131317,0.9344262295081968,0.08196721311475409,-0.7793291340771288,0.15137873036959024,62.333333333333336,62.21805555555556,394.5798971952473,398.86874214492605
1,310,base,thr,seasonal60,http,1844.571383153143,2212.928166127526,167.90666628583799,1954.8758824260178,2936.4916924933236,-16.64567285159474,-2.193818691792178,0.01639344262295082,1.0,-6.478327687773806,0.19672131147540983,0.819672131147541,-14.595322276144543,-18.458742189927342,6.083333333333333,6.247222222222222,1783.7380498198097,2150.4559439053037
1,310,base,mey,seasonal60,http,1044.2161178333954,1085.0078706736872,13.514561304227941,1051.735976956794,1118.649975443037,-3.7595812844163032,-3.018355677407772,0.01639344262295082,1.0,0.27136520822647997,0.5901639344262295,0.4262295081967213,-4.214569418163983,-3.3039541590398165,58.5,59.05138888888889,459.2161178333954,494.4939817847983
1,310,base,trust,seasonal60,http,932.6203241746688,944.4667087832923,9.306961988493097,923.7828870531075,970.5725609261018,-1.254293507484732,-1.2728519385026125,0.13114754098360656,0.8852459016393442,-1.0821932836795136,0.13114754098360656,0.8852459016393442,-0.7475386703326831,-1.7710217164506352,52.25,51.6625,410.1203241746688,427.84170878329235
1,311,base,thr,ma10,event,2390.242668467598,2252.3409976661496,215.74281094583662,1888.1639588008093,2908.06219947645,6.122592935276694,0.639194743949402,0.7704918032786885,0.2459016393442623,-4.113824516552357,0.36065573770491804,0.6557377049180327,2.0289270230143117,10.039102170294854,6.25,6.802777777777778,2327.742668467598,2184.313219888372
1,311,base,mey,ma10,event,1086.6409785968165,1104.2704123842555,14.468649391657529,1068.5582741382527,1141.2320183882257,-1.5964779631625619,-1.2184574600034148,0.13114754098360656,0.8852459016393442,-0.5687017304282357,0.32786885245901637,0.6885245901639344,-0.5009641689013156,-2.636601213125947,58.583333333333336,57.6,500.8076452634831,528.2704123842555
1,311,base,trust,ma10,event,994.6777031838087,996.9092332848762,10.764983973484625,973.8313183060659,1035.3652994090128,-0.22384486235667403,-0.20729525529847673,0.4098360655737705,0.6065573770491803,-0.914791826728634,0.21311475409836064,0.8032786885245902,1.760466919471715,-2.069280451768731,55.166666666666664,55.78055555555556,443.0110365171421,439.1036777293207
1,313,base,thr,seasonal60,http,1844.3808935204927,2342.1937245588683,169.4483778294333,2030.4716504466317,2900.6455712665697,-21.25412709540644,-2.9378435923386292,0.01639344262295082,1.0,7.599318429295596,0.8524590163934426,0.16393442622950818,-21.92011540878447,-20.51155984890594,6.083333333333333,6.368055555555555,1783.5475601871594,2278.5131690033127
1,313,base,mey,seasonal60,http,1097.790341595164,1108.5528769213633,14.123591096006328,1080.1703253550295,1144.3345963636982,-0.9708635059510017,-0.7620254121660829,0.22950819672131148,0.7868852459016393,-0.9139195491587244,0.2459016393442623,0.7704918032786885,-1.7204576022013351,-0.24862840016281496,60.416666666666664,62.37916666666667,493.6236749284973,484.7612102546966
1,313,base,trust,seasonal60,http,932.7822521254208,950.1577207876435,10.866711137576772,926.9374047864802,979.6422770103919,-1.828693098217329,-1.5989629651734139,0.08196721311475409,0.9344262295081968,-0.25064715971503904,0.4262295081967213,0.5901639344262295,-0.39384177733988424,-3.27586368858851,49.833333333333336,51.418055555555554,434.4489187920874,435.97716523208794
1,312,base,thr,naive,timer,1695.2069102454504,1840.409434531234,108.40017754700712,1681.7257314160877,2087.264074315137,-7.88968593408497,-1.3395044876454862,0.13114754098360656,0.8852459016393442,-1.3207026249892726,0.4426229508196721,0.5737704918032787,-4.314442178716933,-11.178831246097705,12.25,13.047222222222222,1572.7069102454504,1709.9372123090118
1,312,base,mey,naive,timer,992.144945745648,997.9000090972645,11.745590834004933,985.1965174411429,1047.7225267387296,-0.5767174365318171,-0.48997648845002295,0.3442622950819672,0.6721311475409836,-0.20681063452651818,0.4918032786885246,0.5245901639344263,-1.220022585086702,0.09063923377389352,56.833333333333336,57.50694444444444,423.8116124123146,422.83056465282004
1,312,base,trust,naive,timer,982.8599306344012,988.7741333667454,7.29758879230586,977.4326705862213,1021.3549423246342,-0.5981348553492799,-0.8104324456565516,0.14754098360655737,0.8688524590163934,-0.3987434901756124,0.26229508196721313,0.7540983606557377,-0.706346783555117,-0.4863081500802046,56.833333333333336,57.50555555555555,414.5265973010678,413.7185778111899
1,314,base,thr,ma10,http,2094.7659204460037,2616.853027209516,297.8901150206927,2024.038992251816,3586.1981151779546,-19.95095258827892,-1.7526164194043357,0.04918032786885246,0.9672131147540983,4.6154882155717,0.7377049180327869,0.2786885245901639,-28.4904297816858,-11.2344179074067,7.25,7.725,2022.2659204460037,2539.603027209516
1,314,base,mey,ma10,http,1133.9046933708282,1152.244012219913,12.574466450915082,1117.7432656429069,1174.9668133474518,-1.591617630865551,-1.4584570184884575,0.11475409836065574,0.9016393442622951,1.0506438330998984,0.819672131147541,0.19672131147540983,-1.3893003779245616,-1.7919454635014573,68.5,70.01388888888889,448.9046933708282,452.10512333102406
1,314,base,trust,ma10,http,1009.8991782997888,1040.9001887747834,10.014646236122932,1020.1228501948261,1059.365749829515,-2.978288486188582,-3.095567206675122,0.01639344262295082,1.0,0.6181816610409637,0.6721311475409836,0.3442622950819672,-2.496629613595676,-3.4436677931579185,59.083333333333336,59.56805555555555,419.0658449664554,445.21963321922783
1,316,base,thr,seasonal60,orchestration,1611.843093357564,1813.1588422254883,149.76968864996107,1619.1260224362088,2314.1669837077725,-11.103039853961585,-1.3441688413897677,0.01639344262295082,1.0,4.005006678619905,0.7704918032786885,0.2459016393442623,-12.919102695113681,-9.216268468733679,9.25,10.833333333333334,1519.343093357564,1704.825508892155
1,316,base,mey,seasonal60,orchestration,983.6544150084578,999.2726484797845,6.897937817709006,988.0450144667711,1018.4293680014756,-1.5629601685873258,-2.264188788601449,0.01639344262295082,1.0,0.14646831784301623,0.6229508196721312,0.39344262295081966,-1.145372130590544,-1.9810447495319812,56.25,58.05833333333333,421.1544150084578,418.68931514645124
1,316,base,trust,seasonal60,orchestration,913.3160099103692,931.8543506221115,6.992184632227755,920.7409455308889,953.1398533639982,-1.9894032473385999,-2.651294507627421,0.01639344262295082,1.0,-0.4653581111814442,0.32786885245901637,0.6885245901639344,-2.066717600338241,-1.912371946585944,50.5,52.390277777777776,408.3160099103692,407.9515728443338
1,315,base,thr,naive,http,2314.2023769476273,2282.1437908174566,254.18695662706915,1925.8883987548354,3242.2725855766166,1.4047575029743127,0.12612207390800714,0.6229508196721312,0.39344262295081966,-6.505674236093675,0.32786885245901637,0.6885245901639344,7.383424531130838,-4.985528573693597,7.416666666666667,7.226388888888889,2240.0357102809608,2209.879901928568
1,315,base,mey,naive,http,1118.512010214452,1103.1332738951887,13.006344671441875,1078.7409453347748,1139.5137640282146,1.3940959522470533,1.182402643306111,0.9016393442622951,0.11475409836065574,-0.37381102119870063,0.45901639344262296,0.5573770491803278,2.0746460305609586,0.7094408412804168,64.58333333333333,63.236111111111114,472.6786768811187,470.77216278407764
1,315,base,trust,naive,http,988.9997063956258,986.5288903645186,9.408046571105887,967.2590023884004,1010.13158545716,0.25045551683684364,0.26262795495673197,0.639344262295082,0.3770491803278688,-0.12642532117725358,0.4918032786885246,0.5245901639344263,0.8689059113231535,-0.36419557073361347,54.5,55.172222222222224,443.9997063956258,434.8066681422963
1,317,base,thr,ma10,queue,2244.54571199073,2316.0864219172076,258.35653387806764,1988.9237375360008,3363.2414413621304,-3.08886185115915,-0.27690691174948756,0.47540983606557374,0.5409836065573771,-12.175263299686145,0.08196721311475409,0.9344262295081968,-5.238793587635327,-1.026510450132248,6.416666666666667,6.483333333333333,2180.3790453240636,2251.253088583874
1,317,base,mey,ma10,queue,1068.000571924819,1098.5942642686357,16.422554375534737,1062.2476527787658,1129.9787151773671,-2.7848035747923476,-1.8629070511340895,0.04918032786885246,0.9672131147540983,-0.871999563297127,0.3114754098360656,0.7049180327868853,-0.0216454243871757,-5.518761078722803,57.333333333333336,57.15972222222222,494.66723859148567,526.9970420464135
1,317,base,trust,ma10,queue,992.5324437076875,996.6884503553193,11.701434274299304,966.1984152504815,1025.3847234221978,-0.4169815197668006,-0.3551707038819949,0.32786885245901637,0.6885245901639344,-0.9815004310527359,0.21311475409836064,0.8032786885245902,1.6208363857015797,-2.396239379866567,53.416666666666664,53.69722222222222,458.3657770410209,459.71622813309716
1,318,base,thr,naive,queue,2361.260207376278,2490.8987262734004,307.928222488233,1949.435459895625,3130.902222245313,-5.204487742906875,-0.4210023941604655,0.39344262295081966,0.6229508196721312,-8.128516971027416,0.29508196721311475,0.7213114754098361,1.7913839216286391,-11.982953821239462,6.0,6.009722222222222,2301.260207376278,2430.801504051178
1,318,base,mey,naive,queue,1132.9548164304927,1133.2235074325513,13.296053729931913,1099.100509787297,1164.4542772057755,-0.023710327247568448,-0.020208327035694598,0.5081967213114754,0.5081967213114754,-0.5382152422610685,0.32786885245901637,0.6885245901639344,1.357838741955361,-1.4023911937495497,63.833333333333336,63.21666666666667,494.6214830971593,501.05684076588454
1,318,base,trust,naive,queue,1008.6318316066054,1003.8215446975998,11.737716915529205,975.3581832433382,1027.6377296767553,0.4791974165542163,0.40981452727330925,0.6721311475409836,0.3442622950819672,-1.2997222700472402,0.18032786885245902,0.8360655737704918,-0.18615286261050937,1.1366334064497225,55.166666666666664,54.55833333333333,456.96516493993875,458.2382113642666
1,321,base,thr,naive,timer,1745.4410739693856,1753.7822563152315,4.250997161690593,1728.3218954582899,1767.9119932308774,-0.4756110580894519,-1.9621707633718353,0.03278688524590164,0.9836065573770492,-0.04796389875749429,0.3442622950819672,0.8360655737704918,-0.4292733390006242,-0.5235022521773861,7.0,7.823611111111111,1675.4410739693856,1675.5461452041204
1,321,base,mey,naive,timer,913.6990092511178,922.3877693235409,1.4431588672184053,918.969627181052,926.4515156612653,-0.9419856118425348,-6.020653907057429,0.01639344262295082,1.0,-0.1288785597509468,0.2459016393442623,0.8360655737704918,-0.8831828766934082,-1.003890511539391,52.416666666666664,53.23888888888889,389.53234258445116,389.99888043465194
1,321,base,trust,naive,timer,896.3899625427927,905.0135414198149,1.5990317081519942,901.811753049729,908.9410884372531,-0.9528673862153851,-5.393000547180255,0.01639344262295082,1.0,-0.18402822853779596,0.18032786885245902,0.8360655737704918,-0.8977027508573597,-1.0105205603475664,51.25,52.07083333333333,383.88996254279266,384.30520808648157
1,323,base,thr,ma10,http,2228.798424265869,2422.3075461604303,334.3817953118904,1891.4501061404426,3071.801252849173,-7.9886272988452784,-0.578707108483786,0.3442622950819672,0.6721311475409836,-10.915134184853903,0.22950819672131148,0.7868852459016393,-6.592813597535189,-9.234139241281335,6.0,6.006944444444445,2168.798424265869,2362.238101715986
1,323,base,mey,ma10,http,1060.5590675473538,1080.3735639583633,13.966526944389646,1042.1946154682412,1112.7530957251013,-1.8340412124128131,-1.4187132198222672,0.09836065573770492,0.9180327868852459,0.47881612563482356,0.6229508196721312,0.39344262295081966,-2.5952445694605792,-1.0827773441965909,60.25,59.78333333333333,458.05906754735383,482.54023062503006
1,323,base,trust,ma10,http,987.172585294128,976.1560898542516,10.436297114010687,951.1842865058369,997.8378189410263,1.1285587985750567,1.0555942706045416,0.8360655737704918,0.18032786885245902,-1.9789828403600032,0.04918032786885246,0.9672131147540983,1.754766072510839,0.509246811147825,54.25,52.918055555555554,444.672585294128,446.97553429869606
1,325,base,thr,seasonal60,queue,1759.685255130397,2053.3854339912205,228.25009914114028,1706.4009986009833,2673.364398775893,-14.303217213825777,-1.2867472126669768,0.04918032786885246,0.9672131147540983,-3.1268603019716377,0.5081967213114754,0.5081967213114754,-13.727242192711305,-14.994840272773551,9.333333333333334,10.98611111111111,1666.3519217970638,1943.5243228801094
1,325,base,mey,seasonal60,queue,979.2613807230094,997.1341093422997,16.245335402188708,976.7428039747756,1088.5827914446272,-1.792409712177925,-1.1001760306458348,0.04918032786885246,0.9672131147540983,-0.02290257615290028,0.6065573770491803,0.4098360655737705,-0.9936274116762569,-2.57040382882102,55.75,57.775,421.76138072300944,419.38410934229967
1,325,base,trust,seasonal60,queue,940.9067284755661,961.5084509241386,9.675894137282711,944.1888892268385,998.9645818920567,-2.1426460088594688,-2.1291802242018076,0.01639344262295082,1.0,-0.0956505495090994,0.47540983606557374,0.5409836065573771,-0.679014254176512,-3.579487068283962,52.75,54.795833333333334,413.40672847556607,413.55011759080526
1,326,base,thr,ma10,http,2356.4276437192884,2494.637345975088,249.81874007769036,2022.3401571194884,3102.5841188223726,-5.54027231568511,-0.5532399299300692,0.4098360655737705,0.6065573770491803,7.210506042928045,0.7377049180327869,0.2786885245901639,-3.0404834533450242,-7.550840485781238,6.0,6.0,2296.4276437192884,2434.637345975088
1,326,base,mey,ma10,http,1085.2388424254477,1093.0592827938688,11.166657151731252,1070.809385561634,1115.2082119747513,-0.7154635152479489,-0.700338540187792,0.26229508196721313,0.7540983606557377,1.6568827663189543,0.9508196721311475,0.06557377049180328,0.09753279094009237,-1.5695181786983032,53.75,54.27361111111111,547.7388424254477,550.3231716827577
1,326,base,trust,ma10,http,997.1639809917215,1002.7059413647349,9.756466919567925,978.8016672413956,1020.8043885029809,-0.552700462258214,-0.5680294330623219,0.29508196721311475,0.7213114754098361,-0.4627353210067256,0.3114754098360656,0.7049180327868853,-0.7170899012890046,-0.3785039776385319,54.0,53.895833333333336,457.1639809917215,463.74760803140157
1,328,base,thr,seasonal60,queue,1826.4367180296774,2590.8287458151335,328.9437435381927,2123.8870457462303,3933.2594793536155,-29.503765118406584,-2.3237773716669117,0.01639344262295082,1.0,56.85257819164685,1.0,0.01639344262295082,-31.591472711251164,-27.56159947366112,9.416666666666666,9.706944444444444,1732.2700513630107,2493.759301370689
1,328,base,mey,seasonal60,queue,1018.5127031112464,1046.7425007612665,14.851745085096635,1021.0060124519036,1112.8074254486444,-2.6969190254039836,-1.9007731070167604,0.01639344262295082,1.0,2.283264972989311,0.9672131147540983,0.04918032786885246,-1.4129270758097479,-3.9939421134613893,60.0,61.47083333333333,418.5127031112464,432.0341674279332
1,328,base,trust,seasonal60,queue,953.6068390455051,983.3965130312133,10.521422101598159,959.9007526354727,1016.1081903917274,-3.029263739596223,-2.831335317417145,0.01639344262295082,1.0,1.7015499869425186,0.9508196721311475,0.06557377049180328,-1.9784978604758097,-4.052468852924598,53.75,56.6375,416.1068390455051,417.0215130312133
1,327,base,thr,naive,http,2107.6387938719986,2481.0081410242833,332.3278111067275,1997.6545528204513,3089.611150658014,-15.049098025052807,-1.1234971455108724,0.16393442622950818,0.8524590163934426,8.268066444957649,0.6721311475409836,0.3442622950819672,-9.347379170370077,-21.08174136983071,6.0,6.0,2047.6387938719986,2421.0081410242833
1,327,base,mey,naive,http,1067.3187050760796,1092.9456833025606,14.443756578019205,1066.7577868230683,1131.5947127486754,-2.344762289471131,-1.7742599086362796,0.03278688524590164,0.9836065573770492,2.0334368222471073,0.9016393442622951,0.11475409836065574,-2.2724047903806923,-2.41695788860815,57.583333333333336,58.18333333333333,491.4853717427462,511.11234996922735
1,327,base,trust,naive,http,951.1152607179289,963.4318471919286,9.248141504487123,937.6346418725831,979.7337226967193,-1.278407653836468,-1.3317904433040704,0.13114754098360656,0.8852459016393442,1.920790351326805,1.0,0.01639344262295082,-1.103735795348626,-1.450275465389047,52.833333333333336,52.30138888888889,422.7819273845955,440.41795830303965
1,329,base,thr,ma10,http,2087.080431000915,2167.7786067984857,125.86735397695134,1918.3217539044447,2469.2853885102477,-3.722620730017774,-0.6411366668782778,0.2786885245901639,0.7377049180327869,-5.139489907227178,0.21311475409836064,0.8032786885245902,-3.132226185111677,-4.295814932100136,6.0,6.0,2027.0804310009148,2107.7786067984857
1,329,base,mey,ma10,http,1099.487868176264,1087.6677960265158,14.43675891689355,1051.8254305741982,1131.700554301658,1.0867355081146604,0.8187483227912546,0.8360655737704918,0.18032786885245902,-0.7121321968454358,0.26229508196721313,0.7540983606557377,-0.7311025483806042,2.901073606358352,55.25,54.266666666666666,546.9878681762641,545.0011293598492
1,329,base,trust,ma10,http,957.1576827275271,959.3200987239749,9.268109683798658,939.6835916485974,984.1449555279432,-0.22541130946011176,-0.2333179116587077,0.4098360655737705,0.6065573770491803,-2.500453828795355,0.01639344262295082,1.0,-2.9212444372370645,2.4198214835464418,51.166666666666664,50.68055555555556,445.4910160608605,452.5145431684193
1,330,base,thr,naive,timer,1765.3537207961253,1889.110060012289,148.35218492678123,1727.0254714593684,2556.252678958537,-6.551039128729147,-0.8342063804267075,0.03278688524590164,0.9836065573770492,-1.2809585391314229,0.6065573770491803,0.4098360655737705,-8.383583066055978,-4.713056083990571,12.166666666666666,14.090277777777779,1643.6870541294586,1748.2072822345112
1,330,base,mey,naive,timer,984.6992623462398,1011.0477090104652,5.628292745245581,1000.6977054732394,1023.9654138194664,-2.606053743004188,-4.681427895960598,0.01639344262295082,1.0,0.5152373768011026,0.8524590163934426,0.16393442622950818,-2.897911975232515,-2.2908903420837774,56.666666666666664,58.99583333333333,418.0325956795732,421.0893756771319
1,330,base,trust,naive,timer,975.3852940020251,988.3890807704572,7.814596406555133,971.1028778708995,1004.3152008442574,-1.3156546365623047,-1.6640381782895495,0.08196721311475409,0.9344262295081968,0.10042447234741138,0.5409836065573771,0.47540983606557374,-0.7959706752507449,-1.864657932388009,56.166666666666664,57.202777777777776,413.7186273353585,416.3613029926795
1,331,base,thr,seasonal60,queue,2008.4422214706674,2293.5414680228955,218.42651029119148,1944.1926422164877,2963.747186164655,-12.430525042915077,-1.305241045018542,0.06557377049180328,0.9508196721311475,-13.589751337844646,0.04918032786885246,0.9672131147540983,-14.725965661614914,-10.142298550810558,7.0,7.4847222222222225,1938.4422214706674,2218.6942458006733
1,331,base,mey,seasonal60,queue,1058.4448975038974,1077.3223270976048,14.510142017810741,1036.4090611468139,1106.4866612238275,-1.7522545591870076,-1.3009817250951712,0.08196721311475409,0.9344262295081968,-0.1037509101603438,0.47540983606557374,0.5409836065573771,-2.9256684441111847,-0.5909659908155707,58.666666666666664,59.227777777777774,471.7782308372308,485.04454931982707
1,331,base,trust,seasonal60,queue,934.009564616827,957.1944743710598,8.45957147738721,941.652882605667,979.3401625934425,-2.422173380123907,-2.7406718905569867,0.01639344262295082,1.0,-1.8939633074562832,0.01639344262295082,1.0,-2.487037335209469,-2.3569457922024366,51.583333333333336,52.829166666666666,418.1762312834936,428.9028077043931
1,332,base,thr,ma10,queue,2221.3450524337695,2240.534312263434,153.41720318785846,1987.6812546759659,2886.175589171345,-0.85645909212964,-0.12507893137751536,0.5901639344262295,0.4262295081967213,5.10774828240511,0.8360655737704918,0.18032786885245902,-0.05483972302362753,-1.6050980361897107,6.833333333333333,6.868055555555555,2153.011719100436,2171.8537567078783
1,332,base,mey,ma10,queue,1085.1618677166146,1076.2299139375887,10.336898002034035,1052.2380771070555,1108.5833719095394,0.8299298935435333,0.8640845423132076,0.8032786885245902,0.21311475409836064,-0.7422002730034521,0.19672131147540983,0.819672131147541,1.3632020992757523,0.2884386253854255,59.333333333333336,59.08611111111111,491.8285343832812,485.3688028264776
1,332,base,trust,ma10,queue,1007.7554881563002,1009.5453708742896,9.63829861249436,988.1534917570503,1036.8857441230414,-0.1772959165212448,-0.18570525670050347,0.4262295081967213,0.5901639344262295,0.23295865700612187,0.6229508196721312,0.39344262295081966,-0.4802310338014201,0.12864615717487216,57.583333333333336,57.861111111111114,431.92215482296683,430.9342597631785
1,334,base,thr,seasonal60,timer,3037.0378121449216,2660.006844190439,345.7536544174428,1970.6684630531543,3680.653147115492,14.174060069730016,1.090461266677683,0.8852459016393442,0.13114754098360656,21.171921101600905,0.9344262295081968,0.08196721311475409,18.274767135260156,10.075566718724327,11.0,11.040277777777778,2927.0378121449216,2549.6040664126613
1,334,base,mey,seasonal60,timer,1032.678462868179,1033.1817727524442,12.649199612004821,1006.0779698909856,1091.5278982993634,-0.048714553192747735,-0.03978986020487757,0.5081967213114754,0.5081967213114754,1.2567952559304563,0.9016393442622951,0.11475409836065574,1.0388576465663812,-1.1111551575483964,61.916666666666664,61.87777777777778,413.5117962015123,414.4039949746664
1,334,base,trust,seasonal60,timer,995.0564301479757,1005.3410824507005,10.58252581148403,985.7164055176382,1053.395515621663,-1.023001296003352,-0.9718523239096674,0.14754098360655737,0.8688524590163934,1.201702096526922,0.9016393442622951,0.11475409836065574,-1.3631979069043345,-0.6743731980941168,57.5,57.515277777777776,420.0564301479757,430.18830467292275
1,335,base,thr,ma10,queue,1726.2171476421647,2448.545915121848,272.07692398973217,1902.1174902637533,3320.2045593353578,-29.500315392032892,-2.6548696482136904,0.01639344262295082,1.0,-6.284409387897059,0.2459016393442623,0.7704918032786885,-26.82869106570261,-32.05834582513554,6.833333333333333,7.048611111111111,1657.8838143088315,2378.0598040107366
1,335,base,mey,ma10,queue,1063.696937217245,1136.7067404815355,14.615640632273522,1109.4318456114659,1175.3890958698355,-6.422923403565091,-4.995320089019832,0.01639344262295082,1.0,1.1329820210974695,0.8032786885245902,0.21311475409836064,-5.939242268291836,-6.9051059624939795,64.58333333333333,66.88472222222222,417.86360388391176,467.8595182593133
1,335,base,trust,ma10,queue,986.1714372122154,1012.7179900961108,11.437157936909047,990.3520290682922,1040.4704895636512,-2.6213173996618773,-2.321079505095105,0.01639344262295082,1.0,1.2482589575522316,0.8360655737704918,0.18032786885245902,-2.5648326388969145,-2.6782951854591763,57.083333333333336,57.13194444444444,415.33810387888207,441.3985456516664
1,336,base,thr,naive,event,2671.9324241177096,2290.93541629666,257.24031891414427,1925.5784108970347,3341.0077163238707,16.630630663388068,1.481093669255673,0.9344262295081968,0.08196721311475409,-4.082041471959352,0.39344262295081966,0.6229508196721312,3.1205744551262913,30.384601153973808,7.583333333333333,7.154166666666667,2596.099090784376,2219.3937496299936
1,336,base,mey,naive,event,1131.3658215910298,1115.2701950416385,13.11592922934838,1088.45894513435,1161.1490535854934,1.4432042227032076,1.2271815643359403,0.9180327868852459,0.09836065573770492,1.1192629460034176,0.8688524590163934,0.14754098360655737,-0.8902142660579488,3.79169860277256,65.16666666666667,64.91805555555555,479.69915492436303,466.089639486083
1,336,base,trust,naive,event,1029.949760307455,1016.4170620207868,11.498590571161172,994.4984172684357,1047.1691849801637,1.331411956009798,1.1769006125506123,0.8852459016393442,0.13114754098360656,1.1582339002360973,0.8360655737704918,0.18032786885245902,1.048340849781837,1.6136311997710076,58.166666666666664,58.56388888888889,448.2830936407885,430.7781731318979
1,337,base,thr,seasonal60,queue,1939.724810415744,2335.442712597471,220.16759766402475,1843.5063254205804,2856.7728566993337,-16.944020936467805,-1.797348503505006,0.04918032786885246,0.9672131147540983,4.700737950291019,0.7377049180327869,0.2786885245901639,-17.347034181288347,-16.607544713755463,7.916666666666667,8.115277777777777,1860.5581437490773,2254.2899348196934
1,337,base,mey,seasonal60,queue,1052.4319841953984,1096.079249737836,11.484561452876582,1075.2035644038526,1122.0333040003566,-3.982126799031859,-3.8005165213779417,0.01639344262295082,1.0,-0.8153150507032374,0.26229508196721313,0.7540983606557377,-3.156223193401642,-4.792787352718852,60.0,61.88055555555555,452.4319841953984,477.27369418228056
1,337,base,trust,seasonal60,queue,970.3054013081278,999.229325598512,10.583345983210881,976.9380612555187,1023.7237288550155,-2.894623241072267,-2.7329659576723935,0.01639344262295082,1.0,-2.0616358286520637,0.03278688524590164,0.9836065573770492,-3.909892222169523,-1.888932488792947,53.583333333333336,54.43611111111111,434.4720679747944,454.8682144874009
1,338,base,thr,ma10,queue,1885.124655981402,2565.48109968271,323.20838830842547,2124.2683338159322,3585.8067464601695,-26.519643578175344,-2.1050086207913323,0.01639344262295082,1.0,-11.851968951580593,0.18032786885245902,0.8360655737704918,-28.51576686224726,-24.42625876668815,9.0,9.391666666666667,1795.124655981402,2471.5644330160435
1,338,base,mey,ma10,queue,1088.1881362350775,1098.9287287773452,10.85974330947495,1079.397123069175,1131.532587472236,-0.9773693471657193,-0.9890282151417598,0.14754098360655737,0.8688524590163934,-0.7151900390585295,0.26229508196721313,0.7540983606557377,-0.11123231764874011,-1.8405924792832162,63.916666666666664,66.00555555555556,449.0214695684109,438.87317322178956
1,338,base,trust,ma10,queue,1027.7003114941617,1058.1473347547915,11.03686781293558,1037.7211562745406,1087.7953056998317,-2.877389779343474,-2.758665209793019,0.01639344262295082,1.0,-0.2589076180154934,0.4918032786885246,0.5245901639344263,-3.4334340035587028,-2.335815908784171,59.666666666666664,62.77777777777778,431.0336448274951,430.36955697701364
1,339,base,thr,naive,queue,2728.5171992390656,2401.147733775023,214.5104939800462,1993.8075148453106,3095.477990753099,13.633874370127185,1.5261233116851365,0.9508196721311475,0.06557377049180328,-9.816569291228408,0.13114754098360656,0.8852459016393442,2.010218475616726,25.06658897220129,8.916666666666666,8.904166666666667,2639.350532572399,2312.1060671083565
1,339,base,mey,naive,queue,1124.8246029826448,1108.4214642932243,12.820697473138653,1081.2355189217167,1137.4368275744168,1.4798647642465004,1.2794263903182839,0.8852459016393442,0.13114754098360656,-0.9212368950835574,0.22950819672131148,0.7868852459016393,0.620319336268129,2.305795079005659,65.5,65.8236111111111,469.8246029826448,450.1853531821132
1,339,base,trust,naive,queue,1077.7547990042942,1048.67490990138,12.007790412008669,1018.8916876881971,1068.454758990486,2.773012763855382,2.4217518881602214,1.0,0.01639344262295082,1.3110059887551795,0.8688524590163934,0.14754098360655737,0.7978173069877569,4.732015347453267,59.333333333333336,61.28333333333333,484.42146567096086,435.8415765680468
1,340,base,thr,seasonal60,timer,1709.377218549245,1737.7012239581793,27.161489940090956,1693.6234066900333,1879.817719443861,-1.6299698140522165,-1.0428001362004582,0.04918032786885246,0.9672131147540983,-0.1433314335779573,0.639344262295082,0.45901639344262296,-1.822564028573667,-1.4716477016787937,7.75,10.2625,1631.877218549245,1635.0762239581793
1,340,base,mey,seasonal60,timer,916.2133600247374,947.4901059837141,30.801665395670625,935.3595996883837,1111.196465484935,-3.3010102967253863,-1.015423859625877,0.01639344262295082,1.0,-0.4552495523529586,0.5737704918032787,0.4426229508196721,-3.219862225195433,-3.378030808596619,52.25,54.640277777777776,393.7133600247374,401.0873282059364
1,340,base,trust,seasonal60,timer,924.2259970217389,953.0261751221174,16.263168175903214,942.7855587743155,1038.429454394168,-3.0219713636604104,-1.7708836180548821,0.01639344262295082,1.0,-0.34278856628077886,0.47540983606557374,0.5409836065573771,-2.8190485060735715,-3.220219843936035,52.0,54.38055555555555,404.22599702173886,409.2206195665618
1,341,base,thr,ma10,queue,2453.405002307157,2444.313909838678,187.61226650732362,2047.9365855631122,2890.0674911379833,0.37192818941487843,0.04845681275389389,0.6065573770491803,0.4098360655737705,3.527022479207936,0.7049180327868853,0.3114754098360656,3.6937872897427737,-2.2660043987473415,6.0,6.001388888888889,2393.405002307157,2384.300020949789
1,341,base,mey,ma10,queue,1123.7702767520775,1094.670200613106,13.001128949951969,1065.5436039328176,1126.7238127509406,2.658341856997017,2.23827301851959,0.9672131147540983,0.04918032786885246,0.8415930658276615,0.7540983606557377,0.26229508196721313,3.3599035655639167,1.965787280531722,55.083333333333336,55.46805555555556,572.9369434187441,539.9896450575505
1,341,base,trust,ma10,queue,973.1352739937934,981.8899783250275,10.414892297362695,956.5999217890129,1006.3330692576878,-0.8916176480554895,-0.8405948022574435,0.22950819672131148,0.7868852459016393,-0.18376386958063423,0.4426229508196721,0.5737704918032787,-0.2942800024629663,-1.476366471537192,49.333333333333336,51.30555555555556,479.80194066046,468.834422769472
1,342,base,thr,naive,event,2218.9876554194484,2272.8684889285523,171.84438558120394,1994.0805492717407,2817.8303751815893,-2.3706093762822045,-0.3135443344679008,0.5081967213114754,0.5081967213114754,-7.688715297643772,0.09836065573770492,0.9180327868852459,-5.485432442281013,0.9701484672719617,6.0,6.019444444444445,2158.9876554194484,2212.674044484108
1,342,base,mey,naive,event,1100.652962095642,1098.2491007568751,12.458988132744413,1073.7263070890906,1126.7264911967543,0.21888124808025028,0.19294193983931995,0.6065573770491803,0.4098360655737705,1.4304537525592487,0.8688524590163934,0.14754098360655737,1.1629696384212005,-0.7238574454786528,56.166666666666664,56.97083333333333,538.9862954289753,528.5407674235419
1,342,base,trust,naive,event,974.7033456532573,977.030030535461,11.229008764419843,955.2958191274087,1004.2230495763023,-0.2381385228178281,-0.20720305157976535,0.4918032786885246,0.5245901639344263,-0.26415338818986955,0.4918032786885246,0.5245901639344263,-1.027985091726821,0.5313771366791638,52.666666666666664,52.604166666666664,448.0366789865907,450.9883638687944
1,343,base,thr,seasonal60,http,1956.0205440207344,2213.290566492542,240.85752476976768,1748.1396336769624,2810.840053005513,-11.623870194301237,-1.0681419346052334,0.14754098360655737,0.8688524590163934,4.850757469652873,0.7049180327868853,0.3114754098360656,-5.234045429415717,-18.278424179825326,7.5,7.438888888888889,1881.0205440207344,2138.9016776036533
1,343,base,mey,seasonal60,http,1079.3596289951845,1102.5433823873163,11.957605549209282,1075.3174622737174,1129.9099713557187,-2.102752033387793,-1.9388290821873544,0.03278688524590164,0.9836065573770492,-0.32042266426721083,0.36065573770491804,0.6557377049180327,-1.4441181844138151,-2.7565361174023733,66.66666666666667,67.22638888888889,412.69296232851775,430.2794934984274
1,343,base,trust,seasonal60,http,1034.5509671289778,1053.0234539430464,11.726798726024416,1032.7865569027026,1086.5296663043116,-1.754233179222966,-1.5752369632706296,0.04918032786885246,0.9672131147540983,-0.6284338060771023,0.32786885245901637,0.6885245901639344,-1.4528075610497744,-2.062371329916946,61.333333333333336,62.49861111111111,421.2176337956445,428.03734283193535
1,344,base,thr,ma10,timer,1830.9944057186365,1915.5561194350507,116.42227494408587,1812.4613741480089,2444.106003495927,-4.41447331448341,-0.7263362080583524,0.3442622950819672,0.6885245901639344,-0.5238795935058574,0.5901639344262295,0.4262295081967213,-6.911586585723335,-1.6389967791730722,13.833333333333334,13.281944444444445,1692.6610723853032,1782.7366749906064
1,344,base,mey,ma10,timer,989.7548826773109,996.9322730880396,6.324437266817649,984.4876792222532,1010.6719668500346,-0.7199476438350616,-1.1348662510080054,0.19672131147540983,0.819672131147541,0.3856431685552618,0.7213114754098361,0.29508196721311475,-1.0719545152455245,-0.3520451488963277,59.833333333333336,60.236111111111114,391.4215493439775,394.57116197692847
1,344,base,trust,ma10,timer,951.3214513672579,962.6140532039876,6.346447714415097,939.6547538605396,977.322005544109,-1.1731183228775028,-1.7793578935630645,0.03278688524590164,0.9836065573770492,-1.1709886496271253,0.03278688524590164,0.9836065573770492,-1.2763732515710744,-1.064089967289669,54.833333333333336,55.55138888888889,402.9881180339245,407.1001643150987
